Tab Name,Cell Reference,Error Type,Description,Current Value
Workbook,All tabs,Audit completed,2026-10-02. Checked 619 jewellery rows and 534 diamond rows. Corrected source-supported fields; unresolved facts are listed below.,"1,153 stock rows"
Workbook,Multiple cells,Fixed,Fill diamond serial number,534 cell updates
Workbook,Multiple cells,Fixed,Fill diamond product type,534 cell updates
Workbook,Multiple cells,Fixed,Restore missing price calculation,10 cell updates
Workbook,Multiple cells,Fixed,Fill main image from existing picture URL,5 cell updates
Workbook,Multiple cells,Fixed,Repair feed column mappings and currency errors,15 cell updates
Workbook,Multiple cells,Fixed,Repair incomplete or unsupported jewellery copy,2705 cell updates
Workbook,Multiple cells,Fixed,Replace timestamp in text field,223 cell updates
Workbook,Multiple cells,Fixed,Fill matching content fields,2336 cell updates
Workbook,Multiple cells,Fixed,Fill missing SEO fields,3216 cell updates
Workbook,Multiple cells,Fixed,Align diamond titles with current stock,2790 cell updates
Workbook,Multiple cells,Fixed,Replace incorrect diamond copy with source facts,9078 cell updates
Workbook,Multiple cells,Fixed,Correct stock reference in sales message,1068 cell updates
Workbook,Multiple cells,Fixed,Correct stock reference in email copy,534 cell updates
Workbook,Multiple cells,Fixed,Align diamond specifications with current stock,534 cell updates
Workbook,Multiple cells,Fixed,Correct certificate information,534 cell updates
Workbook,Multiple cells,Fixed,Correct diamond colour field,534 cell updates
Workbook,Multiple cells,Fixed,Correct diamond collection,534 cell updates
Workbook,Multiple cells,Fixed,Restore missing FTP content mappings,64 cell updates
diamond stock,F526:F535 / EU526:EU535,Fixed,Restored ten missing amount calculations; eight previously zero selling prices now calculate from existing weight and price/ct.,8 valid prices recovered; 2 rates remain zero
diamond stock,FJ14 / H14,Fixed,Recovered full certificate number for stock 7669 from matching jewellery stock record.,6471020124
jewellery stock,D2:D620,Source confirmation required,618 CODE values are absent from the imported source. CODE meaning is not established; do not replace with guessed stock IDs or colours.,618 empty CODE cells
jewellery stock,C2:C620,Optional display field,Imported PICTURE cells are empty; product image URLs are already available in K. No source picture objects were invented.,619 empty PICTURE cells
jewellery stock,DP2:DU620; DX2:DY620,Partially resolved,"Kannada, Telugu and Malayalam descriptions and hashtags filled; Turkish description refreshed from source details. Only Luxembourgish translation remains pending.",Requested 7 fields complete
diamond stock,DP2:DU535; DX2:DY535,Partially resolved,"Kannada, Telugu and Malayalam descriptions and hashtags filled; Turkish description refreshed from source details. Only Luxembourgish translation remains pending.",Requested 7 fields complete
Workbook,DH / CL / DB / DD,Language review required,Greek-labelled text includes Turkish. Israeli-labelled text includes English; Lebanese-labelled text includes English. 'vestslavic' is ambiguous; confirm intended language before replacement.,Labels preserved for automation compatibility
Workbook,Model Media FTP / V:AC,Missing media,Blank model-media cells have no matching source files in the FTP table. Missing files cannot be generated or represented by fabricated URLs.,No media filenames changed
Workbook,AL,Missing structured data,Many schema.org fields are empty. Schema requires verified product identity and offer data; existing prices/certificates with unresolved conflicts must be confirmed.,578 jewellery / 494 diamond
jewellery stock,I290:I291,Source type conflict,"Stock 8277 description says Pendant but imported type says Earring, Set. Stock 8278 description says Earring but imported type says Pendant, Set. Correct linked source inventory.",8277 / 8278
Workbook,Product links / media links,Live verification incomplete,Website access through the retrieval tool failed for sampled product URLs. No new URL paths were guessed.,External website responses unavailable
jewellery stock,G171,Source confirmation required,Stock 7342: Laboratory not provided.,"{""price"":2300,""lab"":"""",""certificate"":""""}"
jewellery stock,G172,Source confirmation required,Stock 7344: Laboratory not provided.,"{""price"":2023.9999999999998,""lab"":"""",""certificate"":""""}"
jewellery stock,G173,Source confirmation required,Stock 7345: Laboratory not provided.,"{""price"":1265,""lab"":"""",""certificate"":""""}"
jewellery stock,G174,Source confirmation required,Stock 7346: Laboratory not provided.,"{""price"":1219,""lab"":"""",""certificate"":""""}"
jewellery stock,G175,Source confirmation required,Stock 7347: Laboratory not provided.,"{""price"":1104,""lab"":"""",""certificate"":""""}"
jewellery stock,G176,Source confirmation required,Stock 7348: Laboratory not provided.,"{""price"":937.2499999999999,""lab"":"""",""certificate"":""""}"
jewellery stock,G177,Source confirmation required,Stock 7349: Laboratory not provided.,"{""price"":1035,""lab"":"""",""certificate"":""""}"
jewellery stock,G178,Source confirmation required,Stock 7350: Laboratory not provided.,"{""price"":1265,""lab"":"""",""certificate"":""""}"
jewellery stock,G179,Source confirmation required,Stock 7351: Laboratory not provided.,"{""price"":1242,""lab"":"""",""certificate"":""""}"
jewellery stock,G214,Source confirmation required,Stock 7768: Laboratory not provided.,"{""price"":17825,""lab"":"""",""certificate"":""""}"
jewellery stock,G222,Source confirmation required,Stock 7891: Laboratory not provided.,"{""price"":2587.5,""lab"":"""",""certificate"":""NON CERTIFIED""}"
jewellery stock,H274,Source confirmation required,Stock 8057: Full certificate number not provided.,"{""price"":919.9999999999999,""lab"":""AGL"",""certificate"":""""}"
jewellery stock,G277,Source confirmation required,Stock 8112: Laboratory not provided.,"{""price"":2530,""lab"":"""",""certificate"":""""}"
jewellery stock,G279,Source confirmation required,Stock 8141: Laboratory not provided.,"{""price"":2875,""lab"":"""",""certificate"":""""}"
jewellery stock,"F280, G280",Source confirmation required,Stock 8142: Price missing or zero; verify source price; Laboratory not provided.,"{""price"":"""",""lab"":"""",""certificate"":""""}"
jewellery stock,G281,Source confirmation required,Stock 8143: Laboratory not provided.,"{""price"":747.4999999999999,""lab"":"""",""certificate"":""""}"
jewellery stock,G282,Source confirmation required,Stock 8263: Laboratory not provided.,"{""price"":1380,""lab"":"""",""certificate"":""""}"
jewellery stock,H285,Source confirmation required,Stock 8273: Full certificate number not provided.,"{""price"":1380,""lab"":""AGL"",""certificate"":""""}"
jewellery stock,H287,Source confirmation required,Stock 8270: Full certificate number not provided.,"{""price"":919.9999999999999,""lab"":""AGL"",""certificate"":""""}"
jewellery stock,G289,Source confirmation required,Stock 8276: Laboratory not provided.,"{""price"":2875,""lab"":"""",""certificate"":""""}"
jewellery stock,"F290, G290",Source confirmation required,Stock 8277: Price missing or zero; verify source price; Laboratory not provided.,"{""price"":"""",""lab"":"""",""certificate"":""""}"
jewellery stock,"F291, G291",Source confirmation required,Stock 8278: Price missing or zero; verify source price; Laboratory not provided.,"{""price"":"""",""lab"":"""",""certificate"":""""}"
jewellery stock,G293,Source confirmation required,Stock 7441: Laboratory not provided.,"{""price"":431.24999999999994,""lab"":"""",""certificate"":""""}"
jewellery stock,G294,Source confirmation required,Stock 7504: Laboratory not provided.,"{""price"":690,""lab"":"""",""certificate"":""""}"
jewellery stock,G295,Source confirmation required,Stock 7502: Laboratory not provided.,"{""price"":747.4999999999999,""lab"":"""",""certificate"":""""}"
jewellery stock,G296,Source confirmation required,Stock 7503: Laboratory not provided.,"{""price"":2587.5,""lab"":"""",""certificate"":""""}"
jewellery stock,G298,Source confirmation required,Stock 7514: Laboratory not provided.,"{""price"":632.5,""lab"":"""",""certificate"":""""}"
jewellery stock,G299,Source confirmation required,Stock 7451: Laboratory not provided.,"{""price"":529,""lab"":"""",""certificate"":""""}"
jewellery stock,G300,Source confirmation required,Stock 7431: Laboratory not provided.,"{""price"":1667.4999999999998,""lab"":"""",""certificate"":""""}"
jewellery stock,G301,Source confirmation required,Stock 7510: Laboratory not provided.,"{""price"":1035,""lab"":"""",""certificate"":""""}"
jewellery stock,G302,Source confirmation required,Stock 7498: Laboratory not provided.,"{""price"":1437.5,""lab"":"""",""certificate"":""""}"
jewellery stock,G303,Source confirmation required,Stock 7499: Laboratory not provided.,"{""price"":919.9999999999999,""lab"":"""",""certificate"":""""}"
jewellery stock,G304,Source confirmation required,Stock 7501: Laboratory not provided.,"{""price"":862.4999999999999,""lab"":"""",""certificate"":""""}"
jewellery stock,G305,Source confirmation required,Stock 7496: Laboratory not provided.,"{""price"":511.74999999999994,""lab"":"""",""certificate"":""""}"
jewellery stock,G306,Source confirmation required,Stock 7500: Laboratory not provided.,"{""price"":632.5,""lab"":"""",""certificate"":""""}"
jewellery stock,G308,Source confirmation required,Stock 7523: Laboratory not provided.,"{""price"":862.4999999999999,""lab"":"""",""certificate"":""""}"
jewellery stock,G309,Source confirmation required,Stock 7495: Laboratory not provided.,"{""price"":517.5,""lab"":"""",""certificate"":""""}"
jewellery stock,G310,Source confirmation required,Stock 7493: Laboratory not provided.,"{""price"":862.4999999999999,""lab"":"""",""certificate"":""""}"
jewellery stock,G311,Source confirmation required,Stock 7521: Laboratory not provided.,"{""price"":988.9999999999999,""lab"":"""",""certificate"":""""}"
jewellery stock,G312,Source confirmation required,Stock 7520: Laboratory not provided.,"{""price"":862.4999999999999,""lab"":"""",""certificate"":""""}"
jewellery stock,G313,Source confirmation required,Stock 7497: Laboratory not provided.,"{""price"":1092.5,""lab"":"""",""certificate"":""""}"
jewellery stock,G314,Source confirmation required,Stock 7439: Laboratory not provided.,"{""price"":690,""lab"":"""",""certificate"":""""}"
jewellery stock,G315,Source confirmation required,Stock 7494: Laboratory not provided.,"{""price"":747.4999999999999,""lab"":"""",""certificate"":""""}"
jewellery stock,G316,Source confirmation required,Stock 7438: Laboratory not provided.,"{""price"":690,""lab"":"""",""certificate"":""""}"
jewellery stock,G317,Source confirmation required,Stock 7434: Laboratory not provided.,"{""price"":2472.5,""lab"":"""",""certificate"":""""}"
jewellery stock,G318,Source confirmation required,Stock 8612: Laboratory not provided.,"{""price"":2587.5,""lab"":"""",""certificate"":""""}"
jewellery stock,G320,Source confirmation required,Stock 8473: Laboratory not provided.,"{""price"":776.2499999999999,""lab"":"""",""certificate"":""""}"
jewellery stock,G321,Source confirmation required,Stock 8474: Laboratory not provided.,"{""price"":776.2499999999999,""lab"":"""",""certificate"":""""}"
jewellery stock,G322,Source confirmation required,Stock 8477: Laboratory not provided.,"{""price"":776.2499999999999,""lab"":"""",""certificate"":""""}"
jewellery stock,G323,Source confirmation required,Stock 7284: Laboratory not provided.,"{""price"":505.99999999999994,""lab"":"""",""certificate"":""""}"
jewellery stock,G324,Source confirmation required,Stock 3510_3507_3508_3509: Laboratory not provided.,"{""price"":1724.9999999999998,""lab"":"""",""certificate"":""""}"
jewellery stock,G330,Source confirmation required,Stock 8400: Laboratory not provided.,"{""price"":2530,""lab"":"""",""certificate"":""""}"
jewellery stock,G331,Source confirmation required,Stock 8401: Laboratory not provided.,"{""price"":2415,""lab"":"""",""certificate"":""""}"
jewellery stock,G332,Source confirmation required,Stock 8402: Laboratory not provided.,"{""price"":862.4999999999999,""lab"":"""",""certificate"":""""}"
jewellery stock,G333,Source confirmation required,Stock 8404: Laboratory not provided.,"{""price"":804.9999999999999,""lab"":"""",""certificate"":""""}"
jewellery stock,G335,Source confirmation required,Stock 8425: Laboratory not provided.,"{""price"":4858.75,""lab"":"""",""certificate"":""""}"
jewellery stock,G343,Source confirmation required,Stock 8485: Laboratory not provided.,"{""price"":957.9499999999999,""lab"":"""",""certificate"":""""}"
jewellery stock,G344,Source confirmation required,Stock 8487: Laboratory not provided.,"{""price"":958,""lab"":"""",""certificate"":""""}"
jewellery stock,G345,Source confirmation required,Stock 8489: Laboratory not provided.,"{""price"":957.9499999999999,""lab"":"""",""certificate"":""""}"
jewellery stock,G346,Source confirmation required,Stock 8486: Laboratory not provided.,"{""price"":957.9499999999999,""lab"":"""",""certificate"":""""}"
jewellery stock,G347,Source confirmation required,Stock 8488: Laboratory not provided.,"{""price"":957.9499999999999,""lab"":"""",""certificate"":""""}"
jewellery stock,G348,Source confirmation required,Stock 8490: Laboratory not provided.,"{""price"":957.9499999999999,""lab"":"""",""certificate"":""""}"
jewellery stock,G350,Source confirmation required,Stock 8363: Laboratory not provided.,"{""price"":1380,""lab"":"""",""certificate"":""""}"
jewellery stock,G351,Source confirmation required,Stock 8098: Laboratory not provided.,"{""price"":1380,""lab"":"""",""certificate"":""""}"
jewellery stock,G356,Source confirmation required,Stock 7352: Laboratory not provided.,"{""price"":977.4999999999999,""lab"":"""",""certificate"":""""}"
jewellery stock,G357,Source confirmation required,Stock 7355: Laboratory not provided.,"{""price"":988.9999999999999,""lab"":"""",""certificate"":""""}"
jewellery stock,G358,Source confirmation required,Stock 7356: Laboratory not provided.,"{""price"":954.4999999999999,""lab"":"""",""certificate"":""""}"
jewellery stock,G359,Source confirmation required,Stock 7357: Laboratory not provided.,"{""price"":919.9999999999999,""lab"":"""",""certificate"":""""}"
jewellery stock,G360,Source confirmation required,Stock 7358: Laboratory not provided.,"{""price"":925.7499999999999,""lab"":"""",""certificate"":""""}"
jewellery stock,G361,Source confirmation required,Stock 7359: Laboratory not provided.,"{""price"":977.4999999999999,""lab"":"""",""certificate"":""""}"
jewellery stock,G362,Source confirmation required,Stock 7360: Laboratory not provided.,"{""price"":1023.4999999999999,""lab"":"""",""certificate"":""""}"
jewellery stock,G363,Source confirmation required,Stock 7361: Laboratory not provided.,"{""price"":959.0999999999999,""lab"":"""",""certificate"":""""}"
jewellery stock,G364,Source confirmation required,Stock 7362: Laboratory not provided.,"{""price"":862.4999999999999,""lab"":"""",""certificate"":""""}"
jewellery stock,G365,Source confirmation required,Stock 7363: Laboratory not provided.,"{""price"":942.9999999999999,""lab"":"""",""certificate"":""""}"
jewellery stock,G366,Source confirmation required,Stock 7364: Laboratory not provided.,"{""price"":926.9,""lab"":"""",""certificate"":""""}"
jewellery stock,G367,Source confirmation required,Stock 7365: Laboratory not provided.,"{""price"":1150,""lab"":"""",""certificate"":""""}"
jewellery stock,G368,Source confirmation required,Stock 7353: Laboratory not provided.,"{""price"":988.9999999999999,""lab"":"""",""certificate"":""""}"
jewellery stock,G369,Source confirmation required,Stock 7354: Laboratory not provided.,"{""price"":988.9999999999999,""lab"":"""",""certificate"":""""}"
jewellery stock,H370,Source confirmation required,Stock 8155: Full certificate number not provided.,"{""price"":1150,""lab"":""AGL"",""certificate"":""""}"
jewellery stock,G371,Source confirmation required,Stock 8605: Laboratory not provided.,"{""price"":459.99999999999994,""lab"":"""",""certificate"":""""}"
jewellery stock,G372,Source confirmation required,Stock 7453: Laboratory not provided.,"{""price"":1724.9999999999998,""lab"":"""",""certificate"":""""}"
jewellery stock,"H373, B373",Source confirmation required,Stock 7942: Full certificate number not provided; Duplicate stock ID with conflicting prices (1150 / 1035); confirm canonical row.,"{""price"":1150,""lab"":""AGL"",""certificate"":""""}"
jewellery stock,G374,Source confirmation required,Stock 8316: Laboratory not provided.,"{""price"":1724.9999999999998,""lab"":"""",""certificate"":""""}"
jewellery stock,H375,Source confirmation required,Stock 8613: Full certificate number not provided.,"{""price"":517.5,""lab"":"" "",""certificate"":""""}"
jewellery stock,B377,Source confirmation required,Stock 7942: Duplicate stock ID with conflicting prices (1150 / 1035); confirm canonical row.,"{""price"":1035,""lab"":""AGL"",""certificate"":""AGL24070278""}"
jewellery stock,G380,Source confirmation required,Stock 8607: Laboratory not provided.,"{""price"":919.9999999999999,""lab"":"""",""certificate"":""""}"
jewellery stock,G383,Source confirmation required,Stock 8364: Laboratory not provided.,"{""price"":1150,""lab"":"""",""certificate"":""""}"
jewellery stock,"F384, G384",Source confirmation required,Stock 8366: Price missing or zero; verify source price; Laboratory not provided.,"{""price"":0,""lab"":"""",""certificate"":""""}"
jewellery stock,G400,Source confirmation required,Stock 7988: Laboratory not provided.,"{""price"":1380,""lab"":"""",""certificate"":""""}"
jewellery stock,G401,Source confirmation required,Stock 7989: Laboratory not provided.,"{""price"":3225.7499999999995,""lab"":"""",""certificate"":""""}"
jewellery stock,G402,Source confirmation required,Stock 7990: Laboratory not provided.,"{""price"":3622.4999999999995,""lab"":"""",""certificate"":""""}"
jewellery stock,G438,Source confirmation required,Stock 8838: Laboratory not provided.,"{""price"":2608.2,""lab"":"""",""certificate"":""""}"
jewellery stock,"F447, G447",Source confirmation required,Stock 8539: Price missing or zero; verify source price; Laboratory not provided.,"{""price"":0,""lab"":"""",""certificate"":""""}"
jewellery stock,G450,Source confirmation required,Stock 8898: Laboratory not provided.,"{""price"":1380,""lab"":"""",""certificate"":""""}"
jewellery stock,G452,Source confirmation required,Stock 9131_9132: Laboratory not provided.,"{""price"":402.49999999999994,""lab"":"""",""certificate"":""""}"
jewellery stock,"E453, G453",Source confirmation required,Stock 9133: Product details missing from linked source; Laboratory not provided.,"{""price"":402.49999999999994,""lab"":"""",""certificate"":""""}"
jewellery stock,G457,Source confirmation required,Stock 9148: Laboratory not provided.,"{""price"":166.75,""lab"":"""",""certificate"":""""}"
jewellery stock,G464,Source confirmation required,Stock 9156: Laboratory not provided.,"{""price"":2070,""lab"":"""",""certificate"":""""}"
jewellery stock,G502,Source confirmation required,Stock 9176: Laboratory not provided.,"{""price"":2875,""lab"":"""",""certificate"":""""}"
jewellery stock,G522,Source confirmation required,Stock 9172: Laboratory not provided.,"{""price"":2300,""lab"":"""",""certificate"":""""}"
jewellery stock,G524,Source confirmation required,Stock 9175: Laboratory not provided.,"{""price"":2300,""lab"":"""",""certificate"":""""}"
jewellery stock,G525,Source confirmation required,Stock 9178: Laboratory not provided.,"{""price"":1897.4999999999998,""lab"":"""",""certificate"":""""}"
jewellery stock,G526,Source confirmation required,Stock 9206: Laboratory not provided.,"{""price"":1897.4999999999998,""lab"":"""",""certificate"":""""}"
jewellery stock,G527,Source confirmation required,Stock 9215: Laboratory not provided.,"{""price"":1897.4999999999998,""lab"":"""",""certificate"":""""}"
jewellery stock,G528,Source confirmation required,Stock 9248: Laboratory not provided.,"{""price"":2587.5,""lab"":"""",""certificate"":""""}"
jewellery stock,G529,Source confirmation required,Stock 9254: Laboratory not provided.,"{""price"":2300,""lab"":"""",""certificate"":""""}"
jewellery stock,G536,Source confirmation required,Stock 9149: Laboratory not provided.,"{""price"":6899.999999999999,""lab"":"""",""certificate"":""""}"
jewellery stock,G538,Source confirmation required,Stock 9282: Laboratory not provided.,"{""price"":1724.9999999999998,""lab"":"""",""certificate"":""""}"
jewellery stock,G539,Source confirmation required,Stock 9283: Laboratory not provided.,"{""price"":1724.9999999999998,""lab"":"""",""certificate"":""""}"
jewellery stock,G540,Source confirmation required,Stock 9284: Laboratory not provided.,"{""price"":1724.9999999999998,""lab"":"""",""certificate"":""""}"
jewellery stock,G541,Source confirmation required,Stock 9285: Laboratory not provided.,"{""price"":1724.9999999999998,""lab"":"""",""certificate"":""""}"
jewellery stock,G542,Source confirmation required,Stock 9286: Laboratory not provided.,"{""price"":1724.9999999999998,""lab"":"""",""certificate"":""""}"
jewellery stock,G543,Source confirmation required,Stock 8593: Laboratory not provided.,"{""price"":2875,""lab"":"""",""certificate"":""""}"
jewellery stock,G552,Source confirmation required,Stock 9360: Laboratory not provided.,"{""price"":1609.9999999999998,""lab"":"""",""certificate"":""""}"
jewellery stock,G553,Source confirmation required,Stock 9378: Laboratory not provided.,"{""price"":1609.9999999999998,""lab"":"""",""certificate"":""""}"
jewellery stock,G554,Source confirmation required,Stock 9379: Laboratory not provided.,"{""price"":1609.9999999999998,""lab"":"""",""certificate"":""""}"
jewellery stock,G555,Source confirmation required,Stock 9380: Laboratory not provided.,"{""price"":1609.9999999999998,""lab"":"""",""certificate"":""""}"
jewellery stock,G556,Source confirmation required,Stock 9381: Laboratory not provided.,"{""price"":1609.9999999999998,""lab"":"""",""certificate"":""""}"
jewellery stock,H558,Source confirmation required,Stock 5613_5653: Full certificate number not provided.,"{""price"":51749.99999999999,""lab"":""AGL"",""certificate"":""""}"
jewellery stock,G593,Source confirmation required,Stock 9596: Laboratory not provided.,"{""price"":1216.6999999999998,""lab"":"""",""certificate"":""""}"
jewellery stock,G594,Source confirmation required,Stock 9597: Laboratory not provided.,"{""price"":8384.65,""lab"":"""",""certificate"":""""}"
jewellery stock,G595,Source confirmation required,Stock 9598: Laboratory not provided.,"{""price"":2869.25,""lab"":"""",""certificate"":""""}"
jewellery stock,G596,Source confirmation required,Stock 9599: Laboratory not provided.,"{""price"":5226.75,""lab"":"""",""certificate"":""""}"
jewellery stock,G597,Source confirmation required,Stock 9600: Laboratory not provided.,"{""price"":5359,""lab"":"""",""certificate"":""""}"
jewellery stock,G598,Source confirmation required,Stock 9601: Laboratory not provided.,"{""price"":6612.499999999999,""lab"":"""",""certificate"":""""}"
jewellery stock,G599,Source confirmation required,Stock 9602: Laboratory not provided.,"{""price"":10778.949999999999,""lab"":"""",""certificate"":""""}"
jewellery stock,G600,Source confirmation required,Stock 9603: Laboratory not provided.,"{""price"":2313.7999999999997,""lab"":"""",""certificate"":""""}"
jewellery stock,G601,Source confirmation required,Stock 9604: Laboratory not provided.,"{""price"":991.3,""lab"":"""",""certificate"":""""}"
jewellery stock,G602,Source confirmation required,Stock 9605: Laboratory not provided.,"{""price"":991.3,""lab"":"""",""certificate"":""""}"
jewellery stock,G604,Source confirmation required,Stock 9609: Laboratory not provided.,"{""price"":11500,""lab"":"""",""certificate"":""""}"
jewellery stock,G606,Source confirmation required,Stock 9611: Laboratory not provided.,"{""price"":3530.4999999999995,""lab"":"""",""certificate"":""""}"
jewellery stock,G607,Source confirmation required,Stock 9612: Laboratory not provided.,"{""price"":6942.549999999999,""lab"":"""",""certificate"":""""}"
jewellery stock,G609,Source confirmation required,Stock 9595: Laboratory not provided.,"{""price"":632.5,""lab"":"""",""certificate"":""""}"
jewellery stock,G616,Source confirmation required,Stock 9552: Laboratory not provided.,"{""price"":575,""lab"":"""",""certificate"":""""}"
jewellery stock,G617,Source confirmation required,Stock 9553: Laboratory not provided.,"{""price"":575,""lab"":"""",""certificate"":""""}"
jewellery stock,G618,Source confirmation required,Stock 9554: Laboratory not provided.,"{""price"":575,""lab"":"""",""certificate"":""""}"
jewellery stock,G619,Source confirmation required,Stock 9555: Laboratory not provided.,"{""price"":575,""lab"":"""",""certificate"":""""}"
jewellery stock,G620,Source confirmation required,Stock 9556: Laboratory not provided.,"{""price"":575,""lab"":"""",""certificate"":""""}"
diamond stock,FJ2,Source confirmation required,Stock 9468: Certificate number appears rounded in both source tables; original report required.,"{""price"":12647.699999999999,""lab"":""GIA"",""certificate"":7449000000}"
diamond stock,"FL3, FJ3",Source confirmation required,Stock 9582: Price/ct is zero; source quotation required; LG-prefixed certificate; confirm diamond origin before advertising as natural.,"{""price"":0,""lab"":""IGI"",""certificate"":""LG789624045""}"
diamond stock,"FL4, FJ4",Source confirmation required,Stock 9583: Price/ct is zero; source quotation required; LG-prefixed certificate; confirm diamond origin before advertising as natural.,"{""price"":0,""lab"":""IGI"",""certificate"":""LG784661878""}"
diamond stock,FJ5,Source confirmation required,Stock 8732: Certificate number appears rounded in both source tables; original report required.,"{""price"":8095.999999999999,""lab"":""GIA"",""certificate"":6535000000}"
diamond stock,FJ6,Source confirmation required,Stock 7670: Certificate number appears rounded in both source tables; original report required.,"{""price"":20176.75,""lab"":""GIA"",""certificate"":5231000000}"
diamond stock,"FL7, FJ7",Source confirmation required,Stock 9577: Price/ct is zero; source quotation required; Certificate number appears rounded in both source tables; original report required.,"{""price"":0,""lab"":""GIA"",""certificate"":2556000000}"
diamond stock,FJ8,Source confirmation required,Stock 9581: Certificate number appears rounded in both source tables; original report required.,"{""price"":24230.499999999996,""lab"":""GIA"",""certificate"":1284000000}"
diamond stock,FJ9,Source confirmation required,Stock 6282: Certificate number appears rounded in both source tables; original report required.,"{""price"":23870.503999999997,""lab"":""HRD"",""certificate"":220000000000}"
diamond stock,FJ10,Source confirmation required,Stock 6796: Certificate number appears rounded in both source tables; original report required.,"{""price"":24149.999999999996,""lab"":""GIA"",""certificate"":7449000000}"
diamond stock,FJ11,Source confirmation required,Stock 9504: Certificate number appears rounded in both source tables; original report required.,"{""price"":8625,""lab"":""GIA"",""certificate"":6482000000}"
diamond stock,FJ12,Source confirmation required,Stock 3070: Certificate number appears rounded in both source tables; original report required.,"{""price"":7244.999999999999,""lab"":""GIA"",""certificate"":5343000000}"
diamond stock,FJ13,Source confirmation required,Stock 9545: Certificate number appears rounded in both source tables; original report required.,"{""price"":12937.499999999998,""lab"":""GIA"",""certificate"":7444000000}"
diamond stock,B14,Source confirmation required,Stock 7669: Also listed as jewellery stock; confirm separate availability.,"{""price"":6612.499999999999,""lab"":""GIA"",""certificate"":""6471020124""}"
diamond stock,FJ15,Source confirmation required,Stock 7295: Certificate number appears rounded in both source tables; original report required.,"{""price"":4312.5,""lab"":""GIA"",""certificate"":5433000000}"
diamond stock,FJ16,Source confirmation required,Stock 9549: Certificate number appears rounded in both source tables; original report required.,"{""price"":33062.49999999999,""lab"":""GIA"",""certificate"":6551000000}"
diamond stock,FJ17,Source confirmation required,Stock 4143: Certificate number appears rounded in both source tables; original report required.,"{""price"":6182.400000000001,""lab"":""GIA"",""certificate"":6382000000}"
diamond stock,FJ18,Source confirmation required,Stock 7651: Certificate number appears rounded in both source tables; original report required.,"{""price"":31360.499999999996,""lab"":""GIA"",""certificate"":2231000000}"
diamond stock,FJ19,Source confirmation required,Stock 6032: Certificate number appears rounded in both source tables; original report required.,"{""price"":41814,""lab"":""GIA"",""certificate"":1434000000}"
diamond stock,FJ20,Source confirmation required,Stock 8491: Certificate number appears rounded in both source tables; original report required.,"{""price"":16642.799999999996,""lab"":""GIA"",""certificate"":5494000000}"
diamond stock,FJ21,Source confirmation required,Stock 9219: Certificate number appears rounded in both source tables; original report required.,"{""price"":8321.399999999998,""lab"":""GIA"",""certificate"":1237000000}"
diamond stock,FJ22,Source confirmation required,Stock 6918: Certificate number appears rounded in both source tables; original report required.,"{""price"":51366.15299999999,""lab"":""GIA"",""certificate"":5223000000}"
diamond stock,FJ23,Source confirmation required,Stock 5484: Certificate number appears rounded in both source tables; original report required.,"{""price"":57499.99999999999,""lab"":""GIA"",""certificate"":1225000000}"
diamond stock,FJ24,Source confirmation required,Stock 9409: Certificate number appears rounded in both source tables; original report required.,"{""price"":13799.999999999998,""lab"":""GIA"",""certificate"":1237000000}"
diamond stock,FJ25,Source confirmation required,Stock 7698: Certificate number appears rounded in both source tables; original report required.,"{""price"":8280,""lab"":""GIA"",""certificate"":2477000000}"
diamond stock,FJ26,Source confirmation required,Stock 484: Certificate number appears rounded in both source tables; original report required.,"{""price"":9200,""lab"":""GIA"",""certificate"":5206000000}"
diamond stock,FJ27,Source confirmation required,Stock 5693: Certificate number appears rounded in both source tables; original report required.,"{""price"":5060,""lab"":""GIA"",""certificate"":6423000000}"
diamond stock,"FJ28, EZ28",Source confirmation required,Stock 358: Certificate number appears rounded in both source tables; original report required; clarity missing from source.,"{""price"":6416.999999999999,""lab"":""GIA"",""certificate"":6215000000}"
diamond stock,FJ31,Source confirmation required,Stock 2848: Certificate number appears rounded in both source tables; original report required.,"{""price"":1759.4999999999998,""lab"":""GIA"",""certificate"":1192000000}"
diamond stock,FJ34,Source confirmation required,Stock 9508: Certificate number appears rounded in both source tables; original report required.,"{""price"":2640.3999999999996,""lab"":""GIA"",""certificate"":1550000000}"
diamond stock,FJ35,Source confirmation required,Stock 9559: Certificate number appears rounded in both source tables; original report required.,"{""price"":2960.1,""lab"":""GIA"",""certificate"":2548000000}"
diamond stock,FJ36,Source confirmation required,Stock 9520: Certificate number appears rounded in both source tables; original report required.,"{""price"":2242.5,""lab"":""GIA"",""certificate"":6543000000}"
diamond stock,FJ37,Source confirmation required,Stock 9557: Certificate number appears rounded in both source tables; original report required.,"{""price"":9803.75,""lab"":""GIA"",""certificate"":2557000000}"
diamond stock,FJ38,Source confirmation required,Stock 9514: Certificate number appears rounded in both source tables; original report required.,"{""price"":2833.6,""lab"":""GIA"",""certificate"":7543000000}"
diamond stock,"FJ39, EZ39",Source confirmation required,Stock 191: Certificate number appears rounded in both source tables; original report required; clarity missing from source.,"{""price"":2125.2,""lab"":""GIA"",""certificate"":2208000000}"
diamond stock,FJ40,Source confirmation required,Stock 9517: Certificate number appears rounded in both source tables; original report required.,"{""price"":2815.2,""lab"":""GIA"",""certificate"":6542000000}"
diamond stock,FJ41,Source confirmation required,Stock 8709: Certificate number appears rounded in both source tables; original report required.,"{""price"":2622,""lab"":""GIA"",""certificate"":6503000000}"
diamond stock,FD42,Source confirmation required,Stock 2511: measurements missing from source.,"{""price"":1747.9999999999998,""lab"":""CGL"",""certificate"":""H7906382""}"
diamond stock,FJ43,Source confirmation required,Stock 5566: Certificate number appears rounded in both source tables; original report required.,"{""price"":20976,""lab"":""GIA"",""certificate"":1419000000}"
diamond stock,FJ44,Source confirmation required,Stock 4584: Certificate number appears rounded in both source tables; original report required.,"{""price"":5787.754499999999,""lab"":""GIA"",""certificate"":6218000000}"
diamond stock,FJ45,Source confirmation required,Stock 4904: Certificate number appears rounded in both source tables; original report required.,"{""price"":6945.999999999999,""lab"":""GIA"",""certificate"":3396000000}"
diamond stock,FJ46,Source confirmation required,Stock 9281: Certificate number appears rounded in both source tables; original report required.,"{""price"":31256.999999999996,""lab"":""GIA"",""certificate"":2547000000}"
diamond stock,FJ47,Source confirmation required,Stock 9529: Certificate number appears rounded in both source tables; original report required.,"{""price"":1736.4999999999998,""lab"":""GIA"",""certificate"":5557000000}"
diamond stock,FJ48,Source confirmation required,Stock 9515: Certificate number appears rounded in both source tables; original report required.,"{""price"":2415,""lab"":""GIA"",""certificate"":6542000000}"
diamond stock,"FL49, FJ49",Source confirmation required,Stock 9572: Price/ct is zero; source quotation required; Certificate number appears rounded in both source tables; original report required.,"{""price"":0,""lab"":""GIA"",""certificate"":1233000000}"
diamond stock,FJ50,Source confirmation required,Stock 9509: Certificate number appears rounded in both source tables; original report required.,"{""price"":2156.25,""lab"":""GIA"",""certificate"":6533000000}"
diamond stock,FJ51,Source confirmation required,Stock 727: Certificate number appears rounded in both source tables; original report required.,"{""price"":60374.99999999999,""lab"":""GIA"",""certificate"":2162000000}"
diamond stock,FJ52,Source confirmation required,Stock 3743: Certificate number appears rounded in both source tables; original report required.,"{""price"":22701,""lab"":""GIA"",""certificate"":5211000000}"
diamond stock,FJ53,Source confirmation required,Stock 5605: Certificate number appears rounded in both source tables; original report required.,"{""price"":4185.999999999999,""lab"":""GIA"",""certificate"":7336000000}"
diamond stock,FJ54,Source confirmation required,Stock 6070: Certificate number appears rounded in both source tables; original report required.,"{""price"":16904.999999999996,""lab"":""GIA"",""certificate"":7318000000}"
diamond stock,"FJ55, EZ55",Source confirmation required,Stock 268: Certificate number appears rounded in both source tables; original report required; clarity missing from source.,"{""price"":4761,""lab"":""GIA"",""certificate"":6205000000}"
diamond stock,FJ56,Source confirmation required,Stock 2208: Certificate number appears rounded in both source tables; original report required.,"{""price"":28151.999999999996,""lab"":""GIA"",""certificate"":5547000000}"
diamond stock,"FJ57, EZ57",Source confirmation required,Stock 1524: Certificate number appears rounded in both source tables; original report required; clarity missing from source.,"{""price"":4657.5,""lab"":""GIA"",""certificate"":5181000000}"
diamond stock,FJ58,Source confirmation required,Stock 317: Certificate number appears rounded in both source tables; original report required.,"{""price"":107064.99999999999,""lab"":""GIA"",""certificate"":2187000000}"
diamond stock,FJ59,Source confirmation required,Stock 7279: Certificate number appears rounded in both source tables; original report required.,"{""price"":2141.2999999999997,""lab"":""GIA"",""certificate"":5376000000}"
diamond stock,FJ60,Source confirmation required,Stock 9575: Certificate number appears rounded in both source tables; original report required.,"{""price"":3415.4999999999995,""lab"":""GIA"",""certificate"":2559000000}"
diamond stock,FJ61,Source confirmation required,Stock 5731: Certificate number appears rounded in both source tables; original report required.,"{""price"":4368.849999999999,""lab"":""GIA"",""certificate"":5222000000}"
diamond stock,FJ62,Source confirmation required,Stock 8730: Certificate number appears rounded in both source tables; original report required.,"{""price"":6779.249999999999,""lab"":""GIA"",""certificate"":2509000000}"
diamond stock,FJ63,Source confirmation required,Stock 8889: Certificate number appears rounded in both source tables; original report required.,"{""price"":9717.5,""lab"":""GIA"",""certificate"":7532000000}"
diamond stock,FJ64,Source confirmation required,Stock 4914: Certificate number appears rounded in both source tables; original report required.,"{""price"":29439.999999999996,""lab"":""GIA"",""certificate"":2236000000}"
diamond stock,FJ65,Source confirmation required,Stock 9525: Certificate number appears rounded in both source tables; original report required.,"{""price"":1606.55,""lab"":""GIA"",""certificate"":1559000000}"
diamond stock,FJ66,Source confirmation required,Stock 9526: Certificate number appears rounded in both source tables; original report required.,"{""price"":1666.35,""lab"":""GIA"",""certificate"":6553000000}"
diamond stock,FJ67,Source confirmation required,Stock 9519: Certificate number appears rounded in both source tables; original report required.,"{""price"":1697.3999999999999,""lab"":""GIA"",""certificate"":6543000000}"
diamond stock,FJ68,Source confirmation required,Stock 7122: Certificate number appears rounded in both source tables; original report required.,"{""price"":8487,""lab"":""GIA"",""certificate"":2215000000}"
diamond stock,FJ69,Source confirmation required,Stock 8833: Certificate number appears rounded in both source tables; original report required.,"{""price"":2829,""lab"":""GIA"",""certificate"":6542000000}"
diamond stock,FJ70,Source confirmation required,Stock 9578: Certificate number appears rounded in both source tables; original report required.,"{""price"":42090,""lab"":""GIA"",""certificate"":2176000000}"
diamond stock,FJ71,Source confirmation required,Stock 8717: Certificate number appears rounded in both source tables; original report required.,"{""price"":5009.4,""lab"":""GIA"",""certificate"":5523000000}"
diamond stock,FJ72,Source confirmation required,Stock 9476: Certificate number appears rounded in both source tables; original report required.,"{""price"":2760,""lab"":""GIA"",""certificate"":1546000000}"
diamond stock,FJ73,Source confirmation required,Stock 7803: Certificate number appears rounded in both source tables; original report required.,"{""price"":4968,""lab"":""GIA"",""certificate"":6475000000}"
diamond stock,FJ74,Source confirmation required,Stock 105: Certificate number appears rounded in both source tables; original report required.,"{""price"":120059.99999999999,""lab"":""GIA"",""certificate"":5147000000}"
diamond stock,FJ75,Source confirmation required,Stock 9536: Certificate number appears rounded in both source tables; original report required.,"{""price"":991.8749999999998,""lab"":""GIA"",""certificate"":6556000000}"
diamond stock,FJ76,Source confirmation required,Stock 9165: Certificate number appears rounded in both source tables; original report required.,"{""price"":7865.999999999998,""lab"":""GIA"",""certificate"":6542000000}"
diamond stock,FJ77,Source confirmation required,Stock 4386: Certificate number appears rounded in both source tables; original report required.,"{""price"":772.8000000000001,""lab"":""GIA"",""certificate"":5211000000}"
diamond stock,FJ78,Source confirmation required,Stock 9542: Certificate number appears rounded in both source tables; original report required.,"{""price"":772.8000000000001,""lab"":""GIA"",""certificate"":1560000000}"
diamond stock,FJ79,Source confirmation required,Stock 4662: Certificate number appears rounded in both source tables; original report required.,"{""price"":1276.5,""lab"":""GIA"",""certificate"":6214000000}"
diamond stock,FJ80,Source confirmation required,Stock 7550: Certificate number appears rounded in both source tables; original report required.,"{""price"":9927.3405,""lab"":""GIA"",""certificate"":5477000000}"
diamond stock,FJ82,Source confirmation required,Stock 9560: Certificate number appears rounded in both source tables; original report required.,"{""price"":2277,""lab"":""GIA"",""certificate"":6542000000}"
diamond stock,FJ83,Source confirmation required,Stock 9516: Certificate number appears rounded in both source tables; original report required.,"{""price"":1880.2500000000002,""lab"":""GIA"",""certificate"":3546000000}"
diamond stock,FJ84,Source confirmation required,Stock 9512: Certificate number appears rounded in both source tables; original report required.,"{""price"":1880.2500000000002,""lab"":""GIA"",""certificate"":7534000000}"
diamond stock,FJ85,Source confirmation required,Stock 6913: Certificate number appears rounded in both source tables; original report required.,"{""price"":376050,""lab"":""GIA"",""certificate"":7449000000}"
diamond stock,FJ86,Source confirmation required,Stock 5466: Certificate number appears rounded in both source tables; original report required.,"{""price"":5640.75,""lab"":""GIA"",""certificate"":6381000000}"
diamond stock,"FJ87, EZ87",Source confirmation required,Stock 734: Certificate number appears rounded in both source tables; original report required; clarity missing from source.,"{""price"":1862.9999999999998,""lab"":""GIA"",""certificate"":1224000000}"
diamond stock,FJ88,Source confirmation required,Stock 6187: Certificate number appears rounded in both source tables; original report required.,"{""price"":7004.88,""lab"":""GIA"",""certificate"":2444000000}"
diamond stock,FJ89,Source confirmation required,Stock 6033: Certificate number appears rounded in both source tables; original report required.,"{""price"":11798.999999999998,""lab"":""GIA"",""certificate"":7433000000}"
diamond stock,FJ90,Source confirmation required,Stock 6415: Certificate number appears rounded in both source tables; original report required.,"{""price"":3076.2499999999995,""lab"":""GIA"",""certificate"":2456000000}"
diamond stock,FJ91,Source confirmation required,Stock 6190: Certificate number appears rounded in both source tables; original report required.,"{""price"":5389.59,""lab"":""GIA"",""certificate"":6441000000}"
diamond stock,FJ92,Source confirmation required,Stock 8686: Certificate number appears rounded in both source tables; original report required.,"{""price"":98439.99999999999,""lab"":""GIA"",""certificate"":2518000000}"
diamond stock,FJ93,Source confirmation required,Stock 8398: Certificate number appears rounded in both source tables; original report required.,"{""price"":7998.249999999999,""lab"":""GIA"",""certificate"":2233000000}"
diamond stock,"FJ94, EZ94",Source confirmation required,Stock 2049: Certificate number appears rounded in both source tables; original report required; clarity missing from source.,"{""price"":146280,""lab"":""GIA"",""certificate"":2257000000}"
diamond stock,FJ95,Source confirmation required,Stock 8171: Certificate number appears rounded in both source tables; original report required.,"{""price"":3656.9999999999995,""lab"":""GIA"",""certificate"":2466000000}"
diamond stock,FJ96,Source confirmation required,Stock 6192: Certificate number appears rounded in both source tables; original report required.,"{""price"":7211.603999999999,""lab"":""GIA"",""certificate"":2446000000}"
diamond stock,FJ97,Source confirmation required,Stock 6039: Certificate number appears rounded in both source tables; original report required.,"{""price"":947.1629999999999,""lab"":""GIA"",""certificate"":1440000000}"
diamond stock,FJ98,Source confirmation required,Stock 9511: Certificate number appears rounded in both source tables; original report required.,"{""price"":1950.3999999999999,""lab"":""GIA"",""certificate"":6542000000}"
diamond stock,FJ99,Source confirmation required,Stock 9540: Certificate number appears rounded in both source tables; original report required.,"{""price"":724.5,""lab"":""GIA"",""certificate"":7559000000}"
diamond stock,FJ100,Source confirmation required,Stock 6188: Certificate number appears rounded in both source tables; original report required.,"{""price"":8614.305,""lab"":""GIA"",""certificate"":2446000000}"
diamond stock,FJ101,Source confirmation required,Stock 9531: Certificate number appears rounded in both source tables; original report required.,"{""price"":845.2499999999999,""lab"":""GIA"",""certificate"":2558000000}"
diamond stock,FJ102,Source confirmation required,Stock 5762: Certificate number appears rounded in both source tables; original report required.,"{""price"":1494.9999999999998,""lab"":""GIA"",""certificate"":7437000000}"
diamond stock,FJ103,Source confirmation required,Stock 9532: Certificate number appears rounded in both source tables; original report required.,"{""price"":1913.6,""lab"":""GIA"",""certificate"":6553000000}"
diamond stock,FJ105,Source confirmation required,Stock 8590: Certificate number appears rounded in both source tables; original report required.,"{""price"":1793.9999999999998,""lab"":""GIA"",""certificate"":6545000000}"
diamond stock,FJ106,Source confirmation required,Stock 9534: Certificate number appears rounded in both source tables; original report required.,"{""price"":829.15,""lab"":""GIA"",""certificate"":1560000000}"
diamond stock,FJ107,Source confirmation required,Stock 9543: Certificate number appears rounded in both source tables; original report required.,"{""price"":1024.5925,""lab"":""GIA"",""certificate"":7559000000}"
diamond stock,FJ108,Source confirmation required,Stock 9544: Certificate number appears rounded in both source tables; original report required.,"{""price"":947.5999999999999,""lab"":""GIA"",""certificate"":5554000000}"
diamond stock,FJ109,Source confirmation required,Stock 8913: Certificate number appears rounded in both source tables; original report required.,"{""price"":7699.249999999999,""lab"":""GIA"",""certificate"":5527000000}"
diamond stock,FJ110,Source confirmation required,Stock 6040: Certificate number appears rounded in both source tables; original report required.,"{""price"":1051.836,""lab"":""GIA"",""certificate"":6432000000}"
diamond stock,FJ111,Source confirmation required,Stock 6041: Certificate number appears rounded in both source tables; original report required.,"{""price"":1051.836,""lab"":""GIA"",""certificate"":6433000000}"
diamond stock,FJ112,Source confirmation required,Stock 4753: Certificate number appears rounded in both source tables; original report required.,"{""price"":829.15,""lab"":""GIA"",""certificate"":2247000000}"
diamond stock,FJ113,Source confirmation required,Stock 6949: Certificate number appears rounded in both source tables; original report required.,"{""price"":15043.15,""lab"":""GIA"",""certificate"":2226000000}"
diamond stock,FJ114,Source confirmation required,Stock 4845: Certificate number appears rounded in both source tables; original report required.,"{""price"":2665.125,""lab"":""GIA"",""certificate"":6383000000}"
diamond stock,FJ115,Source confirmation required,Stock 4141: Certificate number appears rounded in both source tables; original report required.,"{""price"":2132.1,""lab"":""GIA"",""certificate"":1374000000}"
diamond stock,FJ116,Source confirmation required,Stock 5747: Certificate number appears rounded in both source tables; original report required.,"{""price"":1184.5,""lab"":""GIA"",""certificate"":6426000000}"
diamond stock,FJ118,Source confirmation required,Stock 5485: Certificate number appears rounded in both source tables; original report required.,"{""price"":23460,""lab"":""GIA"",""certificate"":7386000000}"
diamond stock,FJ119,Source confirmation required,Stock 7549: Certificate number appears rounded in both source tables; original report required.,"{""price"":9122.420999999998,""lab"":""GIA"",""certificate"":2475000000}"
diamond stock,FJ120,Source confirmation required,Stock 2677: Certificate number appears rounded in both source tables; original report required.,"{""price"":13033.202999999998,""lab"":""GIA"",""certificate"":7329000000}"
diamond stock,FJ121,Source confirmation required,Stock 9538: Certificate number appears rounded in both source tables; original report required.,"{""price"":821.0999999999999,""lab"":""GIA"",""certificate"":7559000000}"
diamond stock,FJ122,Source confirmation required,Stock 9539: Certificate number appears rounded in both source tables; original report required.,"{""price"":1055.6999999999998,""lab"":""GIA"",""certificate"":1560000000}"
diamond stock,FJ123,Source confirmation required,Stock 9541: Certificate number appears rounded in both source tables; original report required.,"{""price"":844.56,""lab"":""GIA"",""certificate"":7552000000}"
diamond stock,FJ125,Source confirmation required,Stock 9372: Certificate number appears rounded in both source tables; original report required.,"{""price"":821.0999999999999,""lab"":""GIA"",""certificate"":1558000000}"
diamond stock,FJ126,Source confirmation required,Stock 95: Certificate number appears rounded in both source tables; original report required.,"{""price"":4105.5,""lab"":""GIA"",""certificate"":2146000000}"
diamond stock,FJ127,Source confirmation required,Stock 6037: Certificate number appears rounded in both source tables; original report required.,"{""price"":911.4209999999999,""lab"":""GIA"",""certificate"":2437000000}"
diamond stock,FJ128,Source confirmation required,Stock 6162: Certificate number appears rounded in both source tables; original report required.,"{""price"":4457.4,""lab"":""GIA"",""certificate"":1437000000}"
diamond stock,FJ129,Source confirmation required,Stock 6269: Certificate number appears rounded in both source tables; original report required.,"{""price"":2850.39,""lab"":""GIA"",""certificate"":2439000000}"
diamond stock,FJ130,Source confirmation required,Stock 9527: Certificate number appears rounded in both source tables; original report required.,"{""price"":1407.6,""lab"":""GIA"",""certificate"":6552000000}"
diamond stock,FJ131,Source confirmation required,Stock 9275: Certificate number appears rounded in both source tables; original report required.,"{""price"":2932.5,""lab"":""GIA"",""certificate"":2547000000}"
diamond stock,FJ132,Source confirmation required,Stock 4768: Certificate number appears rounded in both source tables; original report required.,"{""price"":29324.999999999996,""lab"":""GIA"",""certificate"":7384000000}"
diamond stock,FJ133,Source confirmation required,Stock 9195: Certificate number appears rounded in both source tables; original report required.,"{""price"":2323,""lab"":""GIA"",""certificate"":2494000000}"
diamond stock,FJ134,Source confirmation required,Stock 9182: Certificate number appears rounded in both source tables; original report required.,"{""price"":2323,""lab"":""GIA"",""certificate"":2528000000}"
diamond stock,FJ135,Source confirmation required,Stock 9584: Certificate number appears rounded in both source tables; original report required.,"{""price"":8130.499999999999,""lab"":""GIA"",""certificate"":5222000000}"
diamond stock,FJ136,Source confirmation required,Stock 9585: Certificate number appears rounded in both source tables; original report required.,"{""price"":1858.3999999999999,""lab"":""GIA"",""certificate"":6542000000}"
diamond stock,FJ137,Source confirmation required,Stock 9528: Certificate number appears rounded in both source tables; original report required.,"{""price"":1277.6499999999999,""lab"":""GIA"",""certificate"":1556000000}"
diamond stock,FJ138,Source confirmation required,Stock 9524: Certificate number appears rounded in both source tables; original report required.,"{""price"":1335.725,""lab"":""GIA"",""certificate"":5554000000}"
diamond stock,FJ139,Source confirmation required,Stock 9513: Certificate number appears rounded in both source tables; original report required.,"{""price"":1568.0249999999999,""lab"":""GIA"",""certificate"":2538000000}"
diamond stock,FJ140,Source confirmation required,Stock 9510: Certificate number appears rounded in both source tables; original report required.,"{""price"":3484.4999999999995,""lab"":""GIA"",""certificate"":6532000000}"
diamond stock,FJ141,Source confirmation required,Stock 6184: Certificate number appears rounded in both source tables; original report required.,"{""price"":4136.1015,""lab"":""GIA"",""certificate"":6413000000}"
diamond stock,FJ143,Source confirmation required,Stock 6142: Certificate number appears rounded in both source tables; original report required.,"{""price"":3716.7999999999997,""lab"":""GIA"",""certificate"":5221000000}"
diamond stock,FJ144,Source confirmation required,Stock 5770: Certificate number appears rounded in both source tables; original report required.,"{""price"":6968.999999999999,""lab"":""GIA"",""certificate"":2425000000}"
diamond stock,FJ145,Source confirmation required,Stock 9535: Certificate number appears rounded in both source tables; original report required.,"{""price"":813.05,""lab"":""GIA"",""certificate"":6553000000}"
diamond stock,FJ146,Source confirmation required,Stock 9537: Certificate number appears rounded in both source tables; original report required.,"{""price"":929.1999999999999,""lab"":""GIA"",""certificate"":1559000000}"
diamond stock,FJ148,Source confirmation required,Stock 5323: Certificate number appears rounded in both source tables; original report required.,"{""price"":1161.5,""lab"":""GIA"",""certificate"":6412000000}"
diamond stock,FJ149,Source confirmation required,Stock 6015: Certificate number appears rounded in both source tables; original report required.,"{""price"":1263.712,""lab"":""GIA"",""certificate"":1416000000}"
diamond stock,FJ150,Source confirmation required,Stock 7576: Certificate number appears rounded in both source tables; original report required.,"{""price"":935.0074999999998,""lab"":""GIA"",""certificate"":1479000000}"
diamond stock,"FJ152, EZ152",Source confirmation required,Stock 137: Certificate number appears rounded in both source tables; original report required; clarity missing from source.,"{""price"":5807.5,""lab"":""GIA"",""certificate"":1143000000}"
diamond stock,FJ153,Source confirmation required,Stock 7871: Certificate number appears rounded in both source tables; original report required.,"{""price"":23230,""lab"":""GIA"",""certificate"":6237000000}"
diamond stock,FJ154,Source confirmation required,Stock 8689: Certificate number appears rounded in both source tables; original report required.,"{""price"":3368.35,""lab"":""GIA"",""certificate"":6502000000}"
diamond stock,FJ155,Source confirmation required,Stock 8695: Certificate number appears rounded in both source tables; original report required.,"{""price"":3136.0499999999997,""lab"":""GIA"",""certificate"":6525000000}"
diamond stock,FJ156,Source confirmation required,Stock 5516: Certificate number appears rounded in both source tables; original report required.,"{""price"":21487.75,""lab"":""GIA"",""certificate"":5416000000}"
diamond stock,FJ157,Source confirmation required,Stock 4596: Certificate number appears rounded in both source tables; original report required.,"{""price"":1393.8,""lab"":""GIA"",""certificate"":2317000000}"
diamond stock,"FJ158, EZ158",Source confirmation required,Stock 2700: Certificate number appears rounded in both source tables; original report required; clarity missing from source.,"{""price"":3484.4999999999995,""lab"":""GIA"",""certificate"":2202000000}"
diamond stock,"FL159, FD159",Source confirmation required,Stock 2497: Price/ct is zero; source quotation required; measurements missing from source.,"{""price"":0,""lab"":""CGL"",""certificate"":""H8237862""}"
diamond stock,FJ160,Source confirmation required,Stock 8614: Certificate number appears rounded in both source tables; original report required.,"{""price"":8130.499999999999,""lab"":""GIA"",""certificate"":6238000000}"
diamond stock,FJ161,Source confirmation required,Stock 6042: Certificate number appears rounded in both source tables; original report required.,"{""price"":929.1999999999999,""lab"":""GIA"",""certificate"":2437000000}"
diamond stock,FJ162,Source confirmation required,Stock 6059: Certificate number appears rounded in both source tables; original report required.,"{""price"":11034.25,""lab"":""GIA"",""certificate"":2225000000}"
diamond stock,FJ163,Source confirmation required,Stock 7399: Certificate number appears rounded in both source tables; original report required.,"{""price"":700.3844999999999,""lab"":""GIA"",""certificate"":2488000000}"
diamond stock,FJ164,Source confirmation required,Stock 5198: Certificate number appears rounded in both source tables; original report required.,"{""price"":2323,""lab"":""GIA"",""certificate"":2415000000}"
diamond stock,FJ166,Source confirmation required,Stock 6049: Certificate number appears rounded in both source tables; original report required.,"{""price"":2530,""lab"":""GIA"",""certificate"":2427000000}"
diamond stock,"FJ167, EY167",Source confirmation required,Stock 5966: Certificate number appears rounded in both source tables; original report required; shape missing from source.,"{""price"":12764.999999999998,""lab"":""GIA"",""certificate"":6412000000}"
diamond stock,FJ168,Source confirmation required,Stock 4597: Certificate number appears rounded in both source tables; original report required.,"{""price"":1380,""lab"":""GIA"",""certificate"":6315000000}"
diamond stock,FJ169,Source confirmation required,Stock 2779: Certificate number appears rounded in both source tables; original report required.,"{""price"":436999.99999999994,""lab"":""GIA"",""certificate"":6204000000}"
diamond stock,"FJ170, EZ170",Source confirmation required,Stock 2699: Certificate number appears rounded in both source tables; original report required; clarity missing from source.,"{""price"":3449.9999999999995,""lab"":""GIA"",""certificate"":2206000000}"
diamond stock,"FJ171, EZ171",Source confirmation required,Stock 2701: Certificate number appears rounded in both source tables; original report required; clarity missing from source.,"{""price"":3449.9999999999995,""lab"":""GIA"",""certificate"":2206000000}"
diamond stock,FJ172,Source confirmation required,Stock 7281: Certificate number appears rounded in both source tables; original report required.,"{""price"":11498.849999999999,""lab"":""GIA"",""certificate"":6225000000}"
diamond stock,FJ173,Source confirmation required,Stock 7297: Certificate number appears rounded in both source tables; original report required.,"{""price"":8049.999999999999,""lab"":""GIA"",""certificate"":1468000000}"
diamond stock,FJ174,Source confirmation required,Stock 7334: Certificate number appears rounded in both source tables; original report required.,"{""price"":3449.9999999999995,""lab"":""GIA"",""certificate"":2226000000}"
diamond stock,FJ176,Source confirmation required,Stock 5458: Certificate number appears rounded in both source tables; original report required.,"{""price"":1954.9999999999998,""lab"":""GIA"",""certificate"":6223000000}"
diamond stock,FJ177,Source confirmation required,Stock 5543: Certificate number appears rounded in both source tables; original report required.,"{""price"":144900,""lab"":""GIA"",""certificate"":6232000000}"
diamond stock,FJ178,Source confirmation required,Stock 4514: Certificate number appears rounded in both source tables; original report required.,"{""price"":1380,""lab"":""GIA"",""certificate"":1393000000}"
diamond stock,FJ179,Source confirmation required,Stock 7087: Certificate number appears rounded in both source tables; original report required.,"{""price"":2555.2999999999997,""lab"":""GIA"",""certificate"":7481000000}"
diamond stock,FJ180,Source confirmation required,Stock 5567: Certificate number appears rounded in both source tables; original report required.,"{""price"":12649.999999999998,""lab"":""GIA"",""certificate"":2417000000}"
diamond stock,FJ182,Source confirmation required,Stock 5534: Certificate number appears rounded in both source tables; original report required.,"{""price"":977.4999999999999,""lab"":""GIA"",""certificate"":6423000000}"
diamond stock,FJ183,Source confirmation required,Stock 4555: Certificate number appears rounded in both source tables; original report required.,"{""price"":1035,""lab"":""GIA"",""certificate"":2406000000}"
diamond stock,FJ184,Source confirmation required,Stock 6117: Certificate number appears rounded in both source tables; original report required.,"{""price"":2875,""lab"":""GIA"",""certificate"":3435000000}"
diamond stock,FJ185,Source confirmation required,Stock 6121: Certificate number appears rounded in both source tables; original report required.,"{""price"":2242.5,""lab"":""GIA"",""certificate"":5427000000}"
diamond stock,FJ186,Source confirmation required,Stock 6261: Certificate number appears rounded in both source tables; original report required.,"{""price"":4140,""lab"":""GIA"",""certificate"":1227000000}"
diamond stock,FJ187,Source confirmation required,Stock 7048: Certificate number appears rounded in both source tables; original report required.,"{""price"":4140,""lab"":""GIA"",""certificate"":5222000000}"
diamond stock,FJ188,Source confirmation required,Stock 7578: Certificate number appears rounded in both source tables; original report required.,"{""price"":925.7499999999999,""lab"":""GIA"",""certificate"":7469000000}"
diamond stock,FJ190,Source confirmation required,Stock 7046: Certificate number appears rounded in both source tables; original report required.,"{""price"":1437.5,""lab"":""GIA"",""certificate"":2225000000}"
diamond stock,FJ191,Source confirmation required,Stock 3402: Certificate number appears rounded in both source tables; original report required.,"{""price"":1983.7499999999998,""lab"":""HRD"",""certificate"":190000000000}"
diamond stock,FJ192,Source confirmation required,Stock 9530: Certificate number appears rounded in both source tables; original report required.,"{""price"":804.9999999999999,""lab"":""GIA"",""certificate"":5554000000}"
diamond stock,FJ193,Source confirmation required,Stock 8589: Certificate number appears rounded in both source tables; original report required.,"{""price"":1150,""lab"":""GIA"",""certificate"":7523000000}"
diamond stock,FJ194,Source confirmation required,Stock 6045: Certificate number appears rounded in both source tables; original report required.,"{""price"":1035,""lab"":""GIA"",""certificate"":6433000000}"
diamond stock,FJ195,Source confirmation required,Stock 6161: Certificate number appears rounded in both source tables; original report required.,"{""price"":4370,""lab"":""GIA"",""certificate"":2408000000}"
diamond stock,FJ196,Source confirmation required,Stock 9533: Certificate number appears rounded in both source tables; original report required.,"{""price"":724.5,""lab"":""GIA"",""certificate"":7559000000}"
diamond stock,FJ197,Source confirmation required,Stock 9137: Certificate number appears rounded in both source tables; original report required.,"{""price"":2875,""lab"":""GIA"",""certificate"":2538000000}"
diamond stock,FJ198,Source confirmation required,Stock 9261: Certificate number appears rounded in both source tables; original report required.,"{""price"":11500,""lab"":""GIA"",""certificate"":5232000000}"
diamond stock,FJ199,Source confirmation required,Stock 9332: Certificate number appears rounded in both source tables; original report required.,"{""price"":2555.2999999999997,""lab"":""GIA"",""certificate"":1488000000}"
diamond stock,FJ200,Source confirmation required,Stock 9475: Certificate number appears rounded in both source tables; original report required.,"{""price"":55199.99999999999,""lab"":""GIA"",""certificate"":2116000000}"
diamond stock,FJ201,Source confirmation required,Stock 9505: Certificate number appears rounded in both source tables; original report required.,"{""price"":1782.4999999999998,""lab"":""GIA"",""certificate"":2547000000}"
diamond stock,FJ202,Source confirmation required,Stock 9551: Certificate number appears rounded in both source tables; original report required.,"{""price"":4600,""lab"":""GIA"",""certificate"":6551000000}"
diamond stock,FJ203,Source confirmation required,Stock 6018: Certificate number appears rounded in both source tables; original report required.,"{""price"":1821.6,""lab"":""GIA"",""certificate"":6435000000}"
diamond stock,FJ204,Source confirmation required,Stock 3365: Certificate number appears rounded in both source tables; original report required.,"{""price"":1102.896,""lab"":""GIA"",""certificate"":2327000000}"
diamond stock,FJ205,Source confirmation required,Stock 6043: Certificate number appears rounded in both source tables; original report required.,"{""price"":839.9369999999999,""lab"":""GIA"",""certificate"":6432000000}"
diamond stock,FJ206,Source confirmation required,Stock 6046: Certificate number appears rounded in both source tables; original report required.,"{""price"":831.0015,""lab"":""GIA"",""certificate"":1434000000}"
diamond stock,FJ207,Source confirmation required,Stock 2113: Certificate number appears rounded in both source tables; original report required.,"{""price"":19044,""lab"":""GIA"",""certificate"":6147000000}"
diamond stock,FJ208,Source confirmation required,Stock 5532: Certificate number appears rounded in both source tables; original report required.,"{""price"":1058,""lab"":""GIA"",""certificate"":6423000000}"
diamond stock,FJ209,Source confirmation required,Stock 5746: Certificate number appears rounded in both source tables; original report required.,"{""price"":1058,""lab"":""GIA"",""certificate"":2425000000}"
diamond stock,FJ210,Source confirmation required,Stock 5024: Certificate number appears rounded in both source tables; original report required.,"{""price"":784.8749999999999,""lab"":""GIA"",""certificate"":5212000000}"
diamond stock,FJ211,Source confirmation required,Stock 9080: Certificate number appears rounded in both source tables; original report required.,"{""price"":10465,""lab"":""GIA"",""certificate"":1233000000}"
diamond stock,FJ212,Source confirmation required,Stock 3604: Certificate number appears rounded in both source tables; original report required.,"{""price"":9301.292,""lab"":""GIA"",""certificate"":6251000000}"
diamond stock,FJ213,Source confirmation required,Stock 462: Certificate number appears rounded in both source tables; original report required.,"{""price"":1552.4999999999998,""lab"":""GIA"",""certificate"":6206000000}"
diamond stock,FJ214,Source confirmation required,Stock 3664: Certificate number appears rounded in both source tables; original report required.,"{""price"":1190.25,""lab"":""GIA"",""certificate"":6207000000}"
diamond stock,"FL215, FJ215",Source confirmation required,Stock 9591: Price/ct is zero; source quotation required; Certificate number appears rounded in both source tables; original report required.,"{""price"":0,""lab"":""GIA"",""certificate"":5534000000}"
diamond stock,FJ216,Source confirmation required,Stock 3351: Certificate number appears rounded in both source tables; original report required.,"{""price"":1535.2499999999998,""lab"":""GIA"",""certificate"":2427000000}"
diamond stock,FJ217,Source confirmation required,Stock 4716: Certificate number appears rounded in both source tables; original report required.,"{""price"":3541.9999999999995,""lab"":""GIA"",""certificate"":2379000000}"
diamond stock,FJ218,Source confirmation required,Stock 4746: Certificate number appears rounded in both source tables; original report required.,"{""price"":3461.4999999999995,""lab"":""GIA"",""certificate"":5374000000}"
diamond stock,FJ219,Source confirmation required,Stock 4749: Certificate number appears rounded in both source tables; original report required.,"{""price"":3300.4999999999995,""lab"":""GIA"",""certificate"":6375000000}"
diamond stock,FJ220,Source confirmation required,Stock 8740: Certificate number appears rounded in both source tables; original report required.,"{""price"":37260,""lab"":""GIA"",""certificate"":2231000000}"
diamond stock,FJ221,Source confirmation required,Stock 9246: Certificate number appears rounded in both source tables; original report required.,"{""price"":1655.9999999999998,""lab"":""GIA"",""certificate"":7521000000}"
diamond stock,FJ222,Source confirmation required,Stock 4726: Certificate number appears rounded in both source tables; original report required.,"{""price"":2760,""lab"":""GIA"",""certificate"":2376000000}"
diamond stock,FJ223,Source confirmation required,Stock 2418: Certificate number appears rounded in both source tables; original report required.,"{""price"":2760,""lab"":""GIA"",""certificate"":6303000000}"
diamond stock,FJ224,Source confirmation required,Stock 5718: Certificate number appears rounded in both source tables; original report required.,"{""price"":672.75,""lab"":""GIA"",""certificate"":1226000000}"
diamond stock,"FJ225, EZ225",Source confirmation required,Stock 667: Certificate number appears rounded in both source tables; original report required; clarity missing from source.,"{""price"":13282.499999999998,""lab"":""GIA"",""certificate"":6222000000}"
diamond stock,"FJ226, EZ226",Source confirmation required,Stock 7902: Certificate number appears rounded in both source tables; original report required; clarity missing from source.,"{""price"":1048.8,""lab"":""GIA"",""certificate"":3545000000}"
diamond stock,FJ227,Source confirmation required,Stock 4721: Certificate number appears rounded in both source tables; original report required.,"{""price"":3018.7499999999995,""lab"":""GIA"",""certificate"":7374000000}"
diamond stock,FJ228,Source confirmation required,Stock 5907: Certificate number appears rounded in both source tables; original report required.,"{""price"":595.6999999999999,""lab"":""GIA"",""certificate"":5297000000}"
diamond stock,FJ229,Source confirmation required,Stock 1448: Certificate number appears rounded in both source tables; original report required.,"{""price"":2938.25,""lab"":""GIA"",""certificate"":1259000000}"
diamond stock,"FJ230, EZ230",Source confirmation required,Stock 360: Certificate number appears rounded in both source tables; original report required; clarity missing from source.,"{""price"":2518.5,""lab"":""GIA"",""certificate"":6212000000}"
diamond stock,FJ231,Source confirmation required,Stock 9181: Certificate number appears rounded in both source tables; original report required.,"{""price"":2484,""lab"":""GIA"",""certificate"":7521000000}"
diamond stock,FJ232,Source confirmation required,Stock 6165: Certificate number appears rounded in both source tables; original report required.,"{""price"":1821.6,""lab"":""GIA"",""certificate"":5434000000}"
diamond stock,FJ233,Source confirmation required,Stock 6685: Certificate number appears rounded in both source tables; original report required.,"{""price"":2898,""lab"":""GIA"",""certificate"":5446000000}"
diamond stock,FJ234,Source confirmation required,Stock 7168: Certificate number appears rounded in both source tables; original report required.,"{""price"":7359.263999999999,""lab"":""GIA"",""certificate"":2235000000}"
diamond stock,FJ235,Source confirmation required,Stock 4698: Certificate number appears rounded in both source tables; original report required.,"{""price"":2041.2499999999998,""lab"":""GIA"",""certificate"":1375000000}"
diamond stock,FJ236,Source confirmation required,Stock 7178: Certificate number appears rounded in both source tables; original report required.,"{""price"":23270.25,""lab"":""GIA"",""certificate"":6393000000}"
diamond stock,FJ237,Source confirmation required,Stock 5233: Certificate number appears rounded in both source tables; original report required.,"{""price"":5715.5,""lab"":""GIA"",""certificate"":1415000000}"
diamond stock,FJ238,Source confirmation required,Stock 8752: Certificate number appears rounded in both source tables; original report required.,"{""price"":1609.9999999999998,""lab"":""GIA"",""certificate"":1404000000}"
diamond stock,FJ239,Source confirmation required,Stock 2472: Certificate number appears rounded in both source tables; original report required.,"{""price"":56349.99999999999,""lab"":""GIA"",""certificate"":1309000000}"
diamond stock,FJ240,Source confirmation required,Stock 7618: Certificate number appears rounded in both source tables; original report required.,"{""price"":43470,""lab"":""GIA"",""certificate"":2235000000}"
diamond stock,FJ241,Source confirmation required,Stock 2477: Certificate number appears rounded in both source tables; original report required.,"{""price"":4830,""lab"":""GIA"",""certificate"":5202000000}"
diamond stock,FJ242,Source confirmation required,Stock 7274: Certificate number appears rounded in both source tables; original report required.,"{""price"":1899.8,""lab"":""GIA"",""certificate"":2226000000}"
diamond stock,FJ243,Source confirmation required,Stock 5721: Certificate number appears rounded in both source tables; original report required.,"{""price"":644.8049999999998,""lab"":""GIA"",""certificate"":1217000000}"
diamond stock,FJ244,Source confirmation required,Stock 5407: Certificate number appears rounded in both source tables; original report required.,"{""price"":1807.225,""lab"":""GIA"",""certificate"":5213000000}"
diamond stock,FJ245,Source confirmation required,Stock 3321: Certificate number appears rounded in both source tables; original report required.,"{""price"":1609.9999999999998,""lab"":""GIA"",""certificate"":5356000000}"
diamond stock,"FL246, FJ246",Source confirmation required,Stock 3603: Price/ct is zero; source quotation required; Certificate number appears rounded in both source tables; original report required.,"{""price"":0,""lab"":""GIA"",""certificate"":2182000000}"
diamond stock,FJ247,Source confirmation required,Stock 6956: Certificate number appears rounded in both source tables; original report required.,"{""price"":2253.9999999999995,""lab"":""GIA"",""certificate"":1419000000}"
diamond stock,FJ248,Source confirmation required,Stock 2211: Certificate number appears rounded in both source tables; original report required.,"{""price"":68424.99999999999,""lab"":""GIA"",""certificate"":1142000000}"
diamond stock,FJ249,Source confirmation required,Stock 6144: Certificate number appears rounded in both source tables; original report required.,"{""price"":1576.995,""lab"":""GIA"",""certificate"":6223000000}"
diamond stock,FJ250,Source confirmation required,Stock 7118: Certificate number appears rounded in both source tables; original report required.,"{""price"":4427.499999999999,""lab"":""GIA"",""certificate"":6412000000}"
diamond stock,FJ251,Source confirmation required,Stock 9507: Certificate number appears rounded in both source tables; original report required.,"{""price"":1408.75,""lab"":""GIA"",""certificate"":7542000000}"
diamond stock,FJ252,Source confirmation required,Stock 2950: Certificate number appears rounded in both source tables; original report required.,"{""price"":3219.9999999999995,""lab"":""GIA"",""certificate"":3326000000}"
diamond stock,FJ253,Source confirmation required,Stock 7684: Certificate number appears rounded in both source tables; original report required.,"{""price"":3173.9999999999995,""lab"":""GIA"",""certificate"":1485000000}"
diamond stock,FJ254,Source confirmation required,Stock 1545: Certificate number appears rounded in both source tables; original report required.,"{""price"":22770,""lab"":""GIA"",""certificate"":2217000000}"
diamond stock,FJ255,Source confirmation required,Stock 6056: Certificate number appears rounded in both source tables; original report required.,"{""price"":6577.999999999999,""lab"":""GIA"",""certificate"":7423000000}"
diamond stock,FJ256,Source confirmation required,Stock 5232: Certificate number appears rounded in both source tables; original report required.,"{""price"":10838.75,""lab"":""GIA"",""certificate"":2417000000}"
diamond stock,FJ257,Source confirmation required,Stock 6647: Certificate number appears rounded in both source tables; original report required.,"{""price"":2173.5,""lab"":""GIA"",""certificate"":6401000000}"
diamond stock,FJ258,Source confirmation required,Stock 1931: Certificate number appears rounded in both source tables; original report required.,"{""price"":6520.499999999999,""lab"":""GIA"",""certificate"":5182000000}"
diamond stock,FJ259,Source confirmation required,Stock 4915: Certificate number appears rounded in both source tables; original report required.,"{""price"":155888.73299999998,""lab"":""GIA"",""certificate"":5202000000}"
diamond stock,"FJ260, EZ260",Source confirmation required,Stock 2372: Certificate number appears rounded in both source tables; original report required; clarity missing from source.,"{""price"":38582.5,""lab"":""GIA"",""certificate"":6205000000}"
diamond stock,FJ261,Source confirmation required,Stock 6346: Certificate number appears rounded in both source tables; original report required.,"{""price"":1403,""lab"":""GIA"",""certificate"":2438000000}"
diamond stock,FJ262,Source confirmation required,Stock 6958: Certificate number appears rounded in both source tables; original report required.,"{""price"":1931.9999999999998,""lab"":""GIA"",""certificate"":2437000000}"
diamond stock,FJ263,Source confirmation required,Stock 6087: Certificate number appears rounded in both source tables; original report required.,"{""price"":766.5899999999999,""lab"":""GIA"",""certificate"":7433000000}"
diamond stock,FJ264,Source confirmation required,Stock 6078: Certificate number appears rounded in both source tables; original report required.,"{""price"":690,""lab"":""GIA"",""certificate"":2437000000}"
diamond stock,FJ265,Source confirmation required,Stock 9129: Certificate number appears rounded in both source tables; original report required.,"{""price"":1221.3,""lab"":""GIA"",""certificate"":2517000000}"
diamond stock,"FJ266, EZ266",Source confirmation required,Stock 1755: Certificate number appears rounded in both source tables; original report required; clarity missing from source.,"{""price"":5336,""lab"":""GIA"",""certificate"":6202000000}"
diamond stock,FJ267,Source confirmation required,Stock 648: Certificate number appears rounded in both source tables; original report required.,"{""price"":3334.9999999999995,""lab"":""GIA"",""certificate"":1214000000}"
diamond stock,FJ268,Source confirmation required,Stock 6268: Certificate number appears rounded in both source tables; original report required.,"{""price"":1031.849,""lab"":""GIA"",""certificate"":7429000000}"
diamond stock,FJ269,Source confirmation required,Stock 1584: Certificate number appears rounded in both source tables; original report required.,"{""price"":10160.25,""lab"":""GIA"",""certificate"":6183000000}"
diamond stock,FJ270,Source confirmation required,Stock 7126: Certificate number appears rounded in both source tables; original report required.,"{""price"":3220.0000000000005,""lab"":""GIA"",""certificate"":7436000000}"
diamond stock,FJ271,Source confirmation required,Stock 7208: Certificate number appears rounded in both source tables; original report required.,"{""price"":1613.22,""lab"":""GIA"",""certificate"":2222000000}"
diamond stock,FJ272,Source confirmation required,Stock 4969: Certificate number appears rounded in both source tables; original report required.,"{""price"":515.2,""lab"":""GIA"",""certificate"":7418000000}"
diamond stock,FJ273,Source confirmation required,Stock 4971: Certificate number appears rounded in both source tables; original report required.,"{""price"":515.2,""lab"":""GIA"",""certificate"":6412000000}"
diamond stock,FJ274,Source confirmation required,Stock 6331: Certificate number appears rounded in both source tables; original report required.,"{""price"":2318.4,""lab"":""GIA"",""certificate"":7258000000}"
diamond stock,FJ275,Source confirmation required,Stock 719: Certificate number appears rounded in both source tables; original report required.,"{""price"":3795.0000000000005,""lab"":""GIA"",""certificate"":7202000000}"
diamond stock,FJ276,Source confirmation required,Stock 6086: Certificate number appears rounded in both source tables; original report required.,"{""price"":632.5,""lab"":""GIA"",""certificate"":7439000000}"
diamond stock,FJ277,Source confirmation required,Stock 1801: Certificate number appears rounded in both source tables; original report required.,"{""price"":12649.999999999998,""lab"":""GIA"",""certificate"":1187000000}"
diamond stock,FJ278,Source confirmation required,Stock 7314: Certificate number appears rounded in both source tables; original report required.,"{""price"":7906.25,""lab"":""GIA"",""certificate"":2464000000}"
diamond stock,FJ279,Source confirmation required,Stock 445: Certificate number appears rounded in both source tables; original report required.,"{""price"":1242,""lab"":""GIA"",""certificate"":6205000000}"
diamond stock,FJ280,Source confirmation required,Stock 652: Certificate number appears rounded in both source tables; original report required.,"{""price"":3656.9999999999995,""lab"":""GIA"",""certificate"":6223000000}"
diamond stock,FJ281,Source confirmation required,Stock 6271: Certificate number appears rounded in both source tables; original report required.,"{""price"":955.696,""lab"":""GIA"",""certificate"":1426000000}"
diamond stock,FJ282,Source confirmation required,Stock 4204: Certificate number appears rounded in both source tables; original report required.,"{""price"":761.8749999999999,""lab"":""GIA"",""certificate"":6363000000}"
diamond stock,FJ284,Source confirmation required,Stock 5237: Certificate number appears rounded in both source tables; original report required.,"{""price"":6772.1545,""lab"":""GIA"",""certificate"":7402000000}"
diamond stock,FJ285,Source confirmation required,Stock 3347: Certificate number appears rounded in both source tables; original report required.,"{""price"":299,""lab"":""GIA"",""certificate"":5203000000}"
diamond stock,FJ286,Source confirmation required,Stock 4712: Certificate number appears rounded in both source tables; original report required.,"{""price"":2691,""lab"":""GIA"",""certificate"":7386000000}"
diamond stock,FJ287,Source confirmation required,Stock 7207: Certificate number appears rounded in both source tables; original report required.,"{""price"":1524.8999999999999,""lab"":""GIA"",""certificate"":1420000000}"
diamond stock,FL288,Source confirmation required,Stock 2965: Price/ct is zero; source quotation required.,"{""price"":0,""lab"":""CGL"",""certificate"":""H8423494""}"
diamond stock,FJ289,Source confirmation required,Stock 6343: Certificate number appears rounded in both source tables; original report required.,"{""price"":1465.1,""lab"":""GIA"",""certificate"":1405000000}"
diamond stock,FJ290,Source confirmation required,Stock 4544: Certificate number appears rounded in both source tables; original report required.,"{""price"":5315.023999999999,""lab"":""GIA"",""certificate"":6381000000}"
diamond stock,FJ291,Source confirmation required,Stock 5231: Certificate number appears rounded in both source tables; original report required.,"{""price"":717.5999999999999,""lab"":""GIA"",""certificate"":7397000000}"
diamond stock,FJ292,Source confirmation required,Stock 2009: Certificate number appears rounded in both source tables; original report required.,"{""price"":1435.1999999999998,""lab"":""GIA"",""certificate"":6243000000}"
diamond stock,FJ293,Source confirmation required,Stock 6687: Certificate number appears rounded in both source tables; original report required.,"{""price"":664.3779999999999,""lab"":""GIA"",""certificate"":7307000000}"
diamond stock,FJ294,Source confirmation required,Stock 9523: Certificate number appears rounded in both source tables; original report required.,"{""price"":1793.9999999999998,""lab"":""GIA"",""certificate"":2557000000}"
diamond stock,FJ295,Source confirmation required,Stock 179: Certificate number appears rounded in both source tables; original report required.,"{""price"":10557,""lab"":""GIA"",""certificate"":6175000000}"
diamond stock,FJ296,Source confirmation required,Stock 7111: Certificate number appears rounded in both source tables; original report required.,"{""price"":5212.812,""lab"":""GIA"",""certificate"":7357000000}"
diamond stock,FJ297,Source confirmation required,Stock 2522: Certificate number appears rounded in both source tables; original report required.,"{""price"":7624.499999999999,""lab"":""GIA"",""certificate"":2476000000}"
diamond stock,FJ298,Source confirmation required,Stock 4322: Certificate number appears rounded in both source tables; original report required.,"{""price"":733.125,""lab"":""GIA"",""certificate"":6214000000}"
diamond stock,FJ299,Source confirmation required,Stock 6179: Certificate number appears rounded in both source tables; original report required.,"{""price"":703.8,""lab"":""GIA"",""certificate"":6224000000}"
diamond stock,FJ300,Source confirmation required,Stock 6106: Certificate number appears rounded in both source tables; original report required.,"{""price"":4222.799999999999,""lab"":""GIA"",""certificate"":6431000000}"
diamond stock,FJ301,Source confirmation required,Stock 5607: Certificate number appears rounded in both source tables; original report required.,"{""price"":3225.7499999999995,""lab"":""GIA"",""certificate"":6422000000}"
diamond stock,FJ302,Source confirmation required,Stock 6055: Certificate number appears rounded in both source tables; original report required.,"{""price"":4692,""lab"":""GIA"",""certificate"":6422000000}"
diamond stock,FJ303,Source confirmation required,Stock 8967: Certificate number appears rounded in both source tables; original report required.,"{""price"":3225.7499999999995,""lab"":""GIA"",""certificate"":6406000000}"
diamond stock,FJ304,Source confirmation required,Stock 5439: Certificate number appears rounded in both source tables; original report required.,"{""price"":2756.5499999999997,""lab"":""GIA"",""certificate"":1390000000}"
diamond stock,FJ305,Source confirmation required,Stock 1067: Certificate number appears rounded in both source tables; original report required.,"{""price"":8797.5,""lab"":""GIA"",""certificate"":2227000000}"
diamond stock,FJ306,Source confirmation required,Stock 7055: Certificate number appears rounded in both source tables; original report required.,"{""price"":2111.3999999999996,""lab"":""GIA"",""certificate"":5267000000}"
diamond stock,FJ307,Source confirmation required,Stock 2013: Certificate number appears rounded in both source tables; original report required.,"{""price"":1609.9999999999998,""lab"":""GIA"",""certificate"":6252000000}"
diamond stock,FJ308,Source confirmation required,Stock 7423: Certificate number appears rounded in both source tables; original report required.,"{""price"":8625,""lab"":""GIA"",""certificate"":2235000000}"
diamond stock,FJ309,Source confirmation required,Stock 5438: Certificate number appears rounded in both source tables; original report required.,"{""price"":2702.5,""lab"":""GIA"",""certificate"":7382000000}"
diamond stock,FJ310,Source confirmation required,Stock 5410: Certificate number appears rounded in both source tables; original report required.,"{""price"":3162.4999999999995,""lab"":""GIA"",""certificate"":6227000000}"
diamond stock,FJ311,Source confirmation required,Stock 6113: Certificate number appears rounded in both source tables; original report required.,"{""price"":1724.9999999999998,""lab"":""GIA"",""certificate"":1424000000}"
diamond stock,FJ312,Source confirmation required,Stock 5541: Certificate number appears rounded in both source tables; original report required.,"{""price"":1782.4999999999998,""lab"":""GIA"",""certificate"":7418000000}"
diamond stock,FJ313,Source confirmation required,Stock 6336: Certificate number appears rounded in both source tables; original report required.,"{""price"":1510.5249999999999,""lab"":""GIA"",""certificate"":1426000000}"
diamond stock,FJ314,Source confirmation required,Stock 6342: Certificate number appears rounded in both source tables; original report required.,"{""price"":1035,""lab"":""GIA"",""certificate"":7371000000}"
diamond stock,FJ315,Source confirmation required,Stock 7101: Certificate number appears rounded in both source tables; original report required.,"{""price"":3967.4999999999995,""lab"":""GIA"",""certificate"":7432000000}"
diamond stock,FJ316,Source confirmation required,Stock 7108: Certificate number appears rounded in both source tables; original report required.,"{""price"":5750,""lab"":""GIA"",""certificate"":1450000000}"
diamond stock,FJ317,Source confirmation required,Stock 5032: Certificate number appears rounded in both source tables; original report required.,"{""price"":373.74999999999994,""lab"":""GIA"",""certificate"":2225000000}"
diamond stock,"FJ318, EZ318",Source confirmation required,Stock 1360: Certificate number appears rounded in both source tables; original report required; clarity missing from source.,"{""price"":3162.4999999999995,""lab"":""GIA"",""certificate"":2248000000}"
diamond stock,FJ319,Source confirmation required,Stock 7269: Certificate number appears rounded in both source tables; original report required.,"{""price"":3334.9999999999995,""lab"":""GIA"",""certificate"":6466000000}"
diamond stock,FJ320,Source confirmation required,Stock 7680: Certificate number appears rounded in both source tables; original report required.,"{""price"":1437.5,""lab"":""GIA"",""certificate"":1479000000}"
diamond stock,FJ321,Source confirmation required,Stock 7798: Certificate number appears rounded in both source tables; original report required.,"{""price"":977.4999999999999,""lab"":""GIA"",""certificate"":6473000000}"
diamond stock,FJ322,Source confirmation required,Stock 8335: Certificate number appears rounded in both source tables; original report required.,"{""price"":12937.499999999998,""lab"":""GIA"",""certificate"":5467000000}"
diamond stock,FJ323,Source confirmation required,Stock 2012: Certificate number appears rounded in both source tables; original report required.,"{""price"":1293.75,""lab"":""GIA"",""certificate"":2248000000}"
diamond stock,FJ324,Source confirmation required,Stock 4973: Certificate number appears rounded in both source tables; original report required.,"{""price"":1127,""lab"":""GIA"",""certificate"":6412000000}"
diamond stock,"FJ325, EZ325",Source confirmation required,Stock 1049: Certificate number appears rounded in both source tables; original report required; clarity missing from source.,"{""price"":1127,""lab"":""GIA"",""certificate"":6226000000}"
diamond stock,FJ326,Source confirmation required,Stock 7100: Certificate number appears rounded in both source tables; original report required.,"{""price"":1130.9444999999998,""lab"":""GIA"",""certificate"":6453000000}"
diamond stock,FJ327,Source confirmation required,Stock 1381: Certificate number appears rounded in both source tables; original report required.,"{""price"":2484,""lab"":""GIA"",""certificate"":2166000000}"
diamond stock,FJ328,Source confirmation required,Stock 4730: Certificate number appears rounded in both source tables; original report required.,"{""price"":2484,""lab"":""GIA"",""certificate"":6385000000}"
diamond stock,FJ329,Source confirmation required,Stock 8698: Certificate number appears rounded in both source tables; original report required.,"{""price"":2208,""lab"":""GIA"",""certificate"":1549000000}"
diamond stock,FL330,Source confirmation required,Stock 2963: Price/ct is zero; source quotation required.,"{""price"":0,""lab"":""CGL"",""certificate"":""H8979629""}"
diamond stock,FJ331,Source confirmation required,Stock 1348: Certificate number appears rounded in both source tables; original report required.,"{""price"":1163.8,""lab"":""GIA"",""certificate"":1187000000}"
diamond stock,FJ332,Source confirmation required,Stock 7107: Certificate number appears rounded in both source tables; original report required.,"{""price"":4701.7519999999995,""lab"":""GIA"",""certificate"":7452000000}"
diamond stock,FJ333,Source confirmation required,Stock 5537: Certificate number appears rounded in both source tables; original report required.,"{""price"":1904.3999999999999,""lab"":""GIA"",""certificate"":6412000000}"
diamond stock,FJ334,Source confirmation required,Stock 7794: Certificate number appears rounded in both source tables; original report required.,"{""price"":1005.0999999999999,""lab"":""GIA"",""certificate"":2474000000}"
diamond stock,FJ335,Source confirmation required,Stock 5723: Certificate number appears rounded in both source tables; original report required.,"{""price"":529,""lab"":""GIA"",""certificate"":2225000000}"
diamond stock,FJ336,Source confirmation required,Stock 4970: Certificate number appears rounded in both source tables; original report required.,"{""price"":423.2,""lab"":""GIA"",""certificate"":3415000000}"
diamond stock,"FJ337, EZ337",Source confirmation required,Stock 99: Certificate number appears rounded in both source tables; original report required; clarity missing from source.,"{""price"":9522,""lab"":""GIA"",""certificate"":2146000000}"
diamond stock,FJ338,Source confirmation required,Stock 2309: Certificate number appears rounded in both source tables; original report required.,"{""price"":793.4999999999999,""lab"":""GIA"",""certificate"":7252000000}"
diamond stock,FJ339,Source confirmation required,Stock 9259: Certificate number appears rounded in both source tables; original report required.,"{""price"":517.5,""lab"":""GIA"",""certificate"":3415000000}"
diamond stock,FJ340,Source confirmation required,Stock 9258: Certificate number appears rounded in both source tables; original report required.,"{""price"":776.2499999999999,""lab"":""GIA"",""certificate"":7529000000}"
diamond stock,FJ341,Source confirmation required,Stock 4161: Certificate number appears rounded in both source tables; original report required.,"{""price"":931.4999999999999,""lab"":""GIA"",""certificate"":7366000000}"
diamond stock,FJ342,Source confirmation required,Stock 7112: Certificate number appears rounded in both source tables; original report required.,"{""price"":4599.54,""lab"":""GIA"",""certificate"":7312000000}"
diamond stock,FJ343,Source confirmation required,Stock 4657: Certificate number appears rounded in both source tables; original report required.,"{""price"":2794.5,""lab"":""GIA"",""certificate"":2166000000}"
diamond stock,FJ344,Source confirmation required,Stock 7683: Certificate number appears rounded in both source tables; original report required.,"{""price"":1416.8,""lab"":""GIA"",""certificate"":6485000000}"
diamond stock,FJ346,Source confirmation required,Stock 8741: Certificate number appears rounded in both source tables; original report required.,"{""price"":910.8,""lab"":""GIA"",""certificate"":1537000000}"
diamond stock,FJ347,Source confirmation required,Stock 1055: Certificate number appears rounded in both source tables; original report required.,"{""price"":1011.9999999999999,""lab"":""GIA"",""certificate"":7223000000}"
diamond stock,FJ348,Source confirmation required,Stock 4511: Certificate number appears rounded in both source tables; original report required.,"{""price"":3708.7499999999995,""lab"":""GIA"",""certificate"":2201000000}"
diamond stock,"FJ349, EZ349",Source confirmation required,Stock 5757: Certificate number appears rounded in both source tables; original report required; clarity missing from source.,"{""price"":3560.3999999999996,""lab"":""GIA"",""certificate"":2141000000}"
diamond stock,FJ350,Source confirmation required,Stock 5033: Certificate number appears rounded in both source tables; original report required.,"{""price"":741.7499999999999,""lab"":""GIA"",""certificate"":5212000000}"
diamond stock,FJ351,Source confirmation required,Stock 4656: Certificate number appears rounded in both source tables; original report required.,"{""price"":3560.3999999999996,""lab"":""GIA"",""certificate"":1159000000}"
diamond stock,FJ352,Source confirmation required,Stock 4309: Certificate number appears rounded in both source tables; original report required.,"{""price"":1483.4999999999998,""lab"":""GIA"",""certificate"":7221000000}"
diamond stock,FJ353,Source confirmation required,Stock 2238: Certificate number appears rounded in both source tables; original report required.,"{""price"":3955.9999999999995,""lab"":""GIA"",""certificate"":5224000000}"
diamond stock,FJ354,Source confirmation required,Stock 6181: Certificate number appears rounded in both source tables; original report required.,"{""price"":579.5999999999999,""lab"":""GIA"",""certificate"":6227000000}"
diamond stock,FJ355,Source confirmation required,Stock 5160: Certificate number appears rounded in both source tables; original report required.,"{""price"":1304.1,""lab"":""GIA"",""certificate"":7404000000}"
diamond stock,FJ356,Source confirmation required,Stock 7129: Certificate number appears rounded in both source tables; original report required.,"{""price"":1255.8,""lab"":""GIA"",""certificate"":6432000000}"
diamond stock,FJ357,Source confirmation required,Stock 118: Certificate number appears rounded in both source tables; original report required.,"{""price"":9660,""lab"":""GIA"",""certificate"":2207000000}"
diamond stock,FJ358,Source confirmation required,Stock 330: Certificate number appears rounded in both source tables; original report required.,"{""price"":11109,""lab"":""GIA"",""certificate"":6183000000}"
diamond stock,FJ359,Source confirmation required,Stock 6034: Certificate number appears rounded in both source tables; original report required.,"{""price"":1304.1,""lab"":""GIA"",""certificate"":1439000000}"
diamond stock,FJ361,Source confirmation required,Stock 2109: Certificate number appears rounded in both source tables; original report required.,"{""price"":14489.999999999998,""lab"":""GIA"",""certificate"":2278000000}"
diamond stock,"FL362, EZ362",Source confirmation required,Stock 9498: Price/ct is zero; source quotation required; clarity missing from source.,"{""price"":0,""lab"":""GIA"",""certificate"":17794056}"
diamond stock,FJ363,Source confirmation required,Stock 6629: Certificate number appears rounded in both source tables; original report required.,"{""price"":565.7999999999998,""lab"":""GIA"",""certificate"":7432000000}"
diamond stock,FJ364,Source confirmation required,Stock 1896: Certificate number appears rounded in both source tables; original report required.,"{""price"":636.525,""lab"":""GIA"",""certificate"":1187000000}"
diamond stock,FJ365,Source confirmation required,Stock 7235: Certificate number appears rounded in both source tables; original report required.,"{""price"":11787.499999999998,""lab"":""GIA"",""certificate"":3466000000}"
diamond stock,FJ366,Source confirmation required,Stock 2340: Certificate number appears rounded in both source tables; original report required.,"{""price"":7779.749999999999,""lab"":""GIA"",""certificate"":1112000000}"
diamond stock,FJ367,Source confirmation required,Stock 4139: Certificate number appears rounded in both source tables; original report required.,"{""price"":2121.75,""lab"":""GIA"",""certificate"":2368000000}"
diamond stock,FJ368,Source confirmation required,Stock 7679: Certificate number appears rounded in both source tables; original report required.,"{""price"":1838.85,""lab"":""GIA"",""certificate"":1463000000}"
diamond stock,FJ369,Source confirmation required,Stock 80: Certificate number appears rounded in both source tables; original report required.,"{""price"":9430,""lab"":""GIA"",""certificate"":5214000000}"
diamond stock,FJ370,Source confirmation required,Stock 7130: Certificate number appears rounded in both source tables; original report required.,"{""price"":1417.329,""lab"":""GIA"",""certificate"":2437000000}"
diamond stock,FJ371,Source confirmation required,Stock 6387: Certificate number appears rounded in both source tables; original report required.,"{""price"":1885.9999999999998,""lab"":""GIA"",""certificate"":6225000000}"
diamond stock,FJ372,Source confirmation required,Stock 6315: Certificate number appears rounded in both source tables; original report required.,"{""price"":2829,""lab"":""GIA"",""certificate"":5223000000}"
diamond stock,FJ373,Source confirmation required,Stock 5408: Certificate number appears rounded in both source tables; original report required.,"{""price"":6365.249999999999,""lab"":""GIA"",""certificate"":2223000000}"
diamond stock,FJ374,Source confirmation required,Stock 5733: Certificate number appears rounded in both source tables; original report required.,"{""price"":424.34999999999997,""lab"":""GIA"",""certificate"":2225000000}"
diamond stock,FJ375,Source confirmation required,Stock 7110: Certificate number appears rounded in both source tables; original report required.,"{""price"":4190.692,""lab"":""GIA"",""certificate"":7416000000}"
diamond stock,FJ376,Source confirmation required,Stock 7116: Certificate number appears rounded in both source tables; original report required.,"{""price"":4088.48,""lab"":""GIA"",""certificate"":2286000000}"
diamond stock,FJ377,Source confirmation required,Stock 6075: Certificate number appears rounded in both source tables; original report required.,"{""price"":459.99999999999994,""lab"":""GIA"",""certificate"":6433000000}"
diamond stock,FJ378,Source confirmation required,Stock 6401: Certificate number appears rounded in both source tables; original report required.,"{""price"":2760,""lab"":""GIA"",""certificate"":6224000000}"
diamond stock,FJ379,Source confirmation required,Stock 7722: Certificate number appears rounded in both source tables; original report required.,"{""price"":8510,""lab"":""GIA"",""certificate"":1478000000}"
diamond stock,FJ380,Source confirmation required,Stock 8923: Certificate number appears rounded in both source tables; original report required.,"{""price"":436.99999999999994,""lab"":""GIA"",""certificate"":1537000000}"
diamond stock,FJ381,Source confirmation required,Stock 9368: Certificate number appears rounded in both source tables; original report required.,"{""price"":505.99999999999994,""lab"":""GIA"",""certificate"":1550000000}"
diamond stock,FJ382,Source confirmation required,Stock 3771: Certificate number appears rounded in both source tables; original report required.,"{""price"":390.99999999999994,""lab"":""GIA"",""certificate"":6352000000}"
diamond stock,FJ383,Source confirmation required,Stock 6272: Certificate number appears rounded in both source tables; original report required.,"{""price"":4088.48,""lab"":""GIA"",""certificate"":6392000000}"
diamond stock,FJ384,Source confirmation required,Stock 6175: Certificate number appears rounded in both source tables; original report required.,"{""price"":526.6999999999999,""lab"":""GIA"",""certificate"":2223000000}"
diamond stock,FJ385,Source confirmation required,Stock 6058: Certificate number appears rounded in both source tables; original report required.,"{""price"":4554,""lab"":""GIA"",""certificate"":5221000000}"
diamond stock,FJ386,Source confirmation required,Stock 5415: Certificate number appears rounded in both source tables; original report required.,"{""price"":2162,""lab"":""GIA"",""certificate"":5373000000}"
diamond stock,FJ387,Source confirmation required,Stock 9374: Certificate number appears rounded in both source tables; original report required.,"{""price"":8280,""lab"":""GIA"",""certificate"":2496000000}"
diamond stock,FJ388,Source confirmation required,Stock 9216: Certificate number appears rounded in both source tables; original report required.,"{""price"":919.9999999999999,""lab"":""GIA"",""certificate"":7361000000}"
diamond stock,FJ389,Source confirmation required,Stock 258: Certificate number appears rounded in both source tables; original report required.,"{""price"":1569.7499999999998,""lab"":""GIA"",""certificate"":2237000000}"
diamond stock,FJ390,Source confirmation required,Stock 6182: Certificate number appears rounded in both source tables; original report required.,"{""price"":807.3,""lab"":""GIA"",""certificate"":2221000000}"
diamond stock,FJ392,Source confirmation required,Stock 1398: Certificate number appears rounded in both source tables; original report required.,"{""price"":6595.249999999999,""lab"":""GIA"",""certificate"":2257000000}"
diamond stock,FJ393,Source confirmation required,Stock 149: Certificate number appears rounded in both source tables; original report required.,"{""price"":3191.2499999999995,""lab"":""GIA"",""certificate"":2187000000}"
diamond stock,FJ395,Source confirmation required,Stock 5756: Certificate number appears rounded in both source tables; original report required.,"{""price"":2553,""lab"":""GIA"",""certificate"":1190000000}"
diamond stock,FJ396,Source confirmation required,Stock 5737: Certificate number appears rounded in both source tables; original report required.,"{""price"":1319.05,""lab"":""GIA"",""certificate"":5423000000}"
diamond stock,FJ397,Source confirmation required,Stock 7686: Certificate number appears rounded in both source tables; original report required.,"{""price"":1242,""lab"":""GIA"",""certificate"":6482000000}"
diamond stock,"FL398, FJ398",Source confirmation required,Stock 9590: Price/ct is zero; source quotation required; Certificate number appears rounded in both source tables; original report required.,"{""price"":0,""lab"":""GIA"",""certificate"":2407000000}"
diamond stock,FJ399,Source confirmation required,Stock 2308: Certificate number appears rounded in both source tables; original report required.,"{""price"":603.75,""lab"":""GIA"",""certificate"":6251000000}"
diamond stock,FJ400,Source confirmation required,Stock 5608: Certificate number appears rounded in both source tables; original report required.,"{""price"":5635,""lab"":""GIA"",""certificate"":5414000000}"
diamond stock,FJ401,Source confirmation required,Stock 7799: Certificate number appears rounded in both source tables; original report required.,"{""price"":804.9999999999999,""lab"":""GIA"",""certificate"":5474000000}"
diamond stock,FJ402,Source confirmation required,Stock 7132: Certificate number appears rounded in both source tables; original report required.,"{""price"":724.5,""lab"":""GIA"",""certificate"":7403000000}"
diamond stock,FJ404,Source confirmation required,Stock 8832: Certificate number appears rounded in both source tables; original report required.,"{""price"":322,""lab"":""GIA"",""certificate"":2409000000}"
diamond stock,"FJ405, EZ405",Source confirmation required,Stock 3442: Certificate number appears rounded in both source tables; original report required; clarity missing from source.,"{""price"":40250,""lab"":""GIA"",""certificate"":6165000000}"
diamond stock,FJ406,Source confirmation required,Stock 2545: Certificate number appears rounded in both source tables; original report required.,"{""price"":508.3,""lab"":""GIA"",""certificate"":5202000000}"
diamond stock,FJ407,Source confirmation required,Stock 6073: Certificate number appears rounded in both source tables; original report required.,"{""price"":977.5,""lab"":""GIA"",""certificate"":5434000000}"
diamond stock,FJ408,Source confirmation required,Stock 2236: Certificate number appears rounded in both source tables; original report required.,"{""price"":3127.9999999999995,""lab"":""GIA"",""certificate"":2186000000}"
diamond stock,FJ409,Source confirmation required,Stock 6335: Certificate number appears rounded in both source tables; original report required.,"{""price"":2658.7999999999997,""lab"":""GIA"",""certificate"":2477000000}"
diamond stock,FJ410,Source confirmation required,Stock 7133: Certificate number appears rounded in both source tables; original report required.,"{""price"":1563.9999999999998,""lab"":""GIA"",""certificate"":1460000000}"
diamond stock,FJ411,Source confirmation required,Stock 6012: Certificate number appears rounded in both source tables; original report required.,"{""price"":387.09,""lab"":""GIA"",""certificate"":1436000000}"
diamond stock,FJ412,Source confirmation required,Stock 7797: Certificate number appears rounded in both source tables; original report required.,"{""price"":1173,""lab"":""GIA"",""certificate"":6462000000}"
diamond stock,FL413,Source confirmation required,Stock 9500: Price/ct is zero; source quotation required.,"{""price"":0,""lab"":""IGI"",""certificate"":797659571}"
diamond stock,FJ415,Source confirmation required,Stock 4966: Certificate number appears rounded in both source tables; original report required.,"{""price"":189.74999999999997,""lab"":""GIA"",""certificate"":6412000000}"
diamond stock,FJ416,Source confirmation required,Stock 7338: Certificate number appears rounded in both source tables; original report required.,"{""price"":1328.25,""lab"":""GIA"",""certificate"":6482000000}"
diamond stock,"FJ417, EZ417",Source confirmation required,Stock 257: Certificate number appears rounded in both source tables; original report required; clarity missing from source.,"{""price"":2656.5,""lab"":""GIA"",""certificate"":6186000000}"
diamond stock,FJ418,Source confirmation required,Stock 4610: Certificate number appears rounded in both source tables; original report required.,"{""price"":68310,""lab"":""GIA"",""certificate"":2317000000}"
diamond stock,FJ419,Source confirmation required,Stock 7106: Certificate number appears rounded in both source tables; original report required.,"{""price"":1366.1999999999998,""lab"":""GIA"",""certificate"":6415000000}"
diamond stock,FJ420,Source confirmation required,Stock 7102: Certificate number appears rounded in both source tables; original report required.,"{""price"":1100.55,""lab"":""GIA"",""certificate"":1285000000}"
diamond stock,FJ421,Source confirmation required,Stock 6273: Certificate number appears rounded in both source tables; original report required.,"{""price"":1472,""lab"":""GIA"",""certificate"":5436000000}"
diamond stock,FJ422,Source confirmation required,Stock 6696: Certificate number appears rounded in both source tables; original report required.,"{""price"":2044.24,""lab"":""GIA"",""certificate"":6443000000}"
diamond stock,FJ423,Source confirmation required,Stock 2385: Certificate number appears rounded in both source tables; original report required.,"{""price"":1030.3999999999999,""lab"":""GIA"",""certificate"":5182000000}"
diamond stock,FJ424,Source confirmation required,Stock 333: Certificate number appears rounded in both source tables; original report required.,"{""price"":14719.999999999998,""lab"":""GIA"",""certificate"":6183000000}"
diamond stock,FJ425,Source confirmation required,Stock 2992: Certificate number appears rounded in both source tables; original report required.,"{""price"":294.4,""lab"":""GIA"",""certificate"":3276000000}"
diamond stock,"FJ426, EZ426",Source confirmation required,Stock 2056: Certificate number appears rounded in both source tables; original report required; clarity missing from source.,"{""price"":11764.5,""lab"":""GIA"",""certificate"":2182000000}"
diamond stock,FJ427,Source confirmation required,Stock 1464: Certificate number appears rounded in both source tables; original report required.,"{""price"":1604.2499999999998,""lab"":""GIA"",""certificate"":5203000000}"
diamond stock,FJ429,Source confirmation required,Stock 6072: Certificate number appears rounded in both source tables; original report required.,"{""price"":891.2499999999999,""lab"":""GIA"",""certificate"":2435000000}"
diamond stock,FJ430,Source confirmation required,Stock 6404: Certificate number appears rounded in both source tables; original report required.,"{""price"":891.2499999999999,""lab"":""GIA"",""certificate"":2222000000}"
diamond stock,FJ431,Source confirmation required,Stock 5771: Certificate number appears rounded in both source tables; original report required.,"{""price"":641.6999999999999,""lab"":""GIA"",""certificate"":7411000000}"
diamond stock,FJ432,Source confirmation required,Stock 3746: Certificate number appears rounded in both source tables; original report required.,"{""price"":1069.5,""lab"":""GIA"",""certificate"":5346000000}"
diamond stock,FJ433,Source confirmation required,Stock 5522: Certificate number appears rounded in both source tables; original report required.,"{""price"":17825,""lab"":""GIA"",""certificate"":6305000000}"
diamond stock,FJ434,Source confirmation required,Stock 7153: Certificate number appears rounded in both source tables; original report required.,"{""price"":2760,""lab"":""GIA"",""certificate"":6451000000}"
diamond stock,"FJ435, EZ435",Source confirmation required,Stock 2557: Certificate number appears rounded in both source tables; original report required; clarity missing from source.,"{""price"":1035,""lab"":""GIA"",""certificate"":2246000000}"
diamond stock,FJ436,Source confirmation required,Stock 7135: Certificate number appears rounded in both source tables; original report required.,"{""price"":724.5,""lab"":""GIA"",""certificate"":6455000000}"
diamond stock,FJ437,Source confirmation required,Stock 1483: Certificate number appears rounded in both source tables; original report required.,"{""price"":12074.999999999998,""lab"":""GIA"",""certificate"":5203000000}"
diamond stock,FJ438,Source confirmation required,Stock 3380: Certificate number appears rounded in both source tables; original report required.,"{""price"":276,""lab"":""GIA"",""certificate"":2339000000}"
diamond stock,"FL440, EZ440",Source confirmation required,Stock 2967: Price/ct is zero; source quotation required; clarity missing from source.,"{""price"":0,""lab"":""CGL"",""certificate"":""H8423497""}"
diamond stock,FJ441,Source confirmation required,Stock 1836: Certificate number appears rounded in both source tables; original report required.,"{""price"":189.74999999999997,""lab"":""GIA"",""certificate"":1234000000}"
diamond stock,FJ442,Source confirmation required,Stock 6395: Certificate number appears rounded in both source tables; original report required.,"{""price"":1311,""lab"":""GIA"",""certificate"":1227000000}"
diamond stock,FJ443,Source confirmation required,Stock 7109: Certificate number appears rounded in both source tables; original report required.,"{""price"":2299.77,""lab"":""GIA"",""certificate"":3446000000}"
diamond stock,FJ444,Source confirmation required,Stock 7134: Certificate number appears rounded in both source tables; original report required.,"{""price"":621,""lab"":""GIA"",""certificate"":7456000000}"
diamond stock,FJ445,Source confirmation required,Stock 7337: Certificate number appears rounded in both source tables; original report required.,"{""price"":690,""lab"":""GIA"",""certificate"":6481000000}"
diamond stock,FJ446,Source confirmation required,Stock 6322: Certificate number appears rounded in both source tables; original report required.,"{""price"":1173,""lab"":""GIA"",""certificate"":5222000000}"
diamond stock,FJ447,Source confirmation required,Stock 9257: Certificate number appears rounded in both source tables; original report required.,"{""price"":345,""lab"":""GIA"",""certificate"":6402000000}"
diamond stock,FJ448,Source confirmation required,Stock 9189: Certificate number appears rounded in both source tables; original report required.,"{""price"":621,""lab"":""GIA"",""certificate"":2418000000}"
diamond stock,FJ449,Source confirmation required,Stock 9245: Certificate number appears rounded in both source tables; original report required.,"{""price"":517.5,""lab"":""GIA"",""certificate"":1526000000}"
diamond stock,"FJ450, FD450",Source confirmation required,Stock 7105: Certificate number appears rounded in both source tables; original report required; measurements missing from source.,"{""price"":3066.3599999999997,""lab"":""GIA"",""certificate"":6342000000}"
diamond stock,FJ451,Source confirmation required,Stock 9191: Certificate number appears rounded in both source tables; original report required.,"{""price"":345,""lab"":""GIA"",""certificate"":2226000000}"
diamond stock,FJ452,Source confirmation required,Stock 3164: Certificate number appears rounded in both source tables; original report required.,"{""price"":276,""lab"":""GIA"",""certificate"":7303000000}"
diamond stock,FJ454,Source confirmation required,Stock 3194: Certificate number appears rounded in both source tables; original report required.,"{""price"":965.9999999999999,""lab"":""GIA"",""certificate"":7346000000}"
diamond stock,FJ455,Source confirmation required,Stock 7685: Certificate number appears rounded in both source tables; original report required.,"{""price"":1000.4999999999998,""lab"":""GIA"",""certificate"":6482000000}"
diamond stock,FJ456,Source confirmation required,Stock 6128: Certificate number appears rounded in both source tables; original report required.,"{""price"":2254.6440000000002,""lab"":""GIA"",""certificate"":7426000000}"
diamond stock,FJ460,Source confirmation required,Stock 6067: Certificate number appears rounded in both source tables; original report required.,"{""price"":1271.8999999999999,""lab"":""GIA"",""certificate"":5327000000}"
diamond stock,FJ461,Source confirmation required,Stock 6096: Certificate number appears rounded in both source tables; original report required.,"{""price"":815.0624999999999,""lab"":""GIA"",""certificate"":2437000000}"
diamond stock,FJ462,Source confirmation required,Stock 606: Certificate number appears rounded in both source tables; original report required.,"{""price"":2484,""lab"":""GIA"",""certificate"":6196000000}"
diamond stock,FJ463,Source confirmation required,Stock 5461: Certificate number appears rounded in both source tables; original report required.,"{""price"":18102.15,""lab"":""GIA"",""certificate"":2369000000}"
diamond stock,FJ464,Source confirmation required,Stock 2237: Certificate number appears rounded in both source tables; original report required.,"{""price"":2235.6,""lab"":""GIA"",""certificate"":6183000000}"
diamond stock,FL465,Source confirmation required,Stock 2960: Price/ct is zero; source quotation required.,"{""price"":0,""lab"":""CGL"",""certificate"":""H8423498""}"
diamond stock,FD466,Source confirmation required,Stock 2494: measurements missing from source.,"{""price"":598,""lab"":""CGL"",""certificate"":""N0986165""}"
diamond stock,FJ468,Source confirmation required,Stock 423: Certificate number appears rounded in both source tables; original report required.,"{""price"":5979.999999999999,""lab"":""GIA"",""certificate"":2204000000}"
diamond stock,FJ469,Source confirmation required,Stock 2529: Certificate number appears rounded in both source tables; original report required.,"{""price"":10465,""lab"":""GIA"",""certificate"":2173000000}"
diamond stock,FJ471,Source confirmation required,Stock 6071: Certificate number appears rounded in both source tables; original report required.,"{""price"":718.75,""lab"":""GIA"",""certificate"":1434000000}"
diamond stock,FJ472,Source confirmation required,Stock 7157: Certificate number appears rounded in both source tables; original report required.,"{""price"":1121.25,""lab"":""GIA"",""certificate"":1459000000}"
diamond stock,FJ473,Source confirmation required,Stock 7155: Certificate number appears rounded in both source tables; original report required.,"{""price"":2875,""lab"":""GIA"",""certificate"":1450000000}"
diamond stock,FJ474,Source confirmation required,Stock 7154: Certificate number appears rounded in both source tables; original report required.,"{""price"":2875,""lab"":""GIA"",""certificate"":3446000000}"
diamond stock,FJ475,Source confirmation required,Stock 2887: Certificate number appears rounded in both source tables; original report required.,"{""price"":5750,""lab"":""GIA"",""certificate"":2297000000}"
diamond stock,FJ476,Source confirmation required,Stock 1583: Certificate number appears rounded in both source tables; original report required.,"{""price"":4168.75,""lab"":""GIA"",""certificate"":2185000000}"
diamond stock,FJ477,Source confirmation required,Stock 7156: Certificate number appears rounded in both source tables; original report required.,"{""price"":2874.7124999999996,""lab"":""GIA"",""certificate"":7458000000}"
diamond stock,FJ478,Source confirmation required,Stock 7098: Certificate number appears rounded in both source tables; original report required.,"{""price"":201.24999999999997,""lab"":""GIA"",""certificate"":2176000000}"
diamond stock,FJ479,Source confirmation required,Stock 5601: Certificate number appears rounded in both source tables; original report required.,"{""price"":1006.2499999999999,""lab"":""GIA"",""certificate"":6422000000}"
diamond stock,FJ480,Source confirmation required,Stock 1327: Certificate number appears rounded in both source tables; original report required.,"{""price"":4312.5,""lab"":""GIA"",""certificate"":2125000000}"
diamond stock,FJ481,Source confirmation required,Stock 314: Certificate number appears rounded in both source tables; original report required.,"{""price"":3449.9999999999995,""lab"":""GIA"",""certificate"":2196000000}"
diamond stock,FJ482,Source confirmation required,Stock 5755: Certificate number appears rounded in both source tables; original report required.,"{""price"":5175,""lab"":""GIA"",""certificate"":3555000000}"
diamond stock,"FJ483, EZ483",Source confirmation required,Stock 1460: Certificate number appears rounded in both source tables; original report required; clarity missing from source.,"{""price"":5520,""lab"":""GIA"",""certificate"":2254000000}"
diamond stock,FJ484,Source confirmation required,Stock 6289: Certificate number appears rounded in both source tables; original report required.,"{""price"":276,""lab"":""GIA"",""certificate"":6321000000}"
diamond stock,FL485,Source confirmation required,Stock 2964: Price/ct is zero; source quotation required.,"{""price"":0,""lab"":""CGL"",""certificate"":""H9209032""}"
diamond stock,FJ486,Source confirmation required,Stock 2558: Certificate number appears rounded in both source tables; original report required.,"{""price"":4761,""lab"":""GIA"",""certificate"":5173000000}"
diamond stock,FJ487,Source confirmation required,Stock 6852: Certificate number appears rounded in both source tables; original report required.,"{""price"":1322.5,""lab"":""GIA"",""certificate"":6228000000}"
diamond stock,FJ488,Source confirmation required,Stock 6856: Certificate number appears rounded in both source tables; original report required.,"{""price"":11902.499999999998,""lab"":""GIA"",""certificate"":2224000000}"
diamond stock,FJ489,Source confirmation required,Stock 6330: Certificate number appears rounded in both source tables; original report required.,"{""price"":581.9,""lab"":""GIA"",""certificate"":5181000000}"
diamond stock,"FL490, FD490",Source confirmation required,Stock 2972: Price/ct is zero; source quotation required; measurements missing from source.,"{""price"":0,""lab"":""CGL"",""certificate"":""H9400317""}"
diamond stock,FJ491,Source confirmation required,Stock 1059: Certificate number appears rounded in both source tables; original report required.,"{""price"":5060,""lab"":""GIA"",""certificate"":7229000000}"
diamond stock,"FJ492, EZ492",Source confirmation required,Stock 2785: Certificate number appears rounded in both source tables; original report required; clarity missing from source.,"{""price"":1931.9999999999998,""lab"":""GIA"",""certificate"":7246000000}"
diamond stock,"FJ493, EZ493",Source confirmation required,Stock 79: Certificate number appears rounded in both source tables; original report required; clarity missing from source.,"{""price"":7244.999999999999,""lab"":""GIA"",""certificate"":6128000000}"
diamond stock,FJ495,Source confirmation required,Stock 2562: Certificate number appears rounded in both source tables; original report required.,"{""price"":10867.5,""lab"":""GIA"",""certificate"":6205000000}"
diamond stock,FJ496,Source confirmation required,Stock 221: Certificate number appears rounded in both source tables; original report required.,"{""price"":2415,""lab"":""GIA"",""certificate"":7191000000}"
diamond stock,FJ497,Source confirmation required,Stock 408: Certificate number appears rounded in both source tables; original report required.,"{""price"":4830,""lab"":""GIA"",""certificate"":6186000000}"
diamond stock,FJ498,Source confirmation required,Stock 6329: Certificate number appears rounded in both source tables; original report required.,"{""price"":531.3,""lab"":""GIA"",""certificate"":1182000000}"
diamond stock,FL499,Source confirmation required,Stock 2969: Price/ct is zero; source quotation required.,"{""price"":0,""lab"":""CGL"",""certificate"":""H9400319""}"
diamond stock,FJ500,Source confirmation required,Stock 305: Certificate number appears rounded in both source tables; original report required.,"{""price"":1954.9999999999998,""lab"":""GIA"",""certificate"":7182000000}"
diamond stock,FJ501,Source confirmation required,Stock 3761: Certificate number appears rounded in both source tables; original report required.,"{""price"":1150,""lab"":""GIA"",""certificate"":5222000000}"
diamond stock,FJ502,Source confirmation required,Stock 2541: Certificate number appears rounded in both source tables; original report required.,"{""price"":873.9999999999999,""lab"":""GIA"",""certificate"":2201000000}"
diamond stock,FJ503,Source confirmation required,Stock 8911: Certificate number appears rounded in both source tables; original report required.,"{""price"":1747.9999999999998,""lab"":""GIA"",""certificate"":5221000000}"
diamond stock,FJ504,Source confirmation required,Stock 402: Certificate number appears rounded in both source tables; original report required.,"{""price"":5462.5,""lab"":""GIA"",""certificate"":6186000000}"
diamond stock,FJ505,Source confirmation required,Stock 2499: Certificate number appears rounded in both source tables; original report required.,"{""price"":1942.0279999999998,""lab"":""GIA"",""certificate"":2201000000}"
diamond stock,FJ506,Source confirmation required,Stock 5404: Certificate number appears rounded in both source tables; original report required.,"{""price"":1655.9999999999998,""lab"":""GIA"",""certificate"":6227000000}"
diamond stock,"FJ507, EZ507",Source confirmation required,Stock 286: Certificate number appears rounded in both source tables; original report required; clarity missing from source.,"{""price"":2691,""lab"":""GIA"",""certificate"":6195000000}"
diamond stock,"FJ508, EZ508",Source confirmation required,Stock 304: Certificate number appears rounded in both source tables; original report required; clarity missing from source.,"{""price"":1862.9999999999998,""lab"":""GIA"",""certificate"":5141000000}"
diamond stock,FJ510,Source confirmation required,Stock 252: Certificate number appears rounded in both source tables; original report required.,"{""price"":2932.5,""lab"":""GIA"",""certificate"":1189000000}"
diamond stock,FL511,Source confirmation required,Stock 2970: Price/ct is zero; source quotation required.,"{""price"":0,""lab"":""CGL"",""certificate"":""H9400320""}"
diamond stock,FJ512,Source confirmation required,Stock 244: Certificate number appears rounded in both source tables; original report required.,"{""price"":3863.9999999999995,""lab"":""GIA"",""certificate"":7182000000}"
diamond stock,FJ513,Source confirmation required,Stock 586: Certificate number appears rounded in both source tables; original report required.,"{""price"":1288,""lab"":""GIA"",""certificate"":6186000000}"
diamond stock,FJ515,Source confirmation required,Stock 309: Certificate number appears rounded in both source tables; original report required.,"{""price"":3679.9999999999995,""lab"":""GIA"",""certificate"":6186000000}"
diamond stock,FJ516,Source confirmation required,Stock 409: Certificate number appears rounded in both source tables; original report required.,"{""price"":3449.9999999999995,""lab"":""GIA"",""certificate"":6186000000}"
diamond stock,FJ517,Source confirmation required,Stock 256: Certificate number appears rounded in both source tables; original report required.,"{""price"":3794.9999999999995,""lab"":""GIA"",""certificate"":6186000000}"
diamond stock,"FJ520, EZ520",Source confirmation required,Stock 2386: Certificate number appears rounded in both source tables; original report required; clarity missing from source.,"{""price"":603.75,""lab"":""GIA"",""certificate"":5182000000}"
diamond stock,FL521,Source confirmation required,Stock 2966: Price/ct is zero; source quotation required.,"{""price"":0,""lab"":""CGL"",""certificate"":""H9209036""}"
diamond stock,FJ522,Source confirmation required,Stock 5583: Certificate number appears rounded in both source tables; original report required.,"{""price"":896.9999999999999,""lab"":""GIA"",""certificate"":2225000000}"
diamond stock,"FJ523, EZ523",Source confirmation required,Stock 598: Certificate number appears rounded in both source tables; original report required; clarity missing from source.,"{""price"":2691,""lab"":""GIA"",""certificate"":7182000000}"
diamond stock,FD524,Source confirmation required,Stock 2640: measurements missing from source.,"{""price"":3449.9999999999995,""lab"":""CGL"",""certificate"":""o2002908""}"
diamond stock,"FJ525, EZ525",Source confirmation required,Stock 681: Certificate number appears rounded in both source tables; original report required; clarity missing from source.,"{""price"":2277,""lab"":""GIA"",""certificate"":1189000000}"
diamond stock,"FJ526, EZ526",Source confirmation required,Stock 241: Certificate number appears rounded in both source tables; original report required; clarity missing from source.,"{""price"":2530,""lab"":""GIA"",""certificate"":1189000000}"
diamond stock,FJ527,Source confirmation required,Stock 9480: Certificate number appears rounded in both source tables; original report required.,"{""price"":8222.5,""lab"":""GIA"",""certificate"":2224000000}"
diamond stock,EX528,Source confirmation required,Stock 1065: colour missing from source.,"{""price"":575,""lab"":""CGL"",""certificate"":""H782193""}"
diamond stock,FD529,Source confirmation required,Stock 2507: measurements missing from source.,"{""price"":1035,""lab"":""CGL"",""certificate"":""N0970377""}"
diamond stock,FL530,Source confirmation required,Stock 2961: Price/ct is zero; source quotation required.,"{""price"":0,""lab"":""CGL"",""certificate"":""H9209034""}"
diamond stock,FD531,Source confirmation required,Stock 2503: measurements missing from source.,"{""price"":109.47999999999999,""lab"":""AGT"",""certificate"":7738489}"
diamond stock,"FL532, FJ532",Source confirmation required,Stock 3602: Price/ct is zero; source quotation required; Certificate number appears rounded in both source tables; original report required.,"{""price"":0,""lab"":""GIA"",""certificate"":1206000000}"
diamond stock,FD533,Source confirmation required,Stock 2509: measurements missing from source.,"{""price"":63.537499999999994,""lab"":""CGL"",""certificate"":""N0981684""}"
diamond stock,EV1 / H2:H535 / FJ2:FJ535,Fixed,Replaced same-workbook IMPORTRANGE + QUERY with direct FILTER to preserve text certificate numbers and avoid self-import reloads.,39 alphanumeric certificate numbers restored
diamond stock,H2:H535 / FJ2:FJ535; Tag Print!O2:O874,Fixed,Displayed numeric certificate IDs as full integers instead of scientific notation; original rounded IDs remain flagged.,Formatting only; no invented certificate digits
diamond stock,AD3 / AD4,Source confirmation required,Removed natural-origin wording from titles with LG-prefixed certificates pending origin confirmation.,Stocks 9582 and 9583
