# Required | A unique content ID for the item. Use the item's SKU if you can. Each content ID must appear only once in your catalog. To run dynamic ads this ID must exactly match the content ID for the same item in your Meta Pixel code. Character limit: 100,# Required | A specific and relevant title for the item. See title specifications: https://www.facebook.com/business/help/2104231189874655 Character limit: 200,# Required | A short and relevant description of the item. Include specific or unique product features like material or color. Use plain text and don't enter text in all capital letters. See description specifications: https://www.facebook.com/business/help/2302017289821154 Character limit: 9999,# Required | The current availability of the item. | Supported values: in stock; out of stock,# Required | The current condition of the item. | Supported values: new; used,# Required | The price of the item. Format the price as a number followed by the 3-letter currency code (ISO 4217 standards). Use a period (.) as the decimal point; don't use a comma.,# Required | The URL of the specific product page where people can buy the item.,# Required | The URL for the main image of your item. Images must be in a supported format (JPG/GIF/PNG) and at least 500 x 500 pixels.,# Required | The brand name of the item. Character limit: 100.,# Optional | The Google product category for the item. Learn more about product categories: https://www.facebook.com/business/help/526764014610932.,# Optional | The Facebook product category for the item. Learn more about product categories: https://www.facebook.com/business/help/526764014610932.,# Optional | The quantity of this item you have to sell on Facebook and Instagram with checkout. Must be 1 or higher or the item won't be buyable,# Optional | The discounted price of the item if it's on sale. Format the price as a number followed by the 3-letter currency code (ISO 4217 standards). Use a period (.) as the decimal point; don't use a comma. A sale price is required if you want to use an overlay for discounted prices.,# Optional | The time range for your sale period. Includes the date and time/time zone when your sale starts and ends. If this field is blank any items with a sale_price remain on sale until you remove the sale price. Use this format: YYYY-MM-DDT23:59+00:00/YYYY-MM-DDT23:59+00:00. Enter the start date as YYYY-MM-DD. Enter a 'T'. Enter the start time in 24-hour format (00:00 to 23:59) followed by the UTC time zone (-12:00 to +14:00). Enter '/' and then repeat the same format for your end date and time. The example row below uses PST time zone (-08:00).,# Optional | Use this field to create variants of the same item. Enter the same group ID for all variants within a group. Learn more about variants: https://www.facebook.com/business/help/2256580051262113 Character limit: 100.,# Optional | The gender of a person that the item is targeted towards. | Supported values: female; male; unisex,# Optional | The color of the item. Use one or more words to describe the color. Don't use a hex code. Character limit: 200.,# Optional | The size of the item written as a word or abbreviation or number. For example: small; XL; 12. Character limit: 200.,# Optional | The age group that the item is targeted towards. | Supported values: adult; all ages; infant; kids; newborn; teen; toddler,# Optional | The material the item is made from; such as cotton; denim or leather. Character limit: 200.,# Optional | The pattern or graphic print on the item. Character limit: 100.,"# Optional | Shipping details for the item. Format as Country:Region:Service:Price. Include the 3-letter ISO 4217 currency code in the price. Enter the price as 0.0 to use the free shipping overlay in your ads. Use a semi-colon ';' or a comma "";"" to separate multiple shipping details for different regions or countries. Only people in the specified region or country will see shipping details for that region or country. You can leave out the region (keep the double '::') if your shipping details are the same for an entire country.",# Optional | The shipping weight of the item. Include the unit of measurement (lb/oz/g/kg).,"# Optional | Legal disclaimer text for product offers. This text provides important legal or regulatory information that must be displayed with the product offer. For example: ""Valid while supplies last. Terms and conditions apply.""","# Optional | URL linking to the full disclaimer text. This provides a link to a page containing the complete disclaimer information for the product offer. For example: ""https://example.com/terms-and-conditions""",# Optional | The URL for a video of your product. Link should be a videos file on a file hosting website; not a video player. Videos must be in a supported format (.3g2; .3gp; .3gpp; .asf; .avi; .dat; .divx; .dv; .f4v; .flv; .gif; .m2ts; .m4v; .mkv; .mod; .mov; .mp4; .mpe; .mpeg; .mpeg4; .mpg; .mts; .nsv; .ogm; .ogv; .qt; .tod; .ts; .vob or .wmv).,# Optional | The item’s Global Trade Item Number (GTIN). Recommended to help classify the item. May appear on the barcode; packaging or book cover. Only provide GTIN if you’re sure it’s correct. GTIN types include UPC (12 digits); EAN (13 digits); JAN (8 or 13 digits); ISBN (13 digits) or ITF-14 (14 digits),# Optional | Add labels to products to help filter them into product sets. Max characters: 110 per label; 5000 labels per product,# Optional | Describe the fashion style of this item.
id,title,description,availability,condition,price,link,image_link,brand,google_product_category,fb_product_category,quantity_to_sell_on_facebook,sale_price,sale_price_effective_date,item_group_id,gender,color,size,age_group,material,pattern,shipping,shipping_weight,offer_disclaimer,offer_disclaimer_url,video[0].tag[0],gtin,product_tags[1],style[0]
665_142,"Discover the unparalleled beauty of this 0.84-carat Fancy Yellow masterpiece, meticulously set in 18k. Each facet tells a story of nature's extraordinary artistry, cut to perfection by master artisans. This earring represents the ultimate expression of luxury — a rare treasure that transcends time and trends, destined to become a cherished heirloom for generations.",1.66ct Fancy Yellow VS GIA 18k Yellow Gold Earrings,in stock,new,60012.72 HKD,https://colourdiam.com/productdetail/Menu/665/142,https://www.colourdiam.com/Product/Jewellery/665_142/white45/center.jpg,ColourDiam,Apparel & Accessories > Jewelry,,1,,,,unisex,,,adult,,,,,,,,,GIA,Fine Jewelry
298,"Discover the unparalleled beauty of this 2.01-carat Fancy Intense Yellow masterpiece, meticulously set in 18K. Each facet tells a story of nature's extraordinary artistry, cut to perfection by master artisans. This ring represents the ultimate expression of luxury — a rare treasure that transcends time and trends, destined to become a cherished heirloom for generations.",2.01ct Fancy Intense Yellow GIA 18K Gold Ring,in stock,new,180489.4 HKD,https://colourdiam.com/productdetail/298,https://www.colourdiam.com/Product/Jewellery/298/white45/center.jpg,ColourDiam,Apparel & Accessories > Jewelry,,1,,,,unisex,,,adult,,,,,,,,,GIA,Fine Jewelry
414,"Discover the unparalleled beauty of this -carat Fancy Pink masterpiece, meticulously set in 18K. Each facet tells a story of nature's extraordinary artistry, cut to perfection by master artisans. This ring represents the ultimate expression of luxury — a rare treasure that transcends time and trends, destined to become a cherished heirloom for generations.",0.377ct Fancy Pink SI1 Platinum Diamond Ring,in stock,new,49634.58 HKD,https://colourdiam.com/productdetail/414,https://www.colourdiam.com/Product/Jewellery/414/white45/center.jpg,ColourDiam,Apparel & Accessories > Jewelry,,1,,,,unisex,,,adult,,,,,,,,,NON CERTIFIED,Fine Jewelry
415,"Indulge in the delicate allure of a natural pink diamond. This masterfully crafted 18k Platinum ring showcases a 0.175 Carat Fancy Pink diamond of SI1 clarity. To maximize its presence and light performance, it is framed by a generous halo and split-shank setting featuring 50 brilliant-cut white diamonds totaling 0.81 carats. A magnificent choice for a romantic proposal or a standout collector's piece.",0.18ct Fancy Pink SI1 18k Platinum Diamond Ring,in stock,new,49634.58 HKD,https://colourdiam.com/productdetail/415,https://www.colourdiam.com/Product/Jewellery/415/white45/center.jpg,ColourDiam,Apparel & Accessories > Jewelry,,1,,,,unisex,,,adult,,,,,,,,,NON CERTIFIED,Fine Jewelry
416,"Elegance lies in the details. This heavy 18k Platinum band (7.805g) centers a beautifully bright 0.272 Carat Very Light Pink Diamond with clean SI1 clarity. Designed for those who prefer an understated yet incredibly rare look, the pastel pink centerpiece is flanked by 22 pristine white diamonds totaling 0.32 carats. A sleek, contemporary approach to high-end diamond jewelry.",0.27ct Very Light Pink Diamond Platinum Ring,in stock,new,49634.58 HKD,https://colourdiam.com/productdetail/416,https://www.colourdiam.com/Product/Jewellery/416/white45/center.jpg,ColourDiam,Apparel & Accessories > Jewelry,,1,,,,unisex,,,adult,,,,,,,,,NON CERTIFIED,Fine Jewelry
461,"A symphony of light and intense golden color. This majestic 18k gold masterpiece holds a 1.26 Carat GIA-Certified Fancy Intense Yellow Diamond (SI1 clarity). The striking central cushion-like glow is enhanced by a tiered mosaic of luxury accents: 30 yellow diamonds (0.223 cts) to boost the golden tone, 68 white diamonds (0.259 cts) for crisp fire, and 8 brilliant pear-cut diamonds (0.30 cts) providing a crown-like architectural border. An absolute showstopper.",1.26ct Fancy Intense Yellow GIA 18k Yellow Gold Ring,in stock,new,94756.93 HKD,,https://www.colourdiam.com/Product/Jewellery/461/white45/center.jpg,ColourDiam,Apparel & Accessories > Jewelry,,1,,,,unisex,,,adult,,,,,,,,,GIA,Fine Jewelry
633,"Step into an elite tier of collecting with one of nature’s rarest wonders: a natural green diamond. Certified by AGL, this 18k gold ring features an impressive 1.62 Carat Fancy Green Diamond (SI clarity). To honor its exceptionally rare earthy tone, the center stone is nestled in a rich double-halo configuration composed of 44 vibrant yellow diamonds (0.20 cts) and 67 fiery white diamonds (0.532 cts). A dramatic, mesmerizing ring designed for the true connoisseur.",1.62ct Fancy Green SI AGL 18k Gold Ring,in stock,new,40610.11 HKD,,https://www.colourdiam.com/Product/Jewellery/633/white45/center.jpg,ColourDiam,Apparel & Accessories > Jewelry,,1,,,,unisex,,,adult,,,,,,,,,AGL,Fine Jewelry
731,"A study in rare color harmony, this 18k gold ring showcases a 0.83 ct Fancy Light Green diamond with VS1 clarity, accompanied by GIA certificate 2173315579. The center diamond’s subtle green tone is highlighted by 62 pink diamonds totaling 0.328 ct and 44 white diamonds totaling 0.058 ct. Together, these accents create a graceful dialogue between pastel warmth, crisp brilliance and the distinctive green centerpiece.

The 4.347-gram setting gives the main diamond visual prominence while allowing the surrounding stones to enrich its color without overwhelming it. The unusual combination of green, pink and white diamonds gives the ring strong collector appeal and makes it especially suited to those who value individuality over convention.

Elegant, uncommon and beautifully balanced, STK 731 reflects Colour Diam’s focus on fancy color diamonds and thoughtfully composed jewelry.",0.83ct Fancy Light Green VS1 GIA 18k Green Ring,in stock,new,130854.81 HKD,https://colourdiam.com/productdetail/731,https://www.colourdiam.com/Product/Jewellery/731/white45/center.jpg,ColourDiam,Apparel & Accessories > Jewelry,,1,,,,unisex,,,adult,,,,,,,,,GIA,Fine Jewelry
1003,"Warm, luminous and confidently elegant, STK 1003 presents a 1.05 ct Fancy Yellow diamond with SI1 clarity, accompanied by GIA certificate 6204245426. The center stone is set in an 18k gold ring weighing 4.07 grams and enhanced by 40 white diamonds totaling 0.26 ct.

The white diamond accents create a crisp frame around the yellow centerpiece, emphasizing its color and adding movement through reflected light. The result is a versatile fancy color diamond ring that can be appreciated as a statement piece, an unconventional engagement ring or an addition to a curated jewelry collection.

Its GIA documentation records the center diamond’s stated characteristics, while the balanced setting gives the piece enduring elegance.",1.05ct Fancy Yellow GIA Certified 18k Gold Ring,in stock,new,139879.28 HKD,,https://www.colourdiam.com/Product/Jewellery/1003/white45/center.jpg,ColourDiam,Apparel & Accessories > Jewelry,,1,,,,unisex,,,adult,,,,,,,,,GIA,Fine Jewelry
1135,"STK 1135 is a richly composed fancy color diamond ring designed around a 1.02 ct Fancy Intense Yellow center diamond, accompanied by GIA certificate 7141644489. Crafted in 18k gold and weighing 5.55 grams, the ring brings together several diamond shapes and colors to create depth and architectural character.

Eight pear-shaped diamonds totaling 0.485 ct provide a sculptural frame. Fifty yellow diamonds totaling 0.247 ct reinforce the center stone’s golden tone, while 21 white diamonds totaling 0.237 ct introduce bright contrast.

The combination of a certified center diamond, substantial accent weight and detailed composition gives this ring notable collector and statement-jewelry appeal.",1.02ct Fancy Intense Yellow GIA 18k Ring,in stock,new,45122.35 HKD,https://colourdiam.com/productdetail/1135,https://www.colourdiam.com/Product/Jewellery/1135/white45/center.jpg,ColourDiam,Apparel & Accessories > Jewelry,,1,,,,unisex,,,adult,,,,,,,,,GIA,Fine Jewelry
1263,"Color defines STK 1263, an 18k gold ring centered with a 0.30 ct Fancy Green diamond of VS clarity. The center stone is accompanied by AGL report AGL23061119 and presented within a carefully layered arrangement of yellow, pink and white diamonds.

Twenty-one yellow diamonds totaling 0.06 ct add warmth, while 27 pink diamonds totaling 0.10 ct introduce a soft contrasting hue. A further 79 white diamonds totaling 0.325 ct provide brightness and definition.

The 5.183-gram setting gives the ring a substantial yet refined presence. Its unusual four-color composition offers distinctive collector appeal and reflects Colour Diam’s specialty in fancy color diamonds.",0.30ct Fancy Green VS 18K Diamond Ring,in stock,new,16244.05 HKD,https://colourdiam.com/productdetail/1263,https://www.colourdiam.com/Product/Jewellery/1263/white45/center.jpg,ColourDiam,Apparel & Accessories > Jewelry,,1,,,,unisex,,,adult,,,,,,,,,AGL,Fine Jewelry
1328,"Discover the unparalleled beauty of this -carat Natural Diamond masterpiece, meticulously set in 18K. Each facet tells a story of nature's extraordinary artistry, cut to perfection by master artisans. This ring represents the ultimate expression of luxury — a rare treasure that transcends time and trends, destined to become a cherished heirloom for generations.",0.60ct Fancy Light Green 18K Diamond Ring,in stock,new,108293.64 HKD,https://colourdiam.com/productdetail/1328,https://www.colourdiam.com/Product/Jewellery/1328/white45/center.jpg,ColourDiam,Apparel & Accessories > Jewelry,,1,,,,unisex,,,adult,,,,,,,,,GIA,Fine Jewelry
1333_6674_6673,"Discover the unparalleled beauty of this 0.91-carat Fancy Intense Yellow masterpiece, meticulously set in 18K. Each facet tells a story of nature's extraordinary artistry, cut to perfection by master artisans. This ring represents the ultimate expression of luxury — a rare treasure that transcends time and trends, destined to become a cherished heirloom for generations.","Exceptional Ring featuring a 0.91 carat Fancy Intense Yellow (SI1), set in luxurious 18K. a masterpiece of natural beauty and human artistry — a true masterpiece for the most discerning connoisseur.",in stock,new,139879.28 HKD,https://colourdiam.com/productdetail/Menu/1333/6674/6673,https://www.colourdiam.com/Product/Jewellery/1333_6674_6673/white45/center.jpg,ColourDiam,Apparel & Accessories > Jewelry,,1,,,,unisex,,,adult,,,,,,,,,GIA,Fine Jewelry
1477,"Discover the unparalleled beauty of this 1.52-carat Fancy Green masterpiece, meticulously set in 18K. Each facet tells a story of nature's extraordinary artistry, cut to perfection by master artisans. This ring represents the ultimate expression of luxury — a rare treasure that transcends time and trends, destined to become a cherished heirloom for generations.","Brilliant Ring featuring a 1.52 carat Fancy Green (SI2), set in luxurious 18K. an extraordinary expression of refined elegance — a true masterpiece for the most discerning connoisseur.",in stock,new,90244.7 HKD,,https://www.colourdiam.com/Product/Jewellery/1477/white45/center.jpg,ColourDiam,Apparel & Accessories > Jewelry,,1,,,,unisex,,,adult,,,,,,,,,GIA,Fine Jewelry
1481,"Discover the unparalleled beauty of this 0.36-carat Natural Diamond masterpiece, meticulously set in 18K. Each facet tells a story of nature's extraordinary artistry, cut to perfection by master artisans. This ring represents the ultimate expression of luxury — a rare treasure that transcends time and trends, destined to become a cherished heirloom for generations.","Incomparable ring featuring a 0.36 carat Natural Diamond (VS1), set in luxurious 18K. a rare gem destined for the most exclusive collections — a true masterpiece for the most discerning connoisseur.",in stock,new,225611.74 HKD,https://colourdiam.com/productdetail/1481,https://www.colourdiam.com/Product/Jewellery/1481/white45/center.jpg,ColourDiam,Apparel & Accessories > Jewelry,,1,,,,unisex,,,adult,,,,,,,,,GIA,Fine Jewelry
1779,"Discover the unparalleled beauty of this 0.92-carat Fancy Yellow masterpiece, meticulously set in 18K. Each facet tells a story of nature's extraordinary artistry, cut to perfection by master artisans. This ring represents the ultimate expression of luxury — a rare treasure that transcends time and trends, destined to become a cherished heirloom for generations.","Captivating Ring featuring a 0.92 carat Fancy Yellow, set in luxurious 18K. a rare gem destined for the most exclusive collections — a true masterpiece for the most discerning connoisseur.",in stock,new,19853.83 HKD,,https://www.colourdiam.com/Product/Jewellery/1779/white45/center.jpg,ColourDiam,Apparel & Accessories > Jewelry,,1,,,,unisex,,,adult,,,,,,,,,AGL,Fine Jewelry
1850,"Discover the unparalleled beauty of this 0.70-carat Fancy Brown masterpiece, meticulously set in 18K. Each facet tells a story of nature's extraordinary artistry, cut to perfection by master artisans. This ring represents the ultimate expression of luxury — a rare treasure that transcends time and trends, destined to become a cherished heirloom for generations.","Splendid Ring featuring a 0.70 carat Fancy Brown (SI1), set in luxurious 18K. a testament to nature's finest artistry — a true masterpiece for the most discerning connoisseur.",in stock,new,13536.7 HKD,https://colourdiam.com/productdetail/1850,https://www.colourdiam.com/Product/Jewellery/1850/white45/center.jpg,ColourDiam,Apparel & Accessories > Jewelry,,1,,,,unisex,,,adult,,,,,,,,,GIA,Fine Jewelry
1873,"Discover the unparalleled beauty of this 0.57-carat Natural Diamond masterpiece, meticulously set in 18k. Each facet tells a story of nature's extraordinary artistry, cut to perfection by master artisans. This ring represents the ultimate expression of luxury — a rare treasure that transcends time and trends, destined to become a cherished heirloom for generations.","Opulent Ring featuring a 0.57 carat Natural Diamond (SI2), set in luxurious 18k. the pinnacle of luxurious craftsmanship — a true masterpiece for the most discerning connoisseur.",in stock,new,31585.64 HKD,https://colourdiam.com/productdetail/1873,https://www.colourdiam.com/Product/Jewellery/1873/white45/center.jpg,ColourDiam,Apparel & Accessories > Jewelry,,1,,,,unisex,,,adult,,,,,,,,,GIA,Fine Jewelry
1913,"Discover the unparalleled beauty of this 0.70-carat Natural Diamond masterpiece, meticulously set in 18K. Each facet tells a story of nature's extraordinary artistry, cut to perfection by master artisans. This ring represents the ultimate expression of luxury — a rare treasure that transcends time and trends, destined to become a cherished heirloom for generations.",0.70ct Fancy Light Yellow GIA 18k Yellow Gold Ring,in stock,new,22561.17 HKD,,https://www.colourdiam.com/Product/Jewellery/1913/white45/center.jpg,ColourDiam,Apparel & Accessories > Jewelry,,1,,,,unisex,,,adult,,,,,,,,,GIA,Fine Jewelry
1996_6379,"Discover the unparalleled beauty of this -carat Natural Diamond masterpiece, meticulously set in 18k. Each facet tells a story of nature's extraordinary artistry, cut to perfection by master artisans. This ring represents the ultimate expression of luxury — a rare treasure that transcends time and trends, destined to become a cherished heirloom for generations.",0.96ct Fancy Pink & White Diamond 18k Gold Ring GIA,in stock,new,45122.35 HKD,https://colourdiam.com/productdetail/Menu/1996/6379,https://www.colourdiam.com/Product/Jewellery/1996_6379/white45/center.jpg,ColourDiam,Apparel & Accessories > Jewelry,,1,,,,unisex,,,adult,,,,,,,,,GIA,Fine Jewelry
2048,"Discover the unparalleled beauty of this 0.99-carat Natural Diamond masterpiece, meticulously set in 18k. Each facet tells a story of nature's extraordinary artistry, cut to perfection by master artisans. This ring represents the ultimate expression of luxury — a rare treasure that transcends time and trends, destined to become a cherished heirloom for generations.",0.99ct Fancy Light Yellow VVS1 AGL 18k Ring,in stock,new,28878.3 HKD,,https://www.colourdiam.com/Product/Jewellery/2048/white45/center.jpg,ColourDiam,Apparel & Accessories > Jewelry,,1,,,,unisex,,,adult,,,,,,,,,AGL,Fine Jewelry
2150,"Discover the unparalleled beauty of this -carat Natural Diamond masterpiece, meticulously set in 18K. Each facet tells a story of nature's extraordinary artistry, cut to perfection by master artisans. This ring represents the ultimate expression of luxury — a rare treasure that transcends time and trends, destined to become a cherished heirloom for generations.",0.80ct Fancy Light Yellow GIA 18k Yellow Gold Ring,in stock,new,34292.99 HKD,https://colourdiam.com/productdetail/2150,https://www.colourdiam.com/Product/Jewellery/2150/white45/center.jpg,ColourDiam,Apparel & Accessories > Jewelry,,1,,,,unisex,,,adult,,,,,,,,,GIA,Fine Jewelry
2240,"Discover the unparalleled beauty of this 0.64-carat Fancy Pink masterpiece, meticulously set in 18K. Each facet tells a story of nature's extraordinary artistry, cut to perfection by master artisans. This ring represents the ultimate expression of luxury — a rare treasure that transcends time and trends, destined to become a cherished heirloom for generations.",0.64ct Fancy Pink GIA Certified 18k Gold Ring,in stock,new,148903.75 HKD,https://colourdiam.com/productdetail/2240,https://www.colourdiam.com/Product/Jewellery/2240/white45/center.jpg,ColourDiam,Apparel & Accessories > Jewelry,,1,,,,unisex,,,adult,,,,,,,,,GIA,Fine Jewelry
2253,"Discover the unparalleled beauty of this 0.64-carat Natural Diamond masterpiece, meticulously set in 18K. Each facet tells a story of nature's extraordinary artistry, cut to perfection by master artisans. This ring represents the ultimate expression of luxury — a rare treasure that transcends time and trends, destined to become a cherished heirloom for generations.",0.64ct Fancy Yellow-Green GIA 18k Gold Diamond Ring,in stock,new,34744.21 HKD,,https://www.colourdiam.com/Product/Jewellery/2253/white45/center.jpg,ColourDiam,Apparel & Accessories > Jewelry,,1,,,,unisex,,,adult,,,,,,,,,GIA,Fine Jewelry
2281,"Discover the unparalleled beauty of this 0.70-carat Natural Diamond masterpiece, meticulously set in 18K. Each facet tells a story of nature's extraordinary artistry, cut to perfection by master artisans. This ring represents the ultimate expression of luxury — a rare treasure that transcends time and trends, destined to become a cherished heirloom for generations.",0.70ct Light Green GIA 18k Gold Diamond Ring,in stock,new,40610.11 HKD,https://colourdiam.com/productdetail/2281,https://www.colourdiam.com/Product/Jewellery/2281/white45/center.jpg,ColourDiam,Apparel & Accessories > Jewelry,,1,,,,unisex,,,adult,,,,,,,,,GIA,Fine Jewelry
2354,"Discover the unparalleled beauty of this 0.41-carat Natural Diamond masterpiece, meticulously set in the finest precious metal. Each facet tells a story of nature's extraordinary artistry, cut to perfection by master artisans. This ring represents the ultimate expression of luxury — a rare treasure that transcends time and trends, destined to become a cherished heirloom for generations.",0.41ct Fancy Light Pink GIA 18k Gold Diamond Ring,in stock,new,90244.7 HKD,,https://www.colourdiam.com/Product/Jewellery/2354/white45/center.jpg,ColourDiam,Apparel & Accessories > Jewelry,,1,,,,unisex,,,adult,,,,,,,,,GIA,Fine Jewelry
2376,"Discover the unparalleled beauty of this 0.83-carat Natural Diamond masterpiece, meticulously set in the finest precious metal. Each facet tells a story of nature's extraordinary artistry, cut to perfection by master artisans. This ring represents the ultimate expression of luxury — a rare treasure that transcends time and trends, destined to become a cherished heirloom for generations.",0.83ct Fancy Light Pinkish Brown Diamond Ring GIA 18k,in stock,new,67683.52 HKD,https://colourdiam.com/productdetail/2376,https://www.colourdiam.com/Product/Jewellery/2376/white45/center.jpg,ColourDiam,Apparel & Accessories > Jewelry,,1,,,,unisex,,,adult,,,,,,,,,GIA,Fine Jewelry
2379,"Discover the unparalleled beauty of this 0.353-carat Natural Diamond masterpiece, meticulously set in 18k. Each facet tells a story of nature's extraordinary artistry, cut to perfection by master artisans. This ring represents the ultimate expression of luxury — a rare treasure that transcends time and trends, destined to become a cherished heirloom for generations.",0.35ct Fancy Light Pink VS AGL 18k Pink Diamond Ring,in stock,new,31585.64 HKD,,https://www.colourdiam.com/Product/Jewellery/2379/white45/center.jpg,ColourDiam,Apparel & Accessories > Jewelry,,1,,,,unisex,,,adult,,,,,,,,,AGL,Fine Jewelry
2391_7808,"Discover the unparalleled beauty of this 0.59-carat Natural Diamond masterpiece, meticulously set in 18K. Each facet tells a story of nature's extraordinary artistry, cut to perfection by master artisans. This ring represents the ultimate expression of luxury — a rare treasure that transcends time and trends, destined to become a cherished heirloom for generations.",1.15ct Yellow and White Diamond 18K Ring GIA,in stock,new,31585.64 HKD,https://colourdiam.com/productdetail/Menu/2391/7808,https://www.colourdiam.com/Product/Jewellery/2391_7808/white45/center.jpg,ColourDiam,Apparel & Accessories > Jewelry,,1,,,,unisex,,,adult,,,,,,,,,GIA,Fine Jewelry
2518,"Discover the unparalleled beauty of this 1.01-carat Natural Diamond masterpiece, meticulously set in the finest precious metal. Each facet tells a story of nature's extraordinary artistry, cut to perfection by master artisans. This ring represents the ultimate expression of luxury — a rare treasure that transcends time and trends, destined to become a cherished heirloom for generations.",1.01ct Light Pink GIA Certified 18k Diamond Ring,in stock,new,58659.05 HKD,,https://www.colourdiam.com/Product/Jewellery/2518/white45/center.jpg,ColourDiam,Apparel & Accessories > Jewelry,,1,,,,unisex,,,adult,,,,,,,,,GIA,Fine Jewelry
2553,"Discover the unparalleled beauty of this 2.04-carat Natural Diamond masterpiece, meticulously set in the finest precious metal. Each facet tells a story of nature's extraordinary artistry, cut to perfection by master artisans. This ring represents the ultimate expression of luxury — a rare treasure that transcends time and trends, destined to become a cherished heirloom for generations.",2.04ct Very Light Pink Diamond Pear 18k Ring CGL,in stock,new,198538.33 HKD,,https://www.colourdiam.com/Product/Jewellery/2553/white45/center.jpg,ColourDiam,Apparel & Accessories > Jewelry,,1,,,,unisex,,,adult,,,,,,,,,CGL,Fine Jewelry
2556,"Discover the unparalleled beauty of this 1.46-carat Natural Diamond masterpiece, meticulously set in the finest precious metal. Each facet tells a story of nature's extraordinary artistry, cut to perfection by master artisans. This ring represents the ultimate expression of luxury — a rare treasure that transcends time and trends, destined to become a cherished heirloom for generations.",1.46ct Fancy Orangy Pink GIA Diamond 18k Ring,in stock,new,270734.09 HKD,https://colourdiam.com/productdetail/2556,https://www.colourdiam.com/Product/Jewellery/2556/white45/center.jpg,ColourDiam,Apparel & Accessories > Jewelry,,1,,,,unisex,,,adult,,,,,,,,,GIA,Fine Jewelry
2644,"Discover the unparalleled beauty of this 0.52-carat Natural Diamond masterpiece, meticulously set in the finest precious metal. Each facet tells a story of nature's extraordinary artistry, cut to perfection by master artisans. This ring represents the ultimate expression of luxury — a rare treasure that transcends time and trends, destined to become a cherished heirloom for generations.",0.52ct Fancy Gray Blue VVS1 Diamond Ring in 18K,in stock,new,225611.74 HKD,,https://www.colourdiam.com/Product/Jewellery/2644/white45/center.jpg,ColourDiam,Apparel & Accessories > Jewelry,,1,,,,unisex,,,adult,,,,,,,,,GIA,Fine Jewelry
3061,"Discover the unparalleled beauty of this 1.01-carat Fancy Pink masterpiece, meticulously set in the finest precious metal. Each facet tells a story of nature's extraordinary artistry, cut to perfection by master artisans. This ring represents the ultimate expression of luxury — a rare treasure that transcends time and trends, destined to become a cherished heirloom for generations.",1.01ct Fancy Pinkish Brown GIA 18k Gold Ring,in stock,new,63171.29 HKD,https://colourdiam.com/productdetail/3061,https://www.colourdiam.com/Product/Jewellery/3061/white45/center.jpg,ColourDiam,Apparel & Accessories > Jewelry,,1,,,,unisex,,,adult,,,,,,,,,GIA,Fine Jewelry
3170,"Discover the unparalleled beauty of this 0.30-carat Natural Diamond masterpiece, meticulously set in the finest precious metal. Each facet tells a story of nature's extraordinary artistry, cut to perfection by master artisans. This ring represents the ultimate expression of luxury — a rare treasure that transcends time and trends, destined to become a cherished heirloom for generations.","Superlative Ring featuring a 0.30 carat Natural Diamond (IF), set in luxurious Precious Metal. an extraordinary expression of refined elegance — a true masterpiece for the most discerning connoisseur.",in stock,new,13536.7 HKD,https://colourdiam.com/productdetail/3170,https://www.colourdiam.com/Product/Jewellery/3170/white45/center.jpg,ColourDiam,Apparel & Accessories > Jewelry,,1,,,,unisex,,,adult,,,,,,,,,GIA,Fine Jewelry
3442,"Discover the unparalleled beauty of this 0.35-carat Natural Diamond masterpiece, meticulously set in 18K. Each facet tells a story of nature's extraordinary artistry, cut to perfection by master artisans. This ring represents the ultimate expression of luxury — a rare treasure that transcends time and trends, destined to become a cherished heirloom for generations.","Enchanting Ring featuring a 0.35 carat Natural Diamond, set in luxurious 18K. a masterpiece of natural beauty and human artistry — a true masterpiece for the most discerning connoisseur.",in stock,new,288783.03 HKD,,https://www.colourdiam.com/Product/Jewellery/3442/white45/center.jpg,ColourDiam,Apparel & Accessories > Jewelry,,1,,,,unisex,,,adult,,,,,,,,,GIA,Fine Jewelry
3443_3444,"Discover the unparalleled beauty of this 0.37-carat Natural Diamond masterpiece, meticulously set in 18k. Each facet tells a story of nature's extraordinary artistry, cut to perfection by master artisans. This earring represents the ultimate expression of luxury — a rare treasure that transcends time and trends, destined to become a cherished heirloom for generations.","Enchanting Earring featuring a 0.37 carat Natural Diamond (SI1), set in luxurious 18k. a masterpiece of natural beauty and human artistry — a true masterpiece for the most discerning connoisseur.",in stock,new,135367.05 HKD,https://colourdiam.com/productdetail/Menu/3443/3444,https://www.colourdiam.com/Product/Jewellery/3443_3444/white45/center.jpg,ColourDiam,Apparel & Accessories > Jewelry,,1,,,,unisex,,,adult,,,,,,,,,GIA,Fine Jewelry
6321_3607,"Discover the unparalleled beauty of this 0.54-carat Natural Diamond masterpiece, meticulously set in the finest precious metal. Each facet tells a story of nature's extraordinary artistry, cut to perfection by master artisans. This ring represents the ultimate expression of luxury — a rare treasure that transcends time and trends, destined to become a cherished heirloom for generations.",0.84ct Pink & White Diamond 18k Ring GIA,in stock,new,94756.93 HKD,https://colourdiam.com/productdetail/Menu/6321/3607,https://www.colourdiam.com/Product/Jewellery/6321_3607/white45/center.jpg,ColourDiam,Apparel & Accessories > Jewelry,,1,,,,unisex,,,adult,,,,,,,,,GIA,Fine Jewelry
3608_3619,"Discover the unparalleled beauty of this 0.28-carat Fancy Pink masterpiece, meticulously set in the finest precious metal. Each facet tells a story of nature's extraordinary artistry, cut to perfection by master artisans. This ring represents the ultimate expression of luxury — a rare treasure that transcends time and trends, destined to become a cherished heirloom for generations.","Sumptuous ring featuring a 0.28 carat Fancy Pink, set in luxurious Precious Metal. the embodiment of timeless sophistication — a true masterpiece for the most discerning connoisseur.",in stock,new,40610.11 HKD,https://colourdiam.com/productdetail/Menu/3608/3619,https://www.colourdiam.com/Product/Jewellery/3608_3619/white45/center.jpg,ColourDiam,Apparel & Accessories > Jewelry,,1,,,,unisex,,,adult,,,,,,,,,AGL,Fine Jewelry
3747,"Discover the unparalleled beauty of this 1.01-carat Natural Diamond masterpiece, meticulously set in the finest precious metal. Each facet tells a story of nature's extraordinary artistry, cut to perfection by master artisans. This ring represents the ultimate expression of luxury — a rare treasure that transcends time and trends, destined to become a cherished heirloom for generations.",1.01ct Y-Z SI2 IGI 18k Yellow Gold Diamond Ring,in stock,new,18048.94 HKD,,https://www.colourdiam.com/Product/Jewellery/3747/white45/center.jpg,ColourDiam,Apparel & Accessories > Jewelry,,1,,,,unisex,,,adult,,,,,,,,,IGI,Fine Jewelry
3760,"Discover the unparalleled beauty of this 0.36-carat Natural Diamond masterpiece, meticulously set in the finest precious metal. Each facet tells a story of nature's extraordinary artistry, cut to perfection by master artisans. This ring represents the ultimate expression of luxury — a rare treasure that transcends time and trends, destined to become a cherished heirloom for generations.",0.36ct Fancy Light Greenish Yellow GIA 18k Ring,in stock,new,22561.17 HKD,,https://www.colourdiam.com/Product/Jewellery/3760/white45/center.jpg,ColourDiam,Apparel & Accessories > Jewelry,,1,,,,unisex,,,adult,,,,,,,,,GIA,Fine Jewelry
3763,"Discover the unparalleled beauty of this 1.02-carat Natural Diamond masterpiece, meticulously set in the finest precious metal. Each facet tells a story of nature's extraordinary artistry, cut to perfection by master artisans. This ring represents the ultimate expression of luxury — a rare treasure that transcends time and trends, destined to become a cherished heirloom for generations.",1.02ct Fancy Light Yellow GIA 18k Gold Diamond Ring,in stock,new,27073.41 HKD,https://colourdiam.com/productdetail/3763,https://www.colourdiam.com/Product/Jewellery/3763/white45/center.jpg,ColourDiam,Apparel & Accessories > Jewelry,,1,,,,unisex,,,adult,,,,,,,,,GIA,Fine Jewelry
3793,"Discover the unparalleled beauty of this 1.01-carat Natural Diamond masterpiece, meticulously set in the finest precious metal. Each facet tells a story of nature's extraordinary artistry, cut to perfection by master artisans. This ring represents the ultimate expression of luxury — a rare treasure that transcends time and trends, destined to become a cherished heirloom for generations.",1.01ct Light Pink VS2 GIA Diamond Convertible Ring,in stock,new,225611.74 HKD,https://colourdiam.com/productdetail/3793,https://www.colourdiam.com/Product/Jewellery/3793/white45/center.jpg,ColourDiam,Apparel & Accessories > Jewelry,,1,,,,unisex,,,adult,,,,,,,,,GIA,Fine Jewelry
3967,"Discover the unparalleled beauty of this 1.51-carat Natural Diamond masterpiece, meticulously set in the finest precious metal. Each facet tells a story of nature's extraordinary artistry, cut to perfection by master artisans. This ring represents the ultimate expression of luxury — a rare treasure that transcends time and trends, destined to become a cherished heirloom for generations.",1.51ct Fancy Pink GIA 18k Gold Diamond Ring,in stock,new,108293.64 HKD,https://colourdiam.com/productdetail/3967,https://www.colourdiam.com/Product/Jewellery/3967/white45/center.jpg,ColourDiam,Apparel & Accessories > Jewelry,,1,,,,unisex,,,adult,,,,,,,,,GIA,Fine Jewelry
4059,"Discover the unparalleled beauty of this 1.01-carat Fancy Brown masterpiece, meticulously set in the finest precious metal. Each facet tells a story of nature's extraordinary artistry, cut to perfection by master artisans. This ring represents the ultimate expression of luxury — a rare treasure that transcends time and trends, destined to become a cherished heirloom for generations.",1.01ct Fancy Brown Pink GIA 18k Gold Ring,in stock,new,63171.29 HKD,https://colourdiam.com/productdetail/4059,https://www.colourdiam.com/Product/Jewellery/4059/white45/center.jpg,ColourDiam,Apparel & Accessories > Jewelry,,1,,,,unisex,,,adult,,,,,,,,,GIA,Fine Jewelry
4085_4456_4800_5452_5554_5558_5592_5594_5598,"Discover the unparalleled beauty of this 3.19-carat Fancy Vivid Green masterpiece, meticulously set in the finest precious metal. Each facet tells a story of nature's extraordinary artistry, cut to perfection by master artisans. This bracelet represents the ultimate expression of luxury — a rare treasure that transcends time and trends, destined to become a cherished heirloom for generations.",3.19ct Multi-Color Natural Diamond 18k Bracelet,in stock,new,117318.11 HKD,https://colourdiam.com/productdetail/Menu/4085/4456/4800/5452/5554/5558/5592/5594/5598,"https://www.colourdiam.com/Product/Jewellery/
4085_4456_4800_5452_5554_5558_5592_5594_5598 
/white45/center.jpg",ColourDiam,Apparel & Accessories > Jewelry,,1,,,,unisex,,,adult,,,,,,,,,GIA,Fine Jewelry
4191,"Discover the unparalleled beauty of this 0.52-carat Natural Diamond masterpiece, meticulously set in the finest precious metal. Each facet tells a story of nature's extraordinary artistry, cut to perfection by master artisans. This ring represents the ultimate expression of luxury — a rare treasure that transcends time and trends, destined to become a cherished heirloom for generations.",0.52ct Very Light Pink VS2 GIA 18k Pink Diamond Ring,in stock,new,67683.52 HKD,,https://www.colourdiam.com/Product/Jewellery/4191/white45/center.jpg,ColourDiam,Apparel & Accessories > Jewelry,,1,,,,unisex,,,adult,,,,,,,,,GIA,Fine Jewelry
"4193_4185_4184
4183_4180_4171
4169_4168_4167
4166_4124_4086_
3953","Discover the unparalleled beauty of this 0.53-carat fancy brown masterpiece, meticulously set in the finest precious metal. Each facet tells a story of nature's extraordinary artistry, cut to perfection by master artisans. This bracelet represents the ultimate expression of luxury — a rare treasure that transcends time and trends, destined to become a cherished heirloom for generations.",5.90ct Natural Brown-Pink Diamond 18k Bracelet GIA,in stock,new,360978.79 HKD,https://colourdiam.com/productdetail/Menu/4193/4185/4184/4183/4180/4171/4169/4168/4167/4166/4124/4086/3953,"https://www.colourdiam.com/Product/Jewellery/4193_4185_4184
4183_4180_4171
4169_4168_4167
4166_4124_4086_
3953
/white45/center.jpg",ColourDiam,Apparel & Accessories > Jewelry,,1,,,,unisex,,,adult,,,,,,,,,GIA,Fine Jewelry
"4207_4208
4227_4553
5156_5183_5482","Discover the unparalleled beauty of this 0.51-carat Fancy intense yellow masterpiece, meticulously set in 18k. Each facet tells a story of nature's extraordinary artistry, cut to perfection by master artisans. This creation represents the ultimate expression of luxury — a rare treasure that transcends time and trends, destined to become a cherished heirloom for generations.",4.22ct Fancy Multi-Color Diamond 18k Bracelet,in stock,new,108293.64 HKD,https://colourdiam.com/productdetail/Menu/4207/4208/4227/4553/5156/5183/5482,"https://www.colourdiam.com/Product/Jewellery/4207_4208
4227_4553
5156_5183_5482
/white45/center.jpg",ColourDiam,Apparel & Accessories > Jewelry,,1,,,,unisex,,,adult,,,,,,,,,GIA,Fine Jewelry
4262,"Discover the unparalleled beauty of this 3.10-carat Natural Diamond masterpiece, meticulously set in 18k. Each facet tells a story of nature's extraordinary artistry, cut to perfection by master artisans. This ring represents the ultimate expression of luxury — a rare treasure that transcends time and trends, destined to become a cherished heirloom for generations.",3.10ct W-X SI1 GIA Certified 18k Yellow Diamond Ring,in stock,new,90235.67 HKD,https://colourdiam.com/productdetail/4262,https://www.colourdiam.com/Product/Jewellery/4262/white45/center.jpg,ColourDiam,Apparel & Accessories > Jewelry,,1,,,,unisex,,,adult,,,,,,,,,GIA,Fine Jewelry
4268,"Discover the unparalleled beauty of this 2.00-carat Natural Diamond masterpiece, meticulously set in 18k. Each facet tells a story of nature's extraordinary artistry, cut to perfection by master artisans. This ring represents the ultimate expression of luxury — a rare treasure that transcends time and trends, destined to become a cherished heirloom for generations.",2.00ct U-V I1 GIA Certified 18k Yellow Diamond Ring,in stock,new,54146.82 HKD,,https://www.colourdiam.com/Product/Jewellery/4268/white45/center.jpg,ColourDiam,Apparel & Accessories > Jewelry,,1,,,,unisex,,,adult,,,,,,,,,GIA,Fine Jewelry
4280,"Discover the unparalleled beauty of this 1.51-carat Fancy green masterpiece, meticulously set in the finest precious metal. Each facet tells a story of nature's extraordinary artistry, cut to perfection by master artisans. This ring represents the ultimate expression of luxury — a rare treasure that transcends time and trends, destined to become a cherished heirloom for generations.",1.51ct Fancy Green Diamond 18k Ring,in stock,new,58659.05 HKD,,https://www.colourdiam.com/Product/Jewellery/4280/white45/center.jpg,ColourDiam,Apparel & Accessories > Jewelry,,1,,,,unisex,,,adult,,,,,,,,,AGL,Fine Jewelry
4281,"Discover the unparalleled beauty of this 1.56-carat Fancy Green masterpiece, meticulously set in the finest precious metal. Each facet tells a story of nature's extraordinary artistry, cut to perfection by master artisans. This ring represents the ultimate expression of luxury — a rare treasure that transcends time and trends, destined to become a cherished heirloom for generations.",1.56ct Fancy Green VS AGL 18k Ring,in stock,new,58659.05 HKD,,https://www.colourdiam.com/Product/Jewellery/4281/white45/center.jpg,ColourDiam,Apparel & Accessories > Jewelry,,1,,,,unisex,,,adult,,,,,,,,,AGL,Fine Jewelry
4282_4283,"Discover the unparalleled beauty of this -carat Natural Diamond masterpiece, meticulously set in 18K. Each facet tells a story of nature's extraordinary artistry, cut to perfection by master artisans. This earring represents the ultimate expression of luxury — a rare treasure that transcends time and trends, destined to become a cherished heirloom for generations.",1.50ct W-X SI1 GIA 18k Yellow Diamond Earrings,in stock,new,67683.52 HKD,https://colourdiam.com/productdetail/Menu/4282/4283,https://www.colourdiam.com/Product/Jewellery/4282_4283/white45/center.jpg,ColourDiam,Apparel & Accessories > Jewelry,,1,,,,unisex,,,adult,,,,,,,,,GIA,Fine Jewelry
4286,"Discover the unparalleled beauty of this 1.01-carat Natural Diamond masterpiece, meticulously set in 18k. Each facet tells a story of nature's extraordinary artistry, cut to perfection by master artisans. This ring represents the ultimate expression of luxury — a rare treasure that transcends time and trends, destined to become a cherished heirloom for generations.",1.01ct Light Pink GIA Certified 18k Gold Diamond Ring,in stock,new,139879.28 HKD,https://colourdiam.com/productdetail/4286,https://www.colourdiam.com/Product/Jewellery/4286/white45/center.jpg,ColourDiam,Apparel & Accessories > Jewelry,,1,,,,unisex,,,adult,,,,,,,,,GIA,Fine Jewelry
4327_4328,"Discover the unparalleled beauty of this 2.01-carat Natural Diamond masterpiece, meticulously set in 18k. Each facet tells a story of nature's extraordinary artistry, cut to perfection by master artisans. This earring represents the ultimate expression of luxury — a rare treasure that transcends time and trends, destined to become a cherished heirloom for generations.",2.01ct G SI1 GIA Certified 18k Gold Diamond Earrings,in stock,new,57395.63 HKD,https://colourdiam.com/productdetail/Menu/4327/4328,https://www.colourdiam.com/Product/Jewellery/4327_4328/white45/center.jpg,ColourDiam,Apparel & Accessories > Jewelry,,1,,,,unisex,,,adult,,,,,,,,,GIA,Fine Jewelry
4329_5655,"Discover the unparalleled beauty of this -carat Fancy Green masterpiece, meticulously set in 18K. Each facet tells a story of nature's extraordinary artistry, cut to perfection by master artisans. This ring represents the ultimate expression of luxury — a rare treasure that transcends time and trends, destined to become a cherished heirloom for generations.",1.01ct Fancy Green VS AGL 18k Gold Ring,in stock,new,45122.35 HKD,https://colourdiam.com/productdetail/Menu/4329/5655,https://www.colourdiam.com/Product/Jewellery/4329_5655/white45/center.jpg,ColourDiam,Apparel & Accessories > Jewelry,,1,,,,unisex,,,adult,,,,,,,,,AGL,Fine Jewelry
4377,"Discover the unparalleled beauty of this 1.01-carat Natural Diamond masterpiece, meticulously set in 18k. Each facet tells a story of nature's extraordinary artistry, cut to perfection by master artisans. This ring represents the ultimate expression of luxury — a rare treasure that transcends time and trends, destined to become a cherished heirloom for generations.",1.01ct F SI2 IGI Certified 18k White Gold Ring,in stock,new,27975.86 HKD,https://colourdiam.com/productdetail/4377,https://www.colourdiam.com/Product/Jewellery/4377/white45/center.jpg,ColourDiam,Apparel & Accessories > Jewelry,,1,,,,unisex,,,adult,,,,,,,,,IGI,Fine Jewelry
4401_4402_4406_4409_4410_4422_4423_4354_4417,"Discover the unparalleled beauty of this 0.36-carat Natural Diamond masterpiece, meticulously set in the finest precious metal. Each facet tells a story of nature's extraordinary artistry, cut to perfection by master artisans. This bracelet represents the ultimate expression of luxury — a rare treasure that transcends time and trends, destined to become a cherished heirloom for generations.",3.04ct Very Light Pink GIA 18k Diamond Bracelet,in stock,new,162440.46 HKD,https://colourdiam.com/productdetail/Menu/4401/4402/4406/4409/4410/4422/4423/4354/4417,"https://www.colourdiam.com/Product/Jewellery/4401_4402_4406_4409_4410_4422_4423_4354_4417
/white45/center.jpg",ColourDiam,Apparel & Accessories > Jewelry,,1,,,,unisex,,,adult,,,,,,,,,GIA,Fine Jewelry
4403,"Discover the unparalleled beauty of this -carat Natural Diamond masterpiece, meticulously set in the finest precious metal. Each facet tells a story of nature's extraordinary artistry, cut to perfection by master artisans. This ring represents the ultimate expression of luxury — a rare treasure that transcends time and trends, destined to become a cherished heirloom for generations.",0.57ct Faint Pinkish Brown GIA 18k Gold Diamond Ring,in stock,new,40610.11 HKD,https://colourdiam.com/productdetail/4403,https://www.colourdiam.com/Product/Jewellery/4403/white45/center.jpg,ColourDiam,Apparel & Accessories > Jewelry,,1,,,,unisex,,,adult,,,,,,,,,GIA,Fine Jewelry
4415,"Discover the unparalleled beauty of this -carat Natural Diamond masterpiece, meticulously set in the finest precious metal. Each facet tells a story of nature's extraordinary artistry, cut to perfection by master artisans. This ring represents the ultimate expression of luxury — a rare treasure that transcends time and trends, destined to become a cherished heirloom for generations.",0.62ct Very Light Pink GIA Diamond 18k Ring,in stock,new,52341.92 HKD,,https://www.colourdiam.com/Product/Jewellery/4415/white45/center.jpg,ColourDiam,Apparel & Accessories > Jewelry,,1,,,,unisex,,,adult,,,,,,,,,GIA,Fine Jewelry
4416,"Discover the unparalleled beauty of this 0.52-carat Natural Diamond masterpiece, meticulously set in 18k. Each facet tells a story of nature's extraordinary artistry, cut to perfection by master artisans. This ring represents the ultimate expression of luxury — a rare treasure that transcends time and trends, destined to become a cherished heirloom for generations.",0.52ct Very Light Pink GIA 18k Gold Diamond Ring - 1,in stock,new,40610.11 HKD,,https://www.colourdiam.com/Product/Jewellery/4416/white45/center.jpg,ColourDiam,Apparel & Accessories > Jewelry,,1,,,,unisex,,,adult,,,,,,,,,GIA,Fine Jewelry
3400_4462,"Discover the unparalleled beauty of this 0.50-carat Natural Diamond masterpiece, meticulously set in the finest precious metal. Each facet tells a story of nature's extraordinary artistry, cut to perfection by master artisans. This earring represents the ultimate expression of luxury — a rare treasure that transcends time and trends, destined to become a cherished heirloom for generations.",1.00ct Faint Pink GIA Certified 18k Gold Earrings,in stock,new,36097.88 HKD,https://colourdiam.com/productdetail/Menu/3400/4462,https://www.colourdiam.com/Product/Jewellery/3400_4462/white45/center.jpg,ColourDiam,Apparel & Accessories > Jewelry,,1,,,,unisex,,,adult,,,,,,,,,GIA,Fine Jewelry
4468,"Discover the unparalleled beauty of this 0.90-carat Natural Diamond masterpiece, meticulously set in the finest precious metal. Each facet tells a story of nature's extraordinary artistry, cut to perfection by master artisans. This ring represents the ultimate expression of luxury — a rare treasure that transcends time and trends, destined to become a cherished heirloom for generations.",0.90ct Pink SI2 GIA 18k Pink Diamond Ring,in stock,new,135367.05 HKD,,https://www.colourdiam.com/Product/Jewellery/4468/white45/center.jpg,ColourDiam,Apparel & Accessories > Jewelry,,1,,,,unisex,,,adult,,,,,,,,,GIA,Fine Jewelry
4509,"Discover the unparalleled beauty of this -carat Natural Diamond masterpiece, meticulously set in 18K. Each facet tells a story of nature's extraordinary artistry, cut to perfection by master artisans. This ring represents the ultimate expression of luxury — a rare treasure that transcends time and trends, destined to become a cherished heirloom for generations.",1.02ct Faint Pink SI2 GIA 18K Gold Diamond Ring,in stock,new,148903.75 HKD,https://colourdiam.com/productdetail/4509,https://www.colourdiam.com/Product/Jewellery/4509/white45/center.jpg,ColourDiam,Apparel & Accessories > Jewelry,,1,,,,unisex,,,adult,,,,,,,,,GIA,Fine Jewelry
4510,"Discover the unparalleled beauty of this 1.15-carat Natural Diamond masterpiece, meticulously set in 18k. Each facet tells a story of nature's extraordinary artistry, cut to perfection by master artisans. This ring represents the ultimate expression of luxury — a rare treasure that transcends time and trends, destined to become a cherished heirloom for generations.",1.36ct GIA Pinkish Brown Diamond 18k Ring,in stock,new,103781.4 HKD,https://colourdiam.com/productdetail/4510,https://www.colourdiam.com/Product/Jewellery/4510/white45/center.jpg,ColourDiam,Apparel & Accessories > Jewelry,,1,,,,unisex,,,adult,,,,,,,,,GIA,Fine Jewelry
4520,"Discover the unparalleled beauty of this 0.40-carat Natural Diamond masterpiece, meticulously set in 18k. Each facet tells a story of nature's extraordinary artistry, cut to perfection by master artisans. This ring represents the ultimate expression of luxury — a rare treasure that transcends time and trends, destined to become a cherished heirloom for generations.",0.40ct Very Light Pink GIA 18k Gold Diamond Ring,in stock,new,49634.58 HKD,,https://www.colourdiam.com/Product/Jewellery/4520/white45/center.jpg,ColourDiam,Apparel & Accessories > Jewelry,,1,,,,unisex,,,adult,,,,,,,,,GIA,Fine Jewelry
4551,"Discover the unparalleled beauty of this 0.91-carat Fancy yellow masterpiece, meticulously set in 18k. Each facet tells a story of nature's extraordinary artistry, cut to perfection by master artisans. This ring represents the ultimate expression of luxury — a rare treasure that transcends time and trends, destined to become a cherished heirloom for generations.",0.91ct Fancy Yellow GIA 18k Gold Diamond Ring,in stock,new,24366.07 HKD,,https://www.colourdiam.com/Product/Jewellery/4551/white45/center.jpg,ColourDiam,Apparel & Accessories > Jewelry,,1,,,,unisex,,,adult,,,,,,,,,GIA,Fine Jewelry
4643,"Discover the unparalleled beauty of this 1.00-carat fancy yellow masterpiece, meticulously set in 18k. Each facet tells a story of nature's extraordinary artistry, cut to perfection by master artisans. This ring represents the ultimate expression of luxury — a rare treasure that transcends time and trends, destined to become a cherished heirloom for generations.",1.00ct Fancy Yellow GIA 18k Gold Diamond Ring,in stock,new,36097.88 HKD,https://colourdiam.com/productdetail/4643,https://www.colourdiam.com/Product/Jewellery/4643/white45/center.jpg,ColourDiam,Apparel & Accessories > Jewelry,,1,,,,unisex,,,adult,,,,,,,,,GIA,Fine Jewelry
4649,"Discover the unparalleled beauty of this 0.82-carat Natural Diamond masterpiece, meticulously set in 18k. Each facet tells a story of nature's extraordinary artistry, cut to perfection by master artisans. This ring represents the ultimate expression of luxury — a rare treasure that transcends time and trends, destined to become a cherished heirloom for generations.",0.82ct Faint Pink GIA 18k Gold Diamond Ring,in stock,new,67683.52 HKD,,https://www.colourdiam.com/Product/Jewellery/4649/white45/center.jpg,ColourDiam,Apparel & Accessories > Jewelry,,1,,,,unisex,,,adult,,,,,,,,,GIA,Fine Jewelry
4874_4676,"Discover the unparalleled beauty of this 2.04-carat Natural Diamond masterpiece, meticulously set in 18k. Each facet tells a story of nature's extraordinary artistry, cut to perfection by master artisans. This ring represents the ultimate expression of luxury — a rare treasure that transcends time and trends, destined to become a cherished heirloom for generations.",2.04ct Light Green Yellow GIA 18k Gold Diamond Ring,in stock,new,90244.7 HKD,https://colourdiam.com/productdetail/Menu/4874/4676,https://www.colourdiam.com/Product/Jewellery/4874_4676/white45/center.jpg,ColourDiam,Apparel & Accessories > Jewelry,,1,,,,unisex,,,adult,,,,,,,,,GIA,Fine Jewelry
4686,"Discover the unparalleled beauty of this 0.50-carat Natural Diamond masterpiece, meticulously set in 18k. Each facet tells a story of nature's extraordinary artistry, cut to perfection by master artisans. This ring represents the ultimate expression of luxury — a rare treasure that transcends time and trends, destined to become a cherished heirloom for generations.",0.965ct Faint Pink GIA 18k Gold Diamond Ring,in stock,new,58659.05 HKD,,https://www.colourdiam.com/Product/Jewellery/4686/white45/center.jpg,ColourDiam,Apparel & Accessories > Jewelry,,1,,,,unisex,,,adult,,,,,,,,,GIA,Fine Jewelry
4691,"Discover the unparalleled beauty of this 1.00-carat Natural Diamond masterpiece, meticulously set in 18k. Each facet tells a story of nature's extraordinary artistry, cut to perfection by master artisans. This ring represents the ultimate expression of luxury — a rare treasure that transcends time and trends, destined to become a cherished heirloom for generations.",1.85ct Pink & White Diamond 18k Gold Ring GIA,in stock,new,54146.82 HKD,,https://www.colourdiam.com/Product/Jewellery/4691/white45/center.jpg,ColourDiam,Apparel & Accessories > Jewelry,,1,,,,unisex,,,adult,,,,,,,,,GIA,Fine Jewelry
4725,"Discover the unparalleled beauty of this 0.84-carat Natural Diamond masterpiece, meticulously set in 18K. Each facet tells a story of nature's extraordinary artistry, cut to perfection by master artisans. This ring represents the ultimate expression of luxury — a rare treasure that transcends time and trends, destined to become a cherished heirloom for generations.",0.84ct Fancy Grayish Green GIA 18k Ring,in stock,new,58659.05 HKD,,https://www.colourdiam.com/Product/Jewellery/4725/white45/center.jpg,ColourDiam,Apparel & Accessories > Jewelry,,1,,,,unisex,,,adult,,,,,,,,,GIA,Fine Jewelry
4747,"Imbued with the radiance of morning sunlight, these exquisite rings are a masterclass in fine jewelry craftsmanship. Handcrafted in Precious Metal, the design centers around a GIA-certified  carat Natural Diamond diamond (). The center stones are masterfully elevated by a halo of 42 shimmering white diamonds (0.60 Ct), creating an illusion of seamless, infinite brilliance. Weighing a total of 5.15 grams, this statement piece offers a secure, comfortable fit with breathtaking visual impact, making it an extraordinary treasure for life's most cherished milestones.",0.83ct Fancy Light Green VS2 GIA 18k Ring,in stock,new,49634.58 HKD,,https://www.colourdiam.com/Product/Jewellery/4747/white45/center.jpg,ColourDiam,Apparel & Accessories > Jewelry,,1,,,,unisex,,,adult,,,,,,,,,GIA,Fine Jewelry
4774,"Imbued with the radiance of morning sunlight, these exquisite rings are a masterclass in fine jewelry craftsmanship. Handcrafted in 18k, the design centers around a GIA-certified 1.00 carat Natural Diamond diamond (). Weighing a total of 4.184 grams, this statement piece offers a secure, comfortable fit with breathtaking visual impact, making it an extraordinary treasure for life's most cherished milestones.",1.00ct W-X VS2 GIA 18k Yellow Gold Diamond Ring,in stock,new,27073.41 HKD,https://colourdiam.com/productdetail/4774,https://www.colourdiam.com/Product/Jewellery/4774/white45/center.jpg,ColourDiam,Apparel & Accessories > Jewelry,,1,,,,unisex,,,adult,,,,,,,,,GIA,Fine Jewelry
4789,"Discover the unparalleled beauty of this 0.71-carat Natural Diamond masterpiece, meticulously set in 18k. Each facet tells a story of nature's extraordinary artistry, cut to perfection by master artisans. This ring represents the ultimate expression of luxury — a rare treasure that transcends time and trends, destined to become a cherished heirloom for generations.",0.71ct Faint Pink GIA 18k Gold Diamond Ring,in stock,new,76707.99 HKD,,https://www.colourdiam.com/Product/Jewellery/4789/white45/center.jpg,ColourDiam,Apparel & Accessories > Jewelry,,1,,,,unisex,,,adult,,,,,,,,,GIA,Fine Jewelry
4849,"Discover the unparalleled beauty of this 0.33-carat Natural Diamond masterpiece, meticulously set in the finest precious metal. Each facet tells a story of nature's extraordinary artistry, cut to perfection by master artisans. This ring represents the ultimate expression of luxury — a rare treasure that transcends time and trends, destined to become a cherished heirloom for generations.",0.33ct Faint Pink I1 GIA 18k Diamond Ring,in stock,new,36097.88 HKD,https://colourdiam.com/productdetail/4849,https://www.colourdiam.com/Product/Jewellery/4849/white45/center.jpg,ColourDiam,Apparel & Accessories > Jewelry,,1,,,,unisex,,,adult,,,,,,,,,GIA,Fine Jewelry
4917,"Discover the unparalleled beauty of this 1.01-carat Natural Diamond masterpiece, meticulously set in 18k. Each facet tells a story of nature's extraordinary artistry, cut to perfection by master artisans. This ring represents the ultimate expression of luxury — a rare treasure that transcends time and trends, destined to become a cherished heirloom for generations.",1.01ct Pink SI2 GIA 18k Gold Diamond Ring,in stock,new,126342.58 HKD,,https://www.colourdiam.com/Product/Jewellery/4917/white45/center.jpg,ColourDiam,Apparel & Accessories > Jewelry,,1,,,,unisex,,,adult,,,,,,,,,GIA,Fine Jewelry
4976,"Discover the unparalleled beauty of this 0.50-carat Natural Diamond masterpiece, meticulously set in 18k. Each facet tells a story of nature's extraordinary artistry, cut to perfection by master artisans. This ring represents the ultimate expression of luxury — a rare treasure that transcends time and trends, destined to become a cherished heirloom for generations.",0.50ct Light Green-Yellow GIA 18k Gold Diamond Ring,in stock,new,27073.41 HKD,,https://www.colourdiam.com/Product/Jewellery/4976/white45/center.jpg,ColourDiam,Apparel & Accessories > Jewelry,,1,,,,unisex,,,adult,,,,,,,,,GIA,Fine Jewelry
5052,"Discover the unparalleled beauty of this 2.16-carat Fancy Yellow masterpiece, meticulously set in 18k. Each facet tells a story of nature's extraordinary artistry, cut to perfection by master artisans. This ring represents the ultimate expression of luxury — a rare treasure that transcends time and trends, destined to become a cherished heirloom for generations.",2.16ct Fancy Yellow Green GIA Diamond Ring,in stock,new,194026.1 HKD,https://colourdiam.com/productdetail/5052,https://www.colourdiam.com/Product/Jewellery/5052/white45/center.jpg,ColourDiam,Apparel & Accessories > Jewelry,,1,,,,unisex,,,adult,,,,,,,,,GIA,Fine Jewelry
4907_5148_5163_5164_5159_5460,"Imbued with the radiance of morning sunlight, these exquisite bracelets are a masterclass in fine jewelry craftsmanship. Handcrafted in Precious Metal, the design centers around a GIA-certified  carat Natural Diamond diamond (). The center stones are masterfully elevated by a halo of 91 shimmering white diamonds (0.779 Ct), creating an illusion of seamless, infinite brilliance. Weighing a total of 5.719 grams, this statement piece offers a secure, comfortable fit with breathtaking visual impact, making it an extraordinary treasure for life's most cherished milestones.",2.79ct GIA Certified Natural Diamond 18k Bracelet,in stock,new,90244.7 HKD,https://colourdiam.com/productdetail/Menu/4907/5148/5163/5164/5159/5460,"https://www.colourdiam.com/Product/Jewellery/4907_5148_5163_5164_5159_5460
/white45/center.jpg",ColourDiam,Apparel & Accessories > Jewelry,,1,,,,unisex,,,adult,,,,,,,,,GIA,Fine Jewelry
5171,"Imbued with the radiance of morning sunlight, these exquisite rings are a masterclass in fine jewelry craftsmanship. Handcrafted in 18k, the design centers around a GIA-certified  carat Natural Diamond diamond (). The center stones are masterfully elevated by a halo of 197 shimmering white diamonds (0.696 Ct), creating an illusion of seamless, infinite brilliance. Weighing a total of 5.96 grams, this statement piece offers a secure, comfortable fit with breathtaking visual impact, making it an extraordinary treasure for life's most cherished milestones.",0.52ct Very Light Pink GIA 18k Gold Diamond Ring,in stock,new,54146.82 HKD,https://colourdiam.com/productdetail/5171,https://www.colourdiam.com/Product/Jewellery/5171/white45/center.jpg,ColourDiam,Apparel & Accessories > Jewelry,,1,,,,unisex,,,adult,,,,,,,,,GIA,Fine Jewelry
5201,"Imbued with the radiance of morning sunlight, these exquisite rings are a masterclass in fine jewelry craftsmanship. Handcrafted in Precious Metal, the design centers around a GIA-certified  carat Natural Diamond diamond (). The center stones are masterfully elevated by a halo of 44 shimmering white diamonds (0.632 Ct) and 16 shimmering pink diamonds (0.179 Ct) and 18 shimmering pear diamonds (1.062 Ct), creating an illusion of seamless, infinite brilliance. Weighing a total of 5.77 grams, this statement piece offers a secure, comfortable fit with breathtaking visual impact, making it an extraordinary treasure for life's most cherished milestones.",1.01ct Fancy Pink VS AGL 18k Gold Diamond Ring - 1,in stock,new,54146.82 HKD,https://colourdiam.com/productdetail/5201,https://www.colourdiam.com/Product/Jewellery/5201/white45/center.jpg,ColourDiam,Apparel & Accessories > Jewelry,,1,,,,unisex,,,adult,,,,,,,,,AGL,Fine Jewelry
5212,"Discover the unparalleled beauty of this 0.50-carat Natural Diamond masterpiece, meticulously set in 18k. Each facet tells a story of nature's extraordinary artistry, cut to perfection by master artisans. This ring represents the ultimate expression of luxury — a rare treasure that transcends time and trends, destined to become a cherished heirloom for generations.",0.50ct Very Light Pink VS2 GIA 18k Diamond Ring,in stock,new,63171.29 HKD,,https://www.colourdiam.com/Product/Jewellery/5212/white45/center.jpg,ColourDiam,Apparel & Accessories > Jewelry,,1,,,,unisex,,,adult,,,,,,,,,GIA,Fine Jewelry
5228,"Discover the unparalleled beauty of this 0.60-carat Natural Diamond masterpiece, meticulously set in 18k. Each facet tells a story of nature's extraordinary artistry, cut to perfection by master artisans. This ring represents the ultimate expression of luxury — a rare treasure that transcends time and trends, destined to become a cherished heirloom for generations.",0.60ct Very Light Pink GIA 18k Gold Diamond Ring,in stock,new,94756.93 HKD,,https://www.colourdiam.com/Product/Jewellery/5228/white45/center.jpg,ColourDiam,Apparel & Accessories > Jewelry,,1,,,,unisex,,,adult,,,,,,,,,GIA,Fine Jewelry
5335,"Discover the unparalleled beauty of this 0.31-carat Natural Diamond masterpiece, meticulously set in 18k. Each facet tells a story of nature's extraordinary artistry, cut to perfection by master artisans. This ring represents the ultimate expression of luxury — a rare treasure that transcends time and trends, destined to become a cherished heirloom for generations.",0.31ct Light Pink GIA 18k Gold Diamond Ring,in stock,new,18048.94 HKD,https://colourdiam.com/productdetail/5335,https://www.colourdiam.com/Product/Jewellery/5335/white45/center.jpg,ColourDiam,Apparel & Accessories > Jewelry,,1,,,,unisex,,,adult,,,,,,,,,GIA,Fine Jewelry
5229_6619,"Discover the unparalleled beauty of this 1.20-carat Fancy Brown masterpiece, meticulously set in the finest precious metal. Each facet tells a story of nature's extraordinary artistry, cut to perfection by master artisans. This ring represents the ultimate expression of luxury — a rare treasure that transcends time and trends, destined to become a cherished heirloom for generations.",1.20ct Fancy Greenish Yellow GIA 18k Ring,in stock,new,40610.11 HKD,https://colourdiam.com/productdetail/Menu/5229/6619,https://www.colourdiam.com/Product/Jewellery/5229_6619/white45/center.jpg,ColourDiam,Apparel & Accessories > Jewelry,,1,,,,unisex,,,adult,,,,,,,,,GIA,Fine Jewelry
5402_5001,"Discover the unparalleled beauty of this 1.33-carat Natural Diamond masterpiece, meticulously set in 18k. Each facet tells a story of nature's extraordinary artistry, cut to perfection by master artisans. This ring represents the ultimate expression of luxury — a rare treasure that transcends time and trends, destined to become a cherished heirloom for generations.",1.33ct Fancy Light Yellow GIA 18k Ring,in stock,new,36097.88 HKD,https://colourdiam.com/productdetail/Menu/5402/5001,https://www.colourdiam.com/Product/Jewellery/5402_5001/white45/center.jpg,ColourDiam,Apparel & Accessories > Jewelry,,1,,,,unisex,,,adult,,,,,,,,,GIA,Fine Jewelry
5409,"Discover the unparalleled beauty of this 0.71-carat Natural Diamond masterpiece, meticulously set in 18K. Each facet tells a story of nature's extraordinary artistry, cut to perfection by master artisans. This ring represents the ultimate expression of luxury — a rare treasure that transcends time and trends, destined to become a cherished heirloom for generations.",0.71ct Light Pink GIA 18K Rose Gold Diamond Ring,in stock,new,40610.11 HKD,,https://www.colourdiam.com/Product/Jewellery/5409/white45/center.jpg,ColourDiam,Apparel & Accessories > Jewelry,,1,,,,unisex,,,adult,,,,,,,,,GIA,Fine Jewelry
5427,"Discover the unparalleled beauty of this 0.57-carat Natural Diamond masterpiece, meticulously set in the finest precious metal. Each facet tells a story of nature's extraordinary artistry, cut to perfection by master artisans. This ring represents the ultimate expression of luxury — a rare treasure that transcends time and trends, destined to become a cherished heirloom for generations.",0.57ct Fancy Light Bluish Green GIA 18k Ring,in stock,new,63171.29 HKD,,https://www.colourdiam.com/Product/Jewellery/5427/white45/center.jpg,ColourDiam,Apparel & Accessories > Jewelry,,1,,,,unisex,,,adult,,,,,,,,,GIA,Fine Jewelry
5448,"Discover the unparalleled beauty of this 1.29-carat Natural Diamond masterpiece, meticulously set in the finest precious metal. Each facet tells a story of nature's extraordinary artistry, cut to perfection by master artisans. This ring represents the ultimate expression of luxury — a rare treasure that transcends time and trends, destined to become a cherished heirloom for generations.",1.29ct Fancy Light Brownish Yellow VVS2 GIA Diamond Ring,in stock,new,49634.58 HKD,,https://www.colourdiam.com/Product/Jewellery/5448/white45/center.jpg,ColourDiam,Apparel & Accessories > Jewelry,,1,,,,unisex,,,adult,,,,,,,,,GIA,Fine Jewelry
5465,"Discover the unparalleled beauty of this 0.43-carat Natural Diamond masterpiece, meticulously set in the finest precious metal. Each facet tells a story of nature's extraordinary artistry, cut to perfection by master artisans. This ring represents the ultimate expression of luxury — a rare treasure that transcends time and trends, destined to become a cherished heirloom for generations.",0.43ct Faint Pink GIA 18k Gold Diamond Ring,in stock,new,49634.58 HKD,https://colourdiam.com/productdetail/5465,https://www.colourdiam.com/Product/Jewellery/5465/white45/center.jpg,ColourDiam,Apparel & Accessories > Jewelry,,1,,,,unisex,,,adult,,,,,,,,,GIA,Fine Jewelry
5528_5170,"Discover the unparalleled beauty of this -carat FANCY BROWN masterpiece, meticulously set in 18k. Each facet tells a story of nature's extraordinary artistry, cut to perfection by master artisans. This ring represents the ultimate expression of luxury — a rare treasure that transcends time and trends, destined to become a cherished heirloom for generations.",2.02ct Fancy Brownish Yellow GIA 18k Ring,in stock,new,58659.05 HKD,https://colourdiam.com/productdetail/Menu/5528/5170,https://www.colourdiam.com/Product/Jewellery/5528_5170/white45/center.jpg,ColourDiam,Apparel & Accessories > Jewelry,,1,,,,unisex,,,adult,,,,,,,,,GIA,Fine Jewelry
5531,"Discover the unparalleled beauty of this -carat FANCY BROWN masterpiece, meticulously set in 18k. Each facet tells a story of nature's extraordinary artistry, cut to perfection by master artisans. This ring represents the ultimate expression of luxury — a rare treasure that transcends time and trends, destined to become a cherished heirloom for generations.",2.01ct Fancy Brownish Yellow GIA 18k Gold Ring,in stock,new,45122.35 HKD,https://colourdiam.com/productdetail/5531,https://www.colourdiam.com/Product/Jewellery/5531/white45/center.jpg,ColourDiam,Apparel & Accessories > Jewelry,,1,,,,unisex,,,adult,,,,,,,,,GIA,Fine Jewelry
5545_5581_4685,"Discover the unparalleled beauty of this 0.41-carat Natural Diamond masterpiece, meticulously set in 18k. Each facet tells a story of nature's extraordinary artistry, cut to perfection by master artisans. This ring represents the ultimate expression of luxury — a rare treasure that transcends time and trends, destined to become a cherished heirloom for generations.",0.41ct Faint Pink GIA 18k Gold Diamond Ring,in stock,new,130854.81 HKD,https://colourdiam.com/productdetail/Menu/5545/5581/4685,https://www.colourdiam.com/Product/Jewellery/5545_5581_4685/white45/center.jpg,ColourDiam,Apparel & Accessories > Jewelry,,1,,,,unisex,,,adult,,,,,,,,,GIA,Fine Jewelry
5547,"Discover the unparalleled beauty of this -carat Natural Diamond masterpiece, meticulously set in 18K. Each facet tells a story of nature's extraordinary artistry, cut to perfection by master artisans. This ring represents the ultimate expression of luxury — a rare treasure that transcends time and trends, destined to become a cherished heirloom for generations.",2.38ct Greenish Yellow VS1 GIA 18K Gold Diamond Ring,in stock,new,166952.69 HKD,,https://www.colourdiam.com/Product/Jewellery/5547/white45/center.jpg,ColourDiam,Apparel & Accessories > Jewelry,,1,,,,unisex,,,adult,,,,,,,,,GIA,Fine Jewelry
5551,"Discover the unparalleled beauty of this 1.50-carat Natural Diamond masterpiece, meticulously set in the finest precious metal. Each facet tells a story of nature's extraordinary artistry, cut to perfection by master artisans. This ring represents the ultimate expression of luxury — a rare treasure that transcends time and trends, destined to become a cherished heirloom for generations.",1.50ct Light Pink GIA 18k Gold Diamond Ring,in stock,new,252685.15 HKD,https://colourdiam.com/productdetail/5551,https://www.colourdiam.com/Product/Jewellery/5551/white45/center.jpg,ColourDiam,Apparel & Accessories > Jewelry,,1,,,,unisex,,,adult,,,,,,,,,GIA,Fine Jewelry
5585_5361,"Discover the unparalleled beauty of this 1.74-carat Natural Diamond masterpiece, meticulously set in 18k. Each facet tells a story of nature's extraordinary artistry, cut to perfection by master artisans. This ring represents the ultimate expression of luxury — a rare treasure that transcends time and trends, destined to become a cherished heirloom for generations.",1.74ct Fancy Greenish Yellow GIA 18k Ring,in stock,new,135367.05 HKD,https://colourdiam.com/productdetail/Menu/5585/5361,https://www.colourdiam.com/Product/Jewellery/5585_5361/white45/center.jpg,ColourDiam,Apparel & Accessories > Jewelry,,1,,,,unisex,,,adult,,,,,,,,,GIA,Fine Jewelry
5595,"Discover the unparalleled beauty of this 0.31-carat Natural Diamond masterpiece, meticulously set in the finest precious metal. Each facet tells a story of nature's extraordinary artistry, cut to perfection by master artisans. This ring represents the ultimate expression of luxury — a rare treasure that transcends time and trends, destined to become a cherished heirloom for generations.",0.31ct Faint Pink VS2 GIA 18k Pink Ring,in stock,new,36097.88 HKD,,https://www.colourdiam.com/Product/Jewellery/5595/white45/center.jpg,ColourDiam,Apparel & Accessories > Jewelry,,1,,,,unisex,,,adult,,,,,,,,,GIA,Fine Jewelry
5596,"Discover the unparalleled beauty of this 0.51-carat Natural Diamond masterpiece, meticulously set in the finest precious metal. Each facet tells a story of nature's extraordinary artistry, cut to perfection by master artisans. This ring represents the ultimate expression of luxury — a rare treasure that transcends time and trends, destined to become a cherished heirloom for generations.",0.51ct Faint Pink GIA 18k Gold Diamond Ring,in stock,new,54146.82 HKD,,https://www.colourdiam.com/Product/Jewellery/5596/white45/center.jpg,ColourDiam,Apparel & Accessories > Jewelry,,1,,,,unisex,,,adult,,,,,,,,,GIA,Fine Jewelry
5597,"Discover the unparalleled beauty of this 0.32-carat Natural Diamond masterpiece, meticulously set in the finest precious metal. Each facet tells a story of nature's extraordinary artistry, cut to perfection by master artisans. This ring represents the ultimate expression of luxury — a rare treasure that transcends time and trends, destined to become a cherished heirloom for generations.",0.32ct Faint Pink VVS2 GIA 18k Pink Diamond Ring,in stock,new,36097.88 HKD,https://colourdiam.com/productdetail/5597,https://www.colourdiam.com/Product/Jewellery/5597/white45/center.jpg,ColourDiam,Apparel & Accessories > Jewelry,,1,,,,unisex,,,adult,,,,,,,,,GIA,Fine Jewelry
5610_5611,"Discover the unparalleled beauty of this 0.38-carat Natural Diamond masterpiece, meticulously set in 18k. Each facet tells a story of nature's extraordinary artistry, cut to perfection by master artisans. This earring represents the ultimate expression of luxury — a rare treasure that transcends time and trends, destined to become a cherished heirloom for generations.",0.70ct Faint Pink GIA 18k Gold Diamond Earrings,in stock,new,45122.35 HKD,https://colourdiam.com/productdetail/Menu/5610/5611,https://www.colourdiam.com/Product/Jewellery/5610_5611/white45/center.jpg,ColourDiam,Apparel & Accessories > Jewelry,,1,,,,unisex,,,adult,,,,,,,,,GIA,Fine Jewelry
5618_5658,"Discover the unparalleled beauty of this 3.25-carat FANCY GREEN masterpiece, meticulously set in 18k. Each facet tells a story of nature's extraordinary artistry, cut to perfection by master artisans. This ring represents the ultimate expression of luxury — a rare treasure that transcends time and trends, destined to become a cherished heirloom for generations.",3.25ct Fancy Green VS1 AGL 18k Ring,in stock,new,189513.86 HKD,https://colourdiam.com/productdetail/Menu/5618/5658,https://www.colourdiam.com/Product/Jewellery/5618_5658/white45/center.jpg,ColourDiam,Apparel & Accessories > Jewelry,,1,,,,unisex,,,adult,,,,,,,,,AGL,Fine Jewelry
5661_5196,"Discover the unparalleled beauty of this 1.01-carat Fancy Brown masterpiece, meticulously set in the finest precious metal. Each facet tells a story of nature's extraordinary artistry, cut to perfection by master artisans. This ring represents the ultimate expression of luxury — a rare treasure that transcends time and trends, destined to become a cherished heirloom for generations.",1.01ct Fancy Yellow Diamond 18k Gold Ring GIA,in stock,new,31585.64 HKD,https://colourdiam.com/productdetail/Menu/5661/5196,https://www.colourdiam.com/Product/Jewellery/5661_5196/white45/center.jpg,ColourDiam,Apparel & Accessories > Jewelry,,1,,,,unisex,,,adult,,,,,,,,,GIA,Fine Jewelry
5699,"Discover the unparalleled beauty of this 0.27-carat Fancy Yellow masterpiece, meticulously set in 18K. Each facet tells a story of nature's extraordinary artistry, cut to perfection by master artisans. This ring represents the ultimate expression of luxury — a rare treasure that transcends time and trends, destined to become a cherished heirloom for generations.",0.27ct Fancy Yellow Diamond 18K Gold Ring,in stock,new,13536.7 HKD,,https://www.colourdiam.com/Product/Jewellery/5699/white45/center.jpg,ColourDiam,Apparel & Accessories > Jewelry,,1,,,,unisex,,,adult,,,,,,,,,AGL,Fine Jewelry
5708,"Discover the unparalleled beauty of this 0.24-carat Fancy Yellow masterpiece, meticulously set in the finest precious metal. Each facet tells a story of nature's extraordinary artistry, cut to perfection by master artisans. This pendant represents the ultimate expression of luxury — a rare treasure that transcends time and trends, destined to become a cherished heirloom for generations.",0.24ct Fancy Yellow VS 18k Gold Diamond Pendant,in stock,new,14890.38 HKD,https://colourdiam.com/productdetail/5708,https://www.colourdiam.com/Product/Jewellery/5708/white45/center.jpg,ColourDiam,Apparel & Accessories > Jewelry,,1,,,,unisex,,,adult,,,,,,,,,AGL,Fine Jewelry
5715,"Discover the unparalleled beauty of this 0.12-carat Natural Diamond masterpiece, meticulously set in 18K. Each facet tells a story of nature's extraordinary artistry, cut to perfection by master artisans. This pendant represents the ultimate expression of luxury — a rare treasure that transcends time and trends, destined to become a cherished heirloom for generations.",0.12ct Fancy Light Pink VS 18K Gold Pendant,in stock,new,13536.7 HKD,,https://www.colourdiam.com/Product/Jewellery/5715/white45/center.jpg,ColourDiam,Apparel & Accessories > Jewelry,,1,,,,unisex,,,adult,,,,,,,,,AGL,Fine Jewelry
5730,"Discover the unparalleled beauty of this 2.21-carat Natural Diamond masterpiece, meticulously set in the finest precious metal. Each facet tells a story of nature's extraordinary artistry, cut to perfection by master artisans. This ring represents the ultimate expression of luxury — a rare treasure that transcends time and trends, destined to become a cherished heirloom for generations.",2.21ct Fancy Green SI2 GIA Certified 18k Ring,in stock,new,94756.93 HKD,,https://www.colourdiam.com/Product/Jewellery/5730/white45/center.jpg,ColourDiam,Apparel & Accessories > Jewelry,,1,,,,unisex,,,adult,,,,,,,,,GIA,Fine Jewelry
5735,"Discover the unparalleled beauty of this -carat Natural Diamond masterpiece, meticulously set in the finest precious metal. Each facet tells a story of nature's extraordinary artistry, cut to perfection by master artisans. This ring represents the ultimate expression of luxury — a rare treasure that transcends time and trends, destined to become a cherished heirloom for generations.",0.86ct F VS2 GIA Certified 18k White Gold Diamond Ring,in stock,new,13536.7 HKD,https://colourdiam.com/productdetail/5735,https://www.colourdiam.com/Product/Jewellery/5735/white45/center.jpg,ColourDiam,Apparel & Accessories > Jewelry,,1,,,,unisex,,,adult,,,,,,,,,GIA,Fine Jewelry
5766,"Discover the unparalleled beauty of this 0.31-carat Natural Diamond masterpiece, meticulously set in the finest precious metal. Each facet tells a story of nature's extraordinary artistry, cut to perfection by master artisans. This ring represents the ultimate expression of luxury — a rare treasure that transcends time and trends, destined to become a cherished heirloom for generations.",0.31ct Faint Pink SI1 18K Gold Diamond Ring,in stock,new,10829.36 HKD,https://colourdiam.com/productdetail/5766,https://www.colourdiam.com/Product/Jewellery/5766/white45/center.jpg,ColourDiam,Apparel & Accessories > Jewelry,,1,,,,unisex,,,adult,,,,,,,,,CGL,Fine Jewelry
5769,"Discover the unparalleled beauty of this -carat Natural Diamond masterpiece, meticulously set in the finest precious metal. Each facet tells a story of nature's extraordinary artistry, cut to perfection by master artisans. This ring represents the ultimate expression of luxury — a rare treasure that transcends time and trends, destined to become a cherished heirloom for generations.",1.00ct H VS2 GIA Certified 18k White Gold Diamond Ring,in stock,new,58659.05 HKD,https://colourdiam.com/productdetail/5769,https://www.colourdiam.com/Product/Jewellery/5769/white45/center.jpg,ColourDiam,Apparel & Accessories > Jewelry,,1,,,,unisex,,,adult,,,,,,,,,GIA,Fine Jewelry
5932,"Discover the unparalleled beauty of this 0.40-carat Natural Diamond masterpiece, meticulously set in the finest precious metal. Each facet tells a story of nature's extraordinary artistry, cut to perfection by master artisans. This ring represents the ultimate expression of luxury — a rare treasure that transcends time and trends, destined to become a cherished heirloom for generations.",0.40ct Very Light Pink SI2 GIA 18k Pink Diamond Ring,in stock,new,45122.35 HKD,https://colourdiam.com/productdetail/5932,https://www.colourdiam.com/Product/Jewellery/5932/white45/center.jpg,ColourDiam,Apparel & Accessories > Jewelry,,1,,,,unisex,,,adult,,,,,,,,,GIA,Fine Jewelry
5982_5362,"Discover the unparalleled beauty of this 1.04-carat fancy  pink masterpiece, meticulously set in 18k. Each facet tells a story of nature's extraordinary artistry, cut to perfection by master artisans. This ring represents the ultimate expression of luxury — a rare treasure that transcends time and trends, destined to become a cherished heirloom for generations.",1.04ct Fancy Pink VS2 AGL 18k Gold Diamond Ring,in stock,new,27073.41 HKD,https://colourdiam.com/productdetail/Menu/5982/5362,https://www.colourdiam.com/Product/Jewellery/5982_5362/white45/center.jpg,ColourDiam,Apparel & Accessories > Jewelry,,1,,,,unisex,,,adult,,,,,,,,,AGL,Fine Jewelry
5983,"Discover the unparalleled beauty of this -carat Fancy Pink masterpiece, meticulously set in 18K. Each facet tells a story of nature's extraordinary artistry, cut to perfection by master artisans. This ring represents the ultimate expression of luxury — a rare treasure that transcends time and trends, destined to become a cherished heirloom for generations.",1.01ct Fancy Pink AGL 18K Gold Diamond Ring,in stock,new,45122.35 HKD,https://colourdiam.com/productdetail/5983,https://www.colourdiam.com/Product/Jewellery/5983/white45/center.jpg,ColourDiam,Apparel & Accessories > Jewelry,,1,,,,unisex,,,adult,,,,,,,,,AGL,Fine Jewelry
5991,"Discover the unparalleled beauty of this 1.01-carat Fancy Pink masterpiece, meticulously set in the finest precious metal. Each facet tells a story of nature's extraordinary artistry, cut to perfection by master artisans. This ring represents the ultimate expression of luxury — a rare treasure that transcends time and trends, destined to become a cherished heirloom for generations.",1.01ct Fancy Pink VS AGL 18k Gold Diamond Ring,in stock,new,45122.35 HKD,https://colourdiam.com/productdetail/5991,https://www.colourdiam.com/Product/Jewellery/5991/white45/center.jpg,ColourDiam,Apparel & Accessories > Jewelry,,1,,,,unisex,,,adult,,,,,,,,,AGL,Fine Jewelry
5993,"Discover the unparalleled beauty of this 1.00-carat Fancy Pink masterpiece, meticulously set in 18k. Each facet tells a story of nature's extraordinary artistry, cut to perfection by master artisans. This ring represents the ultimate expression of luxury — a rare treasure that transcends time and trends, destined to become a cherished heirloom for generations.",1.00ct Fancy Pink VS 18k Gold Diamond Ring,in stock,new,49634.58 HKD,,https://www.colourdiam.com/Product/Jewellery/5993/white45/center.jpg,ColourDiam,Apparel & Accessories > Jewelry,,1,,,,unisex,,,adult,,,,,,,,,NON CERTIFIED,Fine Jewelry
6000,"Discover the unparalleled beauty of this 0.33-carat Natural Diamond masterpiece, meticulously set in the finest precious metal. Each facet tells a story of nature's extraordinary artistry, cut to perfection by master artisans. This ring represents the ultimate expression of luxury — a rare treasure that transcends time and trends, destined to become a cherished heirloom for generations.",0.33ct Faint Pink GIA 18k Gold Diamond Ring,in stock,new,27073.41 HKD,,https://www.colourdiam.com/Product/Jewellery/6000/white45/center.jpg,ColourDiam,Apparel & Accessories > Jewelry,,1,,,,unisex,,,adult,,,,,,,,,GIA,Fine Jewelry
6001,"Discover the unparalleled beauty of this 0.27-carat Natural Diamond masterpiece, meticulously set in the finest precious metal. Each facet tells a story of nature's extraordinary artistry, cut to perfection by master artisans. This ring represents the ultimate expression of luxury — a rare treasure that transcends time and trends, destined to become a cherished heirloom for generations.",0.27ct Faint Pink VS2 GIA 18k Pink Ring,in stock,new,27073.41 HKD,https://colourdiam.com/productdetail/6001,https://www.colourdiam.com/Product/Jewellery/6001/white45/center.jpg,ColourDiam,Apparel & Accessories > Jewelry,,1,,,,unisex,,,adult,,,,,,,,,GIA,Fine Jewelry
6002,"Discover the unparalleled beauty of this -carat Fancy pink masterpiece, meticulously set in the finest precious metal. Each facet tells a story of nature's extraordinary artistry, cut to perfection by master artisans. This ring represents the ultimate expression of luxury — a rare treasure that transcends time and trends, destined to become a cherished heirloom for generations.",0.24ct Fancy Pink VS 18k Rose Gold Diamond Ring,in stock,new,13536.7 HKD,https://colourdiam.com/productdetail/6002,https://www.colourdiam.com/Product/Jewellery/6002/white45/center.jpg,ColourDiam,Apparel & Accessories > Jewelry,,1,,,,unisex,,,adult,,,,,,,,,AGL,Fine Jewelry
6009,"Discover the unparalleled beauty of this -carat Fancy pink masterpiece, meticulously set in 18k. Each facet tells a story of nature's extraordinary artistry, cut to perfection by master artisans. This ring represents the ultimate expression of luxury — a rare treasure that transcends time and trends, destined to become a cherished heirloom for generations.",0.26ct Fancy Pink & White Diamond 18k Gold Ring,in stock,new,13536.7 HKD,https://colourdiam.com/productdetail/6009,https://www.colourdiam.com/Product/Jewellery/6009/white45/center.jpg,ColourDiam,Apparel & Accessories > Jewelry,,1,,,,unisex,,,adult,,,,,,,,,AGL,Fine Jewelry
6060,"Discover the unparalleled beauty of this 0.40-carat Natural Diamond masterpiece, meticulously set in the finest precious metal. Each facet tells a story of nature's extraordinary artistry, cut to perfection by master artisans. This ring represents the ultimate expression of luxury — a rare treasure that transcends time and trends, destined to become a cherished heirloom for generations.",0.73ct Baguette & Pink Diamond 18k Ring GIA,in stock,new,32939.31 HKD,https://colourdiam.com/productdetail/6060,https://www.colourdiam.com/Product/Jewellery/6060/white45/center.jpg,ColourDiam,Apparel & Accessories > Jewelry,,1,,,,unisex,,,adult,,,,,,,,,GIA,Fine Jewelry
6064,"Discover the unparalleled beauty of this -carat Natural Diamond masterpiece, meticulously set in the finest precious metal. Each facet tells a story of nature's extraordinary artistry, cut to perfection by master artisans. This ring represents the ultimate expression of luxury — a rare treasure that transcends time and trends, destined to become a cherished heirloom for generations.",0.34ct Faint Pink VS1 GIA 18k Pink Diamond Ring,in stock,new,27073.41 HKD,,https://www.colourdiam.com/Product/Jewellery/6064/white45/center.jpg,ColourDiam,Apparel & Accessories > Jewelry,,1,,,,unisex,,,adult,,,,,,,,,GIA,Fine Jewelry
6065,"Discover the unparalleled beauty of this -carat Natural Diamond masterpiece, meticulously set in 18K. Each facet tells a story of nature's extraordinary artistry, cut to perfection by master artisans. This ring represents the ultimate expression of luxury — a rare treasure that transcends time and trends, destined to become a cherished heirloom for generations.",0.32ct Faint Pink GIA 18K Rose Gold Diamond Ring,in stock,new,27073.41 HKD,https://colourdiam.com/productdetail/6065,https://www.colourdiam.com/Product/Jewellery/6065/white45/center.jpg,ColourDiam,Apparel & Accessories > Jewelry,,1,,,,unisex,,,adult,,,,,,,,,GIA,Fine Jewelry
6109,"Discover the unparalleled beauty of this 1.00-carat Fancy Green masterpiece, meticulously set in 18k. Each facet tells a story of nature's extraordinary artistry, cut to perfection by master artisans. This ring represents the ultimate expression of luxury — a rare treasure that transcends time and trends, destined to become a cherished heirloom for generations.",1.00ct Fancy Greenish Yellow GIA 18k Ring,in stock,new,58659.05 HKD,https://colourdiam.com/productdetail/6109,https://www.colourdiam.com/Product/Jewellery/6109/white45/center.jpg,ColourDiam,Apparel & Accessories > Jewelry,,1,,,,unisex,,,adult,,,,,,,,,GIA,Fine Jewelry
6111,"Discover the unparalleled beauty of this 0.60-carat Natural Diamond masterpiece, meticulously set in 18k. Each facet tells a story of nature's extraordinary artistry, cut to perfection by master artisans. This ring represents the ultimate expression of luxury — a rare treasure that transcends time and trends, destined to become a cherished heirloom for generations.",0.60ct Faint Pink VS1 GIA Certified 18k Gold Ring,in stock,new,45122.35 HKD,,https://www.colourdiam.com/Product/Jewellery/6111/white45/center.jpg,ColourDiam,Apparel & Accessories > Jewelry,,1,,,,unisex,,,adult,,,,,,,,,GIA,Fine Jewelry
6120,"Discover the unparalleled beauty of this -carat Natural Diamond masterpiece, meticulously set in the finest precious metal. Each facet tells a story of nature's extraordinary artistry, cut to perfection by master artisans. This ring represents the ultimate expression of luxury — a rare treasure that transcends time and trends, destined to become a cherished heirloom for generations.",1.01ct D VS1 GIA 18k White Gold Diamond Ring - 1,in stock,new,47965.06 HKD,,https://www.colourdiam.com/Product/Jewellery/6120/white45/center.jpg,ColourDiam,Apparel & Accessories > Jewelry,,1,,,,unisex,,,adult,,,,,,,,,GIA,Fine Jewelry
6126_5641,"Discover the unparalleled beauty of this 2.01-carat Fancy Brown masterpiece, meticulously set in the finest precious metal. Each facet tells a story of nature's extraordinary artistry, cut to perfection by master artisans. This ring represents the ultimate expression of luxury — a rare treasure that transcends time and trends, destined to become a cherished heirloom for generations.",2.01ct Fancy Brown Pink GIA Diamond Ring in 18k Gold,in stock,new,586590.53 HKD,https://colourdiam.com/productdetail/Menu/6126/5641,https://www.colourdiam.com/Product/Jewellery/6126_5641/white45/center.jpg,ColourDiam,Apparel & Accessories > Jewelry,,1,,,,unisex,,,adult,,,,,,,,,GIA,Fine Jewelry
6139,"Discover the unparalleled beauty of this 1.02-carat Natural Diamond masterpiece, meticulously set in the finest precious metal. Each facet tells a story of nature's extraordinary artistry, cut to perfection by master artisans. This ring represents the ultimate expression of luxury — a rare treasure that transcends time and trends, destined to become a cherished heirloom for generations.",1.02ct E IF GIA Certified 18k White Gold Diamond Ring,in stock,new,49634.58 HKD,https://colourdiam.com/productdetail/6139,https://www.colourdiam.com/Product/Jewellery/6139/white45/center.jpg,ColourDiam,Apparel & Accessories > Jewelry,,1,,,,unisex,,,adult,,,,,,,,,GIA,Fine Jewelry
6141,"Discover the unparalleled beauty of this -carat Natural Diamond masterpiece, meticulously set in the finest precious metal. Each facet tells a story of nature's extraordinary artistry, cut to perfection by master artisans. This ring represents the ultimate expression of luxury — a rare treasure that transcends time and trends, destined to become a cherished heirloom for generations.",1.01ct D VS1 GIA 18k White Gold Diamond Ring,in stock,new,54146.82 HKD,,https://www.colourdiam.com/Product/Jewellery/6141/white45/center.jpg,ColourDiam,Apparel & Accessories > Jewelry,,1,,,,unisex,,,adult,,,,,,,,,GIA,Fine Jewelry
6147,"Discover the unparalleled beauty of this 1.02-carat Fancy Pink masterpiece, meticulously set in 18k. Each facet tells a story of nature's extraordinary artistry, cut to perfection by master artisans. This ring represents the ultimate expression of luxury — a rare treasure that transcends time and trends, destined to become a cherished heirloom for generations.",1.02ct Fancy Pink SI 18k Gold Diamond Ring,in stock,new,49634.58 HKD,,https://www.colourdiam.com/Product/Jewellery/6147/white45/center.jpg,ColourDiam,Apparel & Accessories > Jewelry,,1,,,,unisex,,,adult,,,,,,,,,AGL,Fine Jewelry
4564_6149,"Discover the unparalleled beauty of this 1.03-carat Fancy Pink masterpiece, meticulously set in the finest precious metal. Each facet tells a story of nature's extraordinary artistry, cut to perfection by master artisans. This ring represents the ultimate expression of luxury — a rare treasure that transcends time and trends, destined to become a cherished heirloom for generations.",1.03ct Fancy Pink VS AGL 18k Diamond Ring,in stock,new,54146.82 HKD,https://colourdiam.com/productdetail/Menu/4564/6149,https://www.colourdiam.com/Product/Jewellery/4564_6149/white45/center.jpg,ColourDiam,Apparel & Accessories > Jewelry,,1,,,,unisex,,,adult,,,,,,,,,AGL,Fine Jewelry
6163,"Discover the unparalleled beauty of this 0.60-carat Natural Diamond masterpiece, meticulously set in the finest precious metal. Each facet tells a story of nature's extraordinary artistry, cut to perfection by master artisans. This ring represents the ultimate expression of luxury — a rare treasure that transcends time and trends, destined to become a cherished heirloom for generations.",0.60ct Faint Pink VVS2 GIA 18k Convertible Ring,in stock,new,45122.35 HKD,,https://www.colourdiam.com/Product/Jewellery/6163/white45/center.jpg,ColourDiam,Apparel & Accessories > Jewelry,,1,,,,unisex,,,adult,,,,,,,,,GIA,Fine Jewelry
6166,"Discover the unparalleled beauty of this 1.01-carat Natural Diamond masterpiece, meticulously set in 18k. Each facet tells a story of nature's extraordinary artistry, cut to perfection by master artisans. This ring represents the ultimate expression of luxury — a rare treasure that transcends time and trends, destined to become a cherished heirloom for generations.",1.01ct E Si1 GIA Certified 18k White Gold Diamond Ring,in stock,new,40610.11 HKD,https://colourdiam.com/productdetail/6166,https://www.colourdiam.com/Product/Jewellery/6166/white45/center.jpg,ColourDiam,Apparel & Accessories > Jewelry,,1,,,,unisex,,,adult,,,,,,,,,GIA,Fine Jewelry
6186,"Discover the unparalleled beauty of this -carat Natural Diamond masterpiece, meticulously set in the finest precious metal. Each facet tells a story of nature's extraordinary artistry, cut to perfection by master artisans. This ring represents the ultimate expression of luxury — a rare treasure that transcends time and trends, destined to become a cherished heirloom for generations.",1.00ct F VS2 GIA Certified 18k White Gold Diamond Ring,in stock,new,29961.24 HKD,,https://www.colourdiam.com/Product/Jewellery/6186/white45/center.jpg,ColourDiam,Apparel & Accessories > Jewelry,,1,,,,unisex,,,adult,,,,,,,,,GIA,Fine Jewelry
6193,"Discover the unparalleled beauty of this 3.01-carat Fancy Brown masterpiece, meticulously set in 18k. Each facet tells a story of nature's extraordinary artistry, cut to perfection by master artisans. This ring represents the ultimate expression of luxury — a rare treasure that transcends time and trends, destined to become a cherished heirloom for generations.",3.01ct Fancy Yellow GIA 18k Gold Diamond Ring,in stock,new,144391.52 HKD,,https://www.colourdiam.com/Product/Jewellery/6193/white45/center.jpg,ColourDiam,Apparel & Accessories > Jewelry,,1,,,,unisex,,,adult,,,,,,,,,GIA,Fine Jewelry
6267,"Discover the unparalleled beauty of this 0.51-carat Natural Diamond masterpiece, meticulously set in the finest precious metal. Each facet tells a story of nature's extraordinary artistry, cut to perfection by master artisans. This ring represents the ultimate expression of luxury — a rare treasure that transcends time and trends, destined to become a cherished heirloom for generations.",0.51ct I VVS1 GIA Certified 18k White Gold Ring,in stock,new,11731.81 HKD,https://colourdiam.com/productdetail/6267,https://www.colourdiam.com/Product/Jewellery/6267/white45/center.jpg,ColourDiam,Apparel & Accessories > Jewelry,,1,,,,unisex,,,adult,,,,,,,,,GIA,Fine Jewelry
6270,"Discover the unparalleled beauty of this 0.20-carat Natural Diamond masterpiece, meticulously set in 18k. Each facet tells a story of nature's extraordinary artistry, cut to perfection by master artisans. This pendant represents the ultimate expression of luxury — a rare treasure that transcends time and trends, destined to become a cherished heirloom for generations.",0.20ct Pinkish Brown GIA 18k Gold Diamond Pendant,in stock,new,27073.41 HKD,,https://www.colourdiam.com/Product/Jewellery/6270/white45/center.jpg,ColourDiam,Apparel & Accessories > Jewelry,,1,,,,unisex,,,adult,,,,,,,,,GIA,Fine Jewelry
6279_6318,"Discover the unparalleled beauty of this 0.29-carat Natural Diamond masterpiece, meticulously set in 18k. Each facet tells a story of nature's extraordinary artistry, cut to perfection by master artisans. This earring represents the ultimate expression of luxury — a rare treasure that transcends time and trends, destined to become a cherished heirloom for generations.",0.60ct Faint Pink GIA 18k Gold Diamond Earrings,in stock,new,67683.52 HKD,https://colourdiam.com/productdetail/Menu/6279/6318,https://www.colourdiam.com/Product/Jewellery/6279_6318/white45/center.jpg,ColourDiam,Apparel & Accessories > Jewelry,,1,,,,unisex,,,adult,,,,,,,,,GIA,Fine Jewelry
6280_6385,"Discover the unparalleled beauty of this 0.29-carat Natural Diamond masterpiece, meticulously set in the finest precious metal. Each facet tells a story of nature's extraordinary artistry, cut to perfection by master artisans. This ring represents the ultimate expression of luxury — a rare treasure that transcends time and trends, destined to become a cherished heirloom for generations.",0.59ct Faint Pink GIA Certified 18k Gold Diamond Ring,in stock,new,45122.35 HKD,https://colourdiam.com/productdetail/Menu/6280/6385,https://www.colourdiam.com/Product/Jewellery/6280_6385/white45/center.jpg,ColourDiam,Apparel & Accessories > Jewelry,,1,,,,unisex,,,adult,,,,,,,,,GIA,Fine Jewelry
6283,"Discover the unparalleled beauty of this 0.33-carat Natural Diamond masterpiece, meticulously set in 18k. Each facet tells a story of nature's extraordinary artistry, cut to perfection by master artisans. This ring represents the ultimate expression of luxury — a rare treasure that transcends time and trends, destined to become a cherished heirloom for generations.",0.33ct Faint Pink VS2 GIA Certified 18k Gold Ring,in stock,new,27073.41 HKD,https://colourdiam.com/productdetail/6283,https://www.colourdiam.com/Product/Jewellery/6283/white45/center.jpg,ColourDiam,Apparel & Accessories > Jewelry,,1,,,,unisex,,,adult,,,,,,,,,GIA,Fine Jewelry
6313,"Discover the unparalleled beauty of this 0.35-carat Natural Diamond masterpiece, meticulously set in the finest precious metal. Each facet tells a story of nature's extraordinary artistry, cut to perfection by master artisans. This ring represents the ultimate expression of luxury — a rare treasure that transcends time and trends, destined to become a cherished heirloom for generations.",0.35ct Faint Pink VS1 GIA 18k Pink Ring,in stock,new,40610.11 HKD,https://colourdiam.com/productdetail/6313,https://www.colourdiam.com/Product/Jewellery/6313/white45/center.jpg,ColourDiam,Apparel & Accessories > Jewelry,,1,,,,unisex,,,adult,,,,,,,,,GIA,Fine Jewelry
6357,"Discover the unparalleled beauty of this 1.00-carat Natural Diamond masterpiece, meticulously set in the finest precious metal. Each facet tells a story of nature's extraordinary artistry, cut to perfection by master artisans. This ring represents the ultimate expression of luxury — a rare treasure that transcends time and trends, destined to become a cherished heirloom for generations.",1.00ct H VS2 IGI Certified 18k White Gold Diamond Ring,in stock,new,37902.77 HKD,https://colourdiam.com/productdetail/6357,https://www.colourdiam.com/Product/Jewellery/6357/white45/center.jpg,ColourDiam,Apparel & Accessories > Jewelry,,1,,,,unisex,,,adult,,,,,,,,,IGI,Fine Jewelry
6373,"Discover the unparalleled beauty of this 0.71-carat Natural Diamond masterpiece, meticulously set in the finest precious metal. Each facet tells a story of nature's extraordinary artistry, cut to perfection by master artisans. This ring represents the ultimate expression of luxury — a rare treasure that transcends time and trends, destined to become a cherished heirloom for generations.",0.71ct Faint Pink GIA 18k Convertible Ring,in stock,new,76707.99 HKD,https://colourdiam.com/productdetail/6373,https://www.colourdiam.com/Product/Jewellery/6373/white45/center.jpg,ColourDiam,Apparel & Accessories > Jewelry,,1,,,,unisex,,,adult,,,,,,,,,GIA,Fine Jewelry
6374,"Discover the unparalleled beauty of this 1.00-carat Natural Diamond masterpiece, meticulously set in 18k. Each facet tells a story of nature's extraordinary artistry, cut to perfection by master artisans. This ring represents the ultimate expression of luxury — a rare treasure that transcends time and trends, destined to become a cherished heirloom for generations.",1.00ct Faint Pinkish Brown GIA 18k Pink Diamond Ring,in stock,new,85732.46 HKD,https://colourdiam.com/productdetail/6374,https://www.colourdiam.com/Product/Jewellery/6374/white45/center.jpg,ColourDiam,Apparel & Accessories > Jewelry,,1,,,,unisex,,,adult,,,,,,,,,GIA,Fine Jewelry
6400_1236,"Discover the unparalleled beauty of this -carat Natural Diamond masterpiece, meticulously set in the finest precious metal. Each facet tells a story of nature's extraordinary artistry, cut to perfection by master artisans. This ring represents the ultimate expression of luxury — a rare treasure that transcends time and trends, destined to become a cherished heirloom for generations.",0.56ct Pink & Yellow Diamond 18k Gold Ring,in stock,new,72195.76 HKD,https://colourdiam.com/productdetail/Menu/6400/1236,https://www.colourdiam.com/Product/Jewellery/6400_1236/white45/center.jpg,ColourDiam,Apparel & Accessories > Jewelry,,1,,,,unisex,,,adult,,,,,,,,,GIA,Fine Jewelry
6639,"Discover the unparalleled beauty of this 2.21-carat Fancy Pink masterpiece, meticulously set in 18K. Each facet tells a story of nature's extraordinary artistry, cut to perfection by master artisans. This earring represents the ultimate expression of luxury — a rare treasure that transcends time and trends, destined to become a cherished heirloom for generations.","Exceptional EARRING featuring a 2.21 carat Fancy Pink, set in luxurious 18K. an extraordinary expression of refined elegance — a true masterpiece for the most discerning connoisseur.",in stock,new,135367.05 HKD,https://colourdiam.com/productdetail/6639,https://www.colourdiam.com/Product/Jewellery/6639/white45/center.jpg,ColourDiam,Apparel & Accessories > Jewelry,,1,,,,unisex,,,adult,,,,,,,,,AGL,Fine Jewelry
6626_6627,"Discover the unparalleled beauty of this -carat Fancy orange masterpiece, meticulously set in the finest precious metal. Each facet tells a story of nature's extraordinary artistry, cut to perfection by master artisans. This ring represents the ultimate expression of luxury — a rare treasure that transcends time and trends, destined to become a cherished heirloom for generations.",0.30ct Fancy Orange & Yellow 18k Gold Diamond Ring,in stock,new,40610.11 HKD,https://colourdiam.com/productdetail/Menu/6626/6627,https://www.colourdiam.com/Product/Jewellery/6626_6627/white45/center.jpg,ColourDiam,Apparel & Accessories > Jewelry,,1,,,,unisex,,,adult,,,,,,,,,AGL,Fine Jewelry
6686,"Discover the unparalleled beauty of this -carat Natural Diamond masterpiece, meticulously set in the finest precious metal. Each facet tells a story of nature's extraordinary artistry, cut to perfection by master artisans. This ring represents the ultimate expression of luxury — a rare treasure that transcends time and trends, destined to become a cherished heirloom for generations.","Lustrous Ring featuring a  carat Natural Diamond (VS2), set in luxurious Precious Metal. the pinnacle of luxurious craftsmanship — a true masterpiece for the most discerning connoisseur.",in stock,new,31585.64 HKD,,https://www.colourdiam.com/Product/Jewellery/6686/white45/center.jpg,ColourDiam,Apparel & Accessories > Jewelry,,1,,,,unisex,,,adult,,,,,,,,,GIA,Fine Jewelry
6802,"Imbued with the radiance of morning sunlight, these exquisite rings are a masterclass in fine jewelry craftsmanship. Handcrafted in Precious Metal, the design centers around a GIA-certified  carat Natural Diamond diamond (). The center stones are masterfully elevated by a halo of 180 shimmering white diamonds (1.036 Ct), creating an illusion of seamless, infinite brilliance. Weighing a total of 5.30 grams, this statement piece offers a secure, comfortable fit with breathtaking visual impact, making it an extraordinary treasure for life's most cherished milestones.","**Radiant  Ct Natural Diamond Ring**

Elevate your fine jewelry collection with these magnificent Precious Metal rings. Featuring a  Ct Natural Diamond , surrounded by 180 white diamonds (1.036 Ct), this heirloom piece radiates warmth and unmatched sophistication.",in stock,new,58659.05 HKD,,https://www.colourdiam.com/Product/Jewellery/6802/white45/center.jpg,ColourDiam,Apparel & Accessories > Jewelry,,1,,,,unisex,,,adult,,,,,,,,,GIA,Fine Jewelry
6843,"Imbued with the radiance of morning sunlight, these exquisite necklaces are a masterclass in fine jewelry craftsmanship. Handcrafted in Precious Metal, the design centers around a GIA-certified  carat Natural Diamond diamond (). The center stones are masterfully elevated by a halo of 496 shimmering white diamonds (2.058 Ct), creating an illusion of seamless, infinite brilliance. Weighing a total of 35.267 grams, this statement piece offers a secure, comfortable fit with breathtaking visual impact, making it an extraordinary treasure for life's most cherished milestones.","**Sumptuous  Ct Natural Diamond Necklace**

Elevate your fine jewelry collection with these magnificent Precious Metal necklaces. Featuring a  Ct Natural Diamond , surrounded by 496 white diamonds (2.058 Ct), this heirloom piece radiates warmth and unmatched sophistication.",in stock,new,198538.33 HKD,https://colourdiam.com/productdetail/6843,https://www.colourdiam.com/Product/Jewellery/6843/white45/center.jpg,ColourDiam,Apparel & Accessories > Jewelry,,1,,,,unisex,,,adult,,,,,,,,,AGL,Fine Jewelry
6851,"Imbued with the radiance of morning sunlight, these exquisite rings are a masterclass in fine jewelry craftsmanship. Handcrafted in 18K, the design centers around a GIA-certified  carat Natural Diamond diamond (). The center stones are masterfully elevated by a halo of 58 shimmering white diamonds (0.276 Ct), creating an illusion of seamless, infinite brilliance. Weighing a total of 6.50 grams, this statement piece offers a secure, comfortable fit with breathtaking visual impact, making it an extraordinary treasure for life's most cherished milestones.",1.00ct Green Yellow GIA 18K Gold Diamond Ring,in stock,new,58659.05 HKD,https://colourdiam.com/productdetail/6851,https://www.colourdiam.com/Product/Jewellery/6851/white45/center.jpg,ColourDiam,Apparel & Accessories > Jewelry,,1,,,,unisex,,,adult,,,,,,,,,GIA,Fine Jewelry
6865,"Imbued with the radiance of morning sunlight, these exquisite rings are a masterclass in fine jewelry craftsmanship. Handcrafted in 18K, the design centers around a GIA-certified  carat Natural Diamond diamond (). The center stones are masterfully elevated by a halo of 64 shimmering white diamonds (0.149 Ct), creating an illusion of seamless, infinite brilliance. Weighing a total of 5.45 grams, this statement piece offers a secure, comfortable fit with breathtaking visual impact, making it an extraordinary treasure for life's most cherished milestones.",0.50ct Faint Pinkish Brown VS2 GIA 18k Pink Ring,in stock,new,36097.88 HKD,https://colourdiam.com/productdetail/6865,https://www.colourdiam.com/Product/Jewellery/6865/white45/center.jpg,ColourDiam,Apparel & Accessories > Jewelry,,1,,,,unisex,,,adult,,,,,,,,,GIA,Fine Jewelry
6961,"Imbued with the radiance of morning sunlight, these exquisite rings are a masterclass in fine jewelry craftsmanship. Handcrafted in Precious Metal, the design centers around a GIA-certified  carat Natural Diamond diamond (). The center stones are masterfully elevated by a halo of 62 shimmering white diamonds (0.151 Ct) and 13 shimmering pear diamonds (0.563 Ct), creating an illusion of seamless, infinite brilliance. Weighing a total of 3.883 grams, this statement piece offers a secure, comfortable fit with breathtaking visual impact, making it an extraordinary treasure for life's most cherished milestones.",1.28ct Fancy Green Diamond Ring and Pendant Set,in stock,new,108293.64 HKD,,https://www.colourdiam.com/Product/Jewellery/6961/white45/center.jpg,ColourDiam,Apparel & Accessories > Jewelry,,1,,,,unisex,,,adult,,,,,,,,,GIA,Fine Jewelry
6964,"Imbued with the radiance of morning sunlight, these exquisite rings are a masterclass in fine jewelry craftsmanship. Handcrafted in 18K, the design centers around a GIA-certified  carat Natural Diamond diamond (). The center stones are masterfully elevated by a halo of 81 shimmering white diamonds (0.796 Ct) and 22 shimmering pear diamonds (0.076 Ct), creating an illusion of seamless, infinite brilliance. Weighing a total of 6.87 grams, this statement piece offers a secure, comfortable fit with breathtaking visual impact, making it an extraordinary treasure for life's most cherished milestones.",1.02ct Fancy Yellow Diamond 18k Gold Ring,in stock,new,40610.11 HKD,https://colourdiam.com/productdetail/6964,https://www.colourdiam.com/Product/Jewellery/6964/white45/center.jpg,ColourDiam,Apparel & Accessories > Jewelry,,1,,,,unisex,,,adult,,,,,,,,,AGL,Fine Jewelry
6967,"Imbued with the radiance of morning sunlight, these exquisite rings are a masterclass in fine jewelry craftsmanship. Handcrafted in Precious Metal, the design centers around a GIA-certified  carat Natural Diamond diamond (). The center stones are masterfully elevated by a halo of 99 shimmering white diamonds (0.356 Ct) and 20 shimmering yellow diamonds (0.125 Ct) and 03 shimmering pear diamonds (0.128 Ct), creating an illusion of seamless, infinite brilliance. Weighing a total of 5.02 grams, this statement piece offers a secure, comfortable fit with breathtaking visual impact, making it an extraordinary treasure for life's most cherished milestones.",2.09ct Yellow & White Diamond Eternity Ring in 9K Gold,in stock,new,22561.17 HKD,https://colourdiam.com/productdetail/6967,https://www.colourdiam.com/Product/Jewellery/6967/white45/center.jpg,ColourDiam,Apparel & Accessories > Jewelry,,1,,,,unisex,,,adult,,,,,,,,,NON CERTIFIED,Fine Jewelry
6975,"Imbued with the radiance of morning sunlight, these exquisite rings are a masterclass in fine jewelry craftsmanship. Handcrafted in Precious Metal, the design centers around a GIA-certified  carat Natural Diamond diamond (). Weighing a total of 2.63 grams, this statement piece offers a secure, comfortable fit with breathtaking visual impact, making it an extraordinary treasure for life's most cherished milestones.",1.00ct Fancy Green VS AGL 18k Green Diamond Ring,in stock,new,45122.35 HKD,,https://www.colourdiam.com/Product/Jewellery/6975/white45/center.jpg,ColourDiam,Apparel & Accessories > Jewelry,,1,,,,unisex,,,adult,,,,,,,,,AGL,Fine Jewelry
7045,"Imbued with the radiance of morning sunlight, these exquisite rings are a masterclass in fine jewelry craftsmanship. Handcrafted in Precious Metal, the design centers around a GIA-certified  carat Natural Diamond diamond (). The center stones are masterfully elevated by a halo of 142 shimmering white diamonds (1.004 Ct), creating an illusion of seamless, infinite brilliance. Weighing a total of 5.266 grams, this statement piece offers a secure, comfortable fit with breathtaking visual impact, making it an extraordinary treasure for life's most cherished milestones.",1.69ct Faint Pink VS1 GIA 18k Gold Diamond Ring,in stock,new,31585.64 HKD,https://colourdiam.com/productdetail/7045,https://www.colourdiam.com/Product/Jewellery/7045/white45/center.jpg,ColourDiam,Apparel & Accessories > Jewelry,,1,,,,unisex,,,adult,,,,,,,,,GIA,Fine Jewelry
7051_7489_7597,"Imbued with the radiance of morning sunlight, these exquisite rings are a masterclass in fine jewelry craftsmanship. Handcrafted in Precious Metal, the design centers around a GIA-certified  carat Natural Diamond diamond (). The center stones are masterfully elevated by a halo of 210 shimmering white diamonds (1.434 Ct), creating an illusion of seamless, infinite brilliance. Weighing a total of 5.97 grams, this statement piece offers a secure, comfortable fit with breathtaking visual impact, making it an extraordinary treasure for life's most cherished milestones.",6.13ct Fancy Light Yellow VS2 GIA Certified 18k Ring,in stock,new,469272.43 HKD,https://colourdiam.com/productdetail/Menu/7051/7489/7597,https://www.colourdiam.com/Product/Jewellery/7051_7489_7597/white45/center.jpg,ColourDiam,Apparel & Accessories > Jewelry,,1,,,,unisex,,,adult,,,,,,,,,GIA,Fine Jewelry
7057_5137,"Imbued with the radiance of morning sunlight, these exquisite rings are a masterclass in fine jewelry craftsmanship. Handcrafted in Precious Metal, the design centers around a GIA-certified  carat Natural Diamond diamond (). Weighing a total of 6.44 grams, this statement piece offers a secure, comfortable fit with breathtaking visual impact, making it an extraordinary treasure for life's most cherished milestones.",2.01ct Fancy Pink VS Diamond 18k Ring,in stock,new,85732.46 HKD,https://colourdiam.com/productdetail/Menu/7057/5137,https://www.colourdiam.com/Product/Jewellery/7057_5137/white45/center.jpg,ColourDiam,Apparel & Accessories > Jewelry,,1,,,,unisex,,,adult,,,,,,,,,AGL,Fine Jewelry
7074,"Imbued with the radiance of morning sunlight, these exquisite rings are a masterclass in fine jewelry craftsmanship. Handcrafted in Precious Metal, the design centers around a GIA-certified  carat Natural Diamond diamond (). The center stones are masterfully elevated by a halo of 60 shimmering white diamonds (0.383 Ct), creating an illusion of seamless, infinite brilliance. Weighing a total of 3.904 grams, this statement piece offers a secure, comfortable fit with breathtaking visual impact, making it an extraordinary treasure for life's most cherished milestones.",1.01ct Fancy Green VS1 18k Diamond Ring,in stock,new,49634.58 HKD,https://colourdiam.com/productdetail/7074,https://www.colourdiam.com/Product/Jewellery/7074/white45/center.jpg,ColourDiam,Apparel & Accessories > Jewelry,,1,,,,unisex,,,adult,,,,,,,,,AGL,Fine Jewelry
7076,"Imbued with the radiance of morning sunlight, these exquisite rings are a masterclass in fine jewelry craftsmanship. Handcrafted in Precious Metal, the design centers around a GIA-certified  carat Natural Diamond diamond (). The center stones are masterfully elevated by a halo of 92 shimmering white diamonds (0.444 Ct) and 24 shimmering pear diamonds (0.589 Ct), creating an illusion of seamless, infinite brilliance. Weighing a total of 6.38 grams, this statement piece offers a secure, comfortable fit with breathtaking visual impact, making it an extraordinary treasure for life's most cherished milestones.",1.02ct Fancy Green VS AGL 18k Gold Diamond Ring,in stock,new,58659.05 HKD,,https://www.colourdiam.com/Product/Jewellery/7076/white45/center.jpg,ColourDiam,Apparel & Accessories > Jewelry,,1,,,,unisex,,,adult,,,,,,,,,AGL,Fine Jewelry
7078,"Imbued with the radiance of morning sunlight, these exquisite rings are a masterclass in fine jewelry craftsmanship. Handcrafted in 18K, the design centers around a GIA-certified  carat Natural Diamond diamond (). The center stones are masterfully elevated by a halo of 190 shimmering white diamonds (1.119 Ct), creating an illusion of seamless, infinite brilliance. Weighing a total of 6.715 grams, this statement piece offers a secure, comfortable fit with breathtaking visual impact, making it an extraordinary treasure for life's most cherished milestones.",1.00ct Fancy Green VS AGL 18K Gold Diamond Ring - 1,in stock,new,54146.82 HKD,https://colourdiam.com/productdetail/7078,https://www.colourdiam.com/Product/Jewellery/7078/white45/center.jpg,ColourDiam,Apparel & Accessories > Jewelry,,1,,,,unisex,,,adult,,,,,,,,,AGL,Fine Jewelry
7081,"Imbued with the radiance of morning sunlight, these exquisite rings are a masterclass in fine jewelry craftsmanship. Handcrafted in 18K, the design centers around a GIA-certified  carat Natural Diamond diamond (). The center stones are masterfully elevated by a halo of 103 shimmering white diamonds (0.955 Ct) and 8 shimmering pear diamonds (0.79 Ct), creating an illusion of seamless, infinite brilliance.",1.00ct Fancy Green AGL 18k Gold Diamond Ring,in stock,new,58659.05 HKD,https://colourdiam.com/productdetail/7081,https://www.colourdiam.com/Product/Jewellery/7081/white45/center.jpg,ColourDiam,Apparel & Accessories > Jewelry,,1,,,,unisex,,,adult,,,,,,,,,AGL,Fine Jewelry
7090,"Imbued with the radiance of morning sunlight, these exquisite rings are a masterclass in fine jewelry craftsmanship. Handcrafted in 18K, the design centers around a GIA-certified  carat Natural Diamond diamond (). The center stones are masterfully elevated by a halo of 36 shimmering white diamonds (0.208 Ct) and 5 shimmering pear diamonds (0.389 Ct), creating an illusion of seamless, infinite brilliance.",1.01ct Fancy Green VS 18k Gold Diamond Ring,in stock,new,54146.82 HKD,https://colourdiam.com/productdetail/7090,https://www.colourdiam.com/Product/Jewellery/7090/white45/center.jpg,ColourDiam,Apparel & Accessories > Jewelry,,1,,,,unisex,,,adult,,,,,,,,,AGL,Fine Jewelry
7093_7096_5646,"Imbued with the radiance of morning sunlight, these exquisite rings are a masterclass in fine jewelry craftsmanship. Handcrafted in Precious Metal, the design centers around a GIA-certified  carat Natural Diamond diamond (). Weighing a total of 5.74 grams, this statement piece offers a secure, comfortable fit with breathtaking visual impact, making it an extraordinary treasure for life's most cherished milestones.",2.00ct Fancy Green Diamond 18K Gold Earrings,in stock,new,139879.28 HKD,https://colourdiam.com/productdetail/Menu/7093/7096/5646,https://www.colourdiam.com/Product/Jewellery/7093_7096_5646/white45/center.jpg,ColourDiam,Apparel & Accessories > Jewelry,,1,,,,unisex,,,adult,,,,,,,,,AGL,Fine Jewelry
7120,"Imbued with the radiance of morning sunlight, these exquisite earrings are a masterclass in fine jewelry craftsmanship. Handcrafted in 18K, the design centers around a GIA-certified  carat Natural Diamond diamond (). The center stones are masterfully elevated by a halo of 58 shimmering white diamonds (0.246 Ct), creating an illusion of seamless, infinite brilliance. Weighing a total of 8.328 grams, this statement piece offers a secure, comfortable fit with breathtaking visual impact, making it an extraordinary treasure for life's most cherished milestones.",1.00ct Fancy Intense Green VVS Diamond 18k Earrings,in stock,new,63171.29 HKD,https://colourdiam.com/productdetail/7120,https://www.colourdiam.com/Product/Jewellery/7120/white45/center.jpg,ColourDiam,Apparel & Accessories > Jewelry,,1,,,,unisex,,,adult,,,,,,,,,AGL,Fine Jewelry
7169,"Imbued with the radiance of morning sunlight, these exquisite earrings are a masterclass in fine jewelry craftsmanship. Handcrafted in Precious Metal, the design centers around a GIA-certified  carat Natural Diamond diamond (). The center stones are masterfully elevated by a halo of 293 shimmering white diamonds (1.6 Ct), creating an illusion of seamless, infinite brilliance. Weighing a total of 9.11 grams, this statement piece offers a secure, comfortable fit with breathtaking visual impact, making it an extraordinary treasure for life's most cherished milestones.",0.54ct Fancy Light Yellow Green Diamond Ring,in stock,new,41512.56 HKD,,https://www.colourdiam.com/Product/Jewellery/7169/white45/center.jpg,ColourDiam,Apparel & Accessories > Jewelry,,1,,,,unisex,,,adult,,,,,,,,,GIA,Fine Jewelry
7173,"Imbued with the radiance of morning sunlight, these exquisite rings are a masterclass in fine jewelry craftsmanship. Handcrafted in Precious Metal, the design centers around a GIA-certified  carat Natural Diamond diamond (). The center stones are masterfully elevated by a halo of 48 shimmering white diamonds (0.29 Ct), creating an illusion of seamless, infinite brilliance. Weighing a total of 4.52 grams, this statement piece offers a secure, comfortable fit with breathtaking visual impact, making it an extraordinary treasure for life's most cherished milestones.",2.98ct Light Pinkish Brown SI2 GIA 18k Pink Ring,in stock,new,424150.08 HKD,https://colourdiam.com/productdetail/7173,https://www.colourdiam.com/Product/Jewellery/7173/white45/center.jpg,ColourDiam,Apparel & Accessories > Jewelry,,1,,,,unisex,,,adult,,,,,,,,,GIA,Fine Jewelry
7230,"Imbued with the radiance of morning sunlight, these exquisite rings are a masterclass in fine jewelry craftsmanship. Handcrafted in Precious Metal, the design centers around a GIA-certified  carat Natural Diamond diamond (). The center stones are masterfully elevated by a halo of 10 shimmering white diamonds (0.23 Ct), creating an illusion of seamless, infinite brilliance. Weighing a total of 5.21 grams, this statement piece offers a secure, comfortable fit with breathtaking visual impact, making it an extraordinary treasure for life's most cherished milestones.",2.01ct Faint Pink SI2 GIA 18k Diamond Ring,in stock,new,207562.8 HKD,https://colourdiam.com/productdetail/7230,https://www.colourdiam.com/Product/Jewellery/7230/white45/center.jpg,ColourDiam,Apparel & Accessories > Jewelry,,1,,,,unisex,,,adult,,,,,,,,,GIA,Fine Jewelry
7311,"Imbued with the radiance of morning sunlight, these exquisite rings are a masterclass in fine jewelry craftsmanship. Handcrafted in Precious Metal, the design centers around a GIA-certified  carat Natural Diamond diamond (). Weighing a total of 5.56 grams, this statement piece offers a secure, comfortable fit with breathtaking visual impact, making it an extraordinary treasure for life's most cherished milestones.",3.01ct Fancy Yellow Green Diamond 18k Ring,in stock,new,194026.1 HKD,,https://www.colourdiam.com/Product/Jewellery/7311/white45/center.jpg,ColourDiam,Apparel & Accessories > Jewelry,,1,,,,unisex,,,adult,,,,,,,,,GIA,Fine Jewelry
7312,"Imbued with the radiance of morning sunlight, these exquisite rings are a masterclass in fine jewelry craftsmanship. Handcrafted in Precious Metal, the design centers around a GIA-certified  carat Natural Diamond diamond (). The center stones are masterfully elevated by a halo of 60 shimmering white diamonds (0.66 Ct), creating an illusion of seamless, infinite brilliance. Weighing a total of 6.32 grams, this statement piece offers a secure, comfortable fit with breathtaking visual impact, making it an extraordinary treasure for life's most cherished milestones.",0.80ct Faint Pinkish Brown GIA 18k Gold Diamond Ring,in stock,new,49634.58 HKD,,https://www.colourdiam.com/Product/Jewellery/7312/white45/center.jpg,ColourDiam,Apparel & Accessories > Jewelry,,1,,,,unisex,,,adult,,,,,,,,,GIA,Fine Jewelry
7313,"Imbued with the radiance of morning sunlight, these exquisite rings are a masterclass in fine jewelry craftsmanship. Handcrafted in Precious Metal, the design centers around a GIA-certified  carat Natural Diamond diamond (). Weighing a total of 4.08 grams, this statement piece offers a secure, comfortable fit with breathtaking visual impact, making it an extraordinary treasure for life's most cherished milestones.",2.01ct Fancy Light Greenish Yellow Diamond Ring 18K,in stock,new,112805.87 HKD,https://colourdiam.com/productdetail/7313,https://www.colourdiam.com/Product/Jewellery/7313/white45/center.jpg,ColourDiam,Apparel & Accessories > Jewelry,,1,,,,unisex,,,adult,,,,,,,,,GIA,Fine Jewelry
7342,"Imbued with the radiance of morning sunlight, these exquisite rings are a masterclass in fine jewelry craftsmanship. Handcrafted in Precious Metal, the design centers around a GIA-certified  carat Natural Diamond diamond (). Weighing a total of 5.46 grams, this statement piece offers a secure, comfortable fit with breathtaking visual impact, making it an extraordinary treasure for life's most cherished milestones.",4.55ct Ruby and Diamond 18k Gold Ring,in stock,new,18048.94 HKD,,https://www.colourdiam.com/Product/Jewellery/7342/white45/center.jpg,ColourDiam,Apparel & Accessories > Jewelry,,1,,,,unisex,,,adult,,,,,,,,,,Fine Jewelry
7344,"Imbued with the radiance of morning sunlight, these exquisite rings are a masterclass in fine jewelry craftsmanship. Handcrafted in 18K, the design centers around a GIA-certified  carat Natural Diamond diamond (). The center stones are masterfully elevated by a halo of 32 shimmering white diamonds (0.16 Ct), creating an illusion of seamless, infinite brilliance. Weighing a total of 5.69 grams, this statement piece offers a secure, comfortable fit with breathtaking visual impact, making it an extraordinary treasure for life's most cherished milestones.",4.49ct Ruby and Diamond 18K Gold Ring,in stock,new,15883.07 HKD,,https://www.colourdiam.com/Product/Jewellery/7344/white45/center.jpg,ColourDiam,Apparel & Accessories > Jewelry,,1,,,,unisex,,,adult,,,,,,,,,,Fine Jewelry
7345,"Imbued with the radiance of morning sunlight, these exquisite rings are a masterclass in fine jewelry craftsmanship. Handcrafted in 18K, the design centers around a GIA-certified  carat Natural Diamond diamond (). The center stones are masterfully elevated by a halo of 32 shimmering white diamonds (0.16 Ct), creating an illusion of seamless, infinite brilliance. Weighing a total of 5.52 grams, this statement piece offers a secure, comfortable fit with breathtaking visual impact, making it an extraordinary treasure for life's most cherished milestones.",5.03ct Ruby and Diamond 18K Gold Ring,in stock,new,9926.92 HKD,,https://www.colourdiam.com/Product/Jewellery/7345/white45/center.jpg,ColourDiam,Apparel & Accessories > Jewelry,,1,,,,unisex,,,adult,,,,,,,,,,Fine Jewelry
7346,"Imbued with the radiance of morning sunlight, these exquisite rings are a masterclass in fine jewelry craftsmanship. Handcrafted in 18K, the design centers around a GIA-certified  carat Natural Diamond diamond (). The center stones are masterfully elevated by a halo of 32 shimmering white diamonds (0.13 Ct), creating an illusion of seamless, infinite brilliance. Weighing a total of 5.83 grams, this statement piece offers a secure, comfortable fit with breathtaking visual impact, making it an extraordinary treasure for life's most cherished milestones.",0.81ct Sapphire & Diamond 18k Gold Ring,in stock,new,9565.94 HKD,,https://www.colourdiam.com/Product/Jewellery/7346/white45/center.jpg,ColourDiam,Apparel & Accessories > Jewelry,,1,,,,unisex,,,adult,,,,,,,,,,Fine Jewelry
7347,"Imbued with the radiance of morning sunlight, these exquisite rings are a masterclass in fine jewelry craftsmanship. Handcrafted in 18K, the design centers around a GIA-certified  carat Natural Diamond diamond (). The center stones are masterfully elevated by a halo of 20 shimmering white diamonds (0.10 Ct), creating an illusion of seamless, infinite brilliance. Weighing a total of 3.79 grams, this statement piece offers a secure, comfortable fit with breathtaking visual impact, making it an extraordinary treasure for life's most cherished milestones.",0.80ct Sapphire & Diamond 18K Gold Ring,in stock,new,8663.49 HKD,,https://www.colourdiam.com/Product/Jewellery/7347/white45/center.jpg,ColourDiam,Apparel & Accessories > Jewelry,,1,,,,unisex,,,adult,,,,,,,,,,Fine Jewelry
7348,"Imbued with the radiance of morning sunlight, these exquisite rings are a masterclass in fine jewelry craftsmanship. Handcrafted in 18K, the design centers around a GIA-certified  carat Natural Diamond diamond (). The center stones are masterfully elevated by a halo of 20 shimmering white diamonds (0.09 Ct), creating an illusion of seamless, infinite brilliance. Weighing a total of 3.95 grams, this statement piece offers a secure, comfortable fit with breathtaking visual impact, making it an extraordinary treasure for life's most cherished milestones.",0.78ct Sapphire and 0.09ct Diamond 18k Ring,in stock,new,7354.94 HKD,,https://www.colourdiam.com/Product/Jewellery/7348/white45/center.jpg,ColourDiam,Apparel & Accessories > Jewelry,,1,,,,unisex,,,adult,,,,,,,,,,Fine Jewelry
7349,"Imbued with the radiance of morning sunlight, these exquisite rings are a masterclass in fine jewelry craftsmanship. Handcrafted in 18K, the design centers around a GIA-certified  carat Natural Diamond diamond (). The center stones are masterfully elevated by a halo of 18 shimmering white diamonds (0.09 Ct), creating an illusion of seamless, infinite brilliance. Weighing a total of 3.71 grams, this statement piece offers a secure, comfortable fit with breathtaking visual impact, making it an extraordinary treasure for life's most cherished milestones.",0.94ct Sapphire and 0.09ct Diamond 18K Gold Ring,in stock,new,8122.02 HKD,https://colourdiam.com/productdetail/7349,https://www.colourdiam.com/Product/Jewellery/7349/white45/center.jpg,ColourDiam,Apparel & Accessories > Jewelry,,1,,,,unisex,,,adult,,,,,,,,,,Fine Jewelry
7350,"Imbued with the radiance of morning sunlight, these exquisite rings are a masterclass in fine jewelry craftsmanship. Handcrafted in 18K, the design centers around a GIA-certified  carat Natural Diamond diamond (). The center stones are masterfully elevated by a halo of 20 shimmering white diamonds (0.09 Ct), creating an illusion of seamless, infinite brilliance. Weighing a total of 4.03 grams, this statement piece offers a secure, comfortable fit with breathtaking visual impact, making it an extraordinary treasure for life's most cherished milestones.",0.97ct Sapphire & Diamond 18K Gold Ring,in stock,new,9926.92 HKD,,https://www.colourdiam.com/Product/Jewellery/7350/white45/center.jpg,ColourDiam,Apparel & Accessories > Jewelry,,1,,,,unisex,,,adult,,,,,,,,,,Fine Jewelry
7351,"Imbued with the radiance of morning sunlight, these exquisite rings are a masterclass in fine jewelry craftsmanship. Handcrafted in 18K, the design centers around a GIA-certified  carat Natural Diamond diamond (). The center stones are masterfully elevated by a halo of 18 shimmering white diamonds (0.09 Ct), creating an illusion of seamless, infinite brilliance. Weighing a total of 3.62 grams, this statement piece offers a secure, comfortable fit with breathtaking visual impact, making it an extraordinary treasure for life's most cherished milestones.",0.93ct Sapphire and Diamond 18K Gold Ring,in stock,new,9746.43 HKD,,https://www.colourdiam.com/Product/Jewellery/7351/white45/center.jpg,ColourDiam,Apparel & Accessories > Jewelry,,1,,,,unisex,,,adult,,,,,,,,,,Fine Jewelry
7370,"Imbued with the radiance of morning sunlight, these exquisite rings are a masterclass in fine jewelry craftsmanship. Handcrafted in 18K, the design centers around a GIA-certified  carat Natural Diamond diamond (). The center stones are masterfully elevated by a halo of 20 shimmering white diamonds (0.08 Ct), creating an illusion of seamless, infinite brilliance. Weighing a total of 3.97 grams, this statement piece offers a secure, comfortable fit with breathtaking visual impact, making it an extraordinary treasure for life's most cherished milestones.",4.01ct Fancy Brownish Greenish Yellow GIA Ring,in stock,new,342929.85 HKD,https://colourdiam.com/productdetail/7370,https://www.colourdiam.com/Product/Jewellery/7370/white45/center.jpg,ColourDiam,Apparel & Accessories > Jewelry,,1,,,,unisex,,,adult,,,,,,,,,GIA,Fine Jewelry
7466,"Imbued with the radiance of morning sunlight, these exquisite rings are a masterclass in fine jewelry craftsmanship. Handcrafted in Precious Metal, the design centers around a GIA-certified  carat Natural Diamond diamond (). The center stones are masterfully elevated by a halo of 16 shimmering white diamonds (0.25 Ct) and 8 shimmering pear diamonds (0.83 Ct), creating an illusion of seamless, infinite brilliance. Weighing a total of 4.85 grams, this statement piece offers a secure, comfortable fit with breathtaking visual impact, making it an extraordinary treasure for life's most cherished milestones.",0.81ct Very Light Yellow Green Diamond 18k Gold Ring,in stock,new,58659.05 HKD,https://colourdiam.com/productdetail/7466,https://www.colourdiam.com/Product/Jewellery/7466/white45/center.jpg,ColourDiam,Apparel & Accessories > Jewelry,,1,,,,unisex,,,adult,,,,,,,,,GIA,Fine Jewelry
7477,"Imbued with the radiance of morning sunlight, these exquisite rings are a masterclass in fine jewelry craftsmanship. Handcrafted in Precious Metal, the design centers around a GIA-certified  carat Natural Diamond diamond (). The center stones are masterfully elevated by a halo of 36 shimmering white diamonds (0.22 Ct), creating an illusion of seamless, infinite brilliance. Weighing a total of 5.545 grams, this statement piece offers a secure, comfortable fit with breathtaking visual impact, making it an extraordinary treasure for life's most cherished milestones.",2.00ct Fancy Green VS Diamond 18K Gold Ring,in stock,new,89342.25 HKD,,https://www.colourdiam.com/Product/Jewellery/7477/white45/center.jpg,ColourDiam,Apparel & Accessories > Jewelry,,1,,,,unisex,,,adult,,,,,,,,,AGL,Fine Jewelry
7491,"Imbued with the radiance of morning sunlight, these exquisite rings are a masterclass in fine jewelry craftsmanship. Handcrafted in 18K, the design centers around a GIA-certified  carat Natural Diamond diamond (). The center stones are masterfully elevated by a halo of 47 shimmering white diamonds (0.35 Ct), creating an illusion of seamless, infinite brilliance. Weighing a total of 6.30 grams, this statement piece offers a secure, comfortable fit with breathtaking visual impact, making it an extraordinary treasure for life's most cherished milestones.",1.00ct F-VS 18k White Gold Eternity Ring,in stock,new,10829.36 HKD,,https://www.colourdiam.com/Product/Jewellery/7491/white45/center.jpg,ColourDiam,Apparel & Accessories > Jewelry,,1,,,,unisex,,,adult,,,,,,,,,NON CERTIFIED,Fine Jewelry
7492,"Imbued with the radiance of morning sunlight, these exquisite rings are a masterclass in fine jewelry craftsmanship. Handcrafted in Precious Metal, the design centers around a GIA-certified  carat Natural Diamond diamond (). Weighing a total of 3.13 grams, this statement piece offers a secure, comfortable fit with breathtaking visual impact, making it an extraordinary treasure for life's most cherished milestones.",0.46ct F-G VS-SI 18k White Gold Cross Eternity Ring,in stock,new,7219.58 HKD,https://colourdiam.com/productdetail/7492,https://www.colourdiam.com/Product/Jewellery/7492/white45/center.jpg,ColourDiam,Apparel & Accessories > Jewelry,,1,,,,unisex,F to G,,adult,,,,,,,,,NON CERTIFIED,Fine Jewelry
7513,"Imbued with the radiance of morning sunlight, these exquisite rings are a masterclass in fine jewelry craftsmanship. Handcrafted in Precious Metal, the design centers around a GIA-certified  carat Natural Diamond diamond (). Weighing a total of 2.31 grams, this statement piece offers a secure, comfortable fit with breathtaking visual impact, making it an extraordinary treasure for life's most cherished milestones.",0.31ct Fancy Yellow 18k Gold Diamond Ring,in stock,new,5865.91 HKD,https://colourdiam.com/productdetail/7513,https://www.colourdiam.com/Product/Jewellery/7513/white45/center.jpg,ColourDiam,Apparel & Accessories > Jewelry,,1,,,,unisex,F to G,,adult,,,,,,,,,NON CERTIFIED,Fine Jewelry
7517,"Imbued with the radiance of morning sunlight, these exquisite rings are a masterclass in fine jewelry craftsmanship. Handcrafted in Precious Metal, the design centers around a GIA-certified  carat Natural Diamond diamond (). Weighing a total of 2.48 grams, this statement piece offers a secure, comfortable fit with breathtaking visual impact, making it an extraordinary treasure for life's most cherished milestones.",0.44ct F-G VS-VVS 18k White Gold 9-Stone Diamond Ring,in stock,new,4963.46 HKD,https://colourdiam.com/productdetail/7517,https://www.colourdiam.com/Product/Jewellery/7517/white45/center.jpg,ColourDiam,Apparel & Accessories > Jewelry,,1,,,,unisex,,,adult,,,,,,,,,NON CERTIFIED,Fine Jewelry
7569,"Imbued with the radiance of morning sunlight, these exquisite rings are a masterclass in fine jewelry craftsmanship. Handcrafted in 18K, the design centers around a GIA-certified 0.44 carat Natural Diamond diamond (). Weighing a total of 2.61 grams, this statement piece offers a secure, comfortable fit with breathtaking visual impact, making it an extraordinary treasure for life's most cherished milestones.",1.20ct Fancy Pink VS 18K Gold Diamond Ring,in stock,new,63171.29 HKD,,https://www.colourdiam.com/Product/Jewellery/7569/white45/center.jpg,ColourDiam,Apparel & Accessories > Jewelry,,1,,,,unisex,,,adult,,,,,,,,,AGL,Fine Jewelry
7539,"Imbued with the radiance of morning sunlight, these exquisite rings are a masterclass in fine jewelry craftsmanship. Handcrafted in Precious Metal, the design centers around a GIA-certified  carat Natural Diamond diamond (). The center stones are masterfully elevated by a halo of 10 shimmering white diamonds (0.19 Ct) and 20 shimmering pink diamonds (0.15 Ct), creating an illusion of seamless, infinite brilliance. Weighing a total of 4.85 grams, this statement piece offers a secure, comfortable fit with breathtaking visual impact, making it an extraordinary treasure for life's most cherished milestones.",3.00ct Fancy Green VVS 18k Gold Diamond Ring,in stock,new,207562.8 HKD,https://colourdiam.com/productdetail/7539,https://www.colourdiam.com/Product/Jewellery/7539/white45/center.jpg,ColourDiam,Apparel & Accessories > Jewelry,,1,,,,unisex,,,adult,,,,,,,,,AGL,Fine Jewelry
7540,"Imbued with the radiance of morning sunlight, these exquisite rings are a masterclass in fine jewelry craftsmanship. Handcrafted in Precious Metal, the design centers around a GIA-certified  carat Natural Diamond diamond (). Weighing a total of 6.598 grams, this statement piece offers a secure, comfortable fit with breathtaking visual impact, making it an extraordinary treasure for life's most cherished milestones.",1.11ct Sapphire and 0.39ct Diamond 18K Gold Ring,in stock,new,8122.02 HKD,,https://www.colourdiam.com/Product/Jewellery/7540/white45/center.jpg,ColourDiam,Apparel & Accessories > Jewelry,,1,,,,unisex,,,adult,,,,,,,,,NON CERTIFIED,Fine Jewelry
7583,"Imbued with the radiance of morning sunlight, these exquisite rings are a masterclass in fine jewelry craftsmanship. Handcrafted in 18K, the design centers around a GIA-certified  carat Natural Diamond diamond (). The center stones are masterfully elevated by a halo of 12 shimmering white diamonds (0.39 Ct), creating an illusion of seamless, infinite brilliance. Weighing a total of 3.76 grams, this statement piece offers a secure, comfortable fit with breathtaking visual impact, making it an extraordinary treasure for life's most cherished milestones.",3.03ct Fancy Greenish Yellow Diamond Ring 18k Gold,in stock,new,239148.45 HKD,https://colourdiam.com/productdetail/7583,https://www.colourdiam.com/Product/Jewellery/7583/white45/center.jpg,ColourDiam,Apparel & Accessories > Jewelry,,1,,,,unisex,,,adult,,,,,,,,,GIA,Fine Jewelry
7592,"Imbued with the radiance of morning sunlight, these exquisite rings are a masterclass in fine jewelry craftsmanship. Handcrafted in Precious Metal, the design centers around a GIA-certified  carat Natural Diamond diamond (). The center stones are masterfully elevated by a halo of 159 shimmering white diamonds (0.929 Ct), creating an illusion of seamless, infinite brilliance. Weighing a total of 7.73 grams, this statement piece offers a secure, comfortable fit with breathtaking visual impact, making it an extraordinary treasure for life's most cherished milestones.",1.05ct Yellow and White Diamond Eternity Ring in 18k Gold,in stock,new,13536.7 HKD,,https://www.colourdiam.com/Product/Jewellery/7592/white45/center.jpg,ColourDiam,Apparel & Accessories > Jewelry,,1,,,,unisex,,,adult,,,,,,,,,NON CERTIFIED,Fine Jewelry
6368_6367,"Imbued with the radiance of morning sunlight, these exquisite rings are a masterclass in fine jewelry craftsmanship. Handcrafted in Precious Metal, the design centers around a GIA-certified  carat Natural Diamond diamond (). Weighing a total of 2.63 grams, this statement piece offers a secure, comfortable fit with breathtaking visual impact, making it an extraordinary treasure for life's most cherished milestones.",3.80ct Illusion Round Diamond 18k Gold Earrings,in stock,new,74740.66 HKD,https://colourdiam.com/productdetail/Menu/6368/6367,https://www.colourdiam.com/Product/Jewellery/                6368_6367 /white45/center.jpg,ColourDiam,Apparel & Accessories > Jewelry,,1,,,,unisex,,,adult,,,,,,,,,NON CERTIFIED,Fine Jewelry
6365_6369,"Imbued with the radiance of morning sunlight, these exquisite earrings are a masterclass in fine jewelry craftsmanship. Handcrafted in 18k, the design centers around a GIA-certified 3.80 carat Natural Diamond diamond (). Weighing a total of 4.40 grams, this statement piece offers a secure, comfortable fit with breathtaking visual impact, making it an extraordinary treasure for life's most cherished milestones.",4.00ct Illusion Diamond Round Earrings in 18k Gold,in stock,new,81220.23 HKD,https://colourdiam.com/productdetail/Menu/6365/6369,https://www.colourdiam.com/Product/Jewellery/6365_6369/white45/center.jpg,ColourDiam,Apparel & Accessories > Jewelry,,1,,,,unisex,,,adult,,,,,,,,,NON CERTIFIED,Fine Jewelry
6405_6406,"Imbued with the radiance of morning sunlight, these exquisite earrings are a masterclass in fine jewelry craftsmanship. Handcrafted in 18k, the design centers around a GIA-certified 4.00 carat Natural Diamond diamond (). Weighing a total of 4.05 grams, this statement piece offers a secure, comfortable fit with breathtaking visual impact, making it an extraordinary treasure for life's most cherished milestones.",2.13ct Illusion Emerald Diamond Earrings in 18k Gold,in stock,new,53208.27 HKD,https://colourdiam.com/productdetail/Menu/6405/6406,"https://www.colourdiam.com/Product/Jewellery/         
                                   
                  6405_6406 /white45/center.jpg",ColourDiam,Apparel & Accessories > Jewelry,,1,,,,unisex,,,adult,,,,,,,,,NON CERTIFIED,Fine Jewelry
6413_6412,"Imbued with the radiance of morning sunlight, these exquisite earrings are a masterclass in fine jewelry craftsmanship. Handcrafted in 18k, the design centers around a GIA-certified 2.13 carat Natural Diamond diamond (). Weighing a total of 4.05 grams, this statement piece offers a secure, comfortable fit with breathtaking visual impact, making it an extraordinary treasure for life's most cherished milestones.",0.65ct Illusion Emerald Diamond 18k Earrings,in stock,new,10829.36 HKD,https://colourdiam.com/productdetail/Menu/6413/6412,https://www.colourdiam.com/Product/Jewellery/6413_6412/white45/center.jpg,ColourDiam,Apparel & Accessories > Jewelry,,1,,,,unisex,,,adult,,,,,,,,,NON CERTIFIED,Fine Jewelry
6362_6363,"Imbued with the radiance of morning sunlight, these exquisite earrings are a masterclass in fine jewelry craftsmanship. Handcrafted in 18k, the design centers around a GIA-certified 0.65 carat Natural Diamond diamond (). Weighing a total of 1.52 grams, this statement piece offers a secure, comfortable fit with breathtaking visual impact, making it an extraordinary treasure for life's most cherished milestones.",0.27ct Illusion Round Diamond 18k Gold Earrings,in stock,new,58659.05 HKD,https://colourdiam.com/productdetail/Menu/6362/6363,https://www.colourdiam.com/Product/Jewellery/    6362_6363          /white45/center.jpg,ColourDiam,Apparel & Accessories > Jewelry,,1,,,,unisex,,,adult,,,,,,,,,NON CERTIFIED,Fine Jewelry
7616,"Imbued with the radiance of morning sunlight, these exquisite earrings are a masterclass in fine jewelry craftsmanship. Handcrafted in 18k, the design centers around a GIA-certified 0.27 carat Natural Diamond diamond (). Weighing a total of 3.69 grams, this statement piece offers a secure, comfortable fit with breathtaking visual impact, making it an extraordinary treasure for life's most cherished milestones.",2.01ct Fancy Light Greenish Yellow GIA 18k Ring,in stock,new,112805.87 HKD,,https://www.colourdiam.com/Product/Jewellery/7616/white45/center.jpg,ColourDiam,Apparel & Accessories > Jewelry,,1,,,,unisex,,,adult,,,,,,,,,GIA,Fine Jewelry
7629,"Imbued with the radiance of morning sunlight, these exquisite rings are a masterclass in fine jewelry craftsmanship. Handcrafted in 18k, the design centers around a GIA-certified  carat Natural Diamond diamond (). The center stones are masterfully elevated by a halo of 28 shimmering white diamonds (0.908 Ct) and 08 shimmering pear diamonds (1.13 Ct), creating an illusion of seamless, infinite brilliance. Weighing a total of 6.26 grams, this statement piece offers a secure, comfortable fit with breathtaking visual impact, making it an extraordinary treasure for life's most cherished milestones.",0.34ct 18k White Gold Diamond Ring,in stock,new,12498.89 HKD,,https://www.colourdiam.com/Product/Jewellery/7629/white45/center.jpg,ColourDiam,Apparel & Accessories > Jewelry,,1,,,,unisex,,,adult,,,,,,,,,NON CERTIFIED,Fine Jewelry
7654,"Imbued with the radiance of morning sunlight, these exquisite rings are a masterclass in fine jewelry craftsmanship. Handcrafted in Precious Metal, the design centers around a GIA-certified  carat Natural Diamond diamond (). Weighing a total of 3.81 grams, this statement piece offers a secure, comfortable fit with breathtaking visual impact, making it an extraordinary treasure for life's most cherished milestones.",2.00ct Greenish Yellow GIA 18k Gold Diamond Ring,in stock,new,90244.7 HKD,https://colourdiam.com/productdetail/7654,https://www.colourdiam.com/Product/Jewellery/7654/white45/center.jpg,ColourDiam,Apparel & Accessories > Jewelry,,1,,,,unisex,,,adult,,,,,,,,,GIA,Fine Jewelry
7671_7887_7837,"Imbued with the radiance of morning sunlight, these exquisite rings are a masterclass in fine jewelry craftsmanship. Handcrafted in 18k, the design centers around a GIA-certified  carat Natural Diamond diamond (). The center stones are masterfully elevated by a halo of 93 shimmering white diamonds (0.533 Ct) and 15 shimmering pear diamonds (2.99 Ct), creating an illusion of seamless, infinite brilliance. Weighing a total of 9.40 grams, this statement piece offers a secure, comfortable fit with breathtaking visual impact, making it an extraordinary treasure for life's most cherished milestones.",3.19ct Fancy Light Yellow GIA 18k Yellow Gold Ring,in stock,new,230123.98 HKD,https://colourdiam.com/productdetail/Menu/7671/7887/7837,"https://www.colourdiam.com/Product/Jewellery/7671_7887_7837
/white45/center.jpg",ColourDiam,Apparel & Accessories > Jewelry,,1,,,,unisex,,,adult,,,,,,,,,GIA,Fine Jewelry
7689,"Imbued with the radiance of morning sunlight, these exquisite rings are a masterclass in fine jewelry craftsmanship. Handcrafted in Precious Metal, the design centers around a GIA-certified  carat Natural Diamond diamond (). Weighing a total of 5.604 grams, this statement piece offers a secure, comfortable fit with breathtaking visual impact, making it an extraordinary treasure for life's most cherished milestones.",0.45ct White Diamond 18k White Gold Ring - 1,in stock,new,4512.23 HKD,https://colourdiam.com/productdetail/7689,https://www.colourdiam.com/Product/Jewellery/7689/white45/center.jpg,ColourDiam,Apparel & Accessories > Jewelry,,1,,,,unisex,,,adult,,,,,,,,,NON CERTIFIED,Fine Jewelry
7691,"Imbued with the radiance of morning sunlight, these exquisite rings are a masterclass in fine jewelry craftsmanship. Handcrafted in 18k, the design centers around a GIA-certified 0.45 carat Natural Diamond diamond (). Weighing a total of 2.124 grams, this statement piece offers a secure, comfortable fit with breathtaking visual impact, making it an extraordinary treasure for life's most cherished milestones.",0.85ct G-H SI 18k White Gold Diamond Ring,in stock,new,3609.79 HKD,https://colourdiam.com/productdetail/7691,https://www.colourdiam.com/Product/Jewellery/7691/white45/center.jpg,ColourDiam,Apparel & Accessories > Jewelry,,1,,,,unisex,,,adult,,,,,,,,,,Fine Jewelry
7692,"Imbued with the radiance of morning sunlight, these exquisite rings are a masterclass in fine jewelry craftsmanship. Handcrafted in 18k, the design centers around a GIA-certified  carat Natural Diamond diamond (). Weighing a total of 9.008 grams, this statement piece offers a secure, comfortable fit with breathtaking visual impact, making it an extraordinary treasure for life's most cherished milestones.",0.40ct G-H SI 18k White Gold Diamond Ring - 1,in stock,new,3609.79 HKD,https://colourdiam.com/productdetail/7692,https://www.colourdiam.com/Product/Jewellery/7692/white45/center.jpg,ColourDiam,Apparel & Accessories > Jewelry,,1,,,,unisex,,,adult,,,,,,,,,NON CERTIFIED,Fine Jewelry
7729,"Imbued with the radiance of morning sunlight, these exquisite rings are a masterclass in fine jewelry craftsmanship. Handcrafted in Precious Metal, the design centers around a GIA-certified  carat Natural Diamond diamond (). Weighing a total of 1.40 grams, this statement piece offers a secure, comfortable fit with breathtaking visual impact, making it an extraordinary treasure for life's most cherished milestones.",0.40ct G-H SI Diamond 18k White Gold Ring - 1,in stock,new,3609.79 HKD,https://colourdiam.com/productdetail/7729,https://www.colourdiam.com/Product/Jewellery/7729/white45/center.jpg,ColourDiam,Apparel & Accessories > Jewelry,,1,,,,unisex,,,adult,,,,,,,,,NON CERTIFIED,Fine Jewelry
7730,"Imbued with the radiance of morning sunlight, these exquisite rings are a masterclass in fine jewelry craftsmanship. Handcrafted in Precious Metal, the design centers around a GIA-certified  carat Natural Diamond diamond (). Weighing a total of 1.40 grams, this statement piece offers a secure, comfortable fit with breathtaking visual impact, making it an extraordinary treasure for life's most cherished milestones.",0.40ct G-H SI 18k White Gold Diamond Ring - 2,in stock,new,3609.79 HKD,https://colourdiam.com/productdetail/7730,https://www.colourdiam.com/Product/Jewellery/7730/white45/center.jpg,ColourDiam,Apparel & Accessories > Jewelry,,1,,,,unisex,,,adult,,,,,,,,,NON CERTIFIED,Fine Jewelry
7731,"Imbued with the radiance of morning sunlight, these exquisite rings are a masterclass in fine jewelry craftsmanship. Handcrafted in Precious Metal, the design centers around a GIA-certified  carat Natural Diamond diamond (). Weighing a total of 1.40 grams, this statement piece offers a secure, comfortable fit with breathtaking visual impact, making it an extraordinary treasure for life's most cherished milestones.",0.40ct G-H SI 18k White Gold Diamond Ring,in stock,new,3609.79 HKD,https://colourdiam.com/productdetail/7731,https://www.colourdiam.com/Product/Jewellery/7731/white45/center.jpg,ColourDiam,Apparel & Accessories > Jewelry,,1,,,,unisex,,,adult,,,,,,,,,NON CERTIFIED,Fine Jewelry
7732,"Imbued with the radiance of morning sunlight, these exquisite rings are a masterclass in fine jewelry craftsmanship. Handcrafted in Precious Metal, the design centers around a GIA-certified  carat Natural Diamond diamond (). Weighing a total of 1.40 grams, this statement piece offers a secure, comfortable fit with breathtaking visual impact, making it an extraordinary treasure for life's most cherished milestones.",0.40ct G-H SI Diamond 18k White Gold Ring - 2,in stock,new,3609.79 HKD,https://colourdiam.com/productdetail/7732,https://www.colourdiam.com/Product/Jewellery/7732/white45/center.jpg,ColourDiam,Apparel & Accessories > Jewelry,,1,,,,unisex,,,adult,,,,,,,,,NON CERTIFIED,Fine Jewelry
7733,"Imbued with the radiance of morning sunlight, these exquisite rings are a masterclass in fine jewelry craftsmanship. Handcrafted in Precious Metal, the design centers around a GIA-certified  carat Natural Diamond diamond (). Weighing a total of 1.40 grams, this statement piece offers a secure, comfortable fit with breathtaking visual impact, making it an extraordinary treasure for life's most cherished milestones.",0.40ct G-H SI Diamond 18k White Gold Ring,in stock,new,3609.79 HKD,https://colourdiam.com/productdetail/7733,https://www.colourdiam.com/Product/Jewellery/7733/white45/center.jpg,ColourDiam,Apparel & Accessories > Jewelry,,1,,,,unisex,,,adult,,,,,,,,,NON CERTIFIED,Fine Jewelry
7734,"Imbued with the radiance of morning sunlight, these exquisite rings are a masterclass in fine jewelry craftsmanship. Handcrafted in Precious Metal, the design centers around a GIA-certified  carat Natural Diamond diamond (). Weighing a total of 1.40 grams, this statement piece offers a secure, comfortable fit with breathtaking visual impact, making it an extraordinary treasure for life's most cherished milestones.",0.45ct Natural Diamond 18k White Gold Ring - 1,in stock,new,4061.01 HKD,https://colourdiam.com/productdetail/7734,https://www.colourdiam.com/Product/Jewellery/7734/white45/center.jpg,ColourDiam,Apparel & Accessories > Jewelry,,1,,,,unisex,,,adult,,,,,,,,,NON CERTIFIED,Fine Jewelry
7735,"Imbued with the radiance of morning sunlight, these exquisite rings are a masterclass in fine jewelry craftsmanship. Handcrafted in 18k, the design centers around a GIA-certified 0.45 carat Natural Diamond diamond (). Weighing a total of 2.124 grams, this statement piece offers a secure, comfortable fit with breathtaking visual impact, making it an extraordinary treasure for life's most cherished milestones.",0.45ct Natural Diamond 18k White Gold Ring - 2,in stock,new,4061.01 HKD,https://colourdiam.com/productdetail/7735,https://www.colourdiam.com/Product/Jewellery/7735/white45/center.jpg,ColourDiam,Apparel & Accessories > Jewelry,,1,,,,unisex,,,adult,,,,,,,,,NON CERTIFIED,Fine Jewelry
7737,"Imbued with the radiance of morning sunlight, these exquisite rings are a masterclass in fine jewelry craftsmanship. Handcrafted in 18k, the design centers around a GIA-certified 0.45 carat Natural Diamond diamond (). Weighing a total of 2.124 grams, this statement piece offers a secure, comfortable fit with breathtaking visual impact, making it an extraordinary treasure for life's most cherished milestones.",0.45ct White Diamond 18k White Gold Ring,in stock,new,4061.01 HKD,https://colourdiam.com/productdetail/7737,https://www.colourdiam.com/Product/Jewellery/7737/white45/center.jpg,ColourDiam,Apparel & Accessories > Jewelry,,1,,,,unisex,,,adult,,,,,,,,,NON CERTIFIED,Fine Jewelry
7738,"Imbued with the radiance of morning sunlight, these exquisite rings are a masterclass in fine jewelry craftsmanship. Handcrafted in 18k, the design centers around a GIA-certified 0.45 carat Natural Diamond diamond (). Weighing a total of 2.124 grams, this statement piece offers a secure, comfortable fit with breathtaking visual impact, making it an extraordinary treasure for life's most cherished milestones.",0.45ct 18k White Gold Diamond Ring,in stock,new,4061.01 HKD,https://colourdiam.com/productdetail/7738,https://www.colourdiam.com/Product/Jewellery/7738/white45/center.jpg,ColourDiam,Apparel & Accessories > Jewelry,,1,,,,unisex,,,adult,,,,,,,,,NON CERTIFIED,Fine Jewelry
7739,"Imbued with the radiance of morning sunlight, these exquisite rings are a masterclass in fine jewelry craftsmanship. Handcrafted in 18k, the design centers around a GIA-certified 0.45 carat Natural Diamond diamond (). Weighing a total of 2.124 grams, this statement piece offers a secure, comfortable fit with breathtaking visual impact, making it an extraordinary treasure for life's most cherished milestones.",0.45ct Natural Diamond 18k White Gold Ring - 3,in stock,new,4061.01 HKD,https://colourdiam.com/productdetail/7739,https://www.colourdiam.com/Product/Jewellery/7739/white45/center.jpg,ColourDiam,Apparel & Accessories > Jewelry,,1,,,,unisex,,,adult,,,,,,,,,NON CERTIFIED,Fine Jewelry
7740,"Imbued with the radiance of morning sunlight, these exquisite rings are a masterclass in fine jewelry craftsmanship. Handcrafted in 18k, the design centers around a GIA-certified 0.45 carat Natural Diamond diamond (). Weighing a total of 2.124 grams, this statement piece offers a secure, comfortable fit with breathtaking visual impact, making it an extraordinary treasure for life's most cherished milestones.",0.45ct Natural Diamond 18k White Gold Ring - 4,in stock,new,4061.01 HKD,https://colourdiam.com/productdetail/7740,https://www.colourdiam.com/Product/Jewellery/7740/white45/center.jpg,ColourDiam,Apparel & Accessories > Jewelry,,1,,,,unisex,,,adult,,,,,,,,,NON CERTIFIED,Fine Jewelry
7741,"Imbued with the radiance of morning sunlight, these exquisite rings are a masterclass in fine jewelry craftsmanship. Handcrafted in 18k, the design centers around a GIA-certified 0.45 carat Natural Diamond diamond (). Weighing a total of 2.124 grams, this statement piece offers a secure, comfortable fit with breathtaking visual impact, making it an extraordinary treasure for life's most cherished milestones.",0.45ct Natural Diamond 18k White Gold Ring - 5,in stock,new,4061.01 HKD,https://colourdiam.com/productdetail/7741,https://www.colourdiam.com/Product/Jewellery/7741/white45/center.jpg,ColourDiam,Apparel & Accessories > Jewelry,,1,,,,unisex,,,adult,,,,,,,,,NON CERTIFIED,Fine Jewelry
7742,"Imbued with the radiance of morning sunlight, these exquisite rings are a masterclass in fine jewelry craftsmanship. Handcrafted in 18k, the design centers around a GIA-certified 0.45 carat Natural Diamond diamond (). Weighing a total of 2.124 grams, this statement piece offers a secure, comfortable fit with breathtaking visual impact, making it an extraordinary treasure for life's most cherished milestones.",0.45ct Natural Diamond 18k White Gold Ring,in stock,new,4061.01 HKD,https://colourdiam.com/productdetail/7742,https://www.colourdiam.com/Product/Jewellery/7742/white45/center.jpg,ColourDiam,Apparel & Accessories > Jewelry,,1,,,,unisex,,,adult,,,,,,,,,NON CERTIFIED,Fine Jewelry
7768,"Imbued with the radiance of morning sunlight, these exquisite rings are a masterclass in fine jewelry craftsmanship. Handcrafted in 18k, the design centers around a GIA-certified 0.45 carat Natural Diamond diamond (). Weighing a total of 2.124 grams, this statement piece offers a secure, comfortable fit with breathtaking visual impact, making it an extraordinary treasure for life's most cherished milestones.",3.60ct Fancy Color Diamond 18k Gold Necklace,in stock,new,139879.28 HKD,https://colourdiam.com/productdetail/7768,https://www.colourdiam.com/Product/Jewellery/7768/white45/center.jpg,ColourDiam,Apparel & Accessories > Jewelry,,1,,,,unisex,,,adult,,,,,,,,,,Fine Jewelry
7772,"Imbued with the radiance of morning sunlight, these exquisite necklaces are a masterclass in fine jewelry craftsmanship. Handcrafted in Precious Metal, the design centers around a GIA-certified 3.308 carat Natural Diamond diamond (). Weighing a total of 18.16 grams, this statement piece offers a secure, comfortable fit with breathtaking visual impact, making it an extraordinary treasure for life's most cherished milestones.",1.58ct Light Greenish Yellow GIA 18k Gold Diamond Ring,in stock,new,72195.76 HKD,https://colourdiam.com/productdetail/7772,https://www.colourdiam.com/Product/Jewellery/7772/white45/center.jpg,ColourDiam,Apparel & Accessories > Jewelry,,1,,,,unisex,,,adult,,,,,,,,,GIA,Fine Jewelry
7778,"Imbued with the radiance of morning sunlight, these exquisite rings are a masterclass in fine jewelry craftsmanship. Handcrafted in Precious Metal, the design centers around a GIA-certified  carat Natural Diamond diamond (). The center stones are masterfully elevated by a halo of 170 shimmering white diamonds (0.557 Ct), creating an illusion of seamless, infinite brilliance. Weighing a total of 7.50 grams, this statement piece offers a secure, comfortable fit with breathtaking visual impact, making it an extraordinary treasure for life's most cherished milestones.",9.90ct Fancy Pink Diamond 18k Gold Necklace AGL,in stock,new,315856.44 HKD,https://colourdiam.com/productdetail/7778,https://www.colourdiam.com/Product/Jewellery/7778/white45/center.jpg,ColourDiam,Apparel & Accessories > Jewelry,,1,,,,unisex,,,adult,,,,,,,,,AGL,Fine Jewelry
7880,"Imbued with the radiance of morning sunlight, these exquisite necklaces are a masterclass in fine jewelry craftsmanship. Handcrafted in Precious Metal, the design centers around a GIA-certified  carat Natural Diamond diamond (). The center stones are masterfully elevated by a halo of 1012 shimmering white diamonds (5.42 Ct), creating an illusion of seamless, infinite brilliance. Weighing a total of 39.87 grams, this statement piece offers a secure, comfortable fit with breathtaking visual impact, making it an extraordinary treasure for life's most cherished milestones.",0.35ct Fancy Yellow Cushion Diamond 18k Ring,in stock,new,14439.15 HKD,https://colourdiam.com/productdetail/7880,https://www.colourdiam.com/Product/Jewellery/7880/white45/center.jpg,ColourDiam,Apparel & Accessories > Jewelry,,1,,,,unisex,,,adult,,,,,,,,,AGL,Fine Jewelry
7881,"Imbued with the radiance of morning sunlight, these exquisite rings are a masterclass in fine jewelry craftsmanship. Handcrafted in Precious Metal, the design centers around a GIA-certified  carat Natural Diamond diamond (). The center stones are masterfully elevated by a halo of 36 shimmering white diamonds (0.269 Ct) and 14 shimmering yellow diamonds (0.08 Ct), creating an illusion of seamless, infinite brilliance. Weighing a total of 2.71 grams, this statement piece offers a secure, comfortable fit with breathtaking visual impact, making it an extraordinary treasure for life's most cherished milestones.",0.435ct Fancy Intense Yellow Heart Diamond Ring in 18K,in stock,new,16244.05 HKD,,https://www.colourdiam.com/Product/Jewellery/7881/white45/center.jpg,ColourDiam,Apparel & Accessories > Jewelry,,1,,,,unisex,,,adult,,,,,,,,,AGL,Fine Jewelry
7882,"Imbued with the radiance of morning sunlight, these exquisite rings are a masterclass in fine jewelry craftsmanship. Handcrafted in Precious Metal, the design centers around a GIA-certified  carat Natural Diamond diamond (). The center stones are masterfully elevated by a halo of 33 shimmering white diamonds (0.201 Ct), creating an illusion of seamless, infinite brilliance. Weighing a total of 2.43 grams, this statement piece offers a secure, comfortable fit with breathtaking visual impact, making it an extraordinary treasure for life's most cherished milestones.",0.168ct Fancy Yellow Marquise Diamond 18k Ring,in stock,new,13536.7 HKD,,https://www.colourdiam.com/Product/Jewellery/7882/white45/center.jpg,ColourDiam,Apparel & Accessories > Jewelry,,1,,,,unisex,,,adult,,,,,,,,,AGL,Fine Jewelry
7883,"Imbued with the radiance of morning sunlight, these exquisite rings are a masterclass in fine jewelry craftsmanship. Handcrafted in Precious Metal, the design centers around a GIA-certified  carat Natural Diamond diamond (). The center stones are masterfully elevated by a halo of 32 shimmering white diamonds (0.194 Ct), creating an illusion of seamless, infinite brilliance. Weighing a total of 2.31 grams, this statement piece offers a secure, comfortable fit with breathtaking visual impact, making it an extraordinary treasure for life's most cherished milestones.",0.90ct Fancy Yellow Diamond 18k Gold Ring,in stock,new,13536.7 HKD,,https://www.colourdiam.com/Product/Jewellery/7883/white45/center.jpg,ColourDiam,Apparel & Accessories > Jewelry,,1,,,,unisex,,,adult,,,,,,,,,AGL,Fine Jewelry
7884_7885,"Imbued with the radiance of morning sunlight, these exquisite rings are a masterclass in fine jewelry craftsmanship. Handcrafted in Precious Metal, the design centers around a GIA-certified  carat Natural Diamond diamond (). The center stones are masterfully elevated by a halo of 38 shimmering white diamonds (0.296 Ct) and 14 shimmering yellow diamonds (0.78 Ct), creating an illusion of seamless, infinite brilliance. Weighing a total of 2.87 grams, this statement piece offers a secure, comfortable fit with breathtaking visual impact, making it an extraordinary treasure for life's most cherished milestones.",0.508ct Fancy Intense Yellow Cushion/Pear Diamond Ring,in stock,new,18048.94 HKD,https://colourdiam.com/productdetail/Menu/7884/7885,https://www.colourdiam.com/Product/Jewellery/7884_7885/white45/center.jpg,ColourDiam,Apparel & Accessories > Jewelry,,1,,,,unisex,,,adult,,,,,,,,,AGL,Fine Jewelry
7891,"Imbued with the radiance of morning sunlight, these exquisite rings are a masterclass in fine jewelry craftsmanship. Handcrafted in Precious Metal, the design centers around a GIA-certified  carat Natural Diamond diamond (). The center stones are masterfully elevated by a halo of 24 shimmering white diamonds (0.164 Ct), creating an illusion of seamless, infinite brilliance. Weighing a total of 3.16 grams, this statement piece offers a secure, comfortable fit with breathtaking visual impact, making it an extraordinary treasure for life's most cherished milestones.",11.22ct Multi-Colour Sapphire 9K Gold Bracelet,in stock,new,20305.06 HKD,,https://www.colourdiam.com/Product/Jewellery/7891/white45/center.jpg,ColourDiam,Apparel & Accessories > Jewelry,,1,,,,unisex,,,adult,,,,,,,,,,Fine Jewelry
7915,"Imbued with the radiance of morning sunlight, these exquisite bracelets are a masterclass in fine jewelry craftsmanship. Handcrafted in 9K, the design centers around a GIA-certified  carat Natural Diamond diamond (). Weighing a total of 11.98 grams, this statement piece offers a secure, comfortable fit with breathtaking visual impact, making it an extraordinary treasure for life's most cherished milestones.",0.11ct Fancy Yellow VS 18k Yellow Gold Diamond Ring,in stock,new,9926.92 HKD,,https://www.colourdiam.com/Product/Jewellery/7915/white45/center.jpg,ColourDiam,Apparel & Accessories > Jewelry,,1,,,,unisex,,,adult,,,,,,,,,AGL,Fine Jewelry
7916,"Imbued with the radiance of morning sunlight, these exquisite rings are a masterclass in fine jewelry craftsmanship. Handcrafted in Precious Metal, the design centers around a GIA-certified  carat Natural Diamond diamond (). The center stones are masterfully elevated by a halo of 42 shimmering white diamonds (0.402 Ct), creating an illusion of seamless, infinite brilliance. Weighing a total of 2.59 grams, this statement piece offers a secure, comfortable fit with breathtaking visual impact, making it an extraordinary treasure for life's most cherished milestones.",0.098ct Fancy Yellow VS 18k Gold Diamond Ring,in stock,new,12634.26 HKD,https://colourdiam.com/productdetail/7916,https://www.colourdiam.com/Product/Jewellery/7916/white45/center.jpg,ColourDiam,Apparel & Accessories > Jewelry,,1,,,,unisex,,,adult,,,,,,,,,AGL,Fine Jewelry
7919,"Imbued with the radiance of morning sunlight, these exquisite rings are a masterclass in fine jewelry craftsmanship. Handcrafted in Precious Metal, the design centers around a GIA-certified  carat Natural Diamond diamond (). The center stones are masterfully elevated by a halo of 86 shimmering white diamonds (0.51 Ct) and 11 shimmering yellow diamonds (0.064 Ct), creating an illusion of seamless, infinite brilliance. Weighing a total of 4.28 grams, this statement piece offers a secure, comfortable fit with breathtaking visual impact, making it an extraordinary treasure for life's most cherished milestones.",0.113ct Fancy Intense Yellow 18k Gold Ring,in stock,new,10829.36 HKD,,https://www.colourdiam.com/Product/Jewellery/7919/white45/center.jpg,ColourDiam,Apparel & Accessories > Jewelry,,1,,,,unisex,,,adult,,,,,,,,,AGL,Fine Jewelry
7920,"Imbued with the radiance of morning sunlight, these exquisite rings are a masterclass in fine jewelry craftsmanship. Handcrafted in Precious Metal, the design centers around a GIA-certified  carat Natural Diamond diamond (). The center stones are masterfully elevated by a halo of 38 shimmering white diamonds (0.287 Ct) and 12 shimmering yellow diamonds (0.07 Ct), creating an illusion of seamless, infinite brilliance. Weighing a total of 2.86 grams, this statement piece offers a secure, comfortable fit with breathtaking visual impact, making it an extraordinary treasure for life's most cherished milestones.",0.51ct Fancy Intense Yellow Diamond 18k Gold Ring,in stock,new,7219.58 HKD,,https://www.colourdiam.com/Product/Jewellery/7920/white45/center.jpg,ColourDiam,Apparel & Accessories > Jewelry,,1,,,,unisex,,,adult,,,,,,,,,AGL,Fine Jewelry
7921,"Imbued with the radiance of morning sunlight, these exquisite rings are a masterclass in fine jewelry craftsmanship. Handcrafted in Precious Metal, the design centers around a GIA-certified  carat Natural Diamond diamond (). The center stones are masterfully elevated by a halo of 36 shimmering white diamonds (0.226 Ct) and 16 shimmering yellow diamonds (0.059 Ct), creating an illusion of seamless, infinite brilliance. Weighing a total of 2.87 grams, this statement piece offers a secure, comfortable fit with breathtaking visual impact, making it an extraordinary treasure for life's most cherished milestones.",0.13.6ct Fancy Yellow VS 18k Yellow Gold Diamond Ring,in stock,new,9024.47 HKD,https://colourdiam.com/productdetail/7921,https://www.colourdiam.com/Product/Jewellery/7921/white45/center.jpg,ColourDiam,Apparel & Accessories > Jewelry,,1,,,,unisex,,,adult,,,,,,,,,AGL,Fine Jewelry
7922,"Imbued with the radiance of morning sunlight, these exquisite rings are a masterclass in fine jewelry craftsmanship. Handcrafted in Precious Metal, the design centers around a GIA-certified  carat Natural Diamond diamond (). The center stones are masterfully elevated by a halo of 52 shimmering white diamonds (0.349 Ct), creating an illusion of seamless, infinite brilliance. Weighing a total of 2.91 grams, this statement piece offers a secure, comfortable fit with breathtaking visual impact, making it an extraordinary treasure for life's most cherished milestones.",0.20ct Fancy Intense Yellow Diamond 18k Gold Ring,in stock,new,10829.36 HKD,,https://www.colourdiam.com/Product/Jewellery/7922/white45/center.jpg,ColourDiam,Apparel & Accessories > Jewelry,,1,,,,unisex,,,adult,,,,,,,,,AGL,Fine Jewelry
7923,"Imbued with the radiance of morning sunlight, these exquisite rings are a masterclass in fine jewelry craftsmanship. Handcrafted in Precious Metal, the design centers around a GIA-certified  carat Natural Diamond diamond (). The center stones are masterfully elevated by a halo of 30 shimmering white diamonds (0.227 Ct), creating an illusion of seamless, infinite brilliance. Weighing a total of 2.13 grams, this statement piece offers a secure, comfortable fit with breathtaking visual impact, making it an extraordinary treasure for life's most cherished milestones.",0.24ct Fancy Yellow VS AGL 18k Gold Diamond Ring,in stock,new,10829.36 HKD,https://colourdiam.com/productdetail/7923,https://www.colourdiam.com/Product/Jewellery/7923/white45/center.jpg,ColourDiam,Apparel & Accessories > Jewelry,,1,,,,unisex,,,adult,,,,,,,,,AGL,Fine Jewelry
7924,"Imbued with the radiance of morning sunlight, these exquisite rings are a masterclass in fine jewelry craftsmanship. Handcrafted in Precious Metal, the design centers around a GIA-certified  carat Natural Diamond diamond (). The center stones are masterfully elevated by a halo of 50 shimmering white diamonds (0.363 Ct), creating an illusion of seamless, infinite brilliance. Weighing a total of 2.85 grams, this statement piece offers a secure, comfortable fit with breathtaking visual impact, making it an extraordinary treasure for life's most cherished milestones.",0.11ct Fancy Yellow VS 18k Gold Diamond Ring,in stock,new,7670.8 HKD,https://colourdiam.com/productdetail/7924,https://www.colourdiam.com/Product/Jewellery/7924/white45/center.jpg,ColourDiam,Apparel & Accessories > Jewelry,,1,,,,unisex,,,adult,,,,,,,,,AGL,Fine Jewelry
7925,"Imbued with the radiance of morning sunlight, these exquisite rings are a masterclass in fine jewelry craftsmanship. Handcrafted in Precious Metal, the design centers around a GIA-certified  carat Natural Diamond diamond (). The center stones are masterfully elevated by a halo of 34 shimmering white diamonds (0.201 Ct) and 11 shimmering yellow diamonds (0.043 Ct), creating an illusion of seamless, infinite brilliance. Weighing a total of 2.49 grams, this statement piece offers a secure, comfortable fit with breathtaking visual impact, making it an extraordinary treasure for life's most cherished milestones.",0.15ct Fancy Yellow VS Diamond 18K Yellow Gold Ring,in stock,new,10829.36 HKD,https://colourdiam.com/productdetail/7925,https://www.colourdiam.com/Product/Jewellery/7925/white45/center.jpg,ColourDiam,Apparel & Accessories > Jewelry,,1,,,,unisex,,,adult,,,,,,,,,AGL,Fine Jewelry
7926,"Imbued with the radiance of morning sunlight, these exquisite rings are a masterclass in fine jewelry craftsmanship. Handcrafted in Precious Metal, the design centers around a GIA-certified  carat Natural Diamond diamond (). The center stones are masterfully elevated by a halo of 42 shimmering white diamonds (0.278 Ct) and 14 shimmering yellow diamonds (0.064 Ct), creating an illusion of seamless, infinite brilliance. Weighing a total of 3.12 grams, this statement piece offers a secure, comfortable fit with breathtaking visual impact, making it an extraordinary treasure for life's most cherished milestones.",0.18ct Fancy Yellow Diamond 18K Yellow Gold Ring,in stock,new,9024.47 HKD,,https://www.colourdiam.com/Product/Jewellery/7926/white45/center.jpg,ColourDiam,Apparel & Accessories > Jewelry,,1,,,,unisex,,,adult,,,,,,,,,AGL,Fine Jewelry
7927,"Imbued with the radiance of morning sunlight, these exquisite rings are a masterclass in fine jewelry craftsmanship. Handcrafted in Precious Metal, the design centers around a GIA-certified  carat Natural Diamond diamond (). The center stones are masterfully elevated by a halo of 38 shimmering white diamonds (0.197 Ct) and 12 shimmering yellow diamonds (0.047 Ct), creating an illusion of seamless, infinite brilliance. Weighing a total of 2.37 grams, this statement piece offers a secure, comfortable fit with breathtaking visual impact, making it an extraordinary treasure for life's most cherished milestones.",0.341ct Fancy Yellow AGL 18k Gold Diamond Ring,in stock,new,10829.36 HKD,https://colourdiam.com/productdetail/7927,https://www.colourdiam.com/Product/Jewellery/7927/white45/center.jpg,ColourDiam,Apparel & Accessories > Jewelry,,1,,,,unisex,,,adult,,,,,,,,,AGL,Fine Jewelry
7929,"Imbued with the radiance of morning sunlight, these exquisite rings are a masterclass in fine jewelry craftsmanship. Handcrafted in Precious Metal, the design centers around a GIA-certified  carat Natural Diamond diamond (). The center stones are masterfully elevated by a halo of 40 shimmering white diamonds (0.238 Ct) and 18 shimmering yellow diamonds (0.077 Ct), creating an illusion of seamless, infinite brilliance. Weighing a total of 2.87 grams, this statement piece offers a secure, comfortable fit with breathtaking visual impact, making it an extraordinary treasure for life's most cherished milestones.",0.10ct Fancy Pink VS Diamond 18K Gold Ring,in stock,new,10829.36 HKD,https://colourdiam.com/productdetail/7929,https://www.colourdiam.com/Product/Jewellery/7929/white45/center.jpg,ColourDiam,Apparel & Accessories > Jewelry,,1,,,,unisex,,,adult,,,,,,,,,AGL,Fine Jewelry
7930,"Imbued with the radiance of morning sunlight, these exquisite rings are a masterclass in fine jewelry craftsmanship. Handcrafted in Precious Metal, the design centers around a GIA-certified  carat Natural Diamond diamond (). The center stones are masterfully elevated by a halo of 48 shimmering white diamonds (0.348 Ct), creating an illusion of seamless, infinite brilliance. Weighing a total of 2.96 grams, this statement piece offers a secure, comfortable fit with breathtaking visual impact, making it an extraordinary treasure for life's most cherished milestones.",0.16ct Fancy Yellow VS AGL 18k Yellow Gold Diamond Ring,in stock,new,10829.36 HKD,,https://www.colourdiam.com/Product/Jewellery/7930/white45/center.jpg,ColourDiam,Apparel & Accessories > Jewelry,,1,,,,unisex,,,adult,,,,,,,,,AGL,Fine Jewelry
7934,"Imbued with the radiance of morning sunlight, these exquisite rings are a masterclass in fine jewelry craftsmanship. Handcrafted in Precious Metal, the design centers around a GIA-certified  carat Natural Diamond diamond (). The center stones are masterfully elevated by a halo of 50 shimmering white diamonds (0.372 Ct), creating an illusion of seamless, infinite brilliance. Weighing a total of 2.81 grams, this statement piece offers a secure, comfortable fit with breathtaking visual impact, making it an extraordinary treasure for life's most cherished milestones.",0.14ct Fancy Yellow VS Diamond 18K Yellow Gold Ring,in stock,new,9024.47 HKD,https://colourdiam.com/productdetail/7934,https://www.colourdiam.com/Product/Jewellery/7934/white45/center.jpg,ColourDiam,Apparel & Accessories > Jewelry,,1,,,,unisex,,,adult,,,,,,,,,AGL,Fine Jewelry
7935,"Imbued with the radiance of morning sunlight, these exquisite rings are a masterclass in fine jewelry craftsmanship. Handcrafted in 18K, the design centers around a GIA-certified  carat Natural Diamond diamond (). The center stones are masterfully elevated by a halo of 42 shimmering white diamonds (0.442 Ct), creating an illusion of seamless, infinite brilliance. Weighing a total of 2.68 grams, this statement piece offers a secure, comfortable fit with breathtaking visual impact, making it an extraordinary treasure for life's most cherished milestones.",0.09ct Fancy Brownish Yellow Diamond 18k Ring,in stock,new,9024.47 HKD,https://colourdiam.com/productdetail/7935,https://www.colourdiam.com/Product/Jewellery/7935/white45/center.jpg,ColourDiam,Apparel & Accessories > Jewelry,,1,,,,unisex,,,adult,,,,,,,,,AGL,Fine Jewelry
7936,"Imbued with the radiance of morning sunlight, these exquisite rings are a masterclass in fine jewelry craftsmanship. Handcrafted in Precious Metal, the design centers around a GIA-certified  carat Natural Diamond diamond (). The center stones are masterfully elevated by a halo of 88 shimmering white diamonds (0.517 Ct), creating an illusion of seamless, infinite brilliance. Weighing a total of 3.87 grams, this statement piece offers a secure, comfortable fit with breathtaking visual impact, making it an extraordinary treasure for life's most cherished milestones.",0.32ct AGL Fancy Brownish Yellow Diamond 18k Gold Ring,in stock,new,9024.47 HKD,,https://www.colourdiam.com/Product/Jewellery/7936/white45/center.jpg,ColourDiam,Apparel & Accessories > Jewelry,,1,,,,unisex,,,adult,,,,,,,,,AGL,Fine Jewelry
7937,"Imbued with the radiance of morning sunlight, these exquisite rings are a masterclass in fine jewelry craftsmanship. Handcrafted in Precious Metal, the design centers around a GIA-certified  carat Natural Diamond diamond (). The center stones are masterfully elevated by a halo of 36 shimmering white diamonds (0.219 Ct) and 14 shimmering yellow diamonds (0.062 Ct), creating an illusion of seamless, infinite brilliance. Weighing a total of 2.83 grams, this statement piece offers a secure, comfortable fit with breathtaking visual impact, making it an extraordinary treasure for life's most cherished milestones.",0.125ct Fancy Intense Yellow Diamond 18k Gold Ring,in stock,new,9024.47 HKD,https://colourdiam.com/productdetail/7937,https://www.colourdiam.com/Product/Jewellery/7937/white45/center.jpg,ColourDiam,Apparel & Accessories > Jewelry,,1,,,,unisex,,,adult,,,,,,,,,AGL,Fine Jewelry
7938,"Imbued with the radiance of morning sunlight, these exquisite rings are a masterclass in fine jewelry craftsmanship. Handcrafted in Precious Metal, the design centers around a GIA-certified  carat Natural Diamond diamond (). The center stones are masterfully elevated by a halo of 50 shimmering white diamonds (0.37 Ct), creating an illusion of seamless, infinite brilliance. Weighing a total of 2.78 grams, this statement piece offers a secure, comfortable fit with breathtaking visual impact, making it an extraordinary treasure for life's most cherished milestones.",0.233ct Fancy Intense Yellow Diamond 18k Gold Ring,in stock,new,13536.7 HKD,https://colourdiam.com/productdetail/7938,https://www.colourdiam.com/Product/Jewellery/7938/white45/center.jpg,ColourDiam,Apparel & Accessories > Jewelry,,1,,,,unisex,,,adult,,,,,,,,,AGL,Fine Jewelry
7939_7940,"Imbued with the radiance of morning sunlight, these exquisite rings are a masterclass in fine jewelry craftsmanship. Handcrafted in Precious Metal, the design centers around a GIA-certified  carat Natural Diamond diamond (). The center stones are masterfully elevated by a halo of 32 shimmering white diamonds (0.229 Ct) and 14 shimmering yellow diamonds (0.073 Ct), creating an illusion of seamless, infinite brilliance. Weighing a total of 2.52 grams, this statement piece offers a secure, comfortable fit with breathtaking visual impact, making it an extraordinary treasure for life's most cherished milestones.",0.38ct Fancy Intense Yellow Diamond 18k Ring,in stock,new,13536.7 HKD,https://colourdiam.com/productdetail/Menu/7939/7940,https://www.colourdiam.com/Product/Jewellery/7939_7940/white45/center.jpg,ColourDiam,Apparel & Accessories > Jewelry,,1,,,,unisex,,,adult,,,,,,,,,AGL,Fine Jewelry
7941,"Imbued with the radiance of morning sunlight, these exquisite rings are a masterclass in fine jewelry craftsmanship. Handcrafted in Precious Metal, the design centers around a GIA-certified  carat Natural Diamond diamond (). The center stones are masterfully elevated by a halo of 24 shimmering white diamonds (0.157 Ct), creating an illusion of seamless, infinite brilliance. Weighing a total of 3.08 grams, this statement piece offers a secure, comfortable fit with breathtaking visual impact, making it an extraordinary treasure for life's most cherished milestones.",0.10ct Fancy Yellow VS 18k Yellow Gold Diamond Ring,in stock,new,10829.36 HKD,,https://www.colourdiam.com/Product/Jewellery/7941/white45/center.jpg,ColourDiam,Apparel & Accessories > Jewelry,,1,,,,unisex,,,adult,,,,,,,,,AGL,Fine Jewelry
7944,"Imbued with the radiance of morning sunlight, these exquisite rings are a masterclass in fine jewelry craftsmanship. Handcrafted in Precious Metal, the design centers around a GIA-certified  carat Natural Diamond diamond (). The center stones are masterfully elevated by a halo of 48 shimmering white diamonds (0.358 Ct), creating an illusion of seamless, infinite brilliance. Weighing a total of 2.78 grams, this statement piece offers a secure, comfortable fit with breathtaking visual impact, making it an extraordinary treasure for life's most cherished milestones.",0.34ct Fancy Intense Yellow Diamond 18K Ring,in stock,new,10829.36 HKD,,https://www.colourdiam.com/Product/Jewellery/7944/white45/center.jpg,ColourDiam,Apparel & Accessories > Jewelry,,1,,,,unisex,,,adult,,,,,,,,,AGL,Fine Jewelry
7945,"Imbued with the radiance of morning sunlight, these exquisite rings are a masterclass in fine jewelry craftsmanship. Handcrafted in 18K, the design centers around a GIA-certified  carat Natural Diamond diamond (). The center stones are masterfully elevated by a halo of 36 shimmering white diamonds (0.205 Ct) and 14 shimmering yellow diamonds (0.061 Ct), creating an illusion of seamless, infinite brilliance. Weighing a total of 2.89 grams, this statement piece offers a secure, comfortable fit with breathtaking visual impact, making it an extraordinary treasure for life's most cherished milestones.",0.45ct Fancy Yellow Diamond 18K Yellow Gold Ring,in stock,new,9024.47 HKD,,https://www.colourdiam.com/Product/Jewellery/7945/white45/center.jpg,ColourDiam,Apparel & Accessories > Jewelry,,1,,,,unisex,,,adult,,,,,,,,,AGL,Fine Jewelry
7947,"Imbued with the radiance of morning sunlight, these exquisite rings are a masterclass in fine jewelry craftsmanship. Handcrafted in 18K, the design centers around a GIA-certified  carat Natural Diamond diamond (). The center stones are masterfully elevated by a halo of 52 shimmering white diamonds (0.378 Ct), creating an illusion of seamless, infinite brilliance. Weighing a total of 3.01 grams, this statement piece offers a secure, comfortable fit with breathtaking visual impact, making it an extraordinary treasure for life's most cherished milestones.",0.15ct Fancy Intense Yellow Diamond 18k Ring,in stock,new,10829.36 HKD,,https://www.colourdiam.com/Product/Jewellery/7947/white45/center.jpg,ColourDiam,Apparel & Accessories > Jewelry,,1,,,,unisex,,,adult,,,,,,,,,AGL,Fine Jewelry
7948,"Imbued with the radiance of morning sunlight, these exquisite rings are a masterclass in fine jewelry craftsmanship. Handcrafted in Precious Metal, the design centers around a GIA-certified  carat Natural Diamond diamond (). The center stones are masterfully elevated by a halo of 47 shimmering white diamonds (0.312 Ct), creating an illusion of seamless, infinite brilliance. Weighing a total of 2.85 grams, this statement piece offers a secure, comfortable fit with breathtaking visual impact, making it an extraordinary treasure for life's most cherished milestones.",0.147ct Fancy Intense Yellow Diamond 18K Yellow Ring,in stock,new,8122.02 HKD,,https://www.colourdiam.com/Product/Jewellery/7948/white45/center.jpg,ColourDiam,Apparel & Accessories > Jewelry,,1,,,,unisex,,,adult,,,,,,,,,AGL,Fine Jewelry
7950,"Imbued with the radiance of morning sunlight, these exquisite rings are a masterclass in fine jewelry craftsmanship. Handcrafted in 18K, the design centers around a GIA-certified  carat Natural Diamond diamond (). The center stones are masterfully elevated by a halo of 54 shimmering white diamonds (0.347 Ct), creating an illusion of seamless, infinite brilliance. Weighing a total of 3.09 grams, this statement piece offers a secure, comfortable fit with breathtaking visual impact, making it an extraordinary treasure for life's most cherished milestones.",0.149ct Fancy Yellow VS AGL 18k Yellow Gold Diamond Ring,in stock,new,10829.36 HKD,,https://www.colourdiam.com/Product/Jewellery/7950/white45/center.jpg,ColourDiam,Apparel & Accessories > Jewelry,,1,,,,unisex,,,adult,,,,,,,,,AGL,Fine Jewelry
7951,"Imbued with the radiance of morning sunlight, these exquisite rings are a masterclass in fine jewelry craftsmanship. Handcrafted in 18K, the design centers around a GIA-certified  carat Natural Diamond diamond (). The center stones are masterfully elevated by a halo of 42 shimmering white diamonds (0.422 Ct), creating an illusion of seamless, infinite brilliance. Weighing a total of 2.59 grams, this statement piece offers a secure, comfortable fit with breathtaking visual impact, making it an extraordinary treasure for life's most cherished milestones.",0.25ct Fancy Intense Yellow Diamond 18k Ring,in stock,new,10829.36 HKD,,https://www.colourdiam.com/Product/Jewellery/7951/white45/center.jpg,ColourDiam,Apparel & Accessories > Jewelry,,1,,,,unisex,,,adult,,,,,,,,,AGL,Fine Jewelry
7952,"Imbued with the radiance of morning sunlight, these exquisite rings are a masterclass in fine jewelry craftsmanship. Handcrafted in Precious Metal, the design centers around a GIA-certified  carat Natural Diamond diamond (). The center stones are masterfully elevated by a halo of 36 shimmering white diamonds (0.221 Ct) and 16 shimmering yellow diamonds (0.067 Ct), creating an illusion of seamless, infinite brilliance. Weighing a total of 2.82 grams, this statement piece offers a secure, comfortable fit with breathtaking visual impact, making it an extraordinary treasure for life's most cherished milestones.",0.23ct Fancy Yellow VS 18K Yellow Gold Diamond Ring,in stock,new,10829.36 HKD,,https://www.colourdiam.com/Product/Jewellery/7952/white45/center.jpg,ColourDiam,Apparel & Accessories > Jewelry,,1,,,,unisex,,,adult,,,,,,,,,AGL,Fine Jewelry
7953,"Imbued with the radiance of morning sunlight, these exquisite rings are a masterclass in fine jewelry craftsmanship. Handcrafted in 18K, the design centers around a GIA-certified  carat Natural Diamond diamond (). The center stones are masterfully elevated by a halo of 34 shimmering white diamonds (0.232 Ct) and 14 shimmering yellow diamonds (0.051 Ct), creating an illusion of seamless, infinite brilliance. Weighing a total of 3.17 grams, this statement piece offers a secure, comfortable fit with breathtaking visual impact, making it an extraordinary treasure for life's most cherished milestones.",0.20ct Fancy Pink VS Diamond 18k Ring,in stock,new,13536.7 HKD,https://colourdiam.com/productdetail/7953,https://www.colourdiam.com/Product/Jewellery/7953/white45/center.jpg,ColourDiam,Apparel & Accessories > Jewelry,,1,,,,unisex,,,adult,,,,,,,,,AGL,Fine Jewelry
7954,"Imbued with the radiance of morning sunlight, these exquisite rings are a masterclass in fine jewelry craftsmanship. Handcrafted in Precious Metal, the design centers around a GIA-certified  carat Natural Diamond diamond (). The center stones are masterfully elevated by a halo of 51 shimmering white diamonds (0.355 Ct), creating an illusion of seamless, infinite brilliance. Weighing a total of 2.9 grams, this statement piece offers a secure, comfortable fit with breathtaking visual impact, making it an extraordinary treasure for life's most cherished milestones.",0.36ct Fancy Yellow & White Diamond 18k Gold Pendant,in stock,new,10829.36 HKD,,https://www.colourdiam.com/Product/Jewellery/7954/white45/center.jpg,ColourDiam,Apparel & Accessories > Jewelry,,1,,,,unisex,,,adult,,,,,,,,,AGL,Fine Jewelry
7955,"Imbued with the radiance of morning sunlight, these exquisite pendants are a masterclass in fine jewelry craftsmanship. Handcrafted in Precious Metal, the design centers around a GIA-certified  carat Natural Diamond diamond (). The center stones are masterfully elevated by a halo of 17 shimmering white diamonds (0.154 Ct) and 12 shimmering yellow diamonds (0.07 Ct), creating an illusion of seamless, infinite brilliance. Weighing a total of 3.76 grams, this statement piece offers a secure, comfortable fit with breathtaking visual impact, making it an extraordinary treasure for life's most cherished milestones.",0.198ct Fancy Intense Yellow Diamond 18k Ring,in stock,new,11731.81 HKD,,https://www.colourdiam.com/Product/Jewellery/7955/white45/center.jpg,ColourDiam,Apparel & Accessories > Jewelry,,1,,,,unisex,,,adult,,,,,,,,,AGL,Fine Jewelry
7956,"Imbued with the radiance of morning sunlight, these exquisite rings are a masterclass in fine jewelry craftsmanship. Handcrafted in Precious Metal, the design centers around a GIA-certified  carat Natural Diamond diamond (). The center stones are masterfully elevated by a halo of 48 shimmering white diamonds (0.297 Ct) and 12 shimmering yellow diamonds (0.067 Ct), creating an illusion of seamless, infinite brilliance. Weighing a total of 3.76 grams, this statement piece offers a secure, comfortable fit with breathtaking visual impact, making it an extraordinary treasure for life's most cherished milestones.",0.19ct Fancy Yellow VS 18k Yellow Gold Diamond Ring,in stock,new,10829.36 HKD,https://colourdiam.com/productdetail/7956,https://www.colourdiam.com/Product/Jewellery/7956/white45/center.jpg,ColourDiam,Apparel & Accessories > Jewelry,,1,,,,unisex,,,adult,,,,,,,,,AGL,Fine Jewelry
7957,"Imbued with the radiance of morning sunlight, these exquisite rings are a masterclass in fine jewelry craftsmanship. Handcrafted in Precious Metal, the design centers around a GIA-certified  carat Natural Diamond diamond (). The center stones are masterfully elevated by a halo of 46 shimmering white diamonds (0.309 Ct), creating an illusion of seamless, infinite brilliance. Weighing a total of 2.65 grams, this statement piece offers a secure, comfortable fit with breathtaking visual impact, making it an extraordinary treasure for life's most cherished milestones.",0.18ct Fancy Intense Green Diamond 18k Ring,in stock,new,13536.7 HKD,,https://www.colourdiam.com/Product/Jewellery/7957/white45/center.jpg,ColourDiam,Apparel & Accessories > Jewelry,,1,,,,unisex,,,adult,,,,,,,,,AGL,Fine Jewelry
7958,"Imbued with the radiance of morning sunlight, these exquisite rings are a masterclass in fine jewelry craftsmanship. Handcrafted in Precious Metal, the design centers around a GIA-certified  carat Natural Diamond diamond (). The center stones are masterfully elevated by a halo of 50 shimmering white diamonds (0.361 Ct), creating an illusion of seamless, infinite brilliance. Weighing a total of 2.83 grams, this statement piece offers a secure, comfortable fit with breathtaking visual impact, making it an extraordinary treasure for life's most cherished milestones.",0.61ct Fancy Yellow Diamond 18K Yellow Gold Ring,in stock,new,10829.36 HKD,,https://www.colourdiam.com/Product/Jewellery/7958/white45/center.jpg,ColourDiam,Apparel & Accessories > Jewelry,,1,,,,unisex,,,adult,,,,,,,,,AGL,Fine Jewelry
7959,"Imbued with the radiance of morning sunlight, these exquisite rings are a masterclass in fine jewelry craftsmanship. Handcrafted in 18K, the design centers around a GIA-certified  carat Natural Diamond diamond (). The center stones are masterfully elevated by a halo of 44 shimmering white diamonds (0.427 Ct), creating an illusion of seamless, infinite brilliance. Weighing a total of 2.63 grams, this statement piece offers a secure, comfortable fit with breathtaking visual impact, making it an extraordinary treasure for life's most cherished milestones.",0.47ct Fancy Yellow & White Gold Diamond Pendant,in stock,new,10829.36 HKD,,https://www.colourdiam.com/Product/Jewellery/7959/white45/center.jpg,ColourDiam,Apparel & Accessories > Jewelry,,1,,,,unisex,,,adult,,,,,,,,,AGL,Fine Jewelry
7994,"Imbued with the radiance of morning sunlight, these exquisite pendants are a masterclass in fine jewelry craftsmanship. Handcrafted in Precious Metal, the design centers around a GIA-certified  carat Natural Diamond diamond (). The center stones are masterfully elevated by a halo of 39 shimmering white diamonds (0.283 Ct) and 12 shimmering yellow diamonds (0.049 Ct), creating an illusion of seamless, infinite brilliance. Weighing a total of 4.14 grams, this statement piece offers a secure, comfortable fit with breathtaking visual impact, making it an extraordinary treasure for life's most cherished milestones.",0.12ct Fancy Green VS2 AGL 18k Green Ring,in stock,new,7219.58 HKD,https://colourdiam.com/productdetail/7994,https://www.colourdiam.com/Product/Jewellery/7994/white45/center.jpg,ColourDiam,Apparel & Accessories > Jewelry,,1,,,,unisex,,,adult,,,,,,,,,AGL,Fine Jewelry
7999,"Imbued with the radiance of morning sunlight, these exquisite rings are a masterclass in fine jewelry craftsmanship. Handcrafted in Precious Metal, the design centers around a GIA-certified 0.12 carat Fancy Green diamond (VS2). Weighing a total of 1.97 grams, this statement piece offers a secure, comfortable fit with breathtaking visual impact, making it an extraordinary treasure for life's most cherished milestones.",0.203ct Fancy Intense Pink Diamond 18k Ring,in stock,new,18048.94 HKD,,https://www.colourdiam.com/Product/Jewellery/7999/white45/center.jpg,ColourDiam,Apparel & Accessories > Jewelry,,1,,,,unisex,,,adult,,,,,,,,,AGL,Fine Jewelry
8000,"Imbued with the radiance of morning sunlight, these exquisite rings are a masterclass in fine jewelry craftsmanship. Handcrafted in Precious Metal, the design centers around a GIA-certified  carat Natural Diamond diamond (). The center stones are masterfully elevated by a halo of 16 shimmering white diamonds (0.109 Ct), creating an illusion of seamless, infinite brilliance. Weighing a total of 2.21 grams, this statement piece offers a secure, comfortable fit with breathtaking visual impact, making it an extraordinary treasure for life's most cherished milestones.",0.505ct Fancy Intense Green AGL 18k Gold Ring,in stock,new,10829.36 HKD,https://colourdiam.com/productdetail/8000,https://www.colourdiam.com/Product/Jewellery/8000/white45/center.jpg,ColourDiam,Apparel & Accessories > Jewelry,,1,,,,unisex,,,adult,,,,,,,,,AGL,Fine Jewelry
8001,"Imbued with the radiance of morning sunlight, these exquisite rings are a masterclass in fine jewelry craftsmanship. Handcrafted in Precious Metal, the design centers around a GIA-certified  carat Natural Diamond diamond (). The center stones are masterfully elevated by a halo of 18 shimmering white diamonds (0.13 Ct), creating an illusion of seamless, infinite brilliance. Weighing a total of 2.2 grams, this statement piece offers a secure, comfortable fit with breathtaking visual impact, making it an extraordinary treasure for life's most cherished milestones.",0.116ct Fancy Yellow VS 18k Yellow Gold Diamond Ring,in stock,new,9024.47 HKD,https://colourdiam.com/productdetail/8001,https://www.colourdiam.com/Product/Jewellery/8001/white45/center.jpg,ColourDiam,Apparel & Accessories > Jewelry,,1,,,,unisex,,,adult,,,,,,,,,AGL,Fine Jewelry
8002,"Imbued with the radiance of morning sunlight, these exquisite rings are a masterclass in fine jewelry craftsmanship. Handcrafted in Precious Metal, the design centers around a GIA-certified  carat Natural Diamond diamond (). The center stones are masterfully elevated by a halo of 42 shimmering white diamonds (0.426 Ct), creating an illusion of seamless, infinite brilliance. Weighing a total of 2.53 grams, this statement piece offers a secure, comfortable fit with breathtaking visual impact, making it an extraordinary treasure for life's most cherished milestones.",0.113ct Fancy Intense Green AGL 18k Gold Ring,in stock,new,7219.58 HKD,https://colourdiam.com/productdetail/8002,https://www.colourdiam.com/Product/Jewellery/8002/white45/center.jpg,ColourDiam,Apparel & Accessories > Jewelry,,1,,,,unisex,,,adult,,,,,,,,,AGL,Fine Jewelry
8003,"Imbued with the radiance of morning sunlight, these exquisite rings are a masterclass in fine jewelry craftsmanship. Handcrafted in Precious Metal, the design centers around a GIA-certified  carat Natural Diamond diamond (). The center stones are masterfully elevated by a halo of 14 shimmering white diamonds (0.1 Ct), creating an illusion of seamless, infinite brilliance. Weighing a total of 1.98 grams, this statement piece offers a secure, comfortable fit with breathtaking visual impact, making it an extraordinary treasure for life's most cherished milestones.",0.10ct Fancy Intense Green Diamond 18k Gold Ring,in stock,new,7219.58 HKD,,https://www.colourdiam.com/Product/Jewellery/8003/white45/center.jpg,ColourDiam,Apparel & Accessories > Jewelry,,1,,,,unisex,,,adult,,,,,,,,,AGL,Fine Jewelry
8006,"Imbued with the radiance of morning sunlight, these exquisite rings are a masterclass in fine jewelry craftsmanship. Handcrafted in Precious Metal, the design centers around a GIA-certified  carat Natural Diamond diamond (). The center stones are masterfully elevated by a halo of 14 shimmering white diamonds (0.107 Ct), creating an illusion of seamless, infinite brilliance. Weighing a total of 1.96 grams, this statement piece offers a secure, comfortable fit with breathtaking visual impact, making it an extraordinary treasure for life's most cherished milestones.",0.156ct Fancy Intense Pink 18k Gold Diamond Ring,in stock,new,7219.58 HKD,https://colourdiam.com/productdetail/8006,https://www.colourdiam.com/Product/Jewellery/8006/white45/center.jpg,ColourDiam,Apparel & Accessories > Jewelry,,1,,,,unisex,,,adult,,,,,,,,,AGL,Fine Jewelry
8008,"Imbued with the radiance of morning sunlight, these exquisite rings are a masterclass in fine jewelry craftsmanship. Handcrafted in Precious Metal, the design centers around a GIA-certified  carat Natural Diamond diamond (). The center stones are masterfully elevated by a halo of 14 shimmering white diamonds (0.097 Ct), creating an illusion of seamless, infinite brilliance. Weighing a total of 2.07 grams, this statement piece offers a secure, comfortable fit with breathtaking visual impact, making it an extraordinary treasure for life's most cherished milestones.",0.324ct Fancy Vivid Yellow 18k Gold Diamond Ring,in stock,new,10829.36 HKD,https://colourdiam.com/productdetail/8008,https://www.colourdiam.com/Product/Jewellery/8008/white45/center.jpg,ColourDiam,Apparel & Accessories > Jewelry,,1,,,,unisex,,,adult,,,,,,,,,AGL,Fine Jewelry
8015,"Imbued with the radiance of morning sunlight, these exquisite rings are a masterclass in fine jewelry craftsmanship. Handcrafted in Precious Metal, the design centers around a GIA-certified  carat Natural Diamond diamond (). The center stones are masterfully elevated by a halo of 17 shimmering white diamonds (0.117 Ct), creating an illusion of seamless, infinite brilliance. Weighing a total of 1.84 grams, this statement piece offers a secure, comfortable fit with breathtaking visual impact, making it an extraordinary treasure for life's most cherished milestones.",0.26ct Fancy Green VS 18k Green Ring,in stock,new,27073.41 HKD,,https://www.colourdiam.com/Product/Jewellery/8015/white45/center.jpg,ColourDiam,Apparel & Accessories > Jewelry,,1,,,,unisex,,,adult,,,,,,,,,AGL,Fine Jewelry
8021,"Imbued with the radiance of morning sunlight, these exquisite rings are a masterclass in fine jewelry craftsmanship. Handcrafted in 18k, the design centers around a GIA-certified  carat Natural Diamond diamond (). The center stones are masterfully elevated by a halo of 113 shimmering white diamonds (0.213 Ct), creating an illusion of seamless, infinite brilliance. Weighing a total of 2.330 grams, this statement piece offers a secure, comfortable fit with breathtaking visual impact, making it an extraordinary treasure for life's most cherished milestones.",0.111ct Fancy Intense Green VVS1 18k Gold Pendant,in stock,new,7219.58 HKD,,https://www.colourdiam.com/Product/Jewellery/8021/white45/center.jpg,ColourDiam,Apparel & Accessories > Jewelry,,1,,,,unisex,,,adult,,,,,,,,,AGL,Fine Jewelry
8022,"Imbued with the radiance of morning sunlight, these exquisite pendants are a masterclass in fine jewelry craftsmanship. Handcrafted in 18k, the design centers around a GIA-certified  carat Natural Diamond diamond (). The center stones are masterfully elevated by a halo of 30 shimmering white diamonds (0.194 Ct), creating an illusion of seamless, infinite brilliance. Weighing a total of 2.94 grams, this statement piece offers a secure, comfortable fit with breathtaking visual impact, making it an extraordinary treasure for life's most cherished milestones.",0.14ct Fancy Green VVS Diamond 18k Bracelet,in stock,new,9024.47 HKD,https://colourdiam.com/productdetail/8022,https://www.colourdiam.com/Product/Jewellery/8022/white45/center.jpg,ColourDiam,Apparel & Accessories > Jewelry,,1,,,,unisex,,,adult,,,,,,,,,AGL,Fine Jewelry
8023,"Imbued with the radiance of morning sunlight, these exquisite bracelets are a masterclass in fine jewelry craftsmanship. Handcrafted in 18k, the design centers around a GIA-certified  carat Natural Diamond diamond (). The center stones are masterfully elevated by a halo of 16 shimmering white diamonds (0.132 Ct), creating an illusion of seamless, infinite brilliance. Weighing a total of 2.14 grams, this statement piece offers a secure, comfortable fit with breathtaking visual impact, making it an extraordinary treasure for life's most cherished milestones.",0.137ct Fancy Green SI1 AGL 18k Diamond Bracelet,in stock,new,7219.58 HKD,https://colourdiam.com/productdetail/8023,https://www.colourdiam.com/Product/Jewellery/8023/white45/center.jpg,ColourDiam,Apparel & Accessories > Jewelry,,1,,,,unisex,,,adult,,,,,,,,,AGL,Fine Jewelry
8024,"Imbued with the radiance of morning sunlight, these exquisite bracelets are a masterclass in fine jewelry craftsmanship. Handcrafted in 18k, the design centers around a GIA-certified  carat Natural Diamond diamond (). The center stones are masterfully elevated by a halo of 28 shimmering white diamonds (0.239 Ct), creating an illusion of seamless, infinite brilliance. Weighing a total of 2.21 grams, this statement piece offers a secure, comfortable fit with breathtaking visual impact, making it an extraordinary treasure for life's most cherished milestones.",0.10ct Fancy Intense Yellow Diamond 18k Gold Pendant,in stock,new,7219.58 HKD,,https://www.colourdiam.com/Product/Jewellery/8024/white45/center.jpg,ColourDiam,Apparel & Accessories > Jewelry,,1,,,,unisex,,,adult,,,,,,,,,AGL,Fine Jewelry
8026,"Imbued with the radiance of morning sunlight, these exquisite pendants are a masterclass in fine jewelry craftsmanship. Handcrafted in 18k, the design centers around a GIA-certified  carat Natural Diamond diamond (). The center stones are masterfully elevated by a halo of 29 shimmering white diamonds (0.271 Ct), creating an illusion of seamless, infinite brilliance. Weighing a total of 3.6 grams, this statement piece offers a secure, comfortable fit with breathtaking visual impact, making it an extraordinary treasure for life's most cherished milestones.",0.25ct Fancy Intense Pink VVS1 18k Diamond Bracelet,in stock,new,7219.58 HKD,https://colourdiam.com/productdetail/8026,https://www.colourdiam.com/Product/Jewellery/8026/white45/center.jpg,ColourDiam,Apparel & Accessories > Jewelry,,1,,,,unisex,,,adult,,,,,,,,,AGL,Fine Jewelry
8027,"Imbued with the radiance of morning sunlight, these exquisite bracelets are a masterclass in fine jewelry craftsmanship. Handcrafted in 18k, the design centers around a GIA-certified  carat Natural Diamond diamond (). The center stones are masterfully elevated by a halo of 18 shimmering white diamonds (0.154 Ct), creating an illusion of seamless, infinite brilliance. Weighing a total of 2.19 grams, this statement piece offers a secure, comfortable fit with breathtaking visual impact, making it an extraordinary treasure for life's most cherished milestones.",0.285ct Fancy Pink VVS 18k Gold Diamond Bracelet,in stock,new,10829.36 HKD,,https://www.colourdiam.com/Product/Jewellery/8027/white45/center.jpg,ColourDiam,Apparel & Accessories > Jewelry,,1,,,,unisex,,,adult,,,,,,,,,AGL,Fine Jewelry
8028,"Imbued with the radiance of morning sunlight, these exquisite bracelets are a masterclass in fine jewelry craftsmanship. Handcrafted in 18k, the design centers around a GIA-certified  carat Natural Diamond diamond (). The center stones are masterfully elevated by a halo of 18 shimmering white diamonds (0.146 Ct), creating an illusion of seamless, infinite brilliance. Weighing a total of 2.25 grams, this statement piece offers a secure, comfortable fit with breathtaking visual impact, making it an extraordinary treasure for life's most cherished milestones.",0.39ct Fancy Pink & White Diamond 18k Gold Bracelet,in stock,new,7219.58 HKD,,https://www.colourdiam.com/Product/Jewellery/8028/white45/center.jpg,ColourDiam,Apparel & Accessories > Jewelry,,1,,,,unisex,,,adult,,,,,,,,,AGL,Fine Jewelry
8029,"Imbued with the radiance of morning sunlight, these exquisite bracelets are a masterclass in fine jewelry craftsmanship. Handcrafted in 18k, the design centers around a GIA-certified  carat Natural Diamond diamond (). The center stones are masterfully elevated by a halo of 18 shimmering white diamonds (0.153 Ct), creating an illusion of seamless, infinite brilliance. Weighing a total of 2.3 grams, this statement piece offers a secure, comfortable fit with breathtaking visual impact, making it an extraordinary treasure for life's most cherished milestones.",0.11ct Fancy Orange-Pink AGL 18k Gold Diamond Bracelet,in stock,new,7219.58 HKD,https://colourdiam.com/productdetail/8029,https://www.colourdiam.com/Product/Jewellery/8029/white45/center.jpg,ColourDiam,Apparel & Accessories > Jewelry,,1,,,,unisex,,,adult,,,,,,,,,AGL,Fine Jewelry
8054,"Imbued with the radiance of morning sunlight, these exquisite bracelets are a masterclass in fine jewelry craftsmanship. Handcrafted in 18k, the design centers around a GIA-certified  carat Natural Diamond diamond (). The center stones are masterfully elevated by a halo of 17 shimmering white diamonds (0.146 Ct), creating an illusion of seamless, infinite brilliance. Weighing a total of 2.11 grams, this statement piece offers a secure, comfortable fit with breathtaking visual impact, making it an extraordinary treasure for life's most cherished milestones.",0.145ct Fancy Blue VS 18k Gold Diamond Pendant,in stock,new,9024.47 HKD,,https://www.colourdiam.com/Product/Jewellery/8054/white45/center.jpg,ColourDiam,Apparel & Accessories > Jewelry,,1,,,,unisex,,,adult,,,,,,,,,AGL,Fine Jewelry
8057,"Imbued with the radiance of morning sunlight, these exquisite pendants are a masterclass in fine jewelry craftsmanship. Handcrafted in 18k, the design centers around a GIA-certified  carat Natural Diamond diamond (). The center stones are masterfully elevated by a halo of 26 shimmering white diamonds (0.161 Ct), creating an illusion of seamless, infinite brilliance. Weighing a total of 3.06 grams, this statement piece offers a secure, comfortable fit with breathtaking visual impact, making it an extraordinary treasure for life's most cherished milestones.",0.25ctw Fancy Yellow Diamond 18k Bracelet,in stock,new,7219.58 HKD,,https://www.colourdiam.com/Product/Jewellery/8057/white45/center.jpg,ColourDiam,Apparel & Accessories > Jewelry,,1,,,,unisex,,,adult,,,,,,,,,AGL,Fine Jewelry
8062,"Imbued with the radiance of morning sunlight, these exquisite bracelets are a masterclass in fine jewelry craftsmanship. Handcrafted in 18k, the design centers around a GIA-certified  carat Natural Diamond diamond (). The center stones are masterfully elevated by a halo of 16 shimmering white diamonds (0.133 Ct), creating an illusion of seamless, infinite brilliance. Weighing a total of 2.07 grams, this statement piece offers a secure, comfortable fit with breathtaking visual impact, making it an extraordinary treasure for life's most cherished milestones.",0.17ct Deep Yellow SI1 18k Gold Diamond Ring,in stock,new,7219.58 HKD,https://colourdiam.com/productdetail/8062,https://www.colourdiam.com/Product/Jewellery/8062/white45/center.jpg,ColourDiam,Apparel & Accessories > Jewelry,,1,,,,unisex,,,adult,,,,,,,,,AGL,Fine Jewelry
8065,"Imbued with the radiance of morning sunlight, these exquisite rings are a masterclass in fine jewelry craftsmanship. Handcrafted in 18k, the design centers around a GIA-certified  carat Natural Diamond diamond (). The center stones are masterfully elevated by a halo of 30 shimmering white diamonds (0.215 Ct), creating an illusion of seamless, infinite brilliance. Weighing a total of 2.13 grams, this statement piece offers a secure, comfortable fit with breathtaking visual impact, making it an extraordinary treasure for life's most cherished milestones.",0.13ct Fancy Blue Diamond 18k Gold Ring,in stock,new,9024.47 HKD,,https://www.colourdiam.com/Product/Jewellery/8065/white45/center.jpg,ColourDiam,Apparel & Accessories > Jewelry,,1,,,,unisex,,,adult,,,,,,,,,AGL,Fine Jewelry
8068,"Imbued with the radiance of morning sunlight, these exquisite rings are a masterclass in fine jewelry craftsmanship. Handcrafted in 18k, the design centers around a GIA-certified  carat Natural Diamond diamond (). The center stones are masterfully elevated by a halo of 16 shimmering white diamonds (0.132 Ct), creating an illusion of seamless, infinite brilliance. Weighing a total of 2.18 grams, this statement piece offers a secure, comfortable fit with breathtaking visual impact, making it an extraordinary treasure for life's most cherished milestones.",0.119ct Fancy Intense Green Diamond 18k Pendant,in stock,new,9024.47 HKD,,https://www.colourdiam.com/Product/Jewellery/8068/white45/center.jpg,ColourDiam,Apparel & Accessories > Jewelry,,1,,,,unisex,,,adult,,,,,,,,,AGL,Fine Jewelry
8112,"Imbued with the radiance of morning sunlight, these exquisite pendants are a masterclass in fine jewelry craftsmanship. Handcrafted in 18k, the design centers around a GIA-certified  carat Natural Diamond diamond (). The center stones are masterfully elevated by a halo of 29 shimmering white diamonds (0.277 Ct), creating an illusion of seamless, infinite brilliance. Weighing a total of 3.43 grams, this statement piece offers a secure, comfortable fit with breathtaking visual impact, making it an extraordinary treasure for life's most cherished milestones.",1.00ct Multi-Color Diamond 18k Gold Bracelet,in stock,new,19853.83 HKD,https://colourdiam.com/productdetail/8112,https://www.colourdiam.com/Product/Jewellery/8112/white45/center.jpg,ColourDiam,Apparel & Accessories > Jewelry,,1,,,,unisex,,,adult,,,,,,,,,,Fine Jewelry
8113,"Imbued with the radiance of morning sunlight, these exquisite bracelets are a masterclass in fine jewelry craftsmanship. Handcrafted in 18k, the design centers around a GIA-certified  carat Natural Diamond diamond (). The center stones are masterfully elevated by a halo of 28 shimmering yellow diamonds (0.14 Ct), creating an illusion of seamless, infinite brilliance. Weighing a total of 6.35 grams, this statement piece offers a secure, comfortable fit with breathtaking visual impact, making it an extraordinary treasure for life's most cherished milestones.",0.24ct Fancy Pink & White Diamond 18k Gold Bracelet,in stock,new,22561.17 HKD,https://colourdiam.com/productdetail/8113,https://www.colourdiam.com/Product/Jewellery/8113/white45/center.jpg,ColourDiam,Apparel & Accessories > Jewelry,,1,,,,unisex,,,adult,,,,,,,,,AGL,Fine Jewelry
8141,"Imbued with the radiance of morning sunlight, these exquisite bracelets are a masterclass in fine jewelry craftsmanship. Handcrafted in 18k, the design centers around a GIA-certified  carat Natural Diamond diamond (). Weighing a total of 8.90 grams, this statement piece offers a secure, comfortable fit with breathtaking visual impact, making it an extraordinary treasure for life's most cherished milestones.",0.18ct Fancy Pink Diamond 18k Gold Ring Set,in stock,new,22561.17 HKD,,https://www.colourdiam.com/Product/Jewellery/8141/white45/center.jpg,ColourDiam,Apparel & Accessories > Jewelry,,1,,,,unisex,,,adult,,,,,,,,,,Fine Jewelry
8142,"Imbued with the radiance of morning sunlight, these exquisite rings are a masterclass in fine jewelry craftsmanship. Handcrafted in 18k, the design centers around a GIA-certified  carat Natural Diamond diamond (). Weighing a total of 2.50 grams, this statement piece offers a secure, comfortable fit with breathtaking visual impact, making it an extraordinary treasure for life's most cherished milestones.",0.80ct Fancy Pink & White Diamond 18k Gold Earrings,in stock,new,0 HKD,,https://www.colourdiam.com/Product/Jewellery/8142/white45/center.jpg,ColourDiam,Apparel & Accessories > Jewelry,,1,,,,unisex,,,adult,,,,,,,,,,Fine Jewelry
8143,"Imbued with the radiance of morning sunlight, these exquisite earrings are a masterclass in fine jewelry craftsmanship. Handcrafted in 18k, the design centers around a GIA-certified  carat Natural Diamond diamond (). Weighing a total of 2.40 grams, this statement piece offers a secure, comfortable fit with breathtaking visual impact, making it an extraordinary treasure for life's most cherished milestones.",0.42ct Emerald and 0.14ct Diamond 18k Pendant,in stock,new,5865.91 HKD,,https://www.colourdiam.com/Product/Jewellery/8143/white45/center.jpg,ColourDiam,Apparel & Accessories > Jewelry,,1,,,,unisex,,,adult,,,,,,,,,,Fine Jewelry
8263,"Imbued with the radiance of morning sunlight, these exquisite pendants are a masterclass in fine jewelry craftsmanship. Handcrafted in 18k, the design centers around a GIA-certified  carat Natural Diamond diamond (). Weighing a total of 6.08 grams, this statement piece offers a secure, comfortable fit with breathtaking visual impact, making it an extraordinary treasure for life's most cherished milestones.",0.50ct Fancy Green Diamond 18k Gold Pendant,in stock,new,10829.36 HKD,https://colourdiam.com/productdetail/8263,https://www.colourdiam.com/Product/Jewellery/8263/white45/center.jpg,ColourDiam,Apparel & Accessories > Jewelry,,1,,,,unisex,,,adult,,,,,,,,,,Fine Jewelry
8265,"Imbued with the radiance of morning sunlight, these exquisite pendants are a masterclass in fine jewelry craftsmanship. Handcrafted in 18k, the design centers around a GIA-certified  carat Natural Diamond diamond (). The center stones are masterfully elevated by a halo of 29 shimmering white diamonds (0.262 Ct), creating an illusion of seamless, infinite brilliance. Weighing a total of 3.70 grams, this statement piece offers a secure, comfortable fit with breathtaking visual impact, making it an extraordinary treasure for life's most cherished milestones.",0.95ct Fancy Pink VS Diamond 18k Ring,in stock,new,49634.58 HKD,https://colourdiam.com/productdetail/8265,https://www.colourdiam.com/Product/Jewellery/8265/white45/center.jpg,ColourDiam,Apparel & Accessories > Jewelry,,1,,,,unisex,,,adult,,,,,,,,,AGL,Fine Jewelry
8266,"Imbued with the radiance of morning sunlight, these exquisite rings are a masterclass in fine jewelry craftsmanship. Handcrafted in 18k, the design centers around a GIA-certified  carat Natural Diamond diamond (). The center stones are masterfully elevated by a halo of 275 shimmering white diamonds (0.678 Ct), creating an illusion of seamless, infinite brilliance. Weighing a total of 6.430 grams, this statement piece offers a secure, comfortable fit with breathtaking visual impact, making it an extraordinary treasure for life's most cherished milestones.",0.28ct Fancy Yellow Diamond 18k Gold Bracelet,in stock,new,10829.36 HKD,,https://www.colourdiam.com/Product/Jewellery/8266/white45/center.jpg,ColourDiam,Apparel & Accessories > Jewelry,,1,,,,unisex,,,adult,,,,,,,,,AGL,Fine Jewelry
8273,"Imbued with the radiance of morning sunlight, these exquisite bracelets are a masterclass in fine jewelry craftsmanship. Handcrafted in 18k, the design centers around a GIA-certified  carat Natural Diamond diamond (). The center stones are masterfully elevated by a halo of 16 shimmering white diamonds (0.142 Ct), creating an illusion of seamless, infinite brilliance. Weighing a total of 2.30 grams, this statement piece offers a secure, comfortable fit with breathtaking visual impact, making it an extraordinary treasure for life's most cherished milestones.",0.14ct Fancy Blue VS Diamond 18k Gold Bracelet,in stock,new,10829.36 HKD,,https://www.colourdiam.com/Product/Jewellery/8273/white45/center.jpg,ColourDiam,Apparel & Accessories > Jewelry,,1,,,,unisex,,,adult,,,,,,,,,AGL,Fine Jewelry
8269,"Imbued with the radiance of morning sunlight, these exquisite bracelets are a masterclass in fine jewelry craftsmanship. Handcrafted in 18k, the design centers around a GIA-certified  carat Natural Diamond diamond (). The center stones are masterfully elevated by a halo of 16 shimmering white diamonds (0.135 Ct), creating an illusion of seamless, infinite brilliance. Weighing a total of 2.11 grams, this statement piece offers a secure, comfortable fit with breathtaking visual impact, making it an extraordinary treasure for life's most cherished milestones.",0.22ct Fancy Pink & White Diamond 18k Bracelet,in stock,new,10829.36 HKD,,https://www.colourdiam.com/Product/Jewellery/8269/white45/center.jpg,ColourDiam,Apparel & Accessories > Jewelry,,1,,,,unisex,,,adult,,,,,,,,,AGL,Fine Jewelry
8270,"Imbued with the radiance of morning sunlight, these exquisite bracelets are a masterclass in fine jewelry craftsmanship. Handcrafted in 18k, the design centers around a GIA-certified  carat Natural Diamond diamond (). The center stones are masterfully elevated by a halo of 16 shimmering white diamonds (0.132 Ct), creating an illusion of seamless, infinite brilliance. Weighing a total of 2.11 grams, this statement piece offers a secure, comfortable fit with breathtaking visual impact, making it an extraordinary treasure for life's most cherished milestones.",0.12ct Fancy Blue Diamond 18k Pendant,in stock,new,7219.58 HKD,,https://www.colourdiam.com/Product/Jewellery/8270/white45/center.jpg,ColourDiam,Apparel & Accessories > Jewelry,,1,,,,unisex,,,adult,,,,,,,,,AGL,Fine Jewelry
8272,"Imbued with the radiance of morning sunlight, these exquisite pendants are a masterclass in fine jewelry craftsmanship. Handcrafted in 18k, the design centers around a GIA-certified  carat Natural Diamond diamond (). The center stones are masterfully elevated by a halo of 30 shimmering white diamonds (0.21 Ct), creating an illusion of seamless, infinite brilliance. Weighing a total of 0.87 grams, this statement piece offers a secure, comfortable fit with breathtaking visual impact, making it an extraordinary treasure for life's most cherished milestones.",0.27ct Fancy Blue & White Diamond 18k Gold Bracelet,in stock,new,10829.36 HKD,https://colourdiam.com/productdetail/8272,https://www.colourdiam.com/Product/Jewellery/8272/white45/center.jpg,ColourDiam,Apparel & Accessories > Jewelry,,1,,,,unisex,,,adult,,,,,,,,,AGL,Fine Jewelry
8276,"Imbued with the radiance of morning sunlight, these exquisite bracelets are a masterclass in fine jewelry craftsmanship. Handcrafted in 18k, the design centers around a GIA-certified  carat Natural Diamond diamond (). The center stones are masterfully elevated by a halo of 16 shimmering white diamonds (0.132 Ct), creating an illusion of seamless, infinite brilliance. Weighing a total of 2.18 grams, this statement piece offers a secure, comfortable fit with breathtaking visual impact, making it an extraordinary treasure for life's most cherished milestones.",0.50ct Fancy Pink and White Diamond 18k Ring,in stock,new,22561.17 HKD,,https://www.colourdiam.com/Product/Jewellery/8276/white45/center.jpg,ColourDiam,Apparel & Accessories > Jewelry,,1,,,,unisex,,,adult,,,,,,,,,,Fine Jewelry
8277,"Imbued with the radiance of morning sunlight, these exquisite rings are a masterclass in fine jewelry craftsmanship. Handcrafted in 18k, the design centers around a GIA-certified  carat Natural Diamond diamond (). Weighing a total of 2.50 grams, this statement piece offers a secure, comfortable fit with breathtaking visual impact, making it an extraordinary treasure for life's most cherished milestones.",0.20ct Fancy Pink Diamond 18k Pendant Set,in stock,new,0 HKD,,https://www.colourdiam.com/Product/Jewellery/8277/white45/center.jpg,ColourDiam,Apparel & Accessories > Jewelry,,1,,,,unisex,,,adult,,,,,,,,,,Fine Jewelry
8278,"Imbued with the radiance of morning sunlight, these exquisite pendants are a masterclass in fine jewelry craftsmanship. Handcrafted in 18k, the design centers around a GIA-certified  carat Natural Diamond diamond (). Weighing a total of 2.80 grams, this statement piece offers a secure, comfortable fit with breathtaking visual impact, making it an extraordinary treasure for life's most cherished milestones.",0.80ct Fancy Pink & White Diamond 18k Earrings,in stock,new,0 HKD,,https://www.colourdiam.com/Product/Jewellery/8278/white45/center.jpg,ColourDiam,Apparel & Accessories > Jewelry,,1,,,,unisex,,,adult,,,,,,,,,,Fine Jewelry
8580,"Imbued with the radiance of morning sunlight, these exquisite earrings are a masterclass in fine jewelry craftsmanship. Handcrafted in 18k, the design centers around a GIA-certified  carat Natural Diamond diamond (). Weighing a total of 2.40 grams, this statement piece offers a secure, comfortable fit with breathtaking visual impact, making it an extraordinary treasure for life's most cherished milestones.",2.30ct Fancy Greenish Yellow GIA Convertible Ring,in stock,new,162440.46 HKD,https://colourdiam.com/productdetail/8580,https://www.colourdiam.com/Product/Jewellery/8580/white45/center.jpg,ColourDiam,Apparel & Accessories > Jewelry,,1,,,,unisex,,,adult,,,,,,,,,GIA,Fine Jewelry
7441,"Imbued with the radiance of morning sunlight, these exquisite rings are a masterclass in fine jewelry craftsmanship. Handcrafted in 18k, the design centers around a GIA-certified 2.30 carat Natural Diamond diamond (). The center stones are masterfully elevated by a halo of 47 shimmering white diamonds (0.62 Ct) and 14 shimmering pear diamonds (1.40 Ct), creating an illusion of seamless, infinite brilliance. Weighing a total of 11.577 grams, this statement piece offers a secure, comfortable fit with breathtaking visual impact, making it an extraordinary treasure for life's most cherished milestones.",18k Gold Baguette Diamond Earrings,in stock,new,3384.18 HKD,https://colourdiam.com/productdetail/7441,https://www.colourdiam.com/Product/Jewellery/7441/white45/center.jpg,ColourDiam,Apparel & Accessories > Jewelry,,1,,,,unisex,,,adult,,,,,,,,,,Fine Jewelry
7504,"Imbued with the radiance of morning sunlight, these exquisite earrings are a masterclass in fine jewelry craftsmanship. Handcrafted in 18k, the design centers around a GIA-certified  carat Natural Diamond diamond (). The center stones are masterfully elevated by a halo of 12 shimmering white diamonds (0.08 Ct), creating an illusion of seamless, infinite brilliance. Weighing a total of 2.76 grams, this statement piece offers a secure, comfortable fit with breathtaking visual impact, making it an extraordinary treasure for life's most cherished milestones.",7.38ct Multi Coloured Sapphire 925 Silver Tennis Bracelet,in stock,new,5414.68 HKD,https://colourdiam.com/productdetail/7504,https://www.colourdiam.com/Product/Jewellery/7504/white45/center.jpg,ColourDiam,Apparel & Accessories > Jewelry,,1,,,,unisex,,,adult,,,,,,,,,,Fine Jewelry
7502,"Imbued with the radiance of morning sunlight, these exquisite bracelets are a masterclass in fine jewelry craftsmanship. Handcrafted in Precious Metal, the design centers around a GIA-certified  carat Natural Diamond diamond (). Weighing a total of 11.73 grams, this statement piece offers a secure, comfortable fit with breathtaking visual impact, making it an extraordinary treasure for life's most cherished milestones.",Multicolor Sapphire Tennis Bracelet in 925 Silver,in stock,new,5865.91 HKD,https://colourdiam.com/productdetail/7502,https://www.colourdiam.com/Product/Jewellery/7502/white45/center.jpg,ColourDiam,Apparel & Accessories > Jewelry,,1,,,,unisex,,,adult,,,,,,,,,,Fine Jewelry
7503,"Imbued with the radiance of morning sunlight, these exquisite bracelets are a masterclass in fine jewelry craftsmanship. Handcrafted in Precious Metal, the design centers around a GIA-certified  carat Natural Diamond diamond (). Weighing a total of 12.99 grams, this statement piece offers a secure, comfortable fit with breathtaking visual impact, making it an extraordinary treasure for life's most cherished milestones.",11.18ct Multi-Coloured Sapphire 9k Gold Tennis Bracelet,in stock,new,20305.06 HKD,https://colourdiam.com/productdetail/7503,https://www.colourdiam.com/Product/Jewellery/7503/white45/center.jpg,ColourDiam,Apparel & Accessories > Jewelry,,1,,,,unisex,,,adult,,,,,,,,,,Fine Jewelry
2593,"Imbued with the radiance of morning sunlight, these exquisite bracelets are a masterclass in fine jewelry craftsmanship. Handcrafted in 9k, the design centers around a GIA-certified  carat Natural Diamond diamond (). Weighing a total of 12.74 grams, this statement piece offers a secure, comfortable fit with breathtaking visual impact, making it an extraordinary treasure for life's most cherished milestones.",1.01ct Fancy Deep Yellow GIA 18k Diamond Ring,in stock,new,58659.05 HKD,https://colourdiam.com/productdetail/2593,https://www.colourdiam.com/Product/Jewellery/2593/white45/center.jpg,ColourDiam,Apparel & Accessories > Jewelry,,1,,,,unisex,,,adult,,,,,,,,,GIA,Fine Jewelry
7514,"Imbued with the radiance of morning sunlight, these exquisite rings are a masterclass in fine jewelry craftsmanship. Handcrafted in 18k, the design centers around a GIA-certified  carat Natural Diamond diamond (). The center stones are masterfully elevated by a halo of 32 shimmering white diamonds (0.18 Ct), creating an illusion of seamless, infinite brilliance. Weighing a total of 3.23 grams, this statement piece offers a secure, comfortable fit with breathtaking visual impact, making it an extraordinary treasure for life's most cherished milestones.",0.88ct Sapphire and Diamond 18k Ring,in stock,new,4963.46 HKD,https://colourdiam.com/productdetail/7514,https://www.colourdiam.com/Product/Jewellery/7514/white45/center.jpg,ColourDiam,Apparel & Accessories > Jewelry,,1,,,,unisex,,,adult,,,,,,,,,,Fine Jewelry
7451,"Imbued with the radiance of morning sunlight, these exquisite rings are a masterclass in fine jewelry craftsmanship. Handcrafted in 18k, the design centers around a GIA-certified  carat Natural Diamond diamond (). The center stones are masterfully elevated by a halo of 18 shimmering white diamonds (0.15 Ct), creating an illusion of seamless, infinite brilliance. Weighing a total of 2.79 grams, this statement piece offers a secure, comfortable fit with breathtaking visual impact, making it an extraordinary treasure for life's most cherished milestones.",0.38ct Diamond 18k White Gold Ring,in stock,new,4151.26 HKD,https://colourdiam.com/productdetail/7451,https://www.colourdiam.com/Product/Jewellery/7451/white45/center.jpg,ColourDiam,Apparel & Accessories > Jewelry,,1,,,,unisex,,,adult,,,,,,,,,,Fine Jewelry
7431,"Imbued with the radiance of morning sunlight, these exquisite rings are a masterclass in fine jewelry craftsmanship. Handcrafted in 18k, the design centers around a GIA-certified  carat Natural Diamond diamond (). The center stones are masterfully elevated by a halo of 21 shimmering white diamonds (0.38 Ct), creating an illusion of seamless, infinite brilliance. Weighing a total of 2.14 grams, this statement piece offers a secure, comfortable fit with breathtaking visual impact, making it an extraordinary treasure for life's most cherished milestones.",0.87ct Diamond 18k White Gold Ring,in stock,new,13085.48 HKD,,https://www.colourdiam.com/Product/Jewellery/7431/white45/center.jpg,ColourDiam,Apparel & Accessories > Jewelry,,1,,,,unisex,,,adult,,,,,,,,,,Fine Jewelry
7510,"Imbued with the radiance of morning sunlight, these exquisite rings are a masterclass in fine jewelry craftsmanship. Handcrafted in Precious Metal, the design centers around a GIA-certified 0.33 carat Natural Diamond diamond (). Weighing a total of 3.45 grams, this statement piece offers a secure, comfortable fit with breathtaking visual impact, making it an extraordinary treasure for life's most cherished milestones.",1.22ct Sapphire and 0.40ct Diamond 18k Gold Ring,in stock,new,8122.02 HKD,,https://www.colourdiam.com/Product/Jewellery/7510/white45/center.jpg,ColourDiam,Apparel & Accessories > Jewelry,,1,,,,unisex,,,adult,,,,,,,,,,Fine Jewelry
7498,"Imbued with the radiance of morning sunlight, these exquisite rings are a masterclass in fine jewelry craftsmanship. Handcrafted in Precious Metal, the design centers around a GIA-certified 1.22 carat Natural Diamond diamond (). Weighing a total of 3.45 grams, this statement piece offers a secure, comfortable fit with breathtaking visual impact, making it an extraordinary treasure for life's most cherished milestones.",1.25ct VS-VVS F-G 18k White Gold Full Eternity Ring,in stock,new,11280.59 HKD,https://colourdiam.com/productdetail/7498,https://www.colourdiam.com/Product/Jewellery/7498/white45/center.jpg,ColourDiam,Apparel & Accessories > Jewelry,,1,,,,unisex,,,adult,,,,,,,,,,Fine Jewelry
7499,"Imbued with the radiance of morning sunlight, these exquisite rings are a masterclass in fine jewelry craftsmanship. Handcrafted in Precious Metal, the design centers around a GIA-certified 1.25 carat Natural Diamond diamond (). Weighing a total of 2.17 grams, this statement piece offers a secure, comfortable fit with breathtaking visual impact, making it an extraordinary treasure for life's most cherished milestones.",0.44ct F-G VS-SI 18k White Gold Nine Diamond Ring,in stock,new,7219.58 HKD,,https://www.colourdiam.com/Product/Jewellery/7499/white45/center.jpg,ColourDiam,Apparel & Accessories > Jewelry,,1,,,,unisex,F to G,,adult,,,,,,,,,,Fine Jewelry
7501,"Imbued with the radiance of morning sunlight, these exquisite rings are a masterclass in fine jewelry craftsmanship. Handcrafted in 18k, the design centers around a GIA-certified  carat Natural Diamond diamond (). Weighing a total of 2.63 grams, this statement piece offers a secure, comfortable fit with breathtaking visual impact, making it an extraordinary treasure for life's most cherished milestones.",0.59ct Diamond Baguette 18k White Gold Ring,in stock,new,6768.35 HKD,https://colourdiam.com/productdetail/7501,https://www.colourdiam.com/Product/Jewellery/7501/white45/center.jpg,ColourDiam,Apparel & Accessories > Jewelry,,1,,,,unisex,,,adult,,,,,,,,,,Fine Jewelry
7496,"Imbued with the radiance of morning sunlight, these exquisite rings are a masterclass in fine jewelry craftsmanship. Handcrafted in Precious Metal, the design centers around a GIA-certified 0.31 carat Natural Diamond diamond (). Weighing a total of 2.91 grams, this statement piece offers a secure, comfortable fit with breathtaking visual impact, making it an extraordinary treasure for life's most cherished milestones.",18k White Gold 0.38ct Diamond Ring,in stock,new,4015.89 HKD,,https://www.colourdiam.com/Product/Jewellery/7496/white45/center.jpg,ColourDiam,Apparel & Accessories > Jewelry,,1,,,,unisex,F to G,,adult,,,,,,,,,,Fine Jewelry
7500,"Imbued with the radiance of morning sunlight, these exquisite rings are a masterclass in fine jewelry craftsmanship. Handcrafted in Precious Metal, the design centers around a GIA-certified 0.38 carat Natural Diamond diamond (). Weighing a total of 3.13 grams, this statement piece offers a secure, comfortable fit with breathtaking visual impact, making it an extraordinary treasure for life's most cherished milestones.",0.47ct 18k White Gold Half Eternity Diamond Ring,in stock,new,4963.46 HKD,,https://www.colourdiam.com/Product/Jewellery/7500/white45/center.jpg,ColourDiam,Apparel & Accessories > Jewelry,,1,,,,unisex,,,adult,,,,,,,,,,Fine Jewelry
3576_3578_3879_3577_3580,"Imbued with the radiance of morning sunlight, these exquisite rings are a masterclass in fine jewelry craftsmanship. Handcrafted in Precious Metal, the design centers around a GIA-certified 0.47 carat Natural Diamond diamond (). Weighing a total of 3.12 grams, this statement piece offers a secure, comfortable fit with breathtaking visual impact, making it an extraordinary treasure for life's most cherished milestones.",0.98ct IGI Certified 18k White Gold 5-Stone Diamond Ring,in stock,new,18048.94 HKD,https://colourdiam.com/productdetail/Menu/3576/3578/3879/3577/3580,https://www.colourdiam.com/Product/Jewellery/3576_3578_3879_3577_3580/white45/center.jpg,ColourDiam,Apparel & Accessories > Jewelry,,1,,,,unisex,,,adult,,,,,,,,,IGI,Fine Jewelry
7523,"Imbued with the radiance of morning sunlight, these exquisite rings are a masterclass in fine jewelry craftsmanship. Handcrafted in Precious Metal, the design centers around a GIA-certified 0.98 carat Natural Diamond diamond (). Weighing a total of 4.07 grams, this statement piece offers a secure, comfortable fit with breathtaking visual impact, making it an extraordinary treasure for life's most cherished milestones.",0.46ct F-G VS-SI 18k White Gold Diamond Eternity Ring,in stock,new,6768.35 HKD,https://colourdiam.com/productdetail/7523,https://www.colourdiam.com/Product/Jewellery/7523/white45/center.jpg,ColourDiam,Apparel & Accessories > Jewelry,,1,,,,unisex,F to G,,adult,,,,,,,,,,Fine Jewelry
7495,"Imbued with the radiance of morning sunlight, these exquisite rings are a masterclass in fine jewelry craftsmanship. Handcrafted in Precious Metal, the design centers around a GIA-certified  carat Natural Diamond diamond (). Weighing a total of 2.23 grams, this statement piece offers a secure, comfortable fit with breathtaking visual impact, making it an extraordinary treasure for life's most cherished milestones.",0.40ct F-G VS-SI 18k White Gold Full Diamond Ring,in stock,new,4061.01 HKD,https://colourdiam.com/productdetail/7495,https://www.colourdiam.com/Product/Jewellery/7495/white45/center.jpg,ColourDiam,Apparel & Accessories > Jewelry,,1,,,,unisex,F to G,,adult,,,,,,,,,,Fine Jewelry
7493,"Imbued with the radiance of morning sunlight, these exquisite rings are a masterclass in fine jewelry craftsmanship. Handcrafted in Precious Metal, the design centers around a GIA-certified 0.40 carat Natural Diamond diamond (). Weighing a total of 3.13 grams, this statement piece offers a secure, comfortable fit with breathtaking visual impact, making it an extraordinary treasure for life's most cherished milestones.",0.41ct F-G VS-SI 18k White Gold Five Diamond Ring,in stock,new,6768.35 HKD,https://colourdiam.com/productdetail/7493,https://www.colourdiam.com/Product/Jewellery/7493/white45/center.jpg,ColourDiam,Apparel & Accessories > Jewelry,,1,,,,unisex,F to G,,adult,,,,,,,,,,Fine Jewelry
7521,"Imbued with the radiance of morning sunlight, these exquisite rings are a masterclass in fine jewelry craftsmanship. Handcrafted in Precious Metal, the design centers around a GIA-certified  carat Natural Diamond diamond (). Weighing a total of 3.57 grams, this statement piece offers a secure, comfortable fit with breathtaking visual impact, making it an extraordinary treasure for life's most cherished milestones.",0.25ct VS-VVS D-F 18k White Gold 5-Stone Diamond Ring,in stock,new,7761.04 HKD,,https://www.colourdiam.com/Product/Jewellery/7521/white45/center.jpg,ColourDiam,Apparel & Accessories > Jewelry,,1,,,,unisex,D to F,,adult,,,,,,,,,,Fine Jewelry
7520,"Imbued with the radiance of morning sunlight, these exquisite rings are a masterclass in fine jewelry craftsmanship. Handcrafted in Precious Metal, the design centers around a GIA-certified  carat Natural Diamond diamond (). Weighing a total of 3.03 grams, this statement piece offers a secure, comfortable fit with breathtaking visual impact, making it an extraordinary treasure for life's most cherished milestones.",0.36ct D-F VS-VVS 18k White Gold 5-Diamond Ring,in stock,new,6768.35 HKD,https://colourdiam.com/productdetail/7520,https://www.colourdiam.com/Product/Jewellery/7520/white45/center.jpg,ColourDiam,Apparel & Accessories > Jewelry,,1,,,,unisex,,,adult,,,,,,,,,,Fine Jewelry
7497,"Imbued with the radiance of morning sunlight, these exquisite rings are a masterclass in fine jewelry craftsmanship. Handcrafted in Precious Metal, the design centers around a GIA-certified 0.36 carat Natural Diamond diamond (). Weighing a total of 4.10 grams, this statement piece offers a secure, comfortable fit with breathtaking visual impact, making it an extraordinary treasure for life's most cherished milestones.",18K White Gold Diamond Ring,in stock,new,8573.25 HKD,https://colourdiam.com/productdetail/7497,https://www.colourdiam.com/Product/Jewellery/7497/white45/center.jpg,ColourDiam,Apparel & Accessories > Jewelry,,1,,,,unisex,,,adult,,,,,,,,,,Fine Jewelry
7439,"Imbued with the radiance of morning sunlight, these exquisite rings are a masterclass in fine jewelry craftsmanship. Handcrafted in Precious Metal, the design centers around a GIA-certified  carat Natural Diamond diamond (). Weighing a total of 4.49 grams, this statement piece offers a secure, comfortable fit with breathtaking visual impact, making it an extraordinary treasure for life's most cherished milestones.",0.88ct Sapphire & Diamond 18k Gold Ring - 1,in stock,new,5414.68 HKD,https://colourdiam.com/productdetail/7439,https://www.colourdiam.com/Product/Jewellery/7439/white45/center.jpg,ColourDiam,Apparel & Accessories > Jewelry,,1,,,,unisex,,,adult,,,,,,,,,,Fine Jewelry
7494,"Imbued with the radiance of morning sunlight, these exquisite rings are a masterclass in fine jewelry craftsmanship. Handcrafted in Precious Metal, the design centers around a GIA-certified 0.88 carat Natural Diamond diamond (). Weighing a total of 2.71 grams, this statement piece offers a secure, comfortable fit with breathtaking visual impact, making it an extraordinary treasure for life's most cherished milestones.",1.19ct Sapphire & 0.135ct Diamond 18k Ring,in stock,new,5865.91 HKD,,https://www.colourdiam.com/Product/Jewellery/7494/white45/center.jpg,ColourDiam,Apparel & Accessories > Jewelry,,1,,,,unisex,,,adult,,,,,,,,,,Fine Jewelry
7438,"Imbued with the radiance of morning sunlight, these exquisite rings are a masterclass in fine jewelry craftsmanship. Handcrafted in Precious Metal, the design centers around a GIA-certified 1.19 carat Natural Diamond diamond (). Weighing a total of 2.67 grams, this statement piece offers a secure, comfortable fit with breathtaking visual impact, making it an extraordinary treasure for life's most cherished milestones.",0.88ct Sapphire & Diamond 18k Gold Ring,in stock,new,5414.68 HKD,https://colourdiam.com/productdetail/7438,https://www.colourdiam.com/Product/Jewellery/7438/white45/center.jpg,ColourDiam,Apparel & Accessories > Jewelry,,1,,,,unisex,,,adult,,,,,,,,,,Fine Jewelry
7434,"Imbued with the radiance of morning sunlight, these exquisite rings are a masterclass in fine jewelry craftsmanship. Handcrafted in Precious Metal, the design centers around a GIA-certified 0.88 carat Natural Diamond diamond (). Weighing a total of 2.79 grams, this statement piece offers a secure, comfortable fit with breathtaking visual impact, making it an extraordinary treasure for life's most cherished milestones.",1.98ct Diamond 18K Gold Bracelet,in stock,new,19402.61 HKD,,https://www.colourdiam.com/Product/Jewellery/7434/white45/center.jpg,ColourDiam,Apparel & Accessories > Jewelry,,1,,,,unisex,,,adult,,,,,,,,,,Fine Jewelry
7285,"Imbued with the radiance of morning sunlight, these exquisite bracelets are a masterclass in fine jewelry craftsmanship. Handcrafted in 18K, the design centers around a GIA-certified  carat Natural Diamond diamond (). Weighing a total of 7.13 grams, this statement piece offers a secure, comfortable fit with breathtaking visual impact, making it an extraordinary treasure for life's most cherished milestones.",2.09ct Diamond 18K Gold Bracelet,in stock,new,36097.88 HKD,https://colourdiam.com/productdetail/7285,https://www.colourdiam.com/Product/Jewellery/7285/white45/center.jpg,ColourDiam,Apparel & Accessories > Jewelry,,1,,,,unisex,,,adult,,,,,,,,,,Fine Jewelry
8612,"Imbued with the radiance of morning sunlight, these exquisite bracelets are a masterclass in fine jewelry craftsmanship. Handcrafted in 18K, the design centers around a GIA-certified  carat Natural Diamond diamond (). Weighing a total of 10.448 grams, this statement piece offers a secure, comfortable fit with breathtaking visual impact, making it an extraordinary treasure for life's most cherished milestones.",9K Gold Multi-Coloured Sapphire Tennis Bracelet,in stock,new,20305.06 HKD,https://colourdiam.com/productdetail/8612,https://www.colourdiam.com/Product/Jewellery/8612/white45/center.jpg,ColourDiam,Apparel & Accessories > Jewelry,,1,,,,unisex,,,adult,,,,,,,,,,Fine Jewelry
6110,"Imbued with the radiance of morning sunlight, these exquisite bracelets are a masterclass in fine jewelry craftsmanship. Handcrafted in 9K, the design centers around a GIA-certified  carat Natural Diamond diamond (). Weighing a total of 18.65 grams, this statement piece offers a secure, comfortable fit with breathtaking visual impact, making it an extraordinary treasure for life's most cherished milestones.",1.00ct Faint Pinkish Brown GIA Diamond Ring in 18k,in stock,new,162440.46 HKD,https://colourdiam.com/productdetail/6110,https://www.colourdiam.com/Product/Jewellery/6110/white45/center.jpg,ColourDiam,Apparel & Accessories > Jewelry,,1,,,,unisex,,,adult,,,,,,,,,GIA,Fine Jewelry
8473,"Imbued with the radiance of morning sunlight, these exquisite rings are a masterclass in fine jewelry craftsmanship. Handcrafted in 18k, the design centers around a GIA-certified  carat Natural Diamond diamond (). The center stones are masterfully elevated by a halo of 47 shimmering white diamonds (0.34 Ct), creating an illusion of seamless, infinite brilliance. Weighing a total of 5.968 grams, this statement piece offers a secure, comfortable fit with breathtaking visual impact, making it an extraordinary treasure for life's most cherished milestones.",0.16ct Yellow Gold Diamond Bracelet,in stock,new,6091.52 HKD,https://colourdiam.com/productdetail/8473,https://www.colourdiam.com/Product/Jewellery/8473/white45/center.jpg,ColourDiam,Apparel & Accessories > Jewelry,,1,,,,unisex,,,adult,,,,,,,,,,Fine Jewelry
8474,"Imbued with the radiance of morning sunlight, these exquisite bracelets are a masterclass in fine jewelry craftsmanship. Handcrafted in 9K, the design centers around a GIA-certified  carat Natural Diamond diamond (). Weighing a total of 5.040 grams, this statement piece offers a secure, comfortable fit with breathtaking visual impact, making it an extraordinary treasure for life's most cherished milestones.",0.17ct Yellow Gold Diamond Bracelet,in stock,new,6091.52 HKD,https://colourdiam.com/productdetail/8474,https://www.colourdiam.com/Product/Jewellery/8474/white45/center.jpg,ColourDiam,Apparel & Accessories > Jewelry,,1,,,,unisex,,,adult,,,,,,,,,,Fine Jewelry
8477,"Imbued with the radiance of morning sunlight, these exquisite bracelets are a masterclass in fine jewelry craftsmanship. Handcrafted in 9K, the design centers around a GIA-certified  carat Natural Diamond diamond (). Weighing a total of 5.480 grams, this statement piece offers a secure, comfortable fit with breathtaking visual impact, making it an extraordinary treasure for life's most cherished milestones.",0.16ct Diamond 9K Yellow Gold Tennis Bracelet,in stock,new,6091.52 HKD,https://colourdiam.com/productdetail/8477,https://www.colourdiam.com/Product/Jewellery/8477/white45/center.jpg,ColourDiam,Apparel & Accessories > Jewelry,,1,,,,unisex,,,adult,,,,,,,,,,Fine Jewelry
8480,"Imbued with the radiance of morning sunlight, these exquisite bracelets are a masterclass in fine jewelry craftsmanship. Handcrafted in 9K, the design centers around a GIA-certified  carat Natural Diamond diamond (). Weighing a total of 5.460 grams, this statement piece offers a secure, comfortable fit with breathtaking visual impact, making it an extraordinary treasure for life's most cherished milestones.",0.16ct Diamond Yellow Gold Bracelet,in stock,new,6091.52 HKD,,https://www.colourdiam.com/Product/Jewellery/8480/white45/center.jpg,ColourDiam,Apparel & Accessories > Jewelry,,1,,,,unisex,,,adult,,,,,,,,,,Fine Jewelry
7284,"Imbued with the radiance of morning sunlight, these exquisite bracelets are a masterclass in fine jewelry craftsmanship. Handcrafted in 9K, the design centers around a GIA-certified  carat Natural Diamond diamond (). Weighing a total of 5.180 grams, this statement piece offers a secure, comfortable fit with breathtaking visual impact, making it an extraordinary treasure for life's most cherished milestones.",Multicolor Sapphire 925 Silver Tennis Bracelet,in stock,new,3970.77 HKD,,https://www.colourdiam.com/Product/Jewellery/7284/white45/center.jpg,ColourDiam,Apparel & Accessories > Jewelry,,1,,,,unisex,,,adult,,,,,,,,,,Fine Jewelry
3510_3507_3508_3509,"Imbued with the radiance of morning sunlight, these exquisite bracelets are a masterclass in fine jewelry craftsmanship. Handcrafted in Precious Metal, the design centers around a GIA-certified  carat Natural Diamond diamond (). Weighing a total of 12.03 grams, this statement piece offers a secure, comfortable fit with breathtaking visual impact, making it an extraordinary treasure for life's most cherished milestones.",1.21ct D-F SI 18k White Gold Diamond Ring,in stock,new,13536.7 HKD,https://colourdiam.com/productdetail/Menu/3510/3507/3508/3509,https://www.colourdiam.com/Product/Jewellery/3510_3507_3508_3509/white45/center.jpg,ColourDiam,Apparel & Accessories > Jewelry,,1,,,,unisex,,,adult,,,,,,,,,,Fine Jewelry
7581,"Imbued with the radiance of morning sunlight, these exquisite rings are a masterclass in fine jewelry craftsmanship. Handcrafted in 18k, the design centers around a GIA-certified  carat Natural Diamond diamond (). Weighing a total of 4.07 grams, this statement piece offers a secure, comfortable fit with breathtaking visual impact, making it an extraordinary treasure for life's most cherished milestones.",2.03ct Fancy Pinkish Brown GIA Diamond Ring in 18k Gold,in stock,new,315856.44 HKD,https://colourdiam.com/productdetail/7581,https://www.colourdiam.com/Product/Jewellery/7581/white45/center.jpg,ColourDiam,Apparel & Accessories > Jewelry,,1,,,,unisex,,,adult,,,,,,,,,GIA,Fine Jewelry
7573_7575_6515,"Imbued with the radiance of morning sunlight, these exquisite rings are a masterclass in fine jewelry craftsmanship. Handcrafted in Precious Metal, the design centers around a GIA-certified  carat Natural Diamond diamond (). The center stones are masterfully elevated by a halo of 66 shimmering white diamonds (0.504 Ct) and 10 shimmering pear diamonds (1.0 Ct), creating an illusion of seamless, infinite brilliance. Weighing a total of 8.01 grams, this statement piece offers a secure, comfortable fit with breathtaking visual impact, making it an extraordinary treasure for life's most cherished milestones.",2.00ct Fancy Blue VS Diamond 18k Earrings,in stock,new,135367.05 HKD,https://colourdiam.com/productdetail/Menu/7573/7575/6515,https://www.colourdiam.com/Product/Jewellery/7573_7575_6515/white45/center.jpg,ColourDiam,Apparel & Accessories > Jewelry,,1,,,,unisex,,,adult,,,,,,,,,AGL,Fine Jewelry
7565,"Imbued with the radiance of morning sunlight, these exquisite earrings are a masterclass in fine jewelry craftsmanship. Handcrafted in Precious Metal, the design centers around a GIA-certified  carat Natural Diamond diamond (). The center stones are masterfully elevated by a halo of 28 shimmering white diamonds (0.244 Ct), creating an illusion of seamless, infinite brilliance.",1.73ct Fancy Pink VS 18K Gold Diamond Ring,in stock,new,90244.7 HKD,https://colourdiam.com/productdetail/7565,https://www.colourdiam.com/Product/Jewellery/7565/white45/center.jpg,ColourDiam,Apparel & Accessories > Jewelry,,1,,,,unisex,,,adult,,,,,,,,,AGL,Fine Jewelry
8409,"Imbued with the radiance of morning sunlight, these exquisite rings are a masterclass in fine jewelry craftsmanship. Handcrafted in 18K, the design centers around a GIA-certified  carat Natural Diamond diamond (). The center stones are masterfully elevated by a halo of 24 shimmering white diamonds (0.22 Ct) and 10 shimmering pear diamonds (1.94 Ct), creating an illusion of seamless, infinite brilliance. Weighing a total of 6.098 grams, this statement piece offers a secure, comfortable fit with breathtaking visual impact, making it an extraordinary treasure for life's most cherished milestones.",2.01ct Light Pink VVS2 GIA 18k Rose Gold Necklace,in stock,new,225611.74 HKD,https://colourdiam.com/productdetail/8409,https://www.colourdiam.com/Product/Jewellery/8409/white45/center.jpg,ColourDiam,Apparel & Accessories > Jewelry,,1,,,,unisex,,,adult,,,,,,,,,GIA,Fine Jewelry
8417,"Imbued with the radiance of morning sunlight, these exquisite necklaces are a masterclass in fine jewelry craftsmanship. Handcrafted in 18K, the design centers around a GIA-certified  carat Natural Diamond diamond (). Weighing a total of 17.26 grams, this statement piece offers a secure, comfortable fit with breathtaking visual impact, making it an extraordinary treasure for life's most cherished milestones.",0.46ct Fancy Green AGL 18k Gold Diamond Ring,in stock,new,31585.64 HKD,https://colourdiam.com/productdetail/8417,https://www.colourdiam.com/Product/Jewellery/8417/white45/center.jpg,ColourDiam,Apparel & Accessories > Jewelry,,1,,,,unisex,,,adult,,,,,,,,,AGL,Fine Jewelry
8400,"Imbued with the radiance of morning sunlight, these exquisite rings are a masterclass in fine jewelry craftsmanship. Handcrafted in 18k, the design centers around a GIA-certified  carat Natural Diamond diamond (). The center stones are masterfully elevated by a halo of 64 shimmering white diamonds (0.48 Ct), creating an illusion of seamless, infinite brilliance. Weighing a total of 4.05 grams, this statement piece offers a secure, comfortable fit with breathtaking visual impact, making it an extraordinary treasure for life's most cherished milestones.",31.60ct Semi-Precious Stone 18k Gold Diamond Ring,in stock,new,19853.83 HKD,,https://www.colourdiam.com/Product/Jewellery/8400/white45/center.jpg,ColourDiam,Apparel & Accessories > Jewelry,,1,,,,unisex,,,adult,,,,,,,,,,Fine Jewelry
8401,"Imbued with the radiance of morning sunlight, these exquisite rings are a masterclass in fine jewelry craftsmanship. Handcrafted in 18K, the design centers around a GIA-certified  carat Natural Diamond diamond (). Weighing a total of 17.290 grams, this statement piece offers a secure, comfortable fit with breathtaking visual impact, making it an extraordinary treasure for life's most cherished milestones.",0.70ct Blue Sapphire & Diamond 18K Gold Ring,in stock,new,18951.39 HKD,,https://www.colourdiam.com/Product/Jewellery/8401/white45/center.jpg,ColourDiam,Apparel & Accessories > Jewelry,,1,,,,unisex,,,adult,,,,,,,,,,Fine Jewelry
8402,"Imbued with the radiance of morning sunlight, these exquisite rings are a masterclass in fine jewelry craftsmanship. Handcrafted in 18K, the design centers around a GIA-certified  carat Natural Diamond diamond (). The center stones are masterfully elevated by a halo of 105 shimmering white diamonds (1.08 Ct), creating an illusion of seamless, infinite brilliance. Weighing a total of 8.100 grams, this statement piece offers a secure, comfortable fit with breathtaking visual impact, making it an extraordinary treasure for life's most cherished milestones.",0.38ct Diamond and Ruby 18K Gold Ring,in stock,new,6768.35 HKD,,https://www.colourdiam.com/Product/Jewellery/8402/white45/center.jpg,ColourDiam,Apparel & Accessories > Jewelry,,1,,,,unisex,,,adult,,,,,,,,,,Fine Jewelry
8404,"Imbued with the radiance of morning sunlight, these exquisite rings are a masterclass in fine jewelry craftsmanship. Handcrafted in 18K, the design centers around a GIA-certified  carat Natural Diamond diamond (). The center stones are masterfully elevated by a halo of 97 shimmering white diamonds (0.38 Ct), creating an illusion of seamless, infinite brilliance. Weighing a total of 2.870 grams, this statement piece offers a secure, comfortable fit with breathtaking visual impact, making it an extraordinary treasure for life's most cherished milestones.",0.38ct Diamond and Sapphire 18K Gold Ring,in stock,new,6317.13 HKD,,https://www.colourdiam.com/Product/Jewellery/8404/white45/center.jpg,ColourDiam,Apparel & Accessories > Jewelry,,1,,,,unisex,,,adult,,,,,,,,,,Fine Jewelry
8424,"Imbued with the radiance of morning sunlight, these exquisite rings are a masterclass in fine jewelry craftsmanship. Handcrafted in 18K, the design centers around a GIA-certified  carat Natural Diamond diamond (). The center stones are masterfully elevated by a halo of 97 shimmering white diamonds (0.38 Ct), creating an illusion of seamless, infinite brilliance. Weighing a total of 2.80 grams, this statement piece offers a secure, comfortable fit with breathtaking visual impact, making it an extraordinary treasure for life's most cherished milestones.",0.55ct Pink Diamond 18k Gold Tennis Bracelet,in stock,new,18725.77 HKD,,https://www.colourdiam.com/Product/Jewellery/8424/white45/center.jpg,ColourDiam,Apparel & Accessories > Jewelry,,1,,,,unisex,,,adult,,,,,,,,,AGL,Fine Jewelry
8425,"Imbued with the radiance of morning sunlight, these exquisite creations are a masterclass in fine jewelry craftsmanship. Handcrafted in 18k, the design centers around a GIA-certified  carat Natural Diamond diamond (). Weighing a total of 6.454 grams, this statement piece offers a secure, comfortable fit with breathtaking visual impact, making it an extraordinary treasure for life's most cherished milestones.",18k Multi-Color Diamond Tennis Bracelet,in stock,new,38128.38 HKD,https://colourdiam.com/productdetail/8425,https://www.colourdiam.com/Product/Jewellery/8425/white45/center.jpg,ColourDiam,Apparel & Accessories > Jewelry,,1,,,,unisex,,,adult,,,,,,,,,,Fine Jewelry
7332,"Imbued with the radiance of morning sunlight, these exquisite creations are a masterclass in fine jewelry craftsmanship. Handcrafted in Precious Metal, the design centers around a GIA-certified  carat Natural Diamond diamond (). Weighing a total of 12.671 grams, this statement piece offers a secure, comfortable fit with breathtaking visual impact, making it an extraordinary treasure for life's most cherished milestones.",1.75ct Blue Sapphire 0.55ct WD 18K Gold Ring,in stock,new,19853.83 HKD,,https://www.colourdiam.com/Product/Jewellery/7332/white45/center.jpg,ColourDiam,Apparel & Accessories > Jewelry,,1,,,,unisex,,,adult,,,,,,,,,GII,Fine Jewelry
6102_6021,"Imbued with the radiance of morning sunlight, these exquisite rings are a masterclass in fine jewelry craftsmanship. Handcrafted in 18K, the design centers around a GIA-certified  carat Natural Diamond diamond (). The center stones are masterfully elevated by a halo of 65 shimmering white diamonds (0.55 Ct), creating an illusion of seamless, infinite brilliance. Weighing a total of 4.11 grams, this statement piece offers a secure, comfortable fit with breathtaking visual impact, making it an extraordinary treasure for life's most cherished milestones.",3.01ct U-V VS1 GIA Natural Diamond Ring,in stock,new,108293.64 HKD,https://colourdiam.com/productdetail/Menu/6102/6021,https://www.colourdiam.com/Product/Jewellery/6102_6021/white45/center.jpg,ColourDiam,Apparel & Accessories > Jewelry,,1,,,,unisex,,,adult,,,,,,,,,GIA,Fine Jewelry
8012,"Imbued with the radiance of morning sunlight, these exquisite rings are a masterclass in fine jewelry craftsmanship. Handcrafted in 18k, the design centers around a GIA-certified 3.01 carat U-V diamond (VS1). Weighing a total of 4.184 grams, this statement piece offers a secure, comfortable fit with breathtaking visual impact, making it an extraordinary treasure for life's most cherished milestones.",0.71ct Faint Pinkish Brown GIA 18K Diamond Ring,in stock,new,108293.64 HKD,https://colourdiam.com/productdetail/8012,https://www.colourdiam.com/Product/Jewellery/8012/white45/center.jpg,ColourDiam,Apparel & Accessories > Jewelry,,1,,,,unisex,,,adult,,,,,,,,,GIA,Fine Jewelry
8481,"Imbued with the radiance of morning sunlight, these exquisite rings are a masterclass in fine jewelry craftsmanship. Handcrafted in 18K, the design centers around a GIA-certified  carat Natural Diamond diamond (). The center stones are masterfully elevated by a halo of 58 shimmering white diamonds (0.59 Ct) and 20 shimmering pear diamonds (2.02 Ct), creating an illusion of seamless, infinite brilliance. Weighing a total of 7.67 grams, this statement piece offers a secure, comfortable fit with breathtaking visual impact, making it an extraordinary treasure for life's most cherished milestones.",1.00ct Multicolor Diamond 18k Gold Bracelet,in stock,new,19853.83 HKD,https://colourdiam.com/productdetail/8481,https://www.colourdiam.com/Product/Jewellery/8481/white45/center.jpg,ColourDiam,Apparel & Accessories > Jewelry,,1,,,,unisex,,,adult,,,,,,,,,NON CERTIFIED,Fine Jewelry
8482,"Imbued with the radiance of morning sunlight, these exquisite bracelets are a masterclass in fine jewelry craftsmanship. Handcrafted in Precious Metal, the design centers around a GIA-certified 1.00 carat Natural Diamond diamond (). The center stones are masterfully elevated by a halo of 28 shimmering yellow diamonds (0.14 Ct), creating an illusion of seamless, infinite brilliance. Weighing a total of 6.35 grams, this statement piece offers a secure, comfortable fit with breathtaking visual impact, making it an extraordinary treasure for life's most cherished milestones.",1.00ct Multicolor Diamond 18k Gold Bracelet,in stock,new,19853.83 HKD,https://colourdiam.com/productdetail/8482,https://www.colourdiam.com/Product/Jewellery/8482/white45/center.jpg,ColourDiam,Apparel & Accessories > Jewelry,,1,,,,unisex,,,adult,,,,,,,,,NON CERTIFIED,Fine Jewelry
8483,"Imbued with the radiance of morning sunlight, these exquisite bracelets are a masterclass in fine jewelry craftsmanship. Handcrafted in Precious Metal, the design centers around a GIA-certified 1.00 carat Natural Diamond diamond (). The center stones are masterfully elevated by a halo of 28 shimmering yellow diamonds (0.14 Ct), creating an illusion of seamless, infinite brilliance. Weighing a total of 6.35 grams, this statement piece offers a secure, comfortable fit with breathtaking visual impact, making it an extraordinary treasure for life's most cherished milestones.",1.00ct Multicolor Diamond 18k Gold Bracelet,in stock,new,19853.83 HKD,https://colourdiam.com/productdetail/8483,https://www.colourdiam.com/Product/Jewellery/8483/white45/center.jpg,ColourDiam,Apparel & Accessories > Jewelry,,1,,,,unisex,,,adult,,,,,,,,,NON CERTIFIED,Fine Jewelry
8484,"Imbued with the radiance of morning sunlight, these exquisite bracelets are a masterclass in fine jewelry craftsmanship. Handcrafted in Precious Metal, the design centers around a GIA-certified 1.00 carat Natural Diamond diamond (). The center stones are masterfully elevated by a halo of 28 shimmering yellow diamonds (0.14 Ct), creating an illusion of seamless, infinite brilliance. Weighing a total of 6.35 grams, this statement piece offers a secure, comfortable fit with breathtaking visual impact, making it an extraordinary treasure for life's most cherished milestones.",1.00ct Multicolor Diamond 18k Gold Bracelet,in stock,new,19853.83 HKD,https://colourdiam.com/productdetail/8484,https://www.colourdiam.com/Product/Jewellery/8484/white45/center.jpg,ColourDiam,Apparel & Accessories > Jewelry,,1,,,,unisex,,,adult,,,,,,,,,NON CERTIFIED,Fine Jewelry
8485,"Imbued with the radiance of morning sunlight, these exquisite bracelets are a masterclass in fine jewelry craftsmanship. Handcrafted in Precious Metal, the design centers around a GIA-certified 1.00 carat Natural Diamond diamond (). The center stones are masterfully elevated by a halo of 28 shimmering yellow diamonds (0.14 Ct), creating an illusion of seamless, infinite brilliance. Weighing a total of 6.35 grams, this statement piece offers a secure, comfortable fit with breathtaking visual impact, making it an extraordinary treasure for life's most cherished milestones.",0.16ct Fancy Pink & White Diamond 18k Gold Ring,in stock,new,19853.83 HKD,https://colourdiam.com/productdetail/8485,https://www.colourdiam.com/Product/Jewellery/8485/white45/center.jpg,ColourDiam,Apparel & Accessories > Jewelry,,1,,,,unisex,,,adult,,,,,,,,,,Fine Jewelry
8487,"Imbued with the radiance of morning sunlight, these exquisite rings are a masterclass in fine jewelry craftsmanship. Handcrafted in 18k, the design centers around a GIA-certified  carat Natural Diamond diamond (). Weighing a total of 4.0 grams, this statement piece offers a secure, comfortable fit with breathtaking visual impact, making it an extraordinary treasure for life's most cherished milestones.",0.70ct Fancy Pink & White Diamond 18k Gold Earrings,in stock,new,0 HKD,https://colourdiam.com/productdetail/8487,https://www.colourdiam.com/Product/Jewellery/8487/white45/center.jpg,ColourDiam,Apparel & Accessories > Jewelry,,1,,,,unisex,,,adult,,,,,,,,,,Fine Jewelry
8489,"Imbued with the radiance of morning sunlight, these exquisite earrings are a masterclass in fine jewelry craftsmanship. Handcrafted in 18k, the design centers around a GIA-certified  carat Natural Diamond diamond (). Weighing a total of 3.0 grams, this statement piece offers a secure, comfortable fit with breathtaking visual impact, making it an extraordinary treasure for life's most cherished milestones.",0.16ct Fancy Pink & White Diamond 18k Pendant,in stock,new,0 HKD,https://colourdiam.com/productdetail/8489,https://www.colourdiam.com/Product/Jewellery/8489/white45/center.jpg,ColourDiam,Apparel & Accessories > Jewelry,,1,,,,unisex,,,adult,,,,,,,,,,Fine Jewelry
8486,"Imbued with the radiance of morning sunlight, these exquisite pendants are a masterclass in fine jewelry craftsmanship. Handcrafted in 18k, the design centers around a GIA-certified  carat Natural Diamond diamond (). Weighing a total of 3.9 grams, this statement piece offers a secure, comfortable fit with breathtaking visual impact, making it an extraordinary treasure for life's most cherished milestones.","**Resplendent  Ct Natural Diamond Pendant**

Elevate your fine jewelry collection with these magnificent 18k pendants. Featuring a  Ct Natural Diamond , this heirloom piece radiates warmth and unmatched sophistication.",in stock,new,19853.83 HKD,https://colourdiam.com/productdetail/8486,https://www.colourdiam.com/Product/Jewellery/8486/white45/center.jpg,ColourDiam,Apparel & Accessories > Jewelry,,1,,,,unisex,,,adult,,,,,,,,,,Fine Jewelry
8488,"Imbued with the radiance of morning sunlight, these exquisite rings are a masterclass in fine jewelry craftsmanship. Handcrafted in 18k, the design centers around a GIA-certified  carat Natural Diamond diamond (). Weighing a total of 4.0 grams, this statement piece offers a secure, comfortable fit with breathtaking visual impact, making it an extraordinary treasure for life's most cherished milestones.",0.70ct Fancy Pink & White Diamond 18k Gold Earrings,in stock,new,0 HKD,https://colourdiam.com/productdetail/8488,https://www.colourdiam.com/Product/Jewellery/8488/white45/center.jpg,ColourDiam,Apparel & Accessories > Jewelry,,1,,,,unisex,,,adult,,,,,,,,,,Fine Jewelry
8490,"Imbued with the radiance of morning sunlight, these exquisite earrings are a masterclass in fine jewelry craftsmanship. Handcrafted in 18k, the design centers around a GIA-certified  carat Natural Diamond diamond (). Weighing a total of 3.0 grams, this statement piece offers a secure, comfortable fit with breathtaking visual impact, making it an extraordinary treasure for life's most cherished milestones.","**Dazzling  Ct Natural Diamond Earring**

Elevate your fine jewelry collection with these magnificent 18k earrings. Featuring a  Ct Natural Diamond , this heirloom piece radiates warmth and unmatched sophistication.",in stock,new,0 HKD,https://colourdiam.com/productdetail/8490,https://www.colourdiam.com/Product/Jewellery/8490/white45/center.jpg,ColourDiam,Apparel & Accessories > Jewelry,,1,,,,unisex,,,adult,,,,,,,,,,Fine Jewelry
7179,"Imbued with the radiance of morning sunlight, these exquisite pendants are a masterclass in fine jewelry craftsmanship. Handcrafted in 18k, the design centers around a GIA-certified  carat Natural Diamond diamond (). Weighing a total of 3.9 grams, this statement piece offers a secure, comfortable fit with breathtaking visual impact, making it an extraordinary treasure for life's most cherished milestones.","**Dazzling  Ct Natural Diamond Pendant**

Elevate your fine jewelry collection with these magnificent 18k pendants. Featuring a  Ct Natural Diamond , this heirloom piece radiates warmth and unmatched sophistication.",in stock,new,2256117.44 HKD,,https://www.colourdiam.com/Product/Jewellery/7179/white45/center.jpg,ColourDiam,Apparel & Accessories > Jewelry,,1,,,,unisex,,,adult,,,,,,,,,GIA,Fine Jewelry
8363,"Imbued with the radiance of morning sunlight, these exquisite rings are a masterclass in fine jewelry craftsmanship. Handcrafted in 18K, the design centers around a GIA-certified  carat Natural Diamond diamond (). The center stones are masterfully elevated by a halo of 56 shimmering white diamonds (0.49 Ct) and 16 shimmering pear diamonds (1.64 Ct), creating an illusion of seamless, infinite brilliance. Weighing a total of 9.87 grams, this statement piece offers a secure, comfortable fit with breathtaking visual impact, making it an extraordinary treasure for life's most cherished milestones.","**Captivating  Ct Natural Diamond Ring**

Elevate your fine jewelry collection with these magnificent 18K rings. Featuring a  Ct Natural Diamond , surrounded by 56 white diamonds (0.49 Ct) and 16 pear diamonds (1.64 Ct), this heirloom piece radiates warmth and unmatched sophistication.",in stock,new,10829.36 HKD,,https://www.colourdiam.com/Product/Jewellery/8363/white45/center.jpg,ColourDiam,Apparel & Accessories > Jewelry,,1,,,,unisex,,,adult,,,,,,,,,,Fine Jewelry
8098,"Imbued with the radiance of morning sunlight, these exquisite rings are a masterclass in fine jewelry craftsmanship. Handcrafted in 18k, the design centers around a GIA-certified  carat Natural Diamond diamond (). Weighing a total of 5.08 grams, this statement piece offers a secure, comfortable fit with breathtaking visual impact, making it an extraordinary treasure for life's most cherished milestones.",0.22ct Fancy Pink Convertible Ring & Pendant,in stock,new,10829.36 HKD,https://colourdiam.com/productdetail/8098,https://www.colourdiam.com/Product/Jewellery/8098/white45/center.jpg,ColourDiam,Apparel & Accessories > Jewelry,,1,,,,unisex,,,adult,,,,,,,,,,Fine Jewelry
6158,"Imbued with the radiance of morning sunlight, these exquisite rings are a masterclass in fine jewelry craftsmanship. Handcrafted in 18k, the design centers around a GIA-certified  carat Natural Diamond diamond (). Weighing a total of 5.08 grams, this statement piece offers a secure, comfortable fit with breathtaking visual impact, making it an extraordinary treasure for life's most cherished milestones.","**Sumptuous  Ct Natural Diamond Ring**

Elevate your fine jewelry collection with these magnificent 18k rings. Featuring a  Ct Natural Diamond , this heirloom piece radiates warmth and unmatched sophistication.",in stock,new,40610.11 HKD,,https://www.colourdiam.com/Product/Jewellery/6158/white45/center.jpg,ColourDiam,Apparel & Accessories > Jewelry,,1,,,,unisex,,,adult,,,,,,,,,GIA,Fine Jewelry
6115,"Imbued with the radiance of morning sunlight, these exquisite rings are a masterclass in fine jewelry craftsmanship. Handcrafted in 18K, the design centers around a GIA-certified  carat Natural Diamond diamond (). The center stones are masterfully elevated by a halo of 66 shimmering white diamonds (0.80 Ct), creating an illusion of seamless, infinite brilliance. Weighing a total of 5.07 grams, this statement piece offers a secure, comfortable fit with breathtaking visual impact, making it an extraordinary treasure for life's most cherished milestones.","**Opulent  Ct Natural Diamond Ring**

Elevate your fine jewelry collection with these magnificent 18K rings. Featuring a  Ct Natural Diamond , surrounded by 66 white diamonds (0.80 Ct), this heirloom piece radiates warmth and unmatched sophistication.",in stock,new,32488.09 HKD,,https://www.colourdiam.com/Product/Jewellery/6115/white45/center.jpg,ColourDiam,Apparel & Accessories > Jewelry,,1,,,,unisex,,,adult,,,,,,,,,GIA,Fine Jewelry
6160,"Imbued with the radiance of morning sunlight, these exquisite rings are a masterclass in fine jewelry craftsmanship. Handcrafted in 18K, the design centers around a GIA-certified  carat Natural Diamond diamond (). The center stones are masterfully elevated by a halo of 54 shimmering white diamonds (0.43 Ct), creating an illusion of seamless, infinite brilliance. Weighing a total of 3.12 grams, this statement piece offers a secure, comfortable fit with breathtaking visual impact, making it an extraordinary treasure for life's most cherished milestones.","**Resplendent  Ct Natural Diamond Ring**

Elevate your fine jewelry collection with these magnificent 18K rings. Featuring a  Ct Natural Diamond , surrounded by 54 white diamonds (0.43 Ct), this heirloom piece radiates warmth and unmatched sophistication.",in stock,new,40610.11 HKD,,https://www.colourdiam.com/Product/Jewellery/6160/white45/center.jpg,ColourDiam,Apparel & Accessories > Jewelry,,1,,,,unisex,,,adult,,,,,,,,,GIA,Fine Jewelry
5320,"Imbued with the radiance of morning sunlight, these exquisite rings are a masterclass in fine jewelry craftsmanship. Handcrafted in 18K, the design centers around a GIA-certified  carat Natural Diamond diamond (). The center stones are masterfully elevated by a halo of 66 shimmering white diamonds (0.49 Ct), creating an illusion of seamless, infinite brilliance. Weighing a total of 3.23 grams, this statement piece offers a secure, comfortable fit with breathtaking visual impact, making it an extraordinary treasure for life's most cherished milestones.","**Exquisite  Ct Natural Diamond Ring**

Elevate your fine jewelry collection with these magnificent 18K rings. Featuring a  Ct Natural Diamond , surrounded by 66 white diamonds (0.49 Ct), this heirloom piece radiates warmth and unmatched sophistication.",in stock,new,33390.54 HKD,,https://www.colourdiam.com/Product/Jewellery/5320/white45/center.jpg,ColourDiam,Apparel & Accessories > Jewelry,,1,,,,unisex,,,adult,,,,,,,,,GIA,Fine Jewelry
7352,"Imbued with the radiance of morning sunlight, these exquisite rings are a masterclass in fine jewelry craftsmanship. Handcrafted in 18K, the design centers around a GIA-certified  carat Natural Diamond diamond (). The center stones are masterfully elevated by a halo of 48 shimmering white diamonds (0.59 Ct), creating an illusion of seamless, infinite brilliance. Weighing a total of 2.91 grams, this statement piece offers a secure, comfortable fit with breathtaking visual impact, making it an extraordinary treasure for life's most cherished milestones.","**Opulent  Ct Natural Diamond Ring**

Elevate your fine jewelry collection with these magnificent 18K rings. Featuring a  Ct Natural Diamond , surrounded by 48 white diamonds (0.59 Ct), this heirloom piece radiates warmth and unmatched sophistication.",in stock,new,7670.8 HKD,,https://www.colourdiam.com/Product/Jewellery/7352/white45/center.jpg,ColourDiam,Apparel & Accessories > Jewelry,,1,,,,unisex,,,adult,,,,,,,,,,Fine Jewelry
7355,"Imbued with the radiance of morning sunlight, these exquisite rings are a masterclass in fine jewelry craftsmanship. Handcrafted in 18K, the design centers around a GIA-certified  carat Natural Diamond diamond (). The center stones are masterfully elevated by a halo of 20 shimmering white diamonds (0.09 Ct), creating an illusion of seamless, infinite brilliance. Weighing a total of 3.88 grams, this statement piece offers a secure, comfortable fit with breathtaking visual impact, making it an extraordinary treasure for life's most cherished milestones.","**Resplendent  Ct Natural Diamond ring**

Elevate your fine jewelry collection with these magnificent 18K rings. Featuring a  Ct Natural Diamond , surrounded by 20 white diamonds (0.09 Ct), this heirloom piece radiates warmth and unmatched sophistication.",in stock,new,7761.04 HKD,,https://www.colourdiam.com/Product/Jewellery/7355/white45/center.jpg,ColourDiam,Apparel & Accessories > Jewelry,,1,,,,unisex,,,adult,,,,,,,,,,Fine Jewelry
7356,"Imbued with the radiance of morning sunlight, these exquisite rings are a masterclass in fine jewelry craftsmanship. Handcrafted in 18K, the design centers around a GIA-certified  carat Natural Diamond diamond (). The center stones are masterfully elevated by a halo of 18 shimmering white diamonds (0.08 Ct), creating an illusion of seamless, infinite brilliance. Weighing a total of 3.79 grams, this statement piece offers a secure, comfortable fit with breathtaking visual impact, making it an extraordinary treasure for life's most cherished milestones.",0.79ct Sapphire Diamond 18K Gold Ring,in stock,new,7490.31 HKD,,https://www.colourdiam.com/Product/Jewellery/7356/white45/center.jpg,ColourDiam,Apparel & Accessories > Jewelry,,1,,,,unisex,,,adult,,,,,,,,,,Fine Jewelry
7357,"Imbued with the radiance of morning sunlight, these exquisite rings are a masterclass in fine jewelry craftsmanship. Handcrafted in 18K, the design centers around a GIA-certified  carat Natural Diamond diamond (). The center stones are masterfully elevated by a halo of 18 shimmering white diamonds (0.08 Ct), creating an illusion of seamless, infinite brilliance. Weighing a total of 3.79 grams, this statement piece offers a secure, comfortable fit with breathtaking visual impact, making it an extraordinary treasure for life's most cherished milestones.",0.70ct Sapphire & Diamond 18K Gold Ring,in stock,new,7219.58 HKD,,https://www.colourdiam.com/Product/Jewellery/7357/white45/center.jpg,ColourDiam,Apparel & Accessories > Jewelry,,1,,,,unisex,,,adult,,,,,,,,,,Fine Jewelry
7358,"Imbued with the radiance of morning sunlight, these exquisite rings are a masterclass in fine jewelry craftsmanship. Handcrafted in 18K, the design centers around a GIA-certified  carat Natural Diamond diamond (). The center stones are masterfully elevated by a halo of 20 shimmering white diamonds (0.08 Ct), creating an illusion of seamless, infinite brilliance. Weighing a total of 3.68 grams, this statement piece offers a secure, comfortable fit with breathtaking visual impact, making it an extraordinary treasure for life's most cherished milestones.",0.66ct Sapphire and Diamond 18K Gold Ring,in stock,new,7264.7 HKD,https://colourdiam.com/productdetail/7358,https://www.colourdiam.com/Product/Jewellery/7358/white45/center.jpg,ColourDiam,Apparel & Accessories > Jewelry,,1,,,,unisex,,,adult,,,,,,,,,,Fine Jewelry
7359,"Imbued with the radiance of morning sunlight, these exquisite rings are a masterclass in fine jewelry craftsmanship. Handcrafted in 18K, the design centers around a GIA-certified  carat Natural Diamond diamond (). The center stones are masterfully elevated by a halo of 20 shimmering white diamonds (0.10 Ct), creating an illusion of seamless, infinite brilliance. Weighing a total of 3.76 grams, this statement piece offers a secure, comfortable fit with breathtaking visual impact, making it an extraordinary treasure for life's most cherished milestones.",0.87ct Sapphire and Diamond 18k Gold Ring,in stock,new,7670.8 HKD,https://colourdiam.com/productdetail/7359,https://www.colourdiam.com/Product/Jewellery/7359/white45/center.jpg,ColourDiam,Apparel & Accessories > Jewelry,,1,,,,unisex,,,adult,,,,,,,,,,Fine Jewelry
7360,"Imbued with the radiance of morning sunlight, these exquisite rings are a masterclass in fine jewelry craftsmanship. Handcrafted in 18K, the design centers around a GIA-certified  carat Natural Diamond diamond (). The center stones are masterfully elevated by a halo of 20 shimmering white diamonds (0.09 Ct), creating an illusion of seamless, infinite brilliance. Weighing a total of 3.91 grams, this statement piece offers a secure, comfortable fit with breathtaking visual impact, making it an extraordinary treasure for life's most cherished milestones.",0.94ct Sapphire 18K Gold Diamond Ring - 1,in stock,new,8031.78 HKD,https://colourdiam.com/productdetail/7360,https://www.colourdiam.com/Product/Jewellery/7360/white45/center.jpg,ColourDiam,Apparel & Accessories > Jewelry,,1,,,,unisex,,,adult,,,,,,,,,,Fine Jewelry
7361,"Imbued with the radiance of morning sunlight, these exquisite rings are a masterclass in fine jewelry craftsmanship. Handcrafted in 18K, the design centers around a GIA-certified  carat Natural Diamond diamond (). The center stones are masterfully elevated by a halo of 20 shimmering white diamonds (0.11 Ct), creating an illusion of seamless, infinite brilliance. Weighing a total of 3.97 grams, this statement piece offers a secure, comfortable fit with breathtaking visual impact, making it an extraordinary treasure for life's most cherished milestones.",0.73ct Sapphire and Diamond 18K Gold Ring,in stock,new,7526.41 HKD,https://colourdiam.com/productdetail/7361,https://www.colourdiam.com/Product/Jewellery/7361/white45/center.jpg,ColourDiam,Apparel & Accessories > Jewelry,,1,,,,unisex,,,adult,,,,,,,,,,Fine Jewelry
7362,"Imbued with the radiance of morning sunlight, these exquisite rings are a masterclass in fine jewelry craftsmanship. Handcrafted in 18K, the design centers around a GIA-certified  carat Natural Diamond diamond (). The center stones are masterfully elevated by a halo of 20 shimmering white diamonds (0.09 Ct), creating an illusion of seamless, infinite brilliance. Weighing a total of 3.87 grams, this statement piece offers a secure, comfortable fit with breathtaking visual impact, making it an extraordinary treasure for life's most cherished milestones.",0.50ct Sapphire & Diamond 18K Gold Ring,in stock,new,6768.35 HKD,https://colourdiam.com/productdetail/7362,https://www.colourdiam.com/Product/Jewellery/7362/white45/center.jpg,ColourDiam,Apparel & Accessories > Jewelry,,1,,,,unisex,,,adult,,,,,,,,,,Fine Jewelry
7363,"Imbued with the radiance of morning sunlight, these exquisite rings are a masterclass in fine jewelry craftsmanship. Handcrafted in 18K, the design centers around a GIA-certified  carat Natural Diamond diamond (). The center stones are masterfully elevated by a halo of 18 shimmering white diamonds (0.08 Ct), creating an illusion of seamless, infinite brilliance. Weighing a total of 3.63 grams, this statement piece offers a secure, comfortable fit with breathtaking visual impact, making it an extraordinary treasure for life's most cherished milestones.",0.75ct Sapphire Diamond 18K Gold Ring,in stock,new,7400.07 HKD,,https://www.colourdiam.com/Product/Jewellery/7363/white45/center.jpg,ColourDiam,Apparel & Accessories > Jewelry,,1,,,,unisex,,,adult,,,,,,,,,,Fine Jewelry
7364,"Imbued with the radiance of morning sunlight, these exquisite rings are a masterclass in fine jewelry craftsmanship. Handcrafted in 18K, the design centers around a GIA-certified  carat Natural Diamond diamond (). The center stones are masterfully elevated by a halo of 18 shimmering white diamonds (0.09 Ct), creating an illusion of seamless, infinite brilliance. Weighing a total of 3.77 grams, this statement piece offers a secure, comfortable fit with breathtaking visual impact, making it an extraordinary treasure for life's most cherished milestones.",0.74ct Sapphire and Diamond 18K Gold Ring,in stock,new,7273.72 HKD,,https://www.colourdiam.com/Product/Jewellery/7364/white45/center.jpg,ColourDiam,Apparel & Accessories > Jewelry,,1,,,,unisex,,,adult,,,,,,,,,,Fine Jewelry
7365,"Imbued with the radiance of morning sunlight, these exquisite rings are a masterclass in fine jewelry craftsmanship. Handcrafted in 18K, the design centers around a GIA-certified  carat Natural Diamond diamond (). The center stones are masterfully elevated by a halo of 20 shimmering white diamonds (0.09 Ct), creating an illusion of seamless, infinite brilliance. Weighing a total of 3.71 grams, this statement piece offers a secure, comfortable fit with breathtaking visual impact, making it an extraordinary treasure for life's most cherished milestones.",0.74ct Sapphire and Natural Diamond Ring in 18K Gold,in stock,new,9024.47 HKD,,https://www.colourdiam.com/Product/Jewellery/7365/white45/center.jpg,ColourDiam,Apparel & Accessories > Jewelry,,1,,,,unisex,,,adult,,,,,,,,,,Fine Jewelry
7353,"Imbued with the radiance of morning sunlight, these exquisite rings are a masterclass in fine jewelry craftsmanship. Handcrafted in 18K, the design centers around a GIA-certified  carat Natural Diamond diamond (). The center stones are masterfully elevated by a halo of 20 shimmering white diamonds (0.10 Ct), creating an illusion of seamless, infinite brilliance. Weighing a total of 3.93 grams, this statement piece offers a secure, comfortable fit with breathtaking visual impact, making it an extraordinary treasure for life's most cherished milestones.",0.94ct Sapphire 18K Gold Diamond Ring,in stock,new,7761.04 HKD,,https://www.colourdiam.com/Product/Jewellery/7353/white45/center.jpg,ColourDiam,Apparel & Accessories > Jewelry,,1,,,,unisex,,,adult,,,,,,,,,,Fine Jewelry
7354,"Imbued with the radiance of morning sunlight, these exquisite rings are a masterclass in fine jewelry craftsmanship. Handcrafted in 18K, the design centers around a GIA-certified  carat Natural Diamond diamond (). The center stones are masterfully elevated by a halo of 20 shimmering white diamonds (0.08 Ct), creating an illusion of seamless, infinite brilliance. Weighing a total of 3.79 grams, this statement piece offers a secure, comfortable fit with breathtaking visual impact, making it an extraordinary treasure for life's most cherished milestones.",0.94ct Sapphire Diamond Ring in 18K Gold,in stock,new,7761.04 HKD,,https://www.colourdiam.com/Product/Jewellery/7354/white45/center.jpg,ColourDiam,Apparel & Accessories > Jewelry,,1,,,,unisex,,,adult,,,,,,,,,,Fine Jewelry
8155,"Imbued with the radiance of morning sunlight, these exquisite rings are a masterclass in fine jewelry craftsmanship. Handcrafted in 18K, the design centers around a GIA-certified  carat Natural Diamond diamond (). The center stones are masterfully elevated by a halo of 20 shimmering white diamonds (0.09 Ct), creating an illusion of seamless, infinite brilliance. Weighing a total of 3.83 grams, this statement piece offers a secure, comfortable fit with breathtaking visual impact, making it an extraordinary treasure for life's most cherished milestones.",0.235ct Fancy Brownish Yellow 18k Gold Diamond Ring,in stock,new,9024.47 HKD,,https://www.colourdiam.com/Product/Jewellery/8155/white45/center.jpg,ColourDiam,Apparel & Accessories > Jewelry,,1,,,,unisex,,,adult,,,,,,,,,AGL,Fine Jewelry
8605,"Imbued with the radiance of morning sunlight, these exquisite rings are a masterclass in fine jewelry craftsmanship. Handcrafted in 18K, the design centers around a GIA-certified  carat Natural Diamond diamond (). The center stones are masterfully elevated by a halo of 18 shimmering white diamonds (0.148 Ct), creating an illusion of seamless, infinite brilliance. Weighing a total of 1.73 grams, this statement piece offers a secure, comfortable fit with breathtaking visual impact, making it an extraordinary treasure for life's most cherished milestones.",0.30ct G Diamond 18K White Gold Ring,in stock,new,3609.79 HKD,,https://www.colourdiam.com/Product/Jewellery/8605/white45/center.jpg,ColourDiam,Apparel & Accessories > Jewelry,,1,,,,unisex,,,adult,,,,,,,,,,Fine Jewelry
7453,"Imbued with the radiance of morning sunlight, these exquisite rings are a masterclass in fine jewelry craftsmanship. Handcrafted in 18K, the design centers around a GIA-certified  carat Natural Diamond diamond (). Weighing a total of 2.75 grams, this statement piece offers a secure, comfortable fit with breathtaking visual impact, making it an extraordinary treasure for life's most cherished milestones.",18K Gold Baguette & Round Diamond Earrings,in stock,new,13536.7 HKD,,https://www.colourdiam.com/Product/Jewellery/7453/white45/center.jpg,ColourDiam,Apparel & Accessories > Jewelry,,1,,,,unisex,,,adult,,,,,,,,,,Fine Jewelry
7942,"Imbued with the radiance of morning sunlight, these exquisite earrings are a masterclass in fine jewelry craftsmanship. Handcrafted in 18K, the design centers around a GIA-certified  carat Natural Diamond diamond (). The center stones are masterfully elevated by a halo of 60 shimmering white diamonds (0.48 Ct), creating an illusion of seamless, infinite brilliance. Weighing a total of 4.18 grams, this statement piece offers a secure, comfortable fit with breathtaking visual impact, making it an extraordinary treasure for life's most cherished milestones.",0.18ct Fancy Yellow VS Diamond 18K Yellow Gold Ring,in stock,new,9024.47 HKD,https://colourdiam.com/productdetail/7942,https://www.colourdiam.com/Product/Jewellery/7942/white45/center.jpg,ColourDiam,Apparel & Accessories > Jewelry,,1,,,,unisex,,,adult,,,,,,,,,AGL,Fine Jewelry
8316,"Imbued with the radiance of morning sunlight, these exquisite rings are a masterclass in fine jewelry craftsmanship. Handcrafted in 18K, the design centers around a GIA-certified  carat Natural Diamond diamond (). The center stones are masterfully elevated by a halo of 12 shimmering white diamonds (0.127 Ct), creating an illusion of seamless, infinite brilliance. Weighing a total of 1.91 grams, this statement piece offers a secure, comfortable fit with breathtaking visual impact, making it an extraordinary treasure for life's most cherished milestones.",0.25ct Fancy Pink & White Diamond 18k Gold Ring,in stock,new,13536.7 HKD,https://colourdiam.com/productdetail/8316,https://www.colourdiam.com/Product/Jewellery/8316/white45/center.jpg,ColourDiam,Apparel & Accessories > Jewelry,,1,,,,unisex,,,adult,,,,,,,,,,Fine Jewelry
8613,"Imbued with the radiance of morning sunlight, these exquisite rings are a masterclass in fine jewelry craftsmanship. Handcrafted in 18k, the design centers around a GIA-certified  carat Natural Diamond diamond (). Weighing a total of 5.994 grams, this statement piece offers a secure, comfortable fit with breathtaking visual impact, making it an extraordinary treasure for life's most cherished milestones.","**Stunning  Ct Natural Diamond ring**

Elevate your fine jewelry collection with these magnificent 18k rings. Featuring a  Ct Natural Diamond , this heirloom piece radiates warmth and unmatched sophistication.",in stock,new,4061.01 HKD,,https://www.colourdiam.com/Product/Jewellery/8613/white45/center.jpg,ColourDiam,Apparel & Accessories > Jewelry,,1,,,,unisex,,,adult,,,,,,,,,,Fine Jewelry
7401_7402_7403_7405_7406,"Imbued with the radiance of morning sunlight, these exquisite rings are a masterclass in fine jewelry craftsmanship. Handcrafted in 18k, the design centers around a GIA-certified  carat Natural Diamond diamond (). Weighing a total of 2.35 grams, this statement piece offers a secure, comfortable fit with breathtaking visual impact, making it an extraordinary treasure for life's most cherished milestones.","**Radiant  Ct Natural Diamond Ring**

Elevate your fine jewelry collection with these magnificent 18k rings. Featuring a  Ct Natural Diamond , this heirloom piece radiates warmth and unmatched sophistication.",in stock,new,85732.46 HKD,https://colourdiam.com/productdetail/Menu/7401/7402/7403/7405/7406,https://www.colourdiam.com/Product/Jewellery/7401_7402_7403_7405_7406/white45/center.jpg,ColourDiam,Apparel & Accessories > Jewelry,,1,,,,unisex,,,adult,,,,,,,,,GIA,Fine Jewelry
7942,"Imbued with the radiance of morning sunlight, these exquisite bracelets are a masterclass in fine jewelry craftsmanship. Handcrafted in 18k, the design centers around a GIA-certified  carat Natural Diamond diamond (). The center stones are masterfully elevated by a halo of 119 shimmering white diamonds (0.83 Ct), creating an illusion of seamless, infinite brilliance. Weighing a total of 6.28 grams, this statement piece offers a secure, comfortable fit with breathtaking visual impact, making it an extraordinary treasure for life's most cherished milestones.","**Breathtaking  Ct Natural Diamond Bracelet**

Elevate your fine jewelry collection with these magnificent 18k bracelets. Featuring a  Ct Natural Diamond , surrounded by 119 white diamonds (0.83 Ct), this heirloom piece radiates warmth and unmatched sophistication.",in stock,new,8122.02 HKD,https://colourdiam.com/productdetail/7942,https://www.colourdiam.com/Product/Jewellery/7942/white45/center.jpg,ColourDiam,Apparel & Accessories > Jewelry,,1,,,,unisex,,,adult,,,,,,,,,AGL,Fine Jewelry
5026,"Imbued with the radiance of morning sunlight, these exquisite rings are a masterclass in fine jewelry craftsmanship. Handcrafted in Precious Metal, the design centers around a GIA-certified  carat Natural Diamond diamond (). The center stones are masterfully elevated by a halo of 12 shimmering white diamonds (0.127 Ct), creating an illusion of seamless, infinite brilliance. Weighing a total of 1.91 grams, this statement piece offers a secure, comfortable fit with breathtaking visual impact, making it an extraordinary treasure for life's most cherished milestones.","**Radiant  Ct Natural Diamond Ring**

Elevate your fine jewelry collection with these magnificent Precious Metal rings. Featuring a  Ct Natural Diamond , surrounded by 12 white diamonds (0.127 Ct), this heirloom piece radiates warmth and unmatched sophistication.",in stock,new,22561.17 HKD,https://colourdiam.com/productdetail/5026,https://www.colourdiam.com/Product/Jewellery/5026/white45/center.jpg,ColourDiam,Apparel & Accessories > Jewelry,,1,,,,unisex,,,adult,,,,,,,,,IGI,Fine Jewelry
7652,"Imbued with the radiance of morning sunlight, these exquisite rings are a masterclass in fine jewelry craftsmanship. Handcrafted in 18k, the design centers around a GIA-certified  carat Natural Diamond diamond (). The center stones are masterfully elevated by a halo of 44 shimmering white diamonds (0.66 Ct), creating an illusion of seamless, infinite brilliance. Weighing a total of 2.81 grams, this statement piece offers a secure, comfortable fit with breathtaking visual impact, making it an extraordinary treasure for life's most cherished milestones.","**Captivating  Ct Natural Diamond Ring**

Elevate your fine jewelry collection with these magnificent 18k rings. Featuring a  Ct Natural Diamond , surrounded by 44 white diamonds (0.66 Ct), this heirloom piece radiates warmth and unmatched sophistication.",in stock,new,162440.46 HKD,,https://www.colourdiam.com/Product/Jewellery/7652/white45/center.jpg,ColourDiam,Apparel & Accessories > Jewelry,,1,,,,unisex,,,adult,,,,,,,,,GIA,Fine Jewelry
8607,"Imbued with the radiance of morning sunlight, these exquisite rings are a masterclass in fine jewelry craftsmanship. Handcrafted in Precious Metal, the design centers around a GIA-certified  carat Natural Diamond diamond (). The center stones are masterfully elevated by a halo of 190 shimmering white diamonds (0.81 Ct), creating an illusion of seamless, infinite brilliance. Weighing a total of 8.93 grams, this statement piece offers a secure, comfortable fit with breathtaking visual impact, making it an extraordinary treasure for life's most cherished milestones.","**Stunning  Ct Natural Diamond Ring**

Elevate your fine jewelry collection with these magnificent Precious Metal rings. Featuring a  Ct Natural Diamond , surrounded by 190 white diamonds (0.81 Ct), this heirloom piece radiates warmth and unmatched sophistication.",in stock,new,7219.58 HKD,,https://www.colourdiam.com/Product/Jewellery/8607/white45/center.jpg,ColourDiam,Apparel & Accessories > Jewelry,,1,,,,unisex,,,adult,,,,,,,,,,Fine Jewelry
5616,"Imbued with the radiance of morning sunlight, these exquisite pendants are a masterclass in fine jewelry craftsmanship. Handcrafted in 18k, the design centers around a GIA-certified  carat Natural Diamond diamond (). Weighing a total of 3.75 grams, this statement piece offers a secure, comfortable fit with breathtaking visual impact, making it an extraordinary treasure for life's most cherished milestones.",0.56ct Light Pink VS1 GIA Certified 18k Diamond Ring,in stock,new,67683.52 HKD,https://colourdiam.com/productdetail/5616,https://www.colourdiam.com/Product/Jewellery/5616/white45/center.jpg,ColourDiam,Apparel & Accessories > Jewelry,,1,,,,unisex,,,adult,,,,,,,,,GIA,Fine Jewelry
5420,"Imbued with the radiance of morning sunlight, these exquisite rings are a masterclass in fine jewelry craftsmanship. Handcrafted in Precious Metal, the design centers around a GIA-certified  carat Natural Diamond diamond (). The center stones are masterfully elevated by a halo of 34 shimmering white diamonds (0.39 Ct), creating an illusion of seamless, infinite brilliance. Weighing a total of 3.186 grams, this statement piece offers a secure, comfortable fit with breathtaking visual impact, making it an extraordinary treasure for life's most cherished milestones.",0.57ct Light Blue VVS2 GIA 18k Diamond Ring,in stock,new,45122.35 HKD,,https://www.colourdiam.com/Product/Jewellery/5420/white45/center.jpg,ColourDiam,Apparel & Accessories > Jewelry,,1,,,,unisex,,,adult,,,,,,,,,GIA,Fine Jewelry
8364,"Imbued with the radiance of morning sunlight, these exquisite rings are a masterclass in fine jewelry craftsmanship. Handcrafted in Precious Metal, the design centers around a GIA-certified  carat Natural Diamond diamond (). The center stones are masterfully elevated by a halo of 54 shimmering white diamonds (0.76 Ct), creating an illusion of seamless, infinite brilliance. Weighing a total of 3.21 grams, this statement piece offers a secure, comfortable fit with breathtaking visual impact, making it an extraordinary treasure for life's most cherished milestones.",0.32ct Fancy Pink Diamond 18k Gold Ring,in stock,new,9024.47 HKD,https://colourdiam.com/productdetail/8364,https://www.colourdiam.com/Product/Jewellery/8364/white45/center.jpg,ColourDiam,Apparel & Accessories > Jewelry,,1,,,,unisex,,,adult,,,,,,,,,,Fine Jewelry
8366,"Imbued with the radiance of morning sunlight, these exquisite rings are a masterclass in fine jewelry craftsmanship. Handcrafted in 18k, the design centers around a GIA-certified  carat Natural Diamond diamond (). Weighing a total of 1.90 grams, this statement piece offers a secure, comfortable fit with breathtaking visual impact, making it an extraordinary treasure for life's most cherished milestones.",0.40ct Fancy Pink Diamond 18k Gold Pendant,in stock,new,0 HKD,,https://www.colourdiam.com/Product/Jewellery/8366/white45/center.jpg,ColourDiam,Apparel & Accessories > Jewelry,,1,,,,unisex,,,adult,,,,,,,,,,Fine Jewelry
7047,"Imbued with the radiance of morning sunlight, these exquisite pendants are a masterclass in fine jewelry craftsmanship. Handcrafted in 18k, the design centers around a GIA-certified  carat Natural Diamond diamond (). Weighing a total of 2.0 grams, this statement piece offers a secure, comfortable fit with breathtaking visual impact, making it an extraordinary treasure for life's most cherished milestones.",8.01ct U-V VS2 GIA 18k Yellow Gold Diamond Ring,in stock,new,541468.19 HKD,https://colourdiam.com/productdetail/7047,https://www.colourdiam.com/Product/Jewellery/7047/white45/center.jpg,ColourDiam,Apparel & Accessories > Jewelry,,1,,,,unisex,,,adult,,,,,,,,,GIA,Fine Jewelry
1385,"Imbued with the radiance of morning sunlight, these exquisite rings are a masterclass in fine jewelry craftsmanship. Handcrafted in Precious Metal, the design centers around a GIA-certified  carat Natural Diamond diamond (). The center stones are masterfully elevated by a halo of 66 shimmering white diamonds (0.582 Ct) and 12 shimmering pear diamonds (1.663 Ct), creating an illusion of seamless, infinite brilliance. Weighing a total of 8.47 grams, this statement piece offers a secure, comfortable fit with breathtaking visual impact, making it an extraordinary treasure for life's most cherished milestones.",2.89ct Fancy Yellowish Green Diamond Ring GIA,in stock,new,406101.14 HKD,https://colourdiam.com/productdetail/1385,https://www.colourdiam.com/Product/Jewellery/1385/white45/center.jpg,ColourDiam,Apparel & Accessories > Jewelry,,1,,,,unisex,,,adult,,,,,,,,,GIA,Fine Jewelry
5440,"Imbued with the radiance of morning sunlight, these exquisite rings are a masterclass in fine jewelry craftsmanship. Handcrafted in Precious Metal, the design centers around a GIA-certified  carat Natural Diamond diamond (). The center stones are masterfully elevated by a halo of 36 shimmering white diamonds (0.52 Ct), creating an illusion of seamless, infinite brilliance. Weighing a total of 7.62 grams, this statement piece offers a secure, comfortable fit with breathtaking visual impact, making it an extraordinary treasure for life's most cherished milestones.",0.44ct Princess Light Blue GIA 18k Gold Ring,in stock,new,36097.88 HKD,https://colourdiam.com/productdetail/5440,https://www.colourdiam.com/Product/Jewellery/5440/white45/center.jpg,ColourDiam,Apparel & Accessories > Jewelry,,1,,,,unisex,,,adult,,,,,,,,,GIA,Fine Jewelry
5421,"Imbued with the radiance of morning sunlight, these exquisite rings are a masterclass in fine jewelry craftsmanship. Handcrafted in Precious Metal, the design centers around a GIA-certified  carat Natural Diamond diamond (). The center stones are masterfully elevated by a halo of 27 shimmering white diamonds (0.39 Ct), creating an illusion of seamless, infinite brilliance. Weighing a total of 3.00 grams, this statement piece offers a secure, comfortable fit with breathtaking visual impact, making it an extraordinary treasure for life's most cherished milestones.",0.53ct Faint Blue VS2 GIA 18k Gold Diamond Ring,in stock,new,40610.11 HKD,,https://www.colourdiam.com/Product/Jewellery/5421/white45/center.jpg,ColourDiam,Apparel & Accessories > Jewelry,,1,,,,unisex,,,adult,,,,,,,,,GIA,Fine Jewelry
4748,"Imbued with the radiance of morning sunlight, these exquisite rings are a masterclass in fine jewelry craftsmanship. Handcrafted in Precious Metal, the design centers around a GIA-certified  carat Natural Diamond diamond (). The center stones are masterfully elevated by a halo of 39 shimmering white diamonds (0.57 Ct), creating an illusion of seamless, infinite brilliance. Weighing a total of 3.36 grams, this statement piece offers a secure, comfortable fit with breathtaking visual impact, making it an extraordinary treasure for life's most cherished milestones.",0.65ct Green Diamond 18k Gold Ring,in stock,new,40610.11 HKD,https://colourdiam.com/productdetail/4748,https://www.colourdiam.com/Product/Jewellery/4748/white45/center.jpg,ColourDiam,Apparel & Accessories > Jewelry,,1,,,,unisex,,,adult,,,,,,,,,GIA,Fine Jewelry
8507,"Imbued with the radiance of morning sunlight, these exquisite rings are a masterclass in fine jewelry craftsmanship. Handcrafted in Precious Metal, the design centers around a GIA-certified  carat Natural Diamond diamond (). The center stones are masterfully elevated by a halo of 95 shimmering white diamonds (0.52 Ct), creating an illusion of seamless, infinite brilliance. Weighing a total of 5.86 grams, this statement piece offers a secure, comfortable fit with breathtaking visual impact, making it an extraordinary treasure for life's most cherished milestones.",1.00ct Fancy Green VS AGL 18k Gold Diamond Ring,in stock,new,45122.35 HKD,,https://www.colourdiam.com/Product/Jewellery/8507/white45/center.jpg,ColourDiam,Apparel & Accessories > Jewelry,,1,,,,unisex,,,adult,,,,,,,,,AGL,Fine Jewelry
8508,"Imbued with the radiance of morning sunlight, these exquisite rings are a masterclass in fine jewelry craftsmanship. Handcrafted in 18k, the design centers around a GIA-certified 1.00 carat Natural Diamond diamond (). The center stones are masterfully elevated by a halo of 28 shimmering white diamonds (0.45 Ct), creating an illusion of seamless, infinite brilliance. Weighing a total of 4.15 grams, this statement piece offers a secure, comfortable fit with breathtaking visual impact, making it an extraordinary treasure for life's most cherished milestones.",1.51ct Fancy Green VS Diamond 18k Ring,in stock,new,67683.52 HKD,,https://www.colourdiam.com/Product/Jewellery/8508/white45/center.jpg,ColourDiam,Apparel & Accessories > Jewelry,,1,,,,unisex,,,adult,,,,,,,,,AGL,Fine Jewelry
5431,"Imbued with the radiance of morning sunlight, these exquisite rings are a masterclass in fine jewelry craftsmanship. Handcrafted in 18k, the design centers around a GIA-certified 1.51 carat Natural Diamond diamond (). The center stones are masterfully elevated by a halo of 34 shimmering white diamonds (0.42 Ct), creating an illusion of seamless, infinite brilliance. Weighing a total of 3.15 grams, this statement piece offers a secure, comfortable fit with breathtaking visual impact, making it an extraordinary treasure for life's most cherished milestones.",0.39ct Light Blue VS1 GIA 18k Gold Diamond Ring,in stock,new,49634.58 HKD,,https://www.colourdiam.com/Product/Jewellery/5431/white45/center.jpg,ColourDiam,Apparel & Accessories > Jewelry,,1,,,,unisex,,,adult,,,,,,,,,GIA,Fine Jewelry
8512,"Imbued with the radiance of morning sunlight, these exquisite rings are a masterclass in fine jewelry craftsmanship. Handcrafted in 18k, the design centers around a GIA-certified  carat Natural Diamond diamond (). The center stones are masterfully elevated by a halo of 79 shimmering white diamonds (0.52 Ct), creating an illusion of seamless, infinite brilliance. Weighing a total of 3.84 grams, this statement piece offers a secure, comfortable fit with breathtaking visual impact, making it an extraordinary treasure for life's most cherished milestones.",1.03ct Fancy Green VS AGL 18k Ring,in stock,new,45122.35 HKD,,https://www.colourdiam.com/Product/Jewellery/8512/white45/center.jpg,ColourDiam,Apparel & Accessories > Jewelry,,1,,,,unisex,,,adult,,,,,,,,,AGL,Fine Jewelry
8510,"Imbued with the radiance of morning sunlight, these exquisite rings are a masterclass in fine jewelry craftsmanship. Handcrafted in 18k, the design centers around a GIA-certified 1.03 carat Natural Diamond diamond (). The center stones are masterfully elevated by a halo of 113 shimmering white diamonds (0.69 Ct), creating an illusion of seamless, infinite brilliance. Weighing a total of 5.08 grams, this statement piece offers a secure, comfortable fit with breathtaking visual impact, making it an extraordinary treasure for life's most cherished milestones.",1.00ct Fancy Green VS Diamond 18k Ring,in stock,new,45122.35 HKD,,https://www.colourdiam.com/Product/Jewellery/8510/white45/center.jpg,ColourDiam,Apparel & Accessories > Jewelry,,1,,,,unisex,,,adult,,,,,,,,,AGL,Fine Jewelry
8503,"Imbued with the radiance of morning sunlight, these exquisite rings are a masterclass in fine jewelry craftsmanship. Handcrafted in 18k, the design centers around a GIA-certified 1.00 carat Natural Diamond diamond (). The center stones are masterfully elevated by a halo of 80 shimmering white diamonds (0.53 Ct), creating an illusion of seamless, infinite brilliance. Weighing a total of 3.73 grams, this statement piece offers a secure, comfortable fit with breathtaking visual impact, making it an extraordinary treasure for life's most cherished milestones.",1.51ct Fancy Intense Green SI1 AGL 18k Ring,in stock,new,76707.99 HKD,,https://www.colourdiam.com/Product/Jewellery/8503/white45/center.jpg,ColourDiam,Apparel & Accessories > Jewelry,,1,,,,unisex,,,adult,,,,,,,,,AGL,Fine Jewelry
5422,"Imbued with the radiance of morning sunlight, these exquisite rings are a masterclass in fine jewelry craftsmanship. Handcrafted in 18k, the design centers around a GIA-certified 1.51 carat Natural Diamond diamond (). The center stones are masterfully elevated by a halo of 20 shimmering white diamonds (0.51 Ct), creating an illusion of seamless, infinite brilliance. Weighing a total of 3.97 grams, this statement piece offers a secure, comfortable fit with breathtaking visual impact, making it an extraordinary treasure for life's most cherished milestones.",0.35ct Light Blue GIA 18k Gold Diamond Ring,in stock,new,45122.35 HKD,,https://www.colourdiam.com/Product/Jewellery/5422/white45/center.jpg,ColourDiam,Apparel & Accessories > Jewelry,,1,,,,unisex,,,adult,,,,,,,,,GIA,Fine Jewelry
4254,"Imbued with the radiance of morning sunlight, these exquisite rings are a masterclass in fine jewelry craftsmanship. Handcrafted in 18k, the design centers around a GIA-certified 0.35 carat Natural Diamond diamond (). The center stones are masterfully elevated by a halo of 48 shimmering white diamonds (0.23 Ct), creating an illusion of seamless, infinite brilliance. Weighing a total of 3.26 grams, this statement piece offers a secure, comfortable fit with breathtaking visual impact, making it an extraordinary treasure for life's most cherished milestones.",1.02ct Fancy Green Diamond 18k Ring,in stock,new,31585.64 HKD,,https://www.colourdiam.com/Product/Jewellery/4254/white45/center.jpg,ColourDiam,Apparel & Accessories > Jewelry,,1,,,,unisex,,,adult,,,,,,,,,AGL,Fine Jewelry
8505,"Imbued with the radiance of morning sunlight, these exquisite rings are a masterclass in fine jewelry craftsmanship. Handcrafted in 18k, the design centers around a GIA-certified 1.02 carat Natural Diamond diamond (). The center stones are masterfully elevated by a halo of 66 shimmering white diamonds (0.254 Ct), creating an illusion of seamless, infinite brilliance. Weighing a total of 4.051 grams, this statement piece offers a secure, comfortable fit with breathtaking visual impact, making it an extraordinary treasure for life's most cherished milestones.","**Opulent 1.02 Ct Natural Diamond Ring**

Elevate your fine jewelry collection with these magnificent 18k rings. Featuring a  Ct Natural Diamond , surrounded by 66 white diamonds (0.254 Ct), this heirloom piece radiates warmth and unmatched sophistication.",in stock,new,58659.05 HKD,https://colourdiam.com/productdetail/8505,https://www.colourdiam.com/Product/Jewellery/8505/white45/center.jpg,ColourDiam,Apparel & Accessories > Jewelry,,1,,,,unisex,,,adult,,,,,,,,,AGL,Fine Jewelry
8509,"Imbued with the radiance of morning sunlight, these exquisite rings are a masterclass in fine jewelry craftsmanship. Handcrafted in 18k, the design centers around a GIA-certified 1.50 carat Natural Diamond diamond (). The center stones are masterfully elevated by a halo of 140 shimmering white diamonds (0.84 Ct), creating an illusion of seamless, infinite brilliance. Weighing a total of 4.66 grams, this statement piece offers a secure, comfortable fit with breathtaking visual impact, making it an extraordinary treasure for life's most cherished milestones.",1.01ct Fancy Green SI Diamond 18k Gold Ring,in stock,new,45122.35 HKD,https://colourdiam.com/productdetail/8509,https://www.colourdiam.com/Product/Jewellery/8509/white45/center.jpg,ColourDiam,Apparel & Accessories > Jewelry,,1,,,,unisex,,,adult,,,,,,,,,AGL,Fine Jewelry
4744_4858,"Imbued with the radiance of morning sunlight, these exquisite rings are a masterclass in fine jewelry craftsmanship. Handcrafted in 18k, the design centers around a GIA-certified 1.01 carat Natural Diamond diamond (). Weighing a total of 6.56 grams, this statement piece offers a secure, comfortable fit with breathtaking visual impact, making it an extraordinary treasure for life's most cherished milestones.",1.11ct Blue & Green Diamond 18k Ring,in stock,new,85732.46 HKD,https://colourdiam.com/productdetail/Menu/4744/4858,https://www.colourdiam.com/Product/Jewellery/4744_4858/white45/center.jpg,ColourDiam,Apparel & Accessories > Jewelry,,1,,,,unisex,,,adult,,,,,,,,,GIA,Fine Jewelry
7988,"Imbued with the radiance of morning sunlight, these exquisite rings are a masterclass in fine jewelry craftsmanship. Handcrafted in Precious Metal, the design centers around a GIA-certified 1.11 carat Natural Diamond diamond (). The center stones are masterfully elevated by a halo of 50 shimmering white diamonds (0.47 Ct), creating an illusion of seamless, infinite brilliance. Weighing a total of 4.83 grams, this statement piece offers a secure, comfortable fit with breathtaking visual impact, making it an extraordinary treasure for life's most cherished milestones.",4.23ct Emerald and Gemstone 18k Gold Earrings,in stock,new,0 HKD,,https://www.colourdiam.com/Product/Jewellery/7988/white45/center.jpg,ColourDiam,Apparel & Accessories > Jewelry,,1,,,,unisex,,,adult,,,,,,,,,,Fine Jewelry
7989,"Imbued with the radiance of morning sunlight, these exquisite earrings are a masterclass in fine jewelry craftsmanship. Handcrafted in 18k, the design centers around a GIA-certified 4.23 carat Natural Diamond diamond (). Weighing a total of 9.42 grams, this statement piece offers a secure, comfortable fit with breathtaking visual impact, making it an extraordinary treasure for life's most cherished milestones.",20.91ct Oval Red Gemstone 18k Gold Earrings,in stock,new,0 HKD,,https://www.colourdiam.com/Product/Jewellery/7989/white45/center.jpg,ColourDiam,Apparel & Accessories > Jewelry,,1,,,,unisex,,,adult,,,,,,,,,,Fine Jewelry
7990,"Imbued with the radiance of morning sunlight, these exquisite earrings are a masterclass in fine jewelry craftsmanship. Handcrafted in 18k, the design centers around a GIA-certified 20.91 carat Natural Diamond diamond (). Weighing a total of 10.29 grams, this statement piece offers a secure, comfortable fit with breathtaking visual impact, making it an extraordinary treasure for life's most cherished milestones.",24.03ct Emerald Diamond 18k Gold Pendant,in stock,new,0 HKD,,https://www.colourdiam.com/Product/Jewellery/7990/white45/center.jpg,ColourDiam,Apparel & Accessories > Jewelry,,1,,,,unisex,,,adult,,,,,,,,,,Fine Jewelry
8511,"Imbued with the radiance of morning sunlight, these exquisite pendants are a masterclass in fine jewelry craftsmanship. Handcrafted in 18k, the design centers around a GIA-certified 24.03 carat Natural Diamond diamond (). The center stones are masterfully elevated by a halo of 83 shimmering white diamonds (0.697 Ct), creating an illusion of seamless, infinite brilliance. Weighing a total of 10.83 grams, this statement piece offers a secure, comfortable fit with breathtaking visual impact, making it an extraordinary treasure for life's most cherished milestones.","**Splendid 24.03 Ct Natural Diamond Pendant**

Elevate your fine jewelry collection with these magnificent 18k pendants. Featuring a  Ct Natural Diamond , surrounded by 83 white diamonds (0.697 Ct), this heirloom piece radiates warmth and unmatched sophistication.",in stock,new,67683.52 HKD,https://colourdiam.com/productdetail/8511,https://www.colourdiam.com/Product/Jewellery/8511/white45/center.jpg,ColourDiam,Apparel & Accessories > Jewelry,,1,,,,unisex,,,adult,,,,,,,,,AGL,Fine Jewelry
8551,"Imbued with the radiance of morning sunlight, these exquisite rings are a masterclass in fine jewelry craftsmanship. Handcrafted in 18k, the design centers around a GIA-certified 1.50 carat Natural Diamond diamond (). The center stones are masterfully elevated by a halo of 38 shimmering white diamonds (0.74 Ct), creating an illusion of seamless, infinite brilliance. Weighing a total of 5.35 grams, this statement piece offers a secure, comfortable fit with breathtaking visual impact, making it an extraordinary treasure for life's most cherished milestones.","**Stunning 1.50 Ct Natural Diamond Ring**

Elevate your fine jewelry collection with these magnificent 18k rings. Featuring a  Ct Natural Diamond , surrounded by 38 white diamonds (0.74 Ct), this heirloom piece radiates warmth and unmatched sophistication.",in stock,new,76707.99 HKD,,https://www.colourdiam.com/Product/Jewellery/8551/white45/center.jpg,ColourDiam,Apparel & Accessories > Jewelry,,1,,,,unisex,,,adult,,,,,,,,,GIA,Fine Jewelry
8678,"Imbued with the radiance of morning sunlight, these exquisite rings are a masterclass in fine jewelry craftsmanship. Handcrafted in 18k, the design centers around a GIA-certified 1.51 carat Natural Diamond diamond (). The center stones are masterfully elevated by a halo of 54 shimmering white diamonds (0.404 Ct), creating an illusion of seamless, infinite brilliance. Weighing a total of 3.22 grams, this statement piece offers a secure, comfortable fit with breathtaking visual impact, making it an extraordinary treasure for life's most cherished milestones.","**Breathtaking 1.51 Ct Natural Diamond Ring**

Elevate your fine jewelry collection with these magnificent 18k rings. Featuring a  Ct Natural Diamond , surrounded by 54 white diamonds (0.404 Ct), this heirloom piece radiates warmth and unmatched sophistication.",in stock,new,11731.81 HKD,,https://www.colourdiam.com/Product/Jewellery/8678/white45/center.jpg,ColourDiam,Apparel & Accessories > Jewelry,,1,,,,unisex,,,adult,,,,,,,,,GIA,Fine Jewelry
4706,"Imbued with the radiance of morning sunlight, these exquisite rings are a masterclass in fine jewelry craftsmanship. Handcrafted in 18k, the design centers around a GIA-certified 0.90 carat Fancy Vivid Yellow(Treated) diamond (I1). The center stones are masterfully elevated by a halo of 12 shimmering white diamonds (0.30 Ct), creating an illusion of seamless, infinite brilliance. Weighing a total of 6.420 grams, this statement piece offers a secure, comfortable fit with breathtaking visual impact, making it an extraordinary treasure for life's most cherished milestones.","**Captivating 0.90 Ct Fancy Vivid Yellow(Treated) Ring**

Elevate your fine jewelry collection with these magnificent 18k rings. Featuring a 0.90 Ct Fancy Vivid Yellow(Treated) I1, surrounded by 12 white diamonds (0.30 Ct), this heirloom piece radiates warmth and unmatched sophistication.",in stock,new,58659.05 HKD,,https://www.colourdiam.com/Product/Jewellery/4706/white45/center.jpg,ColourDiam,Apparel & Accessories > Jewelry,,1,,,,unisex,,,adult,,,,,,,,,GIA,Fine Jewelry
4750,"Imbued with the radiance of morning sunlight, these exquisite rings are a masterclass in fine jewelry craftsmanship. Handcrafted in 18k, the design centers around a GIA-certified 0.65 carat Natural Diamond diamond (). The center stones are masterfully elevated by a halo of 33 shimmering white diamonds (0.33 Ct) and 10 shimmering pear diamonds (0.79 Ct), creating an illusion of seamless, infinite brilliance. Weighing a total of 5.47 grams, this statement piece offers a secure, comfortable fit with breathtaking visual impact, making it an extraordinary treasure for life's most cherished milestones.","**Resplendent 0.65 Ct Natural Diamond Ring**

Elevate your fine jewelry collection with these magnificent 18k rings. Featuring a  Ct Natural Diamond , surrounded by 33 white diamonds (0.33 Ct) and 10 pear diamonds (0.79 Ct), this heirloom piece radiates warmth and unmatched sophistication.",in stock,new,49634.58 HKD,,https://www.colourdiam.com/Product/Jewellery/4750/white45/center.jpg,ColourDiam,Apparel & Accessories > Jewelry,,1,,,,unisex,,,adult,,,,,,,,,GIA,Fine Jewelry
7127,"Imbued with the radiance of morning sunlight, these exquisite rings are a masterclass in fine jewelry craftsmanship. Handcrafted in 18k, the design centers around a GIA-certified 0.69 carat Natural Diamond diamond (). The center stones are masterfully elevated by a halo of 100 shimmering white diamonds (0.75 Ct), creating an illusion of seamless, infinite brilliance. Weighing a total of 6.19 grams, this statement piece offers a secure, comfortable fit with breathtaking visual impact, making it an extraordinary treasure for life's most cherished milestones.","**Sumptuous 0.69 Ct Natural Diamond Ring**

Elevate your fine jewelry collection with these magnificent 18k rings. Featuring a  Ct Natural Diamond , surrounded by 100 white diamonds (0.75 Ct), this heirloom piece radiates warmth and unmatched sophistication.",in stock,new,58659.05 HKD,,https://www.colourdiam.com/Product/Jewellery/7127/white45/center.jpg,ColourDiam,Apparel & Accessories > Jewelry,,1,,,,unisex,,,adult,,,,,,,,,GIA,Fine Jewelry
6185,"Imbued with the radiance of morning sunlight, these exquisite rings are a masterclass in fine jewelry craftsmanship. Handcrafted in 18k, the design centers around a GIA-certified 0.55 carat Natural Diamond diamond (). The center stones are masterfully elevated by a halo of 177 shimmering white diamonds (1.23 Ct) and 04 shimmering pear diamonds (0.72 Ct), creating an illusion of seamless, infinite brilliance. Weighing a total of 9.55 grams, this statement piece offers a secure, comfortable fit with breathtaking visual impact, making it an extraordinary treasure for life's most cherished milestones.","**Magnificent 0.55 Ct Natural Diamond Ring**

Elevate your fine jewelry collection with these magnificent 18k rings. Featuring a  Ct Natural Diamond , surrounded by 177 white diamonds (1.23 Ct) and 04 pear diamonds (0.72 Ct), this heirloom piece radiates warmth and unmatched sophistication.",in stock,new,90244.7 HKD,,https://www.colourdiam.com/Product/Jewellery/6185/white45/center.jpg,ColourDiam,Apparel & Accessories > Jewelry,,1,,,,unisex,,,adult,,,,,,,,,GIA,Fine Jewelry
3832,"Imbued with the radiance of morning sunlight, these exquisite rings are a masterclass in fine jewelry craftsmanship. Handcrafted in 18k, the design centers around a GIA-certified 1.50 carat Natural Diamond diamond (). The center stones are masterfully elevated by a halo of 66 shimmering white diamonds (1.06 Ct), creating an illusion of seamless, infinite brilliance. Weighing a total of 5.92 grams, this statement piece offers a secure, comfortable fit with breathtaking visual impact, making it an extraordinary treasure for life's most cherished milestones.","**Resplendent 1.50 Ct Natural Diamond Ring**

Elevate your fine jewelry collection with these magnificent 18k rings. Featuring a  Ct Natural Diamond , surrounded by 66 white diamonds (1.06 Ct), this heirloom piece radiates warmth and unmatched sophistication.",in stock,new,25268.52 HKD,,https://www.colourdiam.com/Product/Jewellery/3832/white45/center.jpg,ColourDiam,Apparel & Accessories > Jewelry,,1,,,,unisex,,,adult,,,,,,,,,IGI,Fine Jewelry
8765_8762,"Imbued with the radiance of morning sunlight, these exquisite rings are a masterclass in fine jewelry craftsmanship. Handcrafted in 18k, the design centers around a GIA-certified 1.00 carat Natural Diamond diamond (). The center stones are masterfully elevated by a halo of 12 shimmering white diamonds (0.123 Ct), creating an illusion of seamless, infinite brilliance. Weighing a total of 2.19 grams, this statement piece offers a secure, comfortable fit with breathtaking visual impact, making it an extraordinary treasure for life's most cherished milestones.",0.61ct H SI1 IGI Certified 18k Gold Diamond Earrings,in stock,new,4061.01 HKD,https://colourdiam.com/productdetail/Menu/8765/8762,"https://www.colourdiam.com/Product/Jewellery/8765_8762
/white45/center.jpg",ColourDiam,Apparel & Accessories > Jewelry,,1,,,,unisex,,,adult,,,,,,,,,IGI,Fine Jewelry
5564_6916,"Imbued with the radiance of morning sunlight, these exquisite earrings are a masterclass in fine jewelry craftsmanship. Handcrafted in 18k, the design centers around a GIA-certified 0.610 carat Natural Diamond diamond (). Weighing a total of 1.33 grams, this statement piece offers a secure, comfortable fit with breathtaking visual impact, making it an extraordinary treasure for life's most cherished milestones.",1.40ct Faint Pink GIA 18k Gold Diamond Earrings,in stock,new,90244.7 HKD,https://colourdiam.com/productdetail/Menu/5564/6916,https://www.colourdiam.com/Product/Jewellery/5564_6916/white45/center.jpg,ColourDiam,Apparel & Accessories > Jewelry,,1,,,,unisex,,,adult,,,,,,,,,GIA,Fine Jewelry
7233,"Imbued with the radiance of morning sunlight, these exquisite earrings are a masterclass in fine jewelry craftsmanship. Handcrafted in 18k, the design centers around a GIA-certified 1.40 carat Natural Diamond diamond (). The center stones are masterfully elevated by a halo of 112 shimmering white diamonds (1.11 Ct) and 24 shimmering pear diamonds (2.38 Ct), creating an illusion of seamless, infinite brilliance. Weighing a total of 8.134 grams, this statement piece offers a secure, comfortable fit with breathtaking visual impact, making it an extraordinary treasure for life's most cherished milestones.",1.25ct Faint Pink GIA 18k Gold Diamond Ring,in stock,new,135367.05 HKD,,https://www.colourdiam.com/Product/Jewellery/7233/white45/center.jpg,ColourDiam,Apparel & Accessories > Jewelry,,1,,,,unisex,,,adult,,,,,,,,,GIA,Fine Jewelry
4732_4745,"Imbued with the radiance of morning sunlight, these exquisite rings are a masterclass in fine jewelry craftsmanship. Handcrafted in 18k, the design centers around a GIA-certified 1.25 carat Natural Diamond diamond (). The center stones are masterfully elevated by a halo of 74 shimmering white diamonds (0.95 Ct) and 10 shimmering pear diamonds (1.74 Ct), creating an illusion of seamless, infinite brilliance. Weighing a total of 6.92 grams, this statement piece offers a secure, comfortable fit with breathtaking visual impact, making it an extraordinary treasure for life's most cherished milestones.",1.05ct Blue & Green GIA Natural Diamond 18k Ring,in stock,new,89342.25 HKD,https://colourdiam.com/productdetail/Menu/4732/4745,https://www.colourdiam.com/Product/Jewellery/4732_4745/white45/center.jpg,ColourDiam,Apparel & Accessories > Jewelry,,1,,,,unisex,,,adult,,,,,,,,,GIA,Fine Jewelry
8334,"Imbued with the radiance of morning sunlight, these exquisite rings are a masterclass in fine jewelry craftsmanship. Handcrafted in 18k, the design centers around a GIA-certified 1.05 carat Natural Diamond diamond (). The center stones are masterfully elevated by a halo of 52 shimmering white diamonds (0.49 Ct), creating an illusion of seamless, infinite brilliance. Weighing a total of 4.80 grams, this statement piece offers a secure, comfortable fit with breathtaking visual impact, making it an extraordinary treasure for life's most cherished milestones.",3.02ct Light Green Yellow GIA 18k Gold Diamond Ring,in stock,new,162440.46 HKD,https://colourdiam.com/productdetail/8334,https://www.colourdiam.com/Product/Jewellery/8334/white45/center.jpg,ColourDiam,Apparel & Accessories > Jewelry,,1,,,,unisex,,,adult,,,,,,,,,GIA,Fine Jewelry
7475,"Imbued with the radiance of morning sunlight, these exquisite rings are a masterclass in fine jewelry craftsmanship. Handcrafted in 18k, the design centers around a GIA-certified 3.02 carat Natural Diamond diamond (). The center stones are masterfully elevated by a halo of 76 shimmering white diamonds (0.35 Ct) and 16 shimmering pear diamonds (1.59 Ct), creating an illusion of seamless, infinite brilliance. Weighing a total of 6.87 grams, this statement piece offers a secure, comfortable fit with breathtaking visual impact, making it an extraordinary treasure for life's most cherished milestones.",2.23ct Fancy Green SI Diamond Convertible Ring in 18k,in stock,new,130854.81 HKD,https://colourdiam.com/productdetail/7475,https://www.colourdiam.com/Product/Jewellery/7475/white45/center.jpg,ColourDiam,Apparel & Accessories > Jewelry,,1,,,,unisex,,,adult,,,,,,,,,AGL,Fine Jewelry
7369,"Imbued with the radiance of morning sunlight, these exquisite rings are a masterclass in fine jewelry craftsmanship. Handcrafted in 18k, the design centers around a GIA-certified 2.23 carat Natural Diamond diamond (). The center stones are masterfully elevated by a halo of 104 shimmering white diamonds (0.75 Ct) and 10 shimmering pear diamonds (1.84 Ct), creating an illusion of seamless, infinite brilliance. Weighing a total of 8.59 grams, this statement piece offers a secure, comfortable fit with breathtaking visual impact, making it an extraordinary treasure for life's most cherished milestones.",3.50ct Fancy Greenish Yellow GIA 18k Ring,in stock,new,225611.74 HKD,,https://www.colourdiam.com/Product/Jewellery/7369/white45/center.jpg,ColourDiam,Apparel & Accessories > Jewelry,,1,,,,unisex,,,adult,,,,,,,,,GIA,Fine Jewelry
4723,"Imbued with the radiance of morning sunlight, these exquisite rings are a masterclass in fine jewelry craftsmanship. Handcrafted in 18k, the design centers around a GIA-certified 3.60 carat Fancy Brownish Greenish Yellow diamond (VS2). The center stones are masterfully elevated by a halo of 85 shimmering white diamonds (0.48 Ct) and 16 shimmering pear diamonds (0.59 Ct), creating an illusion of seamless, infinite brilliance. Weighing a total of 8.674 grams, this statement piece offers a secure, comfortable fit with breathtaking visual impact, making it an extraordinary treasure for life's most cherished milestones.",0.79ct Fancy Light Green SI2 GIA 18k Gold Ring,in stock,new,49634.58 HKD,https://colourdiam.com/productdetail/4723,https://www.colourdiam.com/Product/Jewellery/4723/white45/center.jpg,ColourDiam,Apparel & Accessories > Jewelry,,1,,,,unisex,,,adult,,,,,,,,,GIA,Fine Jewelry
6278,"Imbued with the radiance of morning sunlight, these exquisite rings are a masterclass in fine jewelry craftsmanship. Handcrafted in 18k, the design centers around a GIA-certified 0.79 carat Fancy Light Green diamond (SI2). The center stones are masterfully elevated by a halo of 224 shimmering white diamonds (1.12 Ct), creating an illusion of seamless, infinite brilliance. Weighing a total of 6.344 grams, this statement piece offers a secure, comfortable fit with breathtaking visual impact, making it an extraordinary treasure for life's most cherished milestones.",0.70ct Very Light Pink GIA 18k Gold Diamond Ring,in stock,new,72195.76 HKD,,https://www.colourdiam.com/Product/Jewellery/6278/white45/center.jpg,ColourDiam,Apparel & Accessories > Jewelry,,1,,,,unisex,,,adult,,,,,,,,,GIA,Fine Jewelry
5437,"Imbued with the radiance of morning sunlight, these exquisite rings are a masterclass in fine jewelry craftsmanship. Handcrafted in 18k, the design centers around a GIA-certified 0.70 carat Very Light Pink diamond (SI2). The center stones are masterfully elevated by a halo of 66 shimmering white diamonds (0.67 Ct), creating an illusion of seamless, infinite brilliance. Weighing a total of 6.344 grams, this statement piece offers a secure, comfortable fit with breathtaking visual impact, making it an extraordinary treasure for life's most cherished milestones.",0.66ct Fancy Light Green VVS2 GIA 18k Gold Ring,in stock,new,49634.58 HKD,https://colourdiam.com/productdetail/5437,https://www.colourdiam.com/Product/Jewellery/5437/white45/center.jpg,ColourDiam,Apparel & Accessories > Jewelry,,1,,,,unisex,,,adult,,,,,,,,,GIA,Fine Jewelry
8513,"Imbued with the radiance of morning sunlight, these exquisite rings are a masterclass in fine jewelry craftsmanship. Handcrafted in 18k, the design centers around a GIA-certified 0.66 carat Fancy Light Green diamond (VVS2). The center stones are masterfully elevated by a halo of 37 shimmering white diamonds (0.54 Ct), creating an illusion of seamless, infinite brilliance. Weighing a total of 4.310 grams, this statement piece offers a secure, comfortable fit with breathtaking visual impact, making it an extraordinary treasure for life's most cherished milestones.",1.00ct Fancy Green VS Diamond 18k Ring,in stock,new,27073.41 HKD,,https://www.colourdiam.com/Product/Jewellery/8513/white45/center.jpg,ColourDiam,Apparel & Accessories > Jewelry,,1,,,,unisex,,,adult,,,,,,,,,AGL,Fine Jewelry
8694,"Imbued with the radiance of morning sunlight, these exquisite rings are a masterclass in fine jewelry craftsmanship. Handcrafted in 18k, the design centers around a GIA-certified 1.00 carat Natural Diamond diamond (). The center stones are masterfully elevated by a halo of 44 shimmering white diamonds (0.62 Ct), creating an illusion of seamless, infinite brilliance. Weighing a total of 3.437 grams, this statement piece offers a secure, comfortable fit with breathtaking visual impact, making it an extraordinary treasure for life's most cherished milestones.",1.19ct Light Green Yellow VS1 GIA 18k Ring,in stock,new,72195.76 HKD,,https://www.colourdiam.com/Product/Jewellery/8694/white45/center.jpg,ColourDiam,Apparel & Accessories > Jewelry,,1,,,,unisex,,,adult,,,,,,,,,GIA,Fine Jewelry
8696,"Imbued with the radiance of morning sunlight, these exquisite rings are a masterclass in fine jewelry craftsmanship. Handcrafted in 18k, the design centers around a GIA-certified 1.19 carat Light Green Yellow diamond (VS1). The center stones are masterfully elevated by a halo of 38 shimmering white diamonds (0.15 Ct), creating an illusion of seamless, infinite brilliance. Weighing a total of 4.27 grams, this statement piece offers a secure, comfortable fit with breathtaking visual impact, making it an extraordinary treasure for life's most cherished milestones.",1.10ct Fancy Greenish Yellow GIA 18k Gold Ring,in stock,new,81220.23 HKD,,https://www.colourdiam.com/Product/Jewellery/8696/white45/center.jpg,ColourDiam,Apparel & Accessories > Jewelry,,1,,,,unisex,,,adult,,,,,,,,,GIA,Fine Jewelry
8380,"Imbued with the radiance of morning sunlight, these exquisite rings are a masterclass in fine jewelry craftsmanship. Handcrafted in 18k, the design centers around a GIA-certified 1.10 carat Fancy Light Greenish Yellow diamond (VVS2). The center stones are masterfully elevated by a halo of 38 shimmering white diamonds (0.15 Ct), creating an illusion of seamless, infinite brilliance. Weighing a total of 4.336 grams, this statement piece offers a secure, comfortable fit with breathtaking visual impact, making it an extraordinary treasure for life's most cherished milestones.",1.74ct Fancy Brown-Green-Yellow GIA Diamond 18k Ring,in stock,new,81220.23 HKD,https://colourdiam.com/productdetail/8380,https://www.colourdiam.com/Product/Jewellery/8380/white45/center.jpg,ColourDiam,Apparel & Accessories > Jewelry,,1,,,,unisex,,,adult,,,,,,,,,GIA,Fine Jewelry
8550,"Imbued with the radiance of morning sunlight, these exquisite rings are a masterclass in fine jewelry craftsmanship. Handcrafted in 18k, the design centers around a GIA-certified 1.74 carat Fancy Brownish Greenish Yellow diamond (VS2). The center stones are masterfully elevated by a halo of 34 shimmering white diamonds (0.240 Ct), creating an illusion of seamless, infinite brilliance. Weighing a total of 4.78 grams, this statement piece offers a secure, comfortable fit with breathtaking visual impact, making it an extraordinary treasure for life's most cherished milestones.",3.03ct Fancy Brown-Yellow GIA 18k Ring,in stock,new,162440.46 HKD,https://colourdiam.com/productdetail/8550,https://www.colourdiam.com/Product/Jewellery/8550/white45/center.jpg,ColourDiam,Apparel & Accessories > Jewelry,,1,,,,unisex,,,adult,,,,,,,,,GIA,Fine Jewelry
7589,"Imbued with the radiance of morning sunlight, these exquisite rings are a masterclass in fine jewelry craftsmanship. Handcrafted in 18k, the design centers around a GIA-certified 3.030 carat Natural Diamond diamond (). The center stones are masterfully elevated by a halo of 32 shimmering white diamonds (0.256 Ct), creating an illusion of seamless, infinite brilliance. Weighing a total of 5.97 grams, this statement piece offers a secure, comfortable fit with breathtaking visual impact, making it an extraordinary treasure for life's most cherished milestones.","**Opulent 3.030 Ct Natural Diamond Ring**

Elevate your fine jewelry collection with these magnificent 18k rings. Featuring a  Ct Natural Diamond , surrounded by 32 white diamonds (0.256 Ct), this heirloom piece radiates warmth and unmatched sophistication.",in stock,new,270734.09 HKD,,https://www.colourdiam.com/Product/Jewellery/7589/white45/center.jpg,ColourDiam,Apparel & Accessories > Jewelry,,1,,,,unisex,,,adult,,,,,,,,,AGL,Fine Jewelry
7745,"Imbued with the radiance of morning sunlight, these exquisite rings are a masterclass in fine jewelry craftsmanship. Handcrafted in 18k, the design centers around a GIA-certified 3.01 carat Natural Diamond diamond (). The center stones are masterfully elevated by a halo of 38 shimmering white diamonds (0.15 Ct), creating an illusion of seamless, infinite brilliance. Weighing a total of 6.524 grams, this statement piece offers a secure, comfortable fit with breathtaking visual impact, making it an extraordinary treasure for life's most cherished milestones.","**Exquisite 3.01 Ct Natural Diamond Ring**

Elevate your fine jewelry collection with these magnificent 18k rings. Featuring a  Ct Natural Diamond , surrounded by 38 white diamonds (0.15 Ct), this heirloom piece radiates warmth and unmatched sophistication.",in stock,new,54146.82 HKD,,https://www.colourdiam.com/Product/Jewellery/7745/white45/center.jpg,ColourDiam,Apparel & Accessories > Jewelry,,1,,,,unisex,,,adult,,,,,,,,,GIA,Fine Jewelry
7746,"Imbued with the radiance of morning sunlight, these exquisite rings are a masterclass in fine jewelry craftsmanship. Handcrafted in 18k, the design centers around a GIA-certified 0.53 carat Natural Diamond diamond (). The center stones are masterfully elevated by a halo of 36 shimmering white diamonds (0.234 Ct), creating an illusion of seamless, infinite brilliance. Weighing a total of 2.81 grams, this statement piece offers a secure, comfortable fit with breathtaking visual impact, making it an extraordinary treasure for life's most cherished milestones.","**Stunning 0.53 Ct Natural Diamond Ring**

Elevate your fine jewelry collection with these magnificent 18k rings. Featuring a  Ct Natural Diamond , surrounded by 36 white diamonds (0.234 Ct), this heirloom piece radiates warmth and unmatched sophistication.",in stock,new,63171.29 HKD,,https://www.colourdiam.com/Product/Jewellery/7746/white45/center.jpg,ColourDiam,Apparel & Accessories > Jewelry,,1,,,,unisex,,,adult,,,,,,,,,GIA,Fine Jewelry
7819,"Imbued with the radiance of morning sunlight, these exquisite rings are a masterclass in fine jewelry craftsmanship. Handcrafted in 18k, the design centers around a GIA-certified 0.51 carat Natural Diamond diamond (). The center stones are masterfully elevated by a halo of 73 shimmering white diamonds (1.08 Ct), creating an illusion of seamless, infinite brilliance. Weighing a total of 4.157 grams, this statement piece offers a secure, comfortable fit with breathtaking visual impact, making it an extraordinary treasure for life's most cherished milestones.",0.53ct Light Pink GIA Certified 18k Gold Diamond Ring,in stock,new,72195.76 HKD,,https://www.colourdiam.com/Product/Jewellery/7819/white45/center.jpg,ColourDiam,Apparel & Accessories > Jewelry,,1,,,,unisex,,,adult,,,,,,,,,GIA,Fine Jewelry
7800,"Imbued with the radiance of morning sunlight, these exquisite rings are a masterclass in fine jewelry craftsmanship. Handcrafted in 18k, the design centers around a GIA-certified 0.53 carat Natural Diamond diamond (). The center stones are masterfully elevated by a halo of 73 shimmering white diamonds (1.08 Ct), creating an illusion of seamless, infinite brilliance. Weighing a total of 4.157 grams, this statement piece offers a secure, comfortable fit with breathtaking visual impact, making it an extraordinary treasure for life's most cherished milestones.",0.50ct Faint Pink VS1 GIA 18k Pink Diamond Ring,in stock,new,72195.76 HKD,,https://www.colourdiam.com/Product/Jewellery/7800/white45/center.jpg,ColourDiam,Apparel & Accessories > Jewelry,,1,,,,unisex,,,adult,,,,,,,,,GIA,Fine Jewelry
8013,"Imbued with the radiance of morning sunlight, these exquisite rings are a masterclass in fine jewelry craftsmanship. Handcrafted in 18k, the design centers around a GIA-certified 0.50 carat Natural Diamond diamond (). The center stones are masterfully elevated by a halo of 74 shimmering white diamonds (1.09 Ct), creating an illusion of seamless, infinite brilliance. Weighing a total of 4.15 grams, this statement piece offers a secure, comfortable fit with breathtaking visual impact, making it an extraordinary treasure for life's most cherished milestones.","**Captivating 0.50 Ct Natural Diamond Ring**

Elevate your fine jewelry collection with these magnificent 18k rings. Featuring a  Ct Natural Diamond , surrounded by 74 white diamonds (1.09 Ct), this heirloom piece radiates warmth and unmatched sophistication.",in stock,new,63171.29 HKD,,https://www.colourdiam.com/Product/Jewellery/8013/white45/center.jpg,ColourDiam,Apparel & Accessories > Jewelry,,1,,,,unisex,,,adult,,,,,,,,,GIA,Fine Jewelry
8587,"Imbued with the radiance of morning sunlight, these exquisite rings are a masterclass in fine jewelry craftsmanship. Handcrafted in 18k, the design centers around a GIA-certified 1.01 carat Natural Diamond diamond (). The center stones are masterfully elevated by a halo of 58 shimmering white diamonds (0.23 Ct), creating an illusion of seamless, infinite brilliance. Weighing a total of 4.325 grams, this statement piece offers a secure, comfortable fit with breathtaking visual impact, making it an extraordinary treasure for life's most cherished milestones.","**Breathtaking 1.01 Ct Natural Diamond Ring**

Elevate your fine jewelry collection with these magnificent 18k rings. Featuring a  Ct Natural Diamond , surrounded by 58 white diamonds (0.23 Ct), this heirloom piece radiates warmth and unmatched sophistication.",in stock,new,58659.05 HKD,,https://www.colourdiam.com/Product/Jewellery/8587/white45/center.jpg,ColourDiam,Apparel & Accessories > Jewelry,,1,,,,unisex,,,adult,,,,,,,,,GIA,Fine Jewelry
7170,"Imbued with the radiance of morning sunlight, these exquisite rings are a masterclass in fine jewelry craftsmanship. Handcrafted in 18k, the design centers around a GIA-certified 1.70 carat Natural Diamond diamond (). The center stones are masterfully elevated by a halo of 90 shimmering white diamonds (0.37 Ct), creating an illusion of seamless, infinite brilliance. Weighing a total of 3.826 grams, this statement piece offers a secure, comfortable fit with breathtaking visual impact, making it an extraordinary treasure for life's most cherished milestones.","**Magnificent 1.70 Ct Natural Diamond Ring**

Elevate your fine jewelry collection with these magnificent 18k rings. Featuring a  Ct Natural Diamond , surrounded by 90 white diamonds (0.37 Ct), this heirloom piece radiates warmth and unmatched sophistication.",in stock,new,36097.88 HKD,,https://www.colourdiam.com/Product/Jewellery/7170/white45/center.jpg,ColourDiam,Apparel & Accessories > Jewelry,,1,,,,unisex,,,adult,,,,,,,,,GIA,Fine Jewelry
6955_7700,"Imbued with the radiance of morning sunlight, these exquisite rings are a masterclass in fine jewelry craftsmanship. Handcrafted in 18k, the design centers around a GIA-certified 1.00 carat Natural Diamond diamond (). The center stones are masterfully elevated by a halo of 69 shimmering white diamonds (0.308 Ct) and 08 shimmering pear diamonds (1.04 Ct), creating an illusion of seamless, infinite brilliance. Weighing a total of 4.403 grams, this statement piece offers a secure, comfortable fit with breathtaking visual impact, making it an extraordinary treasure for life's most cherished milestones.","**Breathtaking 1.00 Ct Natural Diamond Ring**

Elevate your fine jewelry collection with these magnificent 18k rings. Featuring a  Ct Natural Diamond , surrounded by 69 white diamonds (0.308 Ct) and 08 pear diamonds (1.04 Ct), this heirloom piece radiates warmth and unmatched sophistication.",in stock,new,72195.76 HKD,,https://www.colourdiam.com/Product/Jewellery/6955_7700/white45/center.jpg,ColourDiam,Apparel & Accessories > Jewelry,,1,,,,unisex,,,adult,,,,,,,,,GIA,Fine Jewelry
7984,"Imbued with the radiance of morning sunlight, these exquisite rings are a masterclass in fine jewelry craftsmanship. Handcrafted in 18k, the design centers around a GIA-certified 1.00 carat Natural Diamond diamond (). The center stones are masterfully elevated by a halo of 40 shimmering white diamonds (0.27 Ct), creating an illusion of seamless, infinite brilliance. Weighing a total of 4.403 grams, this statement piece offers a secure, comfortable fit with breathtaking visual impact, making it an extraordinary treasure for life's most cherished milestones.","**Sumptuous 1.00 Ct Natural Diamond Ring**

Elevate your fine jewelry collection with these magnificent 18k rings. Featuring a  Ct Natural Diamond , surrounded by 40 white diamonds (0.27 Ct), this heirloom piece radiates warmth and unmatched sophistication.",in stock,new,79415.33 HKD,https://colourdiam.com/productdetail/7984,https://www.colourdiam.com/Product/Jewellery/7984/white45/center.jpg,ColourDiam,Apparel & Accessories > Jewelry,,1,,,,unisex,,,adult,,,,,,,,,GIA,Fine Jewelry
8693_8690,"Imbued with the radiance of morning sunlight, this ring is a masterclass in fine jewelry craftsmanship. Handcrafted in 18k, the design centers around two GIA-certified Light Yellow Green diamonds totaling 0.86 carats (0.36 Ct SI1 and 0.50 Ct VS2). The center stones are masterfully elevated by 08 pear diamonds (0.49 Ct) and 12 marquise diamonds (0.96 Ct), creating an illusion of seamless, infinite brilliance. Weighing a total of 6.645 grams, this ring offers a secure, comfortable fit with breathtaking visual impact.","**Gleaming 0.86 Ct Light Yellow Green Ring**

Crafted with meticulous precision in 18k, this ring embodies a gleaming allure. Center stones: 0.36 Ct Light Yellow Green SI1 & 0.50 Ct Faint Yellow Green VS2
Accents: 08 Pear Diamonds (0.49 Ct) | 12 Marquise Diamonds (0.96 Ct). A testament to nature's finest creation and masterful human artistry.",in stock,new,135367.05 HKD,https://colourdiam.com/productdetail/Menu/8693/8690,https://www.colourdiam.com/Product/Jewellery/8693_8690/white45/center.jpg,ColourDiam,Apparel & Accessories > Jewelry,,1,,,,unisex,,,adult,,,,,,,,,GIA,Fine Jewelry
8585,"A true treasure of haute joaillerie. This ring is meticulously handcrafted in 18k, showcasing Center: 0.54 Ct Natural Diamond.
Accents: 128 × White Diamonds (0.512 Ct total), 16 × Pink Diamonds (0.144 Ct total), 10 × Marquise Diamonds (0.80 Ct total)
Total weight: 5.096 grams

Each stone has been carefully selected for its exceptional color and clarity, then masterfully set to create a one-of-a-kind composition of light and form.",1.01ct Fancy Greenish Yellow Diamond 18k Ring GIA,in stock,new,63171.29 HKD,https://colourdiam.com/productdetail/8585,https://www.colourdiam.com/Product/Jewellery/8585/white45/center.jpg,ColourDiam,Apparel & Accessories > Jewelry,,1,,,,unisex,,,adult,,,,,,,,,GIA,Fine Jewelry
7983,"A true treasure of haute joaillerie. This earring is meticulously handcrafted in 18k, showcasing Center stones: 1.51 Ct Fancy Light Greenish Yellow SI1 & 1.51 Ct Light Greenish Yellow VS2.
Accents: 02 × White Diamonds (0.22 Ct total), 14 × Marquise Diamonds (1.34 Ct total)
Total weight: 4.848 grams

Each stone has been carefully selected for its exceptional color and clarity, then masterfully set to create a matchless composition of light and form.","**Mesmerizing 3.02 Ct Fancy Light Greenish Yellow Earring**

Elevate your fine jewelry collection with this magnificent 18k creation. Featuring a matched pair of GIA-certified 1.51 Ct Fancy Light Greenish Yellow SI1 and 1.51 Ct Light Greenish Yellow VS2, framed by a constellation of 02 white diamonds (0.22 Ct) and 14 marquise diamonds (1.34 Ct), this heirloom-quality piece displays timeless sophistication and unmatched artistry.",in stock,new,85732.46 HKD,https://colourdiam.com/productdetail/7983,https://www.colourdiam.com/Product/Jewellery/7983/white45/center.jpg,ColourDiam,Apparel & Accessories > Jewelry,,1,,,,unisex,,,adult,,,,,,,,,GIA,Fine Jewelry
8692_8697,"Imbued with the radiance of morning sunlight, this ring is a masterclass in fine jewelry craftsmanship. Handcrafted in 18k, the design centers around a GIA-certified 1.01 carat Fancy Brownish Greenish Yellow Si diamond. The center stones are masterfully elevated by 64 white diamonds (0.336 Ct), creating an illusion of seamless, infinite brilliance. Weighing a total of 3.63 grams, this ring offers a secure, comfortable fit with breathtaking visual impact.","**Breathtaking 1.01 Ct Fancy Brownish Greenish Yellow Si Ring**

Elevate your fine jewelry collection with this magnificent 18k creation. Featuring a GIA-certified 1.01 Ct Fancy Brownish Greenish Yellow Si, framed by a constellation of 64 white diamonds (0.336 Ct), this heirloom-quality piece captures timeless sophistication and unmatched artistry.",in stock,new,162440.46 HKD,https://colourdiam.com/productdetail/Menu/8692/8697,https://www.colourdiam.com/Product/Jewellery/8692_8697/white45/center.jpg,ColourDiam,Apparel & Accessories > Jewelry,,1,,,,unisex,,,adult,,,,,,,,,GIA,Fine Jewelry
7699,"Imbued with the radiance of morning sunlight, this ring is a masterclass in fine jewelry craftsmanship. Handcrafted in 18k, the design centers around a GIA-certified 0.61 carat Faint Pink diamond (VS2). The center stones are masterfully elevated by 57 white diamonds (0.228 Ct) and 15 pink diamonds (0.135 Ct) and 08 marquise diamonds (0.20 Ct), creating an illusion of seamless, infinite brilliance. Weighing a total of 3.535 grams, this ring offers a secure, comfortable fit with breathtaking visual impact.","**Luminous 0.61 Ct Faint Pink Ring**

Crafted with meticulous precision in 18k, this ring commands a luminous allure. Center stone: 0.61 Ct Faint Pink VS2
Accents: 57 White Diamonds (0.228 Ct) | 15 Pink Diamonds (0.135 Ct) | 08 Marquise Diamonds (0.20 Ct). A testament to nature's finest creation and masterful human artistry.",in stock,new,58659.05 HKD,https://colourdiam.com/productdetail/7699,https://www.colourdiam.com/Product/Jewellery/7699/white45/center.jpg,ColourDiam,Apparel & Accessories > Jewelry,,1,,,,unisex,,,adult,,,,,,,,,GIA,Fine Jewelry
7049_5653,"Imbued with the radiance of morning sunlight, this earring is a masterclass in fine jewelry craftsmanship. Handcrafted in 18k, the design centers around two GIA-certified Fancy Light Greenish Yellow diamonds totaling 2.45 carats (1.24 Ct VS1 and 1.21 Ct SI1). The center stones are masterfully elevated by 110 white diamonds (2.14 Ct) and 34 pink diamonds (0.51 Ct), creating an illusion of seamless, infinite brilliance. Weighing a total of 9.106 grams, this earring offers a secure, comfortable fit with breathtaking visual impact.","**Glorious 2.45 Ct Fancy Light Greenish Yellow Earring**

Elevate your fine jewelry collection with this magnificent 18k creation. Featuring a matched pair of GIA-certified 1.24 Ct Fancy Light Greenish Yellow VS1 and 1.21 Ct Light Greenish Yellow SI1, framed by a constellation of 110 white diamonds (2.14 Ct) and 34 pink diamonds (0.51 Ct), this heirloom-quality piece embodies timeless sophistication and unmatched artistry.",in stock,new,270734.09 HKD,,https://www.colourdiam.com/Product/Jewellery/7049_5653/white45/center.jpg,ColourDiam,Apparel & Accessories > Jewelry,,1,,,,unisex,,,adult,,,,,,,,,GIA,Fine Jewelry
8844_8848,"A true treasure of haute joaillerie. This ring is meticulously handcrafted in 18k, showcasing Center: 0.72 Ct Faint Pink I1.
Accents: 90 × White Diamonds (0.33 Ct total)
Total weight: 3.301 grams

Each stone has been carefully selected for its exceptional color and clarity, then masterfully set to create a exceptional composition of light and form.","**Gleaming 0.72 Ct Faint Pink Ring**

Crafted with meticulous precision in 18k, this ring boasts a gleaming allure. Center stone: 0.72 Ct Faint Pink I1
Accents: 90 White Diamonds (0.33 Ct). A testament to nature's finest creation and masterful human artistry.",in stock,new,4963.46 HKD,https://colourdiam.com/productdetail/Menu/8844/8848,https://www.colourdiam.com/Product/Jewellery/8844_8848/white45/center.jpg,ColourDiam,Apparel & Accessories > Jewelry,,1,,,,unisex,,,adult,,,,,,,,,GIA,Fine Jewelry
8838,"Imbued with the radiance of morning sunlight, these exquisite rings are a masterclass in fine jewelry craftsmanship. Handcrafted in Precious Metal, the design centers around a GIA-certified  carat Natural Diamond diamond (). Weighing a total of 5.79 grams, this statement piece offers a secure, comfortable fit with breathtaking visual impact, making it an extraordinary treasure for life's most cherished milestones.","**Exquisite  Ct Natural Diamond ring**

Elevate your fine jewelry collection with these magnificent Precious Metal rings. Featuring a  Ct Natural Diamond , this heirloom piece radiates warmth and unmatched sophistication.",in stock,new,20467.5 HKD,https://colourdiam.com/productdetail/8838,https://www.colourdiam.com/Product/Jewellery/8838/white45/center.jpg,ColourDiam,Apparel & Accessories > Jewelry,,1,,,,unisex,,,adult,,,,,,,,,,Fine Jewelry
6066,"Imbued with the radiance of morning sunlight, these exquisite earrings are a masterclass in fine jewelry craftsmanship. Handcrafted in 18k, the design centers around a GIA-certified 0.60 carat Natural Diamond diamond (). Weighing a total of 1.096 grams, this statement piece offers a secure, comfortable fit with breathtaking visual impact, making it an extraordinary treasure for life's most cherished milestones.","**Enchanting 0.60 Ct Natural Diamond Earring**

Elevate your fine jewelry collection with these magnificent 18k earrings. Featuring a  Ct Natural Diamond , this heirloom piece radiates warmth and unmatched sophistication.",in stock,new,54146.82 HKD,https://colourdiam.com/productdetail/6066,https://www.colourdiam.com/Product/Jewellery/6066/white45/center.jpg,ColourDiam,Apparel & Accessories > Jewelry,,1,,,,unisex,,,adult,,,,,,,,,GIA,Fine Jewelry
7566_7571_4668,"Imbued with the radiance of morning sunlight, these exquisite earrings are a masterclass in fine jewelry craftsmanship. Handcrafted in 18k, the design centers around a GIA-certified 0.40 carat Natural Diamond diamond (). Weighing a total of 11.496 grams, this statement piece offers a secure, comfortable fit with breathtaking visual impact, making it an extraordinary treasure for life's most cherished milestones.","**Resplendent 0.40 Ct Natural Diamond Earring**

Elevate your fine jewelry collection with these magnificent 18k earrings. Featuring a  Ct Natural Diamond , this heirloom piece radiates warmth and unmatched sophistication.",in stock,new,180489.4 HKD,https://colourdiam.com/productdetail/Menu/7566/7571/4668,https://www.colourdiam.com/Product/Jewellery/7566_7571_4668/white45/center.jpg,ColourDiam,Apparel & Accessories > Jewelry,,1,,,,unisex,,,adult,,,,,,,,,AGL,Fine Jewelry
4903,"Imbued with the radiance of morning sunlight, these exquisite rings are a masterclass in fine jewelry craftsmanship. Handcrafted in 18k, the design centers around a GIA-certified 0.28 carat Natural Diamond diamond (). The center stones are masterfully elevated by a halo of 32 shimmering white diamonds (0.46 Ct) and 01 shimmering pear diamonds (0.25 Ct), creating an illusion of seamless, infinite brilliance. Weighing a total of 5.578 grams, this statement piece offers a secure, comfortable fit with breathtaking visual impact, making it an extraordinary treasure for life's most cherished milestones.","**Resplendent 0.28 Ct Natural Diamond Ring**

Elevate your fine jewelry collection with these magnificent 18k rings. Featuring a  Ct Natural Diamond , surrounded by 32 white diamonds (0.46 Ct) and 01 pear diamonds (0.25 Ct), this heirloom piece radiates warmth and unmatched sophistication.",in stock,new,40610.11 HKD,https://colourdiam.com/productdetail/4903,https://www.colourdiam.com/Product/Jewellery/4903/white45/center.jpg,ColourDiam,Apparel & Accessories > Jewelry,,1,,,,unisex,,,adult,,,,,,,,,GIA,Fine Jewelry
5416,"Imbued with the radiance of morning sunlight, these exquisite earrings are a masterclass in fine jewelry craftsmanship. Handcrafted in 18k, the design centers around two GIA-certified Fancy Pink diamonds totaling 2.90 carats (1.50 Ct SI2 and 1.40 Ct SI2). The center stones are masterfully elevated by a halo of 32 shimmering white diamonds (0.28 Ct) and 32 shimmering pear diamonds (1.17 Ct), creating an illusion of seamless, infinite brilliance. Weighing a total of 9.50 grams, this statement piece offers a secure, comfortable fit with breathtaking visual impact, making it an extraordinary treasure for life's most cherished milestones.","**Stunning 2.90 Ct Fancy Pink Earring**

Elevate your fine jewelry collection with these magnificent 18k earrings. Featuring a matched pair of 1.50 Ct Fancy Pink SI2 and 1.40 Ct Fancy Pink SI2, surrounded by 32 white diamonds (0.28 Ct) and 32 pear diamonds (1.17 Ct), this heirloom piece radiates warmth and unmatched sophistication.",in stock,new,45122.35 HKD,,https://www.colourdiam.com/Product/Jewellery/5416/white45/center.jpg,ColourDiam,Apparel & Accessories > Jewelry,,1,,,,unisex,,,adult,,,,,,,,,GIA,Fine Jewelry
5435,"Imbued with the radiance of morning sunlight, these exquisite rings are a masterclass in fine jewelry craftsmanship. Handcrafted in 18k, the design centers around a GIA-certified 1.03 carat Natural Diamond diamond (). Weighing a total of 3.69 grams, this statement piece offers a secure, comfortable fit with breathtaking visual impact, making it an extraordinary treasure for life's most cherished milestones.","**Captivating 1.03 Ct Natural Diamond Ring**

Elevate your fine jewelry collection with these magnificent 18k rings. Featuring a  Ct Natural Diamond , this heirloom piece radiates warmth and unmatched sophistication.",in stock,new,45122.35 HKD,https://colourdiam.com/productdetail/5435,https://www.colourdiam.com/Product/Jewellery/5435/white45/center.jpg,ColourDiam,Apparel & Accessories > Jewelry,,1,,,,unisex,,,adult,,,,,,,,,GIA,Fine Jewelry
8549_8559,"Imbued with the radiance of morning sunlight, these exquisite rings are a masterclass in fine jewelry craftsmanship. Handcrafted in 18k, the design centers around a GIA-certified 0.47 carat Natural Diamond diamond (). Weighing a total of 4.175 grams, this statement piece offers a secure, comfortable fit with breathtaking visual impact, making it an extraordinary treasure for life's most cherished milestones.","**Magnificent 0.47 Ct Natural Diamond Ring**

Elevate your fine jewelry collection with these magnificent 18k rings. Featuring a  Ct Natural Diamond , this heirloom piece radiates warmth and unmatched sophistication.",in stock,new,148903.75 HKD,https://colourdiam.com/productdetail/Menu/8549/8559,https://www.colourdiam.com/Product/Jewellery/8549_8559/white45/center.jpg,ColourDiam,Apparel & Accessories > Jewelry,,1,,,,unisex,,,adult,,,,,,,,,GIA,Fine Jewelry
8554_7272,"Imbued with the radiance of morning sunlight, these exquisite rings are a masterclass in fine jewelry craftsmanship. Handcrafted in 18k, the design centers around a GIA-certified 0.50 carat Natural Diamond diamond (). Weighing a total of 4.70 grams, this statement piece offers a secure, comfortable fit with breathtaking visual impact, making it an extraordinary treasure for life's most cherished milestones.","**Captivating 0.50 Ct Natural Diamond Ring**

Elevate your fine jewelry collection with these magnificent 18k rings. Featuring a  Ct Natural Diamond , this heirloom piece radiates warmth and unmatched sophistication.",in stock,new,108293.64 HKD,https://colourdiam.com/productdetail/Menu/8554/7272,https://www.colourdiam.com/Product/Jewellery/8554_7272/white45/center.jpg,ColourDiam,Apparel & Accessories > Jewelry,,1,,,,unisex,,,adult,,,,,,,,,GIA,Fine Jewelry
8665,"Imbued with the radiance of morning sunlight, these exquisite earrings are a masterclass in fine jewelry craftsmanship. Handcrafted in 18k, the design centers around a GIA-certified 3.01 carat Natural Diamond diamond (). The center stones are masterfully elevated by a halo of 06 shimmering pear diamonds (1.130 Ct), creating an illusion of seamless, infinite brilliance. Weighing a total of 7.745 grams, this statement piece offers a secure, comfortable fit with breathtaking visual impact, making it an extraordinary treasure for life's most cherished milestones.","**Enchanting 3.01 Ct Natural Diamond Earring**

Elevate your fine jewelry collection with these magnificent 18k earrings. Featuring a  Ct Natural Diamond , surrounded by 06 pear diamonds (1.130 Ct), this heirloom piece radiates warmth and unmatched sophistication.",in stock,new,76707.99 HKD,https://colourdiam.com/productdetail/8665,https://www.colourdiam.com/Product/Jewellery/8665/white45/center.jpg,ColourDiam,Apparel & Accessories > Jewelry,,1,,,,unisex,,,adult,,,,,,,,,GIA,Fine Jewelry
9143,"Imbued with the radiance of morning sunlight, these exquisite rings are a masterclass in fine jewelry craftsmanship. Handcrafted in 18k, the design centers around a GIA-certified 1.25 carat Natural Diamond diamond (). The center stones are masterfully elevated by a halo of 12 shimmering white diamonds (0.35 Ct), creating an illusion of seamless, infinite brilliance. Weighing a total of 5.435 grams, this statement piece offers a secure, comfortable fit with breathtaking visual impact, making it an extraordinary treasure for life's most cherished milestones.","**Stunning 1.25 Ct Natural Diamond Ring**

Elevate your fine jewelry collection with these magnificent 18k rings. Featuring a  Ct Natural Diamond , surrounded by 12 white diamonds (0.35 Ct), this heirloom piece radiates warmth and unmatched sophistication.",in stock,new,67683.52 HKD,,https://www.colourdiam.com/Product/Jewellery/9143/white45/center.jpg,ColourDiam,Apparel & Accessories > Jewelry,,1,,,,unisex,,,adult,,,,,,,,,AGL,Fine Jewelry
8539,"Imbued with the radiance of morning sunlight, these exquisite rings are a masterclass in fine jewelry craftsmanship. Handcrafted in 18k, the design centers around a GIA-certified 1.07 carat Natural Diamond diamond (). Weighing a total of 5.796 grams, this statement piece offers a secure, comfortable fit with breathtaking visual impact, making it an extraordinary treasure for life's most cherished milestones.","**Exquisite 1.07 Ct Natural Diamond Ring**

Elevate your fine jewelry collection with these magnificent 18k rings. Featuring a  Ct Natural Diamond , this heirloom piece radiates warmth and unmatched sophistication.",in stock,new,0 HKD,,https://www.colourdiam.com/Product/Jewellery/8539/white45/center.jpg,ColourDiam,Apparel & Accessories > Jewelry,,1,,,,unisex,,,adult,,,,,,,,,,Fine Jewelry
7152_7268,"Imbued with the radiance of morning sunlight, these exquisite earrings are a masterclass in fine jewelry craftsmanship. Handcrafted in 18k, the design centers around a GIA-certified 2.505 carat Natural Diamond diamond (). The center stones are masterfully elevated by a halo of 459 shimmering white diamonds (2.04 Ct), creating an illusion of seamless, infinite brilliance. Weighing a total of 11.45 grams, this statement piece offers a secure, comfortable fit with breathtaking visual impact, making it an extraordinary treasure for life's most cherished milestones.","**Dazzling 2.505 Ct Natural Diamond Earring**

Elevate your fine jewelry collection with these magnificent 18k earrings. Featuring a  Ct Natural Diamond , surrounded by 459 white diamonds (2.04 Ct), this heirloom piece radiates warmth and unmatched sophistication.",in stock,new,135367.05 HKD,,https://www.colourdiam.com/Product/Jewellery/7152_7268/white45/center.jpg,ColourDiam,Apparel & Accessories > Jewelry,,1,,,,unisex,,,adult,,,,,,,,,GIA,Fine Jewelry
8555,"Imbued with the radiance of morning sunlight, these exquisite earrings are a masterclass in fine jewelry craftsmanship. Handcrafted in 18k, the design centers around a GIA-certified 22.55 carat Natural Diamond diamond (). The center stones are masterfully elevated by a halo of 166 shimmering white diamonds (1.65 Ct), creating an illusion of seamless, infinite brilliance. Weighing a total of 11.52 grams, this statement piece offers a secure, comfortable fit with breathtaking visual impact, making it an extraordinary treasure for life's most cherished milestones.","**Captivating 22.55 Ct Natural Diamond Earring**

Elevate your fine jewelry collection with these magnificent 18k earrings. Featuring a  Ct Natural Diamond , surrounded by 166 white diamonds (1.65 Ct), this heirloom piece radiates warmth and unmatched sophistication.",in stock,new,54146.82 HKD,https://colourdiam.com/productdetail/8555,https://www.colourdiam.com/Product/Jewellery/8555/white45/center.jpg,ColourDiam,Apparel & Accessories > Jewelry,,1,,,,unisex,,,adult,,,,,,,,,GIA,Fine Jewelry
8898,"Imbued with the radiance of morning sunlight, these exquisite rings are a masterclass in fine jewelry craftsmanship. Handcrafted in 18k, the design centers around a GIA-certified 1.14 carat Natural Diamond diamond (). The center stones are masterfully elevated by a halo of 71 shimmering white diamonds (0.31 Ct), creating an illusion of seamless, infinite brilliance. Weighing a total of 7.625 grams, this statement piece offers a secure, comfortable fit with breathtaking visual impact, making it an extraordinary treasure for life's most cherished milestones.","**Enchanting 1.14 Ct Natural Diamond Ring**

Elevate your fine jewelry collection with these magnificent 18k rings. Featuring a  Ct Natural Diamond , surrounded by 71 white diamonds (0.31 Ct), this heirloom piece radiates warmth and unmatched sophistication.",in stock,new,10829.36 HKD,https://colourdiam.com/productdetail/8898,https://www.colourdiam.com/Product/Jewellery/8898/white45/center.jpg,ColourDiam,Apparel & Accessories > Jewelry,,1,,,,unisex,,,adult,,,,,,,,,,Fine Jewelry
8179_5668,"Imbued with the radiance of morning sunlight, these exquisite rings are a masterclass in fine jewelry craftsmanship. Handcrafted in 18k, the design centers around a GIA-certified 1.00 carat Natural Diamond diamond (). Weighing a total of 3.238 grams, this statement piece offers a secure, comfortable fit with breathtaking visual impact, making it an extraordinary treasure for life's most cherished milestones.",1.71ct Fancy Greenish-Yellow GIA 18k Ring,in stock,new,135367.05 HKD,https://colourdiam.com/productdetail/Menu/8179/5668,https://www.colourdiam.com/Product/Jewellery/8179_5668/white45/center.jpg,ColourDiam,Apparel & Accessories > Jewelry,,1,,,,unisex,,,adult,,,,,,,,,GIA,Fine Jewelry
9131_9132,"Imbued with the radiance of morning sunlight, these exquisite earrings are a masterclass in fine jewelry craftsmanship. Handcrafted in 18k, the design centers around a GIA-certified 1.63 carat Natural Diamond diamond (). Weighing a total of 3.716 grams, this statement piece offers a secure, comfortable fit with breathtaking visual impact, making it an extraordinary treasure for life's most cherished milestones.",9.73ct Ruby and Silver Convertible Earring Pendant,in stock,new,5865.91 HKD,https://colourdiam.com/productdetail/Menu/9131/9132,https://www.colourdiam.com/Product/Jewellery/9131_9132/white45/center.jpg,ColourDiam,Apparel & Accessories > Jewelry,,1,,,,unisex,,,adult,,,,,,,,,,Fine Jewelry
9133,"Imbued with the radiance of morning sunlight, these exquisite rings are a masterclass in fine jewelry craftsmanship. Handcrafted in 18k, the design centers around a GIA-certified 1.71 carat Natural Diamond diamond (). Weighing a total of 4.45 grams, this statement piece offers a secure, comfortable fit with breathtaking visual impact, making it an extraordinary treasure for life's most cherished milestones.",Natural Diamond and Gemstone Pendant,in stock,new,0 HKD,https://colourdiam.com/productdetail/9133,https://www.colourdiam.com/Product/Jewellery/9133/white45/center.jpg,ColourDiam,Apparel & Accessories > Jewelry,,1,,,,unisex,,,adult,,,,,,,,,,Fine Jewelry
6156,"Imbued with the radiance of morning sunlight, these exquisite earrings are a masterclass in fine jewelry craftsmanship. Handcrafted in Precious Metal, the design centers around a GIA-certified 9.73 carat Natural Diamond diamond (). Weighing a total of 8.92 grams, this statement piece offers a secure, comfortable fit with breathtaking visual impact, making it an extraordinary treasure for life's most cherished milestones.",1.01ct D VS1 GIA Certified 18k White Gold Diamond Ring,in stock,new,40610.11 HKD,https://colourdiam.com/productdetail/6156,https://www.colourdiam.com/Product/Jewellery/6156/white45/center.jpg,ColourDiam,Apparel & Accessories > Jewelry,,1,,,,unisex,,,adult,,,,,,,,,GIA,Fine Jewelry
6665,1.17 cts Fancy Pinkish Brown Si2 Mainstone - 01 pcs - 1.17 cts 18k Ring : 3.01 gram WHITE : 88 / 0.39,1.17ct Fancy Pinkish Brown GIA 18k Gold Diamond Ring,in stock,new,0 HKD,https://colourdiam.com/productdetail/6665,https://www.colourdiam.com/Product/Jewellery/6665/white45/center.jpg,ColourDiam,Apparel & Accessories > Jewelry,,1,,,,unisex,,,adult,,,,,,,,,GIA,Fine Jewelry
7557,"Imbued with the radiance of morning sunlight, these exquisite rings are a masterclass in fine jewelry craftsmanship. Handcrafted in 18k, the design centers around a GIA-certified 1.01 carat Natural Diamond diamond (). Weighing a total of 2.81 grams, this statement piece offers a secure, comfortable fit with breathtaking visual impact, making it an extraordinary treasure for life's most cherished milestones.",3.02ct Light Greenish Yellow GIA 18k Ring,in stock,new,203050.57 HKD,https://colourdiam.com/productdetail/7557,https://www.colourdiam.com/Product/Jewellery/7557/white45/center.jpg,ColourDiam,Apparel & Accessories > Jewelry,,1,,,,unisex,,,adult,,,,,,,,,GIA,Fine Jewelry
9148,"Imbued with the radiance of morning sunlight, these exquisite rings are a masterclass in fine jewelry craftsmanship. Handcrafted in 18k, the design centers around a GIA-certified 1.17 carat Natural Diamond diamond (). Weighing a total of 3.01 grams, this statement piece offers a secure, comfortable fit with breathtaking visual impact, making it an extraordinary treasure for life's most cherished milestones.",3.36ct Ruby and Diamond Silver Earrings,in stock,new,1308.55 HKD,https://colourdiam.com/productdetail/9148,https://www.colourdiam.com/Product/Jewellery/9148/white45/center.jpg,ColourDiam,Apparel & Accessories > Jewelry,,1,,,,unisex,,,adult,,,,,,,,,,Fine Jewelry
5425,"Imbued with the radiance of morning sunlight, these exquisite rings are a masterclass in fine jewelry craftsmanship. Handcrafted in 18k, the design centers around a GIA-certified 3.02 carat Natural Diamond diamond (). The center stones are masterfully elevated by a halo of 12 shimmering pear diamonds (2.67 Ct), creating an illusion of seamless, infinite brilliance. Weighing a total of 8.88 grams, this statement piece offers a secure, comfortable fit with breathtaking visual impact, making it an extraordinary treasure for life's most cherished milestones.",0.43ct Greenish Blue GIA 18k Gold Diamond Ring,in stock,new,49634.58 HKD,,https://www.colourdiam.com/Product/Jewellery/5425/white45/center.jpg,ColourDiam,Apparel & Accessories > Jewelry,,1,,,,unisex,,,adult,,,,,,,,,GIA,Fine Jewelry
6952,"Imbued with the radiance of morning sunlight, these exquisite earrings are a masterclass in fine jewelry craftsmanship. Handcrafted in Precious Metal, the design centers around a GIA-certified 3.36 carat Natural Diamond diamond (). Weighing a total of 3.75 grams, this statement piece offers a secure, comfortable fit with breathtaking visual impact, making it an extraordinary treasure for life's most cherished milestones.",0.40ct Faint Pink GIA 18k Gold Diamond Ring,in stock,new,40610.11 HKD,,https://www.colourdiam.com/Product/Jewellery/6952/white45/center.jpg,ColourDiam,Apparel & Accessories > Jewelry,,1,,,,unisex,,,adult,,,,,,,,,GIA,Fine Jewelry
3605,"Imbued with the radiance of morning sunlight, these exquisite rings are a masterclass in fine jewelry craftsmanship. Handcrafted in 18k, the design centers around a GIA-certified  carat Natural Diamond diamond (). Weighing a total of 4.27 grams, this statement piece offers a secure, comfortable fit with breathtaking visual impact, making it an extraordinary treasure for life's most cherished milestones.",1.11ct Fancy Yellow VVS AGL 18k Gold Diamond Ring,in stock,new,36097.88 HKD,,https://www.colourdiam.com/Product/Jewellery/3605/white45/center.jpg,ColourDiam,Apparel & Accessories > Jewelry,,1,,,,unisex,,,adult,,,,,,,,,AGL,Fine Jewelry
8178,"Imbued with the radiance of morning sunlight, these exquisite rings are a masterclass in fine jewelry craftsmanship. Handcrafted in 18k, the design centers around a GIA-certified  carat Natural Diamond diamond (). The center stones are masterfully elevated by a halo of 08 shimmering pear diamonds (0.60 Ct), creating an illusion of seamless, infinite brilliance. Weighing a total of 4.05 grams, this statement piece offers a secure, comfortable fit with breathtaking visual impact, making it an extraordinary treasure for life's most cherished milestones.",1.20ct Light Green Yellow GIA 18k Diamond Ring,in stock,new,67683.52 HKD,,https://www.colourdiam.com/Product/Jewellery/8178/white45/center.jpg,ColourDiam,Apparel & Accessories > Jewelry,,1,,,,unisex,,,adult,,,,,,,,,GIA,Fine Jewelry
1980,"Imbued with the radiance of morning sunlight, these exquisite rings are a masterclass in fine jewelry craftsmanship. Handcrafted in 18k, the design centers around a GIA-certified  carat Natural Diamond diamond (). Weighing a total of 4.77 grams, this statement piece offers a secure, comfortable fit with breathtaking visual impact, making it an extraordinary treasure for life's most cherished milestones.",0.75ct Fancy Deep Yellow-Orange GIA Diamond 18k Ring,in stock,new,36097.88 HKD,https://colourdiam.com/productdetail/1980,https://www.colourdiam.com/Product/Jewellery/1980/white45/center.jpg,ColourDiam,Apparel & Accessories > Jewelry,,1,,,,unisex,,,adult,,,,,,,,,GIA,Fine Jewelry
4728,"Imbued with the radiance of morning sunlight, these exquisite rings are a masterclass in fine jewelry craftsmanship. Handcrafted in 18k, the design centers around a GIA-certified  carat Natural Diamond diamond (). Weighing a total of 3.710 grams, this statement piece offers a secure, comfortable fit with breathtaking visual impact, making it an extraordinary treasure for life's most cherished milestones.",0.80ct Fancy Light Green VVS2 GIA Diamond Ring,in stock,new,49634.58 HKD,https://colourdiam.com/productdetail/4728,https://www.colourdiam.com/Product/Jewellery/4728/white45/center.jpg,ColourDiam,Apparel & Accessories > Jewelry,,1,,,,unisex,,,adult,,,,,,,,,GIA,Fine Jewelry
9156,"Imbued with the radiance of morning sunlight, these exquisite rings are a masterclass in fine jewelry craftsmanship. Handcrafted in 18k, the design centers around a GIA-certified  carat Natural Diamond diamond (). Weighing a total of 2.560 grams, this statement piece offers a secure, comfortable fit with breathtaking visual impact, making it an extraordinary treasure for life's most cherished milestones.",18K Gold Sapphire and Diamond Earrings,in stock,new,0 HKD,https://colourdiam.com/productdetail/9156,https://www.colourdiam.com/Product/Jewellery/9156/white45/center.jpg,ColourDiam,Apparel & Accessories > Jewelry,,1,,,,unisex,,,adult,,,,,,,,,,Fine Jewelry
9026_9024,"Imbued with the radiance of morning sunlight, these exquisite rings are a masterclass in fine jewelry craftsmanship. Handcrafted in 18k, the design centers around a GIA-certified  carat Natural Diamond diamond (). Weighing a total of 4.34 grams, this statement piece offers a secure, comfortable fit with breathtaking visual impact, making it an extraordinary treasure for life's most cherished milestones.",0.60ct G SI1 IGI Certified 18k Gold Diamond Earrings,in stock,new,4963.46 HKD,,https://www.colourdiam.com/Product/Jewellery/9026_9024/white45/center.jpg,ColourDiam,Apparel & Accessories > Jewelry,,1,,,,unisex,,,adult,,,,,,,,,IGI,Fine Jewelry
9028_9121,"Imbued with the radiance of morning sunlight, these exquisite earrings are a masterclass in fine jewelry craftsmanship. Handcrafted in 18K, the design centers around a GIA-certified 0.44 carat Natural Diamond diamond (). Weighing a total of 5.782 grams, this statement piece offers a secure, comfortable fit with breathtaking visual impact, making it an extraordinary treasure for life's most cherished milestones.",0.60ct G SI1 IGI Certified 18k Gold Diamond Earrings,in stock,new,4963.46 HKD,https://colourdiam.com/productdetail/Menu/9028/9121,https://www.colourdiam.com/Product/Jewellery/9028_9121/white45/center.jpg,ColourDiam,Apparel & Accessories > Jewelry,,1,,,,unisex,,,adult,,,,,,,,,IGI,Fine Jewelry
9029_9056,"Imbued with the radiance of morning sunlight, these exquisite earrings are a masterclass in fine jewelry craftsmanship. Handcrafted in 18K, the design centers around two GIA-certified G diamonds totaling 0.60 carats (0.3 Ct SI1 and 0.3 Ct SI1). Weighing a total of 1.067 grams, this statement piece offers a secure, comfortable fit with breathtaking visual impact, making it an extraordinary treasure for life's most cherished milestones.",0.60ct G SI1 IGI Certified 18k Gold Diamond Earrings,in stock,new,4963.46 HKD,https://colourdiam.com/productdetail/Menu/9029/9056,https://www.colourdiam.com/Product/Jewellery/9029_9056/white45/center.jpg,ColourDiam,Apparel & Accessories > Jewelry,,1,,,,unisex,,,adult,,,,,,,,,IGI,Fine Jewelry
9030_9048,"Imbued with the radiance of morning sunlight, these exquisite earrings are a masterclass in fine jewelry craftsmanship. Handcrafted in 18K, the design centers around two GIA-certified G diamonds totaling 0.60 carats (0.3 Ct SI1 and 0.3 Ct SI1). Weighing a total of 1.061 grams, this statement piece offers a secure, comfortable fit with breathtaking visual impact, making it an extraordinary treasure for life's most cherished milestones.",0.60ct G SI1 IGI Certified 18k Gold Diamond Earrings,in stock,new,4963.46 HKD,https://colourdiam.com/productdetail/Menu/9030/9048,https://www.colourdiam.com/Product/Jewellery/9030_9048/white45/center.jpg,ColourDiam,Apparel & Accessories > Jewelry,,1,,,,unisex,,,adult,,,,,,,,,IGI,Fine Jewelry
9031_9071,"Imbued with the radiance of morning sunlight, these exquisite earrings are a masterclass in fine jewelry craftsmanship. Handcrafted in 18K, the design centers around two GIA-certified G diamonds totaling 0.60 carats (0.3 Ct SI1 and 0.3 Ct SI1). Weighing a total of 1.069 grams, this statement piece offers a secure, comfortable fit with breathtaking visual impact, making it an extraordinary treasure for life's most cherished milestones.","**Resplendent 0.60 Ct G Earring**

Elevate your fine jewelry collection with these magnificent 18K earrings. Featuring a matched pair of 0.3 Ct G SI1 and 0.3 Ct G SI1, this heirloom piece radiates warmth and unmatched sophistication.",in stock,new,4963.46 HKD,https://colourdiam.com/productdetail/Menu/9031/9071,https://www.colourdiam.com/Product/Jewellery/9031_9071/white45/center.jpg,ColourDiam,Apparel & Accessories > Jewelry,,1,,,,unisex,,,adult,,,,,,,,,IGI,Fine Jewelry
9032_9087,"Imbued with the radiance of morning sunlight, these exquisite earrings are a masterclass in fine jewelry craftsmanship. Handcrafted in 18K, the design centers around two GIA-certified G diamonds totaling 0.60 carats (0.3 Ct SI1 and 0.3 Ct SI1). Weighing a total of 1.114 grams, this statement piece offers a secure, comfortable fit with breathtaking visual impact, making it an extraordinary treasure for life's most cherished milestones.","**Breathtaking 0.60 Ct G Earring**

Elevate your fine jewelry collection with these magnificent 18K earrings. Featuring a matched pair of 0.3 Ct G SI1 and 0.3 Ct G SI1, this heirloom piece radiates warmth and unmatched sophistication.",in stock,new,4963.46 HKD,https://colourdiam.com/productdetail/Menu/9032/9087,https://www.colourdiam.com/Product/Jewellery/9032_9087/white45/center.jpg,ColourDiam,Apparel & Accessories > Jewelry,,1,,,,unisex,,,adult,,,,,,,,,IGI,Fine Jewelry
9034_9120,"Imbued with the radiance of morning sunlight, these exquisite earrings are a masterclass in fine jewelry craftsmanship. Handcrafted in 18K, the design centers around two GIA-certified G diamonds totaling 0.60 carats (0.3 Ct SI1 and 0.3 Ct SI1). Weighing a total of 1.034 grams, this statement piece offers a secure, comfortable fit with breathtaking visual impact, making it an extraordinary treasure for life's most cherished milestones.","**Captivating 0.60 Ct G Earring**

Elevate your fine jewelry collection with these magnificent 18K earrings. Featuring a matched pair of 0.3 Ct G SI1 and 0.3 Ct G SI1, this heirloom piece radiates warmth and unmatched sophistication.",in stock,new,4963.46 HKD,https://colourdiam.com/productdetail/Menu/9034/9120,https://www.colourdiam.com/Product/Jewellery/9034_9120/white45/center.jpg,ColourDiam,Apparel & Accessories > Jewelry,,1,,,,unisex,,,adult,,,,,,,,,IGI,Fine Jewelry
9037_9055,"Imbued with the radiance of morning sunlight, these exquisite earrings are a masterclass in fine jewelry craftsmanship. Handcrafted in 18K, the design centers around two GIA-certified E diamonds totaling 0.60 carats (0.3 Ct SI1 and 0.3 Ct SI1). Weighing a total of 1.027 grams, this statement piece offers a secure, comfortable fit with breathtaking visual impact, making it an extraordinary treasure for life's most cherished milestones.","**Resplendent 0.60 Ct E Earring**

Elevate your fine jewelry collection with these magnificent 18K earrings. Featuring a matched pair of 0.3 Ct E SI1 and 0.3 Ct G SI1, this heirloom piece radiates warmth and unmatched sophistication.",in stock,new,4963.46 HKD,https://colourdiam.com/productdetail/Menu/9037/9055,https://www.colourdiam.com/Product/Jewellery/9037_9055/white45/center.jpg,ColourDiam,Apparel & Accessories > Jewelry,,1,,,,unisex,,,adult,,,,,,,,,IGI,Fine Jewelry
9040_9089,"Imbued with the radiance of morning sunlight, these exquisite earrings are a masterclass in fine jewelry craftsmanship. Handcrafted in 18K, the design centers around two GIA-certified F diamonds totaling 0.60 carats (0.3 Ct SI1 and 0.3 Ct SI1). Weighing a total of 1.036 grams, this statement piece offers a secure, comfortable fit with breathtaking visual impact, making it an extraordinary treasure for life's most cherished milestones.","**Sumptuous 0.60 Ct F Earring**

Elevate your fine jewelry collection with these magnificent 18K earrings. Featuring a matched pair of 0.3 Ct F SI1 and 0.3 Ct G SI1, this heirloom piece radiates warmth and unmatched sophistication.",in stock,new,4963.46 HKD,https://colourdiam.com/productdetail/Menu/9040/9089,https://www.colourdiam.com/Product/Jewellery/9040_9089/white45/center.jpg,ColourDiam,Apparel & Accessories > Jewelry,,1,,,,unisex,,,adult,,,,,,,,,IGI,Fine Jewelry
9041_9067,"Imbued with the radiance of morning sunlight, these exquisite earrings are a masterclass in fine jewelry craftsmanship. Handcrafted in 18K, the design centers around two GIA-certified G diamonds totaling 0.60 carats (0.3 Ct SI1 and 0.3 Ct SI1). Weighing a total of 1.029 grams, this statement piece offers a secure, comfortable fit with breathtaking visual impact, making it an extraordinary treasure for life's most cherished milestones.","**Enchanting 0.60 Ct G Earring**

Elevate your fine jewelry collection with these magnificent 18K earrings. Featuring a matched pair of 0.3 Ct G SI1 and 0.3 Ct G SI1, this heirloom piece radiates warmth and unmatched sophistication.",in stock,new,4963.46 HKD,https://colourdiam.com/productdetail/Menu/9041/9067,https://www.colourdiam.com/Product/Jewellery/9041_9067/white45/center.jpg,ColourDiam,Apparel & Accessories > Jewelry,,1,,,,unisex,,,adult,,,,,,,,,IGI,Fine Jewelry
9042_9075,"Imbued with the radiance of morning sunlight, these exquisite earrings are a masterclass in fine jewelry craftsmanship. Handcrafted in 18K, the design centers around two GIA-certified G diamonds totaling 0.60 carats (0.3 Ct SI1 and 0.3 Ct SI1). Weighing a total of 1.102 grams, this statement piece offers a secure, comfortable fit with breathtaking visual impact, making it an extraordinary treasure for life's most cherished milestones.","**Dazzling 0.60 Ct G Earring**

Elevate your fine jewelry collection with these magnificent 18K earrings. Featuring a matched pair of 0.3 Ct G SI1 and 0.3 Ct G SI1, this heirloom piece radiates warmth and unmatched sophistication.",in stock,new,4963.46 HKD,https://colourdiam.com/productdetail/Menu/9042/9075,https://www.colourdiam.com/Product/Jewellery/9042_9075/white45/center.jpg,ColourDiam,Apparel & Accessories > Jewelry,,1,,,,unisex,,,adult,,,,,,,,,IGI,Fine Jewelry
9044_9049,"Imbued with the radiance of morning sunlight, these exquisite earrings are a masterclass in fine jewelry craftsmanship. Handcrafted in 18K, the design centers around two GIA-certified G diamonds totaling 0.60 carats (0.3 Ct SI1 and 0.3 Ct SI1). Weighing a total of 1.087 grams, this statement piece offers a secure, comfortable fit with breathtaking visual impact, making it an extraordinary treasure for life's most cherished milestones.","**Breathtaking 0.60 Ct G Earring**

Elevate your fine jewelry collection with these magnificent 18K earrings. Featuring a matched pair of 0.3 Ct G SI1 and 0.3 Ct G SI1, this heirloom piece radiates warmth and unmatched sophistication.",in stock,new,4963.46 HKD,https://colourdiam.com/productdetail/Menu/9044/9049,https://www.colourdiam.com/Product/Jewellery/9044_9049/white45/center.jpg,ColourDiam,Apparel & Accessories > Jewelry,,1,,,,unisex,,,adult,,,,,,,,,IGI,Fine Jewelry
9045_9061,"Imbued with the radiance of morning sunlight, these exquisite earrings are a masterclass in fine jewelry craftsmanship. Handcrafted in 18K, the design centers around two GIA-certified G diamonds totaling 0.60 carats (0.3 Ct SI1 and 0.3 Ct SI1). Weighing a total of 1.068 grams, this statement piece offers a secure, comfortable fit with breathtaking visual impact, making it an extraordinary treasure for life's most cherished milestones.","**Magnificent 0.60 Ct G Earring**

Elevate your fine jewelry collection with these magnificent 18K earrings. Featuring a matched pair of 0.3 Ct G SI1 and 0.3 Ct G SI1, this heirloom piece radiates warmth and unmatched sophistication.",in stock,new,4963.46 HKD,https://colourdiam.com/productdetail/Menu/9045/9061,https://www.colourdiam.com/Product/Jewellery/9045_9061/white45/center.jpg,ColourDiam,Apparel & Accessories > Jewelry,,1,,,,unisex,,,adult,,,,,,,,,IGI,Fine Jewelry
9046_9107,"Imbued with the radiance of morning sunlight, these exquisite earrings are a masterclass in fine jewelry craftsmanship. Handcrafted in 18K, the design centers around two GIA-certified G diamonds totaling 0.60 carats (0.3 Ct SI1 and 0.3 Ct SI1). Weighing a total of 1.020 grams, this statement piece offers a secure, comfortable fit with breathtaking visual impact, making it an extraordinary treasure for life's most cherished milestones.","**Magnificent 0.60 Ct G Earring**

Elevate your fine jewelry collection with these magnificent 18K earrings. Featuring a matched pair of 0.3 Ct G SI1 and 0.3 Ct G SI1, this heirloom piece radiates warmth and unmatched sophistication.",in stock,new,4963.46 HKD,https://colourdiam.com/productdetail/Menu/9046/9107,https://www.colourdiam.com/Product/Jewellery/9046_9107/white45/center.jpg,ColourDiam,Apparel & Accessories > Jewelry,,1,,,,unisex,,,adult,,,,,,,,,IGI,Fine Jewelry
9047_9108,"Imbued with the radiance of morning sunlight, these exquisite earrings are a masterclass in fine jewelry craftsmanship. Handcrafted in 18K, the design centers around two GIA-certified G diamonds totaling 0.60 carats (0.3 Ct SI1 and 0.3 Ct SI1). Weighing a total of 1.104 grams, this statement piece offers a secure, comfortable fit with breathtaking visual impact, making it an extraordinary treasure for life's most cherished milestones.","**Stunning 0.60 Ct G Earring**

Elevate your fine jewelry collection with these magnificent 18K earrings. Featuring a matched pair of 0.3 Ct G SI1 and 0.3 Ct G SI1, this heirloom piece radiates warmth and unmatched sophistication.",in stock,new,4963.46 HKD,https://colourdiam.com/productdetail/Menu/9047/9108,https://www.colourdiam.com/Product/Jewellery/9047_9108/white45/center.jpg,ColourDiam,Apparel & Accessories > Jewelry,,1,,,,unisex,,,adult,,,,,,,,,IGI,Fine Jewelry
9050_9127,"Imbued with the radiance of morning sunlight, these exquisite earrings are a masterclass in fine jewelry craftsmanship. Handcrafted in 18K, the design centers around two GIA-certified G diamonds totaling 0.60 carats (0.3 Ct SI1 and 0.3 Ct SI1). Weighing a total of 1.015 grams, this statement piece offers a secure, comfortable fit with breathtaking visual impact, making it an extraordinary treasure for life's most cherished milestones.","**Dazzling 0.60 Ct G Earring**

Elevate your fine jewelry collection with these magnificent 18K earrings. Featuring a matched pair of 0.3 Ct G SI1 and 0.3 Ct F SI1, this heirloom piece radiates warmth and unmatched sophistication.",in stock,new,4963.46 HKD,https://colourdiam.com/productdetail/Menu/9050/9127,https://www.colourdiam.com/Product/Jewellery/9050_9127/white45/center.jpg,ColourDiam,Apparel & Accessories > Jewelry,,1,,,,unisex,,,adult,,,,,,,,,IGI,Fine Jewelry
9060_9077,"Imbued with the radiance of morning sunlight, these exquisite earrings are a masterclass in fine jewelry craftsmanship. Handcrafted in 18K, the design centers around two GIA-certified G diamonds totaling 0.60 carats (0.3 Ct SI1 and 0.3 Ct SI1). Weighing a total of 1.067 grams, this statement piece offers a secure, comfortable fit with breathtaking visual impact, making it an extraordinary treasure for life's most cherished milestones.","**Splendid 0.60 Ct G Earring**

Elevate your fine jewelry collection with these magnificent 18K earrings. Featuring a matched pair of 0.3 Ct G SI1 and 0.3 Ct F SI1, this heirloom piece radiates warmth and unmatched sophistication.",in stock,new,4963.46 HKD,https://colourdiam.com/productdetail/Menu/9060/9077,https://www.colourdiam.com/Product/Jewellery/9060_9077/white45/center.jpg,ColourDiam,Apparel & Accessories > Jewelry,,1,,,,unisex,,,adult,,,,,,,,,IGI,Fine Jewelry
9062_9078,"Imbued with the radiance of morning sunlight, these exquisite earrings are a masterclass in fine jewelry craftsmanship. Handcrafted in 18K, the design centers around two GIA-certified G diamonds totaling 0.60 carats (0.3 Ct SI1 and 0.3 Ct SI1). Weighing a total of 1.089 grams, this statement piece offers a secure, comfortable fit with breathtaking visual impact, making it an extraordinary treasure for life's most cherished milestones.","**Dazzling 0.60 Ct G Earring**

Elevate your fine jewelry collection with these magnificent 18K earrings. Featuring a matched pair of 0.3 Ct G SI1 and 0.3 Ct G SI1, this heirloom piece radiates warmth and unmatched sophistication.",in stock,new,4963.46 HKD,https://colourdiam.com/productdetail/Menu/9062/9078,https://www.colourdiam.com/Product/Jewellery/9062_9078/white45/center.jpg,ColourDiam,Apparel & Accessories > Jewelry,,1,,,,unisex,,,adult,,,,,,,,,IGI,Fine Jewelry
9063_9074,"Imbued with the radiance of morning sunlight, these exquisite earrings are a masterclass in fine jewelry craftsmanship. Handcrafted in 18K, the design centers around two GIA-certified G diamonds totaling 0.60 carats (0.3 Ct SI1 and 0.3 Ct SI1). Weighing a total of 1.037 grams, this statement piece offers a secure, comfortable fit with breathtaking visual impact, making it an extraordinary treasure for life's most cherished milestones.","**Opulent 0.60 Ct G Earring**

Elevate your fine jewelry collection with these magnificent 18K earrings. Featuring a matched pair of 0.3 Ct G SI1 and 0.3 Ct G SI1, this heirloom piece radiates warmth and unmatched sophistication.",in stock,new,4963.46 HKD,https://colourdiam.com/productdetail/Menu/9063/9074,https://www.colourdiam.com/Product/Jewellery/9063_9074/white45/center.jpg,ColourDiam,Apparel & Accessories > Jewelry,,1,,,,unisex,,,adult,,,,,,,,,IGI,Fine Jewelry
9064_9103,"Imbued with the radiance of morning sunlight, these exquisite earrings are a masterclass in fine jewelry craftsmanship. Handcrafted in 18K, the design centers around two GIA-certified G diamonds totaling 0.60 carats (0.3 Ct SI1 and 0.3 Ct SI1). Weighing a total of 1.023 grams, this statement piece offers a secure, comfortable fit with breathtaking visual impact, making it an extraordinary treasure for life's most cherished milestones.","**Splendid 0.60 Ct G Earring**

Elevate your fine jewelry collection with these magnificent 18K earrings. Featuring a matched pair of 0.3 Ct G SI1 and 0.3 Ct G SI1, this heirloom piece radiates warmth and unmatched sophistication.",in stock,new,451.22 HKD,https://colourdiam.com/productdetail/Menu/9064/9103,https://www.colourdiam.com/Product/Jewellery/9064_9103/white45/center.jpg,ColourDiam,Apparel & Accessories > Jewelry,,1,,,,unisex,,,adult,,,,,,,,,IGI,Fine Jewelry
9065_9113,"Imbued with the radiance of morning sunlight, these exquisite earrings are a masterclass in fine jewelry craftsmanship. Handcrafted in 18K, the design centers around two GIA-certified G diamonds totaling 0.60 carats (0.3 Ct SI1 and 0.3 Ct SI1). Weighing a total of 1.101 grams, this statement piece offers a secure, comfortable fit with breathtaking visual impact, making it an extraordinary treasure for life's most cherished milestones.","**Opulent 0.60 Ct G Earring**

Elevate your fine jewelry collection with these magnificent 18K earrings. Featuring a matched pair of 0.3 Ct G SI1 and 0.3 Ct G SI1, this heirloom piece radiates warmth and unmatched sophistication.",in stock,new,4963.46 HKD,https://colourdiam.com/productdetail/Menu/9065/9113,https://www.colourdiam.com/Product/Jewellery/9065_9113/white45/center.jpg,ColourDiam,Apparel & Accessories > Jewelry,,1,,,,unisex,,,adult,,,,,,,,,IGI,Fine Jewelry
9066_9124,"Imbued with the radiance of morning sunlight, these exquisite earrings are a masterclass in fine jewelry craftsmanship. Handcrafted in 18K, the design centers around two GIA-certified G diamonds totaling 0.60 carats (0.3 Ct SI1 and 0.3 Ct SI1). Weighing a total of 1.027 grams, this statement piece offers a secure, comfortable fit with breathtaking visual impact, making it an extraordinary treasure for life's most cherished milestones.","**Radiant 0.60 Ct G Earring**

Elevate your fine jewelry collection with these magnificent 18K earrings. Featuring a matched pair of 0.3 Ct G SI1 and 0.3 Ct F SI1, this heirloom piece radiates warmth and unmatched sophistication.",in stock,new,4963.46 HKD,https://colourdiam.com/productdetail/Menu/9066/9124,https://www.colourdiam.com/Product/Jewellery/9066_9124/white45/center.jpg,ColourDiam,Apparel & Accessories > Jewelry,,1,,,,unisex,,,adult,,,,,,,,,IGI,Fine Jewelry
9068_9102,"Imbued with the radiance of morning sunlight, these exquisite earrings are a masterclass in fine jewelry craftsmanship. Handcrafted in 18K, the design centers around two GIA-certified G diamonds totaling 0.60 carats (0.3 Ct SI1 and 0.3 Ct SI1). Weighing a total of 1.106 grams, this statement piece offers a secure, comfortable fit with breathtaking visual impact, making it an extraordinary treasure for life's most cherished milestones.","**Captivating 0.60 Ct G Earring**

Elevate your fine jewelry collection with these magnificent 18K earrings. Featuring a matched pair of 0.3 Ct G SI1 and 0.3 Ct G SI1, this heirloom piece radiates warmth and unmatched sophistication.",in stock,new,4963.46 HKD,https://colourdiam.com/productdetail/Menu/9068/9102,https://www.colourdiam.com/Product/Jewellery/9068_9102/white45/center.jpg,ColourDiam,Apparel & Accessories > Jewelry,,1,,,,unisex,,,adult,,,,,,,,,IGI,Fine Jewelry
9069_9079,"Imbued with the radiance of morning sunlight, these exquisite earrings are a masterclass in fine jewelry craftsmanship. Handcrafted in 18K, the design centers around two GIA-certified G diamonds totaling 0.60 carats (0.3 Ct SI1 and 0.3 Ct SI1). Weighing a total of 1.064 grams, this statement piece offers a secure, comfortable fit with breathtaking visual impact, making it an extraordinary treasure for life's most cherished milestones.","**Magnificent 0.60 Ct G Earring**

Elevate your fine jewelry collection with these magnificent 18K earrings. Featuring a matched pair of 0.3 Ct G SI1 and 0.3 Ct G SI1, this heirloom piece radiates warmth and unmatched sophistication.",in stock,new,4963.46 HKD,https://colourdiam.com/productdetail/Menu/9069/9079,https://www.colourdiam.com/Product/Jewellery/9069_9079/white45/center.jpg,ColourDiam,Apparel & Accessories > Jewelry,,1,,,,unisex,,,adult,,,,,,,,,IGI,Fine Jewelry
9072_9100,"Imbued with the radiance of morning sunlight, these exquisite earrings are a masterclass in fine jewelry craftsmanship. Handcrafted in 18K, the design centers around two GIA-certified G diamonds totaling 0.60 carats (0.3 Ct SI1 and 0.3 Ct SI1). Weighing a total of 1.037 grams, this statement piece offers a secure, comfortable fit with breathtaking visual impact, making it an extraordinary treasure for life's most cherished milestones.","**Exquisite 0.60 Ct G Earring**

Elevate your fine jewelry collection with these magnificent 18K earrings. Featuring a matched pair of 0.3 Ct G SI1 and 0.3 Ct F SI1, this heirloom piece radiates warmth and unmatched sophistication.",in stock,new,4963.46 HKD,https://colourdiam.com/productdetail/Menu/9072/9100,https://www.colourdiam.com/Product/Jewellery/9072_9100/white45/center.jpg,ColourDiam,Apparel & Accessories > Jewelry,,1,,,,unisex,,,adult,,,,,,,,,IGI,Fine Jewelry
9088_9118,"Imbued with the radiance of morning sunlight, these exquisite earrings are a masterclass in fine jewelry craftsmanship. Handcrafted in 18K, the design centers around two GIA-certified G diamonds totaling 0.60 carats (0.3 Ct SI1 and 0.3 Ct SI1). Weighing a total of 1.019 grams, this statement piece offers a secure, comfortable fit with breathtaking visual impact, making it an extraordinary treasure for life's most cherished milestones.","**Sumptuous 0.60 Ct G Earring**

Elevate your fine jewelry collection with these magnificent 18K earrings. Featuring a matched pair of 0.3 Ct G SI1 and 0.3 Ct G SI1, this heirloom piece radiates warmth and unmatched sophistication.",in stock,new,4963.46 HKD,https://colourdiam.com/productdetail/Menu/9088/9118,https://www.colourdiam.com/Product/Jewellery/9088_9118/white45/center.jpg,ColourDiam,Apparel & Accessories > Jewelry,,1,,,,unisex,,,adult,,,,,,,,,IGI,Fine Jewelry
9092_9110,"Imbued with the radiance of morning sunlight, these exquisite earrings are a masterclass in fine jewelry craftsmanship. Handcrafted in 18K, the design centers around two GIA-certified G diamonds totaling 0.60 carats (0.3 Ct SI1 and 0.3 Ct SI1). Weighing a total of 1.095 grams, this statement piece offers a secure, comfortable fit with breathtaking visual impact, making it an extraordinary treasure for life's most cherished milestones.","**Exquisite 0.60 Ct G Earring**

Elevate your fine jewelry collection with these magnificent 18K earrings. Featuring a matched pair of 0.3 Ct G SI1 and 0.3 Ct F SI1, this heirloom piece radiates warmth and unmatched sophistication.",in stock,new,4963.46 HKD,https://colourdiam.com/productdetail/Menu/9092/9110,https://www.colourdiam.com/Product/Jewellery/9092_9110/white45/center.jpg,ColourDiam,Apparel & Accessories > Jewelry,,1,,,,unisex,,,adult,,,,,,,,,IGI,Fine Jewelry
9101_9051,"Imbued with the radiance of morning sunlight, these exquisite earrings are a masterclass in fine jewelry craftsmanship. Handcrafted in 18K, the design centers around two GIA-certified G diamonds totaling 0.60 carats (0.3 Ct SI1 and 0.3 Ct SI1). Weighing a total of 1.028 grams, this statement piece offers a secure, comfortable fit with breathtaking visual impact, making it an extraordinary treasure for life's most cherished milestones.","**Exquisite 0.60 Ct G Earring**

Elevate your fine jewelry collection with these magnificent 18K earrings. Featuring a matched pair of 0.3 Ct G SI1 and 0.3 Ct G SI1, this heirloom piece radiates warmth and unmatched sophistication.",in stock,new,4963.46 HKD,https://colourdiam.com/productdetail/Menu/9101/9051,https://www.colourdiam.com/Product/Jewellery/9101_9051/white45/center.jpg,ColourDiam,Apparel & Accessories > Jewelry,,1,,,,unisex,,,adult,,,,,,,,,IGI,Fine Jewelry
9104_9033,"Imbued with the radiance of morning sunlight, these exquisite earrings are a masterclass in fine jewelry craftsmanship. Handcrafted in 18K, the design centers around two GIA-certified G diamonds totaling 0.60 carats (0.3 Ct SI1 and 0.3 Ct SI1). Weighing a total of 1.055 grams, this statement piece offers a secure, comfortable fit with breathtaking visual impact, making it an extraordinary treasure for life's most cherished milestones.","**Magnificent 0.60 Ct G Earring**

Elevate your fine jewelry collection with these magnificent 18K earrings. Featuring a matched pair of 0.3 Ct G SI1 and 0.3 Ct F SI1, this heirloom piece radiates warmth and unmatched sophistication.",in stock,new,4963.46 HKD,https://colourdiam.com/productdetail/Menu/9104/9033,https://www.colourdiam.com/Product/Jewellery/9104_9033/white45/center.jpg,ColourDiam,Apparel & Accessories > Jewelry,,1,,,,unisex,,,adult,,,,,,,,,IGI,Fine Jewelry
9106_9128,"Imbued with the radiance of morning sunlight, these exquisite earrings are a masterclass in fine jewelry craftsmanship. Handcrafted in 18K, the design centers around two GIA-certified G diamonds totaling 0.60 carats (0.3 Ct SI1 and 0.3 Ct SI1). Weighing a total of 1.022 grams, this statement piece offers a secure, comfortable fit with breathtaking visual impact, making it an extraordinary treasure for life's most cherished milestones.","**Captivating 0.60 Ct G Earring**

Elevate your fine jewelry collection with these magnificent 18K earrings. Featuring a matched pair of 0.3 Ct G SI1 and 0.3 Ct F SI1, this heirloom piece radiates warmth and unmatched sophistication.",in stock,new,4963.46 HKD,https://colourdiam.com/productdetail/Menu/9106/9128,https://www.colourdiam.com/Product/Jewellery/9106_9128/white45/center.jpg,ColourDiam,Apparel & Accessories > Jewelry,,1,,,,unisex,,,adult,,,,,,,,,IGI,Fine Jewelry
9116_9123,"Imbued with the radiance of morning sunlight, these exquisite earrings are a masterclass in fine jewelry craftsmanship. Handcrafted in 18K, the design centers around two GIA-certified G diamonds totaling 0.60 carats (0.3 Ct SI1 and 0.3 Ct SI1). Weighing a total of 1.033 grams, this statement piece offers a secure, comfortable fit with breathtaking visual impact, making it an extraordinary treasure for life's most cherished milestones.","**Opulent 0.60 Ct G Earring**

Elevate your fine jewelry collection with these magnificent 18K earrings. Featuring a matched pair of 0.3 Ct G SI1 and 0.3 Ct F SI1, this heirloom piece radiates warmth and unmatched sophistication.",in stock,new,4963.46 HKD,https://colourdiam.com/productdetail/Menu/9116/9123,https://www.colourdiam.com/Product/Jewellery/9116_9123/white45/center.jpg,ColourDiam,Apparel & Accessories > Jewelry,,1,,,,unisex,,,adult,,,,,,,,,IGI,Fine Jewelry
9122_9126,"Imbued with the radiance of morning sunlight, these exquisite earrings are a masterclass in fine jewelry craftsmanship. Handcrafted in 18K, the design centers around two GIA-certified G diamonds totaling 0.60 carats (0.3 Ct SI1 and 0.3 Ct SI1). Weighing a total of 1.092 grams, this statement piece offers a secure, comfortable fit with breathtaking visual impact, making it an extraordinary treasure for life's most cherished milestones.","**Breathtaking 0.60 Ct G Earring**

Elevate your fine jewelry collection with these magnificent 18K earrings. Featuring a matched pair of 0.3 Ct G SI1 and 0.3 Ct F SI1, this heirloom piece radiates warmth and unmatched sophistication.",in stock,new,4963.46 HKD,https://colourdiam.com/productdetail/Menu/9122/9126,https://www.colourdiam.com/Product/Jewellery/9122_9126/white45/center.jpg,ColourDiam,Apparel & Accessories > Jewelry,,1,,,,unisex,,,adult,,,,,,,,,IGI,Fine Jewelry
9025_9027,"Imbued with the radiance of morning sunlight, these exquisite earrings are a masterclass in fine jewelry craftsmanship. Handcrafted in 18K, the design centers around two GIA-certified F diamonds totaling 0.60 carats (0.3 Ct SI1 and 0.3 Ct SI1). Weighing a total of 1.027 grams, this statement piece offers a secure, comfortable fit with breathtaking visual impact, making it an extraordinary treasure for life's most cherished milestones.",0.60ct G SI1 IGI Certified 18k Gold Diamond Earrings,in stock,new,4963.46 HKD,https://colourdiam.com/productdetail/Menu/9025/9027,https://www.colourdiam.com/Product/Jewellery/9025_9027/white45/center.jpg,ColourDiam,Apparel & Accessories > Jewelry,,1,,,,unisex,,,adult,,,,,,,,,IGI,Fine Jewelry
9035_9109,"Imbued with the radiance of morning sunlight, these exquisite earrings are a masterclass in fine jewelry craftsmanship. Handcrafted in 18K, the design centers around two GIA-certified F diamonds totaling 0.60 carats (0.3 Ct SI1 and 0.3 Ct SI1). Weighing a total of 1.072 grams, this statement piece offers a secure, comfortable fit with breathtaking visual impact, making it an extraordinary treasure for life's most cherished milestones.",0.60Ct F SI1 IGI Certified 18k Gold Diamond Earring,in stock,new,4963.46 HKD,https://colourdiam.com/productdetail/Menu/9035/9109,https://www.colourdiam.com/Product/Jewellery/9035_9109/white45/center.jpg,ColourDiam,Apparel & Accessories > Jewelry,,1,,,,unisex,,,adult,,,,,,,,,IGI,Fine Jewelry
9036_9119,"Imbued with the radiance of morning sunlight, these exquisite earrings are a masterclass in fine jewelry craftsmanship. Handcrafted in 18K, the design centers around two GIA-certified G diamonds totaling 0.60 carats (0.3 Ct SI1 and 0.3 Ct SI1). Weighing a total of 1.024 grams, this statement piece offers a secure, comfortable fit with breathtaking visual impact, making it an extraordinary treasure for life's most cherished milestones.",0.60ct F-G SI1 IGI Certified 18k Gold Diamond Earrings,in stock,new,4963.46 HKD,https://colourdiam.com/productdetail/Menu/9036/9119,https://www.colourdiam.com/Product/Jewellery/9036_9119/white45/center.jpg,ColourDiam,Apparel & Accessories > Jewelry,,1,,,,unisex,,,adult,,,,,,,,,IGI,Fine Jewelry
9039_9043,"Imbued with the radiance of morning sunlight, these exquisite earrings are a masterclass in fine jewelry craftsmanship. Handcrafted in 18K, the design centers around two GIA-certified G diamonds totaling 0.60 carats (0.3 Ct SI1 and 0.3 Ct SI1). Weighing a total of 1.057 grams, this statement piece offers a secure, comfortable fit with breathtaking visual impact, making it an extraordinary treasure for life's most cherished milestones.",0.60ct G SI1 IGI Certified 18k Gold Diamond Earrings,in stock,new,4963.46 HKD,https://colourdiam.com/productdetail/Menu/9039/9043,https://www.colourdiam.com/Product/Jewellery/9039_9043/white45/center.jpg,ColourDiam,Apparel & Accessories > Jewelry,,1,,,,unisex,,,adult,,,,,,,,,IGI,Fine Jewelry
5424_8731,"Imbued with the radiance of morning sunlight, these exquisite earrings are a masterclass in fine jewelry craftsmanship. Handcrafted in 18K, the design centers around two GIA-certified G diamonds totaling 0.60 carats (0.3 Ct SI1 and 0.3 Ct SI1). Weighing a total of 1.070 grams, this statement piece offers a secure, comfortable fit with breathtaking visual impact, making it an extraordinary treasure for life's most cherished milestones.",0.55ct Faint Blue VS1 GIA 18k White Gold Ring,in stock,new,49634.58 HKD,https://colourdiam.com/productdetail/Menu/5424/8731,https://www.colourdiam.com/Product/Jewellery/5424_8731/white45/center.jpg,ColourDiam,Apparel & Accessories > Jewelry,,1,,,,unisex,,,adult,,,,,,,,,GIA,Fine Jewelry
7939_7940,"Imbued with the radiance of morning sunlight, these exquisite earrings are a masterclass in fine jewelry craftsmanship. Handcrafted in 18K, the design centers around two GIA-certified F diamonds totaling 0.60 carats (0.3 Ct SI1 and 0.3 Ct SI1). Weighing a total of 1.019 grams, this statement piece offers a secure, comfortable fit with breathtaking visual impact, making it an extraordinary treasure for life's most cherished milestones.","**Sumptuous 0.60 Ct F Earring**

Elevate your fine jewelry collection with these magnificent 18K earrings. Featuring a matched pair of 0.3 Ct F SI1 and 0.3 Ct F SI1, this heirloom piece radiates warmth and unmatched sophistication.",in stock,new,13536.7 HKD,https://colourdiam.com/productdetail/Menu/7939/7940,https://www.colourdiam.com/Product/Jewellery/7939_7940/white45/center.jpg,ColourDiam,Apparel & Accessories > Jewelry,,1,,,,unisex,,,adult,,,,,,,,,AGL,Fine Jewelry
9150,"A true work of art of haute joaillerie. This earring is meticulously handcrafted in 18K, showcasing Center stones: 0.3 Ct F SI1 & 0.3 Ct G SI1.
Total weight: 1.039 grams

Each stone has been carefully selected for its exceptional color and clarity, then masterfully set to create a matchless composition of light and form.",2.04ct F VS2 IGI Certified 18k White Gold Diamond Ring,in stock,new,9024.47 HKD,https://colourdiam.com/productdetail/9150,https://www.colourdiam.com/Product/Jewellery/9150/white45/center.jpg,ColourDiam,Apparel & Accessories > Jewelry,,1,,,,unisex,,,adult,,,,,,,,,IGI,Fine Jewelry
8553,"Imbued with the radiance of morning sunlight, this earring is a masterclass in fine jewelry craftsmanship. Handcrafted in 18K, the design centers around two GIA-certified G diamonds totaling 0.60 carats (0.3 Ct SI1 and 0.3 Ct SI1). Weighing a total of 1.012 grams, this earring offers a secure, comfortable fit with breathtaking visual impact.",1.24ct VS2 GIA Fancy Yellow Diamond Ring in 18k Gold,in stock,new,54146.82 HKD,https://colourdiam.com/productdetail/8553,https://www.colourdiam.com/Product/Jewellery/8553/white45/center.jpg,ColourDiam,Apparel & Accessories > Jewelry,,1,,,,unisex,,,adult,,,,,,,,,GIA,Fine Jewelry
9176,"A true masterpiece of haute joaillerie. This ring is meticulously handcrafted in 18k, showcasing Center: 0.55 Ct Faint Blue Undetermined Vs.
Total weight: 4.186 grams

Each stone has been carefully selected for its exceptional color and clarity, then masterfully set to create a extraordinary composition of light and form.",0.30ct Fancy Pink & White Diamond 18k Gold Pendant,in stock,new,22561.17 HKD,https://colourdiam.com/productdetail/9176,https://www.colourdiam.com/Product/Jewellery/9176/white45/center.jpg,ColourDiam,Apparel & Accessories > Jewelry,,1,,,,unisex,,,adult,,,,,,,,,,Fine Jewelry
5754_6998,"Imbued with the radiance of morning sunlight, this ring is a masterclass in fine jewelry craftsmanship. Handcrafted in 18k, the design centers around a GIA-certified 0.55 carat Fancy Intense Yellow VS   cts Fancy Intense Yellow diamond (VS). Weighing a total of 3.08 grams, this ring offers a secure, comfortable fit with breathtaking visual impact.",2.60ct Fancy Yellow & White Diamond 18k Earrings,in stock,new,162440.46 HKD,https://colourdiam.com/productdetail/Menu/5754/6998,https://www.colourdiam.com/Product/Jewellery/5754_6998/white45/center.jpg,ColourDiam,Apparel & Accessories > Jewelry,,1,,,,unisex,,,adult,,,,,,,,,GIA,Fine Jewelry
8716,"Imbued with the radiance of morning sunlight, these exquisite rings are a masterclass in fine jewelry craftsmanship. Handcrafted in 18K, the design centers around a GIA-certified 2.04 carat Natural Diamond diamond (). Weighing a total of 2.900 grams, this statement piece offers a secure, comfortable fit with breathtaking visual impact, making it an extraordinary treasure for life's most cherished milestones.",0.60ct Light Yellow Green GIA 18k Gold Diamond Ring,in stock,new,72195.76 HKD,https://colourdiam.com/productdetail/8716,https://www.colourdiam.com/Product/Jewellery/8716/white45/center.jpg,ColourDiam,Apparel & Accessories > Jewelry,,1,,,,unisex,,,adult,,,,,,,,,GIA,Fine Jewelry
5478,"Imbued with the radiance of morning sunlight, these exquisite rings are a masterclass in fine jewelry craftsmanship. Handcrafted in 18k, the design centers around a GIA-certified 1.24 carat Natural Diamond diamond (). Weighing a total of 3.477 grams, this statement piece offers a secure, comfortable fit with breathtaking visual impact, making it an extraordinary treasure for life's most cherished milestones.",2.01ct Fancy Light Yellow GIA 18k Gold Diamond Ring,in stock,new,72195.76 HKD,https://colourdiam.com/productdetail/7263,https://www.colourdiam.com/Product/Jewellery/5478/white45/center.jpg,ColourDiam,Apparel & Accessories > Jewelry,,1,,,,unisex,,,adult,,,,,,,,,GIA,Fine Jewelry
8392_5662,"Imbued with the radiance of morning sunlight, these exquisite pendants are a masterclass in fine jewelry craftsmanship. Handcrafted in 18k, the design centers around a GIA-certified 0.10 carat Natural Diamond diamond (). Weighing a total of 1.261 grams, this statement piece offers a secure, comfortable fit with breathtaking visual impact, making it an extraordinary treasure for life's most cherished milestones.",1.82ct Fancy Light Brownish Yellow Diamond Ring GIA,in stock,new,58659.05 HKD,,https://www.colourdiam.com/Product/Jewellery/8392_5662/white45/center.jpg,ColourDiam,Apparel & Accessories > Jewelry,,1,,,,unisex,,,adult,,,,,,,,,GIA,Fine Jewelry
8556,"Imbued with the radiance of morning sunlight, these exquisite earrings are a masterclass in fine jewelry craftsmanship. Handcrafted in 18K, the design centers around a GIA-certified 2.60 carat Fancy Yellow diamond (SI2). Weighing a total of 9.780 grams, this statement piece offers a secure, comfortable fit with breathtaking visual impact, making it an extraordinary treasure for life's most cherished milestones.",1.35ct GIA Yellow Diamond 18k Gold Ring,in stock,new,81220.23 HKD,,https://www.colourdiam.com/Product/Jewellery/8556/white45/center.jpg,ColourDiam,Apparel & Accessories > Jewelry,,1,,,,unisex,,,adult,,,,,,,,,GIA,Fine Jewelry
7476,"Imbued with the radiance of morning sunlight, these exquisite rings are a masterclass in fine jewelry craftsmanship. Handcrafted in 18k, the design centers around a GIA-certified 0.66 carat Natural Diamond diamond (). Weighing a total of 5.324 grams, this statement piece offers a secure, comfortable fit with breathtaking visual impact, making it an extraordinary treasure for life's most cherished milestones.",2.00ct Fancy Brownish Yellow SI1 GIA 18K Yellow Ring,in stock,new,76707.99 HKD,https://colourdiam.com/productdetail/8556,https://www.colourdiam.com/Product/Jewellery/7476/white45/center.jpg,ColourDiam,Apparel & Accessories > Jewelry,,1,,,,unisex,,,adult,,,,,,,,,GIA,Fine Jewelry
7070,"Imbued with the radiance of morning sunlight, these exquisite rings are a masterclass in fine jewelry craftsmanship. Handcrafted in 18k, the design centers around a GIA-certified 3.02 carat Natural Diamond diamond (). The center stones are masterfully elevated by a halo of 21 shimmering pear diamonds (0.73 Ct), creating an illusion of seamless, infinite brilliance. Weighing a total of 6.225 grams, this statement piece offers a secure, comfortable fit with breathtaking visual impact, making it an extraordinary treasure for life's most cherished milestones.",1.01ct Fancy Green AGL 18k Gold Diamond Ring,in stock,new,45122.35 HKD,,https://www.colourdiam.com/Product/Jewellery/7070/white45/center.jpg,ColourDiam,Apparel & Accessories > Jewelry,,1,,,,unisex,,,adult,,,,,,,,,AGL,Fine Jewelry
6325,"Imbued with the radiance of morning sunlight, this ring is a masterclass in fine jewelry craftsmanship. Handcrafted in 18k, the design centers around a GIA-certified 2.01 carat Fancy Light Brownish  Yellow diamond (I1). Weighing a total of 6.533 grams, this ring offers a secure, comfortable fit with breathtaking visual impact.","**Brilliant 2.01 Ct Fancy Light Brownish  Yellow Ring**

Crafted with meticulous precision in 18k, this ring commands a brilliant allure. Center stone: 2.01 Ct Fancy Light Brownish  Yellow I1. A testament to nature's finest creation and masterful human artistry.",in stock,new,36097.88 HKD,,https://www.colourdiam.com/Product/Jewellery/6325/white45/center.jpg,ColourDiam,Apparel & Accessories > Jewelry,,1,,,,unisex,,,adult,,,,,,,,,HRD,Fine Jewelry
3485,"A true treasure of haute joaillerie. This ring is meticulously handcrafted in 18k, showcasing Center: 1.82 Ct Fancy Light Brownish  Yellow Vs.
Total weight: 5.066 grams

Each stone has been carefully selected for its exceptional color and clarity, then masterfully set to create a remarkable composition of light and form.",1.71ct Fancy Green VS Diamond 18k Ring,in stock,new,76707.99 HKD,,https://www.colourdiam.com/Product/Jewellery/3485/white45/center.jpg,ColourDiam,Apparel & Accessories > Jewelry,,1,,,,unisex,,,adult,,,,,,,,,AGL,Fine Jewelry
8552,"Imbued with the radiance of morning sunlight, this ring is a masterclass in fine jewelry craftsmanship. Handcrafted in 18k, the design centers around a GIA-certified 1.35 carat Fancy Light Brownish Greenish Yellow Vs diamond. The center stones are masterfully elevated by 08 pear diamonds (1.28 Ct), creating an illusion of seamless, infinite brilliance. Weighing a total of 6.23 grams, this ring offers a secure, comfortable fit with breathtaking visual impact.",1.20ct Fancy Yellow GIA 18K Gold Diamond Ring,in stock,new,72195.76 HKD,https://colourdiam.com/productdetail/3485,https://www.colourdiam.com/Product/Jewellery/8552/white45/center.jpg,ColourDiam,Apparel & Accessories > Jewelry,,1,,,,unisex,,,adult,,,,,,,,,GIA,Fine Jewelry
8584,"A true creation of haute joaillerie. This ring is meticulously handcrafted in 18K, showcasing Center: 2.00 Ct Fancy Brownish Yellow SI1.
Total weight: 4.095 grams

Each stone has been carefully selected for its exceptional color and clarity, then masterfully set to create a precious composition of light and form.","**Sparkling 2.00 Ct Fancy Brownish Yellow Ring**

Crafted with meticulous precision in 18K, this ring showcases a sparkling allure. Center stone: 2 Ct Fancy Brownish Yellow SI1. A testament to nature's finest creation and masterful human artistry.",in stock,new,58659.05 HKD,https://colourdiam.com/productdetail/8552,https://www.colourdiam.com/Product/Jewellery/8584/white45/center.jpg,ColourDiam,Apparel & Accessories > Jewelry,,1,,,,unisex,,,adult,,,,,,,,,GIA,Fine Jewelry
8673,"Imbued with the radiance of morning sunlight, this ring is a masterclass in fine jewelry craftsmanship. Handcrafted in 18K, the design centers around a GIA-certified 1.01 carat Fancy Green diamond (SI). Weighing a total of 5.037 grams, this ring offers a secure, comfortable fit with breathtaking visual impact.","**Exquisite 1.01 Ct Fancy Green Ring**

Elevate your fine jewelry collection with this magnificent 18K creation. Featuring a GIA-certified 1.01 Ct Fancy Green SI, this heirloom-quality piece exudes timeless sophistication and unmatched artistry.",in stock,new,58659.05 HKD,,https://www.colourdiam.com/Product/Jewellery/8673/white45/center.jpg,ColourDiam,Apparel & Accessories > Jewelry,,1,,,,unisex,,,adult,,,,,,,,,GIA,Fine Jewelry
8821_8769,"A true marvel of haute joaillerie. This ring is meticulously handcrafted in 18K, showcasing Center: 1.01 Ct H SI2.
Total weight: 2.440 grams

Each stone has been carefully selected for its exceptional color and clarity, then masterfully set to create a unparalleled composition of light and form.","**Shimmering 1.01 Ct H Ring**

Crafted with meticulous precision in 18K, this ring demands a shimmering allure. Center stone: 1.01 Ct H SI2. A testament to nature's finest creation and masterful human artistry.",in stock,new,108293.64 HKD,,https://www.colourdiam.com/Product/Jewellery/8821_8769/white45/center.jpg,ColourDiam,Apparel & Accessories > Jewelry,,1,,,,unisex,,,adult,,,,,,,,,GIA,Fine Jewelry
8738_8534,"Imbued with the radiance of morning sunlight, these exquisite rings are a masterclass in fine jewelry craftsmanship. Handcrafted in Precious Metal, the design centers around a GIA-certified 1.71 carat Natural Diamond diamond (). The center stones are masterfully elevated by a halo of 18 shimmering white diamonds (0.19 Ct), creating an illusion of seamless, infinite brilliance. Weighing a total of 3.623 grams, this statement piece offers a secure, comfortable fit with breathtaking visual impact, making it an extraordinary treasure for life's most cherished milestones.",2.06ct Green & Pink Diamond 18k Gold Ring GIA,in stock,new,225611.74 HKD,,https://www.colourdiam.com/Product/Jewellery/8738_8534/white45/center.jpg,ColourDiam,Apparel & Accessories > Jewelry,,1,,,,unisex,,,adult,,,,,,,,,GIA,Fine Jewelry
8558,"Imbued with the radiance of morning sunlight, these exquisite rings are a masterclass in fine jewelry craftsmanship. Handcrafted in 18K, the design centers around a GIA-certified 1.20 carat Fancy Brownish Greenish Yellow diamond (SI2). Weighing a total of 2.867 grams, this statement piece offers a secure, comfortable fit with breathtaking visual impact, making it an extraordinary treasure for life's most cherished milestones.","**Exquisite 1.20 Ct Fancy Brownish Greenish Yellow Ring**

Elevate your fine jewelry collection with these magnificent 18K rings. Featuring a 1.2 Ct Fancy Brownish Greenish Yellow SI2, this heirloom piece radiates warmth and unmatched sophistication.",in stock,new,63171.29 HKD,https://colourdiam.com/productdetail/Menu/8738/8534,https://www.colourdiam.com/Product/Jewellery/8558/white45/center.jpg,ColourDiam,Apparel & Accessories > Jewelry,,1,,,,unisex,,,adult,,,,,,,,,GIA,Fine Jewelry
8945,"Imbued with the radiance of morning sunlight, these exquisite rings are a masterclass in fine jewelry craftsmanship. Handcrafted in 18K, the design centers around a GIA-certified 1.04 carat Natural Diamond diamond (). Weighing a total of 4.908 grams, this statement piece offers a secure, comfortable fit with breathtaking visual impact, making it an extraordinary treasure for life's most cherished milestones.","**Resplendent 1.04 Ct Natural Diamond Ring**

Elevate your fine jewelry collection with these magnificent 18K rings. Featuring a  Ct Natural Diamond , this heirloom piece radiates warmth and unmatched sophistication.",in stock,new,49634.58 HKD,https://colourdiam.com/productdetail/8558,https://www.colourdiam.com/Product/Jewellery/8945/white45/center.jpg,ColourDiam,Apparel & Accessories > Jewelry,,1,,,,unisex,,,adult,,,,,,,,,GIA,Fine Jewelry
9220,"Imbued with the radiance of morning sunlight, these exquisite rings are a masterclass in fine jewelry craftsmanship. Handcrafted in 18K, the design centers around a GIA-certified 0.43 carat Faint Pink diamond (VS1). Weighing a total of 3.223 grams, this statement piece offers a secure, comfortable fit with breathtaking visual impact, making it an extraordinary treasure for life's most cherished milestones.","**Magnificent 0.43 Ct Faint Pink Ring**

Elevate your fine jewelry collection with these magnificent 18K rings. Featuring a 0.43 Ct Faint Pink VS1, this heirloom piece radiates warmth and unmatched sophistication.",in stock,new,7219.58 HKD,,https://www.colourdiam.com/Product/Jewellery/9220/white45/center.jpg,ColourDiam,Apparel & Accessories > Jewelry,,1,,,,unisex,,,adult,,,,,,,,,AGL,Fine Jewelry
8840,"Imbued with the radiance of morning sunlight, these exquisite rings are a masterclass in fine jewelry craftsmanship. Handcrafted in 18K, the design centers around a GIA-certified 2.05 carat Natural Diamond diamond (). Weighing a total of 4.655 grams, this statement piece offers a secure, comfortable fit with breathtaking visual impact, making it an extraordinary treasure for life's most cherished milestones.","**Magnificent 2.05 Ct Natural Diamond Ring**

Elevate your fine jewelry collection with these magnificent 18K rings. Featuring a  Ct Natural Diamond , this heirloom piece radiates warmth and unmatched sophistication.",in stock,new,67683.52 HKD,,https://www.colourdiam.com/Product/Jewellery/8840/white45/center.jpg,ColourDiam,Apparel & Accessories > Jewelry,,1,,,,unisex,,,adult,,,,,,,,,GIA,Fine Jewelry
9147,"Imbued with the radiance of morning sunlight, these exquisite rings are a masterclass in fine jewelry craftsmanship. Handcrafted in 18K, the design centers around a GIA-certified 2.06 carat Natural Diamond diamond (). Weighing a total of 5.179 grams, this statement piece offers a secure, comfortable fit with breathtaking visual impact, making it an extraordinary treasure for life's most cherished milestones.","**Dazzling 2.06 Ct Natural Diamond Ring**

Elevate your fine jewelry collection with these magnificent 18K rings. Featuring a  Ct Natural Diamond , this heirloom piece radiates warmth and unmatched sophistication.",in stock,new,135367.05 HKD,,https://www.colourdiam.com/Product/Jewellery/9147/white45/center.jpg,ColourDiam,Apparel & Accessories > Jewelry,,1,,,,unisex,,,adult,,,,,,,,,AGL,Fine Jewelry
7801,"Imbued with the radiance of morning sunlight, these exquisite rings are a masterclass in fine jewelry craftsmanship. Handcrafted in 18K, the design centers around a GIA-certified 1.03 carat Natural Diamond diamond (). Weighing a total of 3.782 grams, this statement piece offers a secure, comfortable fit with breathtaking visual impact, making it an extraordinary treasure for life's most cherished milestones.","**Dazzling 1.03 Ct Natural Diamond Ring**

Elevate your fine jewelry collection with these magnificent 18K rings. Featuring a  Ct Natural Diamond , this heirloom piece radiates warmth and unmatched sophistication.",in stock,new,40610.11 HKD,,https://www.colourdiam.com/Product/Jewellery/7801/white45/center.jpg,ColourDiam,Apparel & Accessories > Jewelry,,1,,,,unisex,,,adult,,,,,,,,,GIA,Fine Jewelry
8195_8191_8187_8189_8193_8190,"Imbued with the radiance of morning sunlight, these exquisite rings are a masterclass in fine jewelry craftsmanship. Handcrafted in 18K, the design centers around a GIA-certified 1.13 carat U-V diamond (VS1). Weighing a total of 5.500 grams, this statement piece offers a secure, comfortable fit with breathtaking visual impact, making it an extraordinary treasure for life's most cherished milestones.","**Breathtaking 1.13 Ct U-V Ring**

Elevate your fine jewelry collection with these magnificent 18K rings. Featuring a 1.13 Ct U-V VS1, this heirloom piece radiates warmth and unmatched sophistication.",in stock,new,135367.05 HKD,,https://www.colourdiam.com/Product/Jewellery/8195_8191_8187_8189_8193_8190/white45/center.jpg,ColourDiam,Apparel & Accessories > Jewelry,,1,,,,unisex,,,adult,,,,,,,,,AGL,Fine Jewelry
9170,"Imbued with the radiance of morning sunlight, these exquisite rings are a masterclass in fine jewelry craftsmanship. Handcrafted in 18K, the design centers around a GIA-certified 0.40 carat Natural Diamond diamond (). Weighing a total of 1.723 grams, this statement piece offers a secure, comfortable fit with breathtaking visual impact, making it an extraordinary treasure for life's most cherished milestones.","**Exquisite 0.40 Ct Natural Diamond Ring**

Elevate your fine jewelry collection with these magnificent 18K rings. Featuring a  Ct Natural Diamond , this heirloom piece radiates warmth and unmatched sophistication.",in stock,new,18048.94 HKD,,https://www.colourdiam.com/Product/Jewellery/9170/white45/center.jpg,ColourDiam,Apparel & Accessories > Jewelry,,1,,,,unisex,,,adult,,,,,,,,,,Fine Jewelry
9172,"Imbued with the radiance of morning sunlight, these exquisite rings are a masterclass in fine jewelry craftsmanship. Handcrafted in 18K, the design centers around a GIA-certified 1.60 carat Fancy Light Brownish Greenish Yellow diamond (VS1). The center stones are masterfully elevated by a halo of 8 shimmering pear diamonds (0.75 Ct), creating an illusion of seamless, infinite brilliance. Weighing a total of 4.817 grams, this statement piece offers a secure, comfortable fit with breathtaking visual impact, making it an extraordinary treasure for life's most cherished milestones.","**Splendid 1.60 Ct Fancy Light Brownish Greenish Yellow Ring**

Elevate your fine jewelry collection with these magnificent 18K rings. Featuring a 1.6 Ct Fancy Light Brownish Greenish Yellow VS1, surrounded by 8 pear diamonds (0.75 Ct), this heirloom piece radiates warmth and unmatched sophistication.",in stock,new,18048.94 HKD,https://colourdiam.com/productdetail/9170,https://www.colourdiam.com/Product/Jewellery/9172/white45/center.jpg,ColourDiam,Apparel & Accessories > Jewelry,,1,,,,unisex,,,adult,,,,,,,,,,Fine Jewelry
9173,"Imbued with the radiance of morning sunlight, these exquisite bracelets are a masterclass in fine jewelry craftsmanship. Handcrafted in 18K, the design centers around a GIA-certified 3.58 carat Natural Diamond diamond (). Weighing a total of 9.395 grams, this statement piece offers a secure, comfortable fit with breathtaking visual impact, making it an extraordinary treasure for life's most cherished milestones.","**Exquisite 3.58 Ct Natural Diamond Bracelet**

Elevate your fine jewelry collection with these magnificent 18K bracelets. Featuring a  Ct Natural Diamond , this heirloom piece radiates warmth and unmatched sophistication.",in stock,new,18048.94 HKD,,https://www.colourdiam.com/Product/Jewellery/9173/white45/center.jpg,ColourDiam,Apparel & Accessories > Jewelry,,1,,,,unisex,,,adult,,,,,,,,,,Fine Jewelry
9175,"Imbued with the radiance of morning sunlight, these exquisite rings are a masterclass in fine jewelry craftsmanship. Handcrafted in 18K, the design centers around a GIA-certified 0.40 carat Very Light Yellow Green diamond (VS2). Weighing a total of 3.290 grams, this statement piece offers a secure, comfortable fit with breathtaking visual impact, making it an extraordinary treasure for life's most cherished milestones.","**Enchanting 0.40 Ct Very Light Yellow Green Ring**

Elevate your fine jewelry collection with these magnificent 18K rings. Featuring a 0.4 Ct Very Light Yellow Green VS2, this heirloom piece radiates warmth and unmatched sophistication.",in stock,new,18048.94 HKD,,https://www.colourdiam.com/Product/Jewellery/9175/white45/center.jpg,ColourDiam,Apparel & Accessories > Jewelry,,1,,,,unisex,,,adult,,,,,,,,,,Fine Jewelry
9178,"Imbued with the radiance of morning sunlight, these exquisite pendants are a masterclass in fine jewelry craftsmanship. Handcrafted in 18K, the design centers around a GIA-certified  carat Natural Diamond diamond (). Weighing a total of 6.130 grams, this statement piece offers a secure, comfortable fit with breathtaking visual impact, making it an extraordinary treasure for life's most cherished milestones.","**Breathtaking  Ct Natural Diamond Pendant**

Elevate your fine jewelry collection with these magnificent 18K pendants. Featuring a  Ct Natural Diamond , this heirloom piece radiates warmth and unmatched sophistication.",in stock,new,14890.38 HKD,,https://www.colourdiam.com/Product/Jewellery/9178/white45/center.jpg,ColourDiam,Apparel & Accessories > Jewelry,,1,,,,unisex,,,adult,,,,,,,,,,Fine Jewelry
9206,"Imbued with the radiance of morning sunlight, these exquisite bracelets are a masterclass in fine jewelry craftsmanship. Handcrafted in 18K, the design centers around a GIA-certified 1.07 carat Natural Diamond diamond (). Weighing a total of 6.481 grams, this statement piece offers a secure, comfortable fit with breathtaking visual impact, making it an extraordinary treasure for life's most cherished milestones.","**Dazzling 1.07 Ct Natural Diamond Bracelet**

Elevate your fine jewelry collection with these magnificent 18K bracelets. Featuring a  Ct Natural Diamond , this heirloom piece radiates warmth and unmatched sophistication.",in stock,new,14890.38 HKD,,https://www.colourdiam.com/Product/Jewellery/9206/white45/center.jpg,ColourDiam,Apparel & Accessories > Jewelry,,1,,,,unisex,,,adult,,,,,,,,,,Fine Jewelry
9215,"Imbued with the radiance of morning sunlight, these exquisite bracelets are a masterclass in fine jewelry craftsmanship. Handcrafted in 18K, the design centers around a GIA-certified 1.07 carat Natural Diamond diamond (). Weighing a total of 6.790 grams, this statement piece offers a secure, comfortable fit with breathtaking visual impact, making it an extraordinary treasure for life's most cherished milestones.","**Stunning 1.07 Ct Natural Diamond Bracelet**

Elevate your fine jewelry collection with these magnificent 18K bracelets. Featuring a  Ct Natural Diamond , this heirloom piece radiates warmth and unmatched sophistication.",in stock,new,14890.38 HKD,,https://www.colourdiam.com/Product/Jewellery/9215/white45/center.jpg,ColourDiam,Apparel & Accessories > Jewelry,,1,,,,unisex,,,adult,,,,,,,,,,Fine Jewelry
9248,"Imbued with the radiance of morning sunlight, these exquisite bracelets are a masterclass in fine jewelry craftsmanship. Handcrafted in 18K, the design centers around a GIA-certified 1.07 carat Natural Diamond diamond (). Weighing a total of 6.745 grams, this statement piece offers a secure, comfortable fit with breathtaking visual impact, making it an extraordinary treasure for life's most cherished milestones.","**Breathtaking 1.07 Ct Natural Diamond Bracelet**

Elevate your fine jewelry collection with these magnificent 18K bracelets. Featuring a  Ct Natural Diamond , this heirloom piece radiates warmth and unmatched sophistication.",in stock,new,20305.06 HKD,,https://www.colourdiam.com/Product/Jewellery/9248/white45/center.jpg,ColourDiam,Apparel & Accessories > Jewelry,,1,,,,unisex,,,adult,,,,,,,,,,Fine Jewelry
9254,"Imbued with the radiance of morning sunlight, these exquisite bracelets are a masterclass in fine jewelry craftsmanship. Handcrafted in 18K, the design centers around a GIA-certified 1.07 carat Natural Diamond diamond (). Weighing a total of 6.773 grams, this statement piece offers a secure, comfortable fit with breathtaking visual impact, making it an extraordinary treasure for life's most cherished milestones.","**Captivating 1.07 Ct Natural Diamond Bracelet**

Elevate your fine jewelry collection with these magnificent 18K bracelets. Featuring a  Ct Natural Diamond , this heirloom piece radiates warmth and unmatched sophistication.",in stock,new,18048.94 HKD,,https://www.colourdiam.com/Product/Jewellery/9254/white45/center.jpg,ColourDiam,Apparel & Accessories > Jewelry,,1,,,,unisex,,,adult,,,,,,,,,,Fine Jewelry
9225,"Imbued with the radiance of morning sunlight, these exquisite bracelets are a masterclass in fine jewelry craftsmanship. Handcrafted in 18K, the design centers around a GIA-certified 2.61 carat Natural Diamond diamond (). Weighing a total of 6.926 grams, this statement piece offers a secure, comfortable fit with breathtaking visual impact, making it an extraordinary treasure for life's most cherished milestones.","**Magnificent 2.61 Ct Natural Diamond Bracelet**

Elevate your fine jewelry collection with these magnificent 18K bracelets. Featuring a  Ct Natural Diamond , this heirloom piece radiates warmth and unmatched sophistication.",in stock,new,13536.7 HKD,https://colourdiam.com/productdetail/9254,https://www.colourdiam.com/Product/Jewellery/9225/white45/center.jpg,ColourDiam,Apparel & Accessories > Jewelry,,1,,,,unisex,,,adult,,,,,,,,,AGL,Fine Jewelry
8712,"Imbued with the radiance of morning sunlight, these exquisite bracelets are a masterclass in fine jewelry craftsmanship. Handcrafted in 18K, the design centers around a GIA-certified 2.78 carat Natural Diamond diamond (). Weighing a total of 6.940 grams, this statement piece offers a secure, comfortable fit with breathtaking visual impact, making it an extraordinary treasure for life's most cherished milestones.","**Exquisite 2.78 Ct Natural Diamond Bracelet**

Elevate your fine jewelry collection with these magnificent 18K bracelets. Featuring a  Ct Natural Diamond , this heirloom piece radiates warmth and unmatched sophistication.",in stock,new,45122.35 HKD,https://colourdiam.com/productdetail/9225,https://www.colourdiam.com/Product/Jewellery/8712/white45/center.jpg,ColourDiam,Apparel & Accessories > Jewelry,,1,,,,unisex,,,adult,,,,,,,,,GIA,Fine Jewelry
7813,"Imbued with the radiance of morning sunlight, these exquisite bracelets are a masterclass in fine jewelry craftsmanship. Handcrafted in 18K, the design centers around a GIA-certified 2.59 carat Natural Diamond diamond (). Weighing a total of 6.998 grams, this statement piece offers a secure, comfortable fit with breathtaking visual impact, making it an extraordinary treasure for life's most cherished milestones.","**Breathtaking 2.59 Ct Natural Diamond Bracelet**

Elevate your fine jewelry collection with these magnificent 18K bracelets. Featuring a  Ct Natural Diamond , this heirloom piece radiates warmth and unmatched sophistication.",in stock,new,58659.05 HKD,,https://www.colourdiam.com/Product/Jewellery/7813/white45/center.jpg,ColourDiam,Apparel & Accessories > Jewelry,,1,,,,unisex,,,adult,,,,,,,,,GIA,Fine Jewelry
3748,"Imbued with the radiance of morning sunlight, these exquisite bracelets are a masterclass in fine jewelry craftsmanship. Handcrafted in 18K, the design centers around a GIA-certified 1.03 carat Natural Diamond diamond (). Weighing a total of 8.105 grams, this statement piece offers a secure, comfortable fit with breathtaking visual impact, making it an extraordinary treasure for life's most cherished milestones.","**Stunning 1.03 Ct Natural Diamond Bracelet**

Elevate your fine jewelry collection with these magnificent 18K bracelets. Featuring a  Ct Natural Diamond , this heirloom piece radiates warmth and unmatched sophistication.",in stock,new,58659.05 HKD,,https://www.colourdiam.com/Product/Jewellery/3748/white45/center.jpg,ColourDiam,Apparel & Accessories > Jewelry,,1,,,,unisex,,,adult,,,,,,,,,GIA,Fine Jewelry
5739,"Imbued with the radiance of morning sunlight, these exquisite bracelets are a masterclass in fine jewelry craftsmanship. Handcrafted in 18K, the design centers around a GIA-certified 1.08 carat Natural Diamond diamond (). Weighing a total of 6.86 grams, this statement piece offers a secure, comfortable fit with breathtaking visual impact, making it an extraordinary treasure for life's most cherished milestones.","**Stunning 1.08 Ct Natural Diamond Bracelet**

Elevate your fine jewelry collection with these magnificent 18K bracelets. Featuring a  Ct Natural Diamond , this heirloom piece radiates warmth and unmatched sophistication.",in stock,new,203050.57 HKD,https://colourdiam.com/productdetail/3748,https://www.colourdiam.com/Product/Jewellery/5739/white45/center.jpg,ColourDiam,Apparel & Accessories > Jewelry,,1,,,,unisex,,,adult,,,,,,,,,GIA,Fine Jewelry
9256,"Imbued with the radiance of morning sunlight, these exquisite pendants are a masterclass in fine jewelry craftsmanship. Handcrafted in 18K, the design centers around a GIA-certified 0.11 carat Natural Diamond diamond (). Weighing a total of 3.770 grams, this statement piece offers a secure, comfortable fit with breathtaking visual impact, making it an extraordinary treasure for life's most cherished milestones.","**Magnificent 0.11 Ct Natural Diamond Pendant**

Elevate your fine jewelry collection with these magnificent 18K pendants. Featuring a  Ct Natural Diamond , this heirloom piece radiates warmth and unmatched sophistication.",in stock,new,72195.76 HKD,https://colourdiam.com/productdetail/5739,https://www.colourdiam.com/Product/Jewellery/9256/white45/center.jpg,ColourDiam,Apparel & Accessories > Jewelry,,1,,,,unisex,,,adult,,,,,,,,,AGL,Fine Jewelry
1990,"Imbued with the radiance of morning sunlight, these exquisite rings are a masterclass in fine jewelry craftsmanship. Handcrafted in 18K, the design centers around a GIA-certified 0.31 carat Faint Pink diamond (VS2). Weighing a total of 3.705 grams, this statement piece offers a secure, comfortable fit with breathtaking visual impact, making it an extraordinary treasure for life's most cherished milestones.",0.41ct Fancy Pink GIA 18K Rose Gold Diamond Ring,in stock,new,49634.58 HKD,https://colourdiam.com/productdetail/9256,https://www.colourdiam.com/Product/Jewellery/1990/white45/center.jpg,ColourDiam,Apparel & Accessories > Jewelry,,1,,,,unisex,,,adult,,,,,,,,,GIA,Fine Jewelry
9149,"Imbued with the radiance of morning sunlight, these exquisite rings are a masterclass in fine jewelry craftsmanship. Handcrafted in 18K, the design centers around a GIA-certified 0.31 carat Faint Pink diamond (SI2). The center stones are masterfully elevated by a halo of 10 shimmering pear diamonds (1.11 Ct), creating an illusion of seamless, infinite brilliance. Weighing a total of 4.295 grams, this statement piece offers a secure, comfortable fit with breathtaking visual impact, making it an extraordinary treasure for life's most cherished milestones.",1.96 Carat Natural Diamond 18K Gold Bracelet,in stock,new,54146.82 HKD,,https://www.colourdiam.com/Product/Jewellery/9149/white45/center.jpg,ColourDiam,Apparel & Accessories > Jewelry,,1,,,,unisex,,,adult,,,,,,,,,,Fine Jewelry
5559,"Imbued with the radiance of morning sunlight, these exquisite rings are a masterclass in fine jewelry craftsmanship. Handcrafted in 18K, the design centers around a GIA-certified 1.00 carat Fancy Deep Brownish Yellow diamond (VVS2). Weighing a total of 6.464 grams, this statement piece offers a secure, comfortable fit with breathtaking visual impact, making it an extraordinary treasure for life's most cherished milestones.",0.40ct Fancy Brown Pink VS1 GIA 18K Gold Ring,in stock,new,45122.35 HKD,,https://www.colourdiam.com/Product/Jewellery/5559/white45/center.jpg,ColourDiam,Apparel & Accessories > Jewelry,,1,,,,unisex,,,adult,,,,,,,,,GIA,Fine Jewelry
9282,"Imbued with the radiance of morning sunlight, these exquisite rings are a masterclass in fine jewelry craftsmanship. Handcrafted in 18K, the design centers around a GIA-certified 1.58 carat Faint Green diamond (VS2). Weighing a total of 5.837 grams, this statement piece offers a secure, comfortable fit with breathtaking visual impact, making it an extraordinary treasure for life's most cherished milestones.",0.22ct Fancy Blue Diamond 18K Gold Ring,in stock,new,13536.7 HKD,https://colourdiam.com/productdetail/5559,https://www.colourdiam.com/Product/Jewellery/9282/white45/center.jpg,ColourDiam,Apparel & Accessories > Jewelry,,1,,,,unisex,,,adult,,,,,,,,,,Fine Jewelry
9283,"Imbued with the radiance of morning sunlight, these exquisite rings are a masterclass in fine jewelry craftsmanship. Handcrafted in 18K, the design centers around a GIA-certified 1.34 carat Natural Diamond diamond (). Weighing a total of 4.730 grams, this statement piece offers a secure, comfortable fit with breathtaking visual impact, making it an extraordinary treasure for life's most cherished milestones.",0.22ct Fancy Blue Diamond 18K Gold Ring,in stock,new,13536.7 HKD,https://colourdiam.com/productdetail/9282,https://www.colourdiam.com/Product/Jewellery/9283/white45/center.jpg,ColourDiam,Apparel & Accessories > Jewelry,,1,,,,unisex,,,adult,,,,,,,,,,Fine Jewelry
9284,"Imbued with the radiance of morning sunlight, these exquisite rings are a masterclass in fine jewelry craftsmanship. Handcrafted in 18K, the design centers around a GIA-certified 0.41 carat Fancy Brownish Pink diamond (I1). Weighing a total of 3.460 grams, this statement piece offers a secure, comfortable fit with breathtaking visual impact, making it an extraordinary treasure for life's most cherished milestones.",0.22ct Fancy Blue Diamond 18K Gold Ring,in stock,new,13536.7 HKD,https://colourdiam.com/productdetail/9283,https://www.colourdiam.com/Product/Jewellery/9284/white45/center.jpg,ColourDiam,Apparel & Accessories > Jewelry,,1,,,,unisex,,,adult,,,,,,,,,,Fine Jewelry
9285,"Imbued with the radiance of morning sunlight, these exquisite bracelets are a masterclass in fine jewelry craftsmanship. Handcrafted in 18K, the design centers around a GIA-certified  carat Natural Diamond diamond (). Weighing a total of 13.022 grams, this statement piece offers a secure, comfortable fit with breathtaking visual impact, making it an extraordinary treasure for life's most cherished milestones.",0.22ct Fancy Blue Diamond 18K Gold Ring,in stock,new,13536.7 HKD,https://colourdiam.com/productdetail/9284,https://www.colourdiam.com/Product/Jewellery/9285/white45/center.jpg,ColourDiam,Apparel & Accessories > Jewelry,,1,,,,unisex,,,adult,,,,,,,,,,Fine Jewelry
9286,"Imbued with the radiance of morning sunlight, these exquisite rings are a masterclass in fine jewelry craftsmanship. Handcrafted in 18K, the design centers around a GIA-certified 0.40 carat Fancy Brown Pink diamond (VS1). Weighing a total of 3.281 grams, this statement piece offers a secure, comfortable fit with breathtaking visual impact, making it an extraordinary treasure for life's most cherished milestones.",0.22ct Fancy Blue Diamond 18K Gold Ring,in stock,new,13536.7 HKD,https://colourdiam.com/productdetail/9285,https://www.colourdiam.com/Product/Jewellery/9286/white45/center.jpg,ColourDiam,Apparel & Accessories > Jewelry,,1,,,,unisex,,,adult,,,,,,,,,,Fine Jewelry
8593,"Imbued with the radiance of morning sunlight, these exquisite rings are a masterclass in fine jewelry craftsmanship. Handcrafted in 18K, the design centers around a GIA-certified 0.22 carat Natural Diamond diamond (). The center stones are masterfully elevated by a halo of 12 shimmering pear diamonds (1.50 Ct), creating an illusion of seamless, infinite brilliance. Weighing a total of 5.080 grams, this statement piece offers a secure, comfortable fit with breathtaking visual impact, making it an extraordinary treasure for life's most cherished milestones.","**Captivating 0.22 Ct Natural Diamond Ring**

Elevate your fine jewelry collection with these magnificent 18K rings. Featuring a  Ct Natural Diamond , surrounded by 12 pear diamonds (1.50 Ct), this heirloom piece radiates warmth and unmatched sophistication.",in stock,new,22561.17 HKD,https://colourdiam.com/productdetail/9286,https://www.colourdiam.com/Product/Jewellery/8593/white45/center.jpg,ColourDiam,Apparel & Accessories > Jewelry,,1,,,,unisex,,,adult,,,,,,,,,,Fine Jewelry
9280,"Imbued with the radiance of morning sunlight, these exquisite rings are a masterclass in fine jewelry craftsmanship. Handcrafted in 18K, the design centers around a GIA-certified 0.22 carat Natural Diamond diamond (). The center stones are masterfully elevated by a halo of 12 shimmering pear diamonds (1.50 Ct), creating an illusion of seamless, infinite brilliance. Weighing a total of 5.080 grams, this statement piece offers a secure, comfortable fit with breathtaking visual impact, making it an extraordinary treasure for life's most cherished milestones.","**Dazzling 0.22 Ct Natural Diamond Ring**

Elevate your fine jewelry collection with these magnificent 18K rings. Featuring a  Ct Natural Diamond , surrounded by 12 pear diamonds (1.50 Ct), this heirloom piece radiates warmth and unmatched sophistication.",in stock,new,40610.11 HKD,https://colourdiam.com/productdetail/8593,https://www.colourdiam.com/Product/Jewellery/9280/white45/center.jpg,ColourDiam,Apparel & Accessories > Jewelry,,1,,,,unisex,,,adult,,,,,,,,,AGL,Fine Jewelry
9217,"Imbued with the radiance of morning sunlight, these exquisite rings are a masterclass in fine jewelry craftsmanship. Handcrafted in 18K, the design centers around a GIA-certified 0.22 carat Natural Diamond diamond (). The center stones are masterfully elevated by a halo of 12 shimmering pear diamonds (1.50 Ct), creating an illusion of seamless, infinite brilliance. Weighing a total of 5.080 grams, this statement piece offers a secure, comfortable fit with breathtaking visual impact, making it an extraordinary treasure for life's most cherished milestones.","**Radiant 0.22 Ct Natural Diamond Ring**

Elevate your fine jewelry collection with these magnificent 18K rings. Featuring a  Ct Natural Diamond , surrounded by 12 pear diamonds (1.50 Ct), this heirloom piece radiates warmth and unmatched sophistication.",in stock,new,7219.58 HKD,https://colourdiam.com/productdetail/9280,https://www.colourdiam.com/Product/Jewellery/9217/white45/center.jpg,ColourDiam,Apparel & Accessories > Jewelry,,1,,,,unisex,,,adult,,,,,,,,,AGL,Fine Jewelry
9218,"Imbued with the radiance of morning sunlight, these exquisite rings are a masterclass in fine jewelry craftsmanship. Handcrafted in 18K, the design centers around a GIA-certified 0.22 carat Natural Diamond diamond (). The center stones are masterfully elevated by a halo of 12 shimmering pear diamonds (1.50 Ct), creating an illusion of seamless, infinite brilliance. Weighing a total of 5.080 grams, this statement piece offers a secure, comfortable fit with breathtaking visual impact, making it an extraordinary treasure for life's most cherished milestones.","**Opulent 0.22 Ct Natural Diamond Ring**

Elevate your fine jewelry collection with these magnificent 18K rings. Featuring a  Ct Natural Diamond , surrounded by 12 pear diamonds (1.50 Ct), this heirloom piece radiates warmth and unmatched sophistication.",in stock,new,7219.58 HKD,https://colourdiam.com/productdetail/9217,https://www.colourdiam.com/Product/Jewellery/9218/white45/center.jpg,ColourDiam,Apparel & Accessories > Jewelry,,1,,,,unisex,,,adult,,,,,,,,,AGL,Fine Jewelry
8936,"Imbued with the radiance of morning sunlight, these exquisite rings are a masterclass in fine jewelry craftsmanship. Handcrafted in 18K, the design centers around a GIA-certified 0.22 carat Natural Diamond diamond (). The center stones are masterfully elevated by a halo of 12 shimmering pear diamonds (1.50 Ct), creating an illusion of seamless, infinite brilliance. Weighing a total of 5.080 grams, this statement piece offers a secure, comfortable fit with breathtaking visual impact, making it an extraordinary treasure for life's most cherished milestones.","**Resplendent 0.22 Ct Natural Diamond Ring**

Elevate your fine jewelry collection with these magnificent 18K rings. Featuring a  Ct Natural Diamond , surrounded by 12 pear diamonds (1.50 Ct), this heirloom piece radiates warmth and unmatched sophistication.",in stock,new,18048.94 HKD,,https://www.colourdiam.com/Product/Jewellery/8936/white45/center.jpg,ColourDiam,Apparel & Accessories > Jewelry,,1,,,,unisex,,,adult,,,,,,,,,GIA,Fine Jewelry
4709,"Imbued with the radiance of morning sunlight, these exquisite bracelets are a masterclass in fine jewelry craftsmanship. Handcrafted in Precious Metal, the design centers around a GIA-certified  carat Natural Diamond diamond (). The center stones are masterfully elevated by a halo of 136 shimmering yellow diamonds (1.10 Ct), creating an illusion of seamless, infinite brilliance. Weighing a total of 14.58 grams, this statement piece offers a secure, comfortable fit with breathtaking visual impact, making it an extraordinary treasure for life's most cherished milestones.","**Magnificent  Ct Natural Diamond Bracelet**

Elevate your fine jewelry collection with these magnificent Precious Metal bracelets. Featuring a  Ct Natural Diamond , surrounded by 136 yellow diamonds (1.10 Ct), this heirloom piece radiates warmth and unmatched sophistication.",in stock,new,49634.58 HKD,https://colourdiam.com/productdetail/8936,https://www.colourdiam.com/Product/Jewellery/4709/white45/center.jpg,ColourDiam,Apparel & Accessories > Jewelry,,1,,,,unisex,,,adult,,,,,,,,,GIA,Fine Jewelry
7143,"Imbued with the radiance of morning sunlight, these exquisite earrings are a masterclass in fine jewelry craftsmanship. Handcrafted in 18K, the design centers around a GIA-certified 1.05 carat Natural Diamond diamond (). Weighing a total of 7.111 grams, this statement piece offers a secure, comfortable fit with breathtaking visual impact, making it an extraordinary treasure for life's most cherished milestones.","**Sumptuous 1.05 Ct Natural Diamond Earring**

Elevate your fine jewelry collection with these magnificent 18K earrings. Featuring a  Ct Natural Diamond , this heirloom piece radiates warmth and unmatched sophistication.",in stock,new,72195.76 HKD,https://colourdiam.com/productdetail/4709,https://www.colourdiam.com/Product/Jewellery/7143/white45/center.jpg,ColourDiam,Apparel & Accessories > Jewelry,,1,,,,unisex,,,adult,,,,,,,,,GIA,Fine Jewelry
7263,"Imbued with the radiance of morning sunlight, these exquisite rings are a masterclass in fine jewelry craftsmanship. Handcrafted in 18K, the design centers around a GIA-certified 0.11 carat Natural Diamond diamond (). Weighing a total of 1.795 grams, this statement piece offers a secure, comfortable fit with breathtaking visual impact, making it an extraordinary treasure for life's most cherished milestones.","**Dazzling 0.11 Ct Natural Diamond Ring**

Elevate your fine jewelry collection with these magnificent 18K rings. Featuring a  Ct Natural Diamond , this heirloom piece radiates warmth and unmatched sophistication.",in stock,new,180489.4 HKD,https://colourdiam.com/productdetail/7143,https://www.colourdiam.com/Product/Jewellery/7263/white45/center.jpg,ColourDiam,Apparel & Accessories > Jewelry,,1,,,,unisex,,,adult,,,,,,,,,GIA,Fine Jewelry
9335,"Imbued with the radiance of morning sunlight, these exquisite rings are a masterclass in fine jewelry craftsmanship. Handcrafted in 18K, the design centers around a GIA-certified 0.28 carat Natural Diamond diamond (). Weighing a total of 1.876 grams, this statement piece offers a secure, comfortable fit with breathtaking visual impact, making it an extraordinary treasure for life's most cherished milestones.","**Stunning 0.28 Ct Natural Diamond Ring**

Elevate your fine jewelry collection with these magnificent 18K rings. Featuring a  Ct Natural Diamond , this heirloom piece radiates warmth and unmatched sophistication.",in stock,new,0 HKD,,https://www.colourdiam.com/Product/Jewellery/9335/white45/center.jpg,ColourDiam,Apparel & Accessories > Jewelry,,1,,,,unisex,,,adult,,,,,,,,,AGL,Fine Jewelry
5194,"Imbued with the radiance of morning sunlight, these exquisite rings are a masterclass in fine jewelry craftsmanship. Handcrafted in 18K, the design centers around a GIA-certified 0.50 carat F diamond (VS2). Weighing a total of 2.446 grams, this statement piece offers a secure, comfortable fit with breathtaking visual impact, making it an extraordinary treasure for life's most cherished milestones.","**Captivating 0.50 Ct F Ring**

Elevate your fine jewelry collection with these magnificent 18K rings. Featuring a 0.5 Ct F VS2, this heirloom piece radiates warmth and unmatched sophistication.",in stock,new,58659.05 HKD,https://colourdiam.com/productdetail/9335,https://www.colourdiam.com/Product/Jewellery/5194/white45/center.jpg,ColourDiam,Apparel & Accessories > Jewelry,,1,,,,unisex,,,adult,,,,,,,,,GIA,Fine Jewelry
9360,"Imbued with the radiance of morning sunlight, these exquisite rings are a masterclass in fine jewelry craftsmanship. Handcrafted in 18K, the design centers around a GIA-certified 0.45 carat Light Blue diamond (SI1). Weighing a total of 4.450 grams, this statement piece offers a secure, comfortable fit with breathtaking visual impact, making it an extraordinary treasure for life's most cherished milestones.","**Radiant 0.45 Ct Light Blue Ring**

Elevate your fine jewelry collection with these magnificent 18K rings. Featuring a 0.45 Ct Light Blue SI1, this heirloom piece radiates warmth and unmatched sophistication.",in stock,new,12634.26 HKD,https://colourdiam.com/productdetail/5194,https://www.colourdiam.com/Product/Jewellery/9360/white45/center.jpg,ColourDiam,Apparel & Accessories > Jewelry,,1,,,,unisex,,,adult,,,,,,,,,,Fine Jewelry
9378,"Imbued with the radiance of morning sunlight, these exquisite rings are a masterclass in fine jewelry craftsmanship. Handcrafted in 18K, the design centers around a GIA-certified 1.51 carat Fancy Yellow diamond (VVS2). The center stones are masterfully elevated by a halo of 8 shimmering pear diamonds (0.74 Ct), creating an illusion of seamless, infinite brilliance. Weighing a total of 4.981 grams, this statement piece offers a secure, comfortable fit with breathtaking visual impact, making it an extraordinary treasure for life's most cherished milestones.","**Resplendent 1.51 Ct Fancy Yellow Ring**

Elevate your fine jewelry collection with these magnificent 18K rings. Featuring a 1.51 Ct Fancy Yellow VVS2, surrounded by 8 pear diamonds (0.74 Ct), this heirloom piece radiates warmth and unmatched sophistication.",in stock,new,12634.26 HKD,https://colourdiam.com/productdetail/9360,https://www.colourdiam.com/Product/Jewellery/9378/white45/center.jpg,ColourDiam,Apparel & Accessories > Jewelry,,1,,,,unisex,,,adult,,,,,,,,,,Fine Jewelry
9379,"Imbued with the radiance of morning sunlight, these exquisite rings are a masterclass in fine jewelry craftsmanship. Handcrafted in 18K, the design centers around a GIA-certified 3.02 carat U-V diamond (VS2). The center stones are masterfully elevated by a halo of 21 shimmering pear diamonds (0.73 Ct), creating an illusion of seamless, infinite brilliance. Weighing a total of 6.225 grams, this statement piece offers a secure, comfortable fit with breathtaking visual impact, making it an extraordinary treasure for life's most cherished milestones.","**Dazzling 3.02 Ct U-V Ring**

Elevate your fine jewelry collection with these magnificent 18K rings. Featuring a 3.02 Ct U-V VS2, surrounded by 21 pear diamonds (0.73 Ct), this heirloom piece radiates warmth and unmatched sophistication.",in stock,new,12634.26 HKD,,https://www.colourdiam.com/Product/Jewellery/9379/white45/center.jpg,ColourDiam,Apparel & Accessories > Jewelry,,1,,,,unisex,,,adult,,,,,,,,,,Fine Jewelry
9380,"Imbued with the radiance of morning sunlight, these exquisite rings are a masterclass in fine jewelry craftsmanship. Handcrafted in 18K, the design centers around a GIA-certified 0.41 carat Natural Diamond diamond (). Weighing a total of 2.330 grams, this statement piece offers a secure, comfortable fit with breathtaking visual impact, making it an extraordinary treasure for life's most cherished milestones.","**Opulent 0.41 Ct Natural Diamond Ring**

Elevate your fine jewelry collection with these magnificent 18K rings. Featuring a  Ct Natural Diamond , this heirloom piece radiates warmth and unmatched sophistication.",in stock,new,12634.26 HKD,,https://www.colourdiam.com/Product/Jewellery/9380/white45/center.jpg,ColourDiam,Apparel & Accessories > Jewelry,,1,,,,unisex,,,adult,,,,,,,,,,Fine Jewelry
9381,"Imbued with the radiance of morning sunlight, these exquisite rings are a masterclass in fine jewelry craftsmanship. Handcrafted in 18K, the design centers around a GIA-certified 0.70 carat Natural Diamond diamond (). The center stones are masterfully elevated by a halo of 06 shimmering pear diamonds (0.241 Ct), creating an illusion of seamless, infinite brilliance. Weighing a total of 3.26 grams, this statement piece offers a secure, comfortable fit with breathtaking visual impact, making it an extraordinary treasure for life's most cherished milestones.","**Stunning 0.70 Ct Natural Diamond Ring**

Elevate your fine jewelry collection with these magnificent 18K rings. Featuring a  Ct Natural Diamond , surrounded by 06 pear diamonds (0.241 Ct), this heirloom piece radiates warmth and unmatched sophistication.",in stock,new,12634.26 HKD,,https://www.colourdiam.com/Product/Jewellery/9381/white45/center.jpg,ColourDiam,Apparel & Accessories > Jewelry,,1,,,,unisex,,,adult,,,,,,,,,,Fine Jewelry
4293,"Imbued with the radiance of morning sunlight, these exquisite bracelets are a masterclass in fine jewelry craftsmanship. Handcrafted in 9K, the design centers around a GIA-certified 0.94 carat Natural Diamond diamond (). Weighing a total of 13.000 grams, this statement piece offers a secure, comfortable fit with breathtaking visual impact, making it an extraordinary treasure for life's most cherished milestones.","**Sumptuous 0.94 Ct Natural Diamond Bracelet**

Elevate your fine jewelry collection with these magnificent 9K bracelets. Featuring a  Ct Natural Diamond , this heirloom piece radiates warmth and unmatched sophistication.",in stock,new,63171.29 HKD,,https://www.colourdiam.com/Product/Jewellery/4293/white45/center.jpg,ColourDiam,Apparel & Accessories > Jewelry,,1,,,,unisex,,,adult,,,,,,,,,AGL,Fine Jewelry
5613_5653,"Imbued with the radiance of morning sunlight, these exquisite bracelets are a masterclass in fine jewelry craftsmanship. Handcrafted in 9K, the design centers around a GIA-certified 0.98 carat WHITE diamond (I1). Weighing a total of 12.330 grams, this statement piece offers a secure, comfortable fit with breathtaking visual impact, making it an extraordinary treasure for life's most cherished milestones.","**Captivating 0.98 Ct WHITE Bracelet**

Elevate your fine jewelry collection with these magnificent 9K bracelets. Featuring a 0.98 Ct WHITE I1, this heirloom piece radiates warmth and unmatched sophistication.",in stock,new,406101.14 HKD,,https://www.colourdiam.com/Product/Jewellery/5613_5653/white45/center.jpg,ColourDiam,Apparel & Accessories > Jewelry,,1,,,,unisex,,,adult,,,,,,,,,AGL,Fine Jewelry
5436,"Imbued with the radiance of morning sunlight, these exquisite bracelets are a masterclass in fine jewelry craftsmanship. Handcrafted in 9K, the design centers around a GIA-certified 0.98 carat WHITE diamond (I1). Weighing a total of 12.250 grams, this statement piece offers a secure, comfortable fit with breathtaking visual impact, making it an extraordinary treasure for life's most cherished milestones.","**Dazzling 0.98 Ct WHITE Bracelet**

Elevate your fine jewelry collection with these magnificent 9K bracelets. Featuring a 0.98 Ct WHITE I1, this heirloom piece radiates warmth and unmatched sophistication.",in stock,new,58659.05 HKD,https://colourdiam.com/productdetail/Menu/5613/5653,https://www.colourdiam.com/Product/Jewellery/5436/white45/center.jpg,ColourDiam,Apparel & Accessories > Jewelry,,1,,,,unisex,,,adult,,,,,,,,,GIA,Fine Jewelry
9287_9312,"Imbued with the radiance of morning sunlight, these exquisite bracelets are a masterclass in fine jewelry craftsmanship. Handcrafted in 9K, the design centers around a GIA-certified 0.98 carat WHITE diamond (I1). Weighing a total of 12.550 grams, this statement piece offers a secure, comfortable fit with breathtaking visual impact, making it an extraordinary treasure for life's most cherished milestones.","**Splendid 0.98 Ct WHITE Bracelet**

Elevate your fine jewelry collection with these magnificent 9K bracelets. Featuring a 0.98 Ct WHITE I1, this heirloom piece radiates warmth and unmatched sophistication.",in stock,new,4963.46 HKD,https://colourdiam.com/productdetail/5436,https://www.colourdiam.com/Product/Jewellery/9287_9312/white45/center.jpg,ColourDiam,Apparel & Accessories > Jewelry,,1,,,,unisex,,,adult,,,,,,,,,IGI,Fine Jewelry
9288_9313,"Imbued with the radiance of morning sunlight, these exquisite bracelets are a masterclass in fine jewelry craftsmanship. Handcrafted in 9K, the design centers around a GIA-certified 0.98 carat WHITE diamond (I1). Weighing a total of 12.370 grams, this statement piece offers a secure, comfortable fit with breathtaking visual impact, making it an extraordinary treasure for life's most cherished milestones.","**Opulent 0.98 Ct WHITE Bracelet**

Elevate your fine jewelry collection with these magnificent 9K bracelets. Featuring a 0.98 Ct WHITE I1, this heirloom piece radiates warmth and unmatched sophistication.",in stock,new,4963.46 HKD,https://colourdiam.com/productdetail/Menu/9287/9312,https://www.colourdiam.com/Product/Jewellery/9288_9313/white45/center.jpg,ColourDiam,Apparel & Accessories > Jewelry,,1,,,,unisex,,,adult,,,,,,,,,IGI,Fine Jewelry
9289_9309,"Imbued with the radiance of morning sunlight, these exquisite rings are a masterclass in fine jewelry craftsmanship. Handcrafted in 18K, the design centers around a GIA-certified 1.52 carat Fancy Green diamond (SI2). Weighing a total of 5.540 grams, this statement piece offers a secure, comfortable fit with breathtaking visual impact, making it an extraordinary treasure for life's most cherished milestones.","**Exquisite 1.52 Ct Fancy Green Ring**

Elevate your fine jewelry collection with these magnificent 18K rings. Featuring a 1.52 Ct Fancy Green SI2, this heirloom piece radiates warmth and unmatched sophistication.",in stock,new,4963.46 HKD,https://colourdiam.com/productdetail/Menu/9288/9313,https://www.colourdiam.com/Product/Jewellery/9289_9309/white45/center.jpg,ColourDiam,Apparel & Accessories > Jewelry,,1,,,,unisex,,,adult,,,,,,,,,IGI,Fine Jewelry
9291_9311,"Imbued with the radiance of morning sunlight, these exquisite rings are a masterclass in fine jewelry craftsmanship. Handcrafted in 18K, the design centers around a GIA-certified 5.52 carat Natural Diamond diamond (). Weighing a total of 6.95 grams, this statement piece offers a secure, comfortable fit with breathtaking visual impact, making it an extraordinary treasure for life's most cherished milestones.","**Magnificent 5.52 Ct Natural Diamond Ring**

Elevate your fine jewelry collection with these magnificent 18K rings. Featuring a  Ct Natural Diamond , this heirloom piece radiates warmth and unmatched sophistication.",in stock,new,4963.46 HKD,https://colourdiam.com/productdetail/Menu/9289/9309,https://www.colourdiam.com/Product/Jewellery/9291_9311/white45/center.jpg,ColourDiam,Apparel & Accessories > Jewelry,,1,,,,unisex,,,adult,,,,,,,,,IGI,Fine Jewelry
9292_9319,"Imbued with the radiance of morning sunlight, these exquisite rings are a masterclass in fine jewelry craftsmanship. Handcrafted in 18K, the design centers around a GIA-certified 0.76 carat Fancy Blue Green diamond (SI1). Weighing a total of 4.900 grams, this statement piece offers a secure, comfortable fit with breathtaking visual impact, making it an extraordinary treasure for life's most cherished milestones.","**Exquisite 0.76 Ct Fancy Blue Green Ring**

Elevate your fine jewelry collection with these magnificent 18K rings. Featuring a 0.76 Ct Fancy Blue Green SI1, this heirloom piece radiates warmth and unmatched sophistication.",in stock,new,4963.46 HKD,https://colourdiam.com/productdetail/Menu/9291/9311,https://www.colourdiam.com/Product/Jewellery/9292_9319/white45/center.jpg,ColourDiam,Apparel & Accessories > Jewelry,,1,,,,unisex,,,adult,,,,,,,,,IGI,Fine Jewelry
9293_9327,"Imbued with the radiance of morning sunlight, these exquisite earrings are a masterclass in fine jewelry craftsmanship. Handcrafted in 18K, the design centers around two GIA-certified F diamonds totaling 0.60 carats (0.3 Ct SI1 and 0.3 Ct SI1). Weighing a total of 1.100 grams, this statement piece offers a secure, comfortable fit with breathtaking visual impact, making it an extraordinary treasure for life's most cherished milestones.","**Dazzling 0.60 Ct F Earring**

Elevate your fine jewelry collection with these magnificent 18K earrings. Featuring a matched pair of 0.3 Ct F SI1 and 0.3 Ct G SI1, this heirloom piece radiates warmth and unmatched sophistication.",in stock,new,4963.46 HKD,https://colourdiam.com/productdetail/Menu/9292/9319,https://www.colourdiam.com/Product/Jewellery/9293_9327/white45/center.jpg,ColourDiam,Apparel & Accessories > Jewelry,,1,,,,unisex,,,adult,,,,,,,,,IGI,Fine Jewelry
9294_9308,"Imbued with the radiance of morning sunlight, these exquisite earrings are a masterclass in fine jewelry craftsmanship. Handcrafted in 18K, the design centers around two GIA-certified G diamonds totaling 0.60 carats (0.3 Ct SI1 and 0.3 Ct SI1). Weighing a total of 1.130 grams, this statement piece offers a secure, comfortable fit with breathtaking visual impact, making it an extraordinary treasure for life's most cherished milestones.","**Magnificent 0.60 Ct G Earring**

Elevate your fine jewelry collection with these magnificent 18K earrings. Featuring a matched pair of 0.3 Ct G SI1 and 0.3 Ct G SI1, this heirloom piece radiates warmth and unmatched sophistication.",in stock,new,4963.46 HKD,https://colourdiam.com/productdetail/Menu/9293/9327,https://www.colourdiam.com/Product/Jewellery/9294_9308/white45/center.jpg,ColourDiam,Apparel & Accessories > Jewelry,,1,,,,unisex,,,adult,,,,,,,,,IGI,Fine Jewelry
9295_9324,"Imbued with the radiance of morning sunlight, these exquisite earrings are a masterclass in fine jewelry craftsmanship. Handcrafted in 18K, the design centers around two GIA-certified G diamonds totaling 0.60 carats (0.3 Ct SI1 and 0.3 Ct SI1). Weighing a total of 1.134 grams, this statement piece offers a secure, comfortable fit with breathtaking visual impact, making it an extraordinary treasure for life's most cherished milestones.","**Sumptuous 0.60 Ct G Earring**

Elevate your fine jewelry collection with these magnificent 18K earrings. Featuring a matched pair of 0.3 Ct G SI1 and 0.3 Ct G SI1, this heirloom piece radiates warmth and unmatched sophistication.",in stock,new,4963.46 HKD,https://colourdiam.com/productdetail/Menu/9294/9308,https://www.colourdiam.com/Product/Jewellery/9295_9324/white45/center.jpg,ColourDiam,Apparel & Accessories > Jewelry,,1,,,,unisex,,,adult,,,,,,,,,IGI,Fine Jewelry
9296_9323,"Imbued with the radiance of morning sunlight, these exquisite earrings are a masterclass in fine jewelry craftsmanship. Handcrafted in 18K, the design centers around two GIA-certified G diamonds totaling 0.60 carats (0.3 Ct SI1 and 0.3 Ct SI1). Weighing a total of 1.126 grams, this statement piece offers a secure, comfortable fit with breathtaking visual impact, making it an extraordinary treasure for life's most cherished milestones.","**Resplendent 0.60 Ct G Earring**

Elevate your fine jewelry collection with these magnificent 18K earrings. Featuring a matched pair of 0.3 Ct G SI1 and 0.3 Ct G SI1, this heirloom piece radiates warmth and unmatched sophistication.",in stock,new,4963.46 HKD,https://colourdiam.com/productdetail/Menu/9295/9324,https://www.colourdiam.com/Product/Jewellery/9296_9323/white45/center.jpg,ColourDiam,Apparel & Accessories > Jewelry,,1,,,,unisex,,,adult,,,,,,,,,IGI,Fine Jewelry
9297_9299,"Imbued with the radiance of morning sunlight, these exquisite earrings are a masterclass in fine jewelry craftsmanship. Handcrafted in 18K, the design centers around two GIA-certified G diamonds totaling 0.60 carats (0.3 Ct SI1 and 0.3 Ct SI1). Weighing a total of 1.138 grams, this statement piece offers a secure, comfortable fit with breathtaking visual impact, making it an extraordinary treasure for life's most cherished milestones.","**Radiant 0.60 Ct G Earring**

Elevate your fine jewelry collection with these magnificent 18K earrings. Featuring a matched pair of 0.3 Ct G SI1 and 0.3 Ct G SI1, this heirloom piece radiates warmth and unmatched sophistication.",in stock,new,4963.46 HKD,https://colourdiam.com/productdetail/Menu/9296/9323,https://www.colourdiam.com/Product/Jewellery/9297_9299/white45/center.jpg,ColourDiam,Apparel & Accessories > Jewelry,,1,,,,unisex,,,adult,,,,,,,,,IGI,Fine Jewelry
9298_9316,"Imbued with the radiance of morning sunlight, these exquisite earrings are a masterclass in fine jewelry craftsmanship. Handcrafted in 18K, the design centers around two GIA-certified G diamonds totaling 0.60 carats (0.3 Ct SI1 and 0.3 Ct SI1). Weighing a total of 1.146 grams, this statement piece offers a secure, comfortable fit with breathtaking visual impact, making it an extraordinary treasure for life's most cherished milestones.","**Stunning 0.60 Ct G Earring**

Elevate your fine jewelry collection with these magnificent 18K earrings. Featuring a matched pair of 0.3 Ct G SI1 and 0.3 Ct G SI1, this heirloom piece radiates warmth and unmatched sophistication.",in stock,new,4963.46 HKD,https://colourdiam.com/productdetail/Menu/9297/9299,https://www.colourdiam.com/Product/Jewellery/9298_9316/white45/center.jpg,ColourDiam,Apparel & Accessories > Jewelry,,1,,,,unisex,,,adult,,,,,,,,,IGI,Fine Jewelry
9300_9328,"Imbued with the radiance of morning sunlight, these exquisite earrings are a masterclass in fine jewelry craftsmanship. Handcrafted in 18K, the design centers around two GIA-certified G diamonds totaling 0.60 carats (0.3 Ct SI1 and 0.3 Ct SI1). Weighing a total of 1.118 grams, this statement piece offers a secure, comfortable fit with breathtaking visual impact, making it an extraordinary treasure for life's most cherished milestones.","**Magnificent 0.60 Ct G Earring**

Elevate your fine jewelry collection with these magnificent 18K earrings. Featuring a matched pair of 0.3 Ct G SI1 and 0.3 Ct G SI1, this heirloom piece radiates warmth and unmatched sophistication.",in stock,new,4963.46 HKD,https://colourdiam.com/productdetail/Menu/9298/9316,https://www.colourdiam.com/Product/Jewellery/9300_9328/white45/center.jpg,ColourDiam,Apparel & Accessories > Jewelry,,1,,,,unisex,,,adult,,,,,,,,,IGI,Fine Jewelry
9302_9304,"Imbued with the radiance of morning sunlight, these exquisite earrings are a masterclass in fine jewelry craftsmanship. Handcrafted in 18K, the design centers around two GIA-certified G diamonds totaling 0.60 carats (0.3 Ct SI1 and 0.3 Ct SI1). Weighing a total of 1.156 grams, this statement piece offers a secure, comfortable fit with breathtaking visual impact, making it an extraordinary treasure for life's most cherished milestones.","**Radiant 0.60 Ct G Earring**

Elevate your fine jewelry collection with these magnificent 18K earrings. Featuring a matched pair of 0.3 Ct G SI1 and 0.3 Ct G SI1, this heirloom piece radiates warmth and unmatched sophistication.",in stock,new,4963.46 HKD,https://colourdiam.com/productdetail/Menu/9300/9328,https://www.colourdiam.com/Product/Jewellery/9302_9304/white45/center.jpg,ColourDiam,Apparel & Accessories > Jewelry,,1,,,,unisex,,,adult,,,,,,,,,IGI,Fine Jewelry
9305_9329,"Imbued with the radiance of morning sunlight, these exquisite earrings are a masterclass in fine jewelry craftsmanship. Handcrafted in 18K, the design centers around two GIA-certified G diamonds totaling 0.60 carats (0.3 Ct SI1 and 0.3 Ct SI1). Weighing a total of 1.150 grams, this statement piece offers a secure, comfortable fit with breathtaking visual impact, making it an extraordinary treasure for life's most cherished milestones.","**Radiant 0.60 Ct G Earring**

Elevate your fine jewelry collection with these magnificent 18K earrings. Featuring a matched pair of 0.3 Ct G SI1 and 0.3 Ct G SI1, this heirloom piece radiates warmth and unmatched sophistication.",in stock,new,4963.46 HKD,https://colourdiam.com/productdetail/Menu/9302/9304,https://www.colourdiam.com/Product/Jewellery/9305_9329/white45/center.jpg,ColourDiam,Apparel & Accessories > Jewelry,,1,,,,unisex,,,adult,,,,,,,,,IGI,Fine Jewelry
9306_9322,"Imbued with the radiance of morning sunlight, these exquisite earrings are a masterclass in fine jewelry craftsmanship. Handcrafted in 18K, the design centers around two GIA-certified G diamonds totaling 0.60 carats (0.3 Ct SI1 and 0.3 Ct SI1). Weighing a total of 1.140 grams, this statement piece offers a secure, comfortable fit with breathtaking visual impact, making it an extraordinary treasure for life's most cherished milestones.","**Resplendent 0.60 Ct G Earring**

Elevate your fine jewelry collection with these magnificent 18K earrings. Featuring a matched pair of 0.3 Ct G SI1 and 0.3 Ct G SI1, this heirloom piece radiates warmth and unmatched sophistication.",in stock,new,4963.46 HKD,https://colourdiam.com/productdetail/Menu/9305/9329,https://www.colourdiam.com/Product/Jewellery/9306_9322/white45/center.jpg,ColourDiam,Apparel & Accessories > Jewelry,,1,,,,unisex,,,adult,,,,,,,,,IGI,Fine Jewelry
9307_9320,"Imbued with the radiance of morning sunlight, these exquisite earrings are a masterclass in fine jewelry craftsmanship. Handcrafted in 18K, the design centers around two GIA-certified G diamonds totaling 0.60 carats (0.3 Ct SI1 and 0.3 Ct SI1). Weighing a total of 1.146 grams, this statement piece offers a secure, comfortable fit with breathtaking visual impact, making it an extraordinary treasure for life's most cherished milestones.","**Splendid 0.60 Ct G Earring**

Elevate your fine jewelry collection with these magnificent 18K earrings. Featuring a matched pair of 0.3 Ct G SI1 and 0.3 Ct G SI1, this heirloom piece radiates warmth and unmatched sophistication.",in stock,new,4963.46 HKD,https://colourdiam.com/productdetail/Menu/9306/9322,https://www.colourdiam.com/Product/Jewellery/9307_9320/white45/center.jpg,ColourDiam,Apparel & Accessories > Jewelry,,1,,,,unisex,,,adult,,,,,,,,,IGI,Fine Jewelry
9310_9330,"A true masterpiece of haute joaillerie. This earring is meticulously handcrafted in 18K, showcasing Center stones: 0.3 Ct G SI1 & 0.3 Ct G SI1.
Total weight: 1.117 grams

Each stone has been carefully selected for its exceptional color and clarity, then masterfully set to create a matchless composition of light and form.","**Brilliant 0.60 Ct G Earring**

Crafted with meticulous precision in 18K, this earring embodies a brilliant allure. Center stones: 0.3 Ct G SI1 & 0.3 Ct G SI1. A testament to nature's finest creation and masterful human artistry.",in stock,new,4963.46 HKD,https://colourdiam.com/productdetail/Menu/9307/9320,https://www.colourdiam.com/Product/Jewellery/9310_9330/white45/center.jpg,ColourDiam,Apparel & Accessories > Jewelry,,1,,,,unisex,,,adult,,,,,,,,,IGI,Fine Jewelry
9317_9325,"Imbued with the radiance of morning sunlight, this earring is a masterclass in fine jewelry craftsmanship. Handcrafted in 18K, the design centers around two GIA-certified G diamonds totaling 0.60 carats (0.3 Ct SI1 and 0.3 Ct SI1). Weighing a total of 1.127 grams, this earring offers a secure, comfortable fit with breathtaking visual impact.","**Extraordinary 0.60 Ct G Earring**

Behold a marvel of haute joaillerie: 2 GIA-certified G diamonds totaling 0.60 carats set in luxurious 18K. Weighing 1.127 grams in total. A symphony of light and craftsmanship awaits the discerning collector.",in stock,new,4963.46 HKD,https://colourdiam.com/productdetail/Menu/9310/9330,https://www.colourdiam.com/Product/Jewellery/9317_9325/white45/center.jpg,ColourDiam,Apparel & Accessories > Jewelry,,1,,,,unisex,,,adult,,,,,,,,,IGI,Fine Jewelry
9318_9314,"Imbued with the radiance of morning sunlight, this earring is a masterclass in fine jewelry craftsmanship. Handcrafted in 18K, the design centers around two GIA-certified G diamonds totaling 0.60 carats (0.3 Ct SI1 and 0.3 Ct SI1). Weighing a total of 1.118 grams, this earring offers a secure, comfortable fit with breathtaking visual impact.","**Incomparable 0.60 Ct G Earring**

Behold a investment of haute joaillerie: 2 GIA-certified G diamonds totaling 0.60 carats set in luxurious 18K. Weighing 1.118 grams in total. A symphony of light and craftsmanship awaits the discerning collector.",in stock,new,4963.46 HKD,https://colourdiam.com/productdetail/Menu/9317/9325,https://www.colourdiam.com/Product/Jewellery/9318_9314/white45/center.jpg,ColourDiam,Apparel & Accessories > Jewelry,,1,,,,unisex,,,adult,,,,,,,,,IGI,Fine Jewelry
9301_9303,"A true work of art of haute joaillerie. This earring is meticulously handcrafted in 18K, showcasing Center stones: 0.3 Ct G SI1 & 0.3 Ct G SI1.
Total weight: 1.130 grams

Each stone has been carefully selected for its exceptional color and clarity, then masterfully set to create a extraordinary composition of light and form.","**Radiant 0.60 Ct G Earring**

Elevate your fine jewelry collection with this magnificent 18K creation. Featuring a matched pair of GIA-certified 0.3 Ct G SI1 and 0.3 Ct G SI1, this heirloom-quality piece captures timeless sophistication and unmatched artistry.",in stock,new,4963.46 HKD,https://colourdiam.com/productdetail/Menu/9318/9314,https://www.colourdiam.com/Product/Jewellery/9301_9303/white45/center.jpg,ColourDiam,Apparel & Accessories > Jewelry,,1,,,,unisex,,,adult,,,,,,,,,IGI,Fine Jewelry
9321_9326,"A true work of art of haute joaillerie. This earring is meticulously handcrafted in 18K, showcasing Center stones: 0.3 Ct G SI1 & 0.3 Ct G SI1.
Total weight: 1.140 grams

Each stone has been carefully selected for its exceptional color and clarity, then masterfully set to create a precious composition of light and form.","**Shimmering 0.60 Ct G Earring**

Crafted with meticulous precision in 18K, this earring radiates a shimmering allure. Center stones: 0.3 Ct G SI1 & 0.3 Ct G SI1. A testament to nature's finest creation and masterful human artistry.",in stock,new,4963.46 HKD,https://colourdiam.com/productdetail/Menu/9301/9303,https://www.colourdiam.com/Product/Jewellery/9321_9326/white45/center.jpg,ColourDiam,Apparel & Accessories > Jewelry,,1,,,,unisex,,,adult,,,,,,,,,IGI,Fine Jewelry
9290_9315,"Imbued with the radiance of morning sunlight, this earring is a masterclass in fine jewelry craftsmanship. Handcrafted in 18K, the design centers around two GIA-certified G diamonds totaling 0.60 carats (0.3 Ct SI1 and 0.3 Ct SI1). Weighing a total of 1.148 grams, this earring offers a secure, comfortable fit with breathtaking visual impact.","**Exceptional 0.60 Ct G Earring**

Behold a masterpiece of haute joaillerie: 2 GIA-certified G diamonds totaling 0.60 carats set in luxurious 18K. Weighing 1.148 grams in total. A symphony of light and craftsmanship awaits the discerning collector.",in stock,new,4963.46 HKD,https://colourdiam.com/productdetail/Menu/9321/9326,https://www.colourdiam.com/Product/Jewellery/9290_9315/white45/center.jpg,ColourDiam,Apparel & Accessories > Jewelry,,1,,,,unisex,,,adult,,,,,,,,,IGI,Fine Jewelry
9484,"Imbued with the radiance of morning sunlight, this earring is a masterclass in fine jewelry craftsmanship. Handcrafted in 18K, the design centers around two GIA-certified G diamonds totaling 0.60 carats (0.3 Ct SI1 and 0.3 Ct SI1). Weighing a total of 1.106 grams, this earring offers a secure, comfortable fit with breathtaking visual impact.","**Incomparable 0.60 Ct G Earring**

Behold a creation of haute joaillerie: 2 GIA-certified G diamonds totaling 0.60 carats set in luxurious 18K. Weighing 1.106 grams in total. A symphony of light and craftsmanship awaits the discerning collector.",in stock,new,13536.7 HKD,https://colourdiam.com/productdetail/Menu/9290/9315,https://www.colourdiam.com/Product/Jewellery/9484/white45/center.jpg,ColourDiam,Apparel & Accessories > Jewelry,,1,,,,unisex,,,adult,,,,,,,,,AGL,Fine Jewelry
4317,"Imbued with the radiance of morning sunlight, this earring is a masterclass in fine jewelry craftsmanship. Handcrafted in 18K, the design centers around two GIA-certified G diamonds totaling 0.60 carats (0.3 Ct SI1 and 0.3 Ct SI1). Weighing a total of 1.140 grams, this earring offers a secure, comfortable fit with breathtaking visual impact.","**Dazzling 0.60 Ct G Earring**

Elevate your fine jewelry collection with this magnificent 18K creation. Featuring a matched pair of GIA-certified 0.3 Ct G SI1 and 0.3 Ct G SI1, this heirloom-quality piece embodies timeless sophistication and unmatched artistry.",in stock,new,58659.05 HKD,https://colourdiam.com/productdetail/9484,https://www.colourdiam.com/Product/Jewellery/4317/white45/center.jpg,ColourDiam,Apparel & Accessories > Jewelry,,1,,,,unisex,,,adult,,,,,,,,,GIA,Fine Jewelry
6101,"A true marvel of haute joaillerie. This earring is meticulously handcrafted in 18K, showcasing Center stones: 0.3 Ct G SI1 & 0.3 Ct G SI1.
Total weight: 1.158 grams

Each stone has been carefully selected for its exceptional color and clarity, then masterfully set to create a extraordinary composition of light and form.","**Luminous 0.60 Ct G Earring**

Crafted with meticulous precision in 18K, this earring displays a luminous allure. Center stones: 0.3 Ct G SI1 & 0.3 Ct G SI1. A testament to nature's finest creation and masterful human artistry.",in stock,new,135367.05 HKD,https://colourdiam.com/productdetail/4317,https://www.colourdiam.com/Product/Jewellery/6101/white45/center.jpg,ColourDiam,Apparel & Accessories > Jewelry,,1,,,,unisex,,,adult,,,,,,,,,GIA,Fine Jewelry
5429,"A true marvel of haute joaillerie. This earring is meticulously handcrafted in 18K, showcasing Center stones: 0.3 Ct G SI1 & 0.3 Ct G SI1.
Total weight: 1.119 grams

Each stone has been carefully selected for its exceptional color and clarity, then masterfully set to create a remarkable composition of light and form.","**Brilliant 0.60 Ct G Earring**

Crafted with meticulous precision in 18K, this earring radiates a brilliant allure. Center stones: 0.3 Ct G SI1 & 0.3 Ct G SI1. A testament to nature's finest creation and masterful human artistry.",in stock,new,58659.05 HKD,https://colourdiam.com/productdetail/6101,https://www.colourdiam.com/Product/Jewellery/5429/white45/center.jpg,ColourDiam,Apparel & Accessories > Jewelry,,1,,,,unisex,,,adult,,,,,,,,,GIA,Fine Jewelry
5573,"Imbued with the radiance of morning sunlight, this earring is a masterclass in fine jewelry craftsmanship. Handcrafted in 18K, the design centers around two GIA-certified G diamonds totaling 0.60 carats (0.3 Ct SI1 and 0.3 Ct SI1). Weighing a total of 1.120 grams, this earring offers a secure, comfortable fit with breathtaking visual impact.","**Exquisite 0.60 Ct G Earring**

Elevate your fine jewelry collection with this magnificent 18K creation. Featuring a matched pair of GIA-certified 0.3 Ct G SI1 and 0.3 Ct G SI1, this heirloom-quality piece commands timeless sophistication and unmatched artistry.",in stock,new,58659.05 HKD,https://colourdiam.com/productdetail/5429,https://www.colourdiam.com/Product/Jewellery/5573/white45/center.jpg,ColourDiam,Apparel & Accessories > Jewelry,,1,,,,unisex,,,adult,,,,,,,,,GIA,Fine Jewelry
9550,"Imbued with the radiance of morning sunlight, these exquisite pendants are a masterclass in fine jewelry craftsmanship. Handcrafted in 18K, the design centers around a GIA-certified 0.12 carat Natural Diamond diamond (). Weighing a total of 3.499 grams, this statement piece offers a secure, comfortable fit with breathtaking visual impact, making it an extraordinary treasure for life's most cherished milestones.","**Stunning 0.12 Ct Natural Diamond Pendant**

Elevate your fine jewelry collection with these magnificent 18K pendants. Featuring a  Ct Natural Diamond , this heirloom piece radiates warmth and unmatched sophistication.",in stock,new,10829.36 HKD,https://colourdiam.com/productdetail/5573,https://www.colourdiam.com/Product/Jewellery/9550/white45/center.jpg,ColourDiam,Apparel & Accessories > Jewelry,,1,,,,unisex,,,adult,,,,,,,,,AGL,Fine Jewelry
7232/6528/5445,"Imbued with the radiance of morning sunlight, these exquisite rings are a masterclass in fine jewelry craftsmanship. Handcrafted in 18K, the design centers around a GIA-certified 0.70 carat Light Pinkish Brown diamond (SI2). Weighing a total of 4.56 grams, this statement piece offers a secure, comfortable fit with breathtaking visual impact, making it an extraordinary treasure for life's most cherished milestones.","**Sumptuous 0.70 Ct Light Pinkish Brown Ring**

Elevate your fine jewelry collection with these magnificent 18K rings. Featuring a 0.70 Ct Light Pinkish Brown SI2, this heirloom piece radiates warmth and unmatched sophistication.",in stock,new,0 HKD,https://colourdiam.com/productdetail/9550,https://www.colourdiam.com/Product/Jewellery/7232/6528/5445/white45/center.jpg,ColourDiam,Apparel & Accessories > Jewelry,,1,,,,unisex,,,adult,,,,,,,,,GIA,Fine Jewelry
7462,"Imbued with the radiance of morning sunlight, these exquisite rings are a masterclass in fine jewelry craftsmanship. Handcrafted in 18K, the design centers around a GIA-certified 2.70 carat Fancy Orange Brown diamond (SI1). The center stones are masterfully elevated by a halo of 02 shimmering pear diamonds (0.39 Ct), creating an illusion of seamless, infinite brilliance. Weighing a total of 4.99 grams, this statement piece offers a secure, comfortable fit with breathtaking visual impact, making it an extraordinary treasure for life's most cherished milestones.","**Opulent 2.70 Ct Fancy Orange Brown Ring**

Elevate your fine jewelry collection with these magnificent 18K rings. Featuring a 2.70 Ct Fancy Orange Brown SI1, surrounded by 02 pear diamonds (0.39 Ct), this heirloom piece radiates warmth and unmatched sophistication.",in stock,new,63171.29 HKD,https://colourdiam.com/productdetail/Menu/7232/6528/5445,https://www.colourdiam.com/Product/Jewellery/7462/white45/center.jpg,ColourDiam,Apparel & Accessories > Jewelry,,1,,,,unisex,,,adult,,,,,,,,,GIA,Fine Jewelry
7572,"Imbued with the radiance of morning sunlight, these exquisite rings are a masterclass in fine jewelry craftsmanship. Handcrafted in 18K, the design centers around a GIA-certified 0.38 carat Fancy Light Blueish Green diamond (SI2). The center stones are masterfully elevated by a halo of 05 shimmering pear diamonds (0.49 Ct), creating an illusion of seamless, infinite brilliance. Weighing a total of 5.62 grams, this statement piece offers a secure, comfortable fit with breathtaking visual impact, making it an extraordinary treasure for life's most cherished milestones.","**Captivating 0.38 Ct Fancy Light Blueish Green Ring**

Elevate your fine jewelry collection with these magnificent 18K rings. Featuring a 0.38 Ct Fancy Light Blueish Green SI2, surrounded by 05 pear diamonds (0.49 Ct), this heirloom piece radiates warmth and unmatched sophistication.",in stock,new,0 HKD,https://colourdiam.com/productdetail/7462,https://www.colourdiam.com/Product/Jewellery/7572/white45/center.jpg,ColourDiam,Apparel & Accessories > Jewelry,,1,,,,unisex,,,adult,,,,,,,,,AGL,Fine Jewelry
9468,Sku - 9468 Weight - 6.11 Colour - Fancy Brownish Greenish Yellow Shape - Pear Clarity - I1 Measurements - 14.66 x 9.19 x 6.31 Fluoresence - Fnt Polish - EX Symmetry - GD No Of Diamonds - 1,6.11ct Fancy Brownish Greenish Yellow Pear Diamond GIA,in stock,new,99251.12 HKD,https://colourdiam.com/diamonddetails/Menu/9468,https://www.colourdiam.com/Product/Diamond/9468/still.jpg,ColourDiam,Apparel & Accessories > Jewelry,,1,,,,unisex,,,adult,,,,,,,,,GIA,Fine Jewelry
9582,Sku - 9582 Weight - 4.09 Colour - D Shape - Asscher Clarity - VVS2 Measurements - 8.96 x 8.49 x 5.50 Fluoresence - None Polish - EX Symmetry - EX No Of Diamonds - 1,3.19ct Fancy Light Yellow Pear VS1 GIA Diamond,in stock,new,0 HKD,https://colourdiam.com/diamonddetails/Menu/9582,https://www.colourdiam.com/Product/Diamond/9582/still.jpg,ColourDiam,Apparel & Accessories > Jewelry,,1,,,,unisex,,,adult,,,,,,,,,IGI,Fine Jewelry
9583,Sku - 9583 Weight - 4.07 Colour - D Shape - Asscher Clarity - VVS2 Measurements - 9.00 x 8.52 x 5.70 Fluoresence - None Polish - EX Symmetry - EX No Of Diamonds - 1,3.02ct H VS2 Round GIA Natural Diamond,in stock,new,0 HKD,https://colourdiam.com/diamonddetails/Menu/9583,https://www.colourdiam.com/Product/Diamond/9583/still.jpg,ColourDiam,Apparel & Accessories > Jewelry,,1,,,,unisex,,,adult,,,,,,,,,IGI,Fine Jewelry
8732,Sku - 8732 Weight - 3.52 Colour - U-V Shape - Radiant Clarity - SI2 Measurements - 8.81 x 7.52 x 5.22 Fluoresence - None Polish - VG Symmetry - VG No Of Diamonds - 1,3.01ct H VVS2 Cushion HRD Natural Diamond,in stock,new,63532.27 HKD,https://colourdiam.com/diamonddetails/Menu/8732,https://www.colourdiam.com/Product/Diamond/8732/still.jpg,ColourDiam,Apparel & Accessories > Jewelry,,1,,,,unisex,,,adult,,,,,,,,,GIA,Fine Jewelry
7670,Sku - 7670 Weight - 3.19 Colour - Fancy Light Yellow Shape - Pear Clarity - VS1 Measurements - 12.13X7.49X4.86 Fluoresence - Fnt Polish - EX Symmetry - EX No Of Diamonds - 1,3.00ct Fancy Brownish Greenish Yellow Cushion SI1 Diamond,in stock,new,158334.32 HKD,https://colourdiam.com/diamonddetails/Menu/7670,https://www.colourdiam.com/Product/Diamond/7670/still.jpg,ColourDiam,Apparel & Accessories > Jewelry,,1,,,,unisex,,,adult,,,,,,,,,GIA,Fine Jewelry
9577,Sku - 9577 Weight - 3.02 Colour - H Shape - Round Clarity - VS2 Measurements - 9.24 - 9.30 x 5.75 Fluoresence - None Polish - EX Symmetry - EX No Of Diamonds - 1,3.00ct Fancy Yellow Pear VS2 GIA Natural Diamond,in stock,new,0 HKD,https://colourdiam.com/diamonddetails/Menu/9577,https://www.colourdiam.com/Product/Diamond/9577/still.jpg,ColourDiam,Apparel & Accessories > Jewelry,,1,,,,unisex,,,adult,,,,,,,,,GIA,Fine Jewelry
9581,Sku - 9581 Weight - 3.01 Colour - Faint Pinkish Brown Shape - Round Clarity - VS2 Measurements - 9.00 - 9.07 X 5.81 Fluoresence - Fnt Polish - EX Symmetry - VG No Of Diamonds - 1,2.52ct Fancy Deep Pink Emerald GIA Diamond,in stock,new,190145.58 HKD,https://colourdiam.com/diamonddetails/Menu/9581,https://www.colourdiam.com/Product/Diamond/9581/still.jpg,ColourDiam,Apparel & Accessories > Jewelry,,1,,,,unisex,,,adult,,,,,,,,,GIA,Fine Jewelry
6282,Sku - 6282 Weight - 3.01 Colour - H Shape - Cushion Clarity - VVS2 Measurements - 8.06 X 7.27 X 5.50 Fluoresence - SLIGHT Polish - EX Symmetry - EX No Of Diamonds - 1,2.50ct Fancy Grayish Yellowish Green Oval Diamond GIA,in stock,new,187320.53 HKD,https://colourdiam.com/diamonddetails/Menu/6282,https://www.colourdiam.com/Product/Diamond/6282/still.jpg,ColourDiam,Apparel & Accessories > Jewelry,,1,,,,unisex,,,adult,,,,,,,,,HRD,Fine Jewelry
6796,Sku - 6796 Weight - 3 Colour - Fancy Yellow Shape - Pear Clarity - VS2 Measurements - 11.56 X 7.52 X 4.63 Fluoresence - None Polish - VG Symmetry - GD No Of Diamonds - 1,2.50ct Cushion Fancy Brownish Greenish Yellow VS2 GIA Diamond,in stock,new,189513.86 HKD,https://colourdiam.com/diamonddetails/Menu/6796,https://www.colourdiam.com/Product/Diamond/6796/still.jpg,ColourDiam,Apparel & Accessories > Jewelry,,1,,,,unisex,,,adult,,,,,,,,,GIA,Fine Jewelry
9504,Sku - 9504 Weight - 3 Colour - Fancy Brownish Greenish Yellow Shape - Cushion Clarity - SI1 Measurements - 8.38X7.33X5.21 Fluoresence - None Polish - EX Symmetry - EX No Of Diamonds - 1,2.50ct Fancy Brownish Greenish Yellow Cushion Diamond,in stock,new,67683.52 HKD,https://colourdiam.com/diamonddetails/Menu/9504,https://www.colourdiam.com/Product/Diamond/9504/still.jpg,ColourDiam,Apparel & Accessories > Jewelry,,1,,,,unisex,,,adult,,,,,,,,,GIA,Fine Jewelry
3070,Sku - 3070 Weight - 2.52 Colour - Fancy Deep Pink Shape - Emerald Clarity - SI1 Measurements - 9.26X6.33X4.16 Fluoresence - Fnt Polish - EX Symmetry - GD No Of Diamonds - 1,2.3ct F VS2 Pear GIA Natural Diamond,in stock,new,56854.16 HKD,https://colourdiam.com/diamonddetails/Menu/3070,https://www.colourdiam.com/Product/Diamond/3070/still.jpg,ColourDiam,Apparel & Accessories > Jewelry,,1,,,,unisex,,,adult,,,,,,,,,GIA,Fine Jewelry
9545,Sku - 9545 Weight - 2.5 Colour - Fancy Grayish Yellowish Green Shape - Oval Clarity - SI2 Measurements - 10.66 x 7.37 x 4.68 Fluoresence - STG Polish - EX Symmetry - EX No Of Diamonds - 1,2.24ct G I1 Shield Natural Diamond GIA,in stock,new,101525.28 HKD,https://colourdiam.com/diamonddetails/Menu/9545,https://www.colourdiam.com/Product/Diamond/9545/still.jpg,ColourDiam,Apparel & Accessories > Jewelry,,1,,,,unisex,,,adult,,,,,,,,,GIA,Fine Jewelry
7669,Sku - 7669 Weight - 2.5 Colour - Fancy Brownish Greenish Yellow Shape - Cushion Clarity - VS2 Measurements - 7.66 x 7.13 x 4.98 Fluoresence - None Polish - VG Symmetry - VG No Of Diamonds - 1,2.07ct Light Pinkish Brown Cushion VVS2 GIA Diamond,in stock,new,51890.7 HKD,https://colourdiam.com/diamonddetails/Menu/7669,https://www.colourdiam.com/Product/Diamond/7669/still.jpg,ColourDiam,Apparel & Accessories > Jewelry,,1,,,,unisex,,,adult,,,,,,,,,GIA,Fine Jewelry
7295,Sku - 7295 Weight - 2.5 Colour - Fancy Brownish Greenish Yellow Shape - Cushion Clarity - SI2 Measurements - 7.31 x 7.11 x 4.89 Fluoresence - None Polish - VG Symmetry - VG No Of Diamonds - 1,2.02ct E VVS1 GIA Round Diamond,in stock,new,33841.76 HKD,https://colourdiam.com/diamonddetails/Menu/7295,https://www.colourdiam.com/Product/Diamond/7295/still.jpg,ColourDiam,Apparel & Accessories > Jewelry,,1,,,,unisex,,,adult,,,,,,,,,GIA,Fine Jewelry
9549,Sku - 9549 Weight - 2.3 Colour - F Shape - Pear Clarity - VS2 Measurements - 10.43 x 6.52 x 4.37 Fluoresence - None Polish - VG Symmetry - VG No Of Diamonds - 1,2.02ct Faint Pink Cushion SI2 GIA Natural Diamond,in stock,new,259453.51 HKD,https://colourdiam.com/diamonddetails/Menu/9549,https://www.colourdiam.com/Product/Diamond/9549/still.jpg,ColourDiam,Apparel & Accessories > Jewelry,,1,,,,unisex,,,adult,,,,,,,,,GIA,Fine Jewelry
4143,Sku - 4143 Weight - 2.24 Colour - G Shape - Shield Clarity - I1 Measurements - 8.31*15.76*2.45 Fluoresence - None Polish - G Symmetry - VG No Of Diamonds - 1,2.01ct Very Light Pink Oval SI2 GIA Diamond,in stock,new,48515.55 HKD,https://colourdiam.com/diamonddetails/Menu/4143,https://www.colourdiam.com/Product/Diamond/4143/still.jpg,ColourDiam,Apparel & Accessories > Jewelry,,1,,,,unisex,,,adult,,,,,,,,,GIA,Fine Jewelry
7651,Sku - 7651 Weight - 2.02 Colour - Faint Pink Shape - Cushion Clarity - SI2 Measurements - 7.38 X 6.80 X 4.55 Fluoresence - None Polish - EX Symmetry - EX No Of Diamonds - 1,2.01ct Fancy Vivid Yellow Heart SI2 GIA Diamond,in stock,new,246097.29 HKD,https://colourdiam.com/diamonddetails/Menu/7651,https://www.colourdiam.com/Product/Diamond/7651/still.jpg,ColourDiam,Apparel & Accessories > Jewelry,,1,,,,unisex,,,adult,,,,,,,,,GIA,Fine Jewelry
6032,Sku - 6032 Weight - 2.02 Colour - E Shape - Round Clarity - VVS1 Measurements - 8.31 x 8.37 x 4.85 Fluoresence - None Polish - EX Symmetry - EX No Of Diamonds - 1,2.01ct Fancy Light Greenish Yellow Cushion SI2 Diamond,in stock,new,328129.72 HKD,https://colourdiam.com/diamonddetails/Menu/6032,https://www.colourdiam.com/Product/Diamond/6032/still.jpg,ColourDiam,Apparel & Accessories > Jewelry,,1,,,,unisex,,,adult,,,,,,,,,GIA,Fine Jewelry
8491,Sku - 8491 Weight - 2.01 Colour - Fancy Vivid Yellow Shape - Heart Clarity - SI2 Measurements - 6.89X7.66X4.71 Fluoresence - None Polish - EX Symmetry - VG No Of Diamonds - 1,2.00ct Fancy Yellow VS1 Radiant GIA Natural Diamond,in stock,new,130602.13 HKD,https://colourdiam.com/diamonddetails/Menu/8491,https://www.colourdiam.com/Product/Diamond/8491/still.jpg,ColourDiam,Apparel & Accessories > Jewelry,,1,,,,unisex,,,adult,,,,,,,,,GIA,Fine Jewelry
9219,Sku - 9219 Weight - 2.01 Colour - Fancy Light Greenish Yellow Shape - Cushion Clarity - SI2 Measurements - 6.85 x 6.66 x 4.63 Fluoresence - Fnt Polish - VG Symmetry - VG No Of Diamonds - 1,2.00ct Fancy Brownish Purplish Pink SI1 Cushion Diamond,in stock,new,65301.06 HKD,https://colourdiam.com/diamonddetails/Menu/9219,https://www.colourdiam.com/Product/Diamond/9219/still.jpg,ColourDiam,Apparel & Accessories > Jewelry,,1,,,,unisex,,,adult,,,,,,,,,GIA,Fine Jewelry
6918,Sku - 6918 Weight - 2.01 Colour - Very Light Pink Shape - Oval Clarity - SI2 Measurements - 9.70 x 6.85 x 4.56 Fluoresence - Fnt Polish - EX Symmetry - VG No Of Diamonds - 1,2.00ct Fancy Yellow VS1 Cushion GIA Natural Diamond,in stock,new,403088.93 HKD,https://colourdiam.com/diamonddetails/Menu/6918,https://www.colourdiam.com/Product/Diamond/6918/still.jpg,ColourDiam,Apparel & Accessories > Jewelry,,1,,,,unisex,,,adult,,,,,,,,,GIA,Fine Jewelry
5484,Sku - 5484 Weight - 2 Colour - Fancy Brownish Purplish Pink Shape - Cushion Clarity - SI1 Measurements - 7.58X6.88X4.41 Fluoresence - None Polish - EX Symmetry - GD No Of Diamonds - 1,2.00ct Fancy Yellow Green VVS2 Pear GIA Diamond,in stock,new,451223.49 HKD,https://colourdiam.com/diamonddetails/Menu/5484,https://www.colourdiam.com/Product/Diamond/5484/still.jpg,ColourDiam,Apparel & Accessories > Jewelry,,1,,,,unisex,,,adult,,,,,,,,,GIA,Fine Jewelry
9409,Sku - 9409 Weight - 2 Colour - Fancy Yellow Green Shape - Pear Clarity - VVS2 Measurements - 10.85 x 6.95 x 4.43 Fluoresence - None Polish - EX Symmetry - VG No Of Diamonds - 1,2.00ct W-X VVS1 Cushion GIA Natural Diamond,in stock,new,108293.64 HKD,https://colourdiam.com/diamonddetails/Menu/9409,https://www.colourdiam.com/Product/Diamond/9409/still.jpg,ColourDiam,Apparel & Accessories > Jewelry,,1,,,,unisex,,,adult,,,,,,,,,GIA,Fine Jewelry
7698,Sku - 7698 Weight - 2 Colour - Fancy Yellow Shape - Cushion Clarity - VS1 Measurements - 7.54X6.75X4.56 Fluoresence - Med Polish - VG Symmetry - VG No Of Diamonds - 1,1.86ct Fancy White GIA Diamond,in stock,new,64976.18 HKD,https://colourdiam.com/diamonddetails/Menu/7698,https://www.colourdiam.com/Product/Diamond/7698/still.jpg,ColourDiam,Apparel & Accessories > Jewelry,,1,,,,unisex,,,adult,,,,,,,,,GIA,Fine Jewelry
484,Sku - 484 Weight - 2 Colour - Fancy Yellow Shape - Radiant Clarity - VS1 Measurements - 7.29X6.86X4.74 Fluoresence - None Polish - EX Symmetry - GD No Of Diamonds - 1,1.78ct M SI2 Oval Natural Diamond IGI Certified,in stock,new,72195.76 HKD,https://colourdiam.com/diamonddetails/Menu/484,https://www.colourdiam.com/Product/Diamond/484/still.jpg,ColourDiam,Apparel & Accessories > Jewelry,,1,,,,unisex,,,adult,,,,,,,,,GIA,Fine Jewelry
5693,Sku - 5693 Weight - 2 Colour - W-X Shape - Cushion Clarity - VVS1 Measurements - 9X77 x 6.72 x 4.68 Fluoresence -  Polish - EX Symmetry -  No Of Diamonds - 1,1.72ct Fancy Yellow Green SI1 Round Diamond,in stock,new,39707.67 HKD,https://colourdiam.com/diamonddetails/Menu/5693,https://www.colourdiam.com/Product/Diamond/5693/still.jpg,ColourDiam,Apparel & Accessories > Jewelry,,1,,,,unisex,,,adult,,,,,,,,,GIA,Fine Jewelry
358,Sku - 358 Weight - 1.86 Colour - Fancy White Shape - Other Clarity -  Measurements - 13.52 x 5.17 x 3.32 Fluoresence - None Polish -  Symmetry -  No Of Diamonds - 1,1.70ct Fancy Deep Brownish Orangy Yellow Pear Diamond,in stock,new,50356.54 HKD,https://colourdiam.com/diamonddetails/Menu/358,https://www.colourdiam.com/Product/Diamond/358/still.jpg,ColourDiam,Apparel & Accessories > Jewelry,,1,,,,unisex,,,adult,,,,,,,,,GIA,Fine Jewelry
6076,Sku - 6076 Weight - 1.78 Colour - M Shape - Oval Clarity - SI2 Measurements - 8.31 X 6.04 X 4.35 Fluoresence - Vst Polish - VG Symmetry - VG No Of Diamonds - 1,1.69ct Fancy Yellowish Brown SI2 Round Diamond CGL,in stock,new,17846.63 HKD,https://colourdiam.com/diamonddetails/Menu/6076,https://www.colourdiam.com/Product/Diamond/6076/still.jpg,ColourDiam,Apparel & Accessories > Jewelry,,1,,,,unisex,,,adult,,,,,,,,,IGI,Fine Jewelry
2983,Sku - 2983 Weight - 1.72 Colour - Fancy Yellow Green Shape - Round Clarity - SI1 Measurements - 7.87X6.76X3.45 Fluoresence - None Polish -  Symmetry -  No Of Diamonds - 1,1.66ct Fancy Greenish Yellow Round Diamond CGL,in stock,new,15646.23 HKD,https://colourdiam.com/diamonddetails/Menu/2983,https://www.colourdiam.com/Product/Diamond/2983/still.jpg,ColourDiam,Apparel & Accessories > Jewelry,,1,,,,unisex,,,adult,,,,,,,,,CGL,Fine Jewelry
2848,Sku - 2848 Weight - 1.7 Colour - Fancy Deep Brownish Orangy Yellow Shape - Pear Clarity - I2 Measurements - 9.05X5.95X4.22 Fluoresence - None Polish - VG Symmetry - GD No Of Diamonds - 1,1.64ct Pear Fancy Light Grayish Greenish Yellow VS1 GIA Diamond,in stock,new,13807.44 HKD,https://colourdiam.com/diamonddetails/Menu/2848,https://www.colourdiam.com/Product/Diamond/2848/still.jpg,ColourDiam,Apparel & Accessories > Jewelry,,1,,,,unisex,,,adult,,,,,,,,,GIA,Fine Jewelry
2552,Sku - 2552 Weight - 1.69 Colour - Fancy Yellowish Brown Shape - Round Clarity - SI2 Measurements - 7.4*5.64*4.62 Fluoresence - None Polish -  Symmetry -  No Of Diamonds - 1,1.56ct Light Greenish Yellow Pear SI1 GIA Diamond,in stock,new,19826.76 HKD,https://colourdiam.com/diamonddetails/Menu/2552,https://www.colourdiam.com/Product/Diamond/2552/still.jpg,ColourDiam,Apparel & Accessories > Jewelry,,1,,,,unisex,,,adult,,,,,,,,,CGL,Fine Jewelry
2550,Sku - 2550 Weight - 1.66 Colour - Fancy Greenish Yellow Shape - Round Clarity - I1 Measurements - XX Fluoresence - None Polish -  Symmetry -  No Of Diamonds - 1,1.56ct Fancy Brownish Greenish Yellow Radiant VS2 GIA Diamond,in stock,new,14980.62 HKD,https://colourdiam.com/diamonddetails/Menu/2550,https://www.colourdiam.com/Product/Diamond/2550/still.jpg,ColourDiam,Apparel & Accessories > Jewelry,,1,,,,unisex,,,adult,,,,,,,,,CGL,Fine Jewelry
9508,Sku - 9508 Weight - 1.64 Colour - Fancy Light Grayish Greenish Yellow Shape - Pear Clarity - VS1 Measurements - 9.32 x 5.83 x 3.95 Fluoresence - None Polish - EX Symmetry - EX No Of Diamonds - 1,1.55ct Fancy Yellow Green Pear SI1 GIA Diamond,in stock,new,20720.18 HKD,https://colourdiam.com/diamonddetails/Menu/9508,https://www.colourdiam.com/Product/Diamond/9508/still.jpg,ColourDiam,Apparel & Accessories > Jewelry,,1,,,,unisex,,,adult,,,,,,,,,GIA,Fine Jewelry
9559,Sku - 9559 Weight - 1.56 Colour - Light Greenish Yellow Shape - Pear Clarity - SI1 Measurements - 8.86 X 5.61 X 3.91 Fluoresence - None Polish - EX Symmetry - VG No Of Diamonds - 1,1.54ct Fancy Light Greenish Yellow Pear Diamond SI1 EX,in stock,new,23228.99 HKD,https://colourdiam.com/diamonddetails/Menu/9559,https://www.colourdiam.com/Product/Diamond/9559/still.jpg,ColourDiam,Apparel & Accessories > Jewelry,,1,,,,unisex,,,adult,,,,,,,,,GIA,Fine Jewelry
9520,Sku - 9520 Weight - 1.56 Colour - Fancy Brownish Greenish Yellow Shape - Radiant Clarity - VS2 Measurements - 7.23 X 5.64 X 3.93 Fluoresence - None Polish - EX Symmetry - EX No Of Diamonds - 1,1.54ct Fancy Black Emerald Natural Diamond GIA,in stock,new,17597.72 HKD,https://colourdiam.com/diamonddetails/Menu/9520,https://www.colourdiam.com/Product/Diamond/9520/still.jpg,ColourDiam,Apparel & Accessories > Jewelry,,1,,,,unisex,,,adult,,,,,,,,,GIA,Fine Jewelry
9557,Sku - 9557 Weight - 1.55 Colour - Fancy Yellow Green Shape - Pear Clarity - SI1 Measurements - 9.22 X 5.71 X 3.92 Fluoresence - None Polish - EX Symmetry - VG No Of Diamonds - 1,1.53ct Light Greenish Yellow Pear VS2 GIA Diamond,in stock,new,76933.6 HKD,https://colourdiam.com/diamonddetails/Menu/9557,https://www.colourdiam.com/Product/Diamond/9557/still.jpg,ColourDiam,Apparel & Accessories > Jewelry,,1,,,,unisex,,,adult,,,,,,,,,GIA,Fine Jewelry
9514,Sku - 9514 Weight - 1.54 Colour - Fancy Light Greenish Yellow Shape - Pear Clarity - SI1 Measurements - 9.25 X 5.71 X 3.93 Fluoresence - None Polish - EX Symmetry - EX No Of Diamonds - 1,1.52ct Fancy Brownish Greenish Yellow VS1 GIA Diamond,in stock,new,22236.29 HKD,https://colourdiam.com/diamonddetails/Menu/9514,https://www.colourdiam.com/Product/Diamond/9514/still.jpg,ColourDiam,Apparel & Accessories > Jewelry,,1,,,,unisex,,,adult,,,,,,,,,GIA,Fine Jewelry
191,Sku - 191 Weight - 1.54 Colour - Fancy Black Shape - Emerald Clarity -  Measurements - 6.78 x 6.72 x 3.34 Fluoresence - None Polish -  Symmetry -  No Of Diamonds - 1,1.52ct Fancy Brownish Greenish Yellow SI1 Round Diamond,in stock,new,16677.22 HKD,https://colourdiam.com/diamonddetails/Menu/191,https://www.colourdiam.com/Product/Diamond/191/still.jpg,ColourDiam,Apparel & Accessories > Jewelry,,1,,,,unisex,,,adult,,,,,,,,,GIA,Fine Jewelry
9517,Sku - 9517 Weight - 1.53 Colour - Light Greenish Yellow Shape - Pear Clarity - VS2 Measurements - 9.51 X 5.59 X 3.89 Fluoresence - None Polish - EX Symmetry - VG No Of Diamonds - 1,1.52ct Very Light Pink Cushion SI2 GIA Diamond,in stock,new,22091.9 HKD,https://colourdiam.com/diamonddetails/Menu/9517,https://www.colourdiam.com/Product/Diamond/9517/still.jpg,ColourDiam,Apparel & Accessories > Jewelry,,1,,,,unisex,,,adult,,,,,,,,,GIA,Fine Jewelry
8709,Sku - 8709 Weight - 1.52 Colour - Fancy Brownish Greenish Yellow Shape - Cut cornered square Clarity - VS1 Measurements - 6.05 x 6.01 x 4.15 Fluoresence - None Polish - EX Symmetry - VG No Of Diamonds,1.51ct Fancy Pink Brown Pear GIA Diamond,in stock,new,20575.79 HKD,https://colourdiam.com/diamonddetails/Menu/8709,https://www.colourdiam.com/Product/Diamond/8709/still.jpg,ColourDiam,Apparel & Accessories > Jewelry,,1,,,,unisex,,,adult,,,,,,,,,GIA,Fine Jewelry
2511,Sku - 2511 Weight - 1.52 Colour - Fancy Brownish Greenish Yellow Shape - Round Clarity - SI1 Measurements -  Fluoresence - None Polish -  Symmetry -  No Of Diamonds - 1,1.51ct Fancy Light Green Yellow Heart VS1 GIA Diamond,in stock,new,13717.19 HKD,https://colourdiam.com/diamonddetails/Menu/2511,https://www.colourdiam.com/Product/Diamond/2511/still.jpg,ColourDiam,Apparel & Accessories > Jewelry,,1,,,,unisex,,,adult,,,,,,,,,CGL,Fine Jewelry
5566,Sku - 5566 Weight - 1.52 Colour - Very Light Pink Shape - Cushion Clarity - SI2 Measurements - 6.30X6.11X4.25 Fluoresence - Med Polish - VG Symmetry - EX No Of Diamonds - 1,1.51ct Light Pink SI2 Round GIA Natural Diamond,in stock,new,164606.33 HKD,https://colourdiam.com/diamonddetails/Menu/5566,https://www.colourdiam.com/Product/Diamond/5566/still.jpg,ColourDiam,Apparel & Accessories > Jewelry,,1,,,,unisex,,,adult,,,,,,,,,GIA,Fine Jewelry
4584,Sku - 4584 Weight - 1.51 Colour - Fancy Pink Brown Shape - Pear Clarity - I1 Measurements - 9.40*6.02*3.31 Fluoresence - None Polish - EX Symmetry - EX No Of Diamonds - 1,1.50ct Fancy Light Grayish Greenish Yellow Cushion Diamond VS2 GIA,in stock,new,45418.59 HKD,https://colourdiam.com/diamonddetails/Menu/4584,https://www.colourdiam.com/Product/Diamond/4584/still.jpg,ColourDiam,Apparel & Accessories > Jewelry,,1,,,,unisex,,,adult,,,,,,,,,GIA,Fine Jewelry
4904,Sku - 4904 Weight - 1.51 Colour - Fancy Light Green Yellow Shape - Heart Clarity - VS1 Measurements - 6.46*7.30*4.08 Fluoresence - Fnt Polish - EX Symmetry - VG No Of Diamonds - 1,1.50ct Fancy Brownish Greenish Yellow Oval Diamond VS2,in stock,new,54507.8 HKD,https://colourdiam.com/diamonddetails/Menu/4904,https://www.colourdiam.com/Product/Diamond/4904/still.jpg,ColourDiam,Apparel & Accessories > Jewelry,,1,,,,unisex,,,adult,,,,,,,,,GIA,Fine Jewelry
9281,Sku - 9281 Weight - 1.51 Colour - Light Pink Shape - Round Clarity - SI2 Measurements - 7.11 - 7.19 x 4.59 Fluoresence - None Polish - EX Symmetry - VG No Of Diamonds - 1,1.50ct Fancy Yellow SI2 Round GIA Diamond,in stock,new,245285.09 HKD,https://colourdiam.com/diamonddetails/Menu/9281,https://www.colourdiam.com/Product/Diamond/9281/still.jpg,ColourDiam,Apparel & Accessories > Jewelry,,1,,,,unisex,,,adult,,,,,,,,,GIA,Fine Jewelry
9529,Sku - 9529 Weight - 1.51 Colour - Fancy Brown Greenish Yellow Shape - Heart Clarity - SI2 Measurements - 6.75X7.39X4.03 Fluoresence - None Polish - EX Symmetry - VG No Of Diamonds - 1,1.50ct Fancy Vivid Yellow VS1 Round Diamond GIA,in stock,new,13626.95 HKD,https://colourdiam.com/diamonddetails/Menu/9529,https://www.colourdiam.com/Product/Diamond/9529/still.jpg,ColourDiam,Apparel & Accessories > Jewelry,,1,,,,unisex,,,adult,,,,,,,,,GIA,Fine Jewelry
9515,Sku - 9515 Weight - 1.5 Colour - Fancy Light Grayish Greenish Yellow Shape - Cushion Clarity - VS2 Measurements - 7..16 X 5.70 X 3.97 Fluoresence - None Polish - EX Symmetry - VG No Of Diamonds - 1,1.41ct Fancy Brown Pink Radiant Diamond GIA,in stock,new,18951.39 HKD,https://colourdiam.com/diamonddetails/Menu/9515,https://www.colourdiam.com/Product/Diamond/9515/still.jpg,ColourDiam,Apparel & Accessories > Jewelry,,1,,,,unisex,,,adult,,,,,,,,,GIA,Fine Jewelry
9572,Sku - 9572 Weight - 1.5 Colour - Fancy Yellow Shape - Round Clarity - SI2 Measurements - 6.99 X 7.08 X 4.66 Fluoresence - Med Polish - EX Symmetry - VG No Of Diamonds - 1,1.40ct Fancy Grayish Yellowish Green Radiant Diamond SI1,in stock,new,0 HKD,https://colourdiam.com/diamonddetails/Menu/9572,https://www.colourdiam.com/Product/Diamond/9572/still.jpg,ColourDiam,Apparel & Accessories > Jewelry,,1,,,,unisex,,,adult,,,,,,,,,GIA,Fine Jewelry
9509,Sku - 9509 Weight - 1.5 Colour - Fancy Brownish Greenish Yellow Shape - Oval Clarity - VS2 Measurements - 8.17 X 5.81 X 3.94 Fluoresence - None Polish - EX Symmetry - VG No Of Diamonds - 1,1.40ct Fancy Brown Pink Radiant SI2 GIA Diamond,in stock,new,16920.88 HKD,https://colourdiam.com/diamonddetails/Menu/9509,https://www.colourdiam.com/Product/Diamond/9509/still.jpg,ColourDiam,Apparel & Accessories > Jewelry,,1,,,,unisex,,,adult,,,,,,,,,GIA,Fine Jewelry
727,Sku - 727 Weight - 1.5 Colour - Fancy Vivid Yellow Shape - Round Clarity - VS1 Measurements - 7.22X7.18X4.52 Fluoresence - None Polish - VG Symmetry - VG No Of Diamonds - 1,1.38ct Fancy White Round GIA Natural Diamond,in stock,new,473784.66 HKD,https://colourdiam.com/diamonddetails/Menu/727,https://www.colourdiam.com/Product/Diamond/727/still.jpg,ColourDiam,Apparel & Accessories > Jewelry,,1,,,,unisex,,,adult,,,,,,,,,GIA,Fine Jewelry
3743,Sku - 3743 Weight - 1.41 Colour - Fancy Brown Pink Shape - Radiant Clarity - I2 Measurements - 6.39x6.27x3.98 Fluoresence - None Polish -  Symmetry -  No Of Diamonds - 1,1.36ct Fancy Light Green Radiant SI1 GIA Diamond,in stock,new,178143.03 HKD,https://colourdiam.com/diamonddetails/Menu/3743,https://www.colourdiam.com/Product/Diamond/3743/still.jpg,ColourDiam,Apparel & Accessories > Jewelry,,1,,,,unisex,,,adult,,,,,,,,,GIA,Fine Jewelry
5605,Sku - 5605 Weight - 1.4 Colour - Fancy Grayish Yellowish Green Shape - Radiant Clarity - SI1 Measurements - 6.40 x 6.35 x 3.94 Fluoresence - None Polish - EX Symmetry - VG No Of Diamonds - 1,1.35 Carat Fancy White Round GIA Natural Diamond,in stock,new,32849.07 HKD,https://colourdiam.com/diamonddetails/Menu/5605,https://www.colourdiam.com/Product/Diamond/5605/still.jpg,ColourDiam,Apparel & Accessories > Jewelry,,1,,,,unisex,,,adult,,,,,,,,,GIA,Fine Jewelry
6070,Sku - 6070 Weight - 1.4 Colour - Fancy Brown Pink Shape - Radiant Clarity - SI2 Measurements - 6.98 X 5.46 X 3.66 Fluoresence - STG Polish - G Symmetry - GD No Of Diamonds - 1,1.33ct Fancy Intense Purple Pink Diamond,in stock,new,132659.71 HKD,https://colourdiam.com/diamonddetails/Menu/6070,https://www.colourdiam.com/Product/Diamond/6070/still.jpg,ColourDiam,Apparel & Accessories > Jewelry,,1,,,,unisex,,,adult,,,,,,,,,GIA,Fine Jewelry
268,Sku - 268 Weight - 1.38 Colour - Fancy White Shape - Round Clarity -  Measurements - 7.07 x 7.10 x 4.22 Fluoresence - None Polish -  Symmetry -  No Of Diamonds - 1,1.33ct S-T VVS2 Cushion GIA Diamond,in stock,new,37361.3 HKD,https://colourdiam.com/diamonddetails/Menu/268,https://www.colourdiam.com/Product/Diamond/268/still.jpg,ColourDiam,Apparel & Accessories > Jewelry,,1,,,,unisex,,,adult,,,,,,,,,GIA,Fine Jewelry
2208,Sku - 2208 Weight - 1.36 Colour - Fancy Light Green Shape - Radiant Clarity - SI1 Measurements - 6.04 x 5.94 x 4.16 Fluoresence - STG Polish - VG Symmetry - GD No Of Diamonds - 1,1.32ct F SI1 Round GIA Natural Diamond,in stock,new,220919.02 HKD,https://colourdiam.com/diamonddetails/Menu/2208,https://www.colourdiam.com/Product/Diamond/2208/still.jpg,ColourDiam,Apparel & Accessories > Jewelry,,1,,,,unisex,,,adult,,,,,,,,,GIA,Fine Jewelry
1524,Sku - 1524 Weight - 1.35 Colour - Fancy White Shape - Round Clarity -  Measurements - 6.63X6.69X4.71 Fluoresence - None Polish -  Symmetry -  No Of Diamonds - 1,1.31ct Fancy Light Yellow Green Cushion VS1 GIA Diamond,in stock,new,36549.1 HKD,https://colourdiam.com/diamonddetails/Menu/1524,https://www.colourdiam.com/Product/Diamond/1524/still.jpg,ColourDiam,Apparel & Accessories > Jewelry,,1,,,,unisex,,,adult,,,,,,,,,GIA,Fine Jewelry
317,Sku - 317 Weight - 1.33 Colour - Fancy Intense Purple Pink Shape - Cut cornered square Clarity - I1 Measurements - 6.16X6.08X4.44 Fluoresence - STG Polish - VG Symmetry - GD No Of Diamonds - 1,1.31ct Fancy Greenish Yellow Pear Diamond SI1 GIA,in stock,new,840178.13 HKD,https://colourdiam.com/diamonddetails/Menu/317,https://www.colourdiam.com/Product/Diamond/317/still.jpg,ColourDiam,Apparel & Accessories > Jewelry,,1,,,,unisex,,,adult,,,,,,,,,GIA,Fine Jewelry
7279,Sku - 7279 Weight - 1.33 Colour - S-T Shape - Cushion Clarity - VVS2 Measurements - 5.95 X 5.94 X 4.10 Fluoresence - Med Polish - EX Symmetry - VG No Of Diamonds - 1,1.30ct Fancy Light Yellow Green Marquise SI1 GIA Diamond,in stock,new,16803.56 HKD,https://colourdiam.com/diamonddetails/Menu/7279,https://www.colourdiam.com/Product/Diamond/7279/still.jpg,ColourDiam,Apparel & Accessories > Jewelry,,1,,,,unisex,,,adult,,,,,,,,,GIA,Fine Jewelry
9575,Sku - 9575 Weight - 1.32 Colour - F Shape - Round Clarity - SI1 Measurements - 6.99 - 7.03 x 4.28 Fluoresence - None Polish - VG Symmetry - VG No Of Diamonds - 1,1.28ct Light Pink Radiant IF GIA Natural Diamond,in stock,new,26802.68 HKD,https://colourdiam.com/diamonddetails/Menu/9575,https://www.colourdiam.com/Product/Diamond/9575/still.jpg,ColourDiam,Apparel & Accessories > Jewelry,,1,,,,unisex,,,adult,,,,,,,,,GIA,Fine Jewelry
5731,Sku - 5731 Weight - 1.31 Colour - Fancy Greenish Yellow Shape - Pear Clarity - SI1 Measurements - 8.25x6.05x3.71 Fluoresence - STG Polish - VG Symmetry - GD No Of Diamonds - 1,1.23ct Faint Pink VS1 Round GIA Natural Diamond,in stock,new,34283.96 HKD,https://colourdiam.com/diamonddetails/Menu/5731,https://www.colourdiam.com/Product/Diamond/5731/still.jpg,ColourDiam,Apparel & Accessories > Jewelry,,1,,,,unisex,,,adult,,,,,,,,,GIA,Fine Jewelry
8730,Sku - 8730 Weight - 1.31 Colour - Fancy Light Yellow Green Shape - Cushion Clarity - VS1 Measurements - 6.86 x 5.39 x 3.72 Fluoresence - Vst Polish - VG Symmetry - VG No Of Diamonds - 1,1.23ct Light Greenish Yellow Cushion Diamond SI1 GIA,in stock,new,53199.25 HKD,https://colourdiam.com/diamonddetails/Menu/8730,https://www.colourdiam.com/Product/Diamond/8730/still.jpg,ColourDiam,Apparel & Accessories > Jewelry,,1,,,,unisex,,,adult,,,,,,,,,GIA,Fine Jewelry
8889,Sku - 8889 Weight - 1.3 Colour - Fancy Light Yellow Green Shape - Marquise Clarity - SI1 Measurements - 10.93x5.82x3.59 Fluoresence - None Polish - VG Symmetry - VG No Of Diamonds - 1,1.23ct Fancy Light Brownish Greenish Yellow Radiant Diamond,in stock,new,76256.77 HKD,https://colourdiam.com/diamonddetails/Menu/8889,https://www.colourdiam.com/Product/Diamond/8889/still.jpg,ColourDiam,Apparel & Accessories > Jewelry,,1,,,,unisex,,,adult,,,,,,,,,GIA,Fine Jewelry
4914,Sku - 4914 Weight - 1.28 Colour - Light Pink Shape - Radiant Clarity - IF Measurements - 6.63 x 5.67 x 3.70 Fluoresence - None Polish - G Symmetry - GD No Of Diamonds - 1,1.22ct Fancy Green Cushion SI2 GIA Natural Diamond,in stock,new,231026.43 HKD,https://colourdiam.com/diamonddetails/Menu/4914,https://www.colourdiam.com/Product/Diamond/4914/still.jpg,ColourDiam,Apparel & Accessories > Jewelry,,1,,,,unisex,,,adult,,,,,,,,,GIA,Fine Jewelry
9525,Sku - 9525 Weight - 1.27 Colour - Fancy Dark Brown Greenish Yellow Shape - Pear Clarity - VVS2 Measurements - 9.04X5.31X3.62 Fluoresence - None Polish - VG Symmetry - VG No Of Diamonds - 1,1.21ct Light Green Yellow VVS2 Marquise GIA Diamond,in stock,new,12607.18 HKD,https://colourdiam.com/diamonddetails/Menu/9525,https://www.colourdiam.com/Product/Diamond/9525/still.jpg,ColourDiam,Apparel & Accessories > Jewelry,,1,,,,unisex,,,adult,,,,,,,,,GIA,Fine Jewelry
9526,Sku - 9526 Weight - 1.26 Colour - Fancy Brownish Greenish Yellow Shape - Heart Clarity - VS1 Measurements - 6.23X7.33X3.62 Fluoresence - None Polish - EX Symmetry - EX No Of Diamonds - 1,1.20ct Fancy Intense Yellow Pear VS2 GIA Diamond,in stock,new,13076.46 HKD,https://colourdiam.com/diamonddetails/Menu/9526,https://www.colourdiam.com/Product/Diamond/9526/still.jpg,ColourDiam,Apparel & Accessories > Jewelry,,1,,,,unisex,,,adult,,,,,,,,,GIA,Fine Jewelry
9519,Sku - 9519 Weight - 1.23 Colour - Fancy Light Brownish Greenish Yellow Shape - Radiant Clarity - VS1 Measurements - 6.72 X 5.24 X 3.60 Fluoresence - None Polish - EX Symmetry - VG No Of Diamonds - 1,1.20ct Light Green Yellow Oval Diamond VVS2 EX EX,in stock,new,13320.12 HKD,https://colourdiam.com/diamonddetails/Menu/9519,https://www.colourdiam.com/Product/Diamond/9519/still.jpg,ColourDiam,Apparel & Accessories > Jewelry,,1,,,,unisex,,,adult,,,,,,,,,GIA,Fine Jewelry
7122,Sku - 7122 Weight - 1.23 Colour - Faint Pink Shape - Round Clarity - VS1 Measurements - 6.83*6.89*4.24 Fluoresence - None Polish - EX Symmetry - EX No Of Diamonds - 1,1.16ct Fancy Pink Purple Cushion VS1 GIA Diamond,in stock,new,66600.59 HKD,https://colourdiam.com/diamonddetails/Menu/7122,https://www.colourdiam.com/Product/Diamond/7122/still.jpg,ColourDiam,Apparel & Accessories > Jewelry,,1,,,,unisex,,,adult,,,,,,,,,GIA,Fine Jewelry
8833,Sku - 8833 Weight - 1.23 Colour - Light Greenish Yellow Shape - Cushion Clarity - SI1 Measurements - 5.89 x 5.84 x 3.99 Fluoresence - Vst Polish - G Symmetry - VG No Of Diamonds - 1,1.15ct N VS2 Pear GIA Natural Diamond,in stock,new,22200.2 HKD,https://colourdiam.com/diamonddetails/Menu/8833,https://www.colourdiam.com/Product/Diamond/8833/still.jpg,ColourDiam,Apparel & Accessories > Jewelry,,1,,,,unisex,,,adult,,,,,,,,,GIA,Fine Jewelry
9578,Sku - 9578 Weight - 1.22 Colour - Fancy Green Shape - Cushion Clarity - SI2 Measurements - 5.89 X 5.82 X 4.00 Fluoresence - None Polish - G Symmetry - GD No Of Diamonds - 1,1.14ct Fancy Light Yellow Green Round Diamond GIA,in stock,new,330295.59 HKD,https://colourdiam.com/diamonddetails/Menu/9578,https://www.colourdiam.com/Product/Diamond/9578/still.jpg,ColourDiam,Apparel & Accessories > Jewelry,,1,,,,unisex,,,adult,,,,,,,,,GIA,Fine Jewelry
8717,Sku - 8717 Weight - 1.21 Colour - Light Green Yellow Shape - Marquise Clarity - VVS2 Measurements - 10.48x5.58x3.41 Fluoresence - STG Polish - EX Symmetry - EX No Of Diamonds - 1,1.12ct Fancy Light Yellow Cushion I3 GIA Diamond,in stock,new,39310.59 HKD,https://colourdiam.com/diamonddetails/Menu/8717,https://www.colourdiam.com/Product/Diamond/8717/still.jpg,ColourDiam,Apparel & Accessories > Jewelry,,1,,,,unisex,,,adult,,,,,,,,,GIA,Fine Jewelry
9476,Sku - 9476 Weight - 1.2 Colour - Light Green Yellow Shape - Oval Clarity - VVS2 Measurements - 8.64 x 5.75 x 3.59 Fluoresence - None Polish - EX Symmetry - EX No Of Diamonds - 1,1.12 Carat M SI1 Pear GIA Natural Diamond,in stock,new,21658.73 HKD,https://colourdiam.com/diamonddetails/Menu/9476,https://www.colourdiam.com/Product/Diamond/9476/still.jpg,ColourDiam,Apparel & Accessories > Jewelry,,1,,,,unisex,,,adult,,,,,,,,,GIA,Fine Jewelry
7803,Sku - 7803 Weight - 1.2 Colour - Fancy Intense Yellow Shape - Pear Clarity - VS2 Measurements - 8.86 X 5.73 X 3.38 Fluoresence - Med Polish - EX Symmetry - VG No Of Diamonds - 1,1.11ct Fancy Light Brownish Yellow Cushion VS2 GIA Diamond,in stock,new,38985.71 HKD,https://colourdiam.com/diamonddetails/Menu/7803,https://www.colourdiam.com/Product/Diamond/7803/still.jpg,ColourDiam,Apparel & Accessories > Jewelry,,1,,,,unisex,,,adult,,,,,,,,,GIA,Fine Jewelry
105,Sku - 105 Weight - 1.16 Colour - Fancy Pink Purple Shape - Cushion Clarity - VS1 Measurements - 5.76 X 5.49 X 3.98 Fluoresence - None Polish - G Symmetry - GD No Of Diamonds - 1,1.11ct Fancy Yellow Green Radiant Diamond GIA SI2,in stock,new,942154.64 HKD,https://colourdiam.com/diamonddetails/Menu/105,https://www.colourdiam.com/Product/Diamond/105/still.jpg,ColourDiam,Apparel & Accessories > Jewelry,,1,,,,unisex,,,adult,,,,,,,,,GIA,Fine Jewelry
9536,Sku - 9536 Weight - 1.15 Colour - N Shape - Pear Clarity - VS2 Measurements - 8.85 X 5.11 X 3.49 Fluoresence - STG Polish - VG Symmetry - VG No Of Diamonds - 1,1.11ct Fancy Intense Purplish Pink Round Diamond,in stock,new,7783.64 HKD,https://colourdiam.com/diamonddetails/Menu/9536,https://www.colourdiam.com/Product/Diamond/9536/still.jpg,ColourDiam,Apparel & Accessories > Jewelry,,1,,,,unisex,,,adult,,,,,,,,,GIA,Fine Jewelry
9165,Sku - 9165 Weight - 1.14 Colour - Fancy Light Yellow Green Shape - Round Clarity - SI2 Measurements - 6.69 - 6.74 x 4.13 Fluoresence - STG Polish - G Symmetry - GD No Of Diamonds - 1,1.10ct Fancy Light Greenish Yellow Pear Diamond VS2,in stock,new,61727.37 HKD,https://colourdiam.com/diamonddetails/Menu/9165,https://www.colourdiam.com/Product/Diamond/9165/still.jpg,ColourDiam,Apparel & Accessories > Jewelry,,1,,,,unisex,,,adult,,,,,,,,,GIA,Fine Jewelry
4386,Sku - 4386 Weight - 1.12 Colour - Fancy Light Yellow Shape - Cushion Clarity - I3 Measurements - 6.01*5.64*3.83 Fluoresence - Fnt Polish - VG Symmetry - VG No Of Diamonds - 1,1.09ct Light Greenish Yellow Pear VS2 GIA Diamond,in stock,new,6064.44 HKD,https://colourdiam.com/diamonddetails/Menu/4386,https://www.colourdiam.com/Product/Diamond/4386/still.jpg,ColourDiam,Apparel & Accessories > Jewelry,,1,,,,unisex,,,adult,,,,,,,,,GIA,Fine Jewelry
9542,Sku - 9542 Weight - 1.12 Colour - M Shape - Pear Clarity - SI1 Measurements - 8.49 X 4.99 X 3.48 Fluoresence - None Polish - VG Symmetry - VG No Of Diamonds - 1,1.09ct Light Greenish Yellow Cushion VS2 GIA Diamond,in stock,new,6064.44 HKD,https://colourdiam.com/diamonddetails/Menu/9542,https://www.colourdiam.com/Product/Diamond/9542/still.jpg,ColourDiam,Apparel & Accessories > Jewelry,,1,,,,unisex,,,adult,,,,,,,,,GIA,Fine Jewelry
4662,Sku - 4662 Weight - 1.11 Colour - Fancy Light Brownish Yellow Shape - Cushion Clarity - VS2 Measurements - 6.01 x 5.62 x 3.60 Fluoresence - Fnt Polish - EX Symmetry - VG No Of Diamonds - 1,1.09ct Fancy Deep Bluish Green Pear Diamond GIA,in stock,new,10017.16 HKD,https://colourdiam.com/diamonddetails/Menu/4662,https://www.colourdiam.com/Product/Diamond/4662/still.jpg,ColourDiam,Apparel & Accessories > Jewelry,,1,,,,unisex,,,adult,,,,,,,,,GIA,Fine Jewelry
7550,Sku - 7550 Weight - 1.11 Colour - Fancy Yellow Green Shape - Radiant Clarity - SI2 Measurements - 6.36 X 5.05 X 3.52 Fluoresence - STG Polish - EX Symmetry - EX No Of Diamonds - 1,1.09ct Fancy Brown Pink Oval Diamond GIA,in stock,new,77903.46 HKD,https://colourdiam.com/diamonddetails/Menu/7550,https://www.colourdiam.com/Product/Diamond/7550/still.jpg,ColourDiam,Apparel & Accessories > Jewelry,,1,,,,unisex,,,adult,,,,,,,,,GIA,Fine Jewelry
5788,Sku - 5788 Weight - 1.11 Colour - Fancy Intense Purplish Pink Shape - Round Clarity - I1 Measurements - 6.65*6.72*4.08 Fluoresence - Med Polish - VG Symmetry - GD No Of Diamonds - 1,1.08ct Fancy White Heart GIA Natural Diamond,in stock,new,2103603.9 HKD,https://colourdiam.com/diamonddetails/Menu/5788,https://www.colourdiam.com/Product/Diamond/5788/still.jpg,ColourDiam,Apparel & Accessories > Jewelry,,1,,,,unisex,,,adult,,,,,,,,,CGL,Fine Jewelry
9560,Sku - 9560 Weight - 1.1 Colour - Fancy Light Greenish Yellow Shape - Pear Clarity - VS2 Measurements - 8.19 X 5.13 X 3.48 Fluoresence - None Polish - EX Symmetry - VG No Of Diamonds - 1,1.08ct D VVS2 Emerald GIA Natural Diamond,in stock,new,17868.45 HKD,https://colourdiam.com/diamonddetails/Menu/9560,https://www.colourdiam.com/Product/Diamond/9560/still.jpg,ColourDiam,Apparel & Accessories > Jewelry,,1,,,,unisex,,,adult,,,,,,,,,GIA,Fine Jewelry
9516,Sku - 9516 Weight - 1.09 Colour - Light Greenish Yellow Shape - Pear Clarity - VS2 Measurements - 8.30 X 5.14 X 3.48 Fluoresence - None Polish - EX Symmetry - EX No Of Diamonds - 1,1.08ct F VVS1 GIA Round Natural Diamond,in stock,new,14755.01 HKD,https://colourdiam.com/diamonddetails/Menu/9516,https://www.colourdiam.com/Product/Diamond/9516/still.jpg,ColourDiam,Apparel & Accessories > Jewelry,,1,,,,unisex,,,adult,,,,,,,,,GIA,Fine Jewelry
9512,Sku - 9512 Weight - 1.09 Colour - Light Greenish Yellow Shape - Cushion Clarity - VS2 Measurements - 5.53 X 5.52 X 3.72 Fluoresence - None Polish - EX Symmetry - VG No Of Diamonds - 1,1.07ct O-P SI2 GIA Certified Round Diamond,in stock,new,14755.01 HKD,https://colourdiam.com/diamonddetails/Menu/9512,https://www.colourdiam.com/Product/Diamond/9512/still.jpg,ColourDiam,Apparel & Accessories > Jewelry,,1,,,,unisex,,,adult,,,,,,,,,GIA,Fine Jewelry
6913,Sku - 6913 Weight - 1.09 Colour - Fancy Deep Bluish Green Shape - Pear Clarity - I1 Measurements - 7.12 X 5.86 X 3.48 Fluoresence - None Polish - VG Symmetry - GD No Of Diamonds - 1,1.07ct G VVS2 Pear GIA Natural Diamond,in stock,new,2951001.61 HKD,https://colourdiam.com/diamonddetails/Menu/6913,https://www.colourdiam.com/Product/Diamond/6913/still.jpg,ColourDiam,Apparel & Accessories > Jewelry,,1,,,,unisex,,,adult,,,,,,,,,GIA,Fine Jewelry
5466,Sku - 5466 Weight - 1.09 Colour - Fancy Brown Pink Shape - Oval Clarity - I1 Measurements - 7.19X 5.38X 3.43 Fluoresence - None Polish - VG Symmetry - GD No Of Diamonds - 1,1.07ct Fancy Purplish Pink Pear Diamond VS2 GIA,in stock,new,44265.02 HKD,https://colourdiam.com/diamonddetails/Menu/5466,https://www.colourdiam.com/Product/Diamond/5466/still.jpg,ColourDiam,Apparel & Accessories > Jewelry,,1,,,,unisex,,,adult,,,,,,,,,GIA,Fine Jewelry
734,Sku - 734 Weight - 1.08 Colour - Fancy White Shape - Heart Clarity -  Measurements - 6.17 x 7.39 x 3.64 Fluoresence -  Polish -  Symmetry -  No Of Diamonds - 1,1.07ct Faint Pink VS2 Round GIA Natural Diamond,in stock,new,14619.64 HKD,https://colourdiam.com/diamonddetails/Menu/734,https://www.colourdiam.com/Product/Diamond/734/still.jpg,ColourDiam,Apparel & Accessories > Jewelry,,1,,,,unisex,,,adult,,,,,,,,,GIA,Fine Jewelry
6187,Sku - 6187 Weight - 1.08 Colour - D Shape - Emerald Clarity - VVS2 Measurements - 6.97 X 5.02 X 3.38 Fluoresence - None Polish - VG Symmetry - VG No Of Diamonds - 1,1.06ct Fancy Deep Brownish Greenish Yellow Oval Diamond,in stock,new,54969.85 HKD,https://colourdiam.com/diamonddetails/Menu/6187,https://www.colourdiam.com/Product/Diamond/6187/still.jpg,ColourDiam,Apparel & Accessories > Jewelry,,1,,,,unisex,,,adult,,,,,,,,,GIA,Fine Jewelry
6033,Sku - 6033 Weight - 1.08 Colour - F Shape - Round Clarity - VVS1 Measurements - 6.76 x 6.73 x 3.97 Fluoresence - None Polish - EX Symmetry - EX No Of Diamonds - 1,1.06ct Fancy Intense Pink GIA Natural Diamond,in stock,new,92591.06 HKD,https://colourdiam.com/diamonddetails/Menu/6033,https://www.colourdiam.com/Product/Diamond/6033/still.jpg,ColourDiam,Apparel & Accessories > Jewelry,,1,,,,unisex,,,adult,,,,,,,,,GIA,Fine Jewelry
6415,Sku - 6415 Weight - 1.07 Colour - O-P Shape - Round Clarity - SI2 Measurements - 6.53 x 6.65 x 4.04 Fluoresence - None Polish - VG Symmetry - F No Of Diamonds - 1,1.06ct E VVS2 Pear GIA Natural Diamond,in stock,new,24140.46 HKD,https://colourdiam.com/diamonddetails/Menu/6415,https://www.colourdiam.com/Product/Diamond/6415/still.jpg,ColourDiam,Apparel & Accessories > Jewelry,,1,,,,unisex,,,adult,,,,,,,,,GIA,Fine Jewelry
6190,Sku - 6190 Weight - 1.07 Colour - G Shape - Pear Clarity - VVS2 Measurements - 8.62 X 5.74 X 3.74 Fluoresence - Fnt Polish - VG Symmetry - VG No Of Diamonds - 1,1.06ct Q-R I2 Round GIA Natural Diamond,in stock,new,42294.08 HKD,https://colourdiam.com/diamonddetails/Menu/6190,https://www.colourdiam.com/Product/Diamond/6190/still.jpg,ColourDiam,Apparel & Accessories > Jewelry,,1,,,,unisex,,,adult,,,,,,,,,GIA,Fine Jewelry
8686,Sku - 8686 Weight - 1.07 Colour - Fancy Purplish Pink Shape - Pear Clarity - VS2 Measurements - 8.47 x 5.08 x 3.44 Fluoresence - None Polish - EX Symmetry - VG No Of Diamonds - 1,1.06ct Fancy Light Greenish Yellow Pear VS1 Diamond,in stock,new,772494.61 HKD,https://colourdiam.com/diamonddetails/Menu/8686,https://www.colourdiam.com/Product/Diamond/8686/still.jpg,ColourDiam,Apparel & Accessories > Jewelry,,1,,,,unisex,,,adult,,,,,,,,,GIA,Fine Jewelry
8398,Sku - 8398 Weight - 1.07 Colour - Faint Pink Shape - Round Clarity - VS2 Measurements - 6.53 - 6.56 x 4.07 Fluoresence - None Polish - EX Symmetry - EX No Of Diamonds - 1,1.05ct G VVS1 Princess GIA Natural Diamond,in stock,new,62765.19 HKD,https://colourdiam.com/diamonddetails/Menu/8398,https://www.colourdiam.com/Product/Diamond/8398/still.jpg,ColourDiam,Apparel & Accessories > Jewelry,,1,,,,unisex,,,adult,,,,,,,,,GIA,Fine Jewelry
2049,Sku - 2049 Weight - 1.06 Colour - Fancy Intense Pink Shape - Other Clarity -  Measurements - 5.90 x 7.16 x 3.94 Fluoresence - None Polish -  Symmetry -  No Of Diamonds - 1,1.05ct F SI1 Cushion GIA Natural Diamond,in stock,new,1147912.55 HKD,https://colourdiam.com/diamonddetails/Menu/2049,https://www.colourdiam.com/Product/Diamond/2049/still.jpg,ColourDiam,Apparel & Accessories > Jewelry,,1,,,,unisex,,,adult,,,,,,,,,GIA,Fine Jewelry
8171,Sku - 8171 Weight - 1.06 Colour - Fancy Deep Brownish Greenish Yellow Shape - Oval Clarity - SI1 Measurements - 7.51 x 5.12 x 3.37 Fluoresence - STG Polish - EX Symmetry - VG No Of Diamonds - 1,1.05ct M SI1 Heart GIA Natural Diamond,in stock,new,28697.81 HKD,https://colourdiam.com/diamonddetails/Menu/8171,https://www.colourdiam.com/Product/Diamond/8171/still.jpg,ColourDiam,Apparel & Accessories > Jewelry,,1,,,,unisex,,,adult,,,,,,,,,GIA,Fine Jewelry
6192,Sku - 6192 Weight - 1.06 Colour - E Shape - Pear Clarity - VVS2 Measurements - 9.02 X 5.81 X 3.67 Fluoresence - None Polish - VG Symmetry - VG No Of Diamonds - 1,1.05ct N SI1 GIA Pear Natural Diamond,in stock,new,56592.06 HKD,https://colourdiam.com/diamonddetails/Menu/6192,https://www.colourdiam.com/Product/Diamond/6192/still.jpg,ColourDiam,Apparel & Accessories > Jewelry,,1,,,,unisex,,,adult,,,,,,,,,GIA,Fine Jewelry
6039,Sku - 6039 Weight - 1.06 Colour - Q-R Shape - Round Clarity - I2 Measurements - 6.18 X 6.12 X 4.37 Fluoresence - None Polish - G Symmetry - GD No Of Diamonds - 1,1.04ct Fancy Light Yellow Round GIA Diamond,in stock,new,7432.71 HKD,https://colourdiam.com/diamonddetails/Menu/6039,https://www.colourdiam.com/Product/Diamond/6039/still.jpg,ColourDiam,Apparel & Accessories > Jewelry,,1,,,,unisex,,,adult,,,,,,,,,GIA,Fine Jewelry
9511,Sku - 9511 Weight - 1.06 Colour - Fancy Light Greenish Yellow Shape - Pear Clarity - VS1 Measurements - 8.36 X 5.08 X 3.38 Fluoresence - None Polish - EX Symmetry - EX No Of Diamonds - 1,1.04ct Fancy White Radiant GIA Diamond,in stock,new,15305.5 HKD,https://colourdiam.com/diamonddetails/Menu/9511,https://www.colourdiam.com/Product/Diamond/9511/still.jpg,ColourDiam,Apparel & Accessories > Jewelry,,1,,,,unisex,,,adult,,,,,,,,,GIA,Fine Jewelry
9540,Sku - 9540 Weight - 1.05 Colour - N Shape - Pear Clarity - SI1 Measurements - 8.38 x 4.93 x 3.41 Fluoresence - STG Polish - VG Symmetry - GD No Of Diamonds - 1,1.04ct Q-R SI1 Pear Natural Diamond IGI,in stock,new,5685.42 HKD,https://colourdiam.com/diamonddetails/Menu/9540,https://www.colourdiam.com/Product/Diamond/9540/still.jpg,ColourDiam,Apparel & Accessories > Jewelry,,1,,,,unisex,,,adult,,,,,,,,,GIA,Fine Jewelry
6188,Sku - 6188 Weight - 1.05 Colour - G Shape - Princess Clarity - VVS1 Measurements - 5.64 x 5.53 x 3.98 Fluoresence - None Polish - VG Symmetry - GD No Of Diamonds - 1,1.03ct M VS1 Pear GIA Natural Diamond,in stock,new,67599.63 HKD,https://colourdiam.com/diamonddetails/Menu/6188,https://www.colourdiam.com/Product/Diamond/6188/still.jpg,ColourDiam,Apparel & Accessories > Jewelry,,1,,,,unisex,,,adult,,,,,,,,,GIA,Fine Jewelry
9531,Sku - 9531 Weight - 1.05 Colour - M Shape - Heart Clarity - SI1 Measurements - 5.79 X 6.31 X 3.68 Fluoresence - None Polish - VG Symmetry - VG No Of Diamonds - 1,1.03ct K VS1 GIA Certified Oval Natural Diamond,in stock,new,6632.99 HKD,https://colourdiam.com/diamonddetails/Menu/9531,https://www.colourdiam.com/Product/Diamond/9531/still.jpg,ColourDiam,Apparel & Accessories > Jewelry,,1,,,,unisex,,,adult,,,,,,,,,GIA,Fine Jewelry
5762,Sku - 5762 Weight - 1.04 Colour - Fancy Light Yellow Shape - Round Clarity - I2 Measurements - 6.18 X 6.11X 4.06 Fluoresence - None Polish - VG Symmetry - VG No Of Diamonds - 1,1.03 Carat M SI1 Heart GIA Natural Diamond,in stock,new,11731.81 HKD,https://colourdiam.com/diamonddetails/Menu/5762,https://www.colourdiam.com/Product/Diamond/5762/still.jpg,ColourDiam,Apparel & Accessories > Jewelry,,1,,,,unisex,,,adult,,,,,,,,,GIA,Fine Jewelry
9532,Sku - 9532 Weight - 1.04 Colour - Light Green Yellow Shape - Pear Clarity - SI2 Measurements - 8.38 X5.05 X 3.41 Fluoresence - Vst Polish - VG Symmetry - GD No Of Diamonds - 1,1.03ct Faint Pink VS1 Round GIA Diamond,in stock,new,15016.72 HKD,https://colourdiam.com/diamonddetails/Menu/9532,https://www.colourdiam.com/Product/Diamond/9532/still.jpg,ColourDiam,Apparel & Accessories > Jewelry,,1,,,,unisex,,,adult,,,,,,,,,GIA,Fine Jewelry
6077,Sku - 6077 Weight - 1.04 Colour - Q-R Shape - Pear Clarity - SI1 Measurements - 8.13 X 5.13 X 3.30 Fluoresence - Vst Polish - VG Symmetry - VG No Of Diamonds - 1,1.03ct Fancy Brownish Yellow I1 Round GIA Diamond,in stock,new,10323.99 HKD,https://colourdiam.com/diamonddetails/Menu/6077,https://www.colourdiam.com/Product/Diamond/6077/still.jpg,ColourDiam,Apparel & Accessories > Jewelry,,1,,,,unisex,,,adult,,,,,,,,,IGI,Fine Jewelry
8590,Sku - 8590 Weight - 1.04 Colour - Fancy White Shape - Radiant Clarity - I2 Measurements - 6.27 x 5.01 x 3.77 Fluoresence - Med Polish - VG Symmetry - GD No Of Diamonds - 1,1.03ct Fancy Dark Brown Greenish Yellow GIA Diamond,in stock,new,14078.17 HKD,https://colourdiam.com/diamonddetails/Menu/8590,https://www.colourdiam.com/Product/Diamond/8590/still.jpg,ColourDiam,Apparel & Accessories > Jewelry,,1,,,,unisex,,,adult,,,,,,,,,GIA,Fine Jewelry
9534,Sku - 9534 Weight - 1.03 Colour - M Shape - Heart Clarity - SI1 Measurements - 5.93 X 6.95  X 3.22 Fluoresence - None Polish - VG Symmetry - VG No Of Diamonds - 1,1.03ct Fancy Light Yellow Emerald Diamond GIA I1,in stock,new,6506.64 HKD,https://colourdiam.com/diamonddetails/Menu/9534,https://www.colourdiam.com/Product/Diamond/9534/still.jpg,ColourDiam,Apparel & Accessories > Jewelry,,1,,,,unisex,,,adult,,,,,,,,,GIA,Fine Jewelry
9543,Sku - 9543 Weight - 1.03 Colour - M Shape - Pear Clarity - VS1 Measurements - 8.09 X 5.11 X 3.38 Fluoresence - None Polish - VG Symmetry - VG No Of Diamonds - 1,1.03ct Faint Pink VVS1 Pear GIA Natural Diamond,in stock,new,8040.33 HKD,https://colourdiam.com/diamonddetails/Menu/9543,https://www.colourdiam.com/Product/Diamond/9543/still.jpg,ColourDiam,Apparel & Accessories > Jewelry,,1,,,,unisex,,,adult,,,,,,,,,GIA,Fine Jewelry
9544,Sku - 9544 Weight - 1.03 Colour - K Shape - Oval Clarity - VS1 Measurements - 7.55 X 5.24 X 3.4 Fluoresence - None Polish - VG Symmetry - VG No Of Diamonds - 1,1.03ct Fancy Light Greenish Yellow Pear GIA Diamond,in stock,new,7436.16 HKD,https://colourdiam.com/diamonddetails/Menu/9544,https://www.colourdiam.com/Product/Diamond/9544/still.jpg,ColourDiam,Apparel & Accessories > Jewelry,,1,,,,unisex,,,adult,,,,,,,,,GIA,Fine Jewelry
8913,Sku - 8913 Weight - 1.03 Colour - Faint Pink Shape - Round Clarity - VS1 Measurements - 6.46 - 6.48 x 4.01 Fluoresence - None Polish - EX Symmetry - EX No Of Diamonds - 1,1.03ct Fancy Brownish Greenish Yellow Round GIA Diamond,in stock,new,60418.82 HKD,https://colourdiam.com/diamonddetails/Menu/8913,https://www.colourdiam.com/Product/Diamond/8913/still.jpg,ColourDiam,Apparel & Accessories > Jewelry,,1,,,,unisex,,,adult,,,,,,,,,GIA,Fine Jewelry
6040,Sku - 6040 Weight - 1.03 Colour - Fancy Brownish Yellow Shape - Round Clarity - I1 Measurements - 6.18 X 6.24 X 4.07 Fluoresence - Med Polish - G Symmetry - GD No Of Diamonds - 1,1.03ct Fancy Dark Yellowish Green Gray Diamond GIA,in stock,new,8254.17 HKD,https://colourdiam.com/diamonddetails/Menu/6040,https://www.colourdiam.com/Product/Diamond/6040/still.jpg,ColourDiam,Apparel & Accessories > Jewelry,,1,,,,unisex,,,adult,,,,,,,,,GIA,Fine Jewelry
6041,Sku - 6041 Weight - 1.03 Colour - Fancy Dark Brown Greenish Yellow Shape - Round Clarity - I2 Measurements - 6.46X 6.44 X 4.02 Fluoresence - Fnt Polish - G Symmetry - VG No Of Diamonds - 1,1.03ct Faint Pink I1 Natural Diamond,in stock,new,8254.17 HKD,https://colourdiam.com/diamonddetails/Menu/6041,https://www.colourdiam.com/Product/Diamond/6041/still.jpg,ColourDiam,Apparel & Accessories > Jewelry,,1,,,,unisex,,,adult,,,,,,,,,GIA,Fine Jewelry
4753,Sku - 4753 Weight - 1.03 Colour - Fancy Light Yellow Shape - Emerald Clarity - I1 Measurements - 6.88*4.85*3.04 Fluoresence - Med Polish - EX Symmetry - VG No Of Diamonds - 1,1.02ct Light Pink Cushion VS1 GIA Natural Diamond,in stock,new,6506.64 HKD,https://colourdiam.com/diamonddetails/Menu/4753,https://www.colourdiam.com/Product/Diamond/4753/still.jpg,ColourDiam,Apparel & Accessories > Jewelry,,1,,,,unisex,,,adult,,,,,,,,,GIA,Fine Jewelry
6949,Sku - 6949 Weight - 1.03 Colour - Faint Pink Shape - Pear Clarity - VVS1 Measurements - 9.61 x 4.97 x 2.96 Fluoresence - Med Polish - EX Symmetry - VG No Of Diamonds - 1,1.02ct Fancy Yellow Green Radiant Diamond GIA SI2,in stock,new,118049.09 HKD,https://colourdiam.com/diamonddetails/Menu/6949,https://www.colourdiam.com/Product/Diamond/6949/still.jpg,ColourDiam,Apparel & Accessories > Jewelry,,1,,,,unisex,,,adult,,,,,,,,,GIA,Fine Jewelry
4845,Sku - 4845 Weight - 1.03 Colour - Fancy Light Greenish Yellow Shape - Pear Clarity - I2 Measurements - 8.28*5.11*3.35 Fluoresence - None Polish - VG Symmetry - GD No Of Diamonds - 1,1.02 Carat Fancy Dark Violetish Gray Pear Diamond GIA,in stock,new,20914.25 HKD,https://colourdiam.com/diamonddetails/Menu/4845,https://www.colourdiam.com/Product/Diamond/4845/still.jpg,ColourDiam,Apparel & Accessories > Jewelry,,1,,,,unisex,,,adult,,,,,,,,,GIA,Fine Jewelry
4141,Sku - 4141 Weight - 1.03 Colour - Fancy Brownish Greenish Yellow Shape - Round Clarity - I1 Measurements - 6.41*6.45*3.97 Fluoresence - STG Polish - VG Symmetry - VG No Of Diamonds - 1,1.02ct Fancy Light Orangy Pink Oval Diamond GIA SI2,in stock,new,16731.37 HKD,https://colourdiam.com/diamonddetails/Menu/4141,https://www.colourdiam.com/Product/Diamond/4141/still.jpg,ColourDiam,Apparel & Accessories > Jewelry,,1,,,,unisex,,,adult,,,,,,,,,GIA,Fine Jewelry
5747,Sku - 5747 Weight - 1.03 Colour - Fancy Dark Yellowish Green Gray Shape - Round Clarity - I3 Measurements - 6.27X6.32X3.96 Fluoresence - STG Polish - G Symmetry - F No Of Diamonds - 1,1.02ct Fancy Light Green Yellow Pear Diamond GIA SI1,in stock,new,9295.2 HKD,https://colourdiam.com/diamonddetails/Menu/5747,https://www.colourdiam.com/Product/Diamond/5747/still.jpg,ColourDiam,Apparel & Accessories > Jewelry,,1,,,,unisex,,,adult,,,,,,,,,GIA,Fine Jewelry
2375,Sku - 2375 Weight - 1.03 Colour - Faint Pink Shape - Other Clarity - I1 Measurements - 5.94x6.09x4.18 Fluoresence - None Polish -  Symmetry -  No Of Diamonds - 1,1.02ct L SI2 Pear GIA Natural Diamond,in stock,new,14872.33 HKD,https://colourdiam.com/diamonddetails/Menu/2375,https://www.colourdiam.com/Product/Diamond/2375/still.jpg,ColourDiam,Apparel & Accessories > Jewelry,,1,,,,unisex,,,adult,,,,,,,,,CGL,Fine Jewelry
5485,Sku - 5485 Weight - 1.02 Colour - Light Pink Shape - Cushion Clarity - VS1 Measurements - 5.74X5.17X3.75 Fluoresence - None Polish - EX Symmetry - VG No Of Diamonds - 1,1.02ct M SI1 Heart GIA Natural Diamond,in stock,new,184099.18 HKD,https://colourdiam.com/diamonddetails/Menu/5485,https://www.colourdiam.com/Product/Diamond/5485/still.jpg,ColourDiam,Apparel & Accessories > Jewelry,,1,,,,unisex,,,adult,,,,,,,,,GIA,Fine Jewelry
7549,Sku - 7549 Weight - 1.02 Colour - Fancy Yellow Green Shape - Radiant Clarity - SI2 Measurements - 5.69 X 5.15 X 3.57 Fluoresence - STG Polish - EX Symmetry - VG No Of Diamonds - 1,1.02ct L VS2 GIA Certified Oval Diamond,in stock,new,71586.96 HKD,https://colourdiam.com/diamonddetails/Menu/7549,https://www.colourdiam.com/Product/Diamond/7549/still.jpg,ColourDiam,Apparel & Accessories > Jewelry,,1,,,,unisex,,,adult,,,,,,,,,GIA,Fine Jewelry
2677,Sku - 2677 Weight - 1.02 Colour - Fancy Dark Violetish Gray Shape - Pear Clarity - I3 Measurements - 7.88X5.23X3.60 Fluoresence - Med Polish - VG Symmetry - GD No Of Diamonds - 1,1.02ct H SI2 GIA Certified Round Natural Diamond,in stock,new,102276.28 HKD,https://colourdiam.com/diamonddetails/Menu/2677,https://www.colourdiam.com/Product/Diamond/2677/still.jpg,ColourDiam,Apparel & Accessories > Jewelry,,1,,,,unisex,,,adult,,,,,,,,,GIA,Fine Jewelry
9538,Sku - 9538 Weight - 1.02 Colour - M Shape - Heart Clarity - SI1 Measurements - 5.74 X 6.51 X 3.45 Fluoresence - None Polish - VG Symmetry - VG No Of Diamonds - 1,1.02 Carat H SI2 Radiant Natural Diamond,in stock,new,6443.47 HKD,https://colourdiam.com/diamonddetails/Menu/9538,https://www.colourdiam.com/Product/Diamond/9538/still.jpg,ColourDiam,Apparel & Accessories > Jewelry,,1,,,,unisex,,,adult,,,,,,,,,GIA,Fine Jewelry
9539,Sku - 9539 Weight - 1.02 Colour - S-T Shape - Oval Clarity - SI1 Measurements - 7.48 X 5 .00 X 3.35 Fluoresence - None Polish - VG Symmetry - VG No Of Diamonds - 1,1.02ct Q-R I2 Round GIA Natural Diamond,in stock,new,8284.46 HKD,https://colourdiam.com/diamonddetails/Menu/9539,https://www.colourdiam.com/Product/Diamond/9539/still.jpg,ColourDiam,Apparel & Accessories > Jewelry,,1,,,,unisex,,,adult,,,,,,,,,GIA,Fine Jewelry
9541,Sku - 9541 Weight - 1.02 Colour - L Shape - Oval Clarity - VS2 Measurements - 7.16 X 5.07 X 3.5 Fluoresence - None Polish - VG Symmetry - VG No Of Diamonds - 1,1.02 Carat D VVS2 GIA Cushion Diamond,in stock,new,6627.57 HKD,https://colourdiam.com/diamonddetails/Menu/9541,https://www.colourdiam.com/Product/Diamond/9541/still.jpg,ColourDiam,Apparel & Accessories > Jewelry,,1,,,,unisex,,,adult,,,,,,,,,GIA,Fine Jewelry
3915,Sku - 3915 Weight - 1.02 Colour - H Shape - Radiant Clarity - SI2 Measurements - 6.60*5.07*3.39 Fluoresence - None Polish - VG Symmetry - VG No Of Diamonds - 1,1.02ct G SI2 Cushion GIA Natural Diamond,in stock,new,17029.17 HKD,https://colourdiam.com/diamonddetails/Menu/3915,https://www.colourdiam.com/Product/Diamond/3915/still.jpg,ColourDiam,Apparel & Accessories > Jewelry,,1,,,,unisex,,,adult,,,,,,,,,IGI,Fine Jewelry
9372,Sku - 9372 Weight - 1.02 Colour - L Shape - Pear Clarity - SI2 Measurements - 8.64 X 5.49 X 3.58 Fluoresence - STG Polish - VG Symmetry - EX No Of Diamonds - 1,1.02ct E SI1 Princess GIA Natural Diamond,in stock,new,6443.47 HKD,https://colourdiam.com/diamonddetails/Menu/9372,https://www.colourdiam.com/Product/Diamond/9372/still.jpg,ColourDiam,Apparel & Accessories > Jewelry,,1,,,,unisex,,,adult,,,,,,,,,GIA,Fine Jewelry
95,Sku - 95 Weight - 1.02 Colour - H Shape - Round Clarity - SI2 Measurements - 6.32X6.22X4.12 Fluoresence - None Polish - G Symmetry - F No Of Diamonds - 1,1.02ct S-T SI1 Oval GIA Natural Diamond,in stock,new,32217.36 HKD,https://colourdiam.com/diamonddetails/Menu/95,https://www.colourdiam.com/Product/Diamond/95/still.jpg,ColourDiam,Apparel & Accessories > Jewelry,,1,,,,unisex,,,adult,,,,,,,,,GIA,Fine Jewelry
6037,Sku - 6037 Weight - 1.02 Colour - Q-R Shape - Round Clarity - I2 Measurements - 6.12 X 6.09 X 4.24 Fluoresence - Fnt Polish - G Symmetry - VG No Of Diamonds - 1,1.01ct Fancy Light Green Yellow Cushion GIA Diamond,in stock,new,7152.25 HKD,https://colourdiam.com/diamonddetails/Menu/6037,https://www.colourdiam.com/Product/Diamond/6037/still.jpg,ColourDiam,Apparel & Accessories > Jewelry,,1,,,,unisex,,,adult,,,,,,,,,GIA,Fine Jewelry
6162,Sku - 6162 Weight - 1.02 Colour - D Shape - Cushion Clarity - VVS2 Measurements - 5.69 X 5.40X 3.76 Fluoresence - STG Polish - EX Symmetry - VG No Of Diamonds - 1,1.01ct Fancy Light Grayish Greenish Yellow Pear VS1 GIA Diamond,in stock,new,34978.84 HKD,https://colourdiam.com/diamonddetails/Menu/6162,https://www.colourdiam.com/Product/Diamond/6162/still.jpg,ColourDiam,Apparel & Accessories > Jewelry,,1,,,,unisex,,,adult,,,,,,,,,GIA,Fine Jewelry
6269,Sku - 6269 Weight - 1.02 Colour - G Shape - Cushion Clarity - SI2 Measurements - 5.80 x 5.25 x 3.71 Fluoresence - None Polish - EX Symmetry - VG No Of Diamonds - 1,1.01ct G SI1 GIA Certified Round Natural Diamond,in stock,new,22368.05 HKD,https://colourdiam.com/diamonddetails/Menu/6269,https://www.colourdiam.com/Product/Diamond/6269/still.jpg,ColourDiam,Apparel & Accessories > Jewelry,,1,,,,unisex,,,adult,,,,,,,,,GIA,Fine Jewelry
9527,Sku - 9527 Weight - 1.02 Colour - Fancy Brownish Greenish Yellow Shape - Pear Clarity - VS2 Measurements - 8.20 X 4.98 X 3.40 Fluoresence - None Polish - EX Symmetry - VG No Of Diamonds - 1,1.01 Carat D VVS2 Cushion Natural Diamond GIA,in stock,new,11045.95 HKD,https://colourdiam.com/diamonddetails/Menu/9527,https://www.colourdiam.com/Product/Diamond/9527/still.jpg,ColourDiam,Apparel & Accessories > Jewelry,,1,,,,unisex,,,adult,,,,,,,,,GIA,Fine Jewelry
9275,Sku - 9275 Weight - 1.02 Colour - Fancy Light Green Yellow Shape - Pear Clarity - SI1 Measurements - 7.85 x 5.09 x 3.35 Fluoresence - Fnt Polish - VG Symmetry - VG No Of Diamonds - 1,1.01ct J VS1 Radiant IGI Natural Diamond,in stock,new,23012.4 HKD,https://colourdiam.com/diamonddetails/Menu/9275,https://www.colourdiam.com/Product/Diamond/9275/still.jpg,ColourDiam,Apparel & Accessories > Jewelry,,1,,,,unisex,,,adult,,,,,,,,,GIA,Fine Jewelry
4768,Sku - 4768 Weight - 1.02 Colour - Fancy Light Orangy Pink Shape - Oval Clarity - SI2 Measurements - 7.46 x 5.11 x 3.35 Fluoresence - Med Polish - EX Symmetry - EX No Of Diamonds - 1,1.01 Carat D VS1 Cushion GIA Natural Diamond,in stock,new,230123.98 HKD,https://colourdiam.com/diamonddetails/Menu/4768,https://www.colourdiam.com/Product/Diamond/4768/still.jpg,ColourDiam,Apparel & Accessories > Jewelry,,1,,,,unisex,,,adult,,,,,,,,,GIA,Fine Jewelry
9195,Sku - 9195 Weight - 1.01 Colour - Faint Green Shape - Radiant Clarity - VS1 Measurements - 5.54 x 5.53 x 3.53 Fluoresence - STG Polish - VG Symmetry - VG No Of Diamonds - 1,1.01 Carat H SI2 Radiant Natural Diamond IGI Certified,in stock,new,18229.43 HKD,https://colourdiam.com/diamonddetails/Menu/9195,https://www.colourdiam.com/Product/Diamond/9195/still.jpg,ColourDiam,Apparel & Accessories > Jewelry,,1,,,,unisex,,,adult,,,,,,,,,GIA,Fine Jewelry
9182,Sku - 9182 Weight - 1.01 Colour - Very Light Green Yellow Shape - Round Clarity - SI1 Measurements - 6.35 - 6.39 x 3.99 Fluoresence - Fnt Polish - EX Symmetry - EX No Of Diamonds - 1,1.01ct H VS2 Cushion GIA Natural Diamond,in stock,new,18229.43 HKD,https://colourdiam.com/diamonddetails/Menu/9182,https://www.colourdiam.com/Product/Diamond/9182/still.jpg,ColourDiam,Apparel & Accessories > Jewelry,,1,,,,unisex,,,adult,,,,,,,,,GIA,Fine Jewelry
9584,Sku - 9584 Weight - 1.01 Colour - Faint Pink Shape - Princess Clarity - VS1 Measurements - 5.72 X 5.65 X 3.82 Fluoresence - None Polish - EX Symmetry - VG No Of Diamonds - 1,1.01ct W-X SI1 Heart GIA Natural Diamond,in stock,new,63803 HKD,https://colourdiam.com/diamonddetails/Menu/9584,https://www.colourdiam.com/Product/Diamond/9584/still.jpg,ColourDiam,Apparel & Accessories > Jewelry,,1,,,,unisex,,,adult,,,,,,,,,GIA,Fine Jewelry
9585,Sku - 9585 Weight - 1.01 Colour - Light Greenish Yellow Shape - Pear Clarity - VS1 Measurements - 8.17 x 5.08 x 3.38 Fluoresence - STG Polish - VG Symmetry - VG No Of Diamonds - 1,1.01ct Y-Z SI1 Round GIA Natural Diamond,in stock,new,14583.54 HKD,https://colourdiam.com/diamonddetails/Menu/9585,https://www.colourdiam.com/Product/Diamond/9585/still.jpg,ColourDiam,Apparel & Accessories > Jewelry,,1,,,,unisex,,,adult,,,,,,,,,GIA,Fine Jewelry
9528,Sku - 9528 Weight - 1.01 Colour - Fancy Dark Brown Greenish Yellow Shape - Pear Clarity - SI1 Measurements - 8.08 X 4.98 X 3.40 Fluoresence - None Polish - VG Symmetry - VG No Of Diamonds - 1,1.01ct M SI2 GIA Oval Natural Diamond,in stock,new,10026.19 HKD,https://colourdiam.com/diamonddetails/Menu/9528,https://www.colourdiam.com/Product/Diamond/9528/still.jpg,ColourDiam,Apparel & Accessories > Jewelry,,1,,,,unisex,,,adult,,,,,,,,,GIA,Fine Jewelry
9524,Sku - 9524 Weight - 1.01 Colour - Fancy Brown Greenish Yellow Shape - Heart Clarity - VS2 Measurements - 5.89 X6.35 X 3.60 Fluoresence - None Polish - VG Symmetry - VG No Of Diamonds - 1,1.01ct M SI1 Heart GIA Natural Diamond,in stock,new,10481.96 HKD,https://colourdiam.com/diamonddetails/Menu/9524,https://www.colourdiam.com/Product/Diamond/9524/still.jpg,ColourDiam,Apparel & Accessories > Jewelry,,1,,,,unisex,,,adult,,,,,,,,,GIA,Fine Jewelry
9513,Sku - 9513 Weight - 1.01 Colour - Fancy Light Grayish Greenish Yellow Shape - Pear Clarity - VS1 Measurements - 7.90 X 4.98 X 3.38 Fluoresence - None Polish - EX Symmetry - VG No Of Diamonds - 1,1.01ct L VS1 Pear GIA Natural Diamond,in stock,new,12304.9 HKD,https://colourdiam.com/diamonddetails/Menu/9513,https://www.colourdiam.com/Product/Diamond/9513/still.jpg,ColourDiam,Apparel & Accessories > Jewelry,,1,,,,unisex,,,adult,,,,,,,,,GIA,Fine Jewelry
9510,Sku - 9510 Weight - 1.01 Colour - Fancy Light Green Yellow Shape - Cushion Clarity - SI2 Measurements - 5.46 X 5.34 X 3.69 Fluoresence - Med Polish - EX Symmetry - VG No Of Diamonds - 1,1.01ct Faint Green Radiant VS1 GIA Diamond,in stock,new,27344.14 HKD,https://colourdiam.com/diamonddetails/Menu/9510,https://www.colourdiam.com/Product/Diamond/9510/still.jpg,ColourDiam,Apparel & Accessories > Jewelry,,1,,,,unisex,,,adult,,,,,,,,,GIA,Fine Jewelry
6184,Sku - 6184 Weight - 1.01 Colour - D Shape - Cushion Clarity - VVS2 Measurements - 5.99 X 5.26 X 3.63 Fluoresence - Med Polish - EX Symmetry - VG No Of Diamonds - 1,1.01ct Very Light Green Yellow SI1 Round GIA Diamond,in stock,new,32457.49 HKD,https://colourdiam.com/diamonddetails/Menu/6184,https://www.colourdiam.com/Product/Diamond/6184/still.jpg,ColourDiam,Apparel & Accessories > Jewelry,,1,,,,unisex,,,adult,,,,,,,,,GIA,Fine Jewelry
6170,Sku - 6170 Weight - 1.01 Colour - J Shape - Radiant Clarity - VS1 Measurements - 7.12 x 4.93 x 3.40 Fluoresence - None Polish - EX Symmetry - VG No Of Diamonds - 1,1.01ct Pear Fancy Intense Greenish Yellow VS1 GIA Diamond,in stock,new,17317.96 HKD,https://colourdiam.com/diamonddetails/Menu/6170,https://www.colourdiam.com/Product/Diamond/6170/still.jpg,ColourDiam,Apparel & Accessories > Jewelry,,1,,,,unisex,,,adult,,,,,,,,,IGI,Fine Jewelry
6142,Sku - 6142 Weight - 1.01 Colour - D Shape - Cushion Clarity - VS1 Measurements - 5.75 x 5.61 x 3.92 Fluoresence - STG Polish - EX Symmetry - VG No Of Diamonds - 1,1.01ct Fancy Deep Yellow Pear GIA Natural Diamond,in stock,new,29167.09 HKD,https://colourdiam.com/diamonddetails/Menu/6142,https://www.colourdiam.com/Product/Diamond/6142/still.jpg,ColourDiam,Apparel & Accessories > Jewelry,,1,,,,unisex,,,adult,,,,,,,,,GIA,Fine Jewelry
5770,Sku - 5770 Weight - 1.01 Colour - G Shape - Round Clarity - SI1 Measurements - 6.45 x 6.48 x 3.95 Fluoresence - None Polish - EX Symmetry - EX No Of Diamonds - 1,1.01ct Fancy Light Purplish Pink Cushion Diamond,in stock,new,54688.29 HKD,https://colourdiam.com/diamonddetails/Menu/5770,https://www.colourdiam.com/Product/Diamond/5770/still.jpg,ColourDiam,Apparel & Accessories > Jewelry,,1,,,,unisex,,,adult,,,,,,,,,GIA,Fine Jewelry
9535,Sku - 9535 Weight - 1.01 Colour - M Shape - Heart Clarity - SI1 Measurements - 5.77 X 6.36 X 3.49 Fluoresence - None Polish - VG Symmetry - VG No Of Diamonds - 1,1.01ct Fancy Light Purplish Pink Heart Diamond GIA,in stock,new,6380.3 HKD,https://colourdiam.com/diamonddetails/Menu/9535,https://www.colourdiam.com/Product/Diamond/9535/still.jpg,ColourDiam,Apparel & Accessories > Jewelry,,1,,,,unisex,,,adult,,,,,,,,,GIA,Fine Jewelry
9537,Sku - 9537 Weight - 1.01 Colour - L Shape - Pear Clarity - VS1 Measurements - 8.32 X 4.89 X 3.3 Fluoresence - None Polish - EX Symmetry - VG No Of Diamonds - 1,1.01ct Fancy Deep Brown Orange Pear Diamond GIA I1,in stock,new,7291.77 HKD,https://colourdiam.com/diamonddetails/Menu/9537,https://www.colourdiam.com/Product/Diamond/9537/still.jpg,ColourDiam,Apparel & Accessories > Jewelry,,1,,,,unisex,,,adult,,,,,,,,,GIA,Fine Jewelry
3916,Sku - 3916 Weight - 1.01 Colour - H Shape - Radiant Clarity - SI2 Measurements - 6.28*5.02*3.52 Fluoresence - None Polish - VG Symmetry - VG No Of Diamonds - 1,1.01ct Fancy White Pear GIA Natural Diamond,in stock,new,16862.26 HKD,https://colourdiam.com/diamonddetails/Menu/3916,https://www.colourdiam.com/Product/Diamond/3916/still.jpg,ColourDiam,Apparel & Accessories > Jewelry,,1,,,,unisex,,,adult,,,,,,,,,IGI,Fine Jewelry
5323,Sku - 5323 Weight - 1.01 Colour - W-X Shape - Heart Clarity - SI1 Measurements - 5.85X6.32X3.41 Fluoresence - Fnt Polish - EX Symmetry - VG No Of Diamonds - 1,1.01ct Fancy Light Yellow Round I1 Diamond CGL,in stock,new,9114.71 HKD,https://colourdiam.com/diamonddetails/Menu/5323,https://www.colourdiam.com/Product/Diamond/5323/still.jpg,ColourDiam,Apparel & Accessories > Jewelry,,1,,,,unisex,,,adult,,,,,,,,,GIA,Fine Jewelry
6015,Sku - 6015 Weight - 1.01 Colour - Y-Z Shape - Round Clarity - SI1 Measurements - 6.42 X 6.42 X 3.99 Fluoresence - Fnt Polish - EX Symmetry - EX No Of Diamonds - 1,1.01ct Fancy Light Greenish Yellow Pear VS1 GIA Diamond,in stock,new,9916.79 HKD,https://colourdiam.com/diamonddetails/Menu/6015,https://www.colourdiam.com/Product/Diamond/6015/still.jpg,ColourDiam,Apparel & Accessories > Jewelry,,1,,,,unisex,,,adult,,,,,,,,,GIA,Fine Jewelry
7576,Sku - 7576 Weight - 1.01 Colour - M Shape - Oval Clarity - SI2 Measurements - 8.29X5.46X3.47 Fluoresence - Med Polish - EX Symmetry - EX No Of Diamonds - 1,1.01ct Fancy Light Greenish Yellow Pear Diamond GIA,in stock,new,7337.36 HKD,https://colourdiam.com/diamonddetails/Menu/7576,https://www.colourdiam.com/Product/Diamond/7576/still.jpg,ColourDiam,Apparel & Accessories > Jewelry,,1,,,,unisex,,,adult,,,,,,,,,GIA,Fine Jewelry
83,Sku - 83 Weight - 1.01 Colour - Fancy Intense Greenish Yellow Shape - Pear Clarity - VS1 Measurements - 6.67X5.30X3.59 Fluoresence - STG Polish - G Symmetry - GD No Of Diamonds - 1,1.01ct Faint Pink Oval VS2 GIA Natural Diamond,in stock,new,31901.5 HKD,https://colourdiam.com/diamonddetails/Menu/83,https://www.colourdiam.com/Product/Diamond/83/still.jpg,ColourDiam,Apparel & Accessories > Jewelry,,1,,,,unisex,,,adult,,,,,,,,,GIA,Fine Jewelry
137,Sku - 137 Weight - 1.01 Colour - Fancy Deep Yellow Shape - Pear Clarity -  Measurements - 9.13 x 5.36 x 3.20 Fluoresence - None Polish -  Symmetry -  No Of Diamonds - 1,1.01ct Fancy Light Greenish Yellow Diamond GIA,in stock,new,45573.57 HKD,https://colourdiam.com/diamonddetails/Menu/137,https://www.colourdiam.com/Product/Diamond/137/still.jpg,ColourDiam,Apparel & Accessories > Jewelry,,1,,,,unisex,,,adult,,,,,,,,,GIA,Fine Jewelry
7871,Sku - 7871 Weight - 1.01 Colour - Fancy Light Purplish Pink Shape - Cushion Clarity - SI1 Measurements - 5.37 x 5.32 x 3.86 Fluoresence - None Polish - VG Symmetry - GD No Of Diamonds - 1,1.01ct Fancy Light Brown Pink Cushion Diamond GIA SI2,in stock,new,182294.29 HKD,https://colourdiam.com/diamonddetails/Menu/7871,https://www.colourdiam.com/Product/Diamond/7871/still.jpg,ColourDiam,Apparel & Accessories > Jewelry,,1,,,,unisex,,,adult,,,,,,,,,GIA,Fine Jewelry
8689,Sku - 8689 Weight - 1.01 Colour - Fancy Light Greenish Yellow Shape - Pear Clarity - VS1 Measurements - 8.04 x 5.06 x 3.30 Fluoresence - None Polish - EX Symmetry - VG No Of Diamonds - 1,1.01ct Fancy Brownish Yellow Round Diamond GIA,in stock,new,26432.67 HKD,https://colourdiam.com/diamonddetails/Menu/8689,https://www.colourdiam.com/Product/Diamond/8689/still.jpg,ColourDiam,Apparel & Accessories > Jewelry,,1,,,,unisex,,,adult,,,,,,,,,GIA,Fine Jewelry
8695,Sku - 8695 Weight - 1.01 Colour - Fancy Light Greenish Yellow Shape - Pear Clarity - SI1 Measurements - 8.02 x 5.00 x 3.44 Fluoresence - STG Polish - VG Symmetry - VG No Of Diamonds - 1,1.01ct Fancy Deep Brown Orange GIA Diamond,in stock,new,24609.73 HKD,https://colourdiam.com/diamonddetails/Menu/8695,https://www.colourdiam.com/Product/Diamond/8695/still.jpg,ColourDiam,Apparel & Accessories > Jewelry,,1,,,,unisex,,,adult,,,,,,,,,GIA,Fine Jewelry
5516,Sku - 5516 Weight - 1.01 Colour - Fancy Light Purplish Pink Shape - Heart Clarity - I1 Measurements - 5.63X 6.63X 3.56 Fluoresence - Med Polish - VG Symmetry - VG No Of Diamonds - 1,1.01ct Faint Pink Round Diamond CGL Certified,in stock,new,168622.22 HKD,https://colourdiam.com/diamonddetails/Menu/5516,https://www.colourdiam.com/Product/Diamond/5516/still.jpg,ColourDiam,Apparel & Accessories > Jewelry,,1,,,,unisex,,,adult,,,,,,,,,GIA,Fine Jewelry
4596,Sku - 4596 Weight - 1.01 Colour - Fancy Deep Brown Orange Shape - Pear Clarity - I1 Measurements - 8.22*5.43*3.14XX Fluoresence - None Polish - EX Symmetry - GD No Of Diamonds - 1,1.00ct Fancy Light Green Yellow Oval GIA Diamond,in stock,new,10937.66 HKD,https://colourdiam.com/diamonddetails/Menu/4596,https://www.colourdiam.com/Product/Diamond/4596/still.jpg,ColourDiam,Apparel & Accessories > Jewelry,,1,,,,unisex,,,adult,,,,,,,,,GIA,Fine Jewelry
2700,Sku - 2700 Weight - 1.01 Colour - Fancy White Shape - Pear Clarity -  Measurements - 8.36 x 4.99 x 3.33 Fluoresence - None Polish -  Symmetry -  No Of Diamonds - 1,1.00ct Very Light Pink Marquise SI2 GIA Diamond,in stock,new,27344.14 HKD,https://colourdiam.com/diamonddetails/Menu/2700,https://www.colourdiam.com/Product/Diamond/2700/still.jpg,ColourDiam,Apparel & Accessories > Jewelry,,1,,,,unisex,,,adult,,,,,,,,,GIA,Fine Jewelry
2497,Sku - 2497 Weight - 1.01 Colour - Fancy Light Yellow Shape - Round Clarity - I1 Measurements -  Fluoresence -  Polish -  Symmetry -  No Of Diamonds - 1,1.00ct Fancy Light Pinkish Brown Oval Diamond GIA,in stock,new,0 HKD,https://colourdiam.com/diamonddetails/Menu/2497,https://www.colourdiam.com/Product/Diamond/2497/still.jpg,ColourDiam,Apparel & Accessories > Jewelry,,1,,,,unisex,,,adult,,,,,,,,,CGL,Fine Jewelry
8614,Sku - 8614 Weight - 1.01 Colour - Faint Pink Shape - Oval Clarity - VS2 Measurements - 8.62 x 5.84 x 3.10 Fluoresence - Med Polish - VG Symmetry - GD No Of Diamonds - 1,1.00ct Light Pink IF Round GIA Natural Diamond,in stock,new,63803 HKD,https://colourdiam.com/diamonddetails/Menu/8614,https://www.colourdiam.com/Product/Diamond/8614/still.jpg,ColourDiam,Apparel & Accessories > Jewelry,,1,,,,unisex,,,adult,,,,,,,,,GIA,Fine Jewelry
6042,Sku - 6042 Weight - 1.01 Colour - Fancy Light Brownish Greenish Yellow Shape - Round Clarity - I2 Measurements - 6.09X 6.06 X 4.17 Fluoresence - Fnt Polish - G Symmetry - GD No Of Diamonds - 1,1.00ct F SI2 Cushion GIA Natural Diamond,in stock,new,7291.77 HKD,https://colourdiam.com/diamonddetails/Menu/6042,https://www.colourdiam.com/Product/Diamond/6042/still.jpg,ColourDiam,Apparel & Accessories > Jewelry,,1,,,,unisex,,,adult,,,,,,,,,GIA,Fine Jewelry
6059,Sku - 6059 Weight - 1.01 Colour - Fancy Light Brown Pink Shape - Cushion Clarity - SI2 Measurements - 5.54 X 5.39 X 3.57 Fluoresence - None Polish - VG Symmetry - VG No Of Diamonds - 1,1.00ct Fancy Brownish Greenish Yellow Radiant VS2 GIA,in stock,new,86589.79 HKD,https://colourdiam.com/diamonddetails/Menu/6059,https://www.colourdiam.com/Product/Diamond/6059/still.jpg,ColourDiam,Apparel & Accessories > Jewelry,,1,,,,unisex,,,adult,,,,,,,,,GIA,Fine Jewelry
7399,Sku - 7399 Weight - 1.01 Colour - Fancy Brownish Yellow Shape - Round Clarity - I2 Measurements - 6.34 X 6.39 X 4.01 Fluoresence - Med Polish - EX Symmetry - VG No Of Diamonds - 1,1.00ct W-X I1 Oval GIA Natural Diamond,in stock,new,5496.14 HKD,https://colourdiam.com/diamonddetails/Menu/7399,https://www.colourdiam.com/Product/Diamond/7399/still.jpg,ColourDiam,Apparel & Accessories > Jewelry,,1,,,,unisex,,,adult,,,,,,,,,GIA,Fine Jewelry
5198,Sku - 5198 Weight - 1.01 Colour - Fancy Deep Brown Orange Shape - Other Clarity - I2 Measurements - 5.59X7.34X4.04 Fluoresence - None Polish - VG Symmetry - GD No Of Diamonds - 1,1.00ct Y-Z SI2 Oval GIA Natural Diamond,in stock,new,18229.43 HKD,https://colourdiam.com/diamonddetails/Menu/5198,https://www.colourdiam.com/Product/Diamond/5198/still.jpg,ColourDiam,Apparel & Accessories > Jewelry,,1,,,,unisex,,,adult,,,,,,,,,GIA,Fine Jewelry
2551,Sku - 2551 Weight - 1.01 Colour - Faint Pink Shape - Round Clarity - I1 Measurements - 5.89*6.04*4.04 Fluoresence - Med Polish -  Symmetry -  No Of Diamonds - 1,1.00ct J SI1 IGI Certified Pear Natural Diamond,in stock,new,25521.2 HKD,https://colourdiam.com/diamonddetails/Menu/2551,https://www.colourdiam.com/Product/Diamond/2551/still.jpg,ColourDiam,Apparel & Accessories > Jewelry,,1,,,,unisex,,,adult,,,,,,,,,CGL,Fine Jewelry
6049,Sku - 6049 Weight - 1 Colour - Very Light Pinkish Brown Shape - Round Clarity - SI2 Measurements - 6.06 X 6.13 X 4.08 Fluoresence - None Polish - EX Symmetry - VG No Of Diamonds - 1,1.00ct U-V VVS2 Pear Natural Diamond GIA,in stock,new,19853.83 HKD,https://colourdiam.com/diamonddetails/Menu/6049,https://www.colourdiam.com/Product/Diamond/6049/still.jpg,ColourDiam,Apparel & Accessories > Jewelry,,1,,,,unisex,,,adult,,,,,,,,,GIA,Fine Jewelry
5966,Sku - 5966 Weight - 1 Colour - Fancy Pink Brown Shape -  Clarity - VS2 Measurements - 5.87 x 6.84 x 4.20 Fluoresence - None Polish - EX Symmetry - VG No Of Diamonds - 1,1.00ct F VS1 Asscher GIA Natural Diamond,in stock,new,100171.61 HKD,https://colourdiam.com/diamonddetails/Menu/5966,https://www.colourdiam.com/Product/Diamond/5966/still.jpg,ColourDiam,Apparel & Accessories > Jewelry,,1,,,,unisex,,,adult,,,,,,,,,GIA,Fine Jewelry
4597,Sku - 4597 Weight - 1 Colour - Fancy Deep Brown Orange Shape - Pear Clarity - I1 Measurements - 7.74*5.27*3.37XX Fluoresence - None Polish - EX Symmetry - GD No Of Diamonds - 1,1.00ct I SI2 Radiant HRD Natural Diamond,in stock,new,10829.36 HKD,https://colourdiam.com/diamonddetails/Menu/4597,https://www.colourdiam.com/Product/Diamond/4597/still.jpg,ColourDiam,Apparel & Accessories > Jewelry,,1,,,,unisex,,,adult,,,,,,,,,GIA,Fine Jewelry
2779,Sku - 2779 Weight - 1 Colour - Fancy Blue Shape - Round Clarity - VVS1 Measurements - 6.21X6.18X4.04 Fluoresence - None Polish - VG Symmetry - GD No Of Diamonds - 1,1.00ct E VVS1 Cushion GIA Natural Diamond,in stock,new,3429298.51 HKD,https://colourdiam.com/diamonddetails/Menu/2779,https://www.colourdiam.com/Product/Diamond/2779/still.jpg,ColourDiam,Apparel & Accessories > Jewelry,,1,,,,unisex,,,adult,,,,,,,,,GIA,Fine Jewelry
2699,Sku - 2699 Weight - 1 Colour - Fancy White Shape - Heart Clarity -  Measurements - 5.46 x 6.53 x 3.62 Fluoresence - None Polish -  Symmetry -  No Of Diamonds - 1,1.00ct Q-R I2 GIA Round Natural Diamond,in stock,new,27073.41 HKD,https://colourdiam.com/diamonddetails/Menu/2699,https://www.colourdiam.com/Product/Diamond/2699/still.jpg,ColourDiam,Apparel & Accessories > Jewelry,,1,,,,unisex,,,adult,,,,,,,,,GIA,Fine Jewelry
2701,Sku - 2701 Weight - 1 Colour - Fancy White Shape - Pear Clarity -  Measurements - 7.75 x 4.72 x 3.25 Fluoresence - None Polish -  Symmetry -  No Of Diamonds - 1,1.00ct N SI1 GIA Oval Natural Diamond,in stock,new,27073.41 HKD,https://colourdiam.com/diamonddetails/Menu/2701,https://www.colourdiam.com/Product/Diamond/2701/still.jpg,ColourDiam,Apparel & Accessories > Jewelry,,1,,,,unisex,,,adult,,,,,,,,,GIA,Fine Jewelry
7281,Sku - 7281 Weight - 1 Colour - Faint Pink Shape - Cushion Clarity - VS1 Measurements - 6.00 x 5.02 x 3.49 Fluoresence - STG Polish - EX Symmetry - VG No Of Diamonds - 1,1.00ct Faint Pink SI2 Round GIA Natural Diamond,in stock,new,90235.67 HKD,https://colourdiam.com/diamonddetails/Menu/7281,https://www.colourdiam.com/Product/Diamond/7281/still.jpg,ColourDiam,Apparel & Accessories > Jewelry,,1,,,,unisex,,,adult,,,,,,,,,GIA,Fine Jewelry
7297,Sku - 7297 Weight - 1 Colour - Fancy Light Yellow Green Shape - Cushion Clarity - IF Measurements - 5.74 x 5.48 x 3.69 Fluoresence - STG Polish - EX Symmetry - EX No Of Diamonds - 1,1.00ct L VS1 Oval GIA Natural Diamond,in stock,new,63171.29 HKD,https://colourdiam.com/diamonddetails/Menu/7297,https://www.colourdiam.com/Product/Diamond/7297/still.jpg,ColourDiam,Apparel & Accessories > Jewelry,,1,,,,unisex,,,adult,,,,,,,,,GIA,Fine Jewelry
7334,Sku - 7334 Weight - 1 Colour - Very Light Green Shape - Heart Clarity - VS1 Measurements - 5.77 x 6.91 x 4.14 Fluoresence - STG Polish - EX Symmetry - VG No Of Diamonds - 1,1.00ct Fancy Light Yellow Heart SI2 GIA Diamond,in stock,new,27073.41 HKD,https://colourdiam.com/diamonddetails/Menu/7334,https://www.colourdiam.com/Product/Diamond/7334/still.jpg,ColourDiam,Apparel & Accessories > Jewelry,,1,,,,unisex,,,adult,,,,,,,,,GIA,Fine Jewelry
84,Sku - 84 Weight - 1 Colour - Fancy Greenish Yellow Shape - Pear Clarity - VS2 Measurements - 6.47X5.26X3.79 Fluoresence - STG Polish - G Symmetry - GD No Of Diamonds - 1,1.00ct Fancy Intense Greenish Yellow Pear Diamond I1 GIA,in stock,new,27073.41 HKD,https://colourdiam.com/diamonddetails/Menu/84,https://www.colourdiam.com/Product/Diamond/84/still.jpg,ColourDiam,Apparel & Accessories > Jewelry,,1,,,,unisex,,,adult,,,,,,,,,GIA,Fine Jewelry
5458,Sku - 5458 Weight - 1 Colour - Fancy Light Yellow Green Shape - Oval Clarity - SI2 Measurements - 6.74 X 5.26 X 3.09 Fluoresence - None Polish - VG Symmetry - F No Of Diamonds - 1,1.00ct Faint Pink VS1 Cushion GIA Natural Diamond,in stock,new,15341.6 HKD,https://colourdiam.com/diamonddetails/Menu/5458,https://www.colourdiam.com/Product/Diamond/5458/still.jpg,ColourDiam,Apparel & Accessories > Jewelry,,1,,,,unisex,,,adult,,,,,,,,,GIA,Fine Jewelry
5543,Sku - 5543 Weight - 1 Colour - Fancy Deep Green Shape - Oval Clarity - I1 Measurements - 7.13 x 5.44 x 3.14 Fluoresence - Fnt Polish - EX Symmetry - F No Of Diamonds - 1,1.00ct Fancy Light Yellow Green IF Cushion GIA Diamond,in stock,new,1137083.19 HKD,https://colourdiam.com/diamonddetails/Menu/5543,https://www.colourdiam.com/Product/Diamond/5543/still.jpg,ColourDiam,Apparel & Accessories > Jewelry,,1,,,,unisex,,,adult,,,,,,,,,GIA,Fine Jewelry
4514,Sku - 4514 Weight - 1 Colour - Fancy Light Yellow Shape - Heart Clarity - SI2 Measurements - 5.86*6.64*3.45 Fluoresence - Med Polish - VG Symmetry - VG No Of Diamonds - 1,1.00ct Very Light Green Heart VS1 GIA Natural Diamond,in stock,new,10829.36 HKD,https://colourdiam.com/diamonddetails/Menu/4514,https://www.colourdiam.com/Product/Diamond/4514/still.jpg,ColourDiam,Apparel & Accessories > Jewelry,,1,,,,unisex,,,adult,,,,,,,,,GIA,Fine Jewelry
7087,Sku - 7087 Weight - 1 Colour - Fancy Intense Greenish Yellow Shape - Pear Clarity - I1 Measurements - 7.91 X 5.07 X 3.39 Fluoresence - STG Polish - G Symmetry - GD No Of Diamonds - 1,1.00ct Faint Pink Pear VVS1 GIA Natural Diamond,in stock,new,20052.37 HKD,https://colourdiam.com/diamonddetails/Menu/7087,https://www.colourdiam.com/Product/Diamond/7087/still.jpg,ColourDiam,Apparel & Accessories > Jewelry,,1,,,,unisex,,,adult,,,,,,,,,GIA,Fine Jewelry
5567,Sku - 5567 Weight - 1 Colour - Faint Pink Shape - Pear Clarity - VVS1 Measurements - 7.15X5.14X3.59 Fluoresence - None Polish - VG Symmetry - VG No Of Diamonds - 1,1.00ct Fancy Light Pink Radiant VS1 CGL Diamond,in stock,new,99269.17 HKD,https://colourdiam.com/diamonddetails/Menu/5567,https://www.colourdiam.com/Product/Diamond/5567/still.jpg,ColourDiam,Apparel & Accessories > Jewelry,,1,,,,unisex,,,adult,,,,,,,,,GIA,Fine Jewelry
176,Sku - 176 Weight - 1 Colour - Fancy Light Pink Shape - Radiant Clarity - VS1 Measurements - 8.41X3.89X2.99 Fluoresence - None Polish -  Symmetry -  No Of Diamonds - 1,1.00ct Fancy Brown Greenish Yellow SI2 Round Diamond GIA,in stock,new,406101.14 HKD,https://colourdiam.com/diamonddetails/Menu/176,https://www.colourdiam.com/Product/Diamond/176/still.jpg,ColourDiam,Apparel & Accessories > Jewelry,,1,,,,unisex,,,adult,,,,,,,,,CGL,Fine Jewelry
5534,Sku - 5534 Weight - 1 Colour - Fancy Brown Greenish Yellow Shape - Round Clarity - SI2 Measurements - 5.91 X 6.00 X 4.18 Fluoresence - Fnt Polish - G Symmetry - GD No Of Diamonds - 1,1.00ct Fancy Brownish Yellow Cushion Diamond SI2 GIA,in stock,new,7670.8 HKD,https://colourdiam.com/diamonddetails/Menu/5534,https://www.colourdiam.com/Product/Diamond/5534/still.jpg,ColourDiam,Apparel & Accessories > Jewelry,,1,,,,unisex,,,adult,,,,,,,,,GIA,Fine Jewelry
4555,Sku - 4555 Weight - 1 Colour - Fancy Brownish Yellow Shape - Cushion Clarity - SI2 Measurements - 5.60*5.23*3.77 Fluoresence - Med Polish - G Symmetry - GD No Of Diamonds - 1,1.00ct Fancy Yellow Heart VS2 GIA Natural Diamond,in stock,new,8122.02 HKD,https://colourdiam.com/diamonddetails/Menu/4555,https://www.colourdiam.com/Product/Diamond/4555/still.jpg,ColourDiam,Apparel & Accessories > Jewelry,,1,,,,unisex,,,adult,,,,,,,,,GIA,Fine Jewelry
6117,Sku - 6117 Weight - 1 Colour - Fancy Yellow Shape - Heart Clarity - VS2 Measurements - 5.68 x 6.70 x 3.32 Fluoresence - None Polish - EX Symmetry - VG No Of Diamonds - 1,1.00ct Fancy Light Yellow Heart VS1 GIA Diamond,in stock,new,22561.17 HKD,https://colourdiam.com/diamonddetails/Menu/6117,https://www.colourdiam.com/Product/Diamond/6117/still.jpg,ColourDiam,Apparel & Accessories > Jewelry,,1,,,,unisex,,,adult,,,,,,,,,GIA,Fine Jewelry
6121,Sku - 6121 Weight - 1 Colour - Fancy Light Yellow Shape - Heart Clarity - VS1 Measurements - 5.54 x 6.28 x 3.50 Fluoresence - None Polish - EX Symmetry - VG No Of Diamonds - 1,1.00ct Fancy Brownish Pink Cushion Diamond GIA I2,in stock,new,17597.72 HKD,https://colourdiam.com/diamonddetails/Menu/6121,https://www.colourdiam.com/Product/Diamond/6121/still.jpg,ColourDiam,Apparel & Accessories > Jewelry,,1,,,,unisex,,,adult,,,,,,,,,GIA,Fine Jewelry
6261,Sku - 6261 Weight - 1 Colour - Fancy Brownish Pink Shape - Cushion Clarity - I2 Measurements - 5.73 X 5.44 X 3.51 Fluoresence - None Polish - EX Symmetry - GD No Of Diamonds - 1,1.00ct Fancy Intense Yellow Cushion SI2 GIA Diamond,in stock,new,32488.09 HKD,https://colourdiam.com/diamonddetails/Menu/6261,https://www.colourdiam.com/Product/Diamond/6261/still.jpg,ColourDiam,Apparel & Accessories > Jewelry,,1,,,,unisex,,,adult,,,,,,,,,GIA,Fine Jewelry
7048,Sku - 7048 Weight - 1 Colour - Fancy Intense Yellow Shape - Cushion Clarity - SI2 Measurements - 6.04X5.15X3.6 Fluoresence - None Polish - VG Symmetry - GD No Of Diamonds - 1,1.00ct Very Light Pinkish Brown Round Diamond SI2,in stock,new,32488.09 HKD,https://colourdiam.com/diamonddetails/Menu/7048,https://www.colourdiam.com/Product/Diamond/7048/still.jpg,ColourDiam,Apparel & Accessories > Jewelry,,1,,,,unisex,,,adult,,,,,,,,,GIA,Fine Jewelry
7578,Sku - 7578 Weight - 1 Colour - Y-Z Shape - Oval Clarity - SI2 Measurements - 8.43X5.34X3.38 Fluoresence - STG Polish - EX Symmetry - VG No Of Diamonds - 1,1.00ct Fancy White Pear GIA Natural Diamond,in stock,new,7264.7 HKD,https://colourdiam.com/diamonddetails/Menu/7578,https://www.colourdiam.com/Product/Diamond/7578/still.jpg,ColourDiam,Apparel & Accessories > Jewelry,,1,,,,unisex,,,adult,,,,,,,,,GIA,Fine Jewelry
8317,Sku - 8317 Weight - 1 Colour - J Shape - Pear Clarity - SI1 Measurements - 8.79 x 5.74 x 3.21 Fluoresence - None Polish - VG Symmetry - VG No Of Diamonds - 1,1.00ct Fancy Pink Brown VS2 GIA Natural Diamond,in stock,new,8122.02 HKD,https://colourdiam.com/diamonddetails/Menu/8317,https://www.colourdiam.com/Product/Diamond/8317/still.jpg,ColourDiam,Apparel & Accessories > Jewelry,,1,,,,unisex,,,adult,,,,,,,,,IGI,Fine Jewelry
7046,Sku - 7046 Weight - 1 Colour - U-V Shape - Pear Clarity - VVS2 Measurements - 9.08X5.19X2.94 Fluoresence - None Polish - VG Symmetry - GD No Of Diamonds - 1,1.00ct Fancy Deep Brown Orange Pear Diamond GIA I1,in stock,new,11280.59 HKD,https://colourdiam.com/diamonddetails/Menu/7046,https://www.colourdiam.com/Product/Diamond/7046/still.jpg,ColourDiam,Apparel & Accessories > Jewelry,,1,,,,unisex,,,adult,,,,,,,,,GIA,Fine Jewelry
3402,Sku - 3402 Weight - 1 Colour - I Shape - Radiant Clarity - SI2 Measurements - 6.12*4.96*3.46 Fluoresence - None Polish - EX Symmetry - VG No Of Diamonds - 1,1.00ct Fancy Blue VVS1 Round GIA Natural Diamond,in stock,new,15567.21 HKD,https://colourdiam.com/diamonddetails/Menu/3402,https://www.colourdiam.com/Product/Diamond/3402/still.jpg,ColourDiam,Apparel & Accessories > Jewelry,,1,,,,unisex,,,adult,,,,,,,,,HRD,Fine Jewelry
9530,Sku - 9530 Weight - 1 Colour - L Shape - Oval Clarity - VS1 Measurements - 7.25 X 5.1 X 3.48 Fluoresence - None Polish - EX Symmetry - VG No Of Diamonds - 1,1.00 Carat Heart Fancy White GIA Diamond,in stock,new,6317.13 HKD,https://colourdiam.com/diamonddetails/Menu/9530,https://www.colourdiam.com/Product/Diamond/9530/still.jpg,ColourDiam,Apparel & Accessories > Jewelry,,1,,,,unisex,,,adult,,,,,,,,,GIA,Fine Jewelry
8589,Sku - 8589 Weight - 1 Colour - W-X Shape - Oval Clarity - I1 Measurements - 7.81 x 5.75 x 3.27 Fluoresence - Fnt Polish - VG Symmetry - VG No Of Diamonds - 1,1.00ct Fancy Greenish Yellow Pear VS2 GIA Diamond,in stock,new,9024.47 HKD,https://colourdiam.com/diamonddetails/Menu/8589,https://www.colourdiam.com/Product/Diamond/8589/still.jpg,ColourDiam,Apparel & Accessories > Jewelry,,1,,,,unisex,,,adult,,,,,,,,,GIA,Fine Jewelry
6045,Sku - 6045 Weight - 1 Colour - Q-R Shape - Round Clarity - I2 Measurements - 6.35 X 6.29 X 3.84 Fluoresence - STG Polish - G Symmetry - GD No Of Diamonds - 1,1.00ct Fancy Light Yellow Green Oval Diamond GIA SI2,in stock,new,8122.02 HKD,https://colourdiam.com/diamonddetails/Menu/6045,https://www.colourdiam.com/Product/Diamond/6045/still.jpg,ColourDiam,Apparel & Accessories > Jewelry,,1,,,,unisex,,,adult,,,,,,,,,GIA,Fine Jewelry
6161,Sku - 6161 Weight - 1 Colour - E Shape - Cushion Clarity - VVS1 Measurements - 6.08 X 5.55 X 3.40 Fluoresence - Med Polish - EX Symmetry - EX No Of Diamonds - 1,1.00ct Fancy Deep Green Oval Diamond GIA,in stock,new,34292.99 HKD,https://colourdiam.com/diamonddetails/Menu/6161,https://www.colourdiam.com/Product/Diamond/6161/still.jpg,ColourDiam,Apparel & Accessories > Jewelry,,1,,,,unisex,,,adult,,,,,,,,,GIA,Fine Jewelry
9533,Sku - 9533 Weight - 1 Colour - N Shape - Oval Clarity - SI1 Measurements - 7.5 X 5.11 X 3.27 Fluoresence - None Polish - EX Symmetry - VG No Of Diamonds - 1,0.96ct D SI1 Cushion Natural Diamond GIA,in stock,new,5685.42 HKD,https://colourdiam.com/diamonddetails/Menu/9533,https://www.colourdiam.com/Product/Diamond/9533/still.jpg,ColourDiam,Apparel & Accessories > Jewelry,,1,,,,unisex,,,adult,,,,,,,,,GIA,Fine Jewelry
9137,Sku - 9137 Weight - 1 Colour - Fancy Light Green Yellow Shape - Oval Clarity - SI2 Measurements - 7.14 X5.00 X 3.42 Fluoresence - STG Polish - EX Symmetry - VG No Of Diamonds - 1,0.96ct Very Light Pinkish Brown SI2 Round Diamond GIA,in stock,new,22561.17 HKD,https://colourdiam.com/diamonddetails/Menu/9137,https://www.colourdiam.com/Product/Diamond/9137/still.jpg,ColourDiam,Apparel & Accessories > Jewelry,,1,,,,unisex,,,adult,,,,,,,,,GIA,Fine Jewelry
9261,Sku - 9261 Weight - 1 Colour - Very Light Pink Shape - Marquise Clarity - SI2 Measurements - 9.32 x 5.16 x 3.53 Fluoresence - None Polish - EX Symmetry - VG No Of Diamonds - 1,0.96ct Fancy Deep Yellow Cushion GIA Diamond,in stock,new,90244.7 HKD,https://colourdiam.com/diamonddetails/Menu/9261,https://www.colourdiam.com/Product/Diamond/9261/still.jpg,ColourDiam,Apparel & Accessories > Jewelry,,1,,,,unisex,,,adult,,,,,,,,,GIA,Fine Jewelry
9332,Sku - 9332 Weight - 1 Colour - Fancy Light Pinkish Brown Shape - Oval Clarity - SI2 Measurements - 6.98 x 5.37 x 3.39 Fluoresence - None Polish - G Symmetry - GD No Of Diamonds - 1,0.94ct M I2 Round GIA Natural Diamond,in stock,new,20052.37 HKD,https://colourdiam.com/diamonddetails/Menu/9332,https://www.colourdiam.com/Product/Diamond/9332/still.jpg,ColourDiam,Apparel & Accessories > Jewelry,,1,,,,unisex,,,adult,,,,,,,,,GIA,Fine Jewelry
9475,Sku - 9475 Weight - 1 Colour - Light Pink Shape - Round Clarity - IF Measurements - 6.46 x 6.48 x 3.94 Fluoresence - None Polish - EX Symmetry - VG No Of Diamonds - 1,0.93ct U-V I3 Round GIA Natural Diamond,in stock,new,433174.55 HKD,https://colourdiam.com/diamonddetails/Menu/9475,https://www.colourdiam.com/Product/Diamond/9475/still.jpg,ColourDiam,Apparel & Accessories > Jewelry,,1,,,,unisex,,,adult,,,,,,,,,GIA,Fine Jewelry
9505,Sku - 9505 Weight - 1 Colour - Fancy Brownish Greenish Yellow Shape - Radiant Clarity - VS2 Measurements - 6.23x4.85x3.40 Fluoresence - None Polish - VG Symmetry - GD No Of Diamonds - 1,0.92ct Fancy Light Bluish Green Radiant Diamond VS1 GIA,in stock,new,13987.93 HKD,https://colourdiam.com/diamonddetails/Menu/9505,https://www.colourdiam.com/Product/Diamond/9505/still.jpg,ColourDiam,Apparel & Accessories > Jewelry,,1,,,,unisex,,,adult,,,,,,,,,GIA,Fine Jewelry
9551,Sku - 9551 Weight - 1 Colour - Faint Pink Shape - Round Clarity - SI2 Measurements - 6.33 - 6.37 x 4.01 Fluoresence - Med Polish - EX Symmetry - EX No Of Diamonds - 1,0.92ct Fancy Light Green-Yellow SI1 GIA Round Diamond,in stock,new,36097.88 HKD,https://colourdiam.com/diamonddetails/Menu/9551,https://www.colourdiam.com/Product/Diamond/9551/still.jpg,ColourDiam,Apparel & Accessories > Jewelry,,1,,,,unisex,,,adult,,,,,,,,,GIA,Fine Jewelry
6018,Sku - 6018 Weight - 0.96 Colour - Very Light Pinkish Brown Shape - Round Clarity - SI2 Measurements - 6.31 X 6.32 X 3.90 Fluoresence - None Polish - EX Symmetry - EX No Of Diamonds - 1,0.92ct Fancy Gray Greenish Yellow GIA Diamond,in stock,new,14294.76 HKD,https://colourdiam.com/diamonddetails/Menu/6018,https://www.colourdiam.com/Product/Diamond/6018/still.jpg,ColourDiam,Apparel & Accessories > Jewelry,,1,,,,unisex,,,adult,,,,,,,,,GIA,Fine Jewelry
3365,Sku - 3365 Weight - 0.96 Colour - Fancy Deep Yellow Shape - Cushion Clarity - I1 Measurements - 5.48*5.33*3.57 Fluoresence - Med Polish - VG Symmetry - VG No Of Diamonds - 1,0.91ct S-T Emerald SI2 GIA Natural Diamond,in stock,new,8654.86 HKD,https://colourdiam.com/diamonddetails/Menu/3365,https://www.colourdiam.com/Product/Diamond/3365/still.jpg,ColourDiam,Apparel & Accessories > Jewelry,,1,,,,unisex,,,adult,,,,,,,,,GIA,Fine Jewelry
6043,Sku - 6043 Weight - 0.94 Colour - M Shape - Round Clarity - I2 Measurements - 5.90 X 5.94 X 4.09 Fluoresence - None Polish - G Symmetry - GD No Of Diamonds - 1,0.91ct Very Light Pink Cushion VS1 GIA Diamond,in stock,new,6591.32 HKD,https://colourdiam.com/diamonddetails/Menu/6043,https://www.colourdiam.com/Product/Diamond/6043/still.jpg,ColourDiam,Apparel & Accessories > Jewelry,,1,,,,unisex,,,adult,,,,,,,,,GIA,Fine Jewelry
6046,Sku - 6046 Weight - 0.93 Colour - U-V Shape - Round Clarity - I3 Measurements - 5.90 X 5.80 X 4.07 Fluoresence - Fnt Polish - G Symmetry - F No Of Diamonds - 1,0.91ct Fancy Brownish Yellow I1 Round GIA Diamond,in stock,new,6521.16 HKD,https://colourdiam.com/diamonddetails/Menu/6046,https://www.colourdiam.com/Product/Diamond/6046/still.jpg,ColourDiam,Apparel & Accessories > Jewelry,,1,,,,unisex,,,adult,,,,,,,,,GIA,Fine Jewelry
2113,Sku - 2113 Weight - 0.92 Colour - Fancy Light Bluish Green Shape - Radiant Clarity - VS1 Measurements - 5.98X5.36X3.54 Fluoresence - STG Polish - G Symmetry - GD No Of Diamonds - 1,0.90ct Fancy Yellow Cushion SI2 GIA Natural Diamond,in stock,new,149445.22 HKD,https://colourdiam.com/diamonddetails/Menu/2113,https://www.colourdiam.com/Product/Diamond/2113/still.jpg,ColourDiam,Apparel & Accessories > Jewelry,,1,,,,unisex,,,adult,,,,,,,,,GIA,Fine Jewelry
5532,Sku - 5532 Weight - 0.92 Colour - Fancy Light Brownish Greenish Yellow Shape - Round Clarity - SI1 Measurements - 5.84-5.94x4.01 Fluoresence - Fnt Polish - VG Symmetry - GD No Of Diamonds - 1,0.90ct Fancy Light Yellow Radiant SI2 GIA Diamond,in stock,new,8302.51 HKD,https://colourdiam.com/diamonddetails/Menu/5532,https://www.colourdiam.com/Product/Diamond/5532/still.jpg,ColourDiam,Apparel & Accessories > Jewelry,,1,,,,unisex,,,adult,,,,,,,,,GIA,Fine Jewelry
5746,Sku - 5746 Weight - 0.92 Colour - Fancy Gray Greenish Yellow Shape - Round Clarity - I3 Measurements - 6.00X6.07X3.87 Fluoresence - STG Polish - G Symmetry - F No Of Diamonds - 1,0.90ct E SI1 Cushion GIA Natural Diamond,in stock,new,8302.51 HKD,https://colourdiam.com/diamonddetails/Menu/5746,https://www.colourdiam.com/Product/Diamond/5746/still.jpg,ColourDiam,Apparel & Accessories > Jewelry,,1,,,,unisex,,,adult,,,,,,,,,GIA,Fine Jewelry
5024,Sku - 5024 Weight - 0.91 Colour - S-T Shape - Emerald Clarity - SI2 Measurements - 6.85*4.47*2.94 Fluoresence - Med Polish - EX Symmetry - GD No Of Diamonds - 1,0.90ct E VS2 GIA Cushion Natural Diamond,in stock,new,6159.24 HKD,https://colourdiam.com/diamonddetails/Menu/5024,https://www.colourdiam.com/Product/Diamond/5024/still.jpg,ColourDiam,Apparel & Accessories > Jewelry,,1,,,,unisex,,,adult,,,,,,,,,GIA,Fine Jewelry
9080,Sku - 9080 Weight - 0.91 Colour - Very Light Pink Shape - Cushion Clarity - VS1 Measurements - 5.23 x 5.06 x 3.54 Fluoresence - None Polish - EX Symmetry - VG No Of Diamonds - 1,0.89ct Fancy Intense Orangy Yellow Pear Diamond GIA,in stock,new,82122.67 HKD,https://colourdiam.com/diamonddetails/Menu/9080,https://www.colourdiam.com/Product/Diamond/9080/still.jpg,ColourDiam,Apparel & Accessories > Jewelry,,1,,,,unisex,,,adult,,,,,,,,,GIA,Fine Jewelry
3604,Sku - 3604 Weight - 0.91 Colour - Fancy Brownish Yellow Shape - Round Clarity - I1 Measurements - 6.02X6.04 x 3.89 Fluoresence - Med Polish - VG Symmetry - VG No Of Diamonds - 1,0.88ct Light Green Pear SI1 GIA Natural Diamond,in stock,new,72990.62 HKD,https://colourdiam.com/diamonddetails/Menu/3604,https://www.colourdiam.com/Product/Diamond/3604/still.jpg,ColourDiam,Apparel & Accessories > Jewelry,,1,,,,unisex,,,adult,,,,,,,,,GIA,Fine Jewelry
462,Sku - 462 Weight - 0.9 Colour - Fancy Yellow Shape - Cushion Clarity - SI2 Measurements - 5.61X5.09X3.62 Fluoresence - Med Polish - G Symmetry - GD No Of Diamonds - 1,0.86ct Fancy Light Yellowish Green SI1 Pear Diamond GIA,in stock,new,12183.03 HKD,https://colourdiam.com/diamonddetails/Menu/462,https://www.colourdiam.com/Product/Diamond/462/still.jpg,ColourDiam,Apparel & Accessories > Jewelry,,1,,,,unisex,,,adult,,,,,,,,,GIA,Fine Jewelry
3664,Sku - 3664 Weight - 0.9 Colour - Fancy Light Yellow Shape - Radiant Clarity - SI2 Measurements - 4.85X5.28X3.59 Fluoresence - None Polish - EX Symmetry - EX No Of Diamonds - 1,0.82ct Fancy Yellowish Green Pear Diamond GIA,in stock,new,9340.33 HKD,https://colourdiam.com/diamonddetails/Menu/3664,https://www.colourdiam.com/Product/Diamond/3664/still.jpg,ColourDiam,Apparel & Accessories > Jewelry,,1,,,,unisex,,,adult,,,,,,,,,GIA,Fine Jewelry
9591,Sku - 9591 Weight - 0.9 Colour - D Shape - Cushion Clarity - VS1 Measurements - 5.40 - 5.44 X 3.64 Fluoresence - None Polish - EX Symmetry - EX No Of Diamonds - 1,0.81ct Fancy Purple Pink VS2 Heart GIA Diamond,in stock,new,0 HKD,https://colourdiam.com/diamonddetails/Menu/9591,https://www.colourdiam.com/Product/Diamond/9591/still.jpg,ColourDiam,Apparel & Accessories > Jewelry,,1,,,,unisex,,,adult,,,,,,,,,GIA,Fine Jewelry
3351,Sku - 3351 Weight - 0.89 Colour - Fancy Intense Orangy Yellow Shape - Pear Clarity - I1 Measurements - 7.62X5.15X3.19 Fluoresence - STG Polish - VG Symmetry - VG No Of Diamonds - 1,0.80ct Faint Pinkish Brown SI1 Pear Diamond GIA,in stock,new,12047.67 HKD,https://colourdiam.com/diamonddetails/Menu/3351,https://www.colourdiam.com/Product/Diamond/3351/still.jpg,ColourDiam,Apparel & Accessories > Jewelry,,1,,,,unisex,,,adult,,,,,,,,,GIA,Fine Jewelry
4716,Sku - 4716 Weight - 0.88 Colour - Light Green Shape - Pear Clarity - SI1 Measurements - 7.77X5.23X3.06 Fluoresence - Fnt Polish - VG Symmetry - VG No Of Diamonds - 1,0.80ct Faint Green Radiant VS1 GIA Diamond,in stock,new,27795.37 HKD,https://colourdiam.com/diamonddetails/Menu/4716,https://www.colourdiam.com/Product/Diamond/4716/still.jpg,ColourDiam,Apparel & Accessories > Jewelry,,1,,,,unisex,,,adult,,,,,,,,,GIA,Fine Jewelry
4746,Sku - 4746 Weight - 0.86 Colour - Fancy Light Yellowish Green Shape - Pear Clarity - SI1 Measurements - 7.21X5.41X3.1 Fluoresence - Fnt Polish - VG Symmetry - VG No Of Diamonds - 1,0.80ct Faint Pink Round SI2 GIA Natural Diamond,in stock,new,27163.65 HKD,https://colourdiam.com/diamonddetails/Menu/4746,https://www.colourdiam.com/Product/Diamond/4746/still.jpg,ColourDiam,Apparel & Accessories > Jewelry,,1,,,,unisex,,,adult,,,,,,,,,GIA,Fine Jewelry
4749,Sku - 4749 Weight - 0.82 Colour - Fancy Yellowish Green Shape - Pear Clarity - SI2 Measurements - 8.41X6.05X2.43 Fluoresence - None Polish - G Symmetry - GD No Of Diamonds - 1,0.78ct Fancy Yellow Oval GIA Diamond,in stock,new,25900.23 HKD,https://colourdiam.com/diamonddetails/Menu/4749,https://www.colourdiam.com/Product/Diamond/4749/still.jpg,ColourDiam,Apparel & Accessories > Jewelry,,1,,,,unisex,,,adult,,,,,,,,,GIA,Fine Jewelry
8740,Sku - 8740 Weight - 0.81 Colour - Fancy Purple Pink Shape - Heart Clarity - VS2 Measurements - 5.59x6.26x3.28 Fluoresence - None Polish - VG Symmetry - VG No Of Diamonds - 1,0.77ct Light Pink Pear GIA Natural Diamond,in stock,new,292392.82 HKD,https://colourdiam.com/diamonddetails/Menu/8740,https://www.colourdiam.com/Product/Diamond/8740/still.jpg,ColourDiam,Apparel & Accessories > Jewelry,,1,,,,unisex,,,adult,,,,,,,,,GIA,Fine Jewelry
9246,Sku - 9246 Weight - 0.8 Colour - Faint Pinkish Brown Shape - Pear Clarity - SI1 Measurements - 7.86 X 5.09 X 3.19 Fluoresence - None Polish - EX Symmetry - EX No Of Diamonds - 1,0.76ct Fancy White Cushion GIA Diamond,in stock,new,12995.24 HKD,https://colourdiam.com/diamonddetails/Menu/9246,https://www.colourdiam.com/Product/Diamond/9246/still.jpg,ColourDiam,Apparel & Accessories > Jewelry,,1,,,,unisex,,,adult,,,,,,,,,GIA,Fine Jewelry
4726,Sku - 4726 Weight - 0.8 Colour - Faint Green Shape - Radiant Clarity - VS1 Measurements - 6.67X4.3X2.95 Fluoresence - None Polish - G Symmetry - VG No Of Diamonds - 1,0.75ct Light Green Pear SI1 GIA Diamond,in stock,new,21658.73 HKD,https://colourdiam.com/diamonddetails/Menu/4726,https://www.colourdiam.com/Product/Diamond/4726/still.jpg,ColourDiam,Apparel & Accessories > Jewelry,,1,,,,unisex,,,adult,,,,,,,,,GIA,Fine Jewelry
2418,Sku - 2418 Weight - 0.8 Colour - Faint Pink Shape - Round Clarity - SI2 Measurements - 5.95X5.91X3.73 Fluoresence - Fnt Polish - EX Symmetry - EX No Of Diamonds - 1,0.74ct Fancy Light Yellow Brown Pear SI1 GIA Diamond,in stock,new,21658.73 HKD,https://colourdiam.com/diamonddetails/Menu/2418,https://www.colourdiam.com/Product/Diamond/2418/still.jpg,ColourDiam,Apparel & Accessories > Jewelry,,1,,,,unisex,,,adult,,,,,,,,,GIA,Fine Jewelry
5718,Sku - 5718 Weight - 0.78 Colour - Fancy Yellow Shape - Oval Clarity - I1 Measurements - 6.54x4.77x3.25 Fluoresence - Med Polish - G Symmetry - GD No Of Diamonds - 1,0.73ct Fancy Deep Yellow Orange Marquise Diamond GIA I1,in stock,new,5279.31 HKD,https://colourdiam.com/diamonddetails/Menu/5718,https://www.colourdiam.com/Product/Diamond/5718/still.jpg,ColourDiam,Apparel & Accessories > Jewelry,,1,,,,unisex,,,adult,,,,,,,,,GIA,Fine Jewelry
667,Sku - 667 Weight - 0.77 Colour - Light Pink Shape - Pear Clarity -  Measurements - 7.29 x 5.10 x 3.27 Fluoresence - None Polish -  Symmetry -  No Of Diamonds - 1,0.73ct Fancy White Round GIA Diamond,in stock,new,104232.63 HKD,https://colourdiam.com/diamonddetails/Menu/667,https://www.colourdiam.com/Product/Diamond/667/still.jpg,ColourDiam,Apparel & Accessories > Jewelry,,1,,,,unisex,,,adult,,,,,,,,,GIA,Fine Jewelry
7902,Sku - 7902 Weight - 0.76 Colour - Fancy White Shape - Cushion Clarity -  Measurements - 5.12 x 5.07 x 3.59 Fluoresence -  Polish -  Symmetry -  No Of Diamonds - 1,0.72ct Faint Pink SI1 Round GIA Diamond,in stock,new,8230.32 HKD,https://colourdiam.com/diamonddetails/Menu/7902,https://www.colourdiam.com/Product/Diamond/7902/still.jpg,ColourDiam,Apparel & Accessories > Jewelry,,1,,,,unisex,,,adult,,,,,,,,,GIA,Fine Jewelry
4721,Sku - 4721 Weight - 0.75 Colour - Light Green Shape - Pear Clarity - SI1 Measurements - 7.66X4.88X2.9 Fluoresence - Fnt Polish - G Symmetry - GD No Of Diamonds - 1,0.72 Carat F VVS1 Radiant GIA Natural Diamond,in stock,new,23689.23 HKD,https://colourdiam.com/diamonddetails/Menu/4721,https://www.colourdiam.com/Product/Diamond/4721/still.jpg,ColourDiam,Apparel & Accessories > Jewelry,,1,,,,unisex,,,adult,,,,,,,,,GIA,Fine Jewelry
5907,Sku - 5907 Weight - 0.74 Colour - Fancy Light Yellow Brown Shape - Pear Clarity - SI1 Measurements - 7.32 X 4.92 X 2.93 Fluoresence - Fnt Polish - VG Symmetry - F No Of Diamonds - 1,0.72ct Faint Pink SI2 Round GIA Natural Diamond,in stock,new,4674.68 HKD,https://colourdiam.com/diamonddetails/Menu/5907,https://www.colourdiam.com/Product/Diamond/5907/still.jpg,ColourDiam,Apparel & Accessories > Jewelry,,1,,,,unisex,,,adult,,,,,,,,,GIA,Fine Jewelry
1448,Sku - 1448 Weight - 0.73 Colour - Fancy Deep Yellow Orange Shape - Marquise Clarity - I1 Measurements - 8.81X4.82X2.99 Fluoresence - Fnt Polish - G Symmetry - GD No Of Diamonds - 1,0.72ct Fancy Intense Yellow SI2 Round GIA Diamond,in stock,new,23057.52 HKD,https://colourdiam.com/diamonddetails/Menu/1448,https://www.colourdiam.com/Product/Diamond/1448/still.jpg,ColourDiam,Apparel & Accessories > Jewelry,,1,,,,unisex,,,adult,,,,,,,,,GIA,Fine Jewelry
360,Sku - 360 Weight - 0.73 Colour - Fancy White Shape - Round Clarity -  Measurements - 5.53 x 5.56 x 3.78 Fluoresence - None Polish -  Symmetry -  No Of Diamonds - 1,0.72ct Faint Green VVS2 Round Natural Diamond,in stock,new,19763.59 HKD,https://colourdiam.com/diamonddetails/Menu/360,https://www.colourdiam.com/Product/Diamond/360/still.jpg,ColourDiam,Apparel & Accessories > Jewelry,,1,,,,unisex,,,adult,,,,,,,,,GIA,Fine Jewelry
9181,Sku - 9181 Weight - 0.72 Colour - Faint Pink Shape - Round Clarity - SI1 Measurements - 5.70 - 5.72 x 3.58 Fluoresence - None Polish - EX Symmetry - EX No Of Diamonds - 1,0.71ct Fancy Light Grayish Green VS2 Cushion GIA Diamond,in stock,new,19492.85 HKD,https://colourdiam.com/diamonddetails/Menu/9181,https://www.colourdiam.com/Product/Diamond/9181/still.jpg,ColourDiam,Apparel & Accessories > Jewelry,,1,,,,unisex,,,adult,,,,,,,,,GIA,Fine Jewelry
6165,Sku - 6165 Weight - 0.72 Colour - F Shape - Radiant Clarity - VVS1 Measurements - 5.47 x 4.42 x 3.15 Fluoresence - STG Polish - EX Symmetry - EX No Of Diamonds - 1,0.71ct Fancy Purplish Pink Oval SI2 GIA Diamond,in stock,new,14294.76 HKD,https://colourdiam.com/diamonddetails/Menu/6165,https://www.colourdiam.com/Product/Diamond/6165/still.jpg,ColourDiam,Apparel & Accessories > Jewelry,,1,,,,unisex,,,adult,,,,,,,,,GIA,Fine Jewelry
6685,Sku - 6685 Weight - 0.72 Colour - Faint Pink Shape - Round Clarity - SI2 Measurements - 5.68-5.72*3.57 Fluoresence - None Polish - EX Symmetry - EX No Of Diamonds - 1,0.71ct Light Pink Heart SI2 GIA Natural Diamond,in stock,new,22741.66 HKD,https://colourdiam.com/diamonddetails/Menu/6685,https://www.colourdiam.com/Product/Diamond/6685/still.jpg,ColourDiam,Apparel & Accessories > Jewelry,,1,,,,unisex,,,adult,,,,,,,,,GIA,Fine Jewelry
7168,Sku - 7168 Weight - 0.72 Colour - Fancy Intense Yellow Shape - Round Clarity - SI2 Measurements - 5.90 x 5.95 x 3.41 Fluoresence - None Polish - VG Symmetry - VG No Of Diamonds - 1,0.70ct Fancy Vivid Orange Yellow Cushion Diamond GIA,in stock,new,57750.8 HKD,https://colourdiam.com/diamonddetails/Menu/7168,https://www.colourdiam.com/Product/Diamond/7168/still.jpg,ColourDiam,Apparel & Accessories > Jewelry,,1,,,,unisex,,,adult,,,,,,,,,GIA,Fine Jewelry
4698,Sku - 4698 Weight - 0.71 Colour - Fancy Light Grayish Green Shape - Cushion Clarity - VS2 Measurements - 5.12X4.6X3.22 Fluoresence - None Polish - VG Symmetry - VG No Of Diamonds - 1,0.70ct D SI1 Radiant GIA Natural Diamond,in stock,new,16018.43 HKD,https://colourdiam.com/diamonddetails/Menu/4698,https://www.colourdiam.com/Product/Diamond/4698/still.jpg,ColourDiam,Apparel & Accessories > Jewelry,,1,,,,unisex,,,adult,,,,,,,,,GIA,Fine Jewelry
7178,Sku - 7178 Weight - 0.71 Colour - Fancy Purplish Pink Shape - Oval Clarity - SI2 Measurements - 7.31 X 4.50 X 2.70 Fluoresence - None Polish - VG Symmetry - VG No Of Diamonds - 1,0.7 Carat Faint Pink Pear GIA Natural Diamond,in stock,new,182610.15 HKD,https://colourdiam.com/diamonddetails/Menu/7178,https://www.colourdiam.com/Product/Diamond/7178/still.jpg,ColourDiam,Apparel & Accessories > Jewelry,,1,,,,unisex,,,adult,,,,,,,,,GIA,Fine Jewelry
5233,Sku - 5233 Weight - 0.71 Colour - Light Pink Shape - Heart Clarity - SI2 Measurements - 4.96 x 5.74 x 3.29 Fluoresence - None Polish - G Symmetry - GD No Of Diamonds - 1,0.70ct E SI1 EX GIA Round Natural Diamond,in stock,new,44851.61 HKD,https://colourdiam.com/diamonddetails/Menu/5233,https://www.colourdiam.com/Product/Diamond/5233/still.jpg,ColourDiam,Apparel & Accessories > Jewelry,,1,,,,unisex,,,adult,,,,,,,,,GIA,Fine Jewelry
8752,Sku - 8752 Weight - 0.7 Colour - Faint Pink Shape - Round Clarity - I1 Measurements - 5.65 - 5.67 x 3.32 Fluoresence - STG Polish - VG Symmetry - EX No Of Diamonds - 1,0.7ct Fancy Pink VS2 Cushion GIA Natural Diamond,in stock,new,12634.26 HKD,https://colourdiam.com/diamonddetails/Menu/8752,https://www.colourdiam.com/Product/Diamond/8752/still.jpg,ColourDiam,Apparel & Accessories > Jewelry,,1,,,,unisex,,,adult,,,,,,,,,GIA,Fine Jewelry
2472,Sku - 2472 Weight - 0.7 Colour - Fancy Pink Shape - Cushion Clarity - VS2 Measurements - 4.88X4.66X3.28 Fluoresence - Fnt Polish - G Symmetry - GD No Of Diamonds - 1,0.70ct Fancy Purplish Pink VS2 Radiant Diamond GIA,in stock,new,442199.02 HKD,https://colourdiam.com/diamonddetails/Menu/2472,https://www.colourdiam.com/Product/Diamond/2472/still.jpg,ColourDiam,Apparel & Accessories > Jewelry,,1,,,,unisex,,,adult,,,,,,,,,GIA,Fine Jewelry
7618,Sku - 7618 Weight - 0.7 Colour - Fancy Purplish Pink Shape - Radiant Clarity - VS2 Measurements - 5.90 X 4.35 X 2.83 Fluoresence - Fnt Polish - VG Symmetry - VG No Of Diamonds - 1,0.7ct Fancy Brown Pink Heart Diamond GIA,in stock,new,341124.96 HKD,https://colourdiam.com/diamonddetails/Menu/7618,https://www.colourdiam.com/Product/Diamond/7618/still.jpg,ColourDiam,Apparel & Accessories > Jewelry,,1,,,,unisex,,,adult,,,,,,,,,GIA,Fine Jewelry
2477,Sku - 2477 Weight - 0.7 Colour - Fancy Brown Pink Shape - Heart Clarity - I2 Measurements - 5.41X6.22X3.55 Fluoresence - STG Polish - VG Symmetry - GD No Of Diamonds - 1,0.70ct Faint Pink I1 GIA Round Diamond,in stock,new,37902.77 HKD,https://colourdiam.com/diamonddetails/Menu/2477,https://www.colourdiam.com/Product/Diamond/2477/still.jpg,ColourDiam,Apparel & Accessories > Jewelry,,1,,,,unisex,,,adult,,,,,,,,,GIA,Fine Jewelry
7274,Sku - 7274 Weight - 0.7 Colour - Fancy Brownish Purplish Pink Shape - Cushion Clarity - I1 Measurements - 5.06 x 4.51 x 3.31 Fluoresence - None Polish - EX Symmetry - VG No Of Diamonds - 1,0.70ct Fancy Brownish Purplish Pink Cushion Diamond GIA,in stock,new,14908.42 HKD,https://colourdiam.com/diamonddetails/Menu/7274,https://www.colourdiam.com/Product/Diamond/7274/still.jpg,ColourDiam,Apparel & Accessories > Jewelry,,1,,,,unisex,,,adult,,,,,,,,,GIA,Fine Jewelry
5721,Sku - 5721 Weight - 0.7 Colour - Fancy Light Yellow Shape - Pear Clarity - I1 Measurements - 6.72x4.97x2.90 Fluoresence - Fnt Polish - EX Symmetry - GD No Of Diamonds - 1,0.70ct Fancy Light Yellow Pear GIA Natural Diamond,in stock,new,5060.06 HKD,https://colourdiam.com/diamonddetails/Menu/5721,https://www.colourdiam.com/Product/Diamond/5721/still.jpg,ColourDiam,Apparel & Accessories > Jewelry,,1,,,,unisex,,,adult,,,,,,,,,GIA,Fine Jewelry
5407,Sku - 5407 Weight - 0.7 Colour - Very Light Pink Shape - Round Clarity - I1 Measurements - 5.52 X 5.61 X 3.53 Fluoresence - Med Polish - G Symmetry - F No Of Diamonds - 1,0.70ct Very Light Pink I1 Round GIA Diamond,in stock,new,14181.99 HKD,https://colourdiam.com/diamonddetails/Menu/5407,https://www.colourdiam.com/Product/Diamond/5407/still.jpg,ColourDiam,Apparel & Accessories > Jewelry,,1,,,,unisex,,,adult,,,,,,,,,GIA,Fine Jewelry
3321,Sku - 3321 Weight - 0.7 Colour - N Shape - Round Clarity - SI2 Measurements - 5.60 X 5.64 X 3.56 Fluoresence - Fnt Polish - EX Symmetry - VG No Of Diamonds - 1,0.70ct N SI2 Round GIA Natural Diamond,in stock,new,12634.26 HKD,https://colourdiam.com/diamonddetails/Menu/3321,https://www.colourdiam.com/Product/Diamond/3321/still.jpg,ColourDiam,Apparel & Accessories > Jewelry,,1,,,,unisex,,,adult,,,,,,,,,GIA,Fine Jewelry
3603,Sku - 3603 Weight - 0.7 Colour - Fancy Brown Orange Shape - Other Clarity - VS1 Measurements - 9.04 x 3.92 x 2.40 Fluoresence - None Polish -  Symmetry -  No Of Diamonds - 1,0.7ct Fancy Brown Orange VS1 GIA Natural Diamond,in stock,new,0 HKD,https://colourdiam.com/diamonddetails/Menu/3603,https://www.colourdiam.com/Product/Diamond/3603/still.jpg,ColourDiam,Apparel & Accessories > Jewelry,,1,,,,unisex,,,adult,,,,,,,,,GIA,Fine Jewelry
6956,Sku - 6956 Weight - 0.7 Colour - Light Greenish Yellow Shape - Cushion Clarity - SI1 Measurements - 4.77 x 4.50 x 3.37 Fluoresence - Med Polish - VG Symmetry - GD No Of Diamonds - 1,0.70ct Light Greenish Yellow Cushion Diamond GIA SI1,in stock,new,17687.96 HKD,https://colourdiam.com/diamonddetails/Menu/6956,https://www.colourdiam.com/Product/Diamond/6956/still.jpg,ColourDiam,Apparel & Accessories > Jewelry,,1,,,,unisex,,,adult,,,,,,,,,GIA,Fine Jewelry
2211,Sku - 2211 Weight - 0.7 Colour - Fancy Pink Shape - Round Clarity - SI2 Measurements - 5.86X5.80X3.36 Fluoresence - STG Polish - G Symmetry - VG No Of Diamonds - 1,0.70ct Fancy Pink Round Diamond GIA,in stock,new,536955.95 HKD,https://colourdiam.com/diamonddetails/Menu/2211,https://www.colourdiam.com/Product/Diamond/2211/still.jpg,ColourDiam,Apparel & Accessories > Jewelry,,1,,,,unisex,,,adult,,,,,,,,,GIA,Fine Jewelry
6144,Sku - 6144 Weight - 0.7 Colour - D Shape - Radiant Clarity - SI1 Measurements - 5.80 X 4.75 X 2.95 Fluoresence - STG Polish - EX Symmetry - EX No Of Diamonds - 1,0.69ct Fancy Vivid Orange Yellow Marquise Diamond,in stock,new,12375.29 HKD,https://colourdiam.com/diamonddetails/Menu/6144,https://www.colourdiam.com/Product/Diamond/6144/still.jpg,ColourDiam,Apparel & Accessories > Jewelry,,1,,,,unisex,,,adult,,,,,,,,,GIA,Fine Jewelry
7118,Sku - 7118 Weight - 0.7 Colour - Fancy Vivid Orange Yellow Shape - Cushion Clarity - SI2 Measurements - 5.62 X 4.49 X 3.01 Fluoresence - Med Polish - VG Symmetry - VG No Of Diamonds - 1,0.66ct Fancy Purplish Pink Round Diamond GIA,in stock,new,34744.21 HKD,https://colourdiam.com/diamonddetails/Menu/7118,https://www.colourdiam.com/Product/Diamond/7118/still.jpg,ColourDiam,Apparel & Accessories > Jewelry,,1,,,,unisex,,,adult,,,,,,,,,GIA,Fine Jewelry
9507,Sku - 9507 Weight - 0.7 Colour - Faint Pink Shape - Pear Clarity - I1 Measurements - 7.60 x 4.91 x 3.14 Fluoresence - None Polish - VG Symmetry - VG No Of Diamonds - 1,0.65ct Light Pink Cushion VS2 GIA Natural Diamond,in stock,new,11054.98 HKD,https://colourdiam.com/diamonddetails/Menu/9507,https://www.colourdiam.com/Product/Diamond/9507/still.jpg,ColourDiam,Apparel & Accessories > Jewelry,,1,,,,unisex,,,adult,,,,,,,,,GIA,Fine Jewelry
2950,Sku - 2950 Weight - 0.7 Colour - E Shape - Round Clarity - SI1 Measurements - 5.80X5.76X3.50 Fluoresence - None Polish - EX Symmetry - EX No Of Diamonds - 1,0.65ct Fancy Light Pink SI2 Cushion GIA Diamond,in stock,new,25268.52 HKD,https://colourdiam.com/diamonddetails/Menu/2950,https://www.colourdiam.com/Product/Diamond/2950/still.jpg,ColourDiam,Apparel & Accessories > Jewelry,,1,,,,unisex,,,adult,,,,,,,,,GIA,Fine Jewelry
7684,Sku - 7684 Weight - 0.69 Colour - Fancy Vivid Orange Yellow Shape - Marquise Clarity - I1 Measurements - 9.40 X 4.25 X 2.68 Fluoresence - STG Polish - VG Symmetry - F No Of Diamonds - 1,0.63ct Fancy Brownish Purplish Pink Radiant Diamond,in stock,new,24907.54 HKD,https://colourdiam.com/diamonddetails/Menu/7684,https://www.colourdiam.com/Product/Diamond/7684/still.jpg,ColourDiam,Apparel & Accessories > Jewelry,,1,,,,unisex,,,adult,,,,,,,,,GIA,Fine Jewelry
1545,Sku - 1545 Weight - 0.66 Colour - Fancy Purplish Pink Shape - Round Clarity - I2 Measurements - 5.60X5.56X3.48 Fluoresence - Med Polish - VG Symmetry - VG No Of Diamonds - 1,0.63ct G VS1 GIA Round Natural Diamond,in stock,new,178684.5 HKD,https://colourdiam.com/diamonddetails/Menu/1545,https://www.colourdiam.com/Product/Diamond/1545/still.jpg,ColourDiam,Apparel & Accessories > Jewelry,,1,,,,unisex,,,adult,,,,,,,,,GIA,Fine Jewelry
6056,Sku - 6056 Weight - 0.65 Colour - Light Pink Shape - Cushion Clarity - VS2 Measurements - 4.56X4.47X3.21 Fluoresence - None Polish - VG Symmetry - GD No Of Diamonds - 1,0.61ct Fancy Intense Blue Marquise VS1 GIA Diamond,in stock,new,51619.97 HKD,https://colourdiam.com/diamonddetails/Menu/6056,https://www.colourdiam.com/Product/Diamond/6056/still.jpg,ColourDiam,Apparel & Accessories > Jewelry,,1,,,,unisex,,,adult,,,,,,,,,GIA,Fine Jewelry
5232,Sku - 5232 Weight - 0.65 Colour - Fancy Light Pink Shape - Cushion Clarity - SI2 Measurements - 4.94X4.72X3.13 Fluoresence - None Polish - EX Symmetry - GD No Of Diamonds - 1,0.61ct Fancy Intense Purplish Pink Oval Diamond GIA,in stock,new,85055.63 HKD,https://colourdiam.com/diamonddetails/Menu/5232,https://www.colourdiam.com/Product/Diamond/5232/still.jpg,ColourDiam,Apparel & Accessories > Jewelry,,1,,,,unisex,,,adult,,,,,,,,,GIA,Fine Jewelry
6647,Sku - 6647 Weight - 0.63 Colour - G Shape - Round Clarity - VS1 Measurements - 5.46 x 5.49 x 3.41 Fluoresence - None Polish - EX Symmetry - EX No Of Diamonds - 1,0.61ct Fancy Pinkish Brown Cushion Diamond GIA,in stock,new,17056.25 HKD,https://colourdiam.com/diamonddetails/Menu/6647,https://www.colourdiam.com/Product/Diamond/6647/still.jpg,ColourDiam,Apparel & Accessories > Jewelry,,1,,,,unisex,,,adult,,,,,,,,,GIA,Fine Jewelry
1931,Sku - 1931 Weight - 0.63 Colour - Fancy Brownish Purplish Pink Shape - Radiant Clarity - I1 Measurements - 4.81 X 4.54 X 3.23 Fluoresence - STG Polish - G Symmetry - GD No Of Diamonds - 1,0.60ct U-V SI2 Cushion GIA Natural Diamond,in stock,new,51168.74 HKD,https://colourdiam.com/diamonddetails/Menu/1931,https://www.colourdiam.com/Product/Diamond/1931/still.jpg,ColourDiam,Apparel & Accessories > Jewelry,,1,,,,unisex,,,adult,,,,,,,,,GIA,Fine Jewelry
4915,Sku - 4915 Weight - 0.61 Colour - Fancy Intense Blue Shape - Marquise Clarity - VS1 Measurements - 9.97x4.36x2.08 Fluoresence - None Polish - VG Symmetry - GD No Of Diamonds - 1,0.60ct Very Light Green Yellow Heart GIA Diamond,in stock,new,1223315.76 HKD,https://colourdiam.com/diamonddetails/Menu/4915,https://www.colourdiam.com/Product/Diamond/4915/still.jpg,ColourDiam,Apparel & Accessories > Jewelry,,1,,,,unisex,,,adult,,,,,,,,,GIA,Fine Jewelry
2372,Sku - 2372 Weight - 0.61 Colour - Fancy Intense Purplish Pink Shape - Oval Clarity -  Measurements - 6.33x4.58x3.27 Fluoresence - None Polish -  Symmetry -  No Of Diamonds - 1,0.60ct Fancy Intense Yellow Pear GIA Diamond,in stock,new,302770.96 HKD,https://colourdiam.com/diamonddetails/Menu/2372,https://www.colourdiam.com/Product/Diamond/2372/still.jpg,ColourDiam,Apparel & Accessories > Jewelry,,1,,,,unisex,,,adult,,,,,,,,,GIA,Fine Jewelry
6346,Sku - 6346 Weight - 0.61 Colour - Fancy Pinkish Brown Shape - Cushion Clarity - SI1 Measurements - 5.39 x 4.15 x 3.04 Fluoresence - None Polish - G Symmetry - GD No Of Diamonds - 1,0.59ct Faint Pink SI1 Round GIA Diamond,in stock,new,11009.85 HKD,https://colourdiam.com/diamonddetails/Menu/6346,https://www.colourdiam.com/Product/Diamond/6346/still.jpg,ColourDiam,Apparel & Accessories > Jewelry,,1,,,,unisex,,,adult,,,,,,,,,GIA,Fine Jewelry
6958,Sku - 6958 Weight - 0.6 Colour - Very Light Green Yellow Shape - Heart Clarity - SI1 Measurements - 5.29 x 5.79 x 3.32 Fluoresence - Vst Polish - VG Symmetry - VG No Of Diamonds - 1,0.58ct E IF GIA Radiant Natural Diamond,in stock,new,15161.11 HKD,https://colourdiam.com/diamonddetails/Menu/6958,https://www.colourdiam.com/Product/Diamond/6958/still.jpg,ColourDiam,Apparel & Accessories > Jewelry,,1,,,,unisex,,,adult,,,,,,,,,GIA,Fine Jewelry
6087,Sku - 6087 Weight - 0.6 Colour - Fancy Intense Yellow Shape - Pear Clarity - SI2 Measurements - 6.76 X 4.50 X 2.85 Fluoresence - STG Polish - VG Symmetry - GD No Of Diamonds - 1,0.58 Carat Light Pink Heart GIA Natural Diamond - Heart,in stock,new,6015.71 HKD,https://colourdiam.com/diamonddetails/Menu/6087,https://www.colourdiam.com/Product/Diamond/6087/still.jpg,ColourDiam,Apparel & Accessories > Jewelry,,1,,,,unisex,,,adult,,,,,,,,,GIA,Fine Jewelry
6078,Sku - 6078 Weight - 0.6 Colour - U-V Shape - Cushion Clarity - SI2 Measurements - 5.03 X 4.41 X 3.07 Fluoresence - None Polish - VG Symmetry - VG No Of Diamonds - 1,0.58 Carat Light Pink Heart GIA Natural Diamond,in stock,new,5414.68 HKD,https://colourdiam.com/diamonddetails/Menu/6078,https://www.colourdiam.com/Product/Diamond/6078/still.jpg,ColourDiam,Apparel & Accessories > Jewelry,,1,,,,unisex,,,adult,,,,,,,,,GIA,Fine Jewelry
9129,Sku - 9129 Weight - 0.59 Colour - Faint Pink Shape - Round Clarity - SI1 Measurements - 5.43 - 5.45 x 3.29 Fluoresence - None Polish - EX Symmetry - EX No Of Diamonds - 1,0.57ct Fancy Purple Pink Radiant GIA Diamond,in stock,new,9583.99 HKD,https://colourdiam.com/diamonddetails/Menu/9129,https://www.colourdiam.com/Product/Diamond/9129/still.jpg,ColourDiam,Apparel & Accessories > Jewelry,,1,,,,unisex,,,adult,,,,,,,,,GIA,Fine Jewelry
1755,Sku - 1755 Weight - 0.58 Colour - Light Pink Shape - Heart Clarity -  Measurements - 5.12 x 5.66 x 3.10 Fluoresence - None Polish -  Symmetry -  No Of Diamonds - 1,0.56ct G VVS2 GIA Natural Diamond,in stock,new,41873.54 HKD,https://colourdiam.com/diamonddetails/Menu/1755,https://www.colourdiam.com/Product/Diamond/1755/still.jpg,ColourDiam,Apparel & Accessories > Jewelry,,1,,,,unisex,,,adult,,,,,,,,,GIA,Fine Jewelry
648,Sku - 648 Weight - 0.58 Colour - Light Pink Shape - Heart Clarity - I1 Measurements - 4.81X6.19X3.15 Fluoresence - STG Polish - VG Symmetry - GD No Of Diamonds - 1,0.56ct Light Pink Cushion SI2 GIA Natural Diamond,in stock,new,26170.96 HKD,https://colourdiam.com/diamonddetails/Menu/648,https://www.colourdiam.com/Product/Diamond/648/still.jpg,ColourDiam,Apparel & Accessories > Jewelry,,1,,,,unisex,,,adult,,,,,,,,,GIA,Fine Jewelry
6268,Sku - 6268 Weight - 0.58 Colour - E Shape - Radiant Clarity - IF Measurements - 5.39 x 4.06 x 2.89 Fluoresence - None Polish - EX Symmetry - VG No Of Diamonds - 1,0.56ct Fancy Yellowish Green Radiant SI1 GIA Diamond,in stock,new,8097.3 HKD,https://colourdiam.com/diamonddetails/Menu/6268,https://www.colourdiam.com/Product/Diamond/6268/still.jpg,ColourDiam,Apparel & Accessories > Jewelry,,1,,,,unisex,,,adult,,,,,,,,,GIA,Fine Jewelry
1584,Sku - 1584 Weight - 0.57 Colour - Fancy Purple Pink Shape - Radiant Clarity - I2 Measurements - 4.69X4.03X3.30 Fluoresence - None Polish - VG Symmetry - GD No Of Diamonds - 1,0.56ct Fancy Light Yellowish Green Radiant Diamond GIA,in stock,new,79731.19 HKD,https://colourdiam.com/diamonddetails/Menu/1584,https://www.colourdiam.com/Product/Diamond/1584/still.jpg,ColourDiam,Apparel & Accessories > Jewelry,,1,,,,unisex,,,adult,,,,,,,,,GIA,Fine Jewelry
7126,Sku - 7126 Weight - 0.56 Colour - Light Pink Shape - Cushion Clarity - SI2 Measurements - 4.48X4.48X3.1 Fluoresence - Fnt Polish - VG Symmetry - GD No Of Diamonds - 1,0.56ct Faint Pinkish Brown Pear VS2 GIA Diamond,in stock,new,25268.52 HKD,https://colourdiam.com/diamonddetails/Menu/7126,https://www.colourdiam.com/Product/Diamond/7126/still.jpg,ColourDiam,Apparel & Accessories > Jewelry,,1,,,,unisex,,,adult,,,,,,,,,GIA,Fine Jewelry
7208,Sku - 7208 Weight - 0.56 Colour - Faint Pinkish Brown Shape - Pear Clarity - VS2 Measurements - 7.02 x 4.25 x 2.66 Fluoresence - None Polish - VG Symmetry - VG No Of Diamonds - 1,0.55ct Fancy Pink Radiant Diamond GIA,in stock,new,12659.53 HKD,https://colourdiam.com/diamonddetails/Menu/7208,https://www.colourdiam.com/Product/Diamond/7208/still.jpg,ColourDiam,Apparel & Accessories > Jewelry,,1,,,,unisex,,,adult,,,,,,,,,GIA,Fine Jewelry
4969,Sku - 4969 Weight - 0.56 Colour - Fancy Yellowish Green Shape - Radiant Clarity - SI1 Measurements - 5.30 x 3.97 x 2.82 Fluoresence - None Polish - VG Symmetry - GD No Of Diamonds - 1,0.55ct Very Light Brown Cushion I1 GIA Diamond,in stock,new,4042.96 HKD,https://colourdiam.com/diamonddetails/Menu/4969,https://www.colourdiam.com/Product/Diamond/4969/still.jpg,ColourDiam,Apparel & Accessories > Jewelry,,1,,,,unisex,,,adult,,,,,,,,,GIA,Fine Jewelry
4971,Sku - 4971 Weight - 0.56 Colour - Fancy Light Yellowish Green Shape - Radiant Clarity - SI1 Measurements - 5.63 x 3.84 x 2.70 Fluoresence - None Polish - VG Symmetry - GD No Of Diamonds - 1,0.55ct Fancy Light Gray Blue GIA Diamond,in stock,new,4042.96 HKD,https://colourdiam.com/diamonddetails/Menu/4971,https://www.colourdiam.com/Product/Diamond/4971/still.jpg,ColourDiam,Apparel & Accessories > Jewelry,,1,,,,unisex,,,adult,,,,,,,,,GIA,Fine Jewelry
6331,Sku - 6331 Weight - 0.56 Colour - G Shape - Other Clarity - VVS2 Measurements - 4.80 X 4.78 X 3.44 Fluoresence - None Polish - EX Symmetry - VG No Of Diamonds - 1,0.55ct Fancy Vivid Orangy Yellow Emerald Diamond GIA,in stock,new,18193.33 HKD,https://colourdiam.com/diamonddetails/Menu/6331,https://www.colourdiam.com/Product/Diamond/6331/still.jpg,ColourDiam,Apparel & Accessories > Jewelry,,1,,,,unisex,,,adult,,,,,,,,,GIA,Fine Jewelry
719,Sku - 719 Weight - 0.55 Colour - Fancy Vivid Orangy Yellow Shape - Emerald Clarity - SI1 Measurements - 4.87X4.30X3.31 Fluoresence - None Polish - VG Symmetry - GD No Of Diamonds - 1,0.54ct Fancy Light Grayish Yellowish Green Radiant Diamond,in stock,new,29780.75 HKD,https://colourdiam.com/diamonddetails/Menu/719,https://www.colourdiam.com/Product/Diamond/719/still.jpg,ColourDiam,Apparel & Accessories > Jewelry,,1,,,,unisex,,,adult,,,,,,,,,GIA,Fine Jewelry
6086,Sku - 6086 Weight - 0.55 Colour - Very Light Brown Shape - Cushion Clarity - I1 Measurements - 4.70 X 4.54 X 2.93 Fluoresence - None Polish - VG Symmetry - GD No Of Diamonds - 1,0.53ct Fancy Intense Yellow Oval Diamond GIA,in stock,new,4963.46 HKD,https://colourdiam.com/diamonddetails/Menu/6086,https://www.colourdiam.com/Product/Diamond/6086/still.jpg,ColourDiam,Apparel & Accessories > Jewelry,,1,,,,unisex,,,adult,,,,,,,,,GIA,Fine Jewelry
1801,Sku - 1801 Weight - 0.55 Colour - Fancy Light Gray Blue Shape - Cut cornered square Clarity - I1 Measurements - 4.84X4.81X3.09 Fluoresence - None Polish - G Symmetry - GD No Of Diamonds - 1,0.53 Carat Very Light Pink SI1 Diamond,in stock,new,99269.17 HKD,https://colourdiam.com/diamonddetails/Menu/1801,https://www.colourdiam.com/Product/Diamond/1801/still.jpg,ColourDiam,Apparel & Accessories > Jewelry,,1,,,,unisex,,,adult,,,,,,,,,GIA,Fine Jewelry
7314,Sku - 7314 Weight - 0.55 Colour - Fancy Pink Shape - Radiant Clarity - I2 Measurements - 5.05 X 4.07 X 2.94 Fluoresence - Fnt Polish - G Symmetry - GD No Of Diamonds - 1,0.53ct Fancy Light Orangy Pink Radiant GIA Diamond,in stock,new,62043.23 HKD,https://colourdiam.com/diamonddetails/Menu/7314,https://www.colourdiam.com/Product/Diamond/7314/still.jpg,ColourDiam,Apparel & Accessories > Jewelry,,1,,,,unisex,,,adult,,,,,,,,,GIA,Fine Jewelry
445,Sku - 445 Weight - 0.54 Colour - Fancy Light Grayish Yellowish Green Shape - Radiant Clarity - VVS2 Measurements - 4.94X4.88X2.82 Fluoresence - None Polish - VG Symmetry - GD No Of Diamonds - 1,0.53 Carat Light Pink GIA Natural Diamond,in stock,new,9746.43 HKD,https://colourdiam.com/diamonddetails/Menu/445,https://www.colourdiam.com/Product/Diamond/445/still.jpg,ColourDiam,Apparel & Accessories > Jewelry,,1,,,,unisex,,,adult,,,,,,,,,GIA,Fine Jewelry
652,Sku - 652 Weight - 0.53 Colour - Light Pink Shape - Cut cornered square Clarity - SI2 Measurements - 4.69 x 4.68 x 2.86 Fluoresence - STG Polish - VG Symmetry - GD No Of Diamonds - 1,0.53ct E IF Radiant GIA Natural Diamond,in stock,new,28697.81 HKD,https://colourdiam.com/diamonddetails/Menu/652,https://www.colourdiam.com/Product/Diamond/652/still.jpg,ColourDiam,Apparel & Accessories > Jewelry,,1,,,,unisex,,,adult,,,,,,,,,GIA,Fine Jewelry
6271,Sku - 6271 Weight - 0.53 Colour - E Shape - Radiant Clarity - IF Measurements - 5.10 x 4.08 x 2.90 Fluoresence - None Polish - EX Symmetry - VG No Of Diamonds - 1,0.52ct Fancy Deep Brownish Yellow Heart GIA Diamond,in stock,new,7499.73 HKD,https://colourdiam.com/diamonddetails/Menu/6271,https://www.colourdiam.com/Product/Diamond/6271/still.jpg,ColourDiam,Apparel & Accessories > Jewelry,,1,,,,unisex,,,adult,,,,,,,,,GIA,Fine Jewelry
4204,Sku - 4204 Weight - 0.53 Colour - Fancy Intense Yellow Shape - Oval Clarity - SI2 Measurements - 5.82*4.28*2.81 Fluoresence - Fnt Polish - VG Symmetry - GD No Of Diamonds - 1,0.52ct Very Light Pinkish Brown Pear VS2 GIA Diamond,in stock,new,5978.75 HKD,https://colourdiam.com/diamonddetails/Menu/4204,https://www.colourdiam.com/Product/Diamond/4204/still.jpg,ColourDiam,Apparel & Accessories > Jewelry,,1,,,,unisex,,,adult,,,,,,,,,GIA,Fine Jewelry
2054,Sku - 2054 Weight - 0.53 Colour - Very Light Pink Shape - Other Clarity - SI1 Measurements - 4.99x5.03x3.37 Fluoresence - None Polish -  Symmetry -  No Of Diamonds - 1,0.52ct Light Blue Pear SI2 GIA Natural Diamond,in stock,new,23914.84 HKD,https://colourdiam.com/diamonddetails/Menu/2054,https://www.colourdiam.com/Product/Diamond/2054/still.jpg,ColourDiam,Apparel & Accessories > Jewelry,,1,,,,unisex,,,adult,,,,,,,,,CGL,Fine Jewelry
5237,Sku - 5237 Weight - 0.53 Colour - Fancy Light Orangy Pink Shape - Radiant Clarity - SI2 Measurements - 5.10 x 3.77 x 2.79 Fluoresence - STG Polish - EX Symmetry - GD No Of Diamonds - 1,0.52ct Light Pinkish Brown Pear SI1 Natural Diamond,in stock,new,53143.53 HKD,https://colourdiam.com/diamonddetails/Menu/5237,https://www.colourdiam.com/Product/Diamond/5237/still.jpg,ColourDiam,Apparel & Accessories > Jewelry,,1,,,,unisex,,,adult,,,,,,,,,GIA,Fine Jewelry
3347,Sku - 3347 Weight - 0.52 Colour - Fancy Deep Brownish Yellow Shape - Heart Clarity - I2 Measurements - 4.84X5.20X2.87 Fluoresence - Med Polish - EX Symmetry - GD No Of Diamonds - 1,0.52ct Faint Pink SI2 Round GIA Natural Diamond,in stock,new,2346.36 HKD,https://colourdiam.com/diamonddetails/Menu/3347,https://www.colourdiam.com/Product/Diamond/3347/still.jpg,ColourDiam,Apparel & Accessories > Jewelry,,1,,,,unisex,,,adult,,,,,,,,,GIA,Fine Jewelry
4712,Sku - 4712 Weight - 0.52 Colour - Light Blue Shape - Pear Clarity - SI2 Measurements - 6.81X4.11X2.54 Fluoresence - Med Polish - G Symmetry - VG No Of Diamonds - 1,0.52ct Fancy Brownish Orangy Pink Radiant Diamond VS2,in stock,new,21117.26 HKD,https://colourdiam.com/diamonddetails/Menu/4712,https://www.colourdiam.com/Product/Diamond/4712/still.jpg,ColourDiam,Apparel & Accessories > Jewelry,,1,,,,unisex,,,adult,,,,,,,,,GIA,Fine Jewelry
7207,Sku - 7207 Weight - 0.52 Colour - Very Light Pinkish Brown Shape - Pear Clarity - VS2 Measurements - 7.01 x 4.39 x 2.49 Fluoresence - None Polish - G Symmetry - GD No Of Diamonds - 1,0.52ct Faint Gray SI1 Round GIA Natural Diamond,in stock,new,11966.45 HKD,https://colourdiam.com/diamonddetails/Menu/7207,https://www.colourdiam.com/Product/Diamond/7207/still.jpg,ColourDiam,Apparel & Accessories > Jewelry,,1,,,,unisex,,,adult,,,,,,,,,GIA,Fine Jewelry
2965,Sku - 2965 Weight - 0.52 Colour - Light Pinkish Brown Shape - Pear Clarity - SI1 Measurements - 5.63*4.21*2.87 Fluoresence - None Polish -  Symmetry -  No Of Diamonds - 1,"**Mesmerizing 0.52 Ct Fancy Orangy Pink Pear-Cut Diamond**

Presenting an extraordinary loose natural diamond — a 0.52-carat Fancy Orangy Pink Pear-cut gemstone with I2 clarity. Expertly cut to maximize brilliance, fire, and scintillation, making it an exceptional addition to any discerning collector's portfolio.",in stock,new,0 HKD,https://colourdiam.com/diamonddetails/Menu/2965,https://www.colourdiam.com/Product/Diamond/2965/still.jpg,ColourDiam,Apparel & Accessories > Jewelry,,1,,,,unisex,,,adult,,,,,,,,,CGL,Fine Jewelry
6343,Sku - 6343 Weight - 0.52 Colour - Faint Pink Shape - Round Clarity - SI2 Measurements - 5.22 X 5.23 X 3.14 Fluoresence - Med Polish - EX Symmetry - EX No Of Diamonds - 1,"**Unparalleled 0.52 Ct Fancy Grayish Greenish Yellow Cushion-Cut Diamond**

Nature's investment — a 0.52-carat Fancy Grayish Greenish Yellow Cushion-cut diamond graded SI2 clarity. Magnificent proportions deliver exceptional light performance. A rare investment-grade treasure for the most exclusive private collections.",in stock,new,11497.17 HKD,https://colourdiam.com/diamonddetails/Menu/6343,https://www.colourdiam.com/Product/Diamond/6343/still.jpg,ColourDiam,Apparel & Accessories > Jewelry,,1,,,,unisex,,,adult,,,,,,,,,GIA,Fine Jewelry
4544,Sku - 4544 Weight - 0.52 Colour - Fancy Brownish Orangy Pink Shape - Radiant Clarity - VS2 Measurements - 4.58*4.15*2.86 Fluoresence - Fnt Polish - EX Symmetry - VG No Of Diamonds - 1,0.51ct Fancy Vivid Yellow Orange Cushion GIA Diamond,in stock,new,41708.9 HKD,https://colourdiam.com/diamonddetails/Menu/4544,https://www.colourdiam.com/Product/Diamond/4544/still.jpg,ColourDiam,Apparel & Accessories > Jewelry,,1,,,,unisex,,,adult,,,,,,,,,GIA,Fine Jewelry
5231,Sku - 5231 Weight - 0.52 Colour - Faint Gray Shape - Round Clarity - SI1 Measurements - 5.10X5.12X3.22 Fluoresence - None Polish - EX Symmetry - EX No Of Diamonds - 1,0.51ct Fancy Purplish Pink Radiant Diamond GIA,in stock,new,5631.27 HKD,https://colourdiam.com/diamonddetails/Menu/5231,https://www.colourdiam.com/Product/Diamond/5231/still.jpg,ColourDiam,Apparel & Accessories > Jewelry,,1,,,,unisex,,,adult,,,,,,,,,GIA,Fine Jewelry
2009,Sku - 2009 Weight - 0.52 Colour - Fancy Orangy Pink Shape - Pear Clarity - I2 Measurements - 6.72X4.57X2.37 Fluoresence - Med Polish - VG Symmetry - GD No Of Diamonds - 1,"**Incandescent 0.51 Ct Fancy Intense Yellow Oval-Cut Diamond**

Discover this 0.51-carat Fancy Intense Yellow Oval-cut loose diamond, independently certified SI2 clarity with measurements of 5.70*4.29*2.75. Every facet has been precision-engineered to unleash a incandescent cascade of light.",in stock,new,11262.54 HKD,https://colourdiam.com/diamonddetails/Menu/2009,https://www.colourdiam.com/Product/Diamond/2009/still.jpg,ColourDiam,Apparel & Accessories > Jewelry,,1,,,,unisex,,,adult,,,,,,,,,GIA,Fine Jewelry
6687,Sku - 6687 Weight - 0.52 Colour - Fancy Grayish Greenish Yellow Shape - Cushion Clarity - SI2 Measurements - 4.53 X 4.42 X 2.91 Fluoresence - Med Polish - VG Symmetry - GD No Of Diamonds - 1,0.51ct Fancy Yellow Cushion SI2 GIA Diamond,in stock,new,5213.63 HKD,https://colourdiam.com/diamonddetails/Menu/6687,https://www.colourdiam.com/Product/Diamond/6687/still.jpg,ColourDiam,Apparel & Accessories > Jewelry,,1,,,,unisex,,,adult,,,,,,,,,GIA,Fine Jewelry
9523,Sku - 9523 Weight - 0.52 Colour - Fancy Light Green Yellow Shape - Pear Clarity - SI2 Measurements - 6.87 X 4.16 X 2.54 Fluoresence - STG Polish - G Symmetry - GD No Of Diamonds - 1,0.51ct Light Pink Cushion VS2 GIA Natural Diamond - Cushion,in stock,new,14078.17 HKD,https://colourdiam.com/diamonddetails/Menu/9523,https://www.colourdiam.com/Product/Diamond/9523/still.jpg,ColourDiam,Apparel & Accessories > Jewelry,,1,,,,unisex,,,adult,,,,,,,,,GIA,Fine Jewelry
179,Sku - 179 Weight - 0.51 Colour - Fancy Purple Pink Shape - Cushion Clarity - SI2 Measurements - 4.80X4.34X2.75 Fluoresence - None Polish - VG Symmetry - GD No Of Diamonds - 1,0.51ct Light Pink Pear SI1 GIA Natural Diamond,in stock,new,82844.63 HKD,https://colourdiam.com/diamonddetails/Menu/179,https://www.colourdiam.com/Product/Diamond/179/still.jpg,ColourDiam,Apparel & Accessories > Jewelry,,1,,,,unisex,,,adult,,,,,,,,,GIA,Fine Jewelry
7111,Sku - 7111 Weight - 0.51 Colour - Fancy Vivid Yellow Orange Shape - Cushion Clarity - I1 Measurements - 4.36 X 4.32 X 3.01 Fluoresence - STG Polish - EX Symmetry - GD No Of Diamonds - 1,0.51ct Light Pink Cushion VS2 GIA Natural Diamond,in stock,new,40906.82 HKD,https://colourdiam.com/diamonddetails/Menu/7111,https://www.colourdiam.com/Product/Diamond/7111/still.jpg,ColourDiam,Apparel & Accessories > Jewelry,,1,,,,unisex,,,adult,,,,,,,,,GIA,Fine Jewelry
2522,Sku - 2522 Weight - 0.51 Colour - Fancy Purplish Pink Shape - Radiant Clarity - I2 Measurements - 4.98 x 4.49 x 2.69 Fluoresence - None Polish - G Symmetry - GD No Of Diamonds - 1,0.51ct Light Blue Pear SI2 GIA Natural Diamond,in stock,new,59832.23 HKD,https://colourdiam.com/diamonddetails/Menu/2522,https://www.colourdiam.com/Product/Diamond/2522/still.jpg,ColourDiam,Apparel & Accessories > Jewelry,,1,,,,unisex,,,adult,,,,,,,,,GIA,Fine Jewelry
4322,Sku - 4322 Weight - 0.51 Colour - Fancy Intense Yellow Shape - Oval Clarity - SI2 Measurements - 5.70*4.29*2.75 Fluoresence - None Polish - VG Symmetry - GD No Of Diamonds - 1,0.51ct Fancy Light Pink Oval SI2 GIA Natural Diamond,in stock,new,5753.14 HKD,https://colourdiam.com/diamonddetails/Menu/4322,https://www.colourdiam.com/Product/Diamond/4322/still.jpg,ColourDiam,Apparel & Accessories > Jewelry,,1,,,,unisex,,,adult,,,,,,,,,GIA,Fine Jewelry
6179,Sku - 6179 Weight - 0.51 Colour - Fancy Yellow Shape - Cushion Clarity - SI2 Measurements - 4.52 X 4.11 X 2.89 Fluoresence - Fnt Polish - VG Symmetry - GD No Of Diamonds - 1,0.51ct Fancy Intense Orange Yellow Pear GIA Diamond,in stock,new,5522.98 HKD,https://colourdiam.com/diamonddetails/Menu/6179,https://www.colourdiam.com/Product/Diamond/6179/still.jpg,ColourDiam,Apparel & Accessories > Jewelry,,1,,,,unisex,,,adult,,,,,,,,,GIA,Fine Jewelry
6106,Sku - 6106 Weight - 0.51 Colour - Light Pink Shape - Cushion Clarity - VS2 Measurements - 4.77x4.73x2.74 Fluoresence - None Polish - VG Symmetry - VG No Of Diamonds - 1,0.51ct Fancy Light Green Heart SI1 GIA Diamond,in stock,new,33137.85 HKD,https://colourdiam.com/diamonddetails/Menu/6106,https://www.colourdiam.com/Product/Diamond/6106/still.jpg,ColourDiam,Apparel & Accessories > Jewelry,,1,,,,unisex,,,adult,,,,,,,,,GIA,Fine Jewelry
5607,Sku - 5607 Weight - 0.51 Colour - Light Pink Shape - Pear Clarity - SI1 Measurements - 4.31X 6.07X 2.69 Fluoresence - None Polish - VG Symmetry - GD No Of Diamonds - 1,0.51ct Fancy Purple Pink Cushion GIA Diamond,in stock,new,25313.64 HKD,https://colourdiam.com/diamonddetails/Menu/5607,https://www.colourdiam.com/Product/Diamond/5607/still.jpg,ColourDiam,Apparel & Accessories > Jewelry,,1,,,,unisex,,,adult,,,,,,,,,GIA,Fine Jewelry
6055,Sku - 6055 Weight - 0.51 Colour - Light Pink Shape - Cushion Clarity - VS2 Measurements - 4.19x4.00x2.94 Fluoresence - None Polish - VG Symmetry - VG No Of Diamonds - 1,0.50ct Fancy Purple Pink Cushion Diamond GIA,in stock,new,36819.84 HKD,https://colourdiam.com/diamonddetails/Menu/6055,https://www.colourdiam.com/Product/Diamond/6055/still.jpg,ColourDiam,Apparel & Accessories > Jewelry,,1,,,,unisex,,,adult,,,,,,,,,GIA,Fine Jewelry
8967,Sku - 8967 Weight - 0.51 Colour - Fancy Light Green Shape - Heart Clarity - SI1 Measurements - 5.44 x 5.75 x 2.51 Fluoresence - STG Polish - VG Symmetry - GD No Of Diamonds - 1,0.50ct Light Pink Cushion SI2 GIA Natural Diamond,in stock,new,25313.64 HKD,https://colourdiam.com/diamonddetails/Menu/8967,https://www.colourdiam.com/Product/Diamond/8967/still.jpg,ColourDiam,Apparel & Accessories > Jewelry,,1,,,,unisex,,,adult,,,,,,,,,GIA,Fine Jewelry
5439,Sku - 5439 Weight - 0.51 Colour - Light Blue Shape - Pear Clarity - SI2 Measurements - 6.74X 4.65X 2.45 Fluoresence - Med Polish - VG Symmetry - F No Of Diamonds - 1,0.50ct Fancy Brown Pink GIA Diamond,in stock,new,21631.65 HKD,https://colourdiam.com/diamonddetails/Menu/5439,https://www.colourdiam.com/Product/Diamond/5439/still.jpg,ColourDiam,Apparel & Accessories > Jewelry,,1,,,,unisex,,,adult,,,,,,,,,GIA,Fine Jewelry
1067,Sku - 1067 Weight - 0.51 Colour - Fancy Light Pink Shape - Oval Clarity - SI2 Measurements - 5.90X4.41X2.54 Fluoresence - Fnt Polish - G Symmetry - GD No Of Diamonds - 1,0.50ct Fancy Brown Pink Heart SI2 GIA Diamond,in stock,new,69037.19 HKD,https://colourdiam.com/diamonddetails/Menu/1067,https://www.colourdiam.com/Product/Diamond/1067/still.jpg,ColourDiam,Apparel & Accessories > Jewelry,,1,,,,unisex,,,adult,,,,,,,,,GIA,Fine Jewelry
7055,Sku - 7055 Weight - 0.51 Colour - Fancy Intense Orange Yellow Shape - Pear Clarity - SI2 Measurements - 6.08 x 4.00 x 2.78 Fluoresence - Med Polish - G Symmetry - GD No Of Diamonds - 1,0.50ct Fancy Light Purplish Pink Oval Diamond GIA,in stock,new,16568.93 HKD,https://colourdiam.com/diamonddetails/Menu/7055,https://www.colourdiam.com/Product/Diamond/7055/still.jpg,ColourDiam,Apparel & Accessories > Jewelry,,1,,,,unisex,,,adult,,,,,,,,,GIA,Fine Jewelry
2013,Sku - 2013 Weight - 0.5 Colour - Fancy Brown Pink Shape - Heart Clarity - SI2 Measurements - 4.49X5.37X2.72 Fluoresence - Med Polish - VG Symmetry - VG No Of Diamonds - 1,0.50ct Very Light Blue Pear SI2 GIA Diamond,in stock,new,12634.26 HKD,https://colourdiam.com/diamonddetails/Menu/2013,https://www.colourdiam.com/Product/Diamond/2013/still.jpg,ColourDiam,Apparel & Accessories > Jewelry,,1,,,,unisex,,,adult,,,,,,,,,GIA,Fine Jewelry
7423,Sku - 7423 Weight - 0.5 Colour - Fancy Light Purplish Pink Shape - Oval Clarity - SI2 Measurements - 5.96 X 4.33 X 2.47 Fluoresence - None Polish - VG Symmetry - GD No Of Diamonds - 1,0.50ct Light Pinkish Brown Oval VS2 GIA Diamond,in stock,new,67683.52 HKD,https://colourdiam.com/diamonddetails/Menu/7423,https://www.colourdiam.com/Product/Diamond/7423/still.jpg,ColourDiam,Apparel & Accessories > Jewelry,,1,,,,unisex,,,adult,,,,,,,,,GIA,Fine Jewelry
5438,Sku - 5438 Weight - 0.5 Colour - Very Light Blue Shape - Pear Clarity - SI2 Measurements - 6.60X 4.50X 2.38 Fluoresence - STG Polish - VG Symmetry - VG No Of Diamonds - 1,"**Unparalleled 0.5 Ct Light Pinkish Brown Radiant-Cut Diamond**

Nature's marvel — a 0.5-carat Light Pinkish Brown Radiant-cut diamond graded VS2 clarity. Masterful proportions deliver exceptional light performance. A rare investment-grade treasure for the most exclusive private collections.",in stock,new,21207.5 HKD,https://colourdiam.com/diamonddetails/Menu/5438,https://www.colourdiam.com/Product/Diamond/5438/still.jpg,ColourDiam,Apparel & Accessories > Jewelry,,1,,,,unisex,,,adult,,,,,,,,,GIA,Fine Jewelry
5410,Sku - 5410 Weight - 0.5 Colour - Light Pink Shape - Cushion Clarity - SI2 Measurements - 4.48 x 4.23 x 2.92 Fluoresence - None Polish - EX Symmetry - VG No Of Diamonds - 1,"**Extraordinary 0.5 Ct Very Light Pink Pear-Cut Diamond**

Nature's statement piece — a 0.5-carat Very Light Pink Pear-cut diamond graded I1 clarity. Magnificent proportions deliver exceptional light performance. A rare investment-grade treasure for the most exclusive private collections.",in stock,new,24817.29 HKD,https://colourdiam.com/diamonddetails/Menu/5410,https://www.colourdiam.com/Product/Diamond/5410/still.jpg,ColourDiam,Apparel & Accessories > Jewelry,,1,,,,unisex,,,adult,,,,,,,,,GIA,Fine Jewelry
6113,Sku - 6113 Weight - 0.5 Colour - Light Pinkish Brown Shape - Oval Clarity - VS2 Measurements - 5.27 X 3.98. X 2.87 Fluoresence - None Polish - EX Symmetry - VG No Of Diamonds - 1,"**Exceptional 0.5 Ct Faint Pink Round-Cut Diamond**

Nature's creation — a 0.5-carat Faint Pink Round-cut diamond graded I1 clarity. Impeccable proportions deliver exceptional light performance. A rare investment-grade treasure for the most exclusive private collections.",in stock,new,13536.7 HKD,https://colourdiam.com/diamonddetails/Menu/6113,https://www.colourdiam.com/Product/Diamond/6113/still.jpg,ColourDiam,Apparel & Accessories > Jewelry,,1,,,,unisex,,,adult,,,,,,,,,GIA,Fine Jewelry
5541,Sku - 5541 Weight - 0.5 Colour - Light Pinkish Brown Shape - Radiant Clarity - VS2 Measurements - 4.26 x 4.22 x 2.97 Fluoresence - None Polish - EX Symmetry - VG No Of Diamonds - 1,"**Sparkling 0.5 Ct Light Pink Radiant-Cut Diamond**

Discover this 0.5-carat Light Pink Radiant-cut loose diamond, independently certified SI1 clarity with measurements of 4.61 x 4.43 x 2.88. Every facet has been precision-engineered to unleash a sparkling cascade of light.",in stock,new,13987.93 HKD,https://colourdiam.com/diamonddetails/Menu/5541,https://www.colourdiam.com/Product/Diamond/5541/still.jpg,ColourDiam,Apparel & Accessories > Jewelry,,1,,,,unisex,,,adult,,,,,,,,,GIA,Fine Jewelry
6336,Sku - 6336 Weight - 0.5 Colour - Very Light Pink Shape - Pear Clarity - I1 Measurements - 6.41 X 4.40 X 2.61 Fluoresence - None Polish - G Symmetry - F No Of Diamonds - 1,"**Glowing 0.5 Ct Very Light Pink Pear-Cut Diamond**

Discover this 0.5-carat Very Light Pink Pear-cut loose diamond, independently certified VS1 clarity with measurements of 6.73 x 4.46 x 2.78. Every facet has been precision-engineered to unleash a glowing cascade of light.",in stock,new,11853.68 HKD,https://colourdiam.com/diamonddetails/Menu/6336,https://www.colourdiam.com/Product/Diamond/6336/still.jpg,ColourDiam,Apparel & Accessories > Jewelry,,1,,,,unisex,,,adult,,,,,,,,,GIA,Fine Jewelry
6342,Sku - 6342 Weight - 0.5 Colour - Faint Pink Shape - Round Clarity - I1 Measurements - 5.02 X 5.05 X 3.17 Fluoresence - None Polish - EX Symmetry - VG No Of Diamonds - 1,"**Precious 0.5 Ct Fancy Vivid Yellow Orange Cushion-Cut Diamond**

Nature's masterpiece — a 0.5-carat Fancy Vivid Yellow Orange Cushion-cut diamond graded I1 clarity. Flawless proportions deliver exceptional light performance. A rare investment-grade treasure for the most exclusive private collections.",in stock,new,8122.02 HKD,https://colourdiam.com/diamonddetails/Menu/6342,https://www.colourdiam.com/Product/Diamond/6342/still.jpg,ColourDiam,Apparel & Accessories > Jewelry,,1,,,,unisex,,,adult,,,,,,,,,GIA,Fine Jewelry
7101,Sku - 7101 Weight - 0.5 Colour - Light Pink Shape - Radiant Clarity - SI1 Measurements - 4.61 x 4.43 x 2.88 Fluoresence - None Polish - VG Symmetry - GD No Of Diamonds - 1,0.50 Carat Fancy Yellow Oval GIA Natural Diamond,in stock,new,31134.42 HKD,https://colourdiam.com/diamonddetails/Menu/7101,https://www.colourdiam.com/Product/Diamond/7101/still.jpg,ColourDiam,Apparel & Accessories > Jewelry,,1,,,,unisex,,,adult,,,,,,,,,GIA,Fine Jewelry
7108,Sku - 7108 Weight - 0.5 Colour - Fancy Vivid Yellow Orange Shape - Cushion Clarity - I1 Measurements - 4.98 X 3.81 X 2.94 Fluoresence - Med Polish - VG Symmetry - GD No Of Diamonds - 1,0.50ct Fancy Intense Orangy Yellow Marquise Diamond,in stock,new,45122.35 HKD,https://colourdiam.com/diamonddetails/Menu/7108,https://www.colourdiam.com/Product/Diamond/7108/still.jpg,ColourDiam,Apparel & Accessories > Jewelry,,1,,,,unisex,,,adult,,,,,,,,,GIA,Fine Jewelry
5032,Sku - 5032 Weight - 0.5 Colour - Fancy Yellow Shape - Oval Clarity - I1 Measurements - 5.85*4.42*2.76 Fluoresence - Fnt Polish - G Symmetry - GD No Of Diamonds - 1,0.50ct Faint Pinkish Brown Heart GIA Diamond,in stock,new,2932.95 HKD,https://colourdiam.com/diamonddetails/Menu/5032,https://www.colourdiam.com/Product/Diamond/5032/still.jpg,ColourDiam,Apparel & Accessories > Jewelry,,1,,,,unisex,,,adult,,,,,,,,,GIA,Fine Jewelry
1360,Sku - 1360 Weight - 0.5 Colour - Fancy Intense Orangy Yellow Shape - Marquise Clarity -  Measurements - 7.31 x 4.13 x 2.62 Fluoresence - None Polish -  Symmetry -  No Of Diamonds - 1,0.50ct Princess Faint Pinkish Brown VS2 GIA Diamond,in stock,new,24817.29 HKD,https://colourdiam.com/diamonddetails/Menu/1360,https://www.colourdiam.com/Product/Diamond/1360/still.jpg,ColourDiam,Apparel & Accessories > Jewelry,,1,,,,unisex,,,adult,,,,,,,,,GIA,Fine Jewelry
7269,Sku - 7269 Weight - 0.5 Colour - Very Light Pink Shape - Pear Clarity - VS1 Measurements - 6.73 x 4.46 x 2.78 Fluoresence - None Polish - EX Symmetry - VG No Of Diamonds - 1,0.49 Carat Faint Green Round GIA Natural Diamond,in stock,new,26170.96 HKD,https://colourdiam.com/diamonddetails/Menu/7269,https://www.colourdiam.com/Product/Diamond/7269/still.jpg,ColourDiam,Apparel & Accessories > Jewelry,,1,,,,unisex,,,adult,,,,,,,,,GIA,Fine Jewelry
7680,Sku - 7680 Weight - 0.5 Colour - Faint Pinkish Brown Shape - Princess Clarity - VS2 Measurements - 4.36X4.24X3.12 Fluoresence - None Polish - EX Symmetry - EX No Of Diamonds - 1,0.49ct Fancy Dark Gray Yellowish Green Cushion Diamond,in stock,new,11280.59 HKD,https://colourdiam.com/diamonddetails/Menu/7680,https://www.colourdiam.com/Product/Diamond/7680/still.jpg,ColourDiam,Apparel & Accessories > Jewelry,,1,,,,unisex,,,adult,,,,,,,,,GIA,Fine Jewelry
7798,Sku - 7798 Weight - 0.5 Colour - Faint Pinkish Brown Shape - Heart Clarity - SI2 Measurements - 4.93X5.41X3.07 Fluoresence - None Polish - EX Symmetry - VG No Of Diamonds - 1,0.49ct Fancy Brown Pink Pear SI1 GIA Diamond,in stock,new,7670.8 HKD,https://colourdiam.com/diamonddetails/Menu/7798,https://www.colourdiam.com/Product/Diamond/7798/still.jpg,ColourDiam,Apparel & Accessories > Jewelry,,1,,,,unisex,,,adult,,,,,,,,,GIA,Fine Jewelry
8335,Sku - 8335 Weight - 0.5 Colour - Fancy Purple Pink Shape - Cushion Clarity - SI2 Measurements - 4.79 x 4.09 x 2.82 Fluoresence - Fnt Polish - EX Symmetry - VG No Of Diamonds - 1,0.48ct Fancy Light Yellow Green Radiant Diamond GIA,in stock,new,101525.28 HKD,https://colourdiam.com/diamonddetails/Menu/8335,https://www.colourdiam.com/Product/Diamond/8335/still.jpg,ColourDiam,Apparel & Accessories > Jewelry,,1,,,,unisex,,,adult,,,,,,,,,GIA,Fine Jewelry
2012,Sku - 2012 Weight - 0.5 Colour - Fancy Brown Pink Shape - Cut cornered square Clarity - I2 Measurements - 4.15X4.07X3.27 Fluoresence - Fnt Polish - EX Symmetry - GD No Of Diamonds - 1,0.48ct Fancy Vivid Yellow Cushion SI1 GIA Diamond,in stock,new,10152.53 HKD,https://colourdiam.com/diamonddetails/Menu/2012,https://www.colourdiam.com/Product/Diamond/2012/still.jpg,ColourDiam,Apparel & Accessories > Jewelry,,1,,,,unisex,,,adult,,,,,,,,,GIA,Fine Jewelry
4973,Sku - 4973 Weight - 0.49 Colour - Fancy Brown Pink Shape - Pear Clarity - SI1 Measurements - 7.46X4.84X1.60 Fluoresence - None Polish - G Symmetry - F No Of Diamonds - 1,0.48 Carat Fancy Light Greenish Blue Pear GIA Diamond,in stock,new,8843.98 HKD,https://colourdiam.com/diamonddetails/Menu/4973,https://www.colourdiam.com/Product/Diamond/4973/still.jpg,ColourDiam,Apparel & Accessories > Jewelry,,1,,,,unisex,,,adult,,,,,,,,,GIA,Fine Jewelry
1049,Sku - 1049 Weight - 0.49 Colour - Faint Green Shape - Round Clarity -  Measurements - 5.08x5.15x3.08 Fluoresence - None Polish -  Symmetry -  No Of Diamonds - 1,0.47ct Light Yellowish Gray Heart Diamond CGL,in stock,new,8843.98 HKD,https://colourdiam.com/diamonddetails/Menu/1049,https://www.colourdiam.com/Product/Diamond/1049/still.jpg,ColourDiam,Apparel & Accessories > Jewelry,,1,,,,unisex,,,adult,,,,,,,,,GIA,Fine Jewelry
7100,Sku - 7100 Weight - 0.49 Colour - Fancy Dark Gray Yellowish Green Shape - Cushion Clarity - I1 Measurements - 4.62 x 4.57 x 2.65 Fluoresence - STG Polish - G Symmetry - GD No Of Diamonds - 1,0.46ct Fancy Light Gray Radiant Diamond GIA,in stock,new,8874.9 HKD,https://colourdiam.com/diamonddetails/Menu/7100,https://www.colourdiam.com/Product/Diamond/7100/still.jpg,ColourDiam,Apparel & Accessories > Jewelry,,1,,,,unisex,,,adult,,,,,,,,,GIA,Fine Jewelry
1381,Sku - 1381 Weight - 0.48 Colour - Fancy Vivid Yellow Shape - Cushion Clarity - SI1 Measurements - 5.04X4.24X2.75 Fluoresence - None Polish - EX Symmetry - VG No Of Diamonds - 1,0.46ct Fancy Vivid Yellow Orange Cushion Diamond GIA,in stock,new,19492.85 HKD,https://colourdiam.com/diamonddetails/Menu/1381,https://www.colourdiam.com/Product/Diamond/1381/still.jpg,ColourDiam,Apparel & Accessories > Jewelry,,1,,,,unisex,,,adult,,,,,,,,,GIA,Fine Jewelry
4730,Sku - 4730 Weight - 0.48 Colour - Fancy Light Greenish Blue Shape - Pear Clarity - SI1 Measurements - 5.9X4.33X2.56 Fluoresence - None Polish - G Symmetry - GD No Of Diamonds - 1,0.46ct Radiant Fancy Brownish Pink SI2 GIA Diamond,in stock,new,19492.85 HKD,https://colourdiam.com/diamonddetails/Menu/4730,https://www.colourdiam.com/Product/Diamond/4730/still.jpg,ColourDiam,Apparel & Accessories > Jewelry,,1,,,,unisex,,,adult,,,,,,,,,GIA,Fine Jewelry
8698,Sku - 8698 Weight - 0.48 Colour - Fancy Light Yellow Green Shape - Radiant Clarity - SI2 Measurements - 4.36x4.34x2.86 Fluoresence - Vst Polish - VG Symmetry - GD No Of Diamonds - 1,0.46ct Faint Pink VS2 Round GIA Natural Diamond,in stock,new,17326.98 HKD,https://colourdiam.com/diamonddetails/Menu/8698,https://www.colourdiam.com/Product/Diamond/8698/still.jpg,ColourDiam,Apparel & Accessories > Jewelry,,1,,,,unisex,,,adult,,,,,,,,,GIA,Fine Jewelry
2963,Sku - 2963 Weight - 0.47 Colour - Light Yellowish Gray Shape - Heart Clarity - SI2 Measurements - 4.46*5.07*2.87 Fluoresence - None Polish -  Symmetry -  No Of Diamonds - 1,0.46ct Fancy Yellow Green Pear GIA Diamond,in stock,new,0 HKD,https://colourdiam.com/diamonddetails/Menu/2963,https://www.colourdiam.com/Product/Diamond/2963/still.jpg,ColourDiam,Apparel & Accessories > Jewelry,,1,,,,unisex,,,adult,,,,,,,,,CGL,Fine Jewelry
1348,Sku - 1348 Weight - 0.46 Colour - Fancy Light Gray Shape - Radiant Clarity - I2 Measurements - 4.61*4.48*2.85 Fluoresence - None Polish - G Symmetry - GD No Of Diamonds - 1,0.46ct Fancy Yellow Cushion GIA Natural Diamond,in stock,new,9132.76 HKD,https://colourdiam.com/diamonddetails/Menu/1348,https://www.colourdiam.com/Product/Diamond/1348/still.jpg,ColourDiam,Apparel & Accessories > Jewelry,,1,,,,unisex,,,adult,,,,,,,,,GIA,Fine Jewelry
7107,Sku - 7107 Weight - 0.46 Colour - Fancy Vivid Yellow Orange Shape - Cushion Clarity - SI2 Measurements - 4.85 X 3.75 X 2.72 Fluoresence - None Polish - VG Symmetry - VG No Of Diamonds - 1,0.46ct Fancy Light Purplish Pink Round Diamond GIA,in stock,new,36896.35 HKD,https://colourdiam.com/diamonddetails/Menu/7107,https://www.colourdiam.com/Product/Diamond/7107/still.jpg,ColourDiam,Apparel & Accessories > Jewelry,,1,,,,unisex,,,adult,,,,,,,,,GIA,Fine Jewelry
5537,Sku - 5537 Weight - 0.46 Colour - Fancy Brownish Pink Shape - Radiant Clarity - SI2 Measurements - 4.04 x 4.01 x 2.99 Fluoresence - None Polish - EX Symmetry - GD No Of Diamonds - 1,0.46ct W-X SI2 Round GIA Natural Diamond,in stock,new,14944.52 HKD,https://colourdiam.com/diamonddetails/Menu/5537,https://www.colourdiam.com/Product/Diamond/5537/still.jpg,ColourDiam,Apparel & Accessories > Jewelry,,1,,,,unisex,,,adult,,,,,,,,,GIA,Fine Jewelry
7794,Sku - 7794 Weight - 0.46 Colour - Faint Pink Shape - Round Clarity - VS2 Measurements - 5.02 x 5.03 X 2.98 Fluoresence - None Polish - EX Symmetry - EX No Of Diamonds - 1,0.45ct Faint Pink I1 GIA Round Diamond,in stock,new,7887.39 HKD,https://colourdiam.com/diamonddetails/Menu/7794,https://www.colourdiam.com/Product/Diamond/7794/still.jpg,ColourDiam,Apparel & Accessories > Jewelry,,1,,,,unisex,,,adult,,,,,,,,,GIA,Fine Jewelry
5723,Sku - 5723 Weight - 0.46 Colour - Fancy Yellow Shape - Cushion Clarity - SI1 Measurements - 4.38x4.02x2.84 Fluoresence - Fnt Polish - EX Symmetry - GD No Of Diamonds - 1,0.45ct Faint Pink SI2 Round GIA Diamond,in stock,new,4151.26 HKD,https://colourdiam.com/diamonddetails/Menu/5723,https://www.colourdiam.com/Product/Diamond/5723/still.jpg,ColourDiam,Apparel & Accessories > Jewelry,,1,,,,unisex,,,adult,,,,,,,,,GIA,Fine Jewelry
4970,Sku - 4970 Weight - 0.46 Colour - Fancy Yellow Green Shape - Pear Clarity - I1 Measurements - 6.26 x 3.88 x 2.45 Fluoresence - None Polish - G Symmetry - VG No Of Diamonds - 1,0.45ct Fancy Intense Yellow Pear SI1 GIA Diamond,in stock,new,3321 HKD,https://colourdiam.com/diamonddetails/Menu/4970,https://www.colourdiam.com/Product/Diamond/4970/still.jpg,ColourDiam,Apparel & Accessories > Jewelry,,1,,,,unisex,,,adult,,,,,,,,,GIA,Fine Jewelry
99,Sku - 99 Weight - 0.46 Colour - Fancy Light Purplish Pink Shape - Round Clarity -  Measurements - 4.94 X 4.99 X 3.02 Fluoresence - None Polish -  Symmetry -  No Of Diamonds - 1,0.45ct Fancy Vivid Yellow Orange Cushion Diamond GIA,in stock,new,74722.61 HKD,https://colourdiam.com/diamonddetails/Menu/99,https://www.colourdiam.com/Product/Diamond/99/still.jpg,ColourDiam,Apparel & Accessories > Jewelry,,1,,,,unisex,,,adult,,,,,,,,,GIA,Fine Jewelry
2309,Sku - 2309 Weight - 0.46 Colour - W-X Shape - Round Clarity - SI2 Measurements - 4.97X4.91X3.09 Fluoresence - Fnt Polish - G Symmetry - GD No Of Diamonds - 1,0.45ct Fancy Light Purplish Pink Cushion GIA Diamond,in stock,new,6226.88 HKD,https://colourdiam.com/diamonddetails/Menu/2309,https://www.colourdiam.com/Product/Diamond/2309/still.jpg,ColourDiam,Apparel & Accessories > Jewelry,,1,,,,unisex,,,adult,,,,,,,,,GIA,Fine Jewelry
9259,Sku - 9259 Weight - 0.45 Colour - Faint Pink Shape - Round Clarity - I1 Measurements - 4.93 - 4.95 x 2.99 Fluoresence - None Polish - EX Symmetry - EX No Of Diamonds - 1,0.44ct Fancy Deep Purplish Pink Pear Diamond AGT,in stock,new,4061.01 HKD,https://colourdiam.com/diamonddetails/Menu/9259,https://www.colourdiam.com/Product/Diamond/9259/still.jpg,ColourDiam,Apparel & Accessories > Jewelry,,1,,,,unisex,,,adult,,,,,,,,,GIA,Fine Jewelry
9258,Sku - 9258 Weight - 0.45 Colour - Faint Pink Shape - Round Clarity - SI2 Measurements - 4.87 - 4.90 x 3.00 Fluoresence - None Polish - EX Symmetry - EX No Of Diamonds - 1,0.44ct Fancy Intense Orangy Yellow Marquise Diamond GIA,in stock,new,6091.52 HKD,https://colourdiam.com/diamonddetails/Menu/9258,https://www.colourdiam.com/Product/Diamond/9258/still.jpg,ColourDiam,Apparel & Accessories > Jewelry,,1,,,,unisex,,,adult,,,,,,,,,GIA,Fine Jewelry
4161,Sku - 4161 Weight - 0.45 Colour - Fancy Intense Yellow Shape - Pear Clarity - SI1 Measurements - 6.97*4.38*1.97 Fluoresence - None Polish - G Symmetry - GD No Of Diamonds - 1,0.44ct Fancy Grayish Yellowish Green SI1 Round Diamond,in stock,new,7309.82 HKD,https://colourdiam.com/diamonddetails/Menu/4161,https://www.colourdiam.com/Product/Diamond/4161/still.jpg,ColourDiam,Apparel & Accessories > Jewelry,,1,,,,unisex,,,adult,,,,,,,,,GIA,Fine Jewelry
7112,Sku - 7112 Weight - 0.45 Colour - Fancy Vivid Yellow Orange Shape - Cushion Clarity - I1 Measurements - 4.57 X 3.94 X 2.90 Fluoresence - Med Polish - EX Symmetry - GD No Of Diamonds - 1,0.44 Carat F VVS2 GIA Round Natural Diamond,in stock,new,36094.27 HKD,https://colourdiam.com/diamonddetails/Menu/7112,https://www.colourdiam.com/Product/Diamond/7112/still.jpg,ColourDiam,Apparel & Accessories > Jewelry,,1,,,,unisex,,,adult,,,,,,,,,GIA,Fine Jewelry
4657,Sku - 4657 Weight - 0.45 Colour - Fancy Light Purplish Pink Shape - Cushion Clarity - I1 Measurements - 4.75*3.99*2.65 Fluoresence - None Polish - EX Symmetry - VG No Of Diamonds - 1,0.43ct Fancy Light Pinkish Purple Cushion Diamond GIA,in stock,new,21929.46 HKD,https://colourdiam.com/diamonddetails/Menu/4657,https://www.colourdiam.com/Product/Diamond/4657/still.jpg,ColourDiam,Apparel & Accessories > Jewelry,,1,,,,unisex,,,adult,,,,,,,,,GIA,Fine Jewelry
7683,Sku - 7683 Weight - 0.44 Colour - Fancy Intense Orangy Yellow Shape - Marquise Clarity - I1 Measurements - 6.82 x 3.88 x 2.44 Fluoresence - STG Polish - VG Symmetry - F No Of Diamonds - 1,0.43ct Fancy Pinkish Purple Heart Diamond GIA,in stock,new,11118.15 HKD,https://colourdiam.com/diamonddetails/Menu/7683,https://www.colourdiam.com/Product/Diamond/7683/still.jpg,ColourDiam,Apparel & Accessories > Jewelry,,1,,,,unisex,,,adult,,,,,,,,,GIA,Fine Jewelry
5760,Sku - 5760 Weight - 0.44 Colour - Fancy Deep Purplish Pink Shape - Pear Clarity - I1 Measurements - 6.81 X 3.99 Fluoresence - Med Polish -  Symmetry -  No Of Diamonds - 1,0.43ct Fancy Intense Yellow Oval SI1 GIA Diamond,in stock,new,59561.5 HKD,https://colourdiam.com/diamonddetails/Menu/5760,https://www.colourdiam.com/Product/Diamond/5760/still.jpg,ColourDiam,Apparel & Accessories > Jewelry,,1,,,,unisex,,,adult,,,,,,,,,AGT,Fine Jewelry
8741,Sku - 8741 Weight - 0.44 Colour - Fancy Grayish Yellowish Green Shape - Round Clarity - SI1 Measurements - 4.91 - 4.93 X 2.97 Fluoresence - None Polish - G Symmetry - GD No Of Diamonds - 1,0.43ct Fancy Light Orangy Pink Cushion SI1 GIA Diamond,in stock,new,7147.38 HKD,https://colourdiam.com/diamonddetails/Menu/8741,https://www.colourdiam.com/Product/Diamond/8741/still.jpg,ColourDiam,Apparel & Accessories > Jewelry,,1,,,,unisex,,,adult,,,,,,,,,GIA,Fine Jewelry
1055,Sku - 1055 Weight - 0.44 Colour - F Shape - Round Clarity - VVS2 Measurements - 4.89X4.85X3.04 Fluoresence - Fnt Polish - VG Symmetry - VG No Of Diamonds - 1,0.43ct Fancy Vivid Yellow Oval VS1 GIA Diamond,in stock,new,7941.53 HKD,https://colourdiam.com/diamonddetails/Menu/1055,https://www.colourdiam.com/Product/Diamond/1055/still.jpg,ColourDiam,Apparel & Accessories > Jewelry,,1,,,,unisex,,,adult,,,,,,,,,GIA,Fine Jewelry
4511,Sku - 4511 Weight - 0.43 Colour - Fancy Light Pinkish Purple Shape - Cushion Clarity - SI2 Measurements - 4.22*4.11*2.81 Fluoresence - None Polish - VG Symmetry - VG No Of Diamonds - 1,"**Incandescent 0.43 Ct Fancy Pink Purple Cushion-Cut Diamond**

Discover this 0.43-carat Fancy Pink Purple Cushion-cut loose diamond, independently certified I2 clarity with measurements of 4.49X3.98X2.73. Every facet has been precision-engineered to unleash a incandescent cascade of light.",in stock,new,29103.91 HKD,https://colourdiam.com/diamonddetails/Menu/4511,https://www.colourdiam.com/Product/Diamond/4511/still.jpg,ColourDiam,Apparel & Accessories > Jewelry,,1,,,,unisex,,,adult,,,,,,,,,GIA,Fine Jewelry
5757,Sku - 5757 Weight - 0.43 Colour - Fancy Pinkish Purple Shape - Heart Clarity -  Measurements - 4.85 X 5.06 X 2.74 Fluoresence - None Polish -  Symmetry -  No Of Diamonds - 1,0.43ct Fancy Intense Yellow Oval VS1 GIA Diamond,in stock,new,27939.76 HKD,https://colourdiam.com/diamonddetails/Menu/5757,https://www.colourdiam.com/Product/Diamond/5757/still.jpg,ColourDiam,Apparel & Accessories > Jewelry,,1,,,,unisex,,,adult,,,,,,,,,GIA,Fine Jewelry
5033,Sku - 5033 Weight - 0.43 Colour - Fancy Intense Yellow Shape - Oval Clarity - SI1 Measurements - 5.41*4.08*2.53 Fluoresence - Fnt Polish - VG Symmetry - F No Of Diamonds - 1,"**Exquisite 0.42 Ct Fancy Yellow Cushion-Cut Diamond**

Presenting an extraordinary loose natural diamond — a 0.42-carat Fancy Yellow Cushion-cut gemstone with SI2 clarity. Expertly cut to maximize brilliance, fire, and scintillation, making it an exceptional addition to any discerning collector's portfolio.",in stock,new,5820.78 HKD,https://colourdiam.com/diamonddetails/Menu/5033,https://www.colourdiam.com/Product/Diamond/5033/still.jpg,ColourDiam,Apparel & Accessories > Jewelry,,1,,,,unisex,,,adult,,,,,,,,,GIA,Fine Jewelry
4656,Sku - 4656 Weight - 0.43 Colour - Fancy Light Orangy Pink Shape - Cushion Clarity - SI1 Measurements - 4.29.4.09*2.66 Fluoresence - None Polish - VG Symmetry - GD No Of Diamonds - 1,"**Sparkling 0.42 Ct Light Pink Cushion-Cut Diamond**

Discover this 0.42-carat Light Pink Cushion-cut loose diamond, independently certified I2 clarity with measurements of 4.42X4.13X2.67. Every facet has been precision-engineered to unleash a sparkling cascade of light.",in stock,new,27939.76 HKD,https://colourdiam.com/diamonddetails/Menu/4656,https://www.colourdiam.com/Product/Diamond/4656/still.jpg,ColourDiam,Apparel & Accessories > Jewelry,,1,,,,unisex,,,adult,,,,,,,,,GIA,Fine Jewelry
4309,Sku - 4309 Weight - 0.43 Colour - Fancy Vivid Yellow Shape - Oval Clarity - VS1 Measurements - 4.96*3.88*2.72 Fluoresence - None Polish - G Symmetry - GD No Of Diamonds - 1,0.42ct Very Light Pink Pear GIA Diamond,in stock,new,11641.57 HKD,https://colourdiam.com/diamonddetails/Menu/4309,https://www.colourdiam.com/Product/Diamond/4309/still.jpg,ColourDiam,Apparel & Accessories > Jewelry,,1,,,,unisex,,,adult,,,,,,,,,GIA,Fine Jewelry
2238,Sku - 2238 Weight - 0.43 Colour - Fancy Pink Purple Shape - Cushion Clarity - I2 Measurements - 4.49X3.98X2.73 Fluoresence - Med Polish - EX Symmetry - GD No Of Diamonds - 1,0.42ct Fancy Intense Purple Pink Radiant Diamond GIA,in stock,new,31044.18 HKD,https://colourdiam.com/diamonddetails/Menu/2238,https://www.colourdiam.com/Product/Diamond/2238/still.jpg,ColourDiam,Apparel & Accessories > Jewelry,,1,,,,unisex,,,adult,,,,,,,,,GIA,Fine Jewelry
6181,Sku - 6181 Weight - 0.42 Colour - Fancy Yellow Shape - Cushion Clarity - SI2 Measurements - 4.83 X 3.63 X 2.50 Fluoresence - None Polish - EX Symmetry - VG No Of Diamonds - 1,0.42ct Fancy Pink Purple Marquise GIA Diamond,in stock,new,4548.33 HKD,https://colourdiam.com/diamonddetails/Menu/6181,https://www.colourdiam.com/Product/Diamond/6181/still.jpg,ColourDiam,Apparel & Accessories > Jewelry,,1,,,,unisex,,,adult,,,,,,,,,GIA,Fine Jewelry
5160,Sku - 5160 Weight - 0.42 Colour - Light Pink Shape - Cushion Clarity - I2 Measurements - 4.42X4.13X2.67 Fluoresence - Med Polish - VG Symmetry - GD No Of Diamonds - 1,"**Matchless 0.42 Ct Fancy Light Gray Blue Round-Cut Diamond**

Nature's creation — a 0.42-carat Fancy Light Gray Blue Round-cut diamond graded SI2 clarity. Magnificent proportions deliver exceptional light performance. A rare investment-grade treasure for the most exclusive private collections.",in stock,new,10233.75 HKD,https://colourdiam.com/diamonddetails/Menu/5160,https://www.colourdiam.com/Product/Diamond/5160/still.jpg,ColourDiam,Apparel & Accessories > Jewelry,,1,,,,unisex,,,adult,,,,,,,,,GIA,Fine Jewelry
7129,Sku - 7129 Weight - 0.42 Colour - Very Light Pink Shape - Pear Clarity - I1 Measurements - 6.45X3.94X2.6 Fluoresence - None Polish - VG Symmetry - GD No Of Diamonds - 1,"**Glorious 0.42 Ct Light Pink Brown Oval-Cut Diamond**

Presenting an extraordinary loose natural diamond — a 0.42-carat Light Pink Brown Oval-cut gemstone with SI2 clarity. Expertly cut to maximize brilliance, fire, and scintillation, making it an exceptional addition to any discerning collector's portfolio.",in stock,new,9854.72 HKD,https://colourdiam.com/diamonddetails/Menu/7129,https://www.colourdiam.com/Product/Diamond/7129/still.jpg,ColourDiam,Apparel & Accessories > Jewelry,,1,,,,unisex,,,adult,,,,,,,,,GIA,Fine Jewelry
118,Sku - 118 Weight - 0.42 Colour - Fancy Intense Purple Pink Shape - Radiant Clarity - I2 Measurements - 4.19X3.80X2.75 Fluoresence - Fnt Polish - VG Symmetry - GD No Of Diamonds - 1,0.42ct Fancy Intense Pink Oval Diamond AGT,in stock,new,75805.55 HKD,https://colourdiam.com/diamonddetails/Menu/118,https://www.colourdiam.com/Product/Diamond/118/still.jpg,ColourDiam,Apparel & Accessories > Jewelry,,1,,,,unisex,,,adult,,,,,,,,,GIA,Fine Jewelry
330,Sku - 330 Weight - 0.42 Colour - Fancy Pink Purple Shape - Marquise Clarity - SI2 Measurements - 6.73X3.62X2.62 Fluoresence - Med Polish - G Symmetry - GD No Of Diamonds - 1,"**One-of-a-kind 0.42 Ct Fancy Intense Pink Radiant-Cut Diamond**

Nature's heirloom — a 0.42-carat Fancy Intense Pink Radiant-cut diamond graded Measurements - 4.15 x 4.01 x 2.69 clarity. Impeccable proportions deliver exceptional light performance. A rare investment-grade treasure for the most exclusive private collections.",in stock,new,87176.38 HKD,https://colourdiam.com/diamonddetails/Menu/330,https://www.colourdiam.com/Product/Diamond/330/still.jpg,ColourDiam,Apparel & Accessories > Jewelry,,1,,,,unisex,,,adult,,,,,,,,,GIA,Fine Jewelry
6034,Sku - 6034 Weight - 0.42 Colour - Light Pink Brown Shape - Oval Clarity - SI2 Measurements - 5.28 X 3.88 X 2.57 Fluoresence - Fnt Polish - VG Symmetry - VG No Of Diamonds - 1,"**Gleaming 0.41 Ct F Color Radiant-Cut Diamond**

Discover this 0.41-carat F Color Radiant-cut loose diamond, independently certified IF clarity with measurements of 5.05 x 3.72 x 2.63. Every facet has been precision-engineered to unleash a gleaming cascade of light.",in stock,new,10233.75 HKD,https://colourdiam.com/diamonddetails/Menu/6034,https://www.colourdiam.com/Product/Diamond/6034/still.jpg,ColourDiam,Apparel & Accessories > Jewelry,,1,,,,unisex,,,adult,,,,,,,,,GIA,Fine Jewelry
2975,Sku - 2975 Weight - 0.42 Colour - Fancy Intense Pink Shape - Oval Clarity - I1 Measurements - 6.19X4.10X2.46 Fluoresence - None Polish -  Symmetry -  No Of Diamonds - 1,"**Exquisite 0.41 Ct Light Pink Cushion-Cut Diamond**

Presenting an extraordinary loose natural diamond — a 0.41-carat Light Pink Cushion-cut gemstone with SI2 clarity. Expertly cut to maximize brilliance, fire, and scintillation, making it an exceptional addition to any discerning collector's portfolio.",in stock,new,170562.48 HKD,https://colourdiam.com/diamonddetails/Menu/2975,https://www.colourdiam.com/Product/Diamond/2975/still.jpg,ColourDiam,Apparel & Accessories > Jewelry,,1,,,,unisex,,,adult,,,,,,,,,AGT,Fine Jewelry
2109,Sku - 2109 Weight - 0.42 Colour - Fancy Light Gray Blue Shape - Round Clarity - SI2 Measurements - 4.80X4.72X2.95 Fluoresence - None Polish - G Symmetry - GD No Of Diamonds - 1,"**Sparkling 0.41 Ct Fancy Light Bluish Green Round-Cut Diamond**

Discover this 0.41-carat Fancy Light Bluish Green Round-cut loose diamond, independently certified VVS2 clarity with measurements of 4.79X4.75X2.91. Every facet has been precision-engineered to unleash a sparkling cascade of light.",in stock,new,113708.32 HKD,https://colourdiam.com/diamonddetails/Menu/2109,https://www.colourdiam.com/Product/Diamond/2109/still.jpg,ColourDiam,Apparel & Accessories > Jewelry,,1,,,,unisex,,,adult,,,,,,,,,GIA,Fine Jewelry
9498,Sku - 9498 Weight - 0.42 Colour - Fancy Intense Pink Shape - Radiant Clarity -  Measurements - 4.15 x 4.01 x 2.69 Fluoresence -  Polish -  Symmetry -  No Of Diamonds - 1,"**Stunning 0.41 Ct Fancy Pinkish Purple Cushion-Cut Diamond**

Presenting an extraordinary loose natural diamond — a 0.41-carat Fancy Pinkish Purple Cushion-cut gemstone with VVS2 clarity. Expertly cut to maximize brilliance, fire, and scintillation, making it an exceptional addition to any discerning collector's portfolio.",in stock,new,0 HKD,https://colourdiam.com/diamonddetails/Menu/9498,https://www.colourdiam.com/Product/Diamond/9498/still.jpg,ColourDiam,Apparel & Accessories > Jewelry,,1,,,,unisex,,,adult,,,,,,,,,GIA,Fine Jewelry
6629,Sku - 6629 Weight - 0.41 Colour - F Shape - Radiant Clarity - IF Measurements - 5.05 x 3.72 x 2.63 Fluoresence - None Polish - EX Symmetry - VG No Of Diamonds - 1,"**Incandescent 0.41 Ct Fancy Intense Yellow Cushion-Cut Diamond**

Discover this 0.41-carat Fancy Intense Yellow Cushion-cut loose diamond, independently certified SI1 clarity with measurements of 4.59X3.93X2.62. Every facet has been precision-engineered to unleash a incandescent cascade of light.",in stock,new,4440.04 HKD,https://colourdiam.com/diamonddetails/Menu/6629,https://www.colourdiam.com/Product/Diamond/6629/still.jpg,ColourDiam,Apparel & Accessories > Jewelry,,1,,,,unisex,,,adult,,,,,,,,,GIA,Fine Jewelry
1896,Sku - 1896 Weight - 0.41 Colour - Fancy Intense Yellow Shape - Cushion Clarity - SI1 Measurements - 4.59X3.93X2.62 Fluoresence - Fnt Polish - EX Symmetry - GD No Of Diamonds - 1,"**Unparalleled 0.41 Ct Faint Pink Pear-Cut Diamond**

Nature's marvel — a 0.41-carat Faint Pink Pear-cut diamond graded VS2 clarity. Artisanal proportions deliver exceptional light performance. A rare investment-grade treasure for the most exclusive private collections.",in stock,new,4995.08 HKD,https://colourdiam.com/diamonddetails/Menu/1896,https://www.colourdiam.com/Product/Diamond/1896/still.jpg,ColourDiam,Apparel & Accessories > Jewelry,,1,,,,unisex,,,adult,,,,,,,,,GIA,Fine Jewelry
7235,Sku - 7235 Weight - 0.41 Colour - Fancy Pinkish Purple Shape - Cushion Clarity - VVS2 Measurements - 4.39 x 4.35 x 2.63 Fluoresence - None Polish - VG Symmetry - GD No Of Diamonds - 1,0.41ct Fancy Blue Gray Radiant Diamond,in stock,new,92500.81 HKD,https://colourdiam.com/diamonddetails/Menu/7235,https://www.colourdiam.com/Product/Diamond/7235/still.jpg,ColourDiam,Apparel & Accessories > Jewelry,,1,,,,unisex,,,adult,,,,,,,,,GIA,Fine Jewelry
2340,Sku - 2340 Weight - 0.41 Colour - Fancy Light Bluish Green Shape - Round Clarity - VVS2 Measurements - 4.79X4.75X2.91 Fluoresence - None Polish - VG Symmetry - VG No Of Diamonds - 1,0.41ct Light Pink Pear GIA Diamond,in stock,new,61050.54 HKD,https://colourdiam.com/diamonddetails/Menu/2340,https://www.colourdiam.com/Product/Diamond/2340/still.jpg,ColourDiam,Apparel & Accessories > Jewelry,,1,,,,unisex,,,adult,,,,,,,,,GIA,Fine Jewelry
4139,Sku - 4139 Weight - 0.41 Colour - Light Pink Shape - Cushion Clarity - SI2 Measurements - 4.25 X 4.25 X 2.58 Fluoresence - None Polish - VG Symmetry - GD No Of Diamonds - 1,0.41ct Light Pink Pear VS2 GIA Natural Diamond,in stock,new,16650.15 HKD,https://colourdiam.com/diamonddetails/Menu/4139,https://www.colourdiam.com/Product/Diamond/4139/still.jpg,ColourDiam,Apparel & Accessories > Jewelry,,1,,,,unisex,,,adult,,,,,,,,,GIA,Fine Jewelry
7679,Sku - 7679 Weight - 0.41 Colour - Faint Pink Shape - Pear Clarity - VS2 Measurements - 6.84X4.05X2.4 Fluoresence - None Polish - VG Symmetry - VG No Of Diamonds - 1,0.41ct Light Pink Cushion GIA Natural Diamond,in stock,new,14430.13 HKD,https://colourdiam.com/diamonddetails/Menu/7679,https://www.colourdiam.com/Product/Diamond/7679/still.jpg,ColourDiam,Apparel & Accessories > Jewelry,,1,,,,unisex,,,adult,,,,,,,,,GIA,Fine Jewelry
80,Sku - 80 Weight - 0.41 Colour - Fancy Blue Gray Shape - Radiant Clarity - SI1 Measurements - 4.14X3.92X3.17 Fluoresence - None Polish - G Symmetry - F No Of Diamonds - 1,0.41ct Fancy Light Pinkish Purple Pear Diamond GIA,in stock,new,74000.65 HKD,https://colourdiam.com/diamonddetails/Menu/80,https://www.colourdiam.com/Product/Diamond/80/still.jpg,ColourDiam,Apparel & Accessories > Jewelry,,1,,,,unisex,,,adult,,,,,,,,,GIA,Fine Jewelry
7130,Sku - 7130 Weight - 0.41 Colour - Light Pink Shape - Pear Clarity - I1 Measurements - 6.06X3.85X2.4 Fluoresence - Fnt Polish - G Symmetry - GD No Of Diamonds - 1,0.41ct Fancy Yellow Radiant GIA Diamond,in stock,new,11122.31 HKD,https://colourdiam.com/diamonddetails/Menu/7130,https://www.colourdiam.com/Product/Diamond/7130/still.jpg,ColourDiam,Apparel & Accessories > Jewelry,,1,,,,unisex,,,adult,,,,,,,,,GIA,Fine Jewelry
6387,Sku - 6387 Weight - 0.41 Colour - Light Pink Shape - Pear Clarity - VS2 Measurements - 6.04 x 3.87 x 2.49 Fluoresence - None Polish - VG Symmetry - GD No Of Diamonds - 1,0.41ct Fancy Vivid Yellow Orange Cushion Diamond,in stock,new,14800.13 HKD,https://colourdiam.com/diamonddetails/Menu/6387,https://www.colourdiam.com/Product/Diamond/6387/still.jpg,ColourDiam,Apparel & Accessories > Jewelry,,1,,,,unisex,,,adult,,,,,,,,,GIA,Fine Jewelry
6315,Sku - 6315 Weight - 0.41 Colour - Light Pink Shape - Cushion Clarity - I1 Measurements - 4.55 x 3.78 x 2.57 Fluoresence - None Polish - VG Symmetry - VG No Of Diamonds - 1,0.40ct Fancy Light Purplish Pink Cushion Diamond GIA,in stock,new,22200.2 HKD,https://colourdiam.com/diamonddetails/Menu/6315,https://www.colourdiam.com/Product/Diamond/6315/still.jpg,ColourDiam,Apparel & Accessories > Jewelry,,1,,,,unisex,,,adult,,,,,,,,,GIA,Fine Jewelry
5408,Sku - 5408 Weight - 0.41 Colour - Fancy Light Pinkish Purple Shape - Pear Clarity - VS2 Measurements - 5.96 X 3.63 X 2.59 Fluoresence - Fnt Polish - G Symmetry - GD No Of Diamonds - 1,0.40ct Fancy Brownish Greenish Yellow Oval Diamond GIA,in stock,new,49950.44 HKD,https://colourdiam.com/diamonddetails/Menu/5408,https://www.colourdiam.com/Product/Diamond/5408/still.jpg,ColourDiam,Apparel & Accessories > Jewelry,,1,,,,unisex,,,adult,,,,,,,,,GIA,Fine Jewelry
5733,Sku - 5733 Weight - 0.41 Colour - Fancy Yellow Shape - Radiant Clarity - I1 Measurements - 4.07x3.90x2.69 Fluoresence - Med Polish - VG Symmetry - VG No Of Diamonds - 1,0.40ct Fancy Pink Purple Radiant VS1 GIA Diamond,in stock,new,3330.03 HKD,https://colourdiam.com/diamonddetails/Menu/5733,https://www.colourdiam.com/Product/Diamond/5733/still.jpg,ColourDiam,Apparel & Accessories > Jewelry,,1,,,,unisex,,,adult,,,,,,,,,GIA,Fine Jewelry
7110,Sku - 7110 Weight - 0.41 Colour - Fancy Vivid Yellow Orange Shape - Cushion Clarity - SI2 Measurements - 4.37 X 3.81 X 2.65 Fluoresence - Med Polish - VG Symmetry - VG No Of Diamonds - 1,0.40ct Light Pink Cushion GIA Natural Diamond,in stock,new,32885.87 HKD,https://colourdiam.com/diamonddetails/Menu/7110,https://www.colourdiam.com/Product/Diamond/7110/still.jpg,ColourDiam,Apparel & Accessories > Jewelry,,1,,,,unisex,,,adult,,,,,,,,,GIA,Fine Jewelry
7116,Sku - 7116 Weight - 0.4 Colour - Fancy Light Purplish Pink Shape - Cushion Clarity - SI2 Measurements - 4.14 X 3.99 X 2.72 Fluoresence - Med Polish - G Symmetry - F No Of Diamonds - 1,0.40ct F VS2 Pear GIA Natural Diamond,in stock,new,32083.79 HKD,https://colourdiam.com/diamonddetails/Menu/7116,https://www.colourdiam.com/Product/Diamond/7116/still.jpg,ColourDiam,Apparel & Accessories > Jewelry,,1,,,,unisex,,,adult,,,,,,,,,GIA,Fine Jewelry
6075,Sku - 6075 Weight - 0.4 Colour - Fancy Brownish Greenish Yellow Shape - Oval Clarity - SI2 Measurements - 5.35 X 3.91 X 2.45 Fluoresence - Med Polish - VG Symmetry - GD No Of Diamonds - 1,0.40ct F VVS2 Pear GIA Natural Diamond,in stock,new,3609.79 HKD,https://colourdiam.com/diamonddetails/Menu/6075,https://www.colourdiam.com/Product/Diamond/6075/still.jpg,ColourDiam,Apparel & Accessories > Jewelry,,1,,,,unisex,,,adult,,,,,,,,,GIA,Fine Jewelry
6401,Sku - 6401 Weight - 0.4 Colour - Light Pink Shape - Cushion Clarity - I1 Measurements - 4.44 x 3.83 x 2.59 Fluoresence - Fnt Polish - VG Symmetry - VG No Of Diamonds - 1,0.40ct O-P SI2 Round GIA Natural Diamond,in stock,new,21658.73 HKD,https://colourdiam.com/diamonddetails/Menu/6401,https://www.colourdiam.com/Product/Diamond/6401/still.jpg,ColourDiam,Apparel & Accessories > Jewelry,,1,,,,unisex,,,adult,,,,,,,,,GIA,Fine Jewelry
7722,Sku - 7722 Weight - 0.4 Colour - Fancy Pink Purple Shape - Radiant Clarity - VS1 Measurements - 4.62 X 3.64 X 2.44 Fluoresence - None Polish - EX Symmetry - VG No Of Diamonds - 1,0.40ct Fancy Light Pink Cushion GIA Diamond,in stock,new,66781.08 HKD,https://colourdiam.com/diamonddetails/Menu/7722,https://www.colourdiam.com/Product/Diamond/7722/still.jpg,ColourDiam,Apparel & Accessories > Jewelry,,1,,,,unisex,,,adult,,,,,,,,,GIA,Fine Jewelry
8923,Sku - 8923 Weight - 0.4 Colour - F Shape - Pear Clarity - VS2 Measurements - 6.53 x 4.01 x 2.48 Fluoresence - None Polish - VG Symmetry - F No Of Diamonds - 1,0.40ct Fancy Light Pink Cushion Diamond GIA SI2,in stock,new,3429.3 HKD,https://colourdiam.com/diamonddetails/Menu/8923,https://www.colourdiam.com/Product/Diamond/8923/still.jpg,ColourDiam,Apparel & Accessories > Jewelry,,1,,,,unisex,,,adult,,,,,,,,,GIA,Fine Jewelry
9368,Sku - 9368 Weight - 0.4 Colour - F Shape - Pear Clarity - VVS2 Measurements - 6.49 x 4.06 x 2.60 Fluoresence - None Polish - EX Symmetry - VG No Of Diamonds - 1,0.40ct E VVS1 Emerald GIA Natural Diamond,in stock,new,3970.77 HKD,https://colourdiam.com/diamonddetails/Menu/9368,https://www.colourdiam.com/Product/Diamond/9368/still.jpg,ColourDiam,Apparel & Accessories > Jewelry,,1,,,,unisex,,,adult,,,,,,,,,GIA,Fine Jewelry
3771,Sku - 3771 Weight - 0.4 Colour - O-P Shape - Round Clarity - SI2 Measurements - 4.7*4.74*2.96 Fluoresence - Fnt Polish - EX Symmetry - VG No Of Diamonds - 1,0.40ct Fancy Light Bluish Green Cushion VVS1 GIA Diamond,in stock,new,3068.32 HKD,https://colourdiam.com/diamonddetails/Menu/3771,https://www.colourdiam.com/Product/Diamond/3771/still.jpg,ColourDiam,Apparel & Accessories > Jewelry,,1,,,,unisex,,,adult,,,,,,,,,GIA,Fine Jewelry
6272,Sku - 6272 Weight - 0.4 Colour - Fancy Light Pink Shape - Cushion Clarity - SI2 Measurements - 4.29 X 3.87 X 2.44 Fluoresence - None Polish - G Symmetry - F No Of Diamonds - 1,0.40ct Fancy Pink VVS1 Pear GIA Natural Diamond,in stock,new,32083.79 HKD,https://colourdiam.com/diamonddetails/Menu/6272,https://www.colourdiam.com/Product/Diamond/6272/still.jpg,ColourDiam,Apparel & Accessories > Jewelry,,1,,,,unisex,,,adult,,,,,,,,,GIA,Fine Jewelry
6175,Sku - 6175 Weight - 0.4 Colour - E Shape - Emerald Clarity - VVS1 Measurements - 4.54 X 3.62 X 2.78 Fluoresence - None Polish - G Symmetry - GD No Of Diamonds - 1,0.40ct Faint Pink VS2 Round GIA Diamond,in stock,new,4133.21 HKD,https://colourdiam.com/diamonddetails/Menu/6175,https://www.colourdiam.com/Product/Diamond/6175/still.jpg,ColourDiam,Apparel & Accessories > Jewelry,,1,,,,unisex,,,adult,,,,,,,,,GIA,Fine Jewelry
6058,Sku - 6058 Weight - 0.4 Colour - Fancy Light Pink Shape - Cushion Clarity - SI2 Measurements - 4.28 X 3.88 X 2.65 Fluoresence - None Polish - VG Symmetry - VG No Of Diamonds - 1,0.39ct Fancy Intense Orange Yellow Cushion Diamond,in stock,new,35736.9 HKD,https://colourdiam.com/diamonddetails/Menu/6058,https://www.colourdiam.com/Product/Diamond/6058/still.jpg,ColourDiam,Apparel & Accessories > Jewelry,,1,,,,unisex,,,adult,,,,,,,,,GIA,Fine Jewelry
5415,Sku - 5415 Weight - 0.4 Colour - Fancy Light Bluish Green Shape - Cushion Clarity - VVS1 Measurements - 4.23X 3.94X 2.62 Fluoresence - Fnt Polish - G Symmetry - GD No Of Diamonds - 1,0.39ct Fancy Intense Yellow SI1 Cushion Diamond GIA,in stock,new,16966 HKD,https://colourdiam.com/diamonddetails/Menu/5415,https://www.colourdiam.com/Product/Diamond/5415/still.jpg,ColourDiam,Apparel & Accessories > Jewelry,,1,,,,unisex,,,adult,,,,,,,,,GIA,Fine Jewelry
9374,Sku - 9374 Weight - 0.4 Colour - Fancy Pink Shape - Pear Clarity - VVS1 Measurements - 5.73 X 3.98 X 2.48 Fluoresence - None Polish - EX Symmetry - VG No Of Diamonds - 1,0.38ct Fancy Light Purplish Pink SI2 Diamond,in stock,new,64976.18 HKD,https://colourdiam.com/diamonddetails/Menu/9374,https://www.colourdiam.com/Product/Diamond/9374/still.jpg,ColourDiam,Apparel & Accessories > Jewelry,,1,,,,unisex,,,adult,,,,,,,,,GIA,Fine Jewelry
9216,Sku - 9216 Weight - 0.4 Colour - Faint Pink Shape - Round Clarity - VS2 Measurements - 4.50 - 4.54 X 2.97 Fluoresence - None Polish - EX Symmetry - VG No Of Diamonds - 1,0.37ct Fancy Purplish Pink Round Diamond GIA,in stock,new,7219.58 HKD,https://colourdiam.com/diamonddetails/Menu/9216,https://www.colourdiam.com/Product/Diamond/9216/still.jpg,ColourDiam,Apparel & Accessories > Jewelry,,1,,,,unisex,,,adult,,,,,,,,,GIA,Fine Jewelry
258,Sku - 258 Weight - 0.39 Colour - Fancy Intense Orange Yellow Shape - Cushion Clarity - I1 Measurements - 5.45X3.97X2.29 Fluoresence - STG Polish - G Symmetry - GD No Of Diamonds - 1,0.37ct Fancy Light Purplish Pink Oval Diamond GIA,in stock,new,12318.4 HKD,https://colourdiam.com/diamonddetails/Menu/258,https://www.colourdiam.com/Product/Diamond/258/still.jpg,ColourDiam,Apparel & Accessories > Jewelry,,1,,,,unisex,,,adult,,,,,,,,,GIA,Fine Jewelry
6182,Sku - 6182 Weight - 0.39 Colour - Fancy Intense Yellow Shape - Cushion Clarity - SI1 Measurements - 4.16 X 3.89 X 2.69 Fluoresence - None Polish - VG Symmetry - VG No Of Diamonds - 1,0.37ct Fancy Deep Pink Pear Diamond CGL,in stock,new,6335.18 HKD,https://colourdiam.com/diamonddetails/Menu/6182,https://www.colourdiam.com/Product/Diamond/6182/still.jpg,ColourDiam,Apparel & Accessories > Jewelry,,1,,,,unisex,,,adult,,,,,,,,,GIA,Fine Jewelry
213,Sku - 213 Weight - 0.38 Colour - Fancy Light Purplish Pink Shape - Other Clarity - SI2 Measurements - XX Fluoresence - None Polish -  Symmetry -  No Of Diamonds - 1,0.37ct Fancy Light Orangy Pink VS2 Marquise Diamond GIA,in stock,new,85732.46 HKD,https://colourdiam.com/diamonddetails/Menu/213,https://www.colourdiam.com/Product/Diamond/213/still.jpg,ColourDiam,Apparel & Accessories > Jewelry,,1,,,,unisex,,,adult,,,,,,,,,CGL,Fine Jewelry
1398,Sku - 1398 Weight - 0.37 Colour - Fancy Purplish Pink Shape - Round Clarity - I1 Measurements - 4.64X4.56X2.90 Fluoresence - Med Polish - G Symmetry - F No Of Diamonds - 1,0.37ct Fancy Light Pink Brown Pear SI2 GIA Diamond,in stock,new,51755.33 HKD,https://colourdiam.com/diamonddetails/Menu/1398,https://www.colourdiam.com/Product/Diamond/1398/still.jpg,ColourDiam,Apparel & Accessories > Jewelry,,1,,,,unisex,,,adult,,,,,,,,,GIA,Fine Jewelry
149,Sku - 149 Weight - 0.37 Colour - Fancy Light Purplish Pink Shape - Oval Clarity - SI2 Measurements - 4.93X3.42X2.74 Fluoresence - Med Polish - G Symmetry - GD No Of Diamonds - 1,0.36ct Fancy Intense Orange Yellow Marquise Diamond,in stock,new,25042.9 HKD,https://colourdiam.com/diamonddetails/Menu/149,https://www.colourdiam.com/Product/Diamond/149/still.jpg,ColourDiam,Apparel & Accessories > Jewelry,,1,,,,unisex,,,adult,,,,,,,,,GIA,Fine Jewelry
1325,Sku - 1325 Weight - 0.37 Colour - Fancy Deep Pink Shape - Pear Clarity - I1 Measurements - 5.54x3.79x2.47 Fluoresence - Fnt Polish -  Symmetry -  No Of Diamonds - 1,0.35ct Faint Pinkish Brown Heart VS2 GIA Diamond,in stock,new,83476.35 HKD,https://colourdiam.com/diamonddetails/Menu/1325,https://www.colourdiam.com/Product/Diamond/1325/still.jpg,ColourDiam,Apparel & Accessories > Jewelry,,1,,,,unisex,,,adult,,,,,,,,,CGL,Fine Jewelry
5756,Sku - 5756 Weight - 0.37 Colour - Fancy Light Orangy Pink Shape - Marquise Clarity - VS2 Measurements - 7.41 X 3.64 X 2.29 Fluoresence - None Polish - VG Symmetry - VG No Of Diamonds - 1,0.35ct Light Purplish Pink Diamond,in stock,new,20034.32 HKD,https://colourdiam.com/diamonddetails/Menu/5756,https://www.colourdiam.com/Product/Diamond/5756/still.jpg,ColourDiam,Apparel & Accessories > Jewelry,,1,,,,unisex,,,adult,,,,,,,,,GIA,Fine Jewelry
5737,Sku - 5737 Weight - 0.37 Colour - Fancy Light Pink Brown Shape - Pear Clarity - SI2 Measurements - 6.20X4.22X2.20 Fluoresence - None Polish - G Symmetry - F No Of Diamonds - 1,0.35ct Fancy Vivid Purplish Pink Pear GIA Diamond,in stock,new,10351.07 HKD,https://colourdiam.com/diamonddetails/Menu/5737,https://www.colourdiam.com/Product/Diamond/5737/still.jpg,ColourDiam,Apparel & Accessories > Jewelry,,1,,,,unisex,,,adult,,,,,,,,,GIA,Fine Jewelry
7686,Sku - 7686 Weight - 0.36 Colour - Fancy Intense Orange Yellow Shape - Marquise Clarity - VS2 Measurements - 5.86 X 3.64 X 2.43 Fluoresence - None Polish - G Symmetry - F No Of Diamonds - 1,0.35ct Faint Pinkish Brown SI1 Round GIA Diamond,in stock,new,9746.43 HKD,https://colourdiam.com/diamonddetails/Menu/7686,https://www.colourdiam.com/Product/Diamond/7686/still.jpg,ColourDiam,Apparel & Accessories > Jewelry,,1,,,,unisex,,,adult,,,,,,,,,GIA,Fine Jewelry
9590,Sku - 9590 Weight - 0.36 Colour - E Shape - Round Clarity - VVS1 Measurements - 4.57 - 4.59 x 2.87 Fluoresence - None Polish - EX Symmetry - EX No Of Diamonds - 1,0.35ct Fancy Purple Pink Cushion VS2 GIA Diamond,in stock,new,0 HKD,https://colourdiam.com/diamonddetails/Menu/9590,https://www.colourdiam.com/Product/Diamond/9590/still.jpg,ColourDiam,Apparel & Accessories > Jewelry,,1,,,,unisex,,,adult,,,,,,,,,GIA,Fine Jewelry
2308,Sku - 2308 Weight - 0.35 Colour - U-V Shape - Round Clarity - VS1 Measurements - 4.45X4.40X2.83 Fluoresence - Fnt Polish - VG Symmetry - VG No Of Diamonds - 1,0.35ct U-V VS1 Round GIA Natural Diamond,in stock,new,4737.85 HKD,https://colourdiam.com/diamonddetails/Menu/2308,https://www.colourdiam.com/Product/Diamond/2308/still.jpg,ColourDiam,Apparel & Accessories > Jewelry,,1,,,,unisex,,,adult,,,,,,,,,GIA,Fine Jewelry
5608,Sku - 5608 Weight - 0.35 Colour - Fancy Purple Pink Shape - Cushion Clarity - VS2 Measurements - 4.85 x 3.39 x 2.28 Fluoresence - None Polish - VG Symmetry - GD No Of Diamonds - 1,0.34ct H VS1 GIA Oval Natural Diamond,in stock,new,44219.9 HKD,https://colourdiam.com/diamonddetails/Menu/5608,https://www.colourdiam.com/Product/Diamond/5608/still.jpg,ColourDiam,Apparel & Accessories > Jewelry,,1,,,,unisex,,,adult,,,,,,,,,GIA,Fine Jewelry
7799,Sku - 7799 Weight - 0.35 Colour - Faint Pinkish Brown Shape - Heart Clarity - VS2 Measurements - 4.18 X 4.87 X 2.90 Fluoresence - None Polish - EX Symmetry - VG No Of Diamonds - 1,0.34ct Fancy Light Pinkish Brown Pear Diamond,in stock,new,6317.13 HKD,https://colourdiam.com/diamonddetails/Menu/7799,https://www.colourdiam.com/Product/Diamond/7799/still.jpg,ColourDiam,Apparel & Accessories > Jewelry,,1,,,,unisex,,,adult,,,,,,,,,GIA,Fine Jewelry
7132,Sku - 7132 Weight - 0.35 Colour - Faint Pink Shape - Round Clarity - VVS2 Measurements - 4.54X4.5X2.8 Fluoresence - None Polish - EX Symmetry - EX No Of Diamonds - 1,0.34ct Faint Pink VVS2 Heart GIA Diamond,in stock,new,5685.42 HKD,https://colourdiam.com/diamonddetails/Menu/7132,https://www.colourdiam.com/Product/Diamond/7132/still.jpg,ColourDiam,Apparel & Accessories > Jewelry,,1,,,,unisex,,,adult,,,,,,,,,GIA,Fine Jewelry
2052,Sku - 2052 Weight - 0.35 Colour - Light Purplish Pink Shape - Other Clarity - I1 Measurements - 4.31x4.36x2.80 Fluoresence - None Polish -  Symmetry -  No Of Diamonds - 1,0.34ct Very Light Gray VVS2 Round GIA Diamond,in stock,new,7896.41 HKD,https://colourdiam.com/diamonddetails/Menu/2052,https://www.colourdiam.com/Product/Diamond/2052/still.jpg,ColourDiam,Apparel & Accessories > Jewelry,,1,,,,unisex,,,adult,,,,,,,,,CGL,Fine Jewelry
8832,Sku - 8832 Weight - 0.35 Colour - Faint Pinkish Brown Shape - Round Clarity - SI1 Measurements - 4.58 - 4.60 x 2.83 Fluoresence - Fnt Polish - VG Symmetry - EX No Of Diamonds - 1,0.34ct Fancy Purplish Pink Pear Diamond GIA,in stock,new,2526.85 HKD,https://colourdiam.com/diamonddetails/Menu/8832,https://www.colourdiam.com/Product/Diamond/8832/still.jpg,ColourDiam,Apparel & Accessories > Jewelry,,1,,,,unisex,,,adult,,,,,,,,,GIA,Fine Jewelry
3442,Sku - 3442 Weight - 0.35 Colour - Fancy Vivid Purplish Pink Shape - Pear Clarity -  Measurements - 5.95 x 3.79 x 2.38 Fluoresence - None Polish -  Symmetry -  No Of Diamonds - 1,0.34ct Fancy Light Pink Oval SI1 GIA Natural Diamond,in stock,new,315856.44 HKD,https://colourdiam.com/diamonddetails/Menu/3442,https://www.colourdiam.com/Product/Diamond/3442/still.jpg,ColourDiam,Apparel & Accessories > Jewelry,,1,,,,unisex,,,adult,,,,,,,,,GIA,Fine Jewelry
2545,Sku - 2545 Weight - 0.34 Colour - Very Light Gray Shape - Round Clarity - VVS2 Measurements - 4.50X4.48X2.78 Fluoresence - None Polish - VG Symmetry - EX No Of Diamonds - 1,0.34ct Very Light Pink Pear VS1 GIA Diamond,in stock,new,3988.82 HKD,https://colourdiam.com/diamonddetails/Menu/2545,https://www.colourdiam.com/Product/Diamond/2545/still.jpg,ColourDiam,Apparel & Accessories > Jewelry,,1,,,,unisex,,,adult,,,,,,,,,GIA,Fine Jewelry
6073,Sku - 6073 Weight - 0.34 Colour - Fancy Light Pinkish Brown Shape - Pear Clarity - SI2 Measurements - 6.20 X 3.67 X 2.27 Fluoresence - None Polish - EX Symmetry - VG No Of Diamonds - 1,0.33ct Light Pink Round GIA Natural Diamond,in stock,new,7670.8 HKD,https://colourdiam.com/diamonddetails/Menu/6073,https://www.colourdiam.com/Product/Diamond/6073/still.jpg,ColourDiam,Apparel & Accessories > Jewelry,,1,,,,unisex,,,adult,,,,,,,,,GIA,Fine Jewelry
2236,Sku - 2236 Weight - 0.34 Colour - Fancy Purplish Pink Shape - Pear Clarity - I2 Measurements - 6.37X3.72X2.08 Fluoresence - None Polish - EX Symmetry - VG No Of Diamonds - 1,0.33ct Fancy Brownish Orangy Pink Pear Diamond GIA,in stock,new,24546.56 HKD,https://colourdiam.com/diamonddetails/Menu/2236,https://www.colourdiam.com/Product/Diamond/2236/still.jpg,ColourDiam,Apparel & Accessories > Jewelry,,1,,,,unisex,,,adult,,,,,,,,,GIA,Fine Jewelry
6335,Sku - 6335 Weight - 0.34 Colour - Fancy Light Pink Shape - Oval Clarity - SI1 Measurements - 4.94 x 3.41 x 2.62 Fluoresence - None Polish - G Symmetry - GD No Of Diamonds - 1,0.33ct Fancy Intense Blue Pear Diamond GIA,in stock,new,20864.57 HKD,https://colourdiam.com/diamonddetails/Menu/6335,https://www.colourdiam.com/Product/Diamond/6335/still.jpg,ColourDiam,Apparel & Accessories > Jewelry,,1,,,,unisex,,,adult,,,,,,,,,GIA,Fine Jewelry
7133,Sku - 7133 Weight - 0.34 Colour - Very Light Pink Shape - Pear Clarity - VS1 Measurements - 5.29X3.74X2.4 Fluoresence - None Polish - G Symmetry - GD No Of Diamonds - 1,0.33ct Fancy Intense Yellow Orange Cushion Diamond GIA,in stock,new,12273.28 HKD,https://colourdiam.com/diamonddetails/Menu/7133,https://www.colourdiam.com/Product/Diamond/7133/still.jpg,ColourDiam,Apparel & Accessories > Jewelry,,1,,,,unisex,,,adult,,,,,,,,,GIA,Fine Jewelry
6012,Sku - 6012 Weight - 0.34 Colour - H Shape - Oval Clarity - VS1 Measurements - 4.74 x 3.74 x 2.42 Fluoresence - None Polish - G Symmetry - GD No Of Diamonds - 1,0.33ct Cushion Fancy Dark Gray Yellowish Green Diamond,in stock,new,3037.64 HKD,https://colourdiam.com/diamonddetails/Menu/6012,https://www.colourdiam.com/Product/Diamond/6012/still.jpg,ColourDiam,Apparel & Accessories > Jewelry,,1,,,,unisex,,,adult,,,,,,,,,GIA,Fine Jewelry
7797,Sku - 7797 Weight - 0.34 Colour - Faint Pink Shape - Heart Clarity - VVS2 Measurements - 4.41 X 5.00 X 2.77 Fluoresence - None Polish - EX Symmetry - VG No Of Diamonds - 1,0.33ct L VS1 Marquise IGI Natural Diamond,in stock,new,9204.96 HKD,https://colourdiam.com/diamonddetails/Menu/7797,https://www.colourdiam.com/Product/Diamond/7797/still.jpg,ColourDiam,Apparel & Accessories > Jewelry,,1,,,,unisex,,,adult,,,,,,,,,GIA,Fine Jewelry
9500,Sku - 9500 Weight - 0.34 Colour - F Shape - Heart Clarity - VS2 Measurements - 4.33 X 4.79 X 2.74 Fluoresence - None Polish - VG Symmetry - VG No Of Diamonds - 1,0.33ct M I1 Radiant GIA Natural Diamond,in stock,new,0 HKD,https://colourdiam.com/diamonddetails/Menu/9500,https://www.colourdiam.com/Product/Diamond/9500/still.jpg,ColourDiam,Apparel & Accessories > Jewelry,,1,,,,unisex,,,adult,,,,,,,,,IGI,Fine Jewelry
3166,Sku - 3166 Weight - 0.33 Colour - L Shape - Marquise Clarity - VS1 Measurements - 6.36*3.47*2.43 Fluoresence - None Polish - G Symmetry - GD No Of Diamonds - 1,0.32ct M VS2 GIA Pear Natural Diamond,in stock,new,1786.85 HKD,https://colourdiam.com/diamonddetails/Menu/3166,https://www.colourdiam.com/Product/Diamond/3166/still.jpg,ColourDiam,Apparel & Accessories > Jewelry,,1,,,,unisex,,,adult,,,,,,,,,IGI,Fine Jewelry
4966,Sku - 4966 Weight - 0.33 Colour - M Shape - Radiant Clarity - I1 Measurements - 4.66X3.30X2.26 Fluoresence - None Polish - VG Symmetry - VG No Of Diamonds - 1,0.32ct Fancy Brownish Pink Oval SI1 GIA Diamond,in stock,new,1489.04 HKD,https://colourdiam.com/diamonddetails/Menu/4966,https://www.colourdiam.com/Product/Diamond/4966/still.jpg,ColourDiam,Apparel & Accessories > Jewelry,,1,,,,unisex,,,adult,,,,,,,,,GIA,Fine Jewelry
7338,Sku - 7338 Weight - 0.33 Colour - Light Pink Shape - Round Clarity - I1 Measurements - 4.38 X 4.36 X 2.7 Fluoresence - None Polish - VG Symmetry - VG No Of Diamonds - 1,0.32ct Fancy Vivid Yellow Orange Cushion SI2 GIA Diamond,in stock,new,10423.26 HKD,https://colourdiam.com/diamonddetails/Menu/7338,https://www.colourdiam.com/Product/Diamond/7338/still.jpg,ColourDiam,Apparel & Accessories > Jewelry,,1,,,,unisex,,,adult,,,,,,,,,GIA,Fine Jewelry
257,Sku - 257 Weight - 0.33 Colour - Fancy Brownish Orangy Pink Shape - Pear Clarity -  Measurements - 5.36 x 3.70 x 2.32 Fluoresence - None Polish -  Symmetry -  No Of Diamonds - 1,0.32ct Fancy Vivid Yellow Radiant GIA Natural Diamond,in stock,new,20846.53 HKD,https://colourdiam.com/diamonddetails/Menu/257,https://www.colourdiam.com/Product/Diamond/257/still.jpg,ColourDiam,Apparel & Accessories > Jewelry,,1,,,,unisex,,,adult,,,,,,,,,GIA,Fine Jewelry
4610,Sku - 4610 Weight - 0.33 Colour - Fancy Intense Blue Shape - Pear Clarity - VS2 Measurements - 6.47*3.91*2.02 Fluoresence - None Polish - G Symmetry - F No Of Diamonds - 1,0.32ct Fancy Pink Oval Diamond GIA,in stock,new,536053.5 HKD,https://colourdiam.com/diamonddetails/Menu/4610,https://www.colourdiam.com/Product/Diamond/4610/still.jpg,ColourDiam,Apparel & Accessories > Jewelry,,1,,,,unisex,,,adult,,,,,,,,,GIA,Fine Jewelry
7106,Sku - 7106 Weight - 0.33 Colour - Fancy Intense Yellow Orange Shape - Cushion Clarity - I1 Measurements - 4.19 X 3.60 X 2.39 Fluoresence - STG Polish - G Symmetry - F No Of Diamonds - 1,0.31ct Fancy Pink Heart SI2 CGL Diamond,in stock,new,10721.07 HKD,https://colourdiam.com/diamonddetails/Menu/7106,https://www.colourdiam.com/Product/Diamond/7106/still.jpg,ColourDiam,Apparel & Accessories > Jewelry,,1,,,,unisex,,,adult,,,,,,,,,GIA,Fine Jewelry
7102,Sku - 7102 Weight - 0.33 Colour - Fancy Dark Gray Yellowish Green Shape - Cushion Clarity - SI2 Measurements - 4.35 x 4.12 x 2.43 Fluoresence - STG Polish - VG Symmetry - GD No Of Diamonds - 1,0.31ct Light Pinkish Brown Pear Diamond GIA SI2,in stock,new,8636.42 HKD,https://colourdiam.com/diamonddetails/Menu/7102,https://www.colourdiam.com/Product/Diamond/7102/still.jpg,ColourDiam,Apparel & Accessories > Jewelry,,1,,,,unisex,,,adult,,,,,,,,,GIA,Fine Jewelry
6273,Sku - 6273 Weight - 0.32 Colour - Fancy Brownish Pink Shape - Oval Clarity - SI1 Measurements - 4.79 X 3.62 X 2.38 Fluoresence - None Polish - G Symmetry - F No Of Diamonds - 1,0.31ct Very Light Pink Pear GIA Diamond,in stock,new,11551.32 HKD,https://colourdiam.com/diamonddetails/Menu/6273,https://www.colourdiam.com/Product/Diamond/6273/still.jpg,ColourDiam,Apparel & Accessories > Jewelry,,1,,,,unisex,,,adult,,,,,,,,,GIA,Fine Jewelry
6696,Sku - 6696 Weight - 0.32 Colour - Fancy Vivid Yellow Orange Shape - Cushion Clarity - SI2 Measurements - 4.10 X 3.60 X 2.39 Fluoresence - Med Polish - VG Symmetry - VG No Of Diamonds - 1,0.31ct Heart Faint Pinkish Brown VS1 GIA Diamond,in stock,new,16041.9 HKD,https://colourdiam.com/diamonddetails/Menu/6696,https://www.colourdiam.com/Product/Diamond/6696/still.jpg,ColourDiam,Apparel & Accessories > Jewelry,,1,,,,unisex,,,adult,,,,,,,,,GIA,Fine Jewelry
2385,Sku - 2385 Weight - 0.32 Colour - Fancy Vivid Yellow Shape - Radiant Clarity - SI2 Measurements - 3.95X3.51X2.65 Fluoresence - None Polish - VG Symmetry - GD No Of Diamonds - 1,0.31ct Fancy Deep Yellow Orange Oval SI2 GIA Diamond,in stock,new,8085.92 HKD,https://colourdiam.com/diamonddetails/Menu/2385,https://www.colourdiam.com/Product/Diamond/2385/still.jpg,ColourDiam,Apparel & Accessories > Jewelry,,1,,,,unisex,,,adult,,,,,,,,,GIA,Fine Jewelry
333,Sku - 333 Weight - 0.32 Colour - Fancy Pink Shape - Oval Clarity - I1 Measurements - 5.26X3.70X2.45 Fluoresence - Med Polish - G Symmetry - GD No Of Diamonds - 1,0.31ct Fancy Deep Orangy Pink Pear Diamond GIA,in stock,new,115513.21 HKD,https://colourdiam.com/diamonddetails/Menu/333,https://www.colourdiam.com/Product/Diamond/333/still.jpg,ColourDiam,Apparel & Accessories > Jewelry,,1,,,,unisex,,,adult,,,,,,,,,GIA,Fine Jewelry
2992,Sku - 2992 Weight - 0.32 Colour - M Shape - Pear Clarity - VS2 Measurements - 6.31X4.13X2.21 Fluoresence - Fnt Polish - G Symmetry - GD No Of Diamonds - 1,0.31ct Fancy Brownish Purplish Pink Radiant GIA Diamond,in stock,new,2310.26 HKD,https://colourdiam.com/diamonddetails/Menu/2992,https://www.colourdiam.com/Product/Diamond/2992/still.jpg,ColourDiam,Apparel & Accessories > Jewelry,,1,,,,unisex,,,adult,,,,,,,,,GIA,Fine Jewelry
2056,Sku - 2056 Weight - 0.31 Colour - Fancy Intense Purplish Pink Shape - Round Clarity -  Measurements - 4.31 x 4.34 x 2.67 Fluoresence - None Polish -  Symmetry -  No Of Diamonds - 1,0.31ct Fancy Intense Purplish Pink Diamond,in stock,new,92320.33 HKD,https://colourdiam.com/diamonddetails/Menu/2056,https://www.colourdiam.com/Product/Diamond/2056/still.jpg,ColourDiam,Apparel & Accessories > Jewelry,,1,,,,unisex,,,adult,,,,,,,,,GIA,Fine Jewelry
1464,Sku - 1464 Weight - 0.31 Colour - Fancy Brownish Purplish Pink Shape - Radiant Clarity - I2 Measurements - 3.77 x 3.51 x 2.70 Fluoresence - None Polish -  Symmetry -  No Of Diamonds - 1,0.30ct Faint Yellow Green VS2 Round Diamond GIA,in stock,new,12589.14 HKD,https://colourdiam.com/diamonddetails/Menu/1464,https://www.colourdiam.com/Product/Diamond/1464/still.jpg,ColourDiam,Apparel & Accessories > Jewelry,,1,,,,unisex,,,adult,,,,,,,,,GIA,Fine Jewelry
5787,Sku - 5787 Weight - 0.31 Colour - Fancy Pink Shape - Heart Clarity - SI2 Measurements - 4.11X4.37X2.38 Fluoresence - None Polish -  Symmetry -  No Of Diamonds - 1,0.30ct Faint Pinkish Brown Marquise Diamond SI1 GIA,in stock,new,51755.33 HKD,https://colourdiam.com/diamonddetails/Menu/5787,https://www.colourdiam.com/Product/Diamond/5787/still.jpg,ColourDiam,Apparel & Accessories > Jewelry,,1,,,,unisex,,,adult,,,,,,,,,CGL,Fine Jewelry
6072,Sku - 6072 Weight - 0.31 Colour - Light Pinkish Brown Shape - Pear Clarity - SI2 Measurements - 5.50 X 3.40 X 2.39 Fluoresence - None Polish - VG Symmetry - VG No Of Diamonds - 1,0.30ct Pear Very Light Green Yellow SI1 GIA Diamond,in stock,new,6993.96 HKD,https://colourdiam.com/diamonddetails/Menu/6072,https://www.colourdiam.com/Product/Diamond/6072/still.jpg,ColourDiam,Apparel & Accessories > Jewelry,,1,,,,unisex,,,adult,,,,,,,,,GIA,Fine Jewelry
6404,Sku - 6404 Weight - 0.31 Colour - Very Light Pink Shape - Pear Clarity - I1 Measurements - 5.48 X 3.56 X 2.30 Fluoresence - None Polish - VG Symmetry - VG No Of Diamonds - 1,0.30ct Fancy Vivid Yellowish Orange Cushion Diamond GIA,in stock,new,6993.96 HKD,https://colourdiam.com/diamonddetails/Menu/6404,https://www.colourdiam.com/Product/Diamond/6404/still.jpg,ColourDiam,Apparel & Accessories > Jewelry,,1,,,,unisex,,,adult,,,,,,,,,GIA,Fine Jewelry
5771,Sku - 5771 Weight - 0.31 Colour - Faint Pinkish Brown Shape - Heart Clarity - VS1 Measurements - 4.00 X 4.77 X 2.74 Fluoresence - None Polish - EX Symmetry - GD No Of Diamonds - 1,0.30ct L VS2 Pear GIA Natural Diamond,in stock,new,5035.65 HKD,https://colourdiam.com/diamonddetails/Menu/5771,https://www.colourdiam.com/Product/Diamond/5771/still.jpg,ColourDiam,Apparel & Accessories > Jewelry,,1,,,,unisex,,,adult,,,,,,,,,GIA,Fine Jewelry
3746,Sku - 3746 Weight - 0.31 Colour - Fancy Deep Yellow Orange Shape - Oval Clarity - SI2 Measurements - 5.34 x 3.47 x 2.24 Fluoresence - Fnt Polish - G Symmetry - GD No Of Diamonds - 1,0.30ct Q-R VS2 Round Natural Diamond,in stock,new,8392.76 HKD,https://colourdiam.com/diamonddetails/Menu/3746,https://www.colourdiam.com/Product/Diamond/3746/still.jpg,ColourDiam,Apparel & Accessories > Jewelry,,1,,,,unisex,,,adult,,,,,,,,,GIA,Fine Jewelry
5522,Sku - 5522 Weight - 0.31 Colour - Fancy Deep Orangy Pink Shape - Pear Clarity - I3 Measurements - 5.14X 3.60X 2.28 Fluoresence - Fnt Polish - VG Symmetry - GD No Of Diamonds - 1,0.30ct D IF Round GIA Natural Diamond,in stock,new,139879.28 HKD,https://colourdiam.com/diamonddetails/Menu/5522,https://www.colourdiam.com/Product/Diamond/5522/still.jpg,ColourDiam,Apparel & Accessories > Jewelry,,1,,,,unisex,,,adult,,,,,,,,,GIA,Fine Jewelry
7153,Sku - 7153 Weight - 0.3 Colour - Fancy Brownish Purple Pink Shape - Heart Clarity - SI1 Measurements - 3.75 X 4.68 X 2.41 Fluoresence - None Polish - G Symmetry - GD No Of Diamonds - 1,0.30ct Fancy Brownish Purple Pink SI1 Heart Diamond,in stock,new,21658.73 HKD,https://colourdiam.com/diamonddetails/Menu/7153,https://www.colourdiam.com/Product/Diamond/7153/still.jpg,ColourDiam,Apparel & Accessories > Jewelry,,1,,,,unisex,,,adult,,,,,,,,,GIA,Fine Jewelry
2557,Sku - 2557 Weight - 0.3 Colour - Fancy Brown Pink Shape - Cushion Clarity -  Measurements - 4.15 x 4.13 x 2.43 Fluoresence - None Polish -  Symmetry -  No Of Diamonds - 1,0.30ct Fancy Brown Pink Cushion Diamond GIA,in stock,new,8122.02 HKD,https://colourdiam.com/diamonddetails/Menu/2557,https://www.colourdiam.com/Product/Diamond/2557/still.jpg,ColourDiam,Apparel & Accessories > Jewelry,,1,,,,unisex,,,adult,,,,,,,,,GIA,Fine Jewelry
7135,Sku - 7135 Weight - 0.3 Colour - Very Light Pink Shape - Radiant Clarity - SI1 Measurements - 3.78 X 3.62 X 2.5 Fluoresence - None Polish - VG Symmetry - VG No Of Diamonds - 1,0.30ct Very Light Pink Radiant SI1 GIA Natural Diamond,in stock,new,5685.42 HKD,https://colourdiam.com/diamonddetails/Menu/7135,https://www.colourdiam.com/Product/Diamond/7135/still.jpg,ColourDiam,Apparel & Accessories > Jewelry,,1,,,,unisex,,,adult,,,,,,,,,GIA,Fine Jewelry
1483,Sku - 1483 Weight - 0.3 Colour - Fancy Deep Orangy Pink Shape - Cushion Clarity - I1 Measurements - 4.71 x 3.78 x 2.28 Fluoresence - Fnt Polish -  Symmetry -  No Of Diamonds - 1,0.30ct Fancy Deep Orangy Pink Cushion Diamond GIA,in stock,new,94756.93 HKD,https://colourdiam.com/diamonddetails/Menu/1483,https://www.colourdiam.com/Product/Diamond/1483/still.jpg,ColourDiam,Apparel & Accessories > Jewelry,,1,,,,unisex,,,adult,,,,,,,,,GIA,Fine Jewelry
3380,Sku - 3380 Weight - 0.3 Colour - N Shape - Emerald Clarity - VS1 Measurements - 4.55*3.34*2.17 Fluoresence - Fnt Polish - EX Symmetry - VG No Of Diamonds - 1,0.30ct N VS1 Emerald GIA Natural Diamond,in stock,new,2165.87 HKD,https://colourdiam.com/diamonddetails/Menu/3380,https://www.colourdiam.com/Product/Diamond/3380/still.jpg,ColourDiam,Apparel & Accessories > Jewelry,,1,,,,unisex,,,adult,,,,,,,,,GIA,Fine Jewelry
2539,Sku - 2539 Weight - 0.3 Colour - Faint Pink Shape - Cushion Clarity - VS2 Measurements - 3.93*3.91*2.32 Fluoresence - None Polish -  Symmetry -  No Of Diamonds - 1,0.30ct Faint Pink Cushion VS2 Diamond,in stock,new,3809.27 HKD,https://colourdiam.com/diamonddetails/Menu/2539,https://www.colourdiam.com/Product/Diamond/2539/still.jpg,ColourDiam,Apparel & Accessories > Jewelry,,1,,,,unisex,,,adult,,,,,,,,,CGL,Fine Jewelry
2967,Sku - 2967 Weight - 0.3 Colour - Light Yellowish Gray Shape - Marquise Clarity -  Measurements - 7.32*3.30*2.08 Fluoresence - None Polish -  Symmetry -  No Of Diamonds - 1,0.30ct Light Yellowish Gray Marquise Natural Diamond,in stock,new,0 HKD,https://colourdiam.com/diamonddetails/Menu/2967,https://www.colourdiam.com/Product/Diamond/2967/still.jpg,ColourDiam,Apparel & Accessories > Jewelry,,1,,,,unisex,,,adult,,,,,,,,,CGL,Fine Jewelry
1836,Sku - 1836 Weight - 0.3 Colour - Fancy Light Brownish Yellow Shape - Pear Clarity - SI2 Measurements - 5.55X3.52X2.51 Fluoresence - Fnt Polish - VG Symmetry - GD No Of Diamonds - 1,0.30ct Fancy Light Brownish Yellow Pear GIA Diamond,in stock,new,1489.04 HKD,https://colourdiam.com/diamonddetails/Menu/1836,https://www.colourdiam.com/Product/Diamond/1836/still.jpg,ColourDiam,Apparel & Accessories > Jewelry,,1,,,,unisex,,,adult,,,,,,,,,GIA,Fine Jewelry
6395,Sku - 6395 Weight - 0.3 Colour - Light Pink Shape - Marquise Clarity - SI1 Measurements - 7.06 X 3.28 X 1.97 Fluoresence - None Polish - G Symmetry - GD No Of Diamonds - 1,0.30ct Light Pink Marquise SI1 GIA Diamond,in stock,new,10287.9 HKD,https://colourdiam.com/diamonddetails/Menu/6395,https://www.colourdiam.com/Product/Diamond/6395/still.jpg,ColourDiam,Apparel & Accessories > Jewelry,,1,,,,unisex,,,adult,,,,,,,,,GIA,Fine Jewelry
7109,Sku - 7109 Weight - 0.3 Colour - Fancy Vivid Orange Yellow Shape - Cushion Clarity - SI2 Measurements - 4.37 X 3.36 X 2.37 Fluoresence - Med Polish - G Symmetry - VG No Of Diamonds - 1,0.30ct Very Light Pinkish Brown SI2 Round Diamond GIA,in stock,new,18047.13 HKD,https://colourdiam.com/diamonddetails/Menu/7109,https://www.colourdiam.com/Product/Diamond/7109/still.jpg,ColourDiam,Apparel & Accessories > Jewelry,,1,,,,unisex,,,adult,,,,,,,,,GIA,Fine Jewelry
7134,Sku - 7134 Weight - 0.3 Colour - Faint Pink Shape - Round Clarity - VS1 Measurements - 4.33X4.31X2.7 Fluoresence - None Polish - EX Symmetry - EX No Of Diamonds - 1,0.30ct Fancy Vivid Orange Yellow Cushion Diamond GIA,in stock,new,4873.21 HKD,https://colourdiam.com/diamonddetails/Menu/7134,https://www.colourdiam.com/Product/Diamond/7134/still.jpg,ColourDiam,Apparel & Accessories > Jewelry,,1,,,,unisex,,,adult,,,,,,,,,GIA,Fine Jewelry
7337,Sku - 7337 Weight - 0.3 Colour - Very Light Pinkish Brown Shape - Round Clarity - SI2 Measurements - 4.08 X 4.06 X 2.8 Fluoresence - Med Polish - VG Symmetry - GD No Of Diamonds - 1,0.30ct Faint Pink Pear SI1 GIA Natural Diamond,in stock,new,5414.68 HKD,https://colourdiam.com/diamonddetails/Menu/7337,https://www.colourdiam.com/Product/Diamond/7337/still.jpg,ColourDiam,Apparel & Accessories > Jewelry,,1,,,,unisex,,,adult,,,,,,,,,GIA,Fine Jewelry
6322,Sku - 6322 Weight - 0.3 Colour - Faint Pink Shape - Pear Clarity - SI1 Measurements - 5.56 x 3.56 x 2.23 Fluoresence - None Polish - VG Symmetry - GD No Of Diamonds - 1,0.29ct Fancy Intense Yellow Orange Marquise Diamond GIA,in stock,new,9204.96 HKD,https://colourdiam.com/diamonddetails/Menu/6322,https://www.colourdiam.com/Product/Diamond/6322/still.jpg,ColourDiam,Apparel & Accessories > Jewelry,,1,,,,unisex,,,adult,,,,,,,,,GIA,Fine Jewelry
9257,Sku - 9257 Weight - 0.3 Colour - Faint Yellow Green Shape - Round Clarity - VS2 Measurements - 4.24 - 4.26 x 2.65 Fluoresence - STG Polish - EX Symmetry - VG No Of Diamonds - 1,0.28ct Y-Z VS1 Cushion IGI Natural Diamond,in stock,new,2707.34 HKD,https://colourdiam.com/diamonddetails/Menu/9257,https://www.colourdiam.com/Product/Diamond/9257/still.jpg,ColourDiam,Apparel & Accessories > Jewelry,,1,,,,unisex,,,adult,,,,,,,,,GIA,Fine Jewelry
9189,Sku - 9189 Weight - 0.3 Colour - Very Light Green Yellow Shape - Pear Clarity - SI1 Measurements - 5.97 x 3.58 x 2.35 Fluoresence - STG Polish - EX Symmetry - VG No Of Diamonds - 1,0.28ct Fancy Brown Pink Radiant SI2 GIA Diamond,in stock,new,4873.21 HKD,https://colourdiam.com/diamonddetails/Menu/9189,https://www.colourdiam.com/Product/Diamond/9189/still.jpg,ColourDiam,Apparel & Accessories > Jewelry,,1,,,,unisex,,,adult,,,,,,,,,GIA,Fine Jewelry
9245,Sku - 9245 Weight - 0.3 Colour - Faint Pinkish Brown Shape - Marquise Clarity - SI1 Measurements - 7.38 X 3.56 X 2.06 Fluoresence - None Polish - G Symmetry - GD No Of Diamonds - 1,0.28ct Fancy Pink Purple Radiant Diamond,in stock,new,4061.01 HKD,https://colourdiam.com/diamonddetails/Menu/9245,https://www.colourdiam.com/Product/Diamond/9245/still.jpg,ColourDiam,Apparel & Accessories > Jewelry,,1,,,,unisex,,,adult,,,,,,,,,GIA,Fine Jewelry
7105,Sku - 7105 Weight - 0.3 Colour - Fancy Vivid Yellowish Orange Shape - Cushion Clarity - SI2 Measurements -  Fluoresence - Med Polish - VG Symmetry - VG No Of Diamonds - 1,0.28ct Light Orangy Pink SI2 Round Diamond,in stock,new,24062.85 HKD,https://colourdiam.com/diamonddetails/Menu/7105,https://www.colourdiam.com/Product/Diamond/7105/still.jpg,ColourDiam,Apparel & Accessories > Jewelry,,1,,,,unisex,,,adult,,,,,,,,,GIA,Fine Jewelry
9191,Sku - 9191 Weight - 0.3 Colour - Faint Yellow Green Shape - Round Clarity - VS2 Measurements - 4.21 - 4.24 x 2.71 Fluoresence - None Polish - EX Symmetry - EX No Of Diamonds - 1,0.28ct Fancy Brownish Orangy Pink Round Diamond,in stock,new,2707.34 HKD,https://colourdiam.com/diamonddetails/Menu/9191,https://www.colourdiam.com/Product/Diamond/9191/still.jpg,ColourDiam,Apparel & Accessories > Jewelry,,1,,,,unisex,,,adult,,,,,,,,,GIA,Fine Jewelry
3164,Sku - 3164 Weight - 0.3 Colour - L Shape - Pear Clarity - VS2 Measurements - 5.71 x 3.70 x 2.31 Fluoresence - Med Polish - VG Symmetry - GD No Of Diamonds - 1,0.27ct Fancy Brownish Pink Pear Diamond GIA,in stock,new,2165.87 HKD,https://colourdiam.com/diamonddetails/Menu/3164,https://www.colourdiam.com/Product/Diamond/3164/still.jpg,ColourDiam,Apparel & Accessories > Jewelry,,1,,,,unisex,,,adult,,,,,,,,,GIA,Fine Jewelry
6287,Sku - 6287 Weight - 0.3 Colour - Q-R Shape - Round Clarity - VS2 Measurements - 4.02 X 4.06 X 2.73 Fluoresence - STG Polish - EX Symmetry - GD No Of Diamonds - 1,0.27ct Fancy Dark Gray Green Oval Diamond GIA SI1,in stock,new,2707.34 HKD,https://colourdiam.com/diamonddetails/Menu/6287,https://www.colourdiam.com/Product/Diamond/6287/still.jpg,ColourDiam,Apparel & Accessories > Jewelry,,1,,,,unisex,,,adult,,,,,,,,,IGI,Fine Jewelry
3194,Sku - 3194 Weight - 0.3 Colour - D Shape - Round Clarity - IF Measurements - 4.27 X 4.29 X2.65 Fluoresence - None Polish - EX Symmetry - EX No Of Diamonds - 1,0.27ct Fancy Purple Pink Cushion GIA Diamond,in stock,new,7580.55 HKD,https://colourdiam.com/diamonddetails/Menu/3194,https://www.colourdiam.com/Product/Diamond/3194/still.jpg,ColourDiam,Apparel & Accessories > Jewelry,,1,,,,unisex,,,adult,,,,,,,,,GIA,Fine Jewelry
7685,Sku - 7685 Weight - 0.29 Colour - Fancy Intense Yellow Orange Shape - Marquise Clarity - I1 Measurements - 6.30 X 2.99 X 2.22 Fluoresence - Med Polish - VG Symmetry - GD No Of Diamonds - 1,0.27ct Fancy Light Yellowish Gray Marquise Diamond SI2 CGL,in stock,new,7851.29 HKD,https://colourdiam.com/diamonddetails/Menu/7685,https://www.colourdiam.com/Product/Diamond/7685/still.jpg,ColourDiam,Apparel & Accessories > Jewelry,,1,,,,unisex,,,adult,,,,,,,,,GIA,Fine Jewelry
6128,Sku - 6128 Weight - 0.28 Colour - Fancy Pink Purple Shape - Radiant Clarity - SI2 Measurements - 4.08 x 3.03 x 2.30 Fluoresence - None Polish - VG Symmetry - GD No Of Diamonds - 1,0.27ct E SI1 Pear GIA Natural Diamond,in stock,new,17692.98 HKD,https://colourdiam.com/diamonddetails/Menu/6128,https://www.colourdiam.com/Product/Diamond/6128/still.jpg,ColourDiam,Apparel & Accessories > Jewelry,,1,,,,unisex,,,adult,,,,,,,,,GIA,Fine Jewelry
1318,Sku - 1318 Weight - 0.28 Colour - Light Orangy Pink Shape - Round Clarity - SI2 Measurements - 4.04x4.11x2.59 Fluoresence - Med Polish -  Symmetry -  No Of Diamonds - 1,0.26ct Fancy Light Brownish Pink Marquise Diamond,in stock,new,34112.5 HKD,https://colourdiam.com/diamonddetails/Menu/1318,https://www.colourdiam.com/Product/Diamond/1318/still.jpg,ColourDiam,Apparel & Accessories > Jewelry,,1,,,,unisex,,,adult,,,,,,,,,CGL,Fine Jewelry
2977,Sku - 2977 Weight - 0.28 Colour - Fancy Brownish Orangy Pink Shape - Round Clarity - I3 Measurements - XX Fluoresence - None Polish -  Symmetry -  No Of Diamonds - 1,0.26ct Fancy Deep Pink Oval Diamond SI2 CGL,in stock,new,1263.43 HKD,https://colourdiam.com/diamonddetails/Menu/2977,https://www.colourdiam.com/Product/Diamond/2977/still.jpg,ColourDiam,Apparel & Accessories > Jewelry,,1,,,,unisex,,,adult,,,,,,,,,AGT,Fine Jewelry
6189,Sku - 6189 Weight - 0.28 Colour - Y-Z Shape - Cushion Clarity - VS1 Measurements - 3.70 X 3.22 X 2.42 Fluoresence - Vst Polish - G Symmetry - GD No Of Diamonds - 1,0.26ct Fancy Deep Brownish Orangy Pink Cushion VS2 GIA Diamond,in stock,new,2021.48 HKD,https://colourdiam.com/diamonddetails/Menu/6189,https://www.colourdiam.com/Product/Diamond/6189/still.jpg,ColourDiam,Apparel & Accessories > Jewelry,,1,,,,unisex,,,adult,,,,,,,,,IGI,Fine Jewelry
6067,Sku - 6067 Weight - 0.28 Colour - Fancy Brown Pink Shape - Radiant Clarity - SI2 Measurements - 4.15 X 3.34 X 2.18 Fluoresence - Fnt Polish - G Symmetry - GD No Of Diamonds - 1,0.26ct Fancy Light Blue Radiant VS2 GIA Diamond,in stock,new,9981.06 HKD,https://colourdiam.com/diamonddetails/Menu/6067,https://www.colourdiam.com/Product/Diamond/6067/still.jpg,ColourDiam,Apparel & Accessories > Jewelry,,1,,,,unisex,,,adult,,,,,,,,,GIA,Fine Jewelry
6096,Sku - 6096 Weight - 0.27 Colour - E Shape - Pear Clarity - SI1 Measurements - 5.67 X 3.48 X 1.94 Fluoresence - None Polish - VG Symmetry - GD No Of Diamonds - 1,0.25ct Fancy Orangy Pink Round Diamond CGL,in stock,new,6396.07 HKD,https://colourdiam.com/diamonddetails/Menu/6096,https://www.colourdiam.com/Product/Diamond/6096/still.jpg,ColourDiam,Apparel & Accessories > Jewelry,,1,,,,unisex,,,adult,,,,,,,,,GIA,Fine Jewelry
606,Sku - 606 Weight - 0.27 Colour - Fancy Brownish Pink Shape - Pear Clarity - I1 Measurements - 5.19X3.51X2.32 Fluoresence - Med Polish - VG Symmetry - GD No Of Diamonds - 1,0.25ct Fancy Deep Brownish Orangy Pink Emerald Diamond,in stock,new,19492.85 HKD,https://colourdiam.com/diamonddetails/Menu/606,https://www.colourdiam.com/Product/Diamond/606/still.jpg,ColourDiam,Apparel & Accessories > Jewelry,,1,,,,unisex,,,adult,,,,,,,,,GIA,Fine Jewelry
5461,Sku - 5461 Weight - 0.27 Colour - Fancy Dark Gray Green Shape - Oval Clarity - SI1 Measurements - 4.64X 3.36X 2.20 Fluoresence - None Polish - G Symmetry - GD No Of Diamonds - 1,0.25ct Fancy Pinkish Brown Pear SI2 GIA Diamond,in stock,new,142054.18 HKD,https://colourdiam.com/diamonddetails/Menu/5461,https://www.colourdiam.com/Product/Diamond/5461/still.jpg,ColourDiam,Apparel & Accessories > Jewelry,,1,,,,unisex,,,adult,,,,,,,,,GIA,Fine Jewelry
2237,Sku - 2237 Weight - 0.27 Colour - Fancy Purple Pink Shape - Cushion Clarity - I1 Measurements - 3.91X3.41X2.31 Fluoresence - Med Polish - VG Symmetry - GD No Of Diamonds - 1,0.25ct Fancy Brownish Pink Oval VS2 GIA Diamond,in stock,new,17543.57 HKD,https://colourdiam.com/diamonddetails/Menu/2237,https://www.colourdiam.com/Product/Diamond/2237/still.jpg,ColourDiam,Apparel & Accessories > Jewelry,,1,,,,unisex,,,adult,,,,,,,,,GIA,Fine Jewelry
2960,Sku - 2960 Weight - 0.27 Colour - Fancy Light Yellowish Gray Shape - Marquise Clarity - SI2 Measurements - 6.96*3.09*2.03 Fluoresence - None Polish -  Symmetry -  No Of Diamonds - 1,0.25ct Fancy Brownish Orangy Pink Pear VS2 Diamond,in stock,new,0 HKD,https://colourdiam.com/diamonddetails/Menu/2960,https://www.colourdiam.com/Product/Diamond/2960/still.jpg,ColourDiam,Apparel & Accessories > Jewelry,,1,,,,unisex,,,adult,,,,,,,,,CGL,Fine Jewelry
2494,Sku - 2494 Weight - 0.26 Colour - Fancy Light Brownish Pink Shape - Marquise Clarity - I1 Measurements -  Fluoresence - None Polish -  Symmetry -  No Of Diamonds - 1,0.25ct Fancy Gray Blue Cushion SI2 GIA Diamond,in stock,new,4692.72 HKD,https://colourdiam.com/diamonddetails/Menu/2494,https://www.colourdiam.com/Product/Diamond/2494/still.jpg,ColourDiam,Apparel & Accessories > Jewelry,,1,,,,unisex,,,adult,,,,,,,,,CGL,Fine Jewelry
1321,Sku - 1321 Weight - 0.26 Colour - Fancy Deep Pink Shape - Oval Clarity - SI2 Measurements - 4.42x3.43x2.15 Fluoresence - Fnt Polish -  Symmetry -  No Of Diamonds - 1,0.25ct Fancy Pinkish Purple Radiant Diamond GIA,in stock,new,31675.89 HKD,https://colourdiam.com/diamonddetails/Menu/1321,https://www.colourdiam.com/Product/Diamond/1321/still.jpg,ColourDiam,Apparel & Accessories > Jewelry,,1,,,,unisex,,,adult,,,,,,,,,CGL,Fine Jewelry
423,Sku - 423 Weight - 0.26 Colour - Fancy Deep Brownish Orangy Pink Shape - Cushion Clarity - VS2 Measurements - 3.29X3.19X2.58 Fluoresence - None Polish - VG Symmetry - GD No Of Diamonds - 1,0.25ct Fancy Purple Pink Pear GIA Diamond,in stock,new,46927.24 HKD,https://colourdiam.com/diamonddetails/Menu/423,https://www.colourdiam.com/Product/Diamond/423/still.jpg,ColourDiam,Apparel & Accessories > Jewelry,,1,,,,unisex,,,adult,,,,,,,,,GIA,Fine Jewelry
2529,Sku - 2529 Weight - 0.26 Colour - Fancy Light Blue Shape - Radiant Clarity - VS2 Measurements - 3.80X3.47X2.35 Fluoresence - None Polish - VG Symmetry - VG No Of Diamonds - 1,0.25ct Very Light Pink Cushion VS1 GIA Diamond,in stock,new,82122.67 HKD,https://colourdiam.com/diamonddetails/Menu/2529,https://www.colourdiam.com/Product/Diamond/2529/still.jpg,ColourDiam,Apparel & Accessories > Jewelry,,1,,,,unisex,,,adult,,,,,,,,,GIA,Fine Jewelry
2666,Sku - 2666 Weight - 0.25 Colour - Fancy Orangy Pink Shape - Round Clarity - I1 Measurements - 3.87X3.93X2.52 Fluoresence - None Polish -  Symmetry -  No Of Diamonds - 1,0.25ct Fancy Light Pink VS2 Round GIA Diamond,in stock,new,16920.88 HKD,https://colourdiam.com/diamonddetails/Menu/2666,https://www.colourdiam.com/Product/Diamond/2666/still.jpg,ColourDiam,Apparel & Accessories > Jewelry,,1,,,,unisex,,,adult,,,,,,,,,CGL,Fine Jewelry
6071,Sku - 6071 Weight - 0.25 Colour - Fancy Pinkish Brown Shape - Pear Clarity - SI2 Measurements - 5.65 X 3.41 X 2.01 Fluoresence - None Polish - G Symmetry - GD No Of Diamonds - 1,0.25ct Fancy Brownish Orangy Pink Pear Diamond GIA,in stock,new,5640.29 HKD,https://colourdiam.com/diamonddetails/Menu/6071,https://www.colourdiam.com/Product/Diamond/6071/still.jpg,ColourDiam,Apparel & Accessories > Jewelry,,1,,,,unisex,,,adult,,,,,,,,,GIA,Fine Jewelry
7157,Sku - 7157 Weight - 0.25 Colour - Fancy Brownish Pink Shape - Oval Clarity - VS2 Measurements - 4.72 X 3.31 X 2.01 Fluoresence - None Polish - G Symmetry - GD No Of Diamonds - 1,0.25ct Fancy Pinkish Purple Cushion SI1 GIA Diamond,in stock,new,8798.86 HKD,https://colourdiam.com/diamonddetails/Menu/7157,https://www.colourdiam.com/Product/Diamond/7157/still.jpg,ColourDiam,Apparel & Accessories > Jewelry,,1,,,,unisex,,,adult,,,,,,,,,GIA,Fine Jewelry
7155,Sku - 7155 Weight - 0.25 Colour - Fancy Deep Brownish Orangy Pink Shape - Emerald Clarity - SI2 Measurements - 4.09 X 3.09 X 1.98 Fluoresence - Fnt Polish - VG Symmetry - GD No Of Diamonds - 1,0.24ct M VVS2 Round GIA Natural Diamond,in stock,new,22561.17 HKD,https://colourdiam.com/diamonddetails/Menu/7155,https://www.colourdiam.com/Product/Diamond/7155/still.jpg,ColourDiam,Apparel & Accessories > Jewelry,,1,,,,unisex,,,adult,,,,,,,,,GIA,Fine Jewelry
7154,Sku - 7154 Weight - 0.25 Colour - Fancy Brownish Orangy Pink Shape - Pear Clarity - VS2 Measurements - 5.12 X 3.17 X 2.06 Fluoresence - Med Polish - G Symmetry - VG No Of Diamonds - 1,0.24ct Fancy Deep Orangy Pink Radiant GIA Diamond,in stock,new,22561.17 HKD,https://colourdiam.com/diamonddetails/Menu/7154,https://www.colourdiam.com/Product/Diamond/7154/still.jpg,ColourDiam,Apparel & Accessories > Jewelry,,1,,,,unisex,,,adult,,,,,,,,,GIA,Fine Jewelry
2887,Sku - 2887 Weight - 0.25 Colour - Fancy Gray Blue Shape - Cushion Clarity - SI2 Measurements - 3.63X3.60X2.22 Fluoresence - Med Polish - EX Symmetry - VG No Of Diamonds - 1,0.23ct Fancy Light Brown Pink Round Diamond,in stock,new,45122.35 HKD,https://colourdiam.com/diamonddetails/Menu/2887,https://www.colourdiam.com/Product/Diamond/2887/still.jpg,ColourDiam,Apparel & Accessories > Jewelry,,1,,,,unisex,,,adult,,,,,,,,,GIA,Fine Jewelry
1583,Sku - 1583 Weight - 0.25 Colour - Fancy Pinkish Purple Shape - Radiant Clarity - I2 Measurements - 4.02X3.25X2.09 Fluoresence - None Polish - VG Symmetry - VG No Of Diamonds - 1,0.23ct Fancy Light Grayish Blue Pear VS1 GIA Diamond,in stock,new,32713.7 HKD,https://colourdiam.com/diamonddetails/Menu/1583,https://www.colourdiam.com/Product/Diamond/1583/still.jpg,ColourDiam,Apparel & Accessories > Jewelry,,1,,,,unisex,,,adult,,,,,,,,,GIA,Fine Jewelry
7156,Sku - 7156 Weight - 0.25 Colour - Fancy Purple Pink Shape - Pear Clarity - SI2 Measurements - 5.01 X 3.34 X 2.15 Fluoresence - None Polish - VG Symmetry - VG No Of Diamonds - 1,0.23ct Fancy Deep Orangy Pink Shield Diamond GIA,in stock,new,22558.9 HKD,https://colourdiam.com/diamonddetails/Menu/7156,https://www.colourdiam.com/Product/Diamond/7156/still.jpg,ColourDiam,Apparel & Accessories > Jewelry,,1,,,,unisex,,,adult,,,,,,,,,GIA,Fine Jewelry
7098,Sku - 7098 Weight - 0.25 Colour - Faint Yellow Green Shape - Round Clarity - SI1 Measurements - 4.21 x 4.23 x 2.37 Fluoresence - None Polish - G Symmetry - VG No Of Diamonds - 1,0.23ct Fancy Intense Pink Radiant GIA Diamond,in stock,new,1579.28 HKD,https://colourdiam.com/diamonddetails/Menu/7098,https://www.colourdiam.com/Product/Diamond/7098/still.jpg,ColourDiam,Apparel & Accessories > Jewelry,,1,,,,unisex,,,adult,,,,,,,,,GIA,Fine Jewelry
5601,Sku - 5601 Weight - 0.25 Colour - Very Light Pink Shape - Cushion Clarity - VS1 Measurements - 4.07X2.80X2.22 Fluoresence - None Polish - VG Symmetry - VG No Of Diamonds - 1,0.22ct E VVS2 GIA Natural Diamond,in stock,new,7896.41 HKD,https://colourdiam.com/diamonddetails/Menu/5601,https://www.colourdiam.com/Product/Diamond/5601/still.jpg,ColourDiam,Apparel & Accessories > Jewelry,,1,,,,unisex,,,adult,,,,,,,,,GIA,Fine Jewelry
1327,Sku - 1327 Weight - 0.25 Colour - Fancy Light Pink Shape - Round Clarity - VS2 Measurements - 4.04X4.01X2.51 Fluoresence - Fnt Polish - EX Symmetry - EX No Of Diamonds - 1,0.22ct Fancy Brownish Greenish Yellow SI2 Round Diamond,in stock,new,33841.76 HKD,https://colourdiam.com/diamonddetails/Menu/1327,https://www.colourdiam.com/Product/Diamond/1327/still.jpg,ColourDiam,Apparel & Accessories > Jewelry,,1,,,,unisex,,,adult,,,,,,,,,GIA,Fine Jewelry
314,Sku - 314 Weight - 0.25 Colour - Fancy Brownish Orangy Pink Shape - Pear Clarity - SI2 Measurements - 4.51X3.61X2.06 Fluoresence - Med Polish - G Symmetry - GD No Of Diamonds - 1,0.22ct Fancy Pink Round SI2 GIA Natural Diamond,in stock,new,27073.41 HKD,https://colourdiam.com/diamonddetails/Menu/314,https://www.colourdiam.com/Product/Diamond/314/still.jpg,ColourDiam,Apparel & Accessories > Jewelry,,1,,,,unisex,,,adult,,,,,,,,,GIA,Fine Jewelry
5755,Sku - 5755 Weight - 0.25 Colour - Fancy Pinkish Purple Shape - Cushion Clarity - SI1 Measurements - 3.38 X 3.30 X 2.50 Fluoresence - None Polish - G Symmetry - GD No Of Diamonds - 1,0.21ct Fancy Intense Purplish Pink Round Diamond GIA,in stock,new,40610.11 HKD,https://colourdiam.com/diamonddetails/Menu/5755,https://www.colourdiam.com/Product/Diamond/5755/still.jpg,ColourDiam,Apparel & Accessories > Jewelry,,1,,,,unisex,,,adult,,,,,,,,,GIA,Fine Jewelry
1460,Sku - 1460 Weight - 0.24 Colour - Fancy Deep Orangy Pink Shape - Radiant Clarity -  Measurements - 4.01 x 3.26 x 2.31 Fluoresence - None Polish -  Symmetry -  No Of Diamonds - 1,0.21ct Fancy Brownish Pink Round GIA Diamond,in stock,new,43317.45 HKD,https://colourdiam.com/diamonddetails/Menu/1460,https://www.colourdiam.com/Product/Diamond/1460/still.jpg,ColourDiam,Apparel & Accessories > Jewelry,,1,,,,unisex,,,adult,,,,,,,,,GIA,Fine Jewelry
6289,Sku - 6289 Weight - 0.24 Colour - M Shape - Round Clarity - VVS2 Measurements - 3.99-4.00x2.51 Fluoresence - Fnt Polish - VG Symmetry - VG No Of Diamonds - 1,0.21ct Fancy Light Pink SI1 Round Diamond,in stock,new,2165.87 HKD,https://colourdiam.com/diamonddetails/Menu/6289,https://www.colourdiam.com/Product/Diamond/6289/still.jpg,ColourDiam,Apparel & Accessories > Jewelry,,1,,,,unisex,,,adult,,,,,,,,,GIA,Fine Jewelry
2964,Sku - 2964 Weight - 0.23 Colour - Fancy Light Brown Pink Shape - Round Clarity - I1 Measurements - 3.61x3.22x2.26 Fluoresence - None Polish -  Symmetry -  No Of Diamonds - 1,0.21ct Fancy Orangy Pink SI1 Round GIA Diamond,in stock,new,0 HKD,https://colourdiam.com/diamonddetails/Menu/2964,https://www.colourdiam.com/Product/Diamond/2964/still.jpg,ColourDiam,Apparel & Accessories > Jewelry,,1,,,,unisex,,,adult,,,,,,,,,CGL,Fine Jewelry
2558,Sku - 2558 Weight - 0.23 Colour - Fancy Light Grayish Blue Shape - Pear Clarity - VS1 Measurements - 4.56X3.20X2.21 Fluoresence - None Polish - G Symmetry - F No Of Diamonds - 1,0.21ct Fancy Light Purplish Pink SI1 Round Diamond GIA,in stock,new,37361.3 HKD,https://colourdiam.com/diamonddetails/Menu/2558,https://www.colourdiam.com/Product/Diamond/2558/still.jpg,ColourDiam,Apparel & Accessories > Jewelry,,1,,,,unisex,,,adult,,,,,,,,,GIA,Fine Jewelry
6852,Sku - 6852 Weight - 0.23 Colour - Fancy Deep Orangy Pink Shape - Shield Clarity - SI2 Measurements - 3.84 X 5.19 X 1.80 Fluoresence - Med Polish - G Symmetry - VG No Of Diamonds - 1,0.21ct Fancy Intense Pink Pear Diamond GIA,in stock,new,10378.14 HKD,https://colourdiam.com/diamonddetails/Menu/6852,https://www.colourdiam.com/Product/Diamond/6852/still.jpg,ColourDiam,Apparel & Accessories > Jewelry,,1,,,,unisex,,,adult,,,,,,,,,GIA,Fine Jewelry
6856,Sku - 6856 Weight - 0.23 Colour - Fancy Intense Pink Shape - Radiant Clarity - SI2 Measurements - 3.55X3.54X2.15 Fluoresence - None Polish - VG Symmetry - GD No Of Diamonds - 1,0.21ct D VS2 GIA Certified Natural Diamond,in stock,new,93403.26 HKD,https://colourdiam.com/diamonddetails/Menu/6856,https://www.colourdiam.com/Product/Diamond/6856/still.jpg,ColourDiam,Apparel & Accessories > Jewelry,,1,,,,unisex,,,adult,,,,,,,,,GIA,Fine Jewelry
6330,Sku - 6330 Weight - 0.22 Colour - E Shape - Other Clarity - VVS2 Measurements - 3.56 X 3.51 X 2.51 Fluoresence - None Polish - EX Symmetry - VG No Of Diamonds - 1,0.20ct Fancy Light Brownish Greenish Yellow Diamond,in stock,new,4566.38 HKD,https://colourdiam.com/diamonddetails/Menu/6330,https://www.colourdiam.com/Product/Diamond/6330/still.jpg,ColourDiam,Apparel & Accessories > Jewelry,,1,,,,unisex,,,adult,,,,,,,,,GIA,Fine Jewelry
2972,Sku - 2972 Weight - 0.22 Colour - Fancy Brownish Greenish Yellow Shape - Round Clarity - SI2 Measurements -  Fluoresence - None Polish -  Symmetry -  No Of Diamonds - 1,0.20ct Fancy Light Pink Round GIA Natural Diamond,in stock,new,0 HKD,https://colourdiam.com/diamonddetails/Menu/2972,https://www.colourdiam.com/Product/Diamond/2972/still.jpg,ColourDiam,Apparel & Accessories > Jewelry,,1,,,,unisex,,,adult,,,,,,,,,CGL,Fine Jewelry
1059,Sku - 1059 Weight - 0.22 Colour - Fancy Pink Shape - Round Clarity - SI2 Measurements - 3.50x3.54x2.56 Fluoresence - Med Polish - G Symmetry - F No Of Diamonds - 1,0.20ct Fancy Gray Cushion VS1 GIA Natural Diamond,in stock,new,39707.67 HKD,https://colourdiam.com/diamonddetails/Menu/1059,https://www.colourdiam.com/Product/Diamond/1059/still.jpg,ColourDiam,Apparel & Accessories > Jewelry,,1,,,,unisex,,,adult,,,,,,,,,GIA,Fine Jewelry
2785,Sku - 2785 Weight - 0.21 Colour - Fancy Brownish Pink Shape - Round Clarity -  Measurements - 3.69 x 3.73 x 2.45 Fluoresence - None Polish -  Symmetry -  No Of Diamonds - 1,0.20ct Fancy Light Brownish Pink Heart SI1 Diamond,in stock,new,15161.11 HKD,https://colourdiam.com/diamonddetails/Menu/2785,https://www.colourdiam.com/Product/Diamond/2785/still.jpg,ColourDiam,Apparel & Accessories > Jewelry,,1,,,,unisex,,,adult,,,,,,,,,GIA,Fine Jewelry
79,Sku - 79 Weight - 0.21 Colour - Fancy Intense Purplish Pink Shape - Round Clarity -  Measurements - 3.51 X 3.55 X 2.48 Fluoresence - None Polish -  Symmetry -  No Of Diamonds - 1,0.19ct Fancy Deep Pink Marquise Diamond GIA,in stock,new,56854.16 HKD,https://colourdiam.com/diamonddetails/Menu/79,https://www.colourdiam.com/Product/Diamond/79/still.jpg,ColourDiam,Apparel & Accessories > Jewelry,,1,,,,unisex,,,adult,,,,,,,,,GIA,Fine Jewelry
5759,Sku - 5759 Weight - 0.21 Colour - Fancy Light Pink Shape - Round Clarity - SI1 Measurements - 3.85 X 3.90 Fluoresence - STG Polish -  Symmetry -  No Of Diamonds - 1,0.19ct Fancy Pink Purple Pear VS2 GIA Diamond,in stock,new,23689.23 HKD,https://colourdiam.com/diamonddetails/Menu/5759,https://www.colourdiam.com/Product/Diamond/5759/still.jpg,ColourDiam,Apparel & Accessories > Jewelry,,1,,,,unisex,,,adult,,,,,,,,,AGT,Fine Jewelry
2562,Sku - 2562 Weight - 0.21 Colour - Fancy Orangy Pink Shape - Round Clarity - SI1 Measurements - 3.88X3.85X2.37 Fluoresence - Med Polish - G Symmetry - GD No Of Diamonds - 1,0.19ct Fancy Light Orangy Pink SI2 Cushion GIA Diamond,in stock,new,85281.24 HKD,https://colourdiam.com/diamonddetails/Menu/2562,https://www.colourdiam.com/Product/Diamond/2562/still.jpg,ColourDiam,Apparel & Accessories > Jewelry,,1,,,,unisex,,,adult,,,,,,,,,GIA,Fine Jewelry
221,Sku - 221 Weight - 0.21 Colour - Fancy Light Purplish Pink Shape - Round Clarity - SI1 Measurements - 3.50X3.46X2.57 Fluoresence - None Polish - G Symmetry - GD No Of Diamonds - 1,0.18ct Fancy Orangy Pink SI1 Cushion GIA Diamond,in stock,new,18951.39 HKD,https://colourdiam.com/diamonddetails/Menu/221,https://www.colourdiam.com/Product/Diamond/221/still.jpg,ColourDiam,Apparel & Accessories > Jewelry,,1,,,,unisex,,,adult,,,,,,,,,GIA,Fine Jewelry
408,Sku - 408 Weight - 0.21 Colour - Fancy Intense Pink Shape - Pear Clarity - I1 Measurements - 4.25X3.31X2.07 Fluoresence - Fnt Polish - VG Symmetry - GD No Of Diamonds - 1,0.18ct Fancy Deep Brown Pink Radiant GIA Diamond,in stock,new,37902.77 HKD,https://colourdiam.com/diamonddetails/Menu/408,https://www.colourdiam.com/Product/Diamond/408/still.jpg,ColourDiam,Apparel & Accessories > Jewelry,,1,,,,unisex,,,adult,,,,,,,,,GIA,Fine Jewelry
6329,Sku - 6329 Weight - 0.21 Colour - D Shape - Other Clarity - VS2 Measurements - 3.43 X 3.42 X 2.35 Fluoresence - None Polish - EX Symmetry - VG No Of Diamonds - 1,0.18ct Fancy Light Pinkish Purple Round Diamond GIA,in stock,new,4169.31 HKD,https://colourdiam.com/diamonddetails/Menu/6329,https://www.colourdiam.com/Product/Diamond/6329/still.jpg,ColourDiam,Apparel & Accessories > Jewelry,,1,,,,unisex,,,adult,,,,,,,,,GIA,Fine Jewelry
2969,Sku - 2969 Weight - 0.2 Colour - Fancy Light Brownish Greenish Yellow Shape - Round Clarity - SI2 Measurements - 3.35x3.33x2.04 Fluoresence - None Polish -  Symmetry -  No Of Diamonds - 1,0.18ct Fancy Purple Pink SI2 Round Diamond,in stock,new,0 HKD,https://colourdiam.com/diamonddetails/Menu/2969,https://www.colourdiam.com/Product/Diamond/2969/still.jpg,ColourDiam,Apparel & Accessories > Jewelry,,1,,,,unisex,,,adult,,,,,,,,,CGL,Fine Jewelry
305,Sku - 305 Weight - 0.2 Colour - Fancy Light Pink Shape - Round Clarity - I1 Measurements - 3.65X3.62X2.40 Fluoresence - Fnt Polish - VG Symmetry - F No Of Diamonds - 1,0.17ct Fancy Deep Orangy Pink Cushion SI2 GIA Diamond,in stock,new,15341.6 HKD,https://colourdiam.com/diamonddetails/Menu/305,https://www.colourdiam.com/Product/Diamond/305/still.jpg,ColourDiam,Apparel & Accessories > Jewelry,,1,,,,unisex,,,adult,,,,,,,,,GIA,Fine Jewelry
3761,Sku - 3761 Weight - 0.2 Colour - Fancy Gray Shape - Cushion Clarity - VS1 Measurements - 3.49*3.47*2.11 Fluoresence - Fnt Polish - VG Symmetry - GD No Of Diamonds - 1,0.17ct Fancy Intense Pink Purple Round Diamond,in stock,new,9024.47 HKD,https://colourdiam.com/diamonddetails/Menu/3761,https://www.colourdiam.com/Product/Diamond/3761/still.jpg,ColourDiam,Apparel & Accessories > Jewelry,,1,,,,unisex,,,adult,,,,,,,,,GIA,Fine Jewelry
2541,Sku - 2541 Weight - 0.2 Colour - Fancy Light Brownish Pink Shape - Heart Clarity - SI1 Measurements - 3.71X4.39X2.05 Fluoresence - Med Polish - G Symmetry - GD No Of Diamonds - 1,0.16ct Fancy Deep Pink Cushion Diamond GIA,in stock,new,6858.6 HKD,https://colourdiam.com/diamonddetails/Menu/2541,https://www.colourdiam.com/Product/Diamond/2541/still.jpg,ColourDiam,Apparel & Accessories > Jewelry,,1,,,,unisex,,,adult,,,,,,,,,GIA,Fine Jewelry
8911,Sku - 8911 Weight - 0.19 Colour - Fancy Light Orangy Pink Shape - Cushion Clarity - SI2 Measurements - 3.13 x 3.11 x 2.11 Fluoresence - Med Polish - VG Symmetry - GD No Of Diamonds - 1,0.16ct Fancy Brownish Pink Marquise Diamond GIA SI2,in stock,new,13717.19 HKD,https://colourdiam.com/diamonddetails/Menu/8911,https://www.colourdiam.com/Product/Diamond/8911/still.jpg,ColourDiam,Apparel & Accessories > Jewelry,,1,,,,unisex,,,adult,,,,,,,,,GIA,Fine Jewelry
402,Sku - 402 Weight - 0.19 Colour - Fancy Deep Pink Shape - Marquise Clarity - I1 Measurements - 4.81X2.83X2.32 Fluoresence - Fnt Polish - G Symmetry - F No Of Diamonds - 1,0.16ct Fancy Deep Pink Cushion Diamond,in stock,new,42866.23 HKD,https://colourdiam.com/diamonddetails/Menu/402,https://www.colourdiam.com/Product/Diamond/402/still.jpg,ColourDiam,Apparel & Accessories > Jewelry,,1,,,,unisex,,,adult,,,,,,,,,GIA,Fine Jewelry
2499,Sku - 2499 Weight - 0.19 Colour - Fancy Pink Purple Shape - Pear Clarity - VS2 Measurements - 4.35X2.97X1.97 Fluoresence - None Polish - VG Symmetry - F No Of Diamonds - 1,0.16ct Fancy Deep Pink Marquise Diamond GIA SI2,in stock,new,15239.82 HKD,https://colourdiam.com/diamonddetails/Menu/2499,https://www.colourdiam.com/Product/Diamond/2499/still.jpg,ColourDiam,Apparel & Accessories > Jewelry,,1,,,,unisex,,,adult,,,,,,,,,GIA,Fine Jewelry
5404,Sku - 5404 Weight - 0.18 Colour - Fancy Orangy Pink Shape - Cushion Clarity - SI1 Measurements - 2.99 X 2.99 X 2.14 Fluoresence - Fnt Polish - VG Symmetry - GD No Of Diamonds - 1,0.15ct Fancy Intense Pink GIA Diamond,in stock,new,12995.24 HKD,https://colourdiam.com/diamonddetails/Menu/5404,https://www.colourdiam.com/Product/Diamond/5404/still.jpg,ColourDiam,Apparel & Accessories > Jewelry,,1,,,,unisex,,,adult,,,,,,,,,GIA,Fine Jewelry
286,Sku - 286 Weight - 0.18 Colour - Fancy Deep Brown Pink Shape - Radiant Clarity -  Measurements - 3.39 x 3.11 x 2.08 Fluoresence - None Polish -  Symmetry -  No Of Diamonds - 1,0.15ct Fancy Intense Purplish Pink Diamond GIA,in stock,new,21117.26 HKD,https://colourdiam.com/diamonddetails/Menu/286,https://www.colourdiam.com/Product/Diamond/286/still.jpg,ColourDiam,Apparel & Accessories > Jewelry,,1,,,,unisex,,,adult,,,,,,,,,GIA,Fine Jewelry
304,Sku - 304 Weight - 0.18 Colour - Fancy Light Pinkish Purple Shape - Round Clarity -  Measurements - 3.64 x 3.69 x 2.18 Fluoresence - None Polish -  Symmetry -  No Of Diamonds - 1,0.15ct Fancy Orangy Pink SI2 Round Diamond,in stock,new,14619.64 HKD,https://colourdiam.com/diamonddetails/Menu/304,https://www.colourdiam.com/Product/Diamond/304/still.jpg,ColourDiam,Apparel & Accessories > Jewelry,,1,,,,unisex,,,adult,,,,,,,,,GIA,Fine Jewelry
5758,Sku - 5758 Weight - 0.18 Colour - Fancy Purple Pink Shape - Round Clarity - SI2 Measurements - 3.67 X 3.68 Fluoresence - Med Polish -  Symmetry -  No Of Diamonds - 1,0.15ct Fancy Deep Pink Round Diamond AGT,in stock,new,29239.28 HKD,https://colourdiam.com/diamonddetails/Menu/5758,https://www.colourdiam.com/Product/Diamond/5758/still.jpg,ColourDiam,Apparel & Accessories > Jewelry,,1,,,,unisex,,,adult,,,,,,,,,AGT,Fine Jewelry
252,Sku - 252 Weight - 0.17 Colour - Fancy Deep Orangy Pink Shape - Cushion Clarity - SI2 Measurements - 3.28X2.95X2.08 Fluoresence - Fnt Polish - G Symmetry - GD No Of Diamonds - 1,"**Precious 0.15 Ct Fancy Deep Brownish Purple Pink Marquise-Cut Diamond**

Nature's masterpiece — a 0.15-carat Fancy Deep Brownish Purple Pink Marquise-cut diamond graded Measurements - 5.37 x 2.47 x 1.63 clarity. Superb proportions deliver exceptional light performance. A rare investment-grade treasure for the most exclusive private collections.",in stock,new,23012.4 HKD,https://colourdiam.com/diamonddetails/Menu/252,https://www.colourdiam.com/Product/Diamond/252/still.jpg,ColourDiam,Apparel & Accessories > Jewelry,,1,,,,unisex,,,adult,,,,,,,,,GIA,Fine Jewelry
2970,Sku - 2970 Weight - 0.17 Colour - Fancy Intense Pink Purple Shape - Round Clarity - I1 Measurements - 3.35x2.91x1.93 Fluoresence - None Polish -  Symmetry -  No Of Diamonds - 1,"**Sumptuous 0.15 Ct Fancy Light Yellowish Gray Round-Cut Diamond**

Presenting an extraordinary loose natural diamond — a 0.15-carat Fancy Light Yellowish Gray Round-cut gemstone with SI2 clarity. Expertly cut to maximize brilliance, fire, and scintillation, making it an exceptional addition to any discerning collector's portfolio.",in stock,new,0 HKD,https://colourdiam.com/diamonddetails/Menu/2970,https://www.colourdiam.com/Product/Diamond/2970/still.jpg,ColourDiam,Apparel & Accessories > Jewelry,,1,,,,unisex,,,adult,,,,,,,,,CGL,Fine Jewelry
244,Sku - 244 Weight - 0.16 Colour - Fancy Deep Pink Shape - Cushion Clarity - SI2 Measurements - 3.16X2.88X1.98 Fluoresence - Fnt Polish - G Symmetry - GD No Of Diamonds - 1,"**Radiant 0.13 Ct Fancy Intense Pink Radiant-Cut Diamond**

Discover this 0.13-carat Fancy Intense Pink Radiant-cut loose diamond, independently certified Measurements - 3.23 x 2.58 x 1.76 clarity with measurements of 3.23 x 2.58 x 1.76. Every facet has been precision-engineered to unleash a radiant cascade of light.",in stock,new,30322.22 HKD,https://colourdiam.com/diamonddetails/Menu/244,https://www.colourdiam.com/Product/Diamond/244/still.jpg,ColourDiam,Apparel & Accessories > Jewelry,,1,,,,unisex,,,adult,,,,,,,,,GIA,Fine Jewelry
586,Sku - 586 Weight - 0.16 Colour - Fancy Brownish Pink Shape - Marquise Clarity - SI2 Measurements - 4.92X2.77X1.97 Fluoresence - Fnt Polish - G Symmetry - GD No Of Diamonds - 1,0.13 Carat Fancy Light Pink Pear GIA Diamond,in stock,new,10107.41 HKD,https://colourdiam.com/diamonddetails/Menu/586,https://www.colourdiam.com/Product/Diamond/586/still.jpg,ColourDiam,Apparel & Accessories > Jewelry,,1,,,,unisex,,,adult,,,,,,,,,GIA,Fine Jewelry
2250,Sku - 2250 Weight - 0.16 Colour - Fancy Deep Pink Shape - Cushion Clarity - SI2 Measurements - 2.88x2.83x2.04 Fluoresence - None Polish -  Symmetry -  No Of Diamonds - 1,"**Exquisite 0.12 Ct Fancy Vivid Pink Marquise-Cut Diamond**

Presenting an extraordinary loose natural diamond — a 0.12-carat Fancy Vivid Pink Marquise-cut gemstone with I2 clarity. Expertly cut to maximize brilliance, fire, and scintillation, making it an exceptional addition to any discerning collector's portfolio.",in stock,new,28878.3 HKD,https://colourdiam.com/diamonddetails/Menu/2250,https://www.colourdiam.com/Product/Diamond/2250/still.jpg,ColourDiam,Apparel & Accessories > Jewelry,,1,,,,unisex,,,adult,,,,,,,,,CGL,Fine Jewelry
309,Sku - 309 Weight - 0.16 Colour - Fancy Deep Pink Shape - Marquise Clarity - SI2 Measurements - 5.15X2.85X1.83 Fluoresence - None Polish - G Symmetry - GD No Of Diamonds - 1,"**Sumptuous 0.11 Ct Fancy Deep Pink Marquise-Cut Diamond**

Presenting an extraordinary loose natural diamond — a 0.11-carat Fancy Deep Pink Marquise-cut gemstone with Measurements - 4.25 x 2.54 x 1.66 clarity. Expertly cut to maximize brilliance, fire, and scintillation, making it an exceptional addition to any discerning collector's portfolio.",in stock,new,28878.3 HKD,https://colourdiam.com/diamonddetails/Menu/309,https://www.colourdiam.com/Product/Diamond/309/still.jpg,ColourDiam,Apparel & Accessories > Jewelry,,1,,,,unisex,,,adult,,,,,,,,,GIA,Fine Jewelry
409,Sku - 409 Weight - 0.15 Colour - Fancy Intense Pink Shape - Cut cornered square Clarity - I1 Measurements - 2.88X2.82X1.91 Fluoresence - Med Polish - G Symmetry - F No Of Diamonds - 1,0.11ct Fancy Deep Brownish Orangy Pink Radiant GIA Diamond,in stock,new,27073.41 HKD,https://colourdiam.com/diamonddetails/Menu/409,https://www.colourdiam.com/Product/Diamond/409/still.jpg,ColourDiam,Apparel & Accessories > Jewelry,,1,,,,unisex,,,adult,,,,,,,,,GIA,Fine Jewelry
256,Sku - 256 Weight - 0.15 Colour - Fancy Intense Purplish Pink Shape - Round Clarity - I1 Measurements - 3.43X3.40X2.05 Fluoresence - Fnt Polish - G Symmetry - GD No Of Diamonds - 1,"**Brilliant 0.11 Ct Fancy Blue Radiant-Cut Diamond**

Discover this 0.11-carat Fancy Blue Radiant-cut loose diamond, independently certified VS2 clarity with measurements of 2.94 x 2.87 x 1.6. Every facet has been precision-engineered to unleash a brilliant cascade of light.",in stock,new,29780.75 HKD,https://colourdiam.com/diamonddetails/Menu/256,https://www.colourdiam.com/Product/Diamond/256/still.jpg,ColourDiam,Apparel & Accessories > Jewelry,,1,,,,unisex,,,adult,,,,,,,,,GIA,Fine Jewelry
2662,Sku - 2662 Weight - 0.15 Colour - Fancy Orangy Pink Shape - Round Clarity - SI2 Measurements - 3.39x3.43x2.11 Fluoresence - None Polish -  Symmetry -  No Of Diamonds - 1,"**Exquisite 0.1 Ct Shape - Pear Pear-Cut Diamond**

Presenting an extraordinary loose natural diamond — a 0.1-carat Shape - Pear Pear-cut gemstone with I1 clarity. Expertly cut to maximize brilliance, fire, and scintillation, making it an exceptional addition to any discerning collector's portfolio.",in stock,new,21387.99 HKD,https://colourdiam.com/diamonddetails/Menu/2662,https://www.colourdiam.com/Product/Diamond/2662/still.jpg,ColourDiam,Apparel & Accessories > Jewelry,,1,,,,unisex,,,adult,,,,,,,,,CGL,Fine Jewelry
2474,Sku - 2474 Weight - 0.15 Colour - Fancy Deep Pink Shape - Round Clarity - I1 Measurements - 3.42x3.45x2.13 Fluoresence - None Polish -  Symmetry -  No Of Diamonds - 1,"**Radiant 0.1 Ct Fancy Deep Pink Radiant-Cut Diamond**

Discover this 0.1-carat Fancy Deep Pink Radiant-cut loose diamond, independently certified SI2 clarity with measurements of Fluoresence - None. Every facet has been precision-engineered to unleash a radiant cascade of light.",in stock,new,33841.76 HKD,https://colourdiam.com/diamonddetails/Menu/2474,https://www.colourdiam.com/Product/Diamond/2474/still.jpg,ColourDiam,Apparel & Accessories > Jewelry,,1,,,,unisex,,,adult,,,,,,,,,AGT,Fine Jewelry
2386,Sku - 2386 Weight - 0.15 Colour - Fancy Deep Brownish Purple Pink Shape - Marquise Clarity -  Measurements - 5.37 x 2.47 x 1.63 Fluoresence - None Polish -  Symmetry -  No Of Diamonds - 1,"**Sumptuous 0.09 Ct Fancy Light Yellowish Gray Round-Cut Diamond**

Presenting an extraordinary loose natural diamond — a 0.09-carat Fancy Light Yellowish Gray Round-cut gemstone with I1 clarity. Expertly cut to maximize brilliance, fire, and scintillation, making it an exceptional addition to any discerning collector's portfolio.",in stock,new,4737.85 HKD,https://colourdiam.com/diamonddetails/Menu/2386,https://www.colourdiam.com/Product/Diamond/2386/still.jpg,ColourDiam,Apparel & Accessories > Jewelry,,1,,,,unisex,,,adult,,,,,,,,,GIA,Fine Jewelry
2966,Sku - 2966 Weight - 0.15 Colour - Fancy Light Yellowish Gray Shape - Round Clarity - SI2 Measurements - 3.28-3.30*2.11 Fluoresence - None Polish -  Symmetry -  No Of Diamonds - 1,"**Matchless 0.07 Ct Fancy Purple Pink Marquise-Cut Diamond**

Nature's masterpiece — a 0.07-carat Fancy Purple Pink Marquise-cut diamond graded I1 clarity. Superb proportions deliver exceptional light performance. A rare investment-grade treasure for the most exclusive private collections.",in stock,new,0 HKD,https://colourdiam.com/diamonddetails/Menu/2966,https://www.colourdiam.com/Product/Diamond/2966/still.jpg,ColourDiam,Apparel & Accessories > Jewelry,,1,,,,unisex,,,adult,,,,,,,,,CGL,Fine Jewelry
5583,Sku - 5583 Weight - 0.13 Colour - Fancy Light Pink Shape - Pear Clarity - SI1 Measurements - 4.04 x 2.93 x 1.86 Fluoresence - None Polish -  Symmetry -  No Of Diamonds - 1,"**Glorious 0.06 Ct Fancy Green Round-Cut Diamond**

Presenting an extraordinary loose natural diamond — a 0.06-carat Fancy Green Round-cut gemstone with SI1 clarity. Expertly cut to maximize brilliance, fire, and scintillation, making it an exceptional addition to any discerning collector's portfolio.",in stock,new,7039.09 HKD,https://colourdiam.com/diamonddetails/Menu/5583,https://www.colourdiam.com/Product/Diamond/5583/still.jpg,ColourDiam,Apparel & Accessories > Jewelry,,1,,,,unisex,,,adult,,,,,,,,,GIA,Fine Jewelry
598,Sku - 598 Weight - 0.13 Colour - Fancy Intense Pink Shape - Radiant Clarity -  Measurements - 3.23 x 2.58 x 1.76 Fluoresence - None Polish -  Symmetry -  No Of Diamonds - 1,"**Incandescent 0.05 Ct Fancy Orangy Pink Marquise-Cut Diamond**

Discover this 0.05-carat Fancy Orangy Pink Marquise-cut loose diamond, independently certified SI2 clarity with measurements of Fluoresence - None. Every facet has been precision-engineered to unleash a incandescent cascade of light.",in stock,new,21117.26 HKD,https://colourdiam.com/diamonddetails/Menu/598,https://www.colourdiam.com/Product/Diamond/598/still.jpg,ColourDiam,Apparel & Accessories > Jewelry,,1,,,,unisex,,,adult,,,,,,,,,GIA,Fine Jewelry
2640,Sku - 2640 Weight - 0.12 Colour - Fancy Vivid Pink Shape - Marquise Clarity - I2 Measurements -  Fluoresence - None Polish -  Symmetry -  No Of Diamonds - 1,"**Radiant 0.05 Ct Fancy Deep Violet Pear-Cut Diamond**

Presenting an extraordinary loose natural diamond — a 0.05-carat Fancy Deep Violet Pear-cut gemstone with SI2 clarity. Expertly cut to maximize brilliance, fire, and scintillation, making it an exceptional addition to any discerning collector's portfolio.",in stock,new,27073.41 HKD,https://colourdiam.com/diamonddetails/Menu/2640,https://www.colourdiam.com/Product/Diamond/2640/still.jpg,ColourDiam,Apparel & Accessories > Jewelry,,1,,,,unisex,,,adult,,,,,,,,,CGL,Fine Jewelry
681,Sku - 681 Weight - 0.11 Colour - Fancy Deep Pink Shape - Marquise Clarity -  Measurements - 4.25 x 2.54 x 1.66 Fluoresence - None Polish -  Symmetry -  No Of Diamonds - 1,"**Luminous 0.05 Ct Light Bluish Gray Round-Cut Diamond**

Discover this 0.05-carat Light Bluish Gray Round-cut loose diamond, independently certified VS2 clarity with measurements of 2.39x2.4x1.43. Every facet has been precision-engineered to unleash a luminous cascade of light.",in stock,new,17868.45 HKD,https://colourdiam.com/diamonddetails/Menu/681,https://www.colourdiam.com/Product/Diamond/681/still.jpg,ColourDiam,Apparel & Accessories > Jewelry,,1,,,,unisex,,,adult,,,,,,,,,GIA,Fine Jewelry
Pendant,Fancy Colour Diamond,Fancy Colour Diamond,in stock,new,#VALUE! (Function MULTIPLY parameter 1 expects number values. But 'Fancy Purple' is a text and cannot be coerced to a number.),,VVS1,ColourDiam,Apparel & Accessories > Jewelry,,1,,,,unisex,,,adult,,,,,,,,,Oval,Fine Jewelry
Pendant,Ruby,Ruby,in stock,new,"#N/A (Function REGEXEXTRACT parameter 2 value ""[0-9.]+"" does not match text of Function REGEXEXTRACT parameter 1 value """".)",,VVS1,ColourDiam,Apparel & Accessories > Jewelry,,1,,,,unisex,,,adult,,,,,,,,,,Fine Jewelry
Ring,Sapphire,Sapphire,in stock,new,"#N/A (Function REGEXEXTRACT parameter 2 value ""[0-9.]+"" does not match text of Function REGEXEXTRACT parameter 1 value """".)",,VS2,ColourDiam,Apparel & Accessories > Jewelry,,1,,,,unisex,,,adult,,,,,,,,,,Fine Jewelry
