# Required | A unique content ID for the item. Use the item's SKU if you can. Each content ID must appear only once in your catalog. To run dynamic ads this ID must exactly match the content ID for the same item in your Meta Pixel code. Character limit: 100,# Required | A specific and relevant title for the item. See title specifications: https://www.facebook.com/business/help/2104231189874655 Character limit: 200,# Required | A short and relevant description of the item. Include specific or unique product features like material or color. Use plain text and don't enter text in all capital letters. See description specifications: https://www.facebook.com/business/help/2302017289821154 Character limit: 9999,# Required | The current availability of the item. | Supported values: in stock; out of stock,# Required | The current condition of the item. | Supported values: new; used,# Required | The price of the item. Format the price as a number followed by the 3-letter currency code (ISO 4217 standards). Use a period (.) as the decimal point; don't use a comma.,# Required | The URL of the specific product page where people can buy the item.,# Required | The URL for the main image of your item. Images must be in a supported format (JPG/GIF/PNG) and at least 500 x 500 pixels.,# Required | The brand name of the item. Character limit: 100.,# Optional | The Google product category for the item. Learn more about product categories: https://www.facebook.com/business/help/526764014610932.,# Optional | The Facebook product category for the item. Learn more about product categories: https://www.facebook.com/business/help/526764014610932.,# Optional | The quantity of this item you have to sell on Facebook and Instagram with checkout. Must be 1 or higher or the item won't be buyable,# Optional | The discounted price of the item if it's on sale. Format the price as a number followed by the 3-letter currency code (ISO 4217 standards). Use a period (.) as the decimal point; don't use a comma. A sale price is required if you want to use an overlay for discounted prices.,# Optional | The time range for your sale period. Includes the date and time/time zone when your sale starts and ends. If this field is blank any items with a sale_price remain on sale until you remove the sale price. Use this format: YYYY-MM-DDT23:59+00:00/YYYY-MM-DDT23:59+00:00. Enter the start date as YYYY-MM-DD. Enter a 'T'. Enter the start time in 24-hour format (00:00 to 23:59) followed by the UTC time zone (-12:00 to +14:00). Enter '/' and then repeat the same format for your end date and time. The example row below uses PST time zone (-08:00).,# Optional | Use this field to create variants of the same item. Enter the same group ID for all variants within a group. Learn more about variants: https://www.facebook.com/business/help/2256580051262113 Character limit: 100.,# Optional | The gender of a person that the item is targeted towards. | Supported values: female; male; unisex,# Optional | The color of the item. Use one or more words to describe the color. Don't use a hex code. Character limit: 200.,# Optional | The size of the item written as a word or abbreviation or number. For example: small; XL; 12. Character limit: 200.,# Optional | The age group that the item is targeted towards. | Supported values: adult; all ages; infant; kids; newborn; teen; toddler,# Optional | The material the item is made from; such as cotton; denim or leather. Character limit: 200.,# Optional | The pattern or graphic print on the item. Character limit: 100.,"# Optional | Shipping details for the item. Format as Country:Region:Service:Price. Include the 3-letter ISO 4217 currency code in the price. Enter the price as 0.0 to use the free shipping overlay in your ads. Use a semi-colon ';' or a comma "";"" to separate multiple shipping details for different regions or countries. Only people in the specified region or country will see shipping details for that region or country. You can leave out the region (keep the double '::') if your shipping details are the same for an entire country.",# Optional | The shipping weight of the item. Include the unit of measurement (lb/oz/g/kg).,"# Optional | Legal disclaimer text for product offers. This text provides important legal or regulatory information that must be displayed with the product offer. For example: ""Valid while supplies last. Terms and conditions apply.""","# Optional | URL linking to the full disclaimer text. This provides a link to a page containing the complete disclaimer information for the product offer. For example: ""https://example.com/terms-and-conditions""",# Optional | The URL for a video of your product. Link should be a videos file on a file hosting website; not a video player. Videos must be in a supported format (.3g2; .3gp; .3gpp; .asf; .avi; .dat; .divx; .dv; .f4v; .flv; .gif; .m2ts; .m4v; .mkv; .mod; .mov; .mp4; .mpe; .mpeg; .mpeg4; .mpg; .mts; .nsv; .ogm; .ogv; .qt; .tod; .ts; .vob or .wmv).,# Optional | The item’s Global Trade Item Number (GTIN). Recommended to help classify the item. May appear on the barcode; packaging or book cover. Only provide GTIN if you’re sure it’s correct. GTIN types include UPC (12 digits); EAN (13 digits); JAN (8 or 13 digits); ISBN (13 digits) or ITF-14 (14 digits),# Optional | Add labels to products to help filter them into product sets. Max characters: 110 per label; 5000 labels per product,# Optional | Describe the fashion style of this item.
id,title,description,availability,condition,price,link,image_link,brand,google_product_category,fb_product_category,quantity_to_sell_on_facebook,sale_price,sale_price_effective_date,item_group_id,gender,color,size,age_group,material,pattern,shipping,shipping_weight,offer_disclaimer,offer_disclaimer_url,video[0].tag[0],gtin,product_tags[1],style[0]
665_142,0.84 Ct Fancy Yellow VS1 GIA Earring | Colour Diam,Colour Diam stock 665_142. 0.84 Ct Fancy Yellow VS1/; 0.82 Ct Fancy Yellow VS2; 18k-Earring : 6.15 gram; Main stone - 2 pcs – 1.66 cts; WD : 52 / 0.391 ; YD : 44 / 0.511 | Laboratory: GIA.,in stock,new,1207272.65 JPY,https://colourdiam.com/productdetail/Menu/665/142,https://www.colourdiam.com/Product/Jewellery/665_142/white45/center.jpg,Colour Diam,Apparel & Accessories > Jewelry,,1,,,,unisex,,,adult,,,,,,,,,GIA,Fine Jewelry
298,2.01 Ct Fancy Intense Yellow I1 GIA Ring | Colour Diam,Colour Diam stock 298. 2.01 Ct Fancy Intense Yellow I1; 18K - Ring : 3.252 gram; Main Stone - 1 Pcs 2.01 Cts; Round WHITE 83 Pcs 0.34 Cts | Laboratory: GIA.,in stock,new,3630895.18 JPY,https://colourdiam.com/productdetail/298,https://www.colourdiam.com/Product/Jewellery/298/white45/center.jpg,Colour Diam,Apparel & Accessories > Jewelry,,1,,,,unisex,,,adult,,,,,,,,,GIA,Fine Jewelry
414,0.377 Ct Fancy Pink SI1 Ring | Colour Diam,Colour Diam stock 414. 0.377 – Fancy Pink SI1; 18K Platinum Ring: 6.895 gram; Main Stone - 1 Pcs 0.377 Cts; WD : 37 / 0.61; | No laboratory certificate listed.,in stock,new,998496.18 JPY,https://colourdiam.com/productdetail/414,https://www.colourdiam.com/Product/Jewellery/414/white45/center.jpg,Colour Diam,Apparel & Accessories > Jewelry,,1,,,,unisex,,,adult,,,,,,,,,NON CERTIFIED,Fine Jewelry
415,0.175 Ct Fancy Pink SI1 Ring | Colour Diam,"Elegant 18k Platinum ring featuring a 0.175 ct Fancy Pink SI1 diamond center, surrounded by 50 round white diamonds (0.81 cts) for a stunning, high-brilliance look.",in stock,new,998496.18 JPY,https://colourdiam.com/productdetail/415,https://www.colourdiam.com/Product/Jewellery/415/white45/center.jpg,Colour Diam,Apparel & Accessories > Jewelry,,1,,,,unisex,,,adult,,,,,,,,,NON CERTIFIED,Fine Jewelry
416,0.272 Ct Very Light Pink SI1 Ring | Colour Diam,"Sophisticated 18k Platinum ring showcasing a 0.272 ct Very Light Pink SI1 diamond, beautifully minimalist with 22 white diamond accents (0.32 cts).",in stock,new,998496.18 JPY,https://colourdiam.com/productdetail/416,https://www.colourdiam.com/Product/Jewellery/416/white45/center.jpg,Colour Diam,Apparel & Accessories > Jewelry,,1,,,,unisex,,,adult,,,,,,,,,NON CERTIFIED,Fine Jewelry
461,1.26 Ct Fancy Intense Yellow SI1 GIA Ring | Colour Diam,"Breathtaking 18k gold cocktail ring centering a GIA-certified 1.26 ct Fancy Intense Yellow SI1 diamond, intricately surrounded by mixed white, yellow, and pear-cut accent diamonds.",in stock,new,1906219.97 JPY,https://colourdiam.com/productdetail/461,https://www.colourdiam.com/Product/Jewellery/461/white45/center.jpg,Colour Diam,Apparel & Accessories > Jewelry,,1,,,,unisex,,,adult,,,,,,,,,GIA,Fine Jewelry
633,1.62 Ct Fancy Green SI AGL Ring | Colour Diam,"Exceptionally rare 18k gold ring centering an AGL-certified 1.62 ct Fancy Green SI diamond, complemented by a dual border of 67 white and 44 yellow diamonds.",in stock,new,816951.42 JPY,https://colourdiam.com/productdetail/633,https://www.colourdiam.com/Product/Jewellery/633/white45/center.jpg,Colour Diam,Apparel & Accessories > Jewelry,,1,,,,unisex,,,adult,,,,,,,,,AGL,Fine Jewelry
731,0.83 Ct Fancy Light Green VS1 GIA Ring | Colour Diam,"An elegant 18k gold ring centered with a 0.83 ct Fancy Light Green VS1 diamond. The rare green hue is framed by 44 white diamonds totaling 0.058 ct and 62 pink diamonds totaling 0.328 ct, creating a refined contrast of cool brilliance and soft color. Weighing 4.347 grams, this GIA-certified piece balances delicacy with distinctive character. Its layered color palette makes it an exceptional choice for collectors and clients seeking a sophisticated fancy color diamond ring with an unmistakably individual presence.",in stock,new,2632399.01 JPY,https://colourdiam.com/productdetail/731,https://www.colourdiam.com/Product/Jewellery/731/white45/center.jpg,Colour Diam,Apparel & Accessories > Jewelry,,1,,,,unisex,,,adult,,,,,,,,,GIA,Fine Jewelry
1003,1.05 Ct Fancy Yellow SI1 GIA Ring | Colour Diam,"A refined 18k gold ring featuring a 1.05 ct Fancy Yellow SI1 diamond, certified by GIA. Forty white diamonds totaling 0.26 ct surround the center stone, adding crisp brilliance while preserving the warm yellow color as the focal point. The 4.07-gram setting offers an elegant balance between presence and wearability. Designed for clients who appreciate distinctive color with a classic silhouette, this ring combines documented diamond specifications, graceful craftsmanship and timeless appeal in a sophisticated Colour Diam jewel.",in stock,new,2813943.77 JPY,https://colourdiam.com/productdetail/1003,https://www.colourdiam.com/Product/Jewellery/1003/white45/center.jpg,Colour Diam,Apparel & Accessories > Jewelry,,1,,,,unisex,,,adult,,,,,,,,,GIA,Fine Jewelry
1135,1.02 Ct Fancy Intense Yellow GIA Ring | Colour Diam,"A dramatic 18k gold ring centered with a 1.02 ct Fancy Intense Yellow diamond and accompanied by GIA certificate 7141644489. Eight pear-shaped diamonds totaling 0.485 ct form an expressive accent, while 50 yellow diamonds totaling 0.247 ct and 21 white diamonds totaling 0.237 ct enrich the design with layered color and brilliance. Weighing 5.55 grams, this statement ring combines vivid yellow color with intricate craftsmanship and a strong visual presence.",in stock,new,907723.8 JPY,https://colourdiam.com/productdetail/1135,https://www.colourdiam.com/Product/Jewellery/1135/white45/center.jpg,Colour Diam,Apparel & Accessories > Jewelry,,1,,,,unisex,,,adult,,,,,,,,,GIA,Fine Jewelry
1263,0.3 Ct Fancy Green VS AGL Ring | Colour Diam,"A distinctive 18k gold ring featuring a 0.30 ct Fancy Green VS diamond, accompanied by AGL report AGL23061119. The center stone is surrounded by 21 yellow diamonds totaling 0.06 ct, 27 pink diamonds totaling 0.10 ct and 79 white diamonds totaling 0.325 ct. Weighing 5.183 grams, the ring combines green, yellow, pink and white tones in a richly detailed setting, creating an expressive choice for collectors of fancy color jewelry.",in stock,new,326780.57 JPY,https://colourdiam.com/productdetail/1263,https://www.colourdiam.com/Product/Jewellery/1263/white45/center.jpg,Colour Diam,Apparel & Accessories > Jewelry,,1,,,,unisex,,,adult,,,,,,,,,AGL,Fine Jewelry
1328,0.6 Ct Fancy Light Green GIA Ring | Colour Diam,Colour Diam stock 1328. 0.60 – Fancy Light Green ; 18K Ring : 6.40 gram; Main Stone - 1 Pcs 0.60 Cts; TRILLION : 02 / 0.113; PEAR : 32 / 0.182; WD : 66 / 0.27; | Laboratory: GIA.,in stock,new,2178537.11 JPY,https://colourdiam.com/productdetail/1328,https://www.colourdiam.com/Product/Jewellery/1328/white45/center.jpg,Colour Diam,Apparel & Accessories > Jewelry,,1,,,,unisex,,,adult,,,,,,,,,GIA,Fine Jewelry
1333_6674_6673,0.91 Ct Fancy Intense Yellow SI1 GIA Ring | Colour Diam,Colour Diam stock 1333_6674_6673. 0.91 ct Fancy Intense Yellow SI1; 0.32 ct F VS2; 0.31 ct D VVS2 ; 18K Ring : 3.98 gram; Main Stone - 1 Pcs 0.91 Cts; Heart : 02 / 0.63; | Laboratory: GIA.,in stock,new,2813943.77 JPY,https://colourdiam.com/productdetail/Menu/1333/6674/6673,https://www.colourdiam.com/Product/Jewellery/1333_6674_6673/white45/center.jpg,Colour Diam,Apparel & Accessories > Jewelry,,1,,,,unisex,,,adult,,,,,,,,,GIA,Fine Jewelry
1477,1.52 Ct Fancy Greenish Yellow SI2 GIA Ring | Colour Diam,Colour Diam stock 1477. 1.52 cts Fancy Greenish Yellow SI2 ; 18K Ring : 7.57 gram; Main Stone - 1 Pcs 1.51 Cts; PEAR : 12 / 1.065; WD : 49 / 0.309; MQ : 10 / 0.678; PINK : 20 / 0.116; | Laboratory: GIA.,in stock,new,1815447.59 JPY,https://colourdiam.com/productdetail/1477,https://www.colourdiam.com/Product/Jewellery/1477/white45/center.jpg,Colour Diam,Apparel & Accessories > Jewelry,,1,,,,unisex,,,adult,,,,,,,,,GIA,Fine Jewelry
1481,0.36 Ct Fancy Light Pink VS1 GIA Ring | Colour Diam,Colour Diam stock 1481. 0.36 cts Fancy Light Pink VS1 ; De beers brand ring; 18K Ring : 2.718 gram; Main Stone - 1 Pcs 0.36 Cts; PINK : 54 / 0.60; | Laboratory: GIA.,in stock,new,4538618.98 JPY,https://colourdiam.com/productdetail/1481,https://www.colourdiam.com/Product/Jewellery/1481/white45/center.jpg,Colour Diam,Apparel & Accessories > Jewelry,,1,,,,unisex,,,adult,,,,,,,,,GIA,Fine Jewelry
1779,0.92 Ct Fancy Yellow VS AGL Ring | Colour Diam,Colour Diam stock 1779. 0.92 cts Fancy Yellow VS; 18K Ring : 3.235 gram; Main Stone - 1 Pcs 0.92 Cts; WD : 122 / 0.295; YD : 16 / 0.16; | Laboratory: AGL.,in stock,new,399398.47 JPY,https://colourdiam.com/productdetail/1779,https://www.colourdiam.com/Product/Jewellery/1779/white45/center.jpg,Colour Diam,Apparel & Accessories > Jewelry,,1,,,,unisex,,,adult,,,,,,,,,AGL,Fine Jewelry
1850,0.7 Ct Fancy Brownish Yellow SI1 GIA Ring | Colour Diam,Colour Diam stock 1850. 0.70 cts Fancy Brownish Yellow SI1; 18K Ring : 3.48 gram; Main Stone - 1 Pcs 0.70 Cts; WD : 52 / 0.288; | Laboratory: GIA.,in stock,new,272317.14 JPY,https://colourdiam.com/productdetail/1850,https://www.colourdiam.com/Product/Jewellery/1850/white45/center.jpg,Colour Diam,Apparel & Accessories > Jewelry,,1,,,,unisex,,,adult,,,,,,,,,GIA,Fine Jewelry
1873,0.57 Ct Fancy Light Brownish Yellow SI2 GIA Ring | Colour Diam,Colour Diam stock 1873. 0.57 cts Fancy Light Brownish Yellow SI2 ; 18k Ring : 5.82 gram ; Main stone – 1 pcs 0.57 cts ; WD : 86 / 0.48 ; YELLOW : 28 / 0.177; | Laboratory: GIA.,in stock,new,635406.66 JPY,https://colourdiam.com/productdetail/1873,https://www.colourdiam.com/Product/Jewellery/1873/white45/center.jpg,Colour Diam,Apparel & Accessories > Jewelry,,1,,,,unisex,,,adult,,,,,,,,,GIA,Fine Jewelry
1913,0.7 Ct Fancy Light Yellow VS1 GIA Ring | Colour Diam,Colour Diam stock 1913. 0.70 cts Fancy Light Yellow VS1; 18K Ring : 3.95 gram; Main stone – 1 pcs 0.70 cts ; WD : 34 / 0.343; YD : 16 / 0.12; | Laboratory: GIA.,in stock,new,453861.9 JPY,https://colourdiam.com/productdetail/1913,https://www.colourdiam.com/Product/Jewellery/1913/white45/center.jpg,Colour Diam,Apparel & Accessories > Jewelry,,1,,,,unisex,,,adult,,,,,,,,,GIA,Fine Jewelry
1996_6379,0.54 Ct W-X SI1 GIA Ring | Colour Diam,Colour Diam stock 1996_6379. 0.54 W-X SI1/; 0.42 Faint Pink SI2 ; 18k Ring: 4.87 gram ; Main stone – 02 pcs 0.96 cts ; PINK : 55 / 0.268 ; WD : 64 / 0.105; | Laboratory: GIA.,in stock,new,907723.8 JPY,https://colourdiam.com/productdetail/Menu/1996/6379,https://www.colourdiam.com/Product/Jewellery/1996_6379/white45/center.jpg,Colour Diam,Apparel & Accessories > Jewelry,,1,,,,unisex,,,adult,,,,,,,,,GIA,Fine Jewelry
2048,0.99 Ct Fancy Light Yellow VVS1 AGL Ring | Colour Diam,Colour Diam stock 2048. 0.99 cts Fancy Light Yellow VVS1; 18k Ring: 3.047 gram ; Main stone – 01 pcs – 0.99 cts; WD : 28 / 0.49; | Laboratory: AGL.,in stock,new,580943.23 JPY,https://colourdiam.com/productdetail/2048,https://www.colourdiam.com/Product/Jewellery/2048/white45/center.jpg,Colour Diam,Apparel & Accessories > Jewelry,,1,,,,unisex,,,adult,,,,,,,,,AGL,Fine Jewelry
2150,0.8 Ct Fancy Light Yellow SI2 GIA Ring | Colour Diam,Colour Diam stock 2150. 0.80 Fancy Light Yellow SI2 ; 18K Ring : 7.82 gram; Main stone – 01 pcs – 0.80 cts; WD : 236 / 1.41; YD : 34 / 0.128; | Laboratory: GIA.,in stock,new,689870.08 JPY,https://colourdiam.com/productdetail/2150,https://www.colourdiam.com/Product/Jewellery/2150/white45/center.jpg,Colour Diam,Apparel & Accessories > Jewelry,,1,,,,unisex,,,adult,,,,,,,,,GIA,Fine Jewelry
2240,0.64 Ct Fancy Pink GIA Ring | Colour Diam,Colour Diam stock 2240. 0.64 cts Fancy Pink ; 18K Ring : 2.82 gram; Main stone – 01 pcs – 0.64 cts; WD : 14 / 0.078; PEAR : 02 / 0.164; | Laboratory: GIA.,in stock,new,2995488.53 JPY,https://colourdiam.com/productdetail/2240,https://www.colourdiam.com/Product/Jewellery/2240/white45/center.jpg,Colour Diam,Apparel & Accessories > Jewelry,,1,,,,unisex,,,adult,,,,,,,,,GIA,Fine Jewelry
2253,0.64 Ct Fancy Light Yellow - Green VS2 GIA Ring | Colour Diam,Colour Diam stock 2253. 0.64 cts Fancy Light Yellow - Green VS2; 18K Ring : 3.99 gram; Main stone – 01 pcs – 0.64 cts; WD : 140 / 0.227; PINK : 20 / 0.088; | Laboratory: GIA.,in stock,new,698947.32 JPY,https://colourdiam.com/productdetail/2253,https://www.colourdiam.com/Product/Jewellery/2253/white45/center.jpg,Colour Diam,Apparel & Accessories > Jewelry,,1,,,,unisex,,,adult,,,,,,,,,GIA,Fine Jewelry
2281,0.7 Ct Light Green I1 GIA Ring | Colour Diam,Colour Diam stock 2281. 0.70 cts Light Green I1; 18K Ring : 5.71 gram; Main stone – 01 pcs – 0.70 cts; WD : 128 / 0.515; PINK : 20 / 0.075; MQ : 10 / 0.535; | Laboratory: GIA.,in stock,new,816951.42 JPY,https://colourdiam.com/productdetail/2281,https://www.colourdiam.com/Product/Jewellery/2281/white45/center.jpg,Colour Diam,Apparel & Accessories > Jewelry,,1,,,,unisex,,,adult,,,,,,,,,GIA,Fine Jewelry
2354,0.41 Ct Fancy Light Purplish Pink SI2 GIA Ring | Colour Diam,Colour Diam stock 2354. 0.41 ct Fancy Light Purplish Pink Ring SI2; 18 k : 5.03 gram ; Main stone – 01 pcs – 0.41 cts; PINK : 18 / 0.057 ; MQ : 12 / 0.385; WD : 134 / 0.464; | Laboratory: GIA.,in stock,new,1815447.59 JPY,https://colourdiam.com/productdetail/2354,https://www.colourdiam.com/Product/Jewellery/2354/white45/center.jpg,Colour Diam,Apparel & Accessories > Jewelry,,1,,,,unisex,,,adult,,,,,,,,,GIA,Fine Jewelry
2376,0.83 Ct Fancy Light Pinkish Brown VS1 GIA Ring | Colour Diam,Colour Diam stock 2376. 0.83 cts Fancy Light Pinkish Brown Ring VS1; 18 k : 5.13 gram; Main stone – 01 pcs – 0.83 cts ; MQ : 12 / 0.491 ; PINK : 20 / 0.071; WD : 120 / 0.418; | Laboratory: GIA.,in stock,new,1361585.69 JPY,https://colourdiam.com/productdetail/2376,https://www.colourdiam.com/Product/Jewellery/2376/white45/center.jpg,Colour Diam,Apparel & Accessories > Jewelry,,1,,,,unisex,,,adult,,,,,,,,,GIA,Fine Jewelry
2379,0.353 Ct Fancy Light Pink VS AGL Ring | Colour Diam,Colour Diam stock 2379. 0.353 cts Fancy Light Pink VS; 18k Ring : 3.540 gram ; Main stone – 1 pcs 0.353 cts; WD : 38 / 0.271; PINK : 16 / 0.067; | Laboratory: AGL.,in stock,new,635406.66 JPY,https://colourdiam.com/productdetail/2379,https://www.colourdiam.com/Product/Jewellery/2379/white45/center.jpg,Colour Diam,Apparel & Accessories > Jewelry,,1,,,,unisex,,,adult,,,,,,,,,AGL,Fine Jewelry
2391_7808,0.59 Ct fancy light yellow vvs1 GIA Ring | Colour Diam,Colour Diam stock 2391_7808. 0.59 cts fancy light yellow vvs1 ; 0.56 CTS G Colour VS1; 18K ring : 5.61 gram; Main stone – 2 pcs 1.15 cts; WD : 26 / 0.29 ; | Laboratory: GIA.,in stock,new,635406.66 JPY,https://colourdiam.com/productdetail/Menu/2391/7808,https://www.colourdiam.com/Product/Jewellery/2391_7808/white45/center.jpg,Colour Diam,Apparel & Accessories > Jewelry,,1,,,,unisex,,,adult,,,,,,,,,GIA,Fine Jewelry
2518,1.01 Ct Light Pink GIA Ring | Colour Diam,Colour Diam stock 2518. 1.01 cts Light Pink Ring; 18 k : 4.20 gram ; Main stone – 1 pcs 1.01 cts; WD : 44 / 0.201 ; PEAR : 8 / 0.452; MQ : 8 / 0.328; | Laboratory: GIA.,in stock,new,1180040.93 JPY,https://colourdiam.com/productdetail/2518,https://www.colourdiam.com/Product/Jewellery/2518/white45/center.jpg,Colour Diam,Apparel & Accessories > Jewelry,,1,,,,unisex,,,adult,,,,,,,,,GIA,Fine Jewelry
2553,2.04 Ct Very Light Pink SI1 CGL Ring | Colour Diam,Colour Diam stock 2553. 2.04 ct Very Light Pink Ring SI1; 18 k : 7.26 gram ; Main stone – 1 pcs 2.04 cts; PEAR : 6 / 0.252; MQ : 12 / 0.63; PINK : 25 / 0.14 ; WD : 69 / 0.235; | Laboratory: CGL.,in stock,new,3993984.7 JPY,https://colourdiam.com/productdetail/2553,https://www.colourdiam.com/Product/Jewellery/2553/white45/center.jpg,Colour Diam,Apparel & Accessories > Jewelry,,1,,,,unisex,,,adult,,,,,,,,,CGL,Fine Jewelry
2556,1.46 Ct Fancy Orangy Pink GIA Ring | Colour Diam,Colour Diam stock 2556. 1.46 CT Fancy Orangy Pink; 18 k Ring : 6.70 gram; Main stone – 1 pcs 1.46 cts; WD : 106 / 1.367; | Laboratory: GIA.,in stock,new,5446342.78 JPY,https://colourdiam.com/productdetail/2556,https://www.colourdiam.com/Product/Jewellery/2556/white45/center.jpg,Colour Diam,Apparel & Accessories > Jewelry,,1,,,,unisex,,,adult,,,,,,,,,GIA,Fine Jewelry
2644,0.52 Ct Fancy Light Gray Blue VVS1 GIA Ring | Colour Diam,Colour Diam stock 2644. 0.52 CT Fancy Light Gray Blue VVS1; 18 k Ring : 6.56 gram; Main stone – 1 pcs 0.52 cts; WD : 68 / 0.437; PINK : 18 / 0.207; EMERALD : 02 / 0.207; | Laboratory: GIA.,in stock,new,4538618.98 JPY,https://colourdiam.com/productdetail/2644,https://www.colourdiam.com/Product/Jewellery/2644/white45/center.jpg,Colour Diam,Apparel & Accessories > Jewelry,,1,,,,unisex,,,adult,,,,,,,,,GIA,Fine Jewelry
3061,1.01 Ct Fancy Pinkish Brown I2 GIA Ring | Colour Diam,Colour Diam stock 3061. 1.01 cts Fancy Pinkish Brown I2; 18 k Ring : 4.755 gram; Main stone – 1 pcs 1.01 cts; WD : 92 / 0.249; PINK : 44 / 0.21; | Laboratory: GIA.,in stock,new,1270813.31 JPY,https://colourdiam.com/productdetail/3061,https://www.colourdiam.com/Product/Jewellery/3061/white45/center.jpg,Colour Diam,Apparel & Accessories > Jewelry,,1,,,,unisex,,,adult,,,,,,,,,GIA,Fine Jewelry
3170,0.3 Ct D IF GIA Ring | Colour Diam,Colour Diam stock 3170. 0.30 cts D colour IF clarity; 18 k Ring : 2.96 gram; Main stone – 1 pcs 0.30 cts; WD : 12 / 0.20; | Laboratory: GIA.,in stock,new,272317.14 JPY,https://colourdiam.com/productdetail/3170,https://www.colourdiam.com/Product/Jewellery/3170/white45/center.jpg,Colour Diam,Apparel & Accessories > Jewelry,,1,,,,unisex,,,adult,,,,,,,,,GIA,Fine Jewelry
3443_3444,0.35 Ct fancy Vivid Purplish Pink GIA Ring | Colour Diam,Colour Diam stock 3443_3444. 0.37 Ct Fancy Orangy Pink SI1/; 0.36 Ct Fancy Orangy Pink SI2; 18k-Earring : 4.60 gram; Main stone - 2 pcs – 0.73 cts; WD : 140 / 0.639 | Laboratory: GIA.,in stock,new,2723171.39 JPY,https://colourdiam.com/productdetail/Menu/3443/3444,https://www.colourdiam.com/Product/Jewellery/3442/white45/center.jpg,Colour Diam,Apparel & Accessories > Jewelry,,1,,,,unisex,,,adult,,,,,,,,,GIA,Fine Jewelry
6321_3607,0.37 Ct Fancy Orangy Pink SI1 GIA Earring | Colour Diam,Colour Diam stock 6321_3607. 0.54 cts Light Pink SI1/; 0.30 Faint Pink VVS1; 18 k Ring : 5.27 gram; Main stone - 2 pcs – 0.84 cts; WD : 59 / 0.42; PINK : 33 / 0.20; | Laboratory: GIA.,in stock,new,1906219.97 JPY,https://colourdiam.com/productdetail/Menu/6321/3607,https://www.colourdiam.com/Product/Jewellery/3443_3444/white45/center.jpg,Colour Diam,Apparel & Accessories > Jewelry,,1,,,,unisex,,,adult,,,,,,,,,GIA,Fine Jewelry
3608_3619,0.54 Ct Light Pink SI1 GIA Ring | Colour Diam,Colour Diam stock 3608_3619. 0.28 cts Fancy Pink SI/ ; 0.23 cts Fancy Pink SI ; 18 k ring : 3.683 gram ; Main stone - 02 pcs – 0.51 cts; WD : 108 / 0.447; | Laboratory: AGL.,in stock,new,816951.42 JPY,https://colourdiam.com/productdetail/Menu/3608/3619,https://www.colourdiam.com/Product/Jewellery/6321_3607/white45/center.jpg,Colour Diam,Apparel & Accessories > Jewelry,,1,,,,unisex,,,adult,,,,,,,,,AGL,Fine Jewelry
3747,0.28 Ct Fancy Pink SI AGL Ring | Colour Diam,Colour Diam stock 3747. 1.01 cts Y-Z Range SI2; 18 k Ring : 3.188 gram; Main stone - 01 pcs – 1.01 cts; WD : 20 / 0.168; YD : 20 / 0.108; | Laboratory: IGI.,in stock,new,363089.52 JPY,https://colourdiam.com/productdetail/3747,https://www.colourdiam.com/Product/Jewellery/3608_3619/white45/center.jpg,Colour Diam,Apparel & Accessories > Jewelry,,1,,,,unisex,,,adult,,,,,,,,,IGI,Fine Jewelry
3760,1.01 Ct Y-Z Range SI2 IGI Ring | Colour Diam,Colour Diam stock 3760. 0.36 cts Fancy Light Greenish Yellow VS2 ; 18 k ring : 3.85 gram; Main stone - 01 pcs – 0.36 cts; YD : 14 / 0.105 ; WD : 42 / 0.288; | Laboratory: GIA.,in stock,new,453861.9 JPY,https://colourdiam.com/productdetail/3760,https://www.colourdiam.com/Product/Jewellery/3747/white45/center.jpg,Colour Diam,Apparel & Accessories > Jewelry,,1,,,,unisex,,,adult,,,,,,,,,GIA,Fine Jewelry
3763,0.36 Ct Fancy Light Greenish Yellow VS2 GIA Ring | Colour Diam,Colour Diam stock 3763. 1.02 cts Fancy Light Yellow I1; 18 k Ring : 3.968 gram; Main stone - 01 pcs – 1.02 cts; WD : 18 / 0.145; | Laboratory: GIA.,in stock,new,544634.28 JPY,https://colourdiam.com/productdetail/3763,https://www.colourdiam.com/Product/Jewellery/3760/white45/center.jpg,Colour Diam,Apparel & Accessories > Jewelry,,1,,,,unisex,,,adult,,,,,,,,,GIA,Fine Jewelry
3793,1.01 Ct Light Pink VS2 GIA Ring | Colour Diam,Colour Diam stock 3793. 1.01 cts Light Pink VS2; Ring & pendant convertible; 18 k : 6.79 gram; Main stone - 01 pcs – 1.01 cts; PINK : 24 / 0.063; WD : 45 / 0.367 ; ROSE : 20 / 0.969; | Laboratory: GIA.,in stock,new,4538618.98 JPY,https://colourdiam.com/productdetail/3793,https://www.colourdiam.com/Product/Jewellery/3793/white45/center.jpg,Colour Diam,Apparel & Accessories > Jewelry,,1,,,,unisex,,,adult,,,,,,,,,GIA,Fine Jewelry
3967,1.51 Ct Fancy Light Brownish Pink I1 GIA Ring | Colour Diam,Colour Diam stock 3967. 1.51 cts Fancy Light Brownish Pink I1; 18 k Ring : 4.734 gram; Main stone - 01 pcs – 1.51 cts; WD : 74 / 0.587; PINK : 24 / 0.12; | Laboratory: GIA.,in stock,new,2178537.11 JPY,https://colourdiam.com/productdetail/3967,https://www.colourdiam.com/Product/Jewellery/3967/white45/center.jpg,Colour Diam,Apparel & Accessories > Jewelry,,1,,,,unisex,,,adult,,,,,,,,,GIA,Fine Jewelry
4059,1.51 Ct Fancy Light Brownish Pink I1 GIA Ring | Colour Diam,Colour Diam stock 4059. 1.01 cts Fancy Brown Pink I1; 18 k Ring : 4.20 gram; Main stone - 01 pcs – 1.01 cts; PINK : 15 / 0.29; WD : 34 / 0.71; | Laboratory: GIA.,in stock,new,1270813.31 JPY,https://colourdiam.com/productdetail/4059,https://www.colourdiam.com/Product/Jewellery/3967/white45/center.jpg,Colour Diam,Apparel & Accessories > Jewelry,,1,,,,unisex,,,adult,,,,,,,,,GIA,Fine Jewelry
4085_4456_4800_5452_5554_5558_5592_5594_5598,1.01 Ct Fancy Brown Pink I1 GIA Ring | Colour Diam,"Colour Diam stock 
4085_4456_4800_5452_5554_5558_5592_5594_5598 
. 0.40 Fancy Vivid Greenish Yellow VS1; 0.43 Fancy Light Yellow VVS2; 0.47 Fancy Intense Yellow vvs2; 0.36 Fancy Vivid Yellowish Orange SI2; 0.30 Faint Pink SI1; 0.30 Faint Pink SI2; 0.38 Very Light Pink SI2; 0.30 Very Light Pink I1; 0.25 Very Light Pink SI1; 18 k Bracelet : 11.82 gram; Main stone - 09 pcs - 3.19 cts ; WD : 326 / 4.229 | Laboratory: GIA.",in stock,new,2360081.87 JPY,https://colourdiam.com/productdetail/Menu/4085/4456/4800/5452/5554/5558/5592/5594/5598,https://www.colourdiam.com/Product/Jewellery/4059/white45/center.jpg,Colour Diam,Apparel & Accessories > Jewelry,,1,,,,unisex,,,adult,,,,,,,,,GIA,Fine Jewelry
4191,3.19 Ct Fancy Vivid Greenish Yellow VS1 GIA Bracelet | Colour Diam,Colour Diam stock 4191. 0.52 cts Very light pink VS2; 18 k ring : 7.70 gram ; Main stone - 01 pcs - 0.52 cts ; WD : 66 / 0.51; | Laboratory: GIA.,in stock,new,1361585.69 JPY,https://colourdiam.com/productdetail/4191,"https://www.colourdiam.com/Product/Jewellery/
4085_4456_4800_5452_5554_5558_5592_5594_5598 
/white45/center.jpg",Colour Diam,Apparel & Accessories > Jewelry,,1,,,,unisex,,,adult,,,,,,,,,GIA,Fine Jewelry
"4193_4185_4184
4183_4180_4171
4169_4168_4167
4166_4124_4086_
3953",0.52 Ct Very light pink VS2 GIA Ring | Colour Diam,"Colour Diam stock 4193_4185_4184
4183_4180_4171
4169_4168_4167
4166_4124_4086_
3953
. 0.53 cts fancy light pinkish brown SI1 ; 0.38 cts light pinkish brown I1; 0.33 cts very light pinkish brown VS2; 0.30 cts very light pinkish brown VVS1; 0.35 cts fancy light brown pink I1; 0.40 cts fancy brown pink SI2; 0.69 cts fancy pinkish brown SI2; 0.43 cts fancy light brown pink SI2; 0.52 cts light pinkish brown SI1; 0.29 cts fancy brownish pink I1; 0.46 cts fancy light pinkish brown SI2; 0.71 cts fancy light brown pink SI1; 0.51 cts fancy light pinkish brown VVS2; 18 k Bracelet : 31.33 gram; Main stone - 13 pcs - 5.90 cts ; WD : 315 / 6.260; PINK : 205 / 1.305; | Laboratory: GIA.",in stock,new,7261790.37 JPY,https://colourdiam.com/productdetail/Menu/4193/4185/4184/4183/4180/4171/4169/4168/4167/4166/4124/4086/3953,https://www.colourdiam.com/Product/Jewellery/4191/white45/center.jpg,Colour Diam,Apparel & Accessories > Jewelry,,1,,,,unisex,,,adult,,,,,,,,,GIA,Fine Jewelry
"4207_4208
4227_4553
5156_5183_5482",0.53 Ct fancy light pinkish brown SI1 GIA Bracelet | Colour Diam,"Colour Diam stock 4207_4208
4227_4553
5156_5183_5482
. 0.51 Cts- Fancy intense yellow i1; 0.66 Fancy intense yellow i2; 0.70 Fancy light grayish greenish yellow i1; 0.57 Light pinkish brown si1; 0.50 Fancy pinkish brown si1 ; 0.86 Fancy dark gray greenish yellow i1; 0.72 Fancy Pinkish Brown si2; 18k-Braclet : 14.30 gram; Main stone - 07 pcs - 4.52 cts ; WD: 326/4.229 ; | Laboratory: GIA.",in stock,new,2178537.11 JPY,https://colourdiam.com/productdetail/Menu/4207/4208/4227/4553/5156/5183/5482,"https://www.colourdiam.com/Product/Jewellery/4193_4185_4184
4183_4180_4171
4169_4168_4167
4166_4124_4086_
3953
/white45/center.jpg",Colour Diam,Apparel & Accessories > Jewelry,,1,,,,unisex,,,adult,,,,,,,,,GIA,Fine Jewelry
4262,0.51 Ct Fancy intense yellow i1 GIA Diamond | Colour Diam,Colour Diam stock 4262. 3.10 Cts W to X Range Si1; 18k-Ring : 8.93 gram; Main stone - 01 pcs - 3.10 cts ; Y: 24/0.146; WD: 130/0.735; | Laboratory: GIA.,in stock,new,1815266.05 JPY,https://colourdiam.com/productdetail/4262,"https://www.colourdiam.com/Product/Jewellery/4207_4208
4227_4553
5156_5183_5482
/white45/center.jpg",Colour Diam,Apparel & Accessories > Jewelry,,1,,,,unisex,,,adult,,,,,,,,,GIA,Fine Jewelry
4268,3.1 Ct W to X Range Si1 GIA Ring | Colour Diam,Colour Diam stock 4268. 2.00 cts U to V range I1; 18k-Ring : 6.97 gram; Main stone - 01 pcs - 2.00 cts ; WD: 54 pcs -0.244 cts ; Pear: 20 pcs -0.922 cts; MQ: 08 pcs -0.443 cts; | Laboratory: GIA.,in stock,new,1089268.56 JPY,https://colourdiam.com/productdetail/4268,https://www.colourdiam.com/Product/Jewellery/4262/white45/center.jpg,Colour Diam,Apparel & Accessories > Jewelry,,1,,,,unisex,,,adult,,,,,,,,,GIA,Fine Jewelry
4280,2 Ct U to V range I1 GIA Ring | Colour Diam,Colour Diam stock 4280. 1.51 cts Fancy green vs ; 18 k ring : 6.79 gram ; Main stone - 1 pcs – 1.51 cts ; PINK : 46 / 0.53 ; WD : 108 / 0.872 ; | Laboratory: AGL.,in stock,new,1180040.93 JPY,https://colourdiam.com/productdetail/4280,https://www.colourdiam.com/Product/Jewellery/4268/white45/center.jpg,Colour Diam,Apparel & Accessories > Jewelry,,1,,,,unisex,,,adult,,,,,,,,,AGL,Fine Jewelry
4281,1.51 Ct Fancy green vs AGL Ring 6.79 Gram | Colour Diam,Colour Diam stock 4281. 1.56 cts Fancy Green VS ; 18 k ring : 6.778 gram ; Main stone - 01 pcs - 1.56 cts ; PINK : 50 / 0.57 ; WD : 44 / 0.30  | Laboratory: AGL.,in stock,new,1180040.93 JPY,https://colourdiam.com/productdetail/4281,https://www.colourdiam.com/Product/Jewellery/4280/white45/center.jpg,Colour Diam,Apparel & Accessories > Jewelry,,1,,,,unisex,,,adult,,,,,,,,,AGL,Fine Jewelry
4282_4283,1.56 Ct Fancy Green VS AGL Ring | Colour Diam,Colour Diam stock 4282_4283. 1.50 W-X SI1 /; 1.50 W-X SI1; 18K: Earring : 6.49 gram; Main stone - 02 pcs - 3.00 cts ; Oval : 26 / 1.92; YD : 62 / 0.38; | Laboratory: GIA.,in stock,new,1361585.69 JPY,https://colourdiam.com/productdetail/Menu/4282/4283,https://www.colourdiam.com/Product/Jewellery/4281/white45/center.jpg,Colour Diam,Apparel & Accessories > Jewelry,,1,,,,unisex,,,adult,,,,,,,,,GIA,Fine Jewelry
4286,1.5 Ct W-X SI1 GIA Earring | Colour Diam,Colour Diam stock 4286. 1.01 cts Light Pink I2 ; 18k-Ring : 9.27 gram; Main stone - 1 pcs - 1.01 cts; WD: 262 pcs - 0.691 cts; OVAL: 02 pcs - 0.198 cts; | Laboratory: GIA.,in stock,new,2813943.77 JPY,https://colourdiam.com/productdetail/4286,https://www.colourdiam.com/Product/Jewellery/4282_4283/white45/center.jpg,Colour Diam,Apparel & Accessories > Jewelry,,1,,,,unisex,,,adult,,,,,,,,,GIA,Fine Jewelry
4327_4328,1.01 Ct Light Pink I2 GIA Ring | Colour Diam,Colour Diam stock 4327_4328. 1.00 G colour si1 / 1.01 G colour si1; 18k-Earring : 4.6 gram; Main stone - 02 pcs – 2.01 cts; WD : 98 / 2.53; | Laboratory: GIA.,in stock,new,1154624.67 JPY,https://colourdiam.com/productdetail/Menu/4327/4328,https://www.colourdiam.com/Product/Jewellery/4286/white45/center.jpg,Colour Diam,Apparel & Accessories > Jewelry,,1,,,,unisex,,,adult,,,,,,,,,GIA,Fine Jewelry
4377,2.01 Ct G si1 GIA Earring | Colour Diam,Colour Diam stock 4377. 1.01 cts F Colour SI2; 18k-Ring : 3.92 gram; Main stone - 01 pcs – 1.01 cts; WD: 36 pcs - 0.33 cts; | Laboratory: IGI.,in stock,new,562788.75 JPY,https://colourdiam.com/productdetail/4377,https://www.colourdiam.com/Product/Jewellery/4327_4328/white45/center.jpg,Colour Diam,Apparel & Accessories > Jewelry,,1,,,,unisex,,,adult,,,,,,,,,IGI,Fine Jewelry
4401_4402_4406_4409_4410_4422_4423_4354_4417,1.01 Ct Fancy Green vs AGL Ring 3.606 Gram | Colour Diam,"Colour Diam stock 4401_4402_4406_4409_4410_4422_4423_4354_4417
. VERY LIGHT PINK ALL WITH GIA ; 18 k Pink Diamond Bracelet ; Main stone detail - Very light pink 0.36 cts; Very light pink 0.25 cts; Very light pink 0.25 cts; Very light pink 0.33cts; Very light pink 0.35 cts ; Very light pink 0.39 cts; Very light pink 0.41 cts; Very light pink 0.31 cts; Very light pink 0.36 cts; Very light pink 0.28 cts; Gross weight 15.16 gram; Main stone - 09 pcs - 3.04 cts ; Side White Diamonds - 178 pcs - 5.874 cts; | Laboratory: GIA.",in stock,new,3267805.67 JPY,https://colourdiam.com/productdetail/Menu/4401/4402/4406/4409/4410/4422/4423/4354/4417,https://www.colourdiam.com/Product/Jewellery/4329_5655/white45/center.jpg,Colour Diam,Apparel & Accessories > Jewelry,,1,,,,unisex,,,adult,,,,,,,,,GIA,Fine Jewelry
4403,1.01 Ct F SI2 IGI Ring | Colour Diam,Colour Diam stock 4403. 0.57 Faint Pinkish Brown I1; 18 k Ring : 5.61 gram; Main stone - 01 pcs - 0.57 cts ; WD : 65 / 0.517; PD : 52 / 0.204; | Laboratory: GIA.,in stock,new,816951.42 JPY,https://colourdiam.com/productdetail/4403,https://www.colourdiam.com/Product/Jewellery/4377/white45/center.jpg,Colour Diam,Apparel & Accessories > Jewelry,,1,,,,unisex,,,adult,,,,,,,,,GIA,Fine Jewelry
4415,15.16 Ct GIA Bracelet | Colour Diam,Colour Diam stock 4415. 0.62 Very Light Pink SI2; 18 k Ring : 4.80 gram; Main stone - 01 pcs - 0.62 cts; WD : 20 / 0.131; PD : 22 / 0.106; YD : 04 / 0.061; MQ : 12 / 0.622; | Laboratory: GIA.,in stock,new,1052959.6 JPY,https://colourdiam.com/productdetail/4415,"https://www.colourdiam.com/Product/Jewellery/4401_4402_4406_4409_4410_4422_4423_4354_4417
/white45/center.jpg",Colour Diam,Apparel & Accessories > Jewelry,,1,,,,unisex,,,adult,,,,,,,,,GIA,Fine Jewelry
4416,0.57 Ct Faint Pinkish Brown I1 GIA Ring | Colour Diam,Colour Diam stock 4416. 0.52 cts Very Light Pink Ring I3; 18k : 6.72 gram ; Main stone - 01 pcs - 0.52 cts; WD : 229/1.058; PINK : 90/0.269; | Laboratory: GIA.,in stock,new,816951.42 JPY,https://colourdiam.com/productdetail/4416,https://www.colourdiam.com/Product/Jewellery/4403/white45/center.jpg,Colour Diam,Apparel & Accessories > Jewelry,,1,,,,unisex,,,adult,,,,,,,,,GIA,Fine Jewelry
3400_4462,0.62 Ct Very Light Pink SI2 GIA Ring | Colour Diam,Colour Diam stock 3400_4462. Faint Pink 0.50 cts SI1/ ; Faint pink 0.50 cts SI2 ; 18 k EARRING : 11.32 gram; Main stone - 02 pcs - 1.00 cts; WD : 232 / 1.035; | Laboratory: GIA.,in stock,new,726179.04 JPY,https://colourdiam.com/productdetail/Menu/3400/4462,https://www.colourdiam.com/Product/Jewellery/4415/white45/center.jpg,Colour Diam,Apparel & Accessories > Jewelry,,1,,,,unisex,,,adult,,,,,,,,,GIA,Fine Jewelry
4468,0.52 Ct Very Light Pink I3 GIA Ring | Colour Diam,Colour Diam stock 4468. 0.90 cts Very Light Pink SI2; 18 k Ring : 4.09 gram; Main stone - 01 pcs - 0.90 cts; WD : 64 / 0.526; PD : 02 / 0.04; | Laboratory: GIA.,in stock,new,2723171.39 JPY,https://colourdiam.com/productdetail/4468,https://www.colourdiam.com/Product/Jewellery/4416/white45/center.jpg,Colour Diam,Apparel & Accessories > Jewelry,,1,,,,unisex,,,adult,,,,,,,,,GIA,Fine Jewelry
4509,0.5 Ct GIA Earring | Colour Diam,Colour Diam stock 4509. 1.02 Faint Pink SI2; 18K: Ring : 7.20 gram; Main stone - 01 pcs - 1.02 cts; WD : 66 / 0.427; | Laboratory: GIA.,in stock,new,2995488.53 JPY,https://colourdiam.com/productdetail/4509,https://www.colourdiam.com/Product/Jewellery/3400_4462/white45/center.jpg,Colour Diam,Apparel & Accessories > Jewelry,,1,,,,unisex,,,adult,,,,,,,,,GIA,Fine Jewelry
4510,0.9 Ct Very Light Pink SI2 GIA Ring | Colour Diam,Colour Diam stock 4510. 1.15 cts Light Pinkish Brown SI2; 18k – Ring : 5.812 gram; Main stone : 01 pcs – 1.15 cts; WD : 12 pcs - 0.124 ct; PD : 28 pcs - 0.06 ct; PEAR : 20 pcs - 1.357 cts; | Laboratory: GIA.,in stock,new,2087764.73 JPY,https://colourdiam.com/productdetail/4510,https://www.colourdiam.com/Product/Jewellery/4468/white45/center.jpg,Colour Diam,Apparel & Accessories > Jewelry,,1,,,,unisex,,,adult,,,,,,,,,GIA,Fine Jewelry
4520,1.02 Ct Faint Pink SI2 GIA Ring | Colour Diam,Colour Diam stock 4520. 0.40 cts Very Light Pink SI1; 18k – Ring : 6.42 gram; Main stone : 01 pcs – 0.40 cts; WD : 168 pcs - 0.363 cts; PINK : 16 pcs - 0.07 cts; | Laboratory: GIA.,in stock,new,998496.18 JPY,https://colourdiam.com/productdetail/4520,https://www.colourdiam.com/Product/Jewellery/4509/white45/center.jpg,Colour Diam,Apparel & Accessories > Jewelry,,1,,,,unisex,,,adult,,,,,,,,,GIA,Fine Jewelry
4551,1.15 Ct Light Pinkish Brown SI2 GIA Ring | Colour Diam,Colour Diam stock 4551. 0.91 cts Fancy yellow I2; 18k-Ring : 3.80 gram; Main stone - 01 pcs - 0.91 cts; YELLOW: 18 / 0.143; WD: 64 / 0.368; | Laboratory: GIA.,in stock,new,490170.85 JPY,https://colourdiam.com/productdetail/4551,https://www.colourdiam.com/Product/Jewellery/4510/white45/center.jpg,Colour Diam,Apparel & Accessories > Jewelry,,1,,,,unisex,,,adult,,,,,,,,,GIA,Fine Jewelry
4643,0.4 Ct Very Light Pink SI1 GIA Ring | Colour Diam,Colour Diam stock 4643. 1.00 cts fancy yellow Si2; 18k-Ring : 5.74 gram; Main stone - 1 pcs - 1.00 cts; WD: 58 pcs - 0.243 cts; PD: 66 pcs – 0.377 cts; | Laboratory: GIA.,in stock,new,726179.04 JPY,https://colourdiam.com/productdetail/4643,https://www.colourdiam.com/Product/Jewellery/4520/white45/center.jpg,Colour Diam,Apparel & Accessories > Jewelry,,1,,,,unisex,,,adult,,,,,,,,,GIA,Fine Jewelry
4649,0.91 Ct Fancy yellow I2 GIA Ring | Colour Diam,Colour Diam stock 4649. 0.82 cts Faint Pink SI1; 18k – Ring : 7.99 gram; Main stone : 01 pcs – 0.82 cts; WD : 90 pcs - 0.493 cts; | Laboratory: GIA.,in stock,new,1361585.69 JPY,https://colourdiam.com/productdetail/4649,https://www.colourdiam.com/Product/Jewellery/4551/white45/center.jpg,Colour Diam,Apparel & Accessories > Jewelry,,1,,,,unisex,,,adult,,,,,,,,,GIA,Fine Jewelry
4874_4676,1 Ct fancy yellow Si2 GIA Ring | Colour Diam,Colour Diam stock 4874_4676. 2.04 cts Light Green Yellow I1; 18k – Ring : 4.191 gram; Main stone : 01 pcs – 2.04 cts; WD : 54 pcs - 0.42 ct; TRAPEZOID : 02 pcs - 0.41 cts ; | Laboratory: GIA.,in stock,new,1815447.59 JPY,https://colourdiam.com/productdetail/Menu/4874/4676,https://www.colourdiam.com/Product/Jewellery/4643/white45/center.jpg,Colour Diam,Apparel & Accessories > Jewelry,,1,,,,unisex,,,adult,,,,,,,,,GIA,Fine Jewelry
4686,0.82 Ct Faint Pink SI1 GIA Ring | Colour Diam,Colour Diam stock 4686. 0.50 cts Faint Pink Vs2; 18k – Ring : 5.252 gram; Main stone : 01 pcs – 0.50 cts; PEAR : 11 pcs - 0.465 cts; PINK : 16 pcs - 0.88 cts ; MQ : 08 pcs - 0.42 cts; | Laboratory: GIA.,in stock,new,1180040.93 JPY,https://colourdiam.com/productdetail/4686,https://www.colourdiam.com/Product/Jewellery/4649/white45/center.jpg,Colour Diam,Apparel & Accessories > Jewelry,,1,,,,unisex,,,adult,,,,,,,,,GIA,Fine Jewelry
4691,2.04 Ct Light Green Yellow I1 GIA Ring | Colour Diam,Colour Diam stock 4691. 1.00 cts Light Pinkish Brown I1; 18k – Ring : 4.52 gram; Main stone : 01 pcs – 1.00 cts; WD : 33 pcs - 0.555 ct; PINK : 58 pcs - 0.29 ct; | Laboratory: GIA.,in stock,new,1089268.56 JPY,https://colourdiam.com/productdetail/4691,https://www.colourdiam.com/Product/Jewellery/4874_4676/white45/center.jpg,Colour Diam,Apparel & Accessories > Jewelry,,1,,,,unisex,,,adult,,,,,,,,,GIA,Fine Jewelry
4725,0.5 Ct Faint Pink Vs2 GIA Ring | Colour Diam,Colour Diam stock 4725. 0.84 Cts Fancy Grayish Green VS2; 18K Ring: 5.81 gram ; Main stone – 01 pcs 0.84 cts; WD : 62 / 0.26; PINK : 24 / 0.14; MARQUISE: 16 / 0.77; | Laboratory: GIA.,in stock,new,1180040.93 JPY,https://colourdiam.com/productdetail/4725,https://www.colourdiam.com/Product/Jewellery/4686/white45/center.jpg,Colour Diam,Apparel & Accessories > Jewelry,,1,,,,unisex,,,adult,,,,,,,,,GIA,Fine Jewelry
4747,1 Ct Light Pinkish Brown I1 GIA Ring | Colour Diam,Colour Diam stock 4747. 0.83 FANCY LIGHT GREEN VS2; 18 K Ring: 5.15 gram ; Main stone – 01 pcs 0.83 cts; WD : 42 / 0.60; PINK : 42 / 0.13; | Laboratory: GIA.,in stock,new,998496.18 JPY,https://colourdiam.com/productdetail/4747,https://www.colourdiam.com/Product/Jewellery/4691/white45/center.jpg,Colour Diam,Apparel & Accessories > Jewelry,,1,,,,unisex,,,adult,,,,,,,,,GIA,Fine Jewelry
4774,0.84 Ct Fancy Grayish Green VS2 GIA Ring | Colour Diam,Colour Diam stock 4774. 1.00 cts W-X Range VS2; 18k – Ring : 4.184 gram; Main stone : 01 pcs – 1.00 cts; WD : 46 pcs - 0.319 cts; | Laboratory: GIA.,in stock,new,544634.28 JPY,https://colourdiam.com/productdetail/4774,https://www.colourdiam.com/Product/Jewellery/4725/white45/center.jpg,Colour Diam,Apparel & Accessories > Jewelry,,1,,,,unisex,,,adult,,,,,,,,,GIA,Fine Jewelry
4789,0.83 Ct FANCY LIGHT GREEN VS2 GIA Ring | Colour Diam,"**Sumptuous  Ct Natural Diamond Ring**

Elevate your fine jewelry collection with these magnificent Precious Metal rings. Featuring a  Ct Natural Diamond , surrounded by 42 white diamonds (0.60 Ct), this heirloom piece radiates warmth and unmatched sophistication.",in stock,new,1543130.45 JPY,https://colourdiam.com/productdetail/4789,https://www.colourdiam.com/Product/Jewellery/4747/white45/center.jpg,Colour Diam,Apparel & Accessories > Jewelry,,1,,,,unisex,,,adult,,,,,,,,,GIA,Fine Jewelry
4849,1 Ct W-X Range VS2 GIA Ring | Colour Diam,"**Opulent 1.00 Ct Natural Diamond Ring**

Elevate your fine jewelry collection with these magnificent 18k rings. Featuring a  Ct Natural Diamond , this heirloom piece radiates warmth and unmatched sophistication.",in stock,new,726179.04 JPY,https://colourdiam.com/productdetail/4849,https://www.colourdiam.com/Product/Jewellery/4774/white45/center.jpg,Colour Diam,Apparel & Accessories > Jewelry,,1,,,,unisex,,,adult,,,,,,,,,GIA,Fine Jewelry
4917,0.71 Ct Faint Pink I1 GIA Ring | Colour Diam,Colour Diam stock 4917. 1.01 CT Very Light Pink SI2; 18k – Ring & Pendant : 5.74 gram; Main stone : 01 pcs – 1.01 cts; WD : 31 pcs - 0.238 cts; PD : 16 pcs - 0.124 cts; PEAR : 14 pcs - 0.695 cts; | Laboratory: GIA.,in stock,new,2541626.63 JPY,https://colourdiam.com/productdetail/4917,https://www.colourdiam.com/Product/Jewellery/4789/white45/center.jpg,Colour Diam,Apparel & Accessories > Jewelry,,1,,,,unisex,,,adult,,,,,,,,,GIA,Fine Jewelry
4976,0.33 Ct Faint Pink I1 GIA Ring | Colour Diam,Colour Diam stock 4976. 0.50 cts very Light Green Yellow Si1; 18k-Ring : 4.45 gram; Main stone – 01 pcs 0.50 cts; PINK: 17/ 0.07; WD: 114/ 0.325; MQ: 08/ 0.364; | Laboratory: GIA.,in stock,new,544634.28 JPY,https://colourdiam.com/productdetail/4976,https://www.colourdiam.com/Product/Jewellery/4849/white45/center.jpg,Colour Diam,Apparel & Accessories > Jewelry,,1,,,,unisex,,,adult,,,,,,,,,GIA,Fine Jewelry
5052,1.01 Ct Very Light Pink SI2 GIA Ring | Colour Diam,Colour Diam stock 5052. 2.16 cts Fancy Yellow Green SI2; 18k – Ring : 5.585 gram; Main stone : 01 pcs – 2.16 cts; WD: 46 pcs - 0.416 ct; PD : 24 pcs- 0.18 ct; EMERALD : 02 pcs - 0.34 ct; | Laboratory: GIA.,in stock,new,3903212.32 JPY,https://colourdiam.com/productdetail/5052,https://www.colourdiam.com/Product/Jewellery/4917/white45/center.jpg,Colour Diam,Apparel & Accessories > Jewelry,,1,,,,unisex,,,adult,,,,,,,,,GIA,Fine Jewelry
4907_5148_5163_5164_5159_5460,0.5 Ct very Light Green Yellow Si1 GIA Ring | Colour Diam,"Colour Diam stock 4907_5148_5163_5164_5159_5460
. 0.41 Fancy Light Brown Pink vs2; 0.50 fancy Brown Pink I1; 0.42 fancy Pinkish Brown Si1; 0.36 fancy Brownish Pink Vs2; 0.25 fancy Brownish Pink si1; 0.47 fancy Light Pinkish Brown Vs1; 18 k : Bracelet : 5.719 gram; Main stone – 06 pcs 2.41 cts; WD : 91/ 0.779; | Laboratory: GIA.",in stock,new,1815447.59 JPY,https://colourdiam.com/productdetail/Menu/4907/5148/5163/5164/5159/5460,https://www.colourdiam.com/Product/Jewellery/4976/white45/center.jpg,Colour Diam,Apparel & Accessories > Jewelry,,1,,,,unisex,,,adult,,,,,,,,,GIA,Fine Jewelry
5171,2.16 Ct Fancy Yellow Green SI2 GIA Ring | Colour Diam,Colour Diam stock 5171. 0.52 cts Very Light Pink Si2; 18k-Ring : 5.96 gram; Main stone – 01 pcs 0.52 cts; WD: 197/ 0.696; | Laboratory: GIA.,in stock,new,1089268.56 JPY,https://colourdiam.com/productdetail/5171,https://www.colourdiam.com/Product/Jewellery/5052/white45/center.jpg,Colour Diam,Apparel & Accessories > Jewelry,,1,,,,unisex,,,adult,,,,,,,,,GIA,Fine Jewelry
5201,0.41 Ct Fancy Light Brown Pink vs2 GIA Bracelet | Colour Diam,"**Enchanting  Ct Natural Diamond Bracelet**

Elevate your fine jewelry collection with these magnificent Precious Metal bracelets. Featuring a  Ct Natural Diamond , surrounded by 91 white diamonds (0.779 Ct), this heirloom piece radiates warmth and unmatched sophistication.",in stock,new,1089268.56 JPY,https://colourdiam.com/productdetail/5201,"https://www.colourdiam.com/Product/Jewellery/4907_5148_5163_5164_5159_5460
/white45/center.jpg",Colour Diam,Apparel & Accessories > Jewelry,,1,,,,unisex,,,adult,,,,,,,,,AGL,Fine Jewelry
5212,0.52 Ct Very Light Pink Si2 GIA Ring | Colour Diam,"**Radiant  Ct Natural Diamond Ring**

Elevate your fine jewelry collection with these magnificent 18k rings. Featuring a  Ct Natural Diamond , surrounded by 197 white diamonds (0.696 Ct), this heirloom piece radiates warmth and unmatched sophistication.",in stock,new,1270813.31 JPY,https://colourdiam.com/productdetail/5212,https://www.colourdiam.com/Product/Jewellery/5171/white45/center.jpg,Colour Diam,Apparel & Accessories > Jewelry,,1,,,,unisex,,,adult,,,,,,,,,GIA,Fine Jewelry
5228,1.01 Ct Fancy Pink VS AGL Ring 5.77 Gram | Colour Diam,"**Dazzling  Ct Natural Diamond Ring**

Elevate your fine jewelry collection with these magnificent Precious Metal rings. Featuring a  Ct Natural Diamond , surrounded by 44 white diamonds (0.632 Ct) and 16 pink diamonds (0.179 Ct) and 18 pear diamonds (1.062 Ct), this heirloom piece radiates warmth and unmatched sophistication.",in stock,new,1906219.97 JPY,https://colourdiam.com/productdetail/5228,https://www.colourdiam.com/Product/Jewellery/5201/white45/center.jpg,Colour Diam,Apparel & Accessories > Jewelry,,1,,,,unisex,,,adult,,,,,,,,,GIA,Fine Jewelry
5335,0.5 Ct Very Light Pink VS2 GIA Ring | Colour Diam,Colour Diam stock 5335. ; 0.31 cts Light Pink I3; 18k ring : 3.04 gram ; Main stone – 01 pcs 0.31 cts ; WD : 40 / 0.37 | Laboratory: GIA.,in stock,new,363089.52 JPY,https://colourdiam.com/productdetail/5335,https://www.colourdiam.com/Product/Jewellery/5212/white45/center.jpg,Colour Diam,Apparel & Accessories > Jewelry,,1,,,,unisex,,,adult,,,,,,,,,GIA,Fine Jewelry
5229_6619,0.6 Ct Very Light Pink SI1 GIA Ring | Colour Diam,Colour Diam stock 5229_6619. 1.20 cts Fancy Brownish Greenish Yellow SI1 ; 18 k ring : 3.28 gram ; Main stone – 01 pcs 1.20 cts; Tapper : 02 / 0.515 ; | Laboratory: GIA.,in stock,new,816951.42 JPY,https://colourdiam.com/productdetail/Menu/5229/6619,https://www.colourdiam.com/Product/Jewellery/5228/white45/center.jpg,Colour Diam,Apparel & Accessories > Jewelry,,1,,,,unisex,,,adult,,,,,,,,,GIA,Fine Jewelry
5402_5001,0.31 Ct Light Pink I3 GIA Ring | Colour Diam,Colour Diam stock 5402_5001. 1.33 cts Fancy Light Yellow Ring VS1; 18k : 2.69 gram ; Main stone – 01 pcs 1.33 cts; BULLET : 2/0.25; | Laboratory: GIA.,in stock,new,726179.04 JPY,https://colourdiam.com/productdetail/Menu/5402/5001,https://www.colourdiam.com/Product/Jewellery/5335/white45/center.jpg,Colour Diam,Apparel & Accessories > Jewelry,,1,,,,unisex,,,adult,,,,,,,,,GIA,Fine Jewelry
5409,1.2 Ct Fancy Brownish Greenish Yellow SI1 GIA Ring | Colour Diam,Colour Diam stock 5409. 0.71 cts Light Pink I2; 18K ring : 5.31 gram; Main stone – 01 pcs 0.71 cts; Wd : 382 / 0.51 ; | Laboratory: GIA.,in stock,new,816951.42 JPY,https://colourdiam.com/productdetail/5409,https://www.colourdiam.com/Product/Jewellery/5229_6619/white45/center.jpg,Colour Diam,Apparel & Accessories > Jewelry,,1,,,,unisex,,,adult,,,,,,,,,GIA,Fine Jewelry
5427,1.33 Ct Fancy Light Yellow VS1 GIA Ring | Colour Diam,Colour Diam stock 5427. 0.57 Fancy Light Bluish Green SI2; 18 K Ring: 6.954 gram ; Main stone – 01 pcs 0.57 cts; WD : 76 / 1.53; PD: 32 / 0.85; | Laboratory: GIA.,in stock,new,1270813.31 JPY,https://colourdiam.com/productdetail/5427,https://www.colourdiam.com/Product/Jewellery/5402_5001/white45/center.jpg,Colour Diam,Apparel & Accessories > Jewelry,,1,,,,unisex,,,adult,,,,,,,,,GIA,Fine Jewelry
5448,0.71 Ct Light Pink I2 GIA Ring | Colour Diam,Colour Diam stock 5448. 1.29 cts fancy light brownish yellow vvs2; 18 K Ring: 4.54 gram ; Main stone – 01 pcs 1.29 cts; WD : 97 / 0.542; | Laboratory: GIA.,in stock,new,998496.18 JPY,https://colourdiam.com/productdetail/5448,https://www.colourdiam.com/Product/Jewellery/5409/white45/center.jpg,Colour Diam,Apparel & Accessories > Jewelry,,1,,,,unisex,,,adult,,,,,,,,,GIA,Fine Jewelry
5465,0.57 Ct Fancy Light Bluish Green SI2 GIA Ring | Colour Diam,Colour Diam stock 5465. 0.43 CT Faint Pink I2; 18 k : Ring : 5.11 gram; Main stone – 01 pcs 0.43 cts; WD : 110/ 0.308; PD : 16/ 0.077; MQ : 16/ 0.572; | Laboratory: GIA.,in stock,new,998496.18 JPY,https://colourdiam.com/productdetail/5465,https://www.colourdiam.com/Product/Jewellery/5427/white45/center.jpg,Colour Diam,Apparel & Accessories > Jewelry,,1,,,,unisex,,,adult,,,,,,,,,GIA,Fine Jewelry
5528_5170,1.29 Ct fancy light brownish yellow vvs2 GIA Ring | Colour Diam,Colour Diam stock 5528_5170. 2.02 - FANCY BROWNISH YELLOW SI1; 18k-Ring : 4.15 gram; Main stone – 01 pcs 2.02 cts; WD: 80/ 0.469 ; triangle: 2/ 0.32; | Laboratory: GIA.,in stock,new,1180040.93 JPY,https://colourdiam.com/productdetail/Menu/5528/5170,https://www.colourdiam.com/Product/Jewellery/5448/white45/center.jpg,Colour Diam,Apparel & Accessories > Jewelry,,1,,,,unisex,,,adult,,,,,,,,,GIA,Fine Jewelry
5531,0.43 Ct Faint Pink I2 GIA Ring | Colour Diam,Colour Diam stock 5531. 2.01 - FANCY BROWNISH YELLOW SI2; 18k-Ring : 5.68 gram; Main stone – 01 pcs 2.01 cts; Y: 18/ 0.179; WD: 100/ 0.901; | Laboratory: GIA.,in stock,new,907723.8 JPY,https://colourdiam.com/productdetail/5531,https://www.colourdiam.com/Product/Jewellery/5465/white45/center.jpg,Colour Diam,Apparel & Accessories > Jewelry,,1,,,,unisex,,,adult,,,,,,,,,GIA,Fine Jewelry
5545_5581_4685,2.02 Ct FANCY BROWNISH YELLOW SI1 GIA Ring | Colour Diam,Colour Diam stock 5545_5581_4685. 0.41 CT Faint Pink Vs1; 0.40 Faint Pink Vs2; 0.60 Faint Pink Si1; 18k-Ring : 10.38 gram; Main stone – 03 pcs 1.40 cts; WD: 91/ 0.33; P: 199/ 0.735; | Laboratory: GIA.,in stock,new,2632399.01 JPY,https://colourdiam.com/productdetail/Menu/5545/5581/4685,https://www.colourdiam.com/Product/Jewellery/5528_5170/white45/center.jpg,Colour Diam,Apparel & Accessories > Jewelry,,1,,,,unisex,,,adult,,,,,,,,,GIA,Fine Jewelry
5547,2.01 Ct FANCY BROWNISH YELLOW SI2 GIA Ring | Colour Diam,Colour Diam stock 5547. 2.38 – Fancy Light Greenish Yellow Vs1; 18K: Ring: 3.55 gram; Main stone – 01 pcs 2.38 cts; W: 40/ 0.379; | Laboratory: GIA.,in stock,new,3358578.05 JPY,https://colourdiam.com/productdetail/5547,https://www.colourdiam.com/Product/Jewellery/5531/white45/center.jpg,Colour Diam,Apparel & Accessories > Jewelry,,1,,,,unisex,,,adult,,,,,,,,,GIA,Fine Jewelry
5551,0.41 Ct Faint Pink Vs1 GIA Ring | Colour Diam,Colour Diam stock 5551. 1.50 cts Light Pink Si2; 18 k Ring : 5.75 gram; Main stone – 01 pcs 1.50 cts; WD: 58/ 0.233; PEAR : 19/ 0.815; | Laboratory: GIA.,in stock,new,5083253.26 JPY,https://colourdiam.com/productdetail/5551,https://www.colourdiam.com/Product/Jewellery/5545_5581_4685/white45/center.jpg,Colour Diam,Apparel & Accessories > Jewelry,,1,,,,unisex,,,adult,,,,,,,,,GIA,Fine Jewelry
5585_5361,2.38 Ct Fancy Light Greenish  Yellow Vs1 GIA Ring | Colour Diam,Colour Diam stock 5585_5361. 1.74 CT Fancy Light Greenish Yellow si2; 18k-Ring : 4.70 gram; Main stone – 01 pcs 1.74 cts; WD: 44/ 0.546; P: 26/ 0.107; Half moon: 02/ 0.29; | Laboratory: GIA.,in stock,new,2723171.39 JPY,https://colourdiam.com/productdetail/Menu/5585/5361,https://www.colourdiam.com/Product/Jewellery/5547/white45/center.jpg,Colour Diam,Apparel & Accessories > Jewelry,,1,,,,unisex,,,adult,,,,,,,,,GIA,Fine Jewelry
5595,1.5 Ct Light Pink Si2 GIA Ring | Colour Diam,Colour Diam stock 5595. 0.31 cts Faint Pink Vs2; 18 k Ring : 3.84 gram; Main stone – 01 pcs 0.31 cts; WD: 68/ 0.329; PEAR : 06/ 0.255; | Laboratory: GIA.,in stock,new,726179.04 JPY,https://colourdiam.com/productdetail/5595,https://www.colourdiam.com/Product/Jewellery/5551/white45/center.jpg,Colour Diam,Apparel & Accessories > Jewelry,,1,,,,unisex,,,adult,,,,,,,,,GIA,Fine Jewelry
5596,1.74 Ct Fancy  Light Greenish Yellow si2 GIA Ring | Colour Diam,Colour Diam stock 5596. 0.51 cts Faint Pink SI1; 18 k Ring : 3.03 gram; Main stone – 01 pcs 0.51 cts; WD: 62/ 0.125; MQ : 04/ 0.16; | Laboratory: GIA.,in stock,new,1089268.56 JPY,https://colourdiam.com/productdetail/5596,https://www.colourdiam.com/Product/Jewellery/5585_5361/white45/center.jpg,Colour Diam,Apparel & Accessories > Jewelry,,1,,,,unisex,,,adult,,,,,,,,,GIA,Fine Jewelry
5597,0.31 Ct Faint Pink Vs2 GIA Ring 3.84 Gram | Colour Diam,Colour Diam stock 5597. 0.32 cts Faint Pink VVS2; 18 k ring : 4.5 gram; Main stone – 01 pcs 0.32 cts ; WD - 118 pcs - 0.90 ct; | Laboratory: GIA.,in stock,new,726179.04 JPY,https://colourdiam.com/productdetail/5597,https://www.colourdiam.com/Product/Jewellery/5595/white45/center.jpg,Colour Diam,Apparel & Accessories > Jewelry,,1,,,,unisex,,,adult,,,,,,,,,GIA,Fine Jewelry
5610_5611,0.51 Ct Faint Pink SI1 GIA Ring 3.03 Gram | Colour Diam,Colour Diam stock 5610_5611. 0.38 cts Faint Pink Vs1; 0.32 cts Faint pink vvs2; 18k-Earring : 2.91 gram; Main stone – 02 pcs 0.70 cts; MQ: 6/ 0.248; Pear: 12/ 0.398; | Laboratory: GIA.,in stock,new,907723.8 JPY,https://colourdiam.com/productdetail/Menu/5610/5611,https://www.colourdiam.com/Product/Jewellery/5596/white45/center.jpg,Colour Diam,Apparel & Accessories > Jewelry,,1,,,,unisex,,,adult,,,,,,,,,GIA,Fine Jewelry
5618_5658,0.32 Ct Faint Pink VVS2 GIA Ring | Colour Diam,Colour Diam stock 5618_5658. 3.25 CT FANCY GREEN VS1; 18k-Ring : 3.80 gram; Main stone – 01 pcs 3.25 cts; Caddilac: 2/ 0.34; | Laboratory: AGL.,in stock,new,3812439.94 JPY,https://colourdiam.com/productdetail/Menu/5618/5658,https://www.colourdiam.com/Product/Jewellery/5597/white45/center.jpg,Colour Diam,Apparel & Accessories > Jewelry,,1,,,,unisex,,,adult,,,,,,,,,AGL,Fine Jewelry
5699,0.38 Ct Faint Pink Vs1 GIA Earring | Colour Diam,Colour Diam stock 5699. 0.27 cts Fancy Yellow SI; 18K: Ring: 3.424 gram; Main stone – 01 pcs 0.27 cts; WD: 30 / 0.468 ; YD: 14 / 0.133; | Laboratory: AGL.,in stock,new,272317.14 JPY,https://colourdiam.com/productdetail/5699,https://www.colourdiam.com/Product/Jewellery/5610_5611/white45/center.jpg,Colour Diam,Apparel & Accessories > Jewelry,,1,,,,unisex,,,adult,,,,,,,,,AGL,Fine Jewelry
5708,3.25 Ct FANCY GREEN VS1 AGL Ring | Colour Diam,Colour Diam stock 5708. 0.24 cts Fancy Yellow VS; 18 k Pendant : 3.561 gram; Main stone – 01 pcs 0.24 cts; WD : 18/ 0.281; YD : 12/ 0.113; | Laboratory: AGL.,in stock,new,299548.85 JPY,https://colourdiam.com/productdetail/5708,https://www.colourdiam.com/Product/Jewellery/5618_5658/white45/center.jpg,Colour Diam,Apparel & Accessories > Jewelry,,1,,,,unisex,,,adult,,,,,,,,,AGL,Fine Jewelry
5715,1.01 Ct Fancy Brownish Greenish Yellow VS2 GIA Ring | Colour Diam,Colour Diam stock 5715. 0.12 cts Fancy Light Pink VS; 18K Pendant : 3.51 gram; Main stone : 1 pcs - 0.12 cts ; WD – 13 / 0.130; PD – 12 / 0.306; | Laboratory: AGL.,in stock,new,272317.14 JPY,https://colourdiam.com/productdetail/5715,https://www.colourdiam.com/Product/Jewellery/5661_5196/white45/center.jpg,Colour Diam,Apparel & Accessories > Jewelry,,1,,,,unisex,,,adult,,,,,,,,,AGL,Fine Jewelry
5730,0.27 Ct Fancy Yellow SI AGL Ring | Colour Diam,Colour Diam stock 5730. 2.21 CT Fancy Grayish Yellowish Green SI2; 18 k Ring: 6.01 gram; Main stone : 1 pcs - 2.21 cts ; WD : 114/ 0.64; PD : 28/ 0.085; MQ : 10/ 0.312; | Laboratory: GIA.,in stock,new,1906219.97 JPY,https://colourdiam.com/productdetail/5730,https://www.colourdiam.com/Product/Jewellery/5699/white45/center.jpg,Colour Diam,Apparel & Accessories > Jewelry,,1,,,,unisex,,,adult,,,,,,,,,GIA,Fine Jewelry
5735,0.24 Ct Fancy Yellow VS AGL Pendant | Colour Diam,Colour Diam stock 5735. 0.50 F colour VS2; 18 k Ring : 2.36 gram; Main stone : 1 pcs - 0.50 cts ; WD : 44/0.36; | Laboratory: GIA.,in stock,new,272317.14 JPY,https://colourdiam.com/productdetail/5735,https://www.colourdiam.com/Product/Jewellery/5708/white45/center.jpg,Colour Diam,Apparel & Accessories > Jewelry,,1,,,,unisex,,,adult,,,,,,,,,GIA,Fine Jewelry
5766,0.12 Ct Fancy Light Pink VS AGL Pendant | Colour Diam,Colour Diam stock 5766. 0.31 cts Faint Pink si1 ; 18 K Ring: 2.70 gram ; Main stone – 01 pcs 0.31 cts; WD : 45 / 0.53; | Laboratory: CGL.,in stock,new,217853.71 JPY,https://colourdiam.com/productdetail/5766,https://www.colourdiam.com/Product/Jewellery/5715/white45/center.jpg,Colour Diam,Apparel & Accessories > Jewelry,,1,,,,unisex,,,adult,,,,,,,,,CGL,Fine Jewelry
5769,2.21 Ct Fancy  Grayish Yellowish Green SI2 GIA Ring | Colour Diam,Colour Diam stock 5769. ; 1.00 H colour VS2; 18 k Ring : 3.85 gram; Main stone – 01 pcs 1.00 cts; WD : 16 / 0.69; | Laboratory: GIA.,in stock,new,1180040.93 JPY,https://colourdiam.com/productdetail/5769,https://www.colourdiam.com/Product/Jewellery/5730/white45/center.jpg,Colour Diam,Apparel & Accessories > Jewelry,,1,,,,unisex,,,adult,,,,,,,,,GIA,Fine Jewelry
5932,0.5 Ct F VS2 GIA Ring 2.36 Gram | Colour Diam,Colour Diam stock 5932. 0.40 CT Very Light Pink SI2; 18 k Ring: 3.188 gram; Main stone – 01 pcs 0.40 cts; WD : 208/ 0.647; PD : 18/ 0.068; | Laboratory: GIA.,in stock,new,907723.8 JPY,https://colourdiam.com/productdetail/5932,https://www.colourdiam.com/Product/Jewellery/5735/white45/center.jpg,Colour Diam,Apparel & Accessories > Jewelry,,1,,,,unisex,,,adult,,,,,,,,,GIA,Fine Jewelry
5982_5362,0.31 Ct Faint Pink si1 CGL Ring | Colour Diam,Colour Diam stock 5982_5362. 1.04 CT fancy pink vs2; 18k-Ring : 4.35 gram; Main stone – 01 pcs 1.04 cts; YD: 20/ 0.108; WD: 20/ 0.168; HALFMOON : 02 / 0.19; | Laboratory: AGL.,in stock,new,544634.28 JPY,https://colourdiam.com/productdetail/Menu/5982/5362,https://www.colourdiam.com/Product/Jewellery/5766/white45/center.jpg,Colour Diam,Apparel & Accessories > Jewelry,,1,,,,unisex,,,adult,,,,,,,,,AGL,Fine Jewelry
5983,1 Ct H VS2 GIA Ring | Colour Diam,Colour Diam stock 5983. ; 1.01 Fancy Pink SI1 ; 18K ring : 8.43 gram ; Main stone – 01 pcs 1.01 cts; WD : 270 / 0.739 ; HEART :02 / 0.275; | Laboratory: AGL.,in stock,new,907723.8 JPY,https://colourdiam.com/productdetail/5983,https://www.colourdiam.com/Product/Jewellery/5769/white45/center.jpg,Colour Diam,Apparel & Accessories > Jewelry,,1,,,,unisex,,,adult,,,,,,,,,AGL,Fine Jewelry
5991,0.4 Ct Very Light Pink SI2 GIA Ring | Colour Diam,Colour Diam stock 5991. 1.01 cts Fancy Pink VS; 18 k Ring: 9.811 gram; Main stone – 01 pcs 1.01 cts; WD: 102/ 0.492; PD : 48/ 0.116; TAPPER : 02/ 0.196; | Laboratory: AGL.,in stock,new,907723.8 JPY,https://colourdiam.com/productdetail/5991,https://www.colourdiam.com/Product/Jewellery/5932/white45/center.jpg,Colour Diam,Apparel & Accessories > Jewelry,,1,,,,unisex,,,adult,,,,,,,,,AGL,Fine Jewelry
6000,1.04 Ct fancy  pink vs2 AGL Ring | Colour Diam,Colour Diam stock 6000. 0.33 cts Faint Pink SI2; 18 k Ring: 2.98 gram; Main stone – 1 pcs 0.33 cts; WD : 38/ 0.271; PD : 14/ 0.057; | Laboratory: GIA.,in stock,new,544634.28 JPY,https://colourdiam.com/productdetail/6000,https://www.colourdiam.com/Product/Jewellery/5982_5362/white45/center.jpg,Colour Diam,Apparel & Accessories > Jewelry,,1,,,,unisex,,,adult,,,,,,,,,GIA,Fine Jewelry
6001,1.01 Ct Fancy Pink SI1 AGL Ring | Colour Diam,Colour Diam stock 6001. 0.27 cts Faint Pink VS2 ; 18 k ring : 9.79 grams; Main stone – 1 pcs 0.27 cts; WD - 106 pcs - 0.52 cts; | Laboratory: GIA.,in stock,new,544634.28 JPY,https://colourdiam.com/productdetail/6001,https://www.colourdiam.com/Product/Jewellery/5983/white45/center.jpg,Colour Diam,Apparel & Accessories > Jewelry,,1,,,,unisex,,,adult,,,,,,,,,GIA,Fine Jewelry
6002,1.01 Ct Fancy Pink VS AGL Ring | Colour Diam,Colour Diam stock 6002. 0.24 Fancy pink vs; 18 k Ring: 2.624 gram; Main stone – 1 pcs 0.24 cts; WD: 20/ 0.057; PEAR : 22/ 0.018; | Laboratory: AGL.,in stock,new,272317.14 JPY,https://colourdiam.com/productdetail/6002,https://www.colourdiam.com/Product/Jewellery/5991/white45/center.jpg,Colour Diam,Apparel & Accessories > Jewelry,,1,,,,unisex,,,adult,,,,,,,,,AGL,Fine Jewelry
6009,1 Ct Fancy Pink VS Ring | Colour Diam,Colour Diam stock 6009. 0.24 Fancy pink vs; 18k-Ring : 2.515 gram; Main stone – 1 pcs 0.24 cts; Pink: 23/ 0.02; WD: 21/ 0.06; | Laboratory: AGL.,in stock,new,272317.14 JPY,https://colourdiam.com/productdetail/6009,https://www.colourdiam.com/Product/Jewellery/5993/white45/center.jpg,Colour Diam,Apparel & Accessories > Jewelry,,1,,,,unisex,,,adult,,,,,,,,,AGL,Fine Jewelry
6060,0.33 Ct Faint Pink SI2 GIA Ring | Colour Diam,Colour Diam stock 6060. 0.40 cts Faint Pinkish Brown; 18 k ring: 4.52 gram; Main stone – 1 pcs 0.40 cts ; White Diamond - 20 pcs / 0.11 cts; baguette diamonds - 05 pcs / 0.73 cts; | Laboratory: GIA.,in stock,new,662638.37 JPY,https://colourdiam.com/productdetail/6060,https://www.colourdiam.com/Product/Jewellery/6000/white45/center.jpg,Colour Diam,Apparel & Accessories > Jewelry,,1,,,,unisex,,,adult,,,,,,,,,GIA,Fine Jewelry
6064,0.27 Ct Faint Pink VS2 GIA Ring | Colour Diam,Colour Diam stock 6064. ; 0.26 Faint Pink VS1; 18 k Ring : 4.37 gram; Main stone – 1 pcs 0.26 cts; WD : 53/0.82; PINK : 20/0.08; | Laboratory: GIA.,in stock,new,544634.28 JPY,https://colourdiam.com/productdetail/6064,https://www.colourdiam.com/Product/Jewellery/6001/white45/center.jpg,Colour Diam,Apparel & Accessories > Jewelry,,1,,,,unisex,,,adult,,,,,,,,,GIA,Fine Jewelry
6065,0.24 Ct Fancy pink vs AGL Ring 2.624 Gram | Colour Diam,Colour Diam stock 6065. 0.26 Faint Pink si1; 18K ring : 4.42 gram; Main stone – 1 pcs 0.26 cts; WD : 41 / 1.12; PINK : 16 / 0.06; | Laboratory: GIA.,in stock,new,544634.28 JPY,https://colourdiam.com/productdetail/6065,https://www.colourdiam.com/Product/Jewellery/6002/white45/center.jpg,Colour Diam,Apparel & Accessories > Jewelry,,1,,,,unisex,,,adult,,,,,,,,,GIA,Fine Jewelry
6109,0.24 Ct Fancy pink vs AGL Ring | Colour Diam,Colour Diam stock 6109. ; 1.00 Fancy Greenish Yellow VS1; 18k- Ring : 5.89 gram; Main stone - 01 pcs 1.00 cts; WD : 46 / 0.32; PD : 95 / 0.414; | Laboratory: GIA.,in stock,new,1180040.93 JPY,https://colourdiam.com/productdetail/6109,https://www.colourdiam.com/Product/Jewellery/6009/white45/center.jpg,Colour Diam,Apparel & Accessories > Jewelry,,1,,,,unisex,,,adult,,,,,,,,,GIA,Fine Jewelry
6111,0.4 Ct Faint Pinkish Brown GIA Ring | Colour Diam,Colour Diam stock 6111. 0.60 cts Faint Pink Vs1; 18k Ring : 2.71 gram ; Main stone – 1 pcs 0.60 cts; WD : 66 / 0.252; MQ : 04 / 0.149; | Laboratory: GIA.,in stock,new,907723.8 JPY,https://colourdiam.com/productdetail/6111,https://www.colourdiam.com/Product/Jewellery/6060/white45/center.jpg,Colour Diam,Apparel & Accessories > Jewelry,,1,,,,unisex,,,adult,,,,,,,,,GIA,Fine Jewelry
6120,0.26 Ct Faint Pink VS1 GIA Ring 4.37 Gram | Colour Diam,Colour Diam stock 6120. 1.01 D Colour VS1; 18 k Ring : 5.60 gram; Main stone – 1 pcs 1.01 cts; WD : 16/0.69; | Laboratory: GIA.,in stock,new,964910.4 JPY,https://colourdiam.com/productdetail/6120,https://www.colourdiam.com/Product/Jewellery/6064/white45/center.jpg,Colour Diam,Apparel & Accessories > Jewelry,,1,,,,unisex,,,adult,,,,,,,,,GIA,Fine Jewelry
6126_5641,0.26 Ct Faint Pink si1 GIA Ring | Colour Diam,Colour Diam stock 6126_5641. 2.01 CT Fancy Brown Pink SI1; 18 k Ring: 5.74 gram; Main stone – 1 pcs 2.01 cts; WD: 52/ 0.30; PEAR : 22/ 0.16; TRAPEZOID : 02/ 0.57; | Laboratory: GIA.,in stock,new,11800409.35 JPY,https://colourdiam.com/productdetail/Menu/6126/5641,https://www.colourdiam.com/Product/Jewellery/6065/white45/center.jpg,Colour Diam,Apparel & Accessories > Jewelry,,1,,,,unisex,,,adult,,,,,,,,,GIA,Fine Jewelry
6139,1 Ct Fancy Greenish Yellow VS1 GIA Ring | Colour Diam,Colour Diam stock 6139. ; 1.02 CT E colour If ; 18 K RING : 2.99 Gram; Main stone – 1 pcs 1.02 cts; TRINAGLE : 2 pcs / 0.20 cts; | Laboratory: GIA.,in stock,new,998496.18 JPY,https://colourdiam.com/productdetail/6139,https://www.colourdiam.com/Product/Jewellery/6109/white45/center.jpg,Colour Diam,Apparel & Accessories > Jewelry,,1,,,,unisex,,,adult,,,,,,,,,GIA,Fine Jewelry
6141,0.6 Ct Faint Pink Vs1 GIA Ring | Colour Diam,Colour Diam stock 6141. 1.01 D colour VS1; 18 k Ring : 5.80 gram; Main stone – 1 pcs 1.01 cts; WD : 16 / 0.69; | Laboratory: GIA.,in stock,new,1089268.56 JPY,https://colourdiam.com/productdetail/6141,https://www.colourdiam.com/Product/Jewellery/6111/white45/center.jpg,Colour Diam,Apparel & Accessories > Jewelry,,1,,,,unisex,,,adult,,,,,,,,,GIA,Fine Jewelry
6147,1.01 Ct D VS1 GIA Ring 5.60 Gram | Colour Diam,Colour Diam stock 6147. 1.02 cts Fancy Pink SI; 18k-Ring : 4.49 gram; Main stone – 1 pcs 1.02 cts; Y: 37/ 0.223; WD: 37/ 0.224; | Laboratory: AGL.,in stock,new,998496.18 JPY,https://colourdiam.com/productdetail/6147,https://www.colourdiam.com/Product/Jewellery/6120/white45/center.jpg,Colour Diam,Apparel & Accessories > Jewelry,,1,,,,unisex,,,adult,,,,,,,,,AGL,Fine Jewelry
4564_6149,2.01 Ct Fancy Brown Pink SI1 GIA Ring | Colour Diam,Colour Diam stock 4564_6149. 1.03 CT Fancy Pink Vs; 18 k Ring: 3.528 gram; Main stone – 1 pcs 1.03 cts; TRAPEZOID : 02/ 0.38; | Laboratory: AGL.,in stock,new,1089268.56 JPY,https://colourdiam.com/productdetail/Menu/4564/6149,https://www.colourdiam.com/Product/Jewellery/6126_5641/white45/center.jpg,Colour Diam,Apparel & Accessories > Jewelry,,1,,,,unisex,,,adult,,,,,,,,,AGL,Fine Jewelry
6163,1.02 Ct E If GIA Ring | Colour Diam,Colour Diam stock 6163. 0.60 cts Faint Pink VVS2; 18 k Ring & Pendant Convertible : 7.97 gram; Main stone – 1 pcs 0.60 cts; WD : 66/ 0.51; | Laboratory: GIA.,in stock,new,907723.8 JPY,https://colourdiam.com/productdetail/6163,https://www.colourdiam.com/Product/Jewellery/6139/white45/center.jpg,Colour Diam,Apparel & Accessories > Jewelry,,1,,,,unisex,,,adult,,,,,,,,,GIA,Fine Jewelry
6166,1.01 Ct D VS1 GIA Ring 5.80 Gram | Colour Diam,Colour Diam stock 6166. 1.01 cts E colour Si1; 18k-Ring : 3.97 gram; Main stone – 1 pcs 1.01 cts; WD: 66/ 0.62; | Laboratory: GIA.,in stock,new,816951.42 JPY,https://colourdiam.com/productdetail/6166,https://www.colourdiam.com/Product/Jewellery/6141/white45/center.jpg,Colour Diam,Apparel & Accessories > Jewelry,,1,,,,unisex,,,adult,,,,,,,,,GIA,Fine Jewelry
6186,1.02 Ct Fancy Pink SI AGL Ring | Colour Diam,Colour Diam stock 6186. ; 1.00 F Colour VS2; 18 k Ring : 2.88 gram; Main stone – 1 pcs 1.00 cts; WD : 72/0.66; | Laboratory: GIA.,in stock,new,602728.6 JPY,https://colourdiam.com/productdetail/6186,https://www.colourdiam.com/Product/Jewellery/6147/white45/center.jpg,Colour Diam,Apparel & Accessories > Jewelry,,1,,,,unisex,,,adult,,,,,,,,,GIA,Fine Jewelry
6193,1.03 Ct Fancy Pink Vs AGL Ring | Colour Diam,Colour Diam stock 6193. ; 3.01 cts Fancy Brownish Greenish Yellow SI2; 18k-Ring : 6.85 gram; Main stone - 1 pcs – 3.01 cts; WD: 90 pcs - 1.253 cts; PD: 88 pcs - 0.268 cts; | Laboratory: GIA.,in stock,new,2904716.15 JPY,https://colourdiam.com/productdetail/6193,https://www.colourdiam.com/Product/Jewellery/4564_6149/white45/center.jpg,Colour Diam,Apparel & Accessories > Jewelry,,1,,,,unisex,,,adult,,,,,,,,,GIA,Fine Jewelry
6267,0.6 Ct Faint Pink VVS2 GIA Ring | Colour Diam,Colour Diam stock 6267. 0.51 cts I colour VVS1 clarity; 18 k Ring: 2.21 gram; Main stone – 1 pcs 0.51 cts; WD : 86/ 0.76; | Laboratory: GIA.,in stock,new,236008.19 JPY,https://colourdiam.com/productdetail/6267,https://www.colourdiam.com/Product/Jewellery/6163/white45/center.jpg,Colour Diam,Apparel & Accessories > Jewelry,,1,,,,unisex,,,adult,,,,,,,,,GIA,Fine Jewelry
6270,1.01 Ct E Si1 GIA Ring | Colour Diam,Colour Diam stock 6270. 0.20 cts Faint Pinkish Brown VS2; 18k-pendant : 3.69 gram; Main stone – 1 pcs 0.20 cts; Pink: 12/ 0.102; WD: 125/ 1.545; | Laboratory: GIA.,in stock,new,544634.28 JPY,https://colourdiam.com/productdetail/6270,https://www.colourdiam.com/Product/Jewellery/6166/white45/center.jpg,Colour Diam,Apparel & Accessories > Jewelry,,1,,,,unisex,,,adult,,,,,,,,,GIA,Fine Jewelry
6279_6318,1 Ct F VS2 GIA Ring | Colour Diam,Colour Diam stock 6279_6318. 0.29 ct Faint Pink Si2; 0.31 ct Faint Pink Si1; 18k-EARRING : 5.85 gram; Main stone – 02 pcs 0.60 cts; Pink: 20/ 0.19; Pear: 02 /0.324; WD: 118/ 0.802; Trillion: 12/ 0.55; | Laboratory: GIA.,in stock,new,1361585.69 JPY,https://colourdiam.com/productdetail/Menu/6279/6318,https://www.colourdiam.com/Product/Jewellery/6186/white45/center.jpg,Colour Diam,Apparel & Accessories > Jewelry,,1,,,,unisex,,,adult,,,,,,,,,GIA,Fine Jewelry
6280_6385,3.01 Ct Fancy Brownish Greenish Yellow SI2 GIA Ring | Colour Diam,Colour Diam stock 6280_6385. 0.29 ct Faint Pink SI2/; 0.30 ct Faint Pink I2; 18 k Ring: 3.16 gram; Main stone – 02 pcs 0.60 cts; PD : 30/ 0.17; WD : 16/ 0.28; MQ : 06/ 0.18; | Laboratory: GIA.,in stock,new,907723.8 JPY,https://colourdiam.com/productdetail/Menu/6280/6385,https://www.colourdiam.com/Product/Jewellery/6193/white45/center.jpg,Colour Diam,Apparel & Accessories > Jewelry,,1,,,,unisex,,,adult,,,,,,,,,GIA,Fine Jewelry
6283,0.51 Ct I VVS1 GIA Ring | Colour Diam,Colour Diam stock 6283. 0.33 ct Faint Pink VS2; 18k-Ring : 3.82 gram; Main stone – 1 pcs 0.33 cts; WD: 118/ 0.212; P: 20/ 0.038; | Laboratory: GIA.,in stock,new,544634.28 JPY,https://colourdiam.com/productdetail/6283,https://www.colourdiam.com/Product/Jewellery/6267/white45/center.jpg,Colour Diam,Apparel & Accessories > Jewelry,,1,,,,unisex,,,adult,,,,,,,,,GIA,Fine Jewelry
6313,0.2 Ct Faint Pinkish Brown VS2 GIA Pendant | Colour Diam,Colour Diam stock 6313. 0.35 ct Faint pink VS1; 18 k Ring: 9.15 gram; Main stone – 1 pcs 0.35 cts; WD : 504/ 1.395; PD : 14/ 0.097; | Laboratory: GIA.,in stock,new,816951.42 JPY,https://colourdiam.com/productdetail/6313,https://www.colourdiam.com/Product/Jewellery/6270/white45/center.jpg,Colour Diam,Apparel & Accessories > Jewelry,,1,,,,unisex,,,adult,,,,,,,,,GIA,Fine Jewelry
6357,0.29 Ct Faint Pink Si2 GIA Earring | Colour Diam,Colour Diam stock 6357. ; 1.00 cts H colour VS2 ; 18 k ring : 5 gram ; Main stone – 1 pcs 1.00 cts; WD - 74 pcs - 0.70 ct; | Laboratory: IGI.,in stock,new,762487.99 JPY,https://colourdiam.com/productdetail/6357,https://www.colourdiam.com/Product/Jewellery/6279_6318/white45/center.jpg,Colour Diam,Apparel & Accessories > Jewelry,,1,,,,unisex,,,adult,,,,,,,,,IGI,Fine Jewelry
6373,0.29 Ct Faint Pink SI2 GIA Ring | Colour Diam,Colour Diam stock 6373. 0.71 cts Faint Pink VS2; 18 K Ring & Pendant Convertible : 4.85 gram ; Main stone – 01 pcs 0.71 cts; WD : 75 / 0.97; Pink: 16 / 0.11; | Laboratory: GIA.,in stock,new,1543130.45 JPY,https://colourdiam.com/productdetail/6373,https://www.colourdiam.com/Product/Jewellery/6280_6385/white45/center.jpg,Colour Diam,Apparel & Accessories > Jewelry,,1,,,,unisex,,,adult,,,,,,,,,GIA,Fine Jewelry
6374,0.33 Ct Faint Pink VS2 GIA Ring | Colour Diam,Colour Diam stock 6374. 1.00 cts faint pinkish brown Si2; 18k-Ring : 4.94 gram; Main stone : 1 pcs – 1.00; WD: 107 pcs / 0.517; PEAR: 44 / 0.32; MQ: 07 / 0.191 | Laboratory: GIA.,in stock,new,1724675.21 JPY,https://colourdiam.com/productdetail/6374,https://www.colourdiam.com/Product/Jewellery/6283/white45/center.jpg,Colour Diam,Apparel & Accessories > Jewelry,,1,,,,unisex,,,adult,,,,,,,,,GIA,Fine Jewelry
6400_1236,0.35 Ct Faint pink VS1 GIA Ring | Colour Diam,Colour Diam stock 6400_1236. 0.26 Faint intense Yellow Vs2/; 0.30 Faint Pink I1; Main stone – 02 pcs 0.56 cts; 18 k Ring: 4.91 gram; PD : 38/ 0.097; WD : 41/ 0.321; | Laboratory: GIA.,in stock,new,1452358.07 JPY,https://colourdiam.com/productdetail/Menu/6400/1236,https://www.colourdiam.com/Product/Jewellery/6313/white45/center.jpg,Colour Diam,Apparel & Accessories > Jewelry,,1,,,,unisex,,,adult,,,,,,,,,GIA,Fine Jewelry
6639,1 Ct H VS2 IGI Ring | Colour Diam,Colour Diam stock 6639. 2.21 cts Fancy Pink Si; 18K: EARRING: 14.317 gram; Main stone – 18 pcs 2.21 cts; WD: 376/ 2.00; Pink: 250/ 0.608; | Laboratory: AGL.,in stock,new,2723171.39 JPY,https://colourdiam.com/productdetail/6639,https://www.colourdiam.com/Product/Jewellery/6357/white45/center.jpg,Colour Diam,Apparel & Accessories > Jewelry,,1,,,,unisex,,,adult,,,,,,,,,AGL,Fine Jewelry
6626_6627,0.71 Ct Faint Pink VS2 GIA Ring | Colour Diam,Colour Diam stock 6626_6627. 0.15 Fancy orange vs/; 0.15 Fancy Yellow vs ; Main stone – 02 pcs 0.30 cts; 18 k Ring: 3.90 gram; WD : 32/ 0.069; YD : 72/ 0.346; | Laboratory: AGL.,in stock,new,816951.42 JPY,https://colourdiam.com/productdetail/Menu/6626/6627,https://www.colourdiam.com/Product/Jewellery/6373/white45/center.jpg,Colour Diam,Apparel & Accessories > Jewelry,,1,,,,unisex,,,adult,,,,,,,,,AGL,Fine Jewelry
6686,1 Ct faint pinkish brown Si2 GIA Ring | Colour Diam,Colour Diam stock 6686. 0.30 Faint Pinkish Brown VS2; 18 k Ring : 6.05 gram; Main stone – 01 pcs 0.30 cts; WD : 210/1.434; | Laboratory: GIA.,in stock,new,635406.66 JPY,https://colourdiam.com/productdetail/6686,https://www.colourdiam.com/Product/Jewellery/6374/white45/center.jpg,Colour Diam,Apparel & Accessories > Jewelry,,1,,,,unisex,,,adult,,,,,,,,,GIA,Fine Jewelry
6802,0.26 Ct Faint intense Yellow Vs2 GIA Ring | Colour Diam,Colour Diam stock 6802. 1.52 Fancy Green Yellow i1; 18 k Ring: 5.30 gram; Main stone – 01 pcs 1.52 cts; WD : 180/ 1.036; | Laboratory: GIA.,in stock,new,1180040.93 JPY,https://colourdiam.com/productdetail/6802,https://www.colourdiam.com/Product/Jewellery/6400_1236/white45/center.jpg,Colour Diam,Apparel & Accessories > Jewelry,,1,,,,unisex,,,adult,,,,,,,,,GIA,Fine Jewelry
6843,2.21 Ct Fancy Pink Si AGL Earring | Colour Diam,Colour Diam stock 6843. 3.481 cts Pink Diamond Necklace; 18 k necklace : 35.267 gram; Main stone – 29 pcs 3.481 cts; WD : 496/ 2.058; | Laboratory: AGL.,in stock,new,3993984.7 JPY,https://colourdiam.com/productdetail/6843,https://www.colourdiam.com/Product/Jewellery/6639/white45/center.jpg,Colour Diam,Apparel & Accessories > Jewelry,,1,,,,unisex,,,adult,,,,,,,,,AGL,Fine Jewelry
6851,0.15 Ct Fancy orange vs AGL Ring | Colour Diam,Colour Diam stock 6851. 1.00 cts Very Light Green Yellow SI1; 18K: Ring: 6.50 gram; Main stone – 01 pcs 1.00 cts; WD: 58/ 0.276; P: 80/ 0.644; | Laboratory: GIA.,in stock,new,1180040.93 JPY,https://colourdiam.com/productdetail/6851,https://www.colourdiam.com/Product/Jewellery/6626_6627/white45/center.jpg,Colour Diam,Apparel & Accessories > Jewelry,,1,,,,unisex,,,adult,,,,,,,,,GIA,Fine Jewelry
6865,0.3 Ct Faint Pinkish Brown VS2 GIA Ring | Colour Diam,Colour Diam stock 6865. 0.50 cts Faint Pinkish Brown VS2; 18K: Ring: 5.45 gram; Main stone – 01 pcs 0.50 cts; WD: 64/ 0.149; | Laboratory: GIA.,in stock,new,726179.04 JPY,https://colourdiam.com/productdetail/6865,https://www.colourdiam.com/Product/Jewellery/6686/white45/center.jpg,Colour Diam,Apparel & Accessories > Jewelry,,1,,,,unisex,,,adult,,,,,,,,,GIA,Fine Jewelry
6961,1.52 Ct Fancy Green Yellow i1 GIA Ring | Colour Diam,"**Radiant  Ct Natural Diamond Ring**

Elevate your fine jewelry collection with these magnificent Precious Metal rings. Featuring a  Ct Natural Diamond , surrounded by 180 white diamonds (1.036 Ct), this heirloom piece radiates warmth and unmatched sophistication.",in stock,new,2178537.11 JPY,https://colourdiam.com/productdetail/6961,https://www.colourdiam.com/Product/Jewellery/6802/white45/center.jpg,Colour Diam,Apparel & Accessories > Jewelry,,1,,,,unisex,,,adult,,,,,,,,,GIA,Fine Jewelry
6964,3.481 Ct Pink AGL Necklace | Colour Diam,"**Sumptuous  Ct Natural Diamond Necklace**

Elevate your fine jewelry collection with these magnificent Precious Metal necklaces. Featuring a  Ct Natural Diamond , surrounded by 496 white diamonds (2.058 Ct), this heirloom piece radiates warmth and unmatched sophistication.",in stock,new,816951.42 JPY,https://colourdiam.com/productdetail/6964,https://www.colourdiam.com/Product/Jewellery/6843/white45/center.jpg,Colour Diam,Apparel & Accessories > Jewelry,,1,,,,unisex,,,adult,,,,,,,,,AGL,Fine Jewelry
6967,1 Ct Very Light  Green Yellow SI1 GIA Ring | Colour Diam,"**Exquisite  Ct Natural Diamond Ring**

Elevate your fine jewelry collection with these magnificent 18K rings. Featuring a  Ct Natural Diamond , surrounded by 58 white diamonds (0.276 Ct), this heirloom piece radiates warmth and unmatched sophistication.",in stock,new,453861.9 JPY,https://colourdiam.com/productdetail/6967,https://www.colourdiam.com/Product/Jewellery/6851/white45/center.jpg,Colour Diam,Apparel & Accessories > Jewelry,,1,,,,unisex,,,adult,,,,,,,,,NON CERTIFIED,Fine Jewelry
6975,0.5 Ct Faint Pinkish Brown VS2 GIA Ring | Colour Diam,"**Splendid  Ct Natural Diamond Ring**

Elevate your fine jewelry collection with these magnificent 18K rings. Featuring a  Ct Natural Diamond , surrounded by 64 white diamonds (0.149 Ct), this heirloom piece radiates warmth and unmatched sophistication.",in stock,new,907723.8 JPY,https://colourdiam.com/productdetail/6975,https://www.colourdiam.com/Product/Jewellery/6865/white45/center.jpg,Colour Diam,Apparel & Accessories > Jewelry,,1,,,,unisex,,,adult,,,,,,,,,AGL,Fine Jewelry
7045,1.28 Ct Fancy Light Yellowish Green I1 GIA Ring | Colour Diam,"**Resplendent  Ct Natural Diamond ring**

Elevate your fine jewelry collection with these magnificent Precious Metal rings. Featuring a  Ct Natural Diamond , surrounded by 62 white diamonds (0.151 Ct) and 13 pear diamonds (0.563 Ct), this heirloom piece radiates warmth and unmatched sophistication.",in stock,new,635406.66 JPY,https://colourdiam.com/productdetail/7045,https://www.colourdiam.com/Product/Jewellery/6961/white45/center.jpg,Colour Diam,Apparel & Accessories > Jewelry,,1,,,,unisex,,,adult,,,,,,,,,GIA,Fine Jewelry
7051_7489_7597,1.02 Ct fancy yellow AGL Ring | Colour Diam,"**Splendid  Ct Natural Diamond Ring**

Elevate your fine jewelry collection with these magnificent 18K rings. Featuring a  Ct Natural Diamond , surrounded by 81 white diamonds (0.796 Ct) and 22 pear diamonds (0.076 Ct), this heirloom piece radiates warmth and unmatched sophistication.",in stock,new,9440327.48 JPY,https://colourdiam.com/productdetail/Menu/7051/7489/7597,https://www.colourdiam.com/Product/Jewellery/6964/white45/center.jpg,Colour Diam,Apparel & Accessories > Jewelry,,1,,,,unisex,,,adult,,,,,,,,,GIA,Fine Jewelry
7057_5137,1.21 Ct Ring | Colour Diam,"**Opulent  Ct Natural Diamond ring**

Elevate your fine jewelry collection with these magnificent Precious Metal rings. Featuring a  Ct Natural Diamond , surrounded by 99 white diamonds (0.356 Ct) and 20 yellow diamonds (0.125 Ct) and 03 pear diamonds (0.128 Ct), this heirloom piece radiates warmth and unmatched sophistication.",in stock,new,1724675.21 JPY,https://colourdiam.com/productdetail/Menu/7057/5137,https://www.colourdiam.com/Product/Jewellery/6967/white45/center.jpg,Colour Diam,Apparel & Accessories > Jewelry,,1,,,,unisex,,,adult,,,,,,,,,AGL,Fine Jewelry
7074,1 Ct Fancy Green VS AGL Ring 5.266 Gram | Colour Diam,"**Splendid  Ct Natural Diamond Ring**

Elevate your fine jewelry collection with these magnificent Precious Metal rings. Featuring a  Ct Natural Diamond , this heirloom piece radiates warmth and unmatched sophistication.",in stock,new,998496.18 JPY,https://colourdiam.com/productdetail/7074,https://www.colourdiam.com/Product/Jewellery/6975/white45/center.jpg,Colour Diam,Apparel & Accessories > Jewelry,,1,,,,unisex,,,adult,,,,,,,,,AGL,Fine Jewelry
7076,0.26 Ct Faint Pink VS1 GIA Ring | Colour Diam,"**Exquisite  Ct Natural Diamond ring**

Elevate your fine jewelry collection with these magnificent Precious Metal rings. Featuring a  Ct Natural Diamond , surrounded by 142 white diamonds (1.004 Ct), this heirloom piece radiates warmth and unmatched sophistication.",in stock,new,1180040.93 JPY,https://colourdiam.com/productdetail/7076,https://www.colourdiam.com/Product/Jewellery/7045/white45/center.jpg,Colour Diam,Apparel & Accessories > Jewelry,,1,,,,unisex,,,adult,,,,,,,,,AGL,Fine Jewelry
7078,6.13 Ct Fancy Light yellow VS2 GIA Ring | Colour Diam,"**Opulent  Ct Natural Diamond ring**

Elevate your fine jewelry collection with these magnificent Precious Metal rings. Featuring a  Ct Natural Diamond , surrounded by 210 white diamonds (1.434 Ct), this heirloom piece radiates warmth and unmatched sophistication.",in stock,new,1089268.56 JPY,https://colourdiam.com/productdetail/7078,https://www.colourdiam.com/Product/Jewellery/7051_7489_7597/white45/center.jpg,Colour Diam,Apparel & Accessories > Jewelry,,1,,,,unisex,,,adult,,,,,,,,,AGL,Fine Jewelry
7081,2.01 Ct Fancy Light Brownish Pink VS AGL Ring | Colour Diam,"**Dazzling  Ct Natural Diamond ring**

Elevate your fine jewelry collection with these magnificent Precious Metal rings. Featuring a  Ct Natural Diamond , this heirloom piece radiates warmth and unmatched sophistication.",in stock,new,1180040.93 JPY,https://colourdiam.com/productdetail/7081,https://www.colourdiam.com/Product/Jewellery/7057_5137/white45/center.jpg,Colour Diam,Apparel & Accessories > Jewelry,,1,,,,unisex,,,adult,,,,,,,,,AGL,Fine Jewelry
7090,1.01 Ct Fancy Green VS1 AGL Ring | Colour Diam,"**Enchanting  Ct Natural Diamond Ring**

Elevate your fine jewelry collection with these magnificent Precious Metal rings. Featuring a  Ct Natural Diamond , surrounded by 60 white diamonds (0.383 Ct), this heirloom piece radiates warmth and unmatched sophistication.",in stock,new,1089268.56 JPY,https://colourdiam.com/productdetail/7090,https://www.colourdiam.com/Product/Jewellery/7074/white45/center.jpg,Colour Diam,Apparel & Accessories > Jewelry,,1,,,,unisex,,,adult,,,,,,,,,AGL,Fine Jewelry
7093_7096_5646,1.02 Ct Fancy Green VS AGL Ring | Colour Diam,"**Opulent  Ct Natural Diamond Ring**

Elevate your fine jewelry collection with these magnificent Precious Metal rings. Featuring a  Ct Natural Diamond , surrounded by 92 white diamonds (0.444 Ct) and 24 pear diamonds (0.589 Ct), this heirloom piece radiates warmth and unmatched sophistication.",in stock,new,2813943.77 JPY,https://colourdiam.com/productdetail/Menu/7093/7096/5646,https://www.colourdiam.com/Product/Jewellery/7076/white45/center.jpg,Colour Diam,Apparel & Accessories > Jewelry,,1,,,,unisex,,,adult,,,,,,,,,AGL,Fine Jewelry
7120,1 Ct Fancy Green Vs AGL Ring | Colour Diam - 1,"**Dazzling  Ct Natural Diamond Ring**

Elevate your fine jewelry collection with these magnificent 18K rings. Featuring a  Ct Natural Diamond , surrounded by 190 white diamonds (1.119 Ct), this heirloom piece radiates warmth and unmatched sophistication.",in stock,new,1270813.31 JPY,https://colourdiam.com/productdetail/7120,https://www.colourdiam.com/Product/Jewellery/7078/white45/center.jpg,Colour Diam,Apparel & Accessories > Jewelry,,1,,,,unisex,,,adult,,,,,,,,,AGL,Fine Jewelry
7169,1 Ct Fancy Green Vs AGL Ring | Colour Diam - 2,"**Enchanting  Ct Natural Diamond Ring**

Elevate your fine jewelry collection with these magnificent 18K rings. Featuring a  Ct Natural Diamond , surrounded by 103 white diamonds (0.955 Ct) and 8 pear diamonds (0.79 Ct), this heirloom piece radiates warmth and unmatched sophistication.",in stock,new,835105.89 JPY,https://colourdiam.com/productdetail/7169,https://www.colourdiam.com/Product/Jewellery/7081/white45/center.jpg,Colour Diam,Apparel & Accessories > Jewelry,,1,,,,unisex,,,adult,,,,,,,,,GIA,Fine Jewelry
7173,1.01 Ct Fancy Green VS AGL Ring | Colour Diam,"**Stunning  Ct Natural Diamond Ring**

Elevate your fine jewelry collection with these magnificent 18K rings. Featuring a  Ct Natural Diamond , surrounded by 36 white diamonds (0.208 Ct) and 5 pear diamonds (0.389 Ct), this heirloom piece radiates warmth and unmatched sophistication.",in stock,new,8532603.68 JPY,https://colourdiam.com/productdetail/7173,https://www.colourdiam.com/Product/Jewellery/7090/white45/center.jpg,Colour Diam,Apparel & Accessories > Jewelry,,1,,,,unisex,,,adult,,,,,,,,,GIA,Fine Jewelry
7230,2 Ct Fancy Green VS AGL Earring | Colour Diam,"**Dazzling  Ct Natural Diamond ring**

Elevate your fine jewelry collection with these magnificent Precious Metal rings. Featuring a  Ct Natural Diamond , this heirloom piece radiates warmth and unmatched sophistication.",in stock,new,4175529.46 JPY,https://colourdiam.com/productdetail/7230,https://www.colourdiam.com/Product/Jewellery/7093_7096_5646/white45/center.jpg,Colour Diam,Apparel & Accessories > Jewelry,,1,,,,unisex,,,adult,,,,,,,,,GIA,Fine Jewelry
7311,1 Ct Fancy Intense Green VVS AGL Earring | Colour Diam,"**Exquisite  Ct Natural Diamond Earring**

Elevate your fine jewelry collection with these magnificent 18K earrings. Featuring a  Ct Natural Diamond , surrounded by 58 white diamonds (0.246 Ct), this heirloom piece radiates warmth and unmatched sophistication.",in stock,new,3903212.32 JPY,https://colourdiam.com/productdetail/7311,https://www.colourdiam.com/Product/Jewellery/7120/white45/center.jpg,Colour Diam,Apparel & Accessories > Jewelry,,1,,,,unisex,,,adult,,,,,,,,,GIA,Fine Jewelry
7312,0.54 Ct Fancy Light Yellow green VS2 GIA Ring | Colour Diam,"**Breathtaking  Ct Natural Diamond Earring**

Elevate your fine jewelry collection with these magnificent Precious Metal earrings. Featuring a  Ct Natural Diamond , surrounded by 293 white diamonds (1.6 Ct), this heirloom piece radiates warmth and unmatched sophistication.",in stock,new,998496.18 JPY,https://colourdiam.com/productdetail/7312,https://www.colourdiam.com/Product/Jewellery/7169/white45/center.jpg,Colour Diam,Apparel & Accessories > Jewelry,,1,,,,unisex,,,adult,,,,,,,,,GIA,Fine Jewelry
7313,2.98 Ct Light pinkish brown SI2 GIA Ring | Colour Diam,"**Radiant  Ct Natural Diamond ring**

Elevate your fine jewelry collection with these magnificent Precious Metal rings. Featuring a  Ct Natural Diamond , surrounded by 48 white diamonds (0.29 Ct), this heirloom piece radiates warmth and unmatched sophistication.",in stock,new,2269309.49 JPY,https://colourdiam.com/productdetail/7313,https://www.colourdiam.com/Product/Jewellery/7173/white45/center.jpg,Colour Diam,Apparel & Accessories > Jewelry,,1,,,,unisex,,,adult,,,,,,,,,GIA,Fine Jewelry
7342,2.01 Ct Faint Pink SI2 GIA Ring | Colour Diam,"**Enchanting  Ct Natural Diamond Ring**

Elevate your fine jewelry collection with these magnificent Precious Metal rings. Featuring a  Ct Natural Diamond , surrounded by 10 white diamonds (0.23 Ct), this heirloom piece radiates warmth and unmatched sophistication.",in stock,new,363089.52 JPY,https://colourdiam.com/productdetail/7342,https://www.colourdiam.com/Product/Jewellery/7230/white45/center.jpg,Colour Diam,Apparel & Accessories > Jewelry,,1,,,,unisex,,,adult,,,,,,,,,,Fine Jewelry
7344,3.01 Ct Fancy Light Brownish Greenish Yellow SI1 GIA Ring | Colour Diam,"**Captivating  Ct Natural Diamond ring**

Elevate your fine jewelry collection with these magnificent Precious Metal rings. Featuring a  Ct Natural Diamond , this heirloom piece radiates warmth and unmatched sophistication.",in stock,new,319518.78 JPY,https://colourdiam.com/productdetail/7344,https://www.colourdiam.com/Product/Jewellery/7311/white45/center.jpg,Colour Diam,Apparel & Accessories > Jewelry,,1,,,,unisex,,,adult,,,,,,,,,,Fine Jewelry
7345,0.35 Ct Faint Pinkish Brown si1 GIA Ring | Colour Diam,"**Exquisite  Ct Natural Diamond ring**

Elevate your fine jewelry collection with these magnificent Precious Metal rings. Featuring a  Ct Natural Diamond , surrounded by 60 white diamonds (0.66 Ct), this heirloom piece radiates warmth and unmatched sophistication.",in stock,new,199699.24 JPY,https://colourdiam.com/productdetail/7345,https://www.colourdiam.com/Product/Jewellery/7312/white45/center.jpg,Colour Diam,Apparel & Accessories > Jewelry,,1,,,,unisex,,,adult,,,,,,,,,,Fine Jewelry
7346,2.01 Ct Fancy Light Brownish Greenish Yellow VS2 GIA Ring | Colour Diam,"**Magnificent  Ct Natural Diamond ring**

Elevate your fine jewelry collection with these magnificent Precious Metal rings. Featuring a  Ct Natural Diamond , this heirloom piece radiates warmth and unmatched sophistication.",in stock,new,192437.44 JPY,https://colourdiam.com/productdetail/7346,https://www.colourdiam.com/Product/Jewellery/7313/white45/center.jpg,Colour Diam,Apparel & Accessories > Jewelry,,1,,,,unisex,,,adult,,,,,,,,,,Fine Jewelry
7347,4.55 Ct Ruby Ring | Colour Diam,"**Dazzling  Ct Natural Diamond ring**

Elevate your fine jewelry collection with these magnificent Precious Metal rings. Featuring a  Ct Natural Diamond , this heirloom piece radiates warmth and unmatched sophistication.",in stock,new,174282.97 JPY,https://colourdiam.com/productdetail/7347,https://www.colourdiam.com/Product/Jewellery/7342/white45/center.jpg,Colour Diam,Apparel & Accessories > Jewelry,,1,,,,unisex,,,adult,,,,,,,,,,Fine Jewelry
7348,4.49 Ct Ruby Ring | Colour Diam,"**Stunning  Ct Natural Diamond ring**

Elevate your fine jewelry collection with these magnificent 18K rings. Featuring a  Ct Natural Diamond , surrounded by 32 white diamonds (0.16 Ct), this heirloom piece radiates warmth and unmatched sophistication.",in stock,new,147958.98 JPY,https://colourdiam.com/productdetail/7348,https://www.colourdiam.com/Product/Jewellery/7344/white45/center.jpg,Colour Diam,Apparel & Accessories > Jewelry,,1,,,,unisex,,,adult,,,,,,,,,,Fine Jewelry
7349,5.03 Ct Ruby Ring | Colour Diam,"**Exquisite  Ct Natural Diamond ring**

Elevate your fine jewelry collection with these magnificent 18K rings. Featuring a  Ct Natural Diamond , surrounded by 32 white diamonds (0.16 Ct), this heirloom piece radiates warmth and unmatched sophistication.",in stock,new,163390.28 JPY,https://colourdiam.com/productdetail/7349,https://www.colourdiam.com/Product/Jewellery/7345/white45/center.jpg,Colour Diam,Apparel & Accessories > Jewelry,,1,,,,unisex,,,adult,,,,,,,,,,Fine Jewelry
7350,0.81 Ct sapphire Ring | Colour Diam,"**Resplendent  Ct Natural Diamond ring**

Elevate your fine jewelry collection with these magnificent 18K rings. Featuring a  Ct Natural Diamond , surrounded by 32 white diamonds (0.13 Ct), this heirloom piece radiates warmth and unmatched sophistication.",in stock,new,199699.24 JPY,https://colourdiam.com/productdetail/7350,https://www.colourdiam.com/Product/Jewellery/7346/white45/center.jpg,Colour Diam,Apparel & Accessories > Jewelry,,1,,,,unisex,,,adult,,,,,,,,,,Fine Jewelry
7351,0.8 Ct sapphire Ring | Colour Diam,"**Sumptuous  Ct Natural Diamond ring**

Elevate your fine jewelry collection with these magnificent 18K rings. Featuring a  Ct Natural Diamond , surrounded by 20 white diamonds (0.10 Ct), this heirloom piece radiates warmth and unmatched sophistication.",in stock,new,196068.34 JPY,https://colourdiam.com/productdetail/7351,https://www.colourdiam.com/Product/Jewellery/7347/white45/center.jpg,Colour Diam,Apparel & Accessories > Jewelry,,1,,,,unisex,,,adult,,,,,,,,,,Fine Jewelry
7370,0.78 Ct sapphire Ring | Colour Diam,"**Radiant  Ct Natural Diamond ring**

Elevate your fine jewelry collection with these magnificent 18K rings. Featuring a  Ct Natural Diamond , surrounded by 20 white diamonds (0.09 Ct), this heirloom piece radiates warmth and unmatched sophistication.",in stock,new,6898700.85 JPY,https://colourdiam.com/productdetail/7370,https://www.colourdiam.com/Product/Jewellery/7348/white45/center.jpg,Colour Diam,Apparel & Accessories > Jewelry,,1,,,,unisex,,,adult,,,,,,,,,GIA,Fine Jewelry
7466,0.94 Ct sapphire Ring 4.03 Gram | Colour Diam,"**Stunning  Ct Natural Diamond ring**

Elevate your fine jewelry collection with these magnificent 18K rings. Featuring a  Ct Natural Diamond , surrounded by 18 white diamonds (0.09 Ct), this heirloom piece radiates warmth and unmatched sophistication.",in stock,new,1180040.93 JPY,https://colourdiam.com/productdetail/7466,https://www.colourdiam.com/Product/Jewellery/7349/white45/center.jpg,Colour Diam,Apparel & Accessories > Jewelry,,1,,,,unisex,,,adult,,,,,,,,,GIA,Fine Jewelry
7477,0.97 Ct sapphire Ring | Colour Diam,"**Captivating  Ct Natural Diamond ring**

Elevate your fine jewelry collection with these magnificent 18K rings. Featuring a  Ct Natural Diamond , surrounded by 20 white diamonds (0.09 Ct), this heirloom piece radiates warmth and unmatched sophistication.",in stock,new,1797293.12 JPY,https://colourdiam.com/productdetail/7477,https://www.colourdiam.com/Product/Jewellery/7350/white45/center.jpg,Colour Diam,Apparel & Accessories > Jewelry,,1,,,,unisex,,,adult,,,,,,,,,AGL,Fine Jewelry
7491,0.93 Ct sapphire Ring | Colour Diam,"**Breathtaking  Ct Natural Diamond ring**

Elevate your fine jewelry collection with these magnificent 18K rings. Featuring a  Ct Natural Diamond , surrounded by 18 white diamonds (0.09 Ct), this heirloom piece radiates warmth and unmatched sophistication.",in stock,new,217853.71 JPY,https://colourdiam.com/productdetail/7491,https://www.colourdiam.com/Product/Jewellery/7351/white45/center.jpg,Colour Diam,Apparel & Accessories > Jewelry,,1,,,,unisex,,,adult,,,,,,,,,NON CERTIFIED,Fine Jewelry
7492,4.01 Ct Fancy Brownish Greenish Yellow SI1 GIA Ring | Colour Diam,"**Captivating  Ct Natural Diamond ring**

Elevate your fine jewelry collection with these magnificent 18K rings. Featuring a  Ct Natural Diamond , surrounded by 20 white diamonds (0.08 Ct), this heirloom piece radiates warmth and unmatched sophistication.",in stock,new,145235.81 JPY,https://colourdiam.com/productdetail/7492,https://www.colourdiam.com/Product/Jewellery/7370/white45/center.jpg,Colour Diam,Apparel & Accessories > Jewelry,,1,,,,unisex,Round Diamonds - 16 pcs - 0.46 cts,,adult,,,,,,,,,NON CERTIFIED,Fine Jewelry
7513,0.81 Ct Very Light Yellow Green SI2 GIA Ring | Colour Diam,"**Resplendent  Ct Natural Diamond RING**

Elevate your fine jewelry collection with these magnificent Precious Metal rings. Featuring a  Ct Natural Diamond , surrounded by 16 white diamonds (0.25 Ct) and 8 pear diamonds (0.83 Ct), this heirloom piece radiates warmth and unmatched sophistication.",in stock,new,118004.09 JPY,https://colourdiam.com/productdetail/7513,https://www.colourdiam.com/Product/Jewellery/7466/white45/center.jpg,Colour Diam,Apparel & Accessories > Jewelry,,1,,,,unisex,F to G,,adult,,,,,,,,,NON CERTIFIED,Fine Jewelry
7517,2 Ct Fancy Green VS AGL Ring | Colour Diam,"**Radiant  Ct Natural Diamond Ring**

Elevate your fine jewelry collection with these magnificent Precious Metal rings. Featuring a  Ct Natural Diamond , surrounded by 36 white diamonds (0.22 Ct), this heirloom piece radiates warmth and unmatched sophistication.",in stock,new,99849.62 JPY,https://colourdiam.com/productdetail/7517,https://www.colourdiam.com/Product/Jewellery/7477/white45/center.jpg,Colour Diam,Apparel & Accessories > Jewelry,,1,,,,unisex,F To G,,adult,,,,,,,,,NON CERTIFIED,Fine Jewelry
7569,Ct Natural Diamond Ring in 18K | GIA Certified,"**Radiant  Ct Natural Diamond Ring**

Elevate your fine jewelry collection with these magnificent 18K rings. Featuring a  Ct Natural Diamond , surrounded by 47 white diamonds (0.35 Ct), this heirloom piece radiates warmth and unmatched sophistication.",in stock,new,1270813.31 JPY,https://colourdiam.com/productdetail/7569,https://www.colourdiam.com/Product/Jewellery/7491/white45/center.jpg,Colour Diam,Apparel & Accessories > Jewelry,,1,,,,unisex,,,adult,,,,,,,,,AGL,Fine Jewelry
7539,0.46 Ct Ring | Colour Diam,"**Breathtaking  Ct Natural Diamond Ring**

Elevate your fine jewelry collection with these magnificent Precious Metal rings. Featuring a  Ct Natural Diamond , this heirloom piece radiates warmth and unmatched sophistication.",in stock,new,4175529.46 JPY,https://colourdiam.com/productdetail/7539,https://www.colourdiam.com/Product/Jewellery/7492/white45/center.jpg,Colour Diam,Apparel & Accessories > Jewelry,,1,,,,unisex,,,adult,,,,,,,,,AGL,Fine Jewelry
7540,Ct Natural Diamond Ring in Precious Metal | GIA Certified,"**Captivating  Ct Natural Diamond Ring**

Elevate your fine jewelry collection with these magnificent Precious Metal rings. Featuring a  Ct Natural Diamond , this heirloom piece radiates warmth and unmatched sophistication.",in stock,new,163390.28 JPY,https://colourdiam.com/productdetail/7540,https://www.colourdiam.com/Product/Jewellery/7513/white45/center.jpg,Colour Diam,Apparel & Accessories > Jewelry,,1,,,,unisex,,,adult,,,,,,,,,NON CERTIFIED,Fine Jewelry
7583,0.44 Ct Ring | Colour Diam,"**Magnificent  Ct Natural Diamond ring**

Elevate your fine jewelry collection with these magnificent Precious Metal rings. Featuring a  Ct Natural Diamond , this heirloom piece radiates warmth and unmatched sophistication.",in stock,new,4810936.12 JPY,https://colourdiam.com/productdetail/7583,https://www.colourdiam.com/Product/Jewellery/7517/white45/center.jpg,Colour Diam,Apparel & Accessories > Jewelry,,1,,,,unisex,,,adult,,,,,,,,,GIA,Fine Jewelry
7592,1.2 Ct Fancy Pink VS AGL Ring | Colour Diam,"**Enchanting 0.44 Ct Natural Diamond Ring**

Elevate your fine jewelry collection with these magnificent 18K rings. Featuring a  Ct Natural Diamond , this heirloom piece radiates warmth and unmatched sophistication.",in stock,new,272317.14 JPY,https://colourdiam.com/productdetail/7592,https://www.colourdiam.com/Product/Jewellery/7569/white45/center.jpg,Colour Diam,Apparel & Accessories > Jewelry,,1,,,,unisex,,,adult,,,,,,,,,NON CERTIFIED,Fine Jewelry
6365_6369,3 Ct Fancy Green VVS AGL Ring | Colour Diam,"**Captivating  Ct Natural Diamond Ring**

Elevate your fine jewelry collection with these magnificent Precious Metal rings. Featuring a  Ct Natural Diamond , surrounded by 10 white diamonds (0.19 Ct) and 20 pink diamonds (0.15 Ct), this heirloom piece radiates warmth and unmatched sophistication.",in stock,new,1633902.83 JPY,https://colourdiam.com/productdetail/Menu/6365/6369,https://www.colourdiam.com/Product/Jewellery/7539/white45/center.jpg,Colour Diam,Apparel & Accessories > Jewelry,,1,,,,unisex,,,adult,,,,,,,,,NON CERTIFIED,Fine Jewelry
6405_6406,1.11 Ct sapphire Ring | Colour Diam,"**Dazzling  Ct Natural Diamond ring**

Elevate your fine jewelry collection with these magnificent Precious Metal rings. Featuring a  Ct Natural Diamond , this heirloom piece radiates warmth and unmatched sophistication.",in stock,new,1070387.9 JPY,https://colourdiam.com/productdetail/Menu/6405/6406,https://www.colourdiam.com/Product/Jewellery/7540/white45/center.jpg,Colour Diam,Apparel & Accessories > Jewelry,,1,,,,unisex,,,adult,,,,,,,,,NON CERTIFIED,Fine Jewelry
6413_6412,3.03 Ct Fancy Brownish Greenish Yellow VS1 GIA Ring | Colour Diam,"**Captivating  Ct Natural Diamond ring**

Elevate your fine jewelry collection with these magnificent 18K rings. Featuring a  Ct Natural Diamond , surrounded by 12 white diamonds (0.39 Ct), this heirloom piece radiates warmth and unmatched sophistication.",in stock,new,217853.71 JPY,https://colourdiam.com/productdetail/Menu/6413/6412,https://www.colourdiam.com/Product/Jewellery/7583/white45/center.jpg,Colour Diam,Apparel & Accessories > Jewelry,,1,,,,unisex,,,adult,,,,,,,,,NON CERTIFIED,Fine Jewelry
6362_6363,0.66 Ct Ring | Colour Diam,"**Splendid  Ct Natural Diamond Ring**

Elevate your fine jewelry collection with these magnificent Precious Metal rings. Featuring a  Ct Natural Diamond , surrounded by 159 white diamonds (0.929 Ct), this heirloom piece radiates warmth and unmatched sophistication.",in stock,new,1180040.93 JPY,https://colourdiam.com/productdetail/Menu/6362/6363,https://www.colourdiam.com/Product/Jewellery/7592/white45/center.jpg,Colour Diam,Apparel & Accessories > Jewelry,,1,,,,unisex,,,adult,,,,,,,,,NON CERTIFIED,Fine Jewelry
7616,3.8 Ct k-Earring : 4.40 gram Earring | Colour Diam,"**Stunning  Ct Natural Diamond Ring**

Elevate your fine jewelry collection with these magnificent Precious Metal rings. Featuring a  Ct Natural Diamond , this heirloom piece radiates warmth and unmatched sophistication.",in stock,new,2269309.49 JPY,https://colourdiam.com/productdetail/7616,https://www.colourdiam.com/Product/Jewellery/                6368_6367 /white45/center.jpg,Colour Diam,Apparel & Accessories > Jewelry,,1,,,,unisex,,,adult,,,,,,,,,GIA,Fine Jewelry
7629,4 Ct k-Earring : 4.05 gram Earring | Colour Diam,"**Resplendent 3.80 Ct Natural Diamond Earring**

Elevate your fine jewelry collection with these magnificent 18k earrings. Featuring a  Ct Natural Diamond , this heirloom piece radiates warmth and unmatched sophistication.",in stock,new,251439.49 JPY,https://colourdiam.com/productdetail/7629,https://www.colourdiam.com/Product/Jewellery/6365_6369/white45/center.jpg,Colour Diam,Apparel & Accessories > Jewelry,,1,,,,unisex,,,adult,,,,,,,,,NON CERTIFIED,Fine Jewelry
7654,2.13 Ct k-Earring : 4.05 gram Earring | Colour Diam,"**Sumptuous 4.00 Ct Natural Diamond Earring**

Elevate your fine jewelry collection with these magnificent 18k earrings. Featuring a  Ct Natural Diamond , this heirloom piece radiates warmth and unmatched sophistication.",in stock,new,1815447.59 JPY,https://colourdiam.com/productdetail/7654,"https://www.colourdiam.com/Product/Jewellery/         
                                   
                  6405_6406 /white45/center.jpg",Colour Diam,Apparel & Accessories > Jewelry,,1,,,,unisex,,,adult,,,,,,,,,GIA,Fine Jewelry
7689,0.65 Ct k-Earring : 1.52 gram Earring | Colour Diam,"**Magnificent 2.13 Ct Natural Diamond Earring**

Elevate your fine jewelry collection with these magnificent 18k earrings. Featuring a  Ct Natural Diamond , this heirloom piece radiates warmth and unmatched sophistication.",in stock,new,90772.38 JPY,https://colourdiam.com/productdetail/7689,https://www.colourdiam.com/Product/Jewellery/6413_6412/white45/center.jpg,Colour Diam,Apparel & Accessories > Jewelry,,1,,,,unisex,,,adult,,,,,,,,,NON CERTIFIED,Fine Jewelry
7692,0.27 Ct k-Earring : 3.69 gram Earring | Colour Diam,"**Splendid 0.65 Ct Natural Diamond Earring**

Elevate your fine jewelry collection with these magnificent 18k earrings. Featuring a  Ct Natural Diamond , this heirloom piece radiates warmth and unmatched sophistication.",in stock,new,72617.9 JPY,https://colourdiam.com/productdetail/7692,https://www.colourdiam.com/Product/Jewellery/    6362_6363          /white45/center.jpg,Colour Diam,Apparel & Accessories > Jewelry,,1,,,,unisex,,,adult,,,,,,,,,NON CERTIFIED,Fine Jewelry
7729,2.01 Ct Fancy Light Greenish Yellow VS2 GIA Ring | Colour Diam,"**Dazzling 0.27 Ct Natural Diamond Earring**

Elevate your fine jewelry collection with these magnificent 18k earrings. Featuring a  Ct Natural Diamond , this heirloom piece radiates warmth and unmatched sophistication.",in stock,new,72617.9 JPY,https://colourdiam.com/productdetail/7729,https://www.colourdiam.com/Product/Jewellery/7616/white45/center.jpg,Colour Diam,Apparel & Accessories > Jewelry,,1,,,,unisex,,,adult,,,,,,,,,NON CERTIFIED,Fine Jewelry
7730,0.34 Ct k Ring | Colour Diam,"**Radiant  Ct Natural Diamond Ring**

Elevate your fine jewelry collection with these magnificent 18k rings. Featuring a  Ct Natural Diamond , surrounded by 28 white diamonds (0.908 Ct) and 08 pear diamonds (1.13 Ct), this heirloom piece radiates warmth and unmatched sophistication.",in stock,new,72617.9 JPY,https://colourdiam.com/productdetail/7730,https://www.colourdiam.com/Product/Jewellery/7629/white45/center.jpg,Colour Diam,Apparel & Accessories > Jewelry,,1,,,,unisex,,,adult,,,,,,,,,NON CERTIFIED,Fine Jewelry
7731,2 Ct Fancy Light Brownish Greenish yellow Si2 GIA Ring | Colour Diam,"**Exquisite  Ct Natural Diamond ring**

Elevate your fine jewelry collection with these magnificent Precious Metal rings. Featuring a  Ct Natural Diamond , this heirloom piece radiates warmth and unmatched sophistication.",in stock,new,72617.9 JPY,https://colourdiam.com/productdetail/7731,https://www.colourdiam.com/Product/Jewellery/7654/white45/center.jpg,Colour Diam,Apparel & Accessories > Jewelry,,1,,,,unisex,,,adult,,,,,,,,,NON CERTIFIED,Fine Jewelry
7732,3.19 Ct fancy light yellow VS2 GIA Ring | Colour Diam,"**Sumptuous  Ct Natural Diamond Ring**

Elevate your fine jewelry collection with these magnificent 18k rings. Featuring a  Ct Natural Diamond , surrounded by 93 white diamonds (0.533 Ct) and 15 pear diamonds (2.99 Ct), this heirloom piece radiates warmth and unmatched sophistication.",in stock,new,72617.9 JPY,https://colourdiam.com/productdetail/7732,"https://www.colourdiam.com/Product/Jewellery/7671_7887_7837
/white45/center.jpg",Colour Diam,Apparel & Accessories > Jewelry,,1,,,,unisex,,,adult,,,,,,,,,NON CERTIFIED,Fine Jewelry
7733,0.45 Ct Ring 2.124 Gram | Colour Diam,"**Opulent  Ct Natural Diamond RING**

Elevate your fine jewelry collection with these magnificent Precious Metal rings. Featuring a  Ct Natural Diamond , this heirloom piece radiates warmth and unmatched sophistication.",in stock,new,72617.9 JPY,https://colourdiam.com/productdetail/7733,https://www.colourdiam.com/Product/Jewellery/7689/white45/center.jpg,Colour Diam,Apparel & Accessories > Jewelry,,1,,,,unisex,,,adult,,,,,,,,,NON CERTIFIED,Fine Jewelry
7734,0.2 Ct G-H SI Ring | Colour Diam,"**Enchanting 0.45 Ct Natural Diamond Ring**

Elevate your fine jewelry collection with these magnificent 18k rings. Featuring a  Ct Natural Diamond , this heirloom piece radiates warmth and unmatched sophistication.",in stock,new,81695.14 JPY,https://colourdiam.com/productdetail/7734,https://www.colourdiam.com/Product/Jewellery/7691/white45/center.jpg,Colour Diam,Apparel & Accessories > Jewelry,,1,,,,unisex,,,adult,,,,,,,,,NON CERTIFIED,Fine Jewelry
7735,0.4 Ct G-H SI Ring 1.40 Gram | Colour Diam,"**Splendid  Ct Natural Diamond Ring**

Elevate your fine jewelry collection with these magnificent 18k rings. Featuring a  Ct Natural Diamond , this heirloom piece radiates warmth and unmatched sophistication.",in stock,new,81695.14 JPY,https://colourdiam.com/productdetail/7735,https://www.colourdiam.com/Product/Jewellery/7692/white45/center.jpg,Colour Diam,Apparel & Accessories > Jewelry,,1,,,,unisex,,,adult,,,,,,,,,NON CERTIFIED,Fine Jewelry
7737,0.4 Ct G-H SI Ring | Colour Diam - 1,"**Splendid  Ct Natural Diamond Ring**

Elevate your fine jewelry collection with these magnificent Precious Metal rings. Featuring a  Ct Natural Diamond , this heirloom piece radiates warmth and unmatched sophistication.",in stock,new,81695.14 JPY,https://colourdiam.com/productdetail/7737,https://www.colourdiam.com/Product/Jewellery/7729/white45/center.jpg,Colour Diam,Apparel & Accessories > Jewelry,,1,,,,unisex,,,adult,,,,,,,,,NON CERTIFIED,Fine Jewelry
7738,0.4 Ct G-H SI Ring | Colour Diam - 2,"**Opulent  Ct Natural Diamond Ring**

Elevate your fine jewelry collection with these magnificent Precious Metal rings. Featuring a  Ct Natural Diamond , this heirloom piece radiates warmth and unmatched sophistication.",in stock,new,81695.14 JPY,https://colourdiam.com/productdetail/7738,https://www.colourdiam.com/Product/Jewellery/7730/white45/center.jpg,Colour Diam,Apparel & Accessories > Jewelry,,1,,,,unisex,,,adult,,,,,,,,,NON CERTIFIED,Fine Jewelry
7739,0.4 Ct G-H SI Ring | Colour Diam - 3,"**Magnificent  Ct Natural Diamond Ring**

Elevate your fine jewelry collection with these magnificent Precious Metal rings. Featuring a  Ct Natural Diamond , this heirloom piece radiates warmth and unmatched sophistication.",in stock,new,81695.14 JPY,https://colourdiam.com/productdetail/7739,https://www.colourdiam.com/Product/Jewellery/7731/white45/center.jpg,Colour Diam,Apparel & Accessories > Jewelry,,1,,,,unisex,,,adult,,,,,,,,,NON CERTIFIED,Fine Jewelry
7740,0.4 Ct G-H SI Ring | Colour Diam - 4,"**Sumptuous  Ct Natural Diamond Ring**

Elevate your fine jewelry collection with these magnificent Precious Metal rings. Featuring a  Ct Natural Diamond , this heirloom piece radiates warmth and unmatched sophistication.",in stock,new,81695.14 JPY,https://colourdiam.com/productdetail/7740,https://www.colourdiam.com/Product/Jewellery/7732/white45/center.jpg,Colour Diam,Apparel & Accessories > Jewelry,,1,,,,unisex,,,adult,,,,,,,,,NON CERTIFIED,Fine Jewelry
7741,0.4 Ct G-H SI Ring | Colour Diam,"**Magnificent  Ct Natural Diamond Ring**

Elevate your fine jewelry collection with these magnificent Precious Metal rings. Featuring a  Ct Natural Diamond , this heirloom piece radiates warmth and unmatched sophistication.",in stock,new,81695.14 JPY,https://colourdiam.com/productdetail/7741,https://www.colourdiam.com/Product/Jewellery/7733/white45/center.jpg,Colour Diam,Apparel & Accessories > Jewelry,,1,,,,unisex,,,adult,,,,,,,,,NON CERTIFIED,Fine Jewelry
7742,0.45 Ct Ring | Colour Diam,"**Sumptuous  Ct Natural Diamond Ring**

Elevate your fine jewelry collection with these magnificent Precious Metal rings. Featuring a  Ct Natural Diamond , this heirloom piece radiates warmth and unmatched sophistication.",in stock,new,81695.14 JPY,https://colourdiam.com/productdetail/7742,https://www.colourdiam.com/Product/Jewellery/7734/white45/center.jpg,Colour Diam,Apparel & Accessories > Jewelry,,1,,,,unisex,,,adult,,,,,,,,,NON CERTIFIED,Fine Jewelry
7768,0.45 Ct Natural Diamond Ring in 18k | GIA Certified 2.124 Gram,"**Stunning 0.45 Ct Natural Diamond Ring**

Elevate your fine jewelry collection with these magnificent 18k rings. Featuring a  Ct Natural Diamond , this heirloom piece radiates warmth and unmatched sophistication.",in stock,new,2813943.77 JPY,https://colourdiam.com/productdetail/7768,https://www.colourdiam.com/Product/Jewellery/7735/white45/center.jpg,Colour Diam,Apparel & Accessories > Jewelry,,1,,,,unisex,,,adult,,,,,,,,,,Fine Jewelry
7772,0.45 Ct Natural Diamond Ring in 18k | GIA Certified - 1,"**Enchanting 0.45 Ct Natural Diamond Ring**

Elevate your fine jewelry collection with these magnificent 18k rings. Featuring a  Ct Natural Diamond , this heirloom piece radiates warmth and unmatched sophistication.",in stock,new,1452358.07 JPY,https://colourdiam.com/productdetail/7772,https://www.colourdiam.com/Product/Jewellery/7737/white45/center.jpg,Colour Diam,Apparel & Accessories > Jewelry,,1,,,,unisex,,,adult,,,,,,,,,GIA,Fine Jewelry
7778,0.45 Ct Natural Diamond Ring in 18k | GIA Certified - 2,"**Radiant 0.45 Ct Natural Diamond Ring**

Elevate your fine jewelry collection with these magnificent 18k rings. Featuring a  Ct Natural Diamond , this heirloom piece radiates warmth and unmatched sophistication.",in stock,new,6354066.57 JPY,https://colourdiam.com/productdetail/7778,https://www.colourdiam.com/Product/Jewellery/7738/white45/center.jpg,Colour Diam,Apparel & Accessories > Jewelry,,1,,,,unisex,,,adult,,,,,,,,,AGL,Fine Jewelry
7880,0.45 Ct Natural Diamond Ring in 18k | GIA Certified - 3,"**Enchanting 0.45 Ct Natural Diamond Ring**

Elevate your fine jewelry collection with these magnificent 18k rings. Featuring a  Ct Natural Diamond , this heirloom piece radiates warmth and unmatched sophistication.",in stock,new,290471.61 JPY,https://colourdiam.com/productdetail/7880,https://www.colourdiam.com/Product/Jewellery/7739/white45/center.jpg,Colour Diam,Apparel & Accessories > Jewelry,,1,,,,unisex,,,adult,,,,,,,,,AGL,Fine Jewelry
7881,0.45 Ct Natural Diamond Ring in 18k | GIA Certified - 4,"**Radiant 0.45 Ct Natural Diamond Ring**

Elevate your fine jewelry collection with these magnificent 18k rings. Featuring a  Ct Natural Diamond , this heirloom piece radiates warmth and unmatched sophistication.",in stock,new,326780.57 JPY,https://colourdiam.com/productdetail/7881,https://www.colourdiam.com/Product/Jewellery/7740/white45/center.jpg,Colour Diam,Apparel & Accessories > Jewelry,,1,,,,unisex,,,adult,,,,,,,,,AGL,Fine Jewelry
7882,0.45 Ct Natural Diamond Ring in 18k | GIA Certified - 5,"**Dazzling 0.45 Ct Natural Diamond Ring**

Elevate your fine jewelry collection with these magnificent 18k rings. Featuring a  Ct Natural Diamond , this heirloom piece radiates warmth and unmatched sophistication.",in stock,new,272317.14 JPY,https://colourdiam.com/productdetail/7882,https://www.colourdiam.com/Product/Jewellery/7741/white45/center.jpg,Colour Diam,Apparel & Accessories > Jewelry,,1,,,,unisex,,,adult,,,,,,,,,AGL,Fine Jewelry
7883,0.45 Ct Natural Diamond Ring in 18k | GIA Certified - 6,"**Sumptuous 0.45 Ct Natural Diamond Ring**

Elevate your fine jewelry collection with these magnificent 18k rings. Featuring a  Ct Natural Diamond , this heirloom piece radiates warmth and unmatched sophistication.",in stock,new,272317.14 JPY,https://colourdiam.com/productdetail/7883,https://www.colourdiam.com/Product/Jewellery/7742/white45/center.jpg,Colour Diam,Apparel & Accessories > Jewelry,,1,,,,unisex,,,adult,,,,,,,,,AGL,Fine Jewelry
7884_7885,0.45 Ct Natural Diamond Ring in 18k | GIA Certified,"**Stunning 0.45 Ct Natural Diamond Ring**

Elevate your fine jewelry collection with these magnificent 18k rings. Featuring a  Ct Natural Diamond , this heirloom piece radiates warmth and unmatched sophistication.",in stock,new,363089.52 JPY,https://colourdiam.com/productdetail/Menu/7884/7885,https://www.colourdiam.com/Product/Jewellery/7768/white45/center.jpg,Colour Diam,Apparel & Accessories > Jewelry,,1,,,,unisex,,,adult,,,,,,,,,AGL,Fine Jewelry
7891,1.58 Ct Light Greenish Yellow VS2 GIA Ring | Colour Diam,"**Magnificent 3.308 Ct Natural Diamond necklace**

Elevate your fine jewelry collection with these magnificent Precious Metal necklaces. Featuring a  Ct Natural Diamond , this heirloom piece radiates warmth and unmatched sophistication.",in stock,new,408475.71 JPY,https://colourdiam.com/productdetail/7891,https://www.colourdiam.com/Product/Jewellery/7772/white45/center.jpg,Colour Diam,Apparel & Accessories > Jewelry,,1,,,,unisex,,,adult,,,,,,,,,,Fine Jewelry
7915,9.898 Ct Fancy Pink VS AGL Necklace | Colour Diam,"**Resplendent  Ct Natural Diamond Ring**

Elevate your fine jewelry collection with these magnificent Precious Metal rings. Featuring a  Ct Natural Diamond , surrounded by 170 white diamonds (0.557 Ct), this heirloom piece radiates warmth and unmatched sophistication.",in stock,new,199699.24 JPY,https://colourdiam.com/productdetail/7915,https://www.colourdiam.com/Product/Jewellery/7778/white45/center.jpg,Colour Diam,Apparel & Accessories > Jewelry,,1,,,,unisex,,,adult,,,,,,,,,AGL,Fine Jewelry
7916,0.269 Ct AGL Ring | Colour Diam,"**Captivating  Ct Natural Diamond necklace**

Elevate your fine jewelry collection with these magnificent Precious Metal necklaces. Featuring a  Ct Natural Diamond , surrounded by 1012 white diamonds (5.42 Ct), this heirloom piece radiates warmth and unmatched sophistication.",in stock,new,254162.66 JPY,https://colourdiam.com/productdetail/7916,https://www.colourdiam.com/Product/Jewellery/7880/white45/center.jpg,Colour Diam,Apparel & Accessories > Jewelry,,1,,,,unisex,,,adult,,,,,,,,,AGL,Fine Jewelry
7919,0.435 Ct AGL Ring | Colour Diam,"**Enchanting  Ct Natural Diamond ring**

Elevate your fine jewelry collection with these magnificent Precious Metal rings. Featuring a  Ct Natural Diamond , surrounded by 36 white diamonds (0.269 Ct) and 14 yellow diamonds (0.08 Ct), this heirloom piece radiates warmth and unmatched sophistication.",in stock,new,217853.71 JPY,https://colourdiam.com/productdetail/7919,https://www.colourdiam.com/Product/Jewellery/7881/white45/center.jpg,Colour Diam,Apparel & Accessories > Jewelry,,1,,,,unisex,,,adult,,,,,,,,,AGL,Fine Jewelry
7920,0.168 Ct AGL Ring | Colour Diam,"**Splendid  Ct Natural Diamond ring**

Elevate your fine jewelry collection with these magnificent Precious Metal rings. Featuring a  Ct Natural Diamond , surrounded by 33 white diamonds (0.201 Ct), this heirloom piece radiates warmth and unmatched sophistication.",in stock,new,145235.81 JPY,https://colourdiam.com/productdetail/7920,https://www.colourdiam.com/Product/Jewellery/7882/white45/center.jpg,Colour Diam,Apparel & Accessories > Jewelry,,1,,,,unisex,,,adult,,,,,,,,,AGL,Fine Jewelry
7921,0.12 Ct AGL Ring | Colour Diam,"**Stunning  Ct Natural Diamond ring**

Elevate your fine jewelry collection with these magnificent Precious Metal rings. Featuring a  Ct Natural Diamond , surrounded by 32 white diamonds (0.194 Ct), this heirloom piece radiates warmth and unmatched sophistication.",in stock,new,181544.76 JPY,https://colourdiam.com/productdetail/7921,https://www.colourdiam.com/Product/Jewellery/7883/white45/center.jpg,Colour Diam,Apparel & Accessories > Jewelry,,1,,,,unisex,,,adult,,,,,,,,,AGL,Fine Jewelry
7922,0.508 Ct AGL Ring | Colour Diam,"**Magnificent  Ct Natural Diamond ring**

Elevate your fine jewelry collection with these magnificent Precious Metal rings. Featuring a  Ct Natural Diamond , surrounded by 38 white diamonds (0.296 Ct) and 14 yellow diamonds (0.78 Ct), this heirloom piece radiates warmth and unmatched sophistication.",in stock,new,217853.71 JPY,https://colourdiam.com/productdetail/7922,https://www.colourdiam.com/Product/Jewellery/7884_7885/white45/center.jpg,Colour Diam,Apparel & Accessories > Jewelry,,1,,,,unisex,,,adult,,,,,,,,,AGL,Fine Jewelry
7923,11.22 Ct Bracelet | Colour Diam,"**Exquisite  Ct Natural Diamond ring**

Elevate your fine jewelry collection with these magnificent Precious Metal rings. Featuring a  Ct Natural Diamond , surrounded by 24 white diamonds (0.164 Ct), this heirloom piece radiates warmth and unmatched sophistication.",in stock,new,217853.71 JPY,https://colourdiam.com/productdetail/7923,https://www.colourdiam.com/Product/Jewellery/7891/white45/center.jpg,Colour Diam,Apparel & Accessories > Jewelry,,1,,,,unisex,,,adult,,,,,,,,,AGL,Fine Jewelry
7924,0.11 Ct Fancy Yellow VS AGL Ring | Colour Diam,"**Dazzling  Ct Natural Diamond Bracelet**

Elevate your fine jewelry collection with these magnificent 9K bracelets. Featuring a  Ct Natural Diamond , this heirloom piece radiates warmth and unmatched sophistication.",in stock,new,154313.05 JPY,https://colourdiam.com/productdetail/7924,https://www.colourdiam.com/Product/Jewellery/7915/white45/center.jpg,Colour Diam,Apparel & Accessories > Jewelry,,1,,,,unisex,,,adult,,,,,,,,,AGL,Fine Jewelry
7925,0.098 Ct Fancy yellow VS AGL Ring 4.28 Gram | Colour Diam,"**Breathtaking  Ct Natural Diamond ring**

Elevate your fine jewelry collection with these magnificent Precious Metal rings. Featuring a  Ct Natural Diamond , surrounded by 42 white diamonds (0.402 Ct), this heirloom piece radiates warmth and unmatched sophistication.",in stock,new,217853.71 JPY,https://colourdiam.com/productdetail/7925,https://www.colourdiam.com/Product/Jewellery/7916/white45/center.jpg,Colour Diam,Apparel & Accessories > Jewelry,,1,,,,unisex,,,adult,,,,,,,,,AGL,Fine Jewelry
7926,0.113 Ct Fancy intense yellow VS AGL Ring | Colour Diam,"**Exquisite  Ct Natural Diamond ring**

Elevate your fine jewelry collection with these magnificent Precious Metal rings. Featuring a  Ct Natural Diamond , surrounded by 86 white diamonds (0.51 Ct) and 11 yellow diamonds (0.064 Ct), this heirloom piece radiates warmth and unmatched sophistication.",in stock,new,181544.76 JPY,https://colourdiam.com/productdetail/7926,https://www.colourdiam.com/Product/Jewellery/7919/white45/center.jpg,Colour Diam,Apparel & Accessories > Jewelry,,1,,,,unisex,,,adult,,,,,,,,,AGL,Fine Jewelry
7927,0.51 Ct Fancy intense yellow VS AGL Ring | Colour Diam,"**Exquisite  Ct Natural Diamond ring**

Elevate your fine jewelry collection with these magnificent Precious Metal rings. Featuring a  Ct Natural Diamond , surrounded by 38 white diamonds (0.287 Ct) and 12 yellow diamonds (0.07 Ct), this heirloom piece radiates warmth and unmatched sophistication.",in stock,new,217853.71 JPY,https://colourdiam.com/productdetail/7927,https://www.colourdiam.com/Product/Jewellery/7920/white45/center.jpg,Colour Diam,Apparel & Accessories > Jewelry,,1,,,,unisex,,,adult,,,,,,,,,AGL,Fine Jewelry
7929,0.136 Ct Fancy yellow VS AGL Ring | Colour Diam,"**Sumptuous  Ct Natural Diamond Ring**

Elevate your fine jewelry collection with these magnificent Precious Metal rings. Featuring a  Ct Natural Diamond , surrounded by 36 white diamonds (0.226 Ct) and 16 yellow diamonds (0.059 Ct), this heirloom piece radiates warmth and unmatched sophistication.",in stock,new,217853.71 JPY,https://colourdiam.com/productdetail/7929,https://www.colourdiam.com/Product/Jewellery/7921/white45/center.jpg,Colour Diam,Apparel & Accessories > Jewelry,,1,,,,unisex,,,adult,,,,,,,,,AGL,Fine Jewelry
7930,0.2 Ct Fancy intense yellow VS AGL Ring | Colour Diam,"**Captivating  Ct Natural Diamond ring**

Elevate your fine jewelry collection with these magnificent Precious Metal rings. Featuring a  Ct Natural Diamond , surrounded by 52 white diamonds (0.349 Ct), this heirloom piece radiates warmth and unmatched sophistication.",in stock,new,217853.71 JPY,https://colourdiam.com/productdetail/7930,https://www.colourdiam.com/Product/Jewellery/7922/white45/center.jpg,Colour Diam,Apparel & Accessories > Jewelry,,1,,,,unisex,,,adult,,,,,,,,,AGL,Fine Jewelry
7934,0.243 Ct Fancy intense yellow VS AGL Ring | Colour Diam,"**Splendid  Ct Natural Diamond Ring**

Elevate your fine jewelry collection with these magnificent Precious Metal rings. Featuring a  Ct Natural Diamond , surrounded by 30 white diamonds (0.227 Ct), this heirloom piece radiates warmth and unmatched sophistication.",in stock,new,181544.76 JPY,https://colourdiam.com/productdetail/7934,https://www.colourdiam.com/Product/Jewellery/7923/white45/center.jpg,Colour Diam,Apparel & Accessories > Jewelry,,1,,,,unisex,,,adult,,,,,,,,,AGL,Fine Jewelry
7935,0.11 Ct Fancy intense yellow VS AGL Ring | Colour Diam,"**Opulent  Ct Natural Diamond Ring**

Elevate your fine jewelry collection with these magnificent Precious Metal rings. Featuring a  Ct Natural Diamond , surrounded by 50 white diamonds (0.363 Ct), this heirloom piece radiates warmth and unmatched sophistication.",in stock,new,181544.76 JPY,https://colourdiam.com/productdetail/7935,https://www.colourdiam.com/Product/Jewellery/7924/white45/center.jpg,Colour Diam,Apparel & Accessories > Jewelry,,1,,,,unisex,,,adult,,,,,,,,,AGL,Fine Jewelry
7936,0.156 Ct Fancy yellow VS AGL Ring | Colour Diam,"**Breathtaking  Ct Natural Diamond Ring**

Elevate your fine jewelry collection with these magnificent Precious Metal rings. Featuring a  Ct Natural Diamond , surrounded by 34 white diamonds (0.201 Ct) and 11 yellow diamonds (0.043 Ct), this heirloom piece radiates warmth and unmatched sophistication.",in stock,new,181544.76 JPY,https://colourdiam.com/productdetail/7936,https://www.colourdiam.com/Product/Jewellery/7925/white45/center.jpg,Colour Diam,Apparel & Accessories > Jewelry,,1,,,,unisex,,,adult,,,,,,,,,AGL,Fine Jewelry
7937,0.137 Ct Fancy yellow SI AGL Ring | Colour Diam,"**Captivating  Ct Natural Diamond Ring**

Elevate your fine jewelry collection with these magnificent Precious Metal rings. Featuring a  Ct Natural Diamond , surrounded by 42 white diamonds (0.278 Ct) and 14 yellow diamonds (0.064 Ct), this heirloom piece radiates warmth and unmatched sophistication.",in stock,new,181544.76 JPY,https://colourdiam.com/productdetail/7937,https://www.colourdiam.com/Product/Jewellery/7926/white45/center.jpg,Colour Diam,Apparel & Accessories > Jewelry,,1,,,,unisex,,,adult,,,,,,,,,AGL,Fine Jewelry
7938,0.341 Ct Fancy yellow SI AGL Ring | Colour Diam,"**Stunning  Ct Natural Diamond Ring**

Elevate your fine jewelry collection with these magnificent Precious Metal rings. Featuring a  Ct Natural Diamond , surrounded by 38 white diamonds (0.197 Ct) and 12 yellow diamonds (0.047 Ct), this heirloom piece radiates warmth and unmatched sophistication.",in stock,new,272317.14 JPY,https://colourdiam.com/productdetail/7938,https://www.colourdiam.com/Product/Jewellery/7927/white45/center.jpg,Colour Diam,Apparel & Accessories > Jewelry,,1,,,,unisex,,,adult,,,,,,,,,AGL,Fine Jewelry
7939_7940,0.101 Ct Fancy Pink VS AGL Ring | Colour Diam,"**Dazzling  Ct Natural Diamond ring**

Elevate your fine jewelry collection with these magnificent Precious Metal rings. Featuring a  Ct Natural Diamond , surrounded by 40 white diamonds (0.238 Ct) and 18 yellow diamonds (0.077 Ct), this heirloom piece radiates warmth and unmatched sophistication.",in stock,new,272317.14 JPY,https://colourdiam.com/productdetail/Menu/7939/7940,https://www.colourdiam.com/Product/Jewellery/7929/white45/center.jpg,Colour Diam,Apparel & Accessories > Jewelry,,1,,,,unisex,,,adult,,,,,,,,,AGL,Fine Jewelry
7941,0.16 Ct Fancy yellow VS AGL Ring | Colour Diam,"**Radiant  Ct Natural Diamond Ring**

Elevate your fine jewelry collection with these magnificent Precious Metal rings. Featuring a  Ct Natural Diamond , surrounded by 48 white diamonds (0.348 Ct), this heirloom piece radiates warmth and unmatched sophistication.",in stock,new,217853.71 JPY,https://colourdiam.com/productdetail/7941,https://www.colourdiam.com/Product/Jewellery/7930/white45/center.jpg,Colour Diam,Apparel & Accessories > Jewelry,,1,,,,unisex,,,adult,,,,,,,,,AGL,Fine Jewelry
7944,0.141 Ct Fancy yellow VS AGL Ring | Colour Diam,"**Breathtaking  Ct Natural Diamond Ring**

Elevate your fine jewelry collection with these magnificent Precious Metal rings. Featuring a  Ct Natural Diamond , surrounded by 50 white diamonds (0.372 Ct), this heirloom piece radiates warmth and unmatched sophistication.",in stock,new,217853.71 JPY,https://colourdiam.com/productdetail/7944,https://www.colourdiam.com/Product/Jewellery/7934/white45/center.jpg,Colour Diam,Apparel & Accessories > Jewelry,,1,,,,unisex,,,adult,,,,,,,,,AGL,Fine Jewelry
7945,0.091 Ct Fancy Brownish yellow AGL Ring | Colour Diam,"**Radiant  Ct Natural Diamond RING**

Elevate your fine jewelry collection with these magnificent 18K rings. Featuring a  Ct Natural Diamond , surrounded by 42 white diamonds (0.442 Ct), this heirloom piece radiates warmth and unmatched sophistication.",in stock,new,181544.76 JPY,https://colourdiam.com/productdetail/7945,https://www.colourdiam.com/Product/Jewellery/7935/white45/center.jpg,Colour Diam,Apparel & Accessories > Jewelry,,1,,,,unisex,,,adult,,,,,,,,,AGL,Fine Jewelry
7947,0.32 Ct Fancy Brownish yellow AGL Ring | Colour Diam,"**Sumptuous  Ct Natural Diamond ring**

Elevate your fine jewelry collection with these magnificent Precious Metal rings. Featuring a  Ct Natural Diamond , surrounded by 88 white diamonds (0.517 Ct), this heirloom piece radiates warmth and unmatched sophistication.",in stock,new,217853.71 JPY,https://colourdiam.com/productdetail/7947,https://www.colourdiam.com/Product/Jewellery/7936/white45/center.jpg,Colour Diam,Apparel & Accessories > Jewelry,,1,,,,unisex,,,adult,,,,,,,,,AGL,Fine Jewelry
7948,0.125 Ct Fancy intense yellow VS AGL Ring | Colour Diam,"**Enchanting  Ct Natural Diamond ring**

Elevate your fine jewelry collection with these magnificent Precious Metal rings. Featuring a  Ct Natural Diamond , surrounded by 36 white diamonds (0.219 Ct) and 14 yellow diamonds (0.062 Ct), this heirloom piece radiates warmth and unmatched sophistication.",in stock,new,163390.28 JPY,https://colourdiam.com/productdetail/7948,https://www.colourdiam.com/Product/Jewellery/7937/white45/center.jpg,Colour Diam,Apparel & Accessories > Jewelry,,1,,,,unisex,,,adult,,,,,,,,,AGL,Fine Jewelry
7950,0.233 Ct Fancy intense yellow VS AGL Ring | Colour Diam,"**Captivating  Ct Natural Diamond Ring**

Elevate your fine jewelry collection with these magnificent Precious Metal rings. Featuring a  Ct Natural Diamond , surrounded by 50 white diamonds (0.37 Ct), this heirloom piece radiates warmth and unmatched sophistication.",in stock,new,217853.71 JPY,https://colourdiam.com/productdetail/7950,https://www.colourdiam.com/Product/Jewellery/7938/white45/center.jpg,Colour Diam,Apparel & Accessories > Jewelry,,1,,,,unisex,,,adult,,,,,,,,,AGL,Fine Jewelry
7951,0.38 Ct Fancy intense yellow VS AGL Ring | Colour Diam,"**Stunning  Ct Natural Diamond Ring**

Elevate your fine jewelry collection with these magnificent Precious Metal rings. Featuring a  Ct Natural Diamond , surrounded by 32 white diamonds (0.229 Ct) and 14 yellow diamonds (0.073 Ct), this heirloom piece radiates warmth and unmatched sophistication.",in stock,new,217853.71 JPY,https://colourdiam.com/productdetail/7951,https://www.colourdiam.com/Product/Jewellery/7939_7940/white45/center.jpg,Colour Diam,Apparel & Accessories > Jewelry,,1,,,,unisex,,,adult,,,,,,,,,AGL,Fine Jewelry
7952,0.098 Ct Fancy Yellow VS AGL Ring | Colour Diam,"**Captivating  Ct Natural Diamond ring**

Elevate your fine jewelry collection with these magnificent Precious Metal rings. Featuring a  Ct Natural Diamond , surrounded by 24 white diamonds (0.157 Ct), this heirloom piece radiates warmth and unmatched sophistication.",in stock,new,217853.71 JPY,https://colourdiam.com/productdetail/7952,https://www.colourdiam.com/Product/Jewellery/7941/white45/center.jpg,Colour Diam,Apparel & Accessories > Jewelry,,1,,,,unisex,,,adult,,,,,,,,,AGL,Fine Jewelry
7953,0.344 Ct Fancy Intense Yellow VS AGL Ring | Colour Diam,"**Breathtaking  Ct Natural Diamond Ring**

Elevate your fine jewelry collection with these magnificent Precious Metal rings. Featuring a  Ct Natural Diamond , surrounded by 48 white diamonds (0.358 Ct), this heirloom piece radiates warmth and unmatched sophistication.",in stock,new,272317.14 JPY,https://colourdiam.com/productdetail/7953,https://www.colourdiam.com/Product/Jewellery/7944/white45/center.jpg,Colour Diam,Apparel & Accessories > Jewelry,,1,,,,unisex,,,adult,,,,,,,,,AGL,Fine Jewelry
7954,0.068 Ct Fancy Yellow VS AGL Ring | Colour Diam,"**Captivating  Ct Natural Diamond RING**

Elevate your fine jewelry collection with these magnificent 18K rings. Featuring a  Ct Natural Diamond , surrounded by 36 white diamonds (0.205 Ct) and 14 yellow diamonds (0.061 Ct), this heirloom piece radiates warmth and unmatched sophistication.",in stock,new,217853.71 JPY,https://colourdiam.com/productdetail/7954,https://www.colourdiam.com/Product/Jewellery/7945/white45/center.jpg,Colour Diam,Apparel & Accessories > Jewelry,,1,,,,unisex,,,adult,,,,,,,,,AGL,Fine Jewelry
7955,0.147 Ct Fancy Intense Yellow VS AGL Ring 2.85 Gram | Colour Diam,"**Radiant  Ct Natural Diamond RING**

Elevate your fine jewelry collection with these magnificent 18K rings. Featuring a  Ct Natural Diamond , surrounded by 52 white diamonds (0.378 Ct), this heirloom piece radiates warmth and unmatched sophistication.",in stock,new,236008.19 JPY,https://colourdiam.com/productdetail/7955,https://www.colourdiam.com/Product/Jewellery/7947/white45/center.jpg,Colour Diam,Apparel & Accessories > Jewelry,,1,,,,unisex,,,adult,,,,,,,,,AGL,Fine Jewelry
7956,0.147 Ct Fancy Intense Yellow VS AGL Ring | Colour Diam,"**Radiant  Ct Natural Diamond ring**

Elevate your fine jewelry collection with these magnificent Precious Metal rings. Featuring a  Ct Natural Diamond , surrounded by 47 white diamonds (0.312 Ct), this heirloom piece radiates warmth and unmatched sophistication.",in stock,new,217853.71 JPY,https://colourdiam.com/productdetail/7956,https://www.colourdiam.com/Product/Jewellery/7948/white45/center.jpg,Colour Diam,Apparel & Accessories > Jewelry,,1,,,,unisex,,,adult,,,,,,,,,AGL,Fine Jewelry
7957,0.149 Ct Fancy yellow VS AGL Ring | Colour Diam,"**Radiant  Ct Natural Diamond RING**

Elevate your fine jewelry collection with these magnificent 18K rings. Featuring a  Ct Natural Diamond , surrounded by 54 white diamonds (0.347 Ct), this heirloom piece radiates warmth and unmatched sophistication.",in stock,new,272317.14 JPY,https://colourdiam.com/productdetail/7957,https://www.colourdiam.com/Product/Jewellery/7950/white45/center.jpg,Colour Diam,Apparel & Accessories > Jewelry,,1,,,,unisex,,,adult,,,,,,,,,AGL,Fine Jewelry
7958,0.251 Ct Fancy intense yellow VS AGL Ring | Colour Diam,"**Resplendent  Ct Natural Diamond RING**

Elevate your fine jewelry collection with these magnificent 18K rings. Featuring a  Ct Natural Diamond , surrounded by 42 white diamonds (0.422 Ct), this heirloom piece radiates warmth and unmatched sophistication.",in stock,new,217853.71 JPY,https://colourdiam.com/productdetail/7958,https://www.colourdiam.com/Product/Jewellery/7951/white45/center.jpg,Colour Diam,Apparel & Accessories > Jewelry,,1,,,,unisex,,,adult,,,,,,,,,AGL,Fine Jewelry
7959,0.235 Ct Fancy intense yellow VS AGL Ring | Colour Diam,"**Radiant  Ct Natural Diamond ring**

Elevate your fine jewelry collection with these magnificent Precious Metal rings. Featuring a  Ct Natural Diamond , surrounded by 36 white diamonds (0.221 Ct) and 16 yellow diamonds (0.067 Ct), this heirloom piece radiates warmth and unmatched sophistication.",in stock,new,217853.71 JPY,https://colourdiam.com/productdetail/7959,https://www.colourdiam.com/Product/Jewellery/7952/white45/center.jpg,Colour Diam,Apparel & Accessories > Jewelry,,1,,,,unisex,,,adult,,,,,,,,,AGL,Fine Jewelry
7994,0.203 Ct Fancy Pink VS AGL Ring | Colour Diam,"**Radiant  Ct Natural Diamond RING**

Elevate your fine jewelry collection with these magnificent 18K rings. Featuring a  Ct Natural Diamond , surrounded by 34 white diamonds (0.232 Ct) and 14 yellow diamonds (0.051 Ct), this heirloom piece radiates warmth and unmatched sophistication.",in stock,new,145235.81 JPY,https://colourdiam.com/productdetail/7994,https://www.colourdiam.com/Product/Jewellery/7953/white45/center.jpg,Colour Diam,Apparel & Accessories > Jewelry,,1,,,,unisex,,,adult,,,,,,,,,AGL,Fine Jewelry
7999,0.141 Ct Fancy yellow VS AGL Pendant | Colour Diam,"**Magnificent  Ct Natural Diamond ring**

Elevate your fine jewelry collection with these magnificent Precious Metal rings. Featuring a  Ct Natural Diamond , surrounded by 51 white diamonds (0.355 Ct), this heirloom piece radiates warmth and unmatched sophistication.",in stock,new,363089.52 JPY,https://colourdiam.com/productdetail/7999,https://www.colourdiam.com/Product/Jewellery/7954/white45/center.jpg,Colour Diam,Apparel & Accessories > Jewelry,,1,,,,unisex,,,adult,,,,,,,,,AGL,Fine Jewelry
8000,0.198 Ct Fancy intense yellow VS AGL Ring | Colour Diam,"**Magnificent  Ct Natural Diamond pendant**

Elevate your fine jewelry collection with these magnificent Precious Metal pendants. Featuring a  Ct Natural Diamond , surrounded by 17 white diamonds (0.154 Ct) and 12 yellow diamonds (0.07 Ct), this heirloom piece radiates warmth and unmatched sophistication.",in stock,new,217853.71 JPY,https://colourdiam.com/productdetail/8000,https://www.colourdiam.com/Product/Jewellery/7955/white45/center.jpg,Colour Diam,Apparel & Accessories > Jewelry,,1,,,,unisex,,,adult,,,,,,,,,AGL,Fine Jewelry
8001,0.186 Ct Fancy intense yellow VS AGL Ring | Colour Diam,"**Opulent  Ct Natural Diamond ring**

Elevate your fine jewelry collection with these magnificent Precious Metal rings. Featuring a  Ct Natural Diamond , surrounded by 48 white diamonds (0.297 Ct) and 12 yellow diamonds (0.067 Ct), this heirloom piece radiates warmth and unmatched sophistication.",in stock,new,181544.76 JPY,https://colourdiam.com/productdetail/8001,https://www.colourdiam.com/Product/Jewellery/7956/white45/center.jpg,Colour Diam,Apparel & Accessories > Jewelry,,1,,,,unisex,,,adult,,,,,,,,,AGL,Fine Jewelry
8002,0.182 Ct Fancy intense green VS AGL Ring | Colour Diam,"**Dazzling  Ct Natural Diamond ring**

Elevate your fine jewelry collection with these magnificent Precious Metal rings. Featuring a  Ct Natural Diamond , surrounded by 46 white diamonds (0.309 Ct), this heirloom piece radiates warmth and unmatched sophistication.",in stock,new,145235.81 JPY,https://colourdiam.com/productdetail/8002,https://www.colourdiam.com/Product/Jewellery/7957/white45/center.jpg,Colour Diam,Apparel & Accessories > Jewelry,,1,,,,unisex,,,adult,,,,,,,,,AGL,Fine Jewelry
8003,0.184 Ct Fancy yellow VS AGL Ring | Colour Diam,"**Captivating  Ct Natural Diamond ring**

Elevate your fine jewelry collection with these magnificent Precious Metal rings. Featuring a  Ct Natural Diamond , surrounded by 50 white diamonds (0.361 Ct), this heirloom piece radiates warmth and unmatched sophistication.",in stock,new,145235.81 JPY,https://colourdiam.com/productdetail/8003,https://www.colourdiam.com/Product/Jewellery/7958/white45/center.jpg,Colour Diam,Apparel & Accessories > Jewelry,,1,,,,unisex,,,adult,,,,,,,,,AGL,Fine Jewelry
8006,0.142 Ct Fancy yellow VS AGL Pendant | Colour Diam,"**Captivating  Ct Natural Diamond RING**

Elevate your fine jewelry collection with these magnificent 18K rings. Featuring a  Ct Natural Diamond , surrounded by 44 white diamonds (0.427 Ct), this heirloom piece radiates warmth and unmatched sophistication.",in stock,new,145235.81 JPY,https://colourdiam.com/productdetail/8006,https://www.colourdiam.com/Product/Jewellery/7959/white45/center.jpg,Colour Diam,Apparel & Accessories > Jewelry,,1,,,,unisex,,,adult,,,,,,,,,AGL,Fine Jewelry
8008,0.12 Ct Fancy Green VS2 AGL Ring | Colour Diam,"**Opulent  Ct Natural Diamond Pendant**

Elevate your fine jewelry collection with these magnificent Precious Metal pendants. Featuring a  Ct Natural Diamond , surrounded by 39 white diamonds (0.283 Ct) and 12 yellow diamonds (0.049 Ct), this heirloom piece radiates warmth and unmatched sophistication.",in stock,new,217853.71 JPY,https://colourdiam.com/productdetail/8008,https://www.colourdiam.com/Product/Jewellery/7994/white45/center.jpg,Colour Diam,Apparel & Accessories > Jewelry,,1,,,,unisex,,,adult,,,,,,,,,AGL,Fine Jewelry
8015,0.203 Ct Fancy Intense Pink SI AGL Ring | Colour Diam,"**Dazzling 0.12 Ct Fancy Green RING**

Elevate your fine jewelry collection with these magnificent Precious Metal rings. Featuring a 0.12 Ct Fancy Green VS2, this heirloom piece radiates warmth and unmatched sophistication.",in stock,new,544634.28 JPY,https://colourdiam.com/productdetail/8015,https://www.colourdiam.com/Product/Jewellery/7999/white45/center.jpg,Colour Diam,Apparel & Accessories > Jewelry,,1,,,,unisex,,,adult,,,,,,,,,AGL,Fine Jewelry
8021,0.505 Ct Fancy Intense Green VVS AGL Ring | Colour Diam,"**Captivating  Ct Natural Diamond Ring**

Elevate your fine jewelry collection with these magnificent Precious Metal rings. Featuring a  Ct Natural Diamond , surrounded by 16 white diamonds (0.109 Ct), this heirloom piece radiates warmth and unmatched sophistication.",in stock,new,145235.81 JPY,https://colourdiam.com/productdetail/8021,https://www.colourdiam.com/Product/Jewellery/8000/white45/center.jpg,Colour Diam,Apparel & Accessories > Jewelry,,1,,,,unisex,,,adult,,,,,,,,,AGL,Fine Jewelry
8022,0.116 Ct Fancy Yellow VS AGL Ring | Colour Diam,"**Resplendent  Ct Natural Diamond RING**

Elevate your fine jewelry collection with these magnificent Precious Metal rings. Featuring a  Ct Natural Diamond , surrounded by 18 white diamonds (0.13 Ct), this heirloom piece radiates warmth and unmatched sophistication.",in stock,new,181544.76 JPY,https://colourdiam.com/productdetail/8022,https://www.colourdiam.com/Product/Jewellery/8001/white45/center.jpg,Colour Diam,Apparel & Accessories > Jewelry,,1,,,,unisex,,,adult,,,,,,,,,AGL,Fine Jewelry
8023,0.113 Ct Fancy Intense Green VS AGL Ring | Colour Diam,"**Magnificent  Ct Natural Diamond RING**

Elevate your fine jewelry collection with these magnificent Precious Metal rings. Featuring a  Ct Natural Diamond , surrounded by 42 white diamonds (0.426 Ct), this heirloom piece radiates warmth and unmatched sophistication.",in stock,new,145235.81 JPY,https://colourdiam.com/productdetail/8023,https://www.colourdiam.com/Product/Jewellery/8002/white45/center.jpg,Colour Diam,Apparel & Accessories > Jewelry,,1,,,,unisex,,,adult,,,,,,,,,AGL,Fine Jewelry
8024,0.102 Ct Fancy Intense Green SI AGL Ring | Colour Diam,"**Opulent  Ct Natural Diamond RING**

Elevate your fine jewelry collection with these magnificent Precious Metal rings. Featuring a  Ct Natural Diamond , surrounded by 14 white diamonds (0.1 Ct), this heirloom piece radiates warmth and unmatched sophistication.",in stock,new,145235.81 JPY,https://colourdiam.com/productdetail/8024,https://www.colourdiam.com/Product/Jewellery/8003/white45/center.jpg,Colour Diam,Apparel & Accessories > Jewelry,,1,,,,unisex,,,adult,,,,,,,,,AGL,Fine Jewelry
8026,0.156 Ct Fancy Intense Pink VS AGL Ring | Colour Diam,"**Stunning  Ct Natural Diamond RING**

Elevate your fine jewelry collection with these magnificent Precious Metal rings. Featuring a  Ct Natural Diamond , surrounded by 14 white diamonds (0.107 Ct), this heirloom piece radiates warmth and unmatched sophistication.",in stock,new,145235.81 JPY,https://colourdiam.com/productdetail/8026,https://www.colourdiam.com/Product/Jewellery/8006/white45/center.jpg,Colour Diam,Apparel & Accessories > Jewelry,,1,,,,unisex,,,adult,,,,,,,,,AGL,Fine Jewelry
8027,0.324 Ct Fancy Vivid Yellow VS AGL Ring | Colour Diam,"**Exquisite  Ct Natural Diamond RING**

Elevate your fine jewelry collection with these magnificent Precious Metal rings. Featuring a  Ct Natural Diamond , surrounded by 14 white diamonds (0.097 Ct), this heirloom piece radiates warmth and unmatched sophistication.",in stock,new,217853.71 JPY,https://colourdiam.com/productdetail/8027,https://www.colourdiam.com/Product/Jewellery/8008/white45/center.jpg,Colour Diam,Apparel & Accessories > Jewelry,,1,,,,unisex,,,adult,,,,,,,,,AGL,Fine Jewelry
8028,0.26 Ct Fancy Green VS AGL Ring | Colour Diam,"**Opulent  Ct Natural Diamond RING**

Elevate your fine jewelry collection with these magnificent Precious Metal rings. Featuring a  Ct Natural Diamond , surrounded by 17 white diamonds (0.117 Ct), this heirloom piece radiates warmth and unmatched sophistication.",in stock,new,145235.81 JPY,https://colourdiam.com/productdetail/8028,https://www.colourdiam.com/Product/Jewellery/8015/white45/center.jpg,Colour Diam,Apparel & Accessories > Jewelry,,1,,,,unisex,,,adult,,,,,,,,,AGL,Fine Jewelry
8029,0.111 Ct Fancy Intense green VVS1 AGL Pendant | Colour Diam,"**Sumptuous  Ct Natural Diamond Ring**

Elevate your fine jewelry collection with these magnificent 18k rings. Featuring a  Ct Natural Diamond , surrounded by 113 white diamonds (0.213 Ct), this heirloom piece radiates warmth and unmatched sophistication.",in stock,new,145235.81 JPY,https://colourdiam.com/productdetail/8029,https://www.colourdiam.com/Product/Jewellery/8021/white45/center.jpg,Colour Diam,Apparel & Accessories > Jewelry,,1,,,,unisex,,,adult,,,,,,,,,AGL,Fine Jewelry
8057,0.137 Ct Fancy intense green VVS AGL Bracelet | Colour Diam,"**Opulent  Ct Natural Diamond Pendant**

Elevate your fine jewelry collection with these magnificent 18k pendants. Featuring a  Ct Natural Diamond , surrounded by 30 white diamonds (0.194 Ct), this heirloom piece radiates warmth and unmatched sophistication.",in stock,new,145235.81 JPY,https://colourdiam.com/productdetail/8057,https://www.colourdiam.com/Product/Jewellery/8022/white45/center.jpg,Colour Diam,Apparel & Accessories > Jewelry,,1,,,,unisex,,,adult,,,,,,,,,AGL,Fine Jewelry
8062,0.137 Ct Fancy green SI1 AGL Bracelet | Colour Diam,"**Radiant  Ct Natural Diamond Bracelet**

Elevate your fine jewelry collection with these magnificent 18k bracelets. Featuring a  Ct Natural Diamond , surrounded by 16 white diamonds (0.132 Ct), this heirloom piece radiates warmth and unmatched sophistication.",in stock,new,145235.81 JPY,https://colourdiam.com/productdetail/8062,https://www.colourdiam.com/Product/Jewellery/8023/white45/center.jpg,Colour Diam,Apparel & Accessories > Jewelry,,1,,,,unisex,,,adult,,,,,,,,,AGL,Fine Jewelry
8068,0.106 Ct Fancy Intense yellow I1 AGL Pendant | Colour Diam,"**Stunning  Ct Natural Diamond Bracelet**

Elevate your fine jewelry collection with these magnificent 18k bracelets. Featuring a  Ct Natural Diamond , surrounded by 28 white diamonds (0.239 Ct), this heirloom piece radiates warmth and unmatched sophistication.",in stock,new,181544.76 JPY,https://colourdiam.com/productdetail/8068,https://www.colourdiam.com/Product/Jewellery/8024/white45/center.jpg,Colour Diam,Apparel & Accessories > Jewelry,,1,,,,unisex,,,adult,,,,,,,,,AGL,Fine Jewelry
8112,0.25 Ct Fancy intense Pink VVS1 AGL Bracelet | Colour Diam,"**Opulent  Ct Natural Diamond Pendant**

Elevate your fine jewelry collection with these magnificent 18k pendants. Featuring a  Ct Natural Diamond , surrounded by 29 white diamonds (0.271 Ct), this heirloom piece radiates warmth and unmatched sophistication.",in stock,new,399398.47 JPY,https://colourdiam.com/productdetail/8112,https://www.colourdiam.com/Product/Jewellery/8026/white45/center.jpg,Colour Diam,Apparel & Accessories > Jewelry,,1,,,,unisex,,,adult,,,,,,,,,,Fine Jewelry
8113,0.285 Ct Fancy pink VVS AGL Bracelet | Colour Diam,"**Stunning  Ct Natural Diamond Bracelet**

Elevate your fine jewelry collection with these magnificent 18k bracelets. Featuring a  Ct Natural Diamond , surrounded by 18 white diamonds (0.154 Ct), this heirloom piece radiates warmth and unmatched sophistication.",in stock,new,453861.9 JPY,https://colourdiam.com/productdetail/8113,https://www.colourdiam.com/Product/Jewellery/8027/white45/center.jpg,Colour Diam,Apparel & Accessories > Jewelry,,1,,,,unisex,,,adult,,,,,,,,,AGL,Fine Jewelry
8141,0.243 Ct Fancy purplish pink si1 AGL Bracelet | Colour Diam,"**Splendid  Ct Natural Diamond Bracelet**

Elevate your fine jewelry collection with these magnificent 18k bracelets. Featuring a  Ct Natural Diamond , surrounded by 18 white diamonds (0.146 Ct), this heirloom piece radiates warmth and unmatched sophistication.",in stock,new,453861.9 JPY,https://colourdiam.com/productdetail/8141,https://www.colourdiam.com/Product/Jewellery/8028/white45/center.jpg,Colour Diam,Apparel & Accessories > Jewelry,,1,,,,unisex,,,adult,,,,,,,,,,Fine Jewelry
8142,0.11 Ct Fancy Orange-pink VS AGL Bracelet | Colour Diam,"**Resplendent  Ct Natural Diamond Bracelet**

Elevate your fine jewelry collection with these magnificent 18k bracelets. Featuring a  Ct Natural Diamond , surrounded by 18 white diamonds (0.153 Ct), this heirloom piece radiates warmth and unmatched sophistication.",in stock,new,,https://colourdiam.com/productdetail/8142,https://www.colourdiam.com/Product/Jewellery/8029/white45/center.jpg,Colour Diam,Apparel & Accessories > Jewelry,,1,,,,unisex,,,adult,,,,,,,,,,Fine Jewelry
8143,0.145 Ct Fancy Blue VS AGL Pendant | Colour Diam,"**Captivating  Ct Natural Diamond Bracelet**

Elevate your fine jewelry collection with these magnificent 18k bracelets. Featuring a  Ct Natural Diamond , surrounded by 17 white diamonds (0.146 Ct), this heirloom piece radiates warmth and unmatched sophistication.",in stock,new,118004.09 JPY,https://colourdiam.com/productdetail/8143,https://www.colourdiam.com/Product/Jewellery/8054/white45/center.jpg,Colour Diam,Apparel & Accessories > Jewelry,,1,,,,unisex,,,adult,,,,,,,,,,Fine Jewelry
8263,0.115 Ct Fancy Yellow SI1 AGL Bracelet | Colour Diam,"**Magnificent  Ct Natural Diamond Pendant**

Elevate your fine jewelry collection with these magnificent 18k pendants. Featuring a  Ct Natural Diamond , surrounded by 26 white diamonds (0.161 Ct), this heirloom piece radiates warmth and unmatched sophistication.",in stock,new,217853.71 JPY,https://colourdiam.com/productdetail/8263,https://www.colourdiam.com/Product/Jewellery/8057/white45/center.jpg,Colour Diam,Apparel & Accessories > Jewelry,,1,,,,unisex,,,adult,,,,,,,,,,Fine Jewelry
8265,0.179 Ct Deep Yellow SI1 AGL Ring | Colour Diam,"**Resplendent  Ct Natural Diamond Bracelet**

Elevate your fine jewelry collection with these magnificent 18k bracelets. Featuring a  Ct Natural Diamond , surrounded by 16 white diamonds (0.133 Ct), this heirloom piece radiates warmth and unmatched sophistication.",in stock,new,998496.18 JPY,https://colourdiam.com/productdetail/8265,https://www.colourdiam.com/Product/Jewellery/8062/white45/center.jpg,Colour Diam,Apparel & Accessories > Jewelry,,1,,,,unisex,,,adult,,,,,,,,,AGL,Fine Jewelry
8266,0.137 Ct Fancy Blue SI AGL Ring | Colour Diam,"**Dazzling  Ct Natural Diamond Ring**

Elevate your fine jewelry collection with these magnificent 18k rings. Featuring a  Ct Natural Diamond , surrounded by 30 white diamonds (0.215 Ct), this heirloom piece radiates warmth and unmatched sophistication.",in stock,new,217853.71 JPY,https://colourdiam.com/productdetail/8266,https://www.colourdiam.com/Product/Jewellery/8065/white45/center.jpg,Colour Diam,Apparel & Accessories > Jewelry,,1,,,,unisex,,,adult,,,,,,,,,AGL,Fine Jewelry
8273,0.119 Ct Fancy Intense Green SI AGL Pendant | Colour Diam,"**Splendid  Ct Natural Diamond Ring**

Elevate your fine jewelry collection with these magnificent 18k rings. Featuring a  Ct Natural Diamond , surrounded by 16 white diamonds (0.132 Ct), this heirloom piece radiates warmth and unmatched sophistication.",in stock,new,217853.71 JPY,https://colourdiam.com/productdetail/8273,https://www.colourdiam.com/Product/Jewellery/8068/white45/center.jpg,Colour Diam,Apparel & Accessories > Jewelry,,1,,,,unisex,,,adult,,,,,,,,,AGL,Fine Jewelry
8269,1 Ct mix Bracelet 6.35 Gram | Colour Diam,"**Exquisite  Ct Natural Diamond Pendant**

Elevate your fine jewelry collection with these magnificent 18k pendants. Featuring a  Ct Natural Diamond , surrounded by 29 white diamonds (0.277 Ct), this heirloom piece radiates warmth and unmatched sophistication.",in stock,new,217853.71 JPY,https://colourdiam.com/productdetail/8269,https://www.colourdiam.com/Product/Jewellery/8112/white45/center.jpg,Colour Diam,Apparel & Accessories > Jewelry,,1,,,,unisex,,,adult,,,,,,,,,AGL,Fine Jewelry
8270,0.24 Ct Fancy Pink AGL Bracelet | Colour Diam,"**Dazzling  Ct Natural Diamond Bracelet**

Elevate your fine jewelry collection with these magnificent 18k bracelets. Featuring a  Ct Natural Diamond , surrounded by 28 yellow diamonds (0.14 Ct), this heirloom piece radiates warmth and unmatched sophistication.",in stock,new,145235.81 JPY,https://colourdiam.com/productdetail/8270,https://www.colourdiam.com/Product/Jewellery/8113/white45/center.jpg,Colour Diam,Apparel & Accessories > Jewelry,,1,,,,unisex,,,adult,,,,,,,,,AGL,Fine Jewelry
8272,0.18 Ct Fancy Pink Ring 2.50 Gram | Colour Diam,"**Resplendent  Ct Natural Diamond Bracelet**

Elevate your fine jewelry collection with these magnificent 18k bracelets. Featuring a  Ct Natural Diamond , this heirloom piece radiates warmth and unmatched sophistication.",in stock,new,217853.71 JPY,https://colourdiam.com/productdetail/8272,https://www.colourdiam.com/Product/Jewellery/8141/white45/center.jpg,Colour Diam,Apparel & Accessories > Jewelry,,1,,,,unisex,,,adult,,,,,,,,,AGL,Fine Jewelry
8276,0.22 Ct Fancy Pink Earring 2.40 Gram | Colour Diam,"**Sumptuous  Ct Natural Diamond Ring**

Elevate your fine jewelry collection with these magnificent 18k rings. Featuring a  Ct Natural Diamond , this heirloom piece radiates warmth and unmatched sophistication.",in stock,new,453861.9 JPY,https://colourdiam.com/productdetail/8276,https://www.colourdiam.com/Product/Jewellery/8142/white45/center.jpg,Colour Diam,Apparel & Accessories > Jewelry,,1,,,,unisex,,,adult,,,,,,,,,,Fine Jewelry
8277,0.42 Ct Emerald Pendant | Colour Diam,"**Enchanting  Ct Natural Diamond EARRING**

Elevate your fine jewelry collection with these magnificent 18k earrings. Featuring a  Ct Natural Diamond , this heirloom piece radiates warmth and unmatched sophistication.",in stock,new,,https://colourdiam.com/productdetail/8277,https://www.colourdiam.com/Product/Jewellery/8143/white45/center.jpg,Colour Diam,Apparel & Accessories > Jewelry,,1,,,,unisex,,,adult,,,,,,,,,,Fine Jewelry
8278,0.235 Ct Fancy green Pendant | Colour Diam,"**Opulent  Ct Natural Diamond Pendant**

Elevate your fine jewelry collection with these magnificent 18k pendants. Featuring a  Ct Natural Diamond , this heirloom piece radiates warmth and unmatched sophistication.",in stock,new,,https://colourdiam.com/productdetail/8278,https://www.colourdiam.com/Product/Jewellery/8263/white45/center.jpg,Colour Diam,Apparel & Accessories > Jewelry,,1,,,,unisex,,,adult,,,,,,,,,,Fine Jewelry
8580,0.95 Ct Fancy Pink VS AGL Ring | Colour Diam,"**Opulent  Ct Natural Diamond Pendant**

Elevate your fine jewelry collection with these magnificent 18k pendants. Featuring a  Ct Natural Diamond , surrounded by 29 white diamonds (0.262 Ct), this heirloom piece radiates warmth and unmatched sophistication.",in stock,new,3267805.67 JPY,https://colourdiam.com/productdetail/8580,https://www.colourdiam.com/Product/Jewellery/8265/white45/center.jpg,Colour Diam,Apparel & Accessories > Jewelry,,1,,,,unisex,,,adult,,,,,,,,,GIA,Fine Jewelry
7441,0.137 Ct Fancy Yellow VS AGL Bracelet | Colour Diam,"**Resplendent  Ct Natural Diamond Ring**

Elevate your fine jewelry collection with these magnificent 18k rings. Featuring a  Ct Natural Diamond , surrounded by 275 white diamonds (0.678 Ct), this heirloom piece radiates warmth and unmatched sophistication.",in stock,new,68079.28 JPY,https://colourdiam.com/productdetail/7441,https://www.colourdiam.com/Product/Jewellery/8266/white45/center.jpg,Colour Diam,Apparel & Accessories > Jewelry,,1,,,,unisex,,,adult,,,,,,,,,,Fine Jewelry
7504,0.144 Ct Fancy Blue VS AGL Bracelet | Colour Diam,"**Breathtaking  Ct Natural Diamond Bracelet**

Elevate your fine jewelry collection with these magnificent 18k bracelets. Featuring a  Ct Natural Diamond , surrounded by 16 white diamonds (0.142 Ct), this heirloom piece radiates warmth and unmatched sophistication.",in stock,new,108926.86 JPY,https://colourdiam.com/productdetail/7504,https://www.colourdiam.com/Product/Jewellery/8273/white45/center.jpg,Colour Diam,Apparel & Accessories > Jewelry,,1,,,,unisex,,,adult,,,,,,,,,,Fine Jewelry
7502,0.092 Ct Fancy Pink SI AGL Bracelet | Colour Diam,"**Stunning  Ct Natural Diamond Bracelet**

Elevate your fine jewelry collection with these magnificent 18k bracelets. Featuring a  Ct Natural Diamond , surrounded by 16 white diamonds (0.135 Ct), this heirloom piece radiates warmth and unmatched sophistication.",in stock,new,118004.09 JPY,https://colourdiam.com/productdetail/7502,https://www.colourdiam.com/Product/Jewellery/8269/white45/center.jpg,Colour Diam,Apparel & Accessories > Jewelry,,1,,,,unisex,,,adult,,,,,,,,,,Fine Jewelry
7503,0.12 Ct Fancy Blue SI AGL Pendant | Colour Diam,"**Breathtaking  Ct Natural Diamond Bracelet**

Elevate your fine jewelry collection with these magnificent 18k bracelets. Featuring a  Ct Natural Diamond , surrounded by 16 white diamonds (0.132 Ct), this heirloom piece radiates warmth and unmatched sophistication.",in stock,new,408475.71 JPY,https://colourdiam.com/productdetail/7503,https://www.colourdiam.com/Product/Jewellery/8270/white45/center.jpg,Colour Diam,Apparel & Accessories > Jewelry,,1,,,,unisex,,,adult,,,,,,,,,,Fine Jewelry
2593,0.137 Ct Fancy Blue SI AGL Bracelet | Colour Diam,"**Captivating  Ct Natural Diamond Pendant**

Elevate your fine jewelry collection with these magnificent 18k pendants. Featuring a  Ct Natural Diamond , surrounded by 30 white diamonds (0.21 Ct), this heirloom piece radiates warmth and unmatched sophistication.",in stock,new,1180040.93 JPY,https://colourdiam.com/productdetail/2593,https://www.colourdiam.com/Product/Jewellery/8272/white45/center.jpg,Colour Diam,Apparel & Accessories > Jewelry,,1,,,,unisex,,,adult,,,,,,,,,GIA,Fine Jewelry
7514,0.18 Ct Fancy Pink Ring | Colour Diam,"**Dazzling  Ct Natural Diamond Bracelet**

Elevate your fine jewelry collection with these magnificent 18k bracelets. Featuring a  Ct Natural Diamond , surrounded by 16 white diamonds (0.132 Ct), this heirloom piece radiates warmth and unmatched sophistication.",in stock,new,99849.62 JPY,https://colourdiam.com/productdetail/7514,https://www.colourdiam.com/Product/Jewellery/8276/white45/center.jpg,Colour Diam,Apparel & Accessories > Jewelry,,1,,,,unisex,,,adult,,,,,,,,,,Fine Jewelry
7451,0.2 Ct Fancy Pink Pendant | Colour Diam,"**Enchanting  Ct Natural Diamond Ring**

Elevate your fine jewelry collection with these magnificent 18k rings. Featuring a  Ct Natural Diamond , this heirloom piece radiates warmth and unmatched sophistication.",in stock,new,83510.59 JPY,https://colourdiam.com/productdetail/7451,https://www.colourdiam.com/Product/Jewellery/8277/white45/center.jpg,Colour Diam,Apparel & Accessories > Jewelry,,1,,,,unisex,,,adult,,,,,,,,,,Fine Jewelry
7431,0.22 Ct Fancy Pink Earring | Colour Diam,"**Breathtaking  Ct Natural Diamond Pendant**

Elevate your fine jewelry collection with these magnificent 18k pendants. Featuring a  Ct Natural Diamond , this heirloom piece radiates warmth and unmatched sophistication.",in stock,new,263239.9 JPY,https://colourdiam.com/productdetail/7431,https://www.colourdiam.com/Product/Jewellery/8278/white45/center.jpg,Colour Diam,Apparel & Accessories > Jewelry,,1,,,,unisex,,,adult,,,,,,,,,,Fine Jewelry
7510,2.3 Ct Fancy Light Greenish Yellow VS2 GIA Ring | Colour Diam,"**Enchanting  Ct Natural Diamond EARRING**

Elevate your fine jewelry collection with these magnificent 18k earrings. Featuring a  Ct Natural Diamond , this heirloom piece radiates warmth and unmatched sophistication.",in stock,new,163390.28 JPY,https://colourdiam.com/productdetail/7510,https://www.colourdiam.com/Product/Jewellery/8580/white45/center.jpg,Colour Diam,Apparel & Accessories > Jewelry,,1,,,,unisex,,,adult,,,,,,,,,,Fine Jewelry
7498,0.12 Ct bugget Si1 Earring | Colour Diam,"**Magnificent 2.30 Ct Natural Diamond Ring**

Elevate your fine jewelry collection with these magnificent 18k rings. Featuring a  Ct Natural Diamond , surrounded by 47 white diamonds (0.62 Ct) and 14 pear diamonds (1.40 Ct), this heirloom piece radiates warmth and unmatched sophistication.",in stock,new,226930.95 JPY,https://colourdiam.com/productdetail/7498,https://www.colourdiam.com/Product/Jewellery/7441/white45/center.jpg,Colour Diam,Apparel & Accessories > Jewelry,,1,,,,unisex,,,adult,,,,,,,,,,Fine Jewelry
7499,Ct Natural Diamond Earring in 18k | GIA Certified,"**Opulent  Ct Natural Diamond Earring**

Elevate your fine jewelry collection with these magnificent 18k earrings. Featuring a  Ct Natural Diamond , surrounded by 12 white diamonds (0.08 Ct), this heirloom piece radiates warmth and unmatched sophistication.",in stock,new,145235.81 JPY,https://colourdiam.com/productdetail/7499,https://www.colourdiam.com/Product/Jewellery/7504/white45/center.jpg,Colour Diam,Apparel & Accessories > Jewelry,,1,,,,unisex,F to G,,adult,,,,,,,,,,Fine Jewelry
7501,Ct Natural Diamond Bracelet in Precious Metal | GIA Certified,"**Breathtaking  Ct Natural Diamond Bracelet**

Elevate your fine jewelry collection with these magnificent Precious Metal bracelets. Featuring a  Ct Natural Diamond , this heirloom piece radiates warmth and unmatched sophistication.",in stock,new,136158.57 JPY,https://colourdiam.com/productdetail/7501,https://www.colourdiam.com/Product/Jewellery/7502/white45/center.jpg,Colour Diam,Apparel & Accessories > Jewelry,,1,,,,unisex,,,adult,,,,,,,,,,Fine Jewelry
7496,2587.5 Ct Bracelet 12.74 Gram | Colour Diam,"**Stunning  Ct Natural Diamond Bracelet**

Elevate your fine jewelry collection with these magnificent Precious Metal bracelets. Featuring a  Ct Natural Diamond , this heirloom piece radiates warmth and unmatched sophistication.",in stock,new,80787.42 JPY,https://colourdiam.com/productdetail/7496,https://www.colourdiam.com/Product/Jewellery/7503/white45/center.jpg,Colour Diam,Apparel & Accessories > Jewelry,,1,,,,unisex,F to G,,adult,,,,,,,,,,Fine Jewelry
7500,1.01 Ct Fancy Deep yellow Vs2 GIA Ring | Colour Diam,"**Enchanting  Ct Natural Diamond Bracelet**

Elevate your fine jewelry collection with these magnificent 9k bracelets. Featuring a  Ct Natural Diamond , this heirloom piece radiates warmth and unmatched sophistication.",in stock,new,99849.62 JPY,https://colourdiam.com/productdetail/7500,https://www.colourdiam.com/Product/Jewellery/2593/white45/center.jpg,Colour Diam,Apparel & Accessories > Jewelry,,1,,,,unisex,,,adult,,,,,,,,,,Fine Jewelry
3576_3578_3879_3577_3580,0.88 Ct Sapphire gem stone Ring | Colour Diam,"**Enchanting  Ct Natural Diamond Ring**

Elevate your fine jewelry collection with these magnificent 18k rings. Featuring a  Ct Natural Diamond , surrounded by 32 white diamonds (0.18 Ct), this heirloom piece radiates warmth and unmatched sophistication.",in stock,new,363089.52 JPY,https://colourdiam.com/productdetail/Menu/3576/3578/3879/3577/3580,https://www.colourdiam.com/Product/Jewellery/7514/white45/center.jpg,Colour Diam,Apparel & Accessories > Jewelry,,1,,,,unisex,,,adult,,,,,,,,,IGI,Fine Jewelry
7523,18 Ct k Ring | Colour Diam,"**Opulent  Ct Natural Diamond Ring**

Elevate your fine jewelry collection with these magnificent 18k rings. Featuring a  Ct Natural Diamond , surrounded by 18 white diamonds (0.15 Ct), this heirloom piece radiates warmth and unmatched sophistication.",in stock,new,136158.57 JPY,https://colourdiam.com/productdetail/7523,https://www.colourdiam.com/Product/Jewellery/7451/white45/center.jpg,Colour Diam,Apparel & Accessories > Jewelry,,1,,,,unisex,F to G,,adult,,,,,,,,,,Fine Jewelry
7495,3.45 Ct bugget vs Ring | Colour Diam,"**Resplendent  Ct Natural Diamond Ring**

Elevate your fine jewelry collection with these magnificent 18k rings. Featuring a  Ct Natural Diamond , surrounded by 21 white diamonds (0.38 Ct), this heirloom piece radiates warmth and unmatched sophistication.",in stock,new,81695.14 JPY,https://colourdiam.com/productdetail/7495,https://www.colourdiam.com/Product/Jewellery/7431/white45/center.jpg,Colour Diam,Apparel & Accessories > Jewelry,,1,,,,unisex,F to G,,adult,,,,,,,,,,Fine Jewelry
7493,3.45 Ct sapphire gem stone Ring | Colour Diam,"**Sumptuous 0.33 Ct Natural Diamond Ring**

Elevate your fine jewelry collection with these magnificent Precious Metal rings. Featuring a  Ct Natural Diamond , this heirloom piece radiates warmth and unmatched sophistication.",in stock,new,136158.57 JPY,https://colourdiam.com/productdetail/7493,https://www.colourdiam.com/Product/Jewellery/7510/white45/center.jpg,Colour Diam,Apparel & Accessories > Jewelry,,1,,,,unisex,F to G,,adult,,,,,,,,,,Fine Jewelry
7521,1.22 Ct Natural Diamond ring in Precious Metal | GIA Certified,"**Resplendent 1.22 Ct Natural Diamond ring**

Elevate your fine jewelry collection with these magnificent Precious Metal rings. Featuring a  Ct Natural Diamond , this heirloom piece radiates warmth and unmatched sophistication.",in stock,new,156128.49 JPY,https://colourdiam.com/productdetail/7521,https://www.colourdiam.com/Product/Jewellery/7498/white45/center.jpg,Colour Diam,Apparel & Accessories > Jewelry,,1,,,,unisex,D to F,,adult,,,,,,,,,,Fine Jewelry
7520,1.25 Ct Natural Diamond Ring in Precious Metal | GIA Certified,"**Captivating 1.25 Ct Natural Diamond Ring**

Elevate your fine jewelry collection with these magnificent Precious Metal rings. Featuring a  Ct Natural Diamond , this heirloom piece radiates warmth and unmatched sophistication.",in stock,new,136158.57 JPY,https://colourdiam.com/productdetail/7520,https://www.colourdiam.com/Product/Jewellery/7499/white45/center.jpg,Colour Diam,Apparel & Accessories > Jewelry,,1,,,,unisex,,,adult,,,,,,,,,,Fine Jewelry
7497,2.91 Ct bugget Si1 Ring | Colour Diam,"**Splendid  Ct Natural Diamond Ring**

Elevate your fine jewelry collection with these magnificent 18k rings. Featuring a  Ct Natural Diamond , this heirloom piece radiates warmth and unmatched sophistication.",in stock,new,172467.52 JPY,https://colourdiam.com/productdetail/7497,https://www.colourdiam.com/Product/Jewellery/7501/white45/center.jpg,Colour Diam,Apparel & Accessories > Jewelry,,1,,,,unisex,,,adult,,,,,,,,,,Fine Jewelry
7439,3.13 Ct k Ring | Colour Diam,"**Magnificent 0.31 Ct Natural Diamond Ring**

Elevate your fine jewelry collection with these magnificent Precious Metal rings. Featuring a  Ct Natural Diamond , this heirloom piece radiates warmth and unmatched sophistication.",in stock,new,108926.86 JPY,https://colourdiam.com/productdetail/7439,https://www.colourdiam.com/Product/Jewellery/7496/white45/center.jpg,Colour Diam,Apparel & Accessories > Jewelry,,1,,,,unisex,,,adult,,,,,,,,,,Fine Jewelry
7494,0.38 Ct Natural Diamond ring in Precious Metal | GIA Certified,"**Stunning 0.38 Ct Natural Diamond ring**

Elevate your fine jewelry collection with these magnificent Precious Metal rings. Featuring a  Ct Natural Diamond , this heirloom piece radiates warmth and unmatched sophistication.",in stock,new,118004.09 JPY,https://colourdiam.com/productdetail/7494,https://www.colourdiam.com/Product/Jewellery/7500/white45/center.jpg,Colour Diam,Apparel & Accessories > Jewelry,,1,,,,unisex,,,adult,,,,,,,,,,Fine Jewelry
7438,4.07 Ct DIAMONDS IGI Ring | Colour Diam,"**Resplendent 0.47 Ct Natural Diamond Ring**

Elevate your fine jewelry collection with these magnificent Precious Metal rings. Featuring a  Ct Natural Diamond , this heirloom piece radiates warmth and unmatched sophistication.",in stock,new,108926.86 JPY,https://colourdiam.com/productdetail/7438,https://www.colourdiam.com/Product/Jewellery/3576_3578_3879_3577_3580/white45/center.jpg,Colour Diam,Apparel & Accessories > Jewelry,,1,,,,unisex,,,adult,,,,,,,,,,Fine Jewelry
7434,0.98 Ct Natural Diamond RING in Precious Metal | GIA Certified,"**Splendid 0.98 Ct Natural Diamond RING**

Elevate your fine jewelry collection with these magnificent Precious Metal rings. Featuring a  Ct Natural Diamond , this heirloom piece radiates warmth and unmatched sophistication.",in stock,new,390321.23 JPY,https://colourdiam.com/productdetail/7434,https://www.colourdiam.com/Product/Jewellery/7523/white45/center.jpg,Colour Diam,Apparel & Accessories > Jewelry,,1,,,,unisex,,,adult,,,,,,,,,,Fine Jewelry
8612,3.13 Ct Ring | Colour Diam,"**Resplendent  Ct Natural Diamond Ring**

Elevate your fine jewelry collection with these magnificent Precious Metal rings. Featuring a  Ct Natural Diamond , this heirloom piece radiates warmth and unmatched sophistication.",in stock,new,408475.71 JPY,https://colourdiam.com/productdetail/8612,https://www.colourdiam.com/Product/Jewellery/7495/white45/center.jpg,Colour Diam,Apparel & Accessories > Jewelry,,1,,,,unisex,,,adult,,,,,,,,,,Fine Jewelry
6110,0.40 Ct Natural Diamond Ring in Precious Metal | GIA Certified,"**Magnificent 0.40 Ct Natural Diamond Ring**

Elevate your fine jewelry collection with these magnificent Precious Metal rings. Featuring a  Ct Natural Diamond , this heirloom piece radiates warmth and unmatched sophistication.",in stock,new,3267805.67 JPY,https://colourdiam.com/productdetail/6110,https://www.colourdiam.com/Product/Jewellery/7493/white45/center.jpg,Colour Diam,Apparel & Accessories > Jewelry,,1,,,,unisex,,,adult,,,,,,,,,GIA,Fine Jewelry
8473,3.03 Ct Ring | Colour Diam,"**Radiant  Ct Natural Diamond Ring**

Elevate your fine jewelry collection with these magnificent Precious Metal rings. Featuring a  Ct Natural Diamond , this heirloom piece radiates warmth and unmatched sophistication.",in stock,new,122542.71 JPY,https://colourdiam.com/productdetail/8473,https://www.colourdiam.com/Product/Jewellery/7521/white45/center.jpg,Colour Diam,Apparel & Accessories > Jewelry,,1,,,,unisex,,,adult,,,,,,,,,,Fine Jewelry
8474,4.1 Ct Ring | Colour Diam,"**Dazzling  Ct Natural Diamond Ring**

Elevate your fine jewelry collection with these magnificent Precious Metal rings. Featuring a  Ct Natural Diamond , this heirloom piece radiates warmth and unmatched sophistication.",in stock,new,122542.71 JPY,https://colourdiam.com/productdetail/8474,https://www.colourdiam.com/Product/Jewellery/7520/white45/center.jpg,Colour Diam,Apparel & Accessories > Jewelry,,1,,,,unisex,,,adult,,,,,,,,,,Fine Jewelry
8477,4.49 Ct k Ring | Colour Diam,"**Breathtaking 0.36 Ct Natural Diamond Ring**

Elevate your fine jewelry collection with these magnificent Precious Metal rings. Featuring a  Ct Natural Diamond , this heirloom piece radiates warmth and unmatched sophistication.",in stock,new,122542.71 JPY,https://colourdiam.com/productdetail/8477,https://www.colourdiam.com/Product/Jewellery/7497/white45/center.jpg,Colour Diam,Apparel & Accessories > Jewelry,,1,,,,unisex,,,adult,,,,,,,,,,Fine Jewelry
7284,2.71 Ct Ring | Colour Diam,"**Resplendent  Ct Natural Diamond ring**

Elevate your fine jewelry collection with these magnificent Precious Metal rings. Featuring a  Ct Natural Diamond , this heirloom piece radiates warmth and unmatched sophistication.",in stock,new,79879.69 JPY,https://colourdiam.com/productdetail/7284,https://www.colourdiam.com/Product/Jewellery/7439/white45/center.jpg,Colour Diam,Apparel & Accessories > Jewelry,,1,,,,unisex,,,adult,,,,,,,,,,Fine Jewelry
3510_3507_3508_3509,2.67 Ct sapphire gem stone Ring | Colour Diam,"**Dazzling 0.88 Ct Natural Diamond ring**

Elevate your fine jewelry collection with these magnificent Precious Metal rings. Featuring a  Ct Natural Diamond , this heirloom piece radiates warmth and unmatched sophistication.",in stock,new,272317.14 JPY,https://colourdiam.com/productdetail/Menu/3510/3507/3508/3509,https://www.colourdiam.com/Product/Jewellery/7494/white45/center.jpg,Colour Diam,Apparel & Accessories > Jewelry,,1,,,,unisex,,,adult,,,,,,,,,,Fine Jewelry
7581,2.79 Ct sapphire Ring | Colour Diam,"**Captivating 1.19 Ct Natural Diamond ring**

Elevate your fine jewelry collection with these magnificent Precious Metal rings. Featuring a  Ct Natural Diamond , this heirloom piece radiates warmth and unmatched sophistication.",in stock,new,6354066.57 JPY,https://colourdiam.com/productdetail/7581,https://www.colourdiam.com/Product/Jewellery/7438/white45/center.jpg,Colour Diam,Apparel & Accessories > Jewelry,,1,,,,unisex,,,adult,,,,,,,,,GIA,Fine Jewelry
7573_7575_6515,0.88 Ct Natural Diamond ring in Precious Metal | GIA Certified,"**Dazzling 0.88 Ct Natural Diamond ring**

Elevate your fine jewelry collection with these magnificent Precious Metal rings. Featuring a  Ct Natural Diamond , this heirloom piece radiates warmth and unmatched sophistication.",in stock,new,2723171.39 JPY,https://colourdiam.com/productdetail/Menu/7573/7575/6515,https://www.colourdiam.com/Product/Jewellery/7434/white45/center.jpg,Colour Diam,Apparel & Accessories > Jewelry,,1,,,,unisex,,,adult,,,,,,,,,AGL,Fine Jewelry
7565,Ct Natural Diamond BRACELET in 18K | GIA Certified,"**Radiant  Ct Natural Diamond BRACELET**

Elevate your fine jewelry collection with these magnificent 18K bracelets. Featuring a  Ct Natural Diamond , this heirloom piece radiates warmth and unmatched sophistication.",in stock,new,1815447.59 JPY,https://colourdiam.com/productdetail/7565,https://www.colourdiam.com/Product/Jewellery/7285/white45/center.jpg,Colour Diam,Apparel & Accessories > Jewelry,,1,,,,unisex,,,adult,,,,,,,,,AGL,Fine Jewelry
8409,2587.5 Ct Bracelet | Colour Diam,"**Magnificent  Ct Natural Diamond BRACELET**

Elevate your fine jewelry collection with these magnificent 18K bracelets. Featuring a  Ct Natural Diamond , this heirloom piece radiates warmth and unmatched sophistication.",in stock,new,4538618.98 JPY,https://colourdiam.com/productdetail/8409,https://www.colourdiam.com/Product/Jewellery/8612/white45/center.jpg,Colour Diam,Apparel & Accessories > Jewelry,,1,,,,unisex,,,adult,,,,,,,,,GIA,Fine Jewelry
8417,1 Ct Faint Pinkish Brown VS2 GIA Ring | Colour Diam,"**Exquisite  Ct Natural Diamond Bracelet**

Elevate your fine jewelry collection with these magnificent 9K bracelets. Featuring a  Ct Natural Diamond , this heirloom piece radiates warmth and unmatched sophistication.",in stock,new,635406.66 JPY,https://colourdiam.com/productdetail/8417,https://www.colourdiam.com/Product/Jewellery/6110/white45/center.jpg,Colour Diam,Apparel & Accessories > Jewelry,,1,,,,unisex,,,adult,,,,,,,,,AGL,Fine Jewelry
8400,0.16 Ct Yellow Gold Bracelet 5.040 Gram | Colour Diam,"**Captivating  Ct Natural Diamond Ring**

Elevate your fine jewelry collection with these magnificent 18k rings. Featuring a  Ct Natural Diamond , surrounded by 47 white diamonds (0.34 Ct), this heirloom piece radiates warmth and unmatched sophistication.",in stock,new,399398.47 JPY,https://colourdiam.com/productdetail/8400,https://www.colourdiam.com/Product/Jewellery/8473/white45/center.jpg,Colour Diam,Apparel & Accessories > Jewelry,,1,,,,unisex,,,adult,,,,,,,,,,Fine Jewelry
8401,0.17 Ct Yellow Gold Bracelet | Colour Diam,"**Dazzling  Ct Natural Diamond Bracelet**

Elevate your fine jewelry collection with these magnificent 9K bracelets. Featuring a  Ct Natural Diamond , this heirloom piece radiates warmth and unmatched sophistication.",in stock,new,381243.99 JPY,https://colourdiam.com/productdetail/8401,https://www.colourdiam.com/Product/Jewellery/8474/white45/center.jpg,Colour Diam,Apparel & Accessories > Jewelry,,1,,,,unisex,,,adult,,,,,,,,,,Fine Jewelry
8402,0.16 Ct Yellow Gold Bracelet 5.460 Gram | Colour Diam,"**Radiant  Ct Natural Diamond Bracelet**

Elevate your fine jewelry collection with these magnificent 9K bracelets. Featuring a  Ct Natural Diamond , this heirloom piece radiates warmth and unmatched sophistication.",in stock,new,136158.57 JPY,https://colourdiam.com/productdetail/8402,https://www.colourdiam.com/Product/Jewellery/8477/white45/center.jpg,Colour Diam,Apparel & Accessories > Jewelry,,1,,,,unisex,,,adult,,,,,,,,,,Fine Jewelry
8404,0.16 Ct Yellow Gold Bracelet | Colour Diam,"**Opulent  Ct Natural Diamond Bracelet**

Elevate your fine jewelry collection with these magnificent 9K bracelets. Featuring a  Ct Natural Diamond , this heirloom piece radiates warmth and unmatched sophistication.",in stock,new,127081.33 JPY,https://colourdiam.com/productdetail/8404,https://www.colourdiam.com/Product/Jewellery/8480/white45/center.jpg,Colour Diam,Apparel & Accessories > Jewelry,,1,,,,unisex,,,adult,,,,,,,,,,Fine Jewelry
8424,7.74 Ct Bracelet | Colour Diam,"**Sumptuous  Ct Natural Diamond Bracelet**

Elevate your fine jewelry collection with these magnificent 9K bracelets. Featuring a  Ct Natural Diamond , this heirloom piece radiates warmth and unmatched sophistication.",in stock,new,376705.38 JPY,https://colourdiam.com/productdetail/8424,https://www.colourdiam.com/Product/Jewellery/7284/white45/center.jpg,Colour Diam,Apparel & Accessories > Jewelry,,1,,,,unisex,,,adult,,,,,,,,,AGL,Fine Jewelry
8425,0.4 Ct D SI2 Ring | Colour Diam,"**Opulent  Ct Natural Diamond Bracelet**

Elevate your fine jewelry collection with these magnificent Precious Metal bracelets. Featuring a  Ct Natural Diamond , this heirloom piece radiates warmth and unmatched sophistication.",in stock,new,767026.61 JPY,https://colourdiam.com/productdetail/8425,https://www.colourdiam.com/Product/Jewellery/3510_3507_3508_3509/white45/center.jpg,Colour Diam,Apparel & Accessories > Jewelry,,1,,,,unisex,,,adult,,,,,,,,,,Fine Jewelry
7332,2.03 Ct Fancy Pinkish Brown VS2 GIA Ring | Colour Diam,"**Stunning  Ct Natural Diamond Ring**

Elevate your fine jewelry collection with these magnificent 18k rings. Featuring a  Ct Natural Diamond , this heirloom piece radiates warmth and unmatched sophistication.",in stock,new,399398.47 JPY,https://colourdiam.com/productdetail/7332,https://www.colourdiam.com/Product/Jewellery/7581/white45/center.jpg,Colour Diam,Apparel & Accessories > Jewelry,,1,,,,unisex,,,adult,,,,,,,,,GII,Fine Jewelry
6102_6021,2 Ct FANCY BLUE VS AGL Earring | Colour Diam,"**Stunning  Ct Natural Diamond Ring**

Elevate your fine jewelry collection with these magnificent Precious Metal rings. Featuring a  Ct Natural Diamond , surrounded by 66 white diamonds (0.504 Ct) and 10 pear diamonds (1.0 Ct), this heirloom piece radiates warmth and unmatched sophistication.",in stock,new,2178537.11 JPY,https://colourdiam.com/productdetail/Menu/6102/6021,https://www.colourdiam.com/Product/Jewellery/7573_7575_6515/white45/center.jpg,Colour Diam,Apparel & Accessories > Jewelry,,1,,,,unisex,,,adult,,,,,,,,,GIA,Fine Jewelry
8012,1.73 Ct Fancy Pink VS AGL Ring | Colour Diam,"**Opulent  Ct Natural Diamond EARRING**

Elevate your fine jewelry collection with these magnificent Precious Metal earrings. Featuring a  Ct Natural Diamond , surrounded by 28 white diamonds (0.244 Ct), this heirloom piece radiates warmth and unmatched sophistication.",in stock,new,2178537.11 JPY,https://colourdiam.com/productdetail/8012,https://www.colourdiam.com/Product/Jewellery/7565/white45/center.jpg,Colour Diam,Apparel & Accessories > Jewelry,,1,,,,unisex,,,adult,,,,,,,,,GIA,Fine Jewelry
8481,2.01 Ct Light Pink VVS2 GIA Necklace | Colour Diam,"**Radiant  Ct Natural Diamond Ring**

Elevate your fine jewelry collection with these magnificent 18K rings. Featuring a  Ct Natural Diamond , surrounded by 24 white diamonds (0.22 Ct) and 10 pear diamonds (1.94 Ct), this heirloom piece radiates warmth and unmatched sophistication.",in stock,new,399398.47 JPY,https://colourdiam.com/productdetail/8481,https://www.colourdiam.com/Product/Jewellery/8409/white45/center.jpg,Colour Diam,Apparel & Accessories > Jewelry,,1,,,,unisex,,,adult,,,,,,,,,NON CERTIFIED,Fine Jewelry
8482,0.46 Ct Fancy Green SI AGL Ring | Colour Diam,"**Splendid  Ct Natural Diamond Necklace**

Elevate your fine jewelry collection with these magnificent 18K necklaces. Featuring a  Ct Natural Diamond , this heirloom piece radiates warmth and unmatched sophistication.",in stock,new,399398.47 JPY,https://colourdiam.com/productdetail/8482,https://www.colourdiam.com/Product/Jewellery/8417/white45/center.jpg,Colour Diam,Apparel & Accessories > Jewelry,,1,,,,unisex,,,adult,,,,,,,,,NON CERTIFIED,Fine Jewelry
8483,31.6 Ct Semi precious stone Ring | Colour Diam,"**Breathtaking  Ct Natural Diamond Ring**

Elevate your fine jewelry collection with these magnificent 18k rings. Featuring a  Ct Natural Diamond , surrounded by 64 white diamonds (0.48 Ct), this heirloom piece radiates warmth and unmatched sophistication.",in stock,new,399398.47 JPY,https://colourdiam.com/productdetail/8483,https://www.colourdiam.com/Product/Jewellery/8400/white45/center.jpg,Colour Diam,Apparel & Accessories > Jewelry,,1,,,,unisex,,,adult,,,,,,,,,NON CERTIFIED,Fine Jewelry
8484,0.7 Ct Blue Sapphire Ring | Colour Diam,"**Enchanting  Ct Natural Diamond Ring**

Elevate your fine jewelry collection with these magnificent 18K rings. Featuring a  Ct Natural Diamond , this heirloom piece radiates warmth and unmatched sophistication.",in stock,new,399398.47 JPY,https://colourdiam.com/productdetail/8484,https://www.colourdiam.com/Product/Jewellery/8401/white45/center.jpg,Colour Diam,Apparel & Accessories > Jewelry,,1,,,,unisex,,,adult,,,,,,,,,NON CERTIFIED,Fine Jewelry
8485,0.16 Ct Round Ruby Ring | Colour Diam,"**Splendid  Ct Natural Diamond Ring**

Elevate your fine jewelry collection with these magnificent 18K rings. Featuring a  Ct Natural Diamond , surrounded by 105 white diamonds (1.08 Ct), this heirloom piece radiates warmth and unmatched sophistication.",in stock,new,151226.78 JPY,https://colourdiam.com/productdetail/8485,https://www.colourdiam.com/Product/Jewellery/8402/white45/center.jpg,Colour Diam,Apparel & Accessories > Jewelry,,1,,,,unisex,,,adult,,,,,,,,,,Fine Jewelry
8487,0.16 Ct Round Blue Sapphire Ring | Colour Diam,"**Exquisite  Ct Natural Diamond Ring**

Elevate your fine jewelry collection with these magnificent 18K rings. Featuring a  Ct Natural Diamond , surrounded by 97 white diamonds (0.38 Ct), this heirloom piece radiates warmth and unmatched sophistication.",in stock,new,151234.68 JPY,https://colourdiam.com/productdetail/8487,https://www.colourdiam.com/Product/Jewellery/8404/white45/center.jpg,Colour Diam,Apparel & Accessories > Jewelry,,1,,,,unisex,,,adult,,,,,,,,,,Fine Jewelry
8489,0.55 Ct AGL Diamond | Colour Diam,"**Radiant  Ct Natural Diamond Ring**

Elevate your fine jewelry collection with these magnificent 18K rings. Featuring a  Ct Natural Diamond , surrounded by 97 white diamonds (0.38 Ct), this heirloom piece radiates warmth and unmatched sophistication.",in stock,new,151226.78 JPY,https://colourdiam.com/productdetail/8489,https://www.colourdiam.com/Product/Jewellery/8424/white45/center.jpg,Colour Diam,Apparel & Accessories > Jewelry,,1,,,,unisex,,,adult,,,,,,,,,,Fine Jewelry
8486,0.58 Ct Diamond | Colour Diam,"**Captivating  Ct Natural Diamond Creation**

Elevate your fine jewelry collection with these magnificent 18k creations. Featuring a  Ct Natural Diamond , this heirloom piece radiates warmth and unmatched sophistication.",in stock,new,151226.78 JPY,https://colourdiam.com/productdetail/8486,https://www.colourdiam.com/Product/Jewellery/8425/white45/center.jpg,Colour Diam,Apparel & Accessories > Jewelry,,1,,,,unisex,,,adult,,,,,,,,,,Fine Jewelry
8488,1.75 Ct Blue Sapphire Natural GII Ring | Colour Diam,"**Captivating  Ct Natural Diamond Creation**

Elevate your fine jewelry collection with these magnificent Precious Metal creations. Featuring a  Ct Natural Diamond , this heirloom piece radiates warmth and unmatched sophistication.",in stock,new,151226.78 JPY,https://colourdiam.com/productdetail/8488,https://www.colourdiam.com/Product/Jewellery/7332/white45/center.jpg,Colour Diam,Apparel & Accessories > Jewelry,,1,,,,unisex,,,adult,,,,,,,,,,Fine Jewelry
8490,3.01 Ct U-V VS1 GIA Ring | Colour Diam,"**Captivating  Ct Natural Diamond Ring**

Elevate your fine jewelry collection with these magnificent 18K rings. Featuring a  Ct Natural Diamond , surrounded by 65 white diamonds (0.55 Ct), this heirloom piece radiates warmth and unmatched sophistication.",in stock,new,151226.78 JPY,https://colourdiam.com/productdetail/8490,https://www.colourdiam.com/Product/Jewellery/6102_6021/white45/center.jpg,Colour Diam,Apparel & Accessories > Jewelry,,1,,,,unisex,,,adult,,,,,,,,,,Fine Jewelry
7179,0.71 Ct Faint Pinkish Brown VS2 GIA Ring | Colour Diam,"**Radiant 3.01 Ct U-V Ring**

Elevate your fine jewelry collection with these magnificent 18k rings. Featuring a 3.01 Ct U-V VS1, this heirloom piece radiates warmth and unmatched sophistication.",in stock,new,45386189.8 JPY,https://colourdiam.com/productdetail/7179,https://www.colourdiam.com/Product/Jewellery/8012/white45/center.jpg,Colour Diam,Apparel & Accessories > Jewelry,,1,,,,unisex,,,adult,,,,,,,,,GIA,Fine Jewelry
8363,1 Ct mix Bracelet | Colour Diam - 1,"**Resplendent  Ct Natural Diamond Ring**

Elevate your fine jewelry collection with these magnificent 18K rings. Featuring a  Ct Natural Diamond , surrounded by 58 white diamonds (0.59 Ct) and 20 pear diamonds (2.02 Ct), this heirloom piece radiates warmth and unmatched sophistication.",in stock,new,217853.71 JPY,https://colourdiam.com/productdetail/8363,https://www.colourdiam.com/Product/Jewellery/8481/white45/center.jpg,Colour Diam,Apparel & Accessories > Jewelry,,1,,,,unisex,,,adult,,,,,,,,,,Fine Jewelry
8098,1 Ct mix Bracelet | Colour Diam - 2,"**Breathtaking 1.00 Ct Natural Diamond Bracelet**

Elevate your fine jewelry collection with these magnificent Precious Metal bracelets. Featuring a  Ct Natural Diamond , surrounded by 28 yellow diamonds (0.14 Ct), this heirloom piece radiates warmth and unmatched sophistication.",in stock,new,217853.71 JPY,https://colourdiam.com/productdetail/8098,https://www.colourdiam.com/Product/Jewellery/8482/white45/center.jpg,Colour Diam,Apparel & Accessories > Jewelry,,1,,,,unisex,,,adult,,,,,,,,,,Fine Jewelry
6158,1 Ct mix Bracelet | Colour Diam - 3,"**Stunning 1.00 Ct Natural Diamond Bracelet**

Elevate your fine jewelry collection with these magnificent Precious Metal bracelets. Featuring a  Ct Natural Diamond , surrounded by 28 yellow diamonds (0.14 Ct), this heirloom piece radiates warmth and unmatched sophistication.",in stock,new,816951.42 JPY,https://colourdiam.com/productdetail/6158,https://www.colourdiam.com/Product/Jewellery/8483/white45/center.jpg,Colour Diam,Apparel & Accessories > Jewelry,,1,,,,unisex,,,adult,,,,,,,,,GIA,Fine Jewelry
6115,1 Ct mix Bracelet | Colour Diam,"**Dazzling 1.00 Ct Natural Diamond Bracelet**

Elevate your fine jewelry collection with these magnificent Precious Metal bracelets. Featuring a  Ct Natural Diamond , surrounded by 28 yellow diamonds (0.14 Ct), this heirloom piece radiates warmth and unmatched sophistication.",in stock,new,653561.13 JPY,https://colourdiam.com/productdetail/6115,https://www.colourdiam.com/Product/Jewellery/8484/white45/center.jpg,Colour Diam,Apparel & Accessories > Jewelry,,1,,,,unisex,,,adult,,,,,,,,,GIA,Fine Jewelry
6160,0.16 Ct Fancy Pink Ring 4.0 Gram | Colour Diam,"**Radiant 1.00 Ct Natural Diamond Bracelet**

Elevate your fine jewelry collection with these magnificent Precious Metal bracelets. Featuring a  Ct Natural Diamond , surrounded by 28 yellow diamonds (0.14 Ct), this heirloom piece radiates warmth and unmatched sophistication.",in stock,new,816951.42 JPY,https://colourdiam.com/productdetail/6160,https://www.colourdiam.com/Product/Jewellery/8485/white45/center.jpg,Colour Diam,Apparel & Accessories > Jewelry,,1,,,,unisex,,,adult,,,,,,,,,GIA,Fine Jewelry
5320,0.2 Ct Fancy Pink Earring 3.0 Gram | Colour Diam,"**Enchanting  Ct Natural Diamond Ring**

Elevate your fine jewelry collection with these magnificent 18k rings. Featuring a  Ct Natural Diamond , this heirloom piece radiates warmth and unmatched sophistication.",in stock,new,671715.61 JPY,https://colourdiam.com/productdetail/5320,https://www.colourdiam.com/Product/Jewellery/8487/white45/center.jpg,Colour Diam,Apparel & Accessories > Jewelry,,1,,,,unisex,,,adult,,,,,,,,,GIA,Fine Jewelry
7352,0.16 Ct Fancy Pink Pendant 3.9 Gram | Colour Diam,"**Sumptuous  Ct Natural Diamond Earring**

Elevate your fine jewelry collection with these magnificent 18k earrings. Featuring a  Ct Natural Diamond , this heirloom piece radiates warmth and unmatched sophistication.",in stock,new,154313.05 JPY,https://colourdiam.com/productdetail/7352,https://www.colourdiam.com/Product/Jewellery/8489/white45/center.jpg,Colour Diam,Apparel & Accessories > Jewelry,,1,,,,unisex,,,adult,,,,,,,,,,Fine Jewelry
7355,0.16 Ct Fancy Pink Ring | Colour Diam,"**Resplendent  Ct Natural Diamond Pendant**

Elevate your fine jewelry collection with these magnificent 18k pendants. Featuring a  Ct Natural Diamond , this heirloom piece radiates warmth and unmatched sophistication.",in stock,new,156128.49 JPY,https://colourdiam.com/productdetail/7355,https://www.colourdiam.com/Product/Jewellery/8486/white45/center.jpg,Colour Diam,Apparel & Accessories > Jewelry,,1,,,,unisex,,,adult,,,,,,,,,,Fine Jewelry
7356,0.2 Ct Fancy Pink Earring | Colour Diam,"**Dazzling  Ct Natural Diamond Ring**

Elevate your fine jewelry collection with these magnificent 18k rings. Featuring a  Ct Natural Diamond , this heirloom piece radiates warmth and unmatched sophistication.",in stock,new,150682.15 JPY,https://colourdiam.com/productdetail/7356,https://www.colourdiam.com/Product/Jewellery/8488/white45/center.jpg,Colour Diam,Apparel & Accessories > Jewelry,,1,,,,unisex,,,adult,,,,,,,,,,Fine Jewelry
7357,0.16 Ct Fancy Pink Pendant | Colour Diam,"**Dazzling  Ct Natural Diamond Earring**

Elevate your fine jewelry collection with these magnificent 18k earrings. Featuring a  Ct Natural Diamond , this heirloom piece radiates warmth and unmatched sophistication.",in stock,new,145235.81 JPY,https://colourdiam.com/productdetail/7357,https://www.colourdiam.com/Product/Jewellery/8490/white45/center.jpg,Colour Diam,Apparel & Accessories > Jewelry,,1,,,,unisex,,,adult,,,,,,,,,,Fine Jewelry
7358,4.49 Ct Faint Pink VVS1 GIA Ring | Colour Diam,"**Dazzling  Ct Natural Diamond Pendant**

Elevate your fine jewelry collection with these magnificent 18k pendants. Featuring a  Ct Natural Diamond , this heirloom piece radiates warmth and unmatched sophistication.",in stock,new,146143.53 JPY,https://colourdiam.com/productdetail/7358,https://www.colourdiam.com/Product/Jewellery/7179/white45/center.jpg,Colour Diam,Apparel & Accessories > Jewelry,,1,,,,unisex,,,adult,,,,,,,,,,Fine Jewelry
7359,0.22 Ct Fancy Pink Ring 5.08 Gram | Colour Diam,"**Captivating  Ct Natural Diamond Ring**

Elevate your fine jewelry collection with these magnificent 18K rings. Featuring a  Ct Natural Diamond , surrounded by 56 white diamonds (0.49 Ct) and 16 pear diamonds (1.64 Ct), this heirloom piece radiates warmth and unmatched sophistication.",in stock,new,154313.05 JPY,https://colourdiam.com/productdetail/7359,https://www.colourdiam.com/Product/Jewellery/8363/white45/center.jpg,Colour Diam,Apparel & Accessories > Jewelry,,1,,,,unisex,,,adult,,,,,,,,,,Fine Jewelry
7360,0.22 Ct Fancy Pink Ring | Colour Diam,"**Magnificent  Ct Natural Diamond Ring**

Elevate your fine jewelry collection with these magnificent 18k rings. Featuring a  Ct Natural Diamond , this heirloom piece radiates warmth and unmatched sophistication.",in stock,new,161574.84 JPY,https://colourdiam.com/productdetail/7360,https://www.colourdiam.com/Product/Jewellery/8098/white45/center.jpg,Colour Diam,Apparel & Accessories > Jewelry,,1,,,,unisex,,,adult,,,,,,,,,,Fine Jewelry
7361,1.01 Ct F COLOUR VVS2 GIA Ring | Colour Diam,"**Sumptuous  Ct Natural Diamond Ring**

Elevate your fine jewelry collection with these magnificent 18k rings. Featuring a  Ct Natural Diamond , this heirloom piece radiates warmth and unmatched sophistication.",in stock,new,151408.33 JPY,https://colourdiam.com/productdetail/7361,https://www.colourdiam.com/Product/Jewellery/6158/white45/center.jpg,Colour Diam,Apparel & Accessories > Jewelry,,1,,,,unisex,,,adult,,,,,,,,,,Fine Jewelry
7362,1 Ct F COLOUR VS1 GIA Ring | Colour Diam,"**Opulent  Ct Natural Diamond Ring**

Elevate your fine jewelry collection with these magnificent 18K rings. Featuring a  Ct Natural Diamond , surrounded by 66 white diamonds (0.80 Ct), this heirloom piece radiates warmth and unmatched sophistication.",in stock,new,136158.57 JPY,https://colourdiam.com/productdetail/7362,https://www.colourdiam.com/Product/Jewellery/6115/white45/center.jpg,Colour Diam,Apparel & Accessories > Jewelry,,1,,,,unisex,,,adult,,,,,,,,,,Fine Jewelry
7363,1 Ct E COLOUR VVS1 GIA Ring | Colour Diam,"**Resplendent  Ct Natural Diamond Ring**

Elevate your fine jewelry collection with these magnificent 18K rings. Featuring a  Ct Natural Diamond , surrounded by 54 white diamonds (0.43 Ct), this heirloom piece radiates warmth and unmatched sophistication.",in stock,new,148866.7 JPY,https://colourdiam.com/productdetail/7363,https://www.colourdiam.com/Product/Jewellery/6160/white45/center.jpg,Colour Diam,Apparel & Accessories > Jewelry,,1,,,,unisex,,,adult,,,,,,,,,,Fine Jewelry
7364,1.01 Ct H COLOUR VS2 GIA Ring | Colour Diam,"**Exquisite  Ct Natural Diamond Ring**

Elevate your fine jewelry collection with these magnificent 18K rings. Featuring a  Ct Natural Diamond , surrounded by 66 white diamonds (0.49 Ct), this heirloom piece radiates warmth and unmatched sophistication.",in stock,new,146325.08 JPY,https://colourdiam.com/productdetail/7364,https://www.colourdiam.com/Product/Jewellery/5320/white45/center.jpg,Colour Diam,Apparel & Accessories > Jewelry,,1,,,,unisex,,,adult,,,,,,,,,,Fine Jewelry
7365,0.82 Ct sapphire Ring | Colour Diam,"**Opulent  Ct Natural Diamond Ring**

Elevate your fine jewelry collection with these magnificent 18K rings. Featuring a  Ct Natural Diamond , surrounded by 48 white diamonds (0.59 Ct), this heirloom piece radiates warmth and unmatched sophistication.",in stock,new,181544.76 JPY,https://colourdiam.com/productdetail/7365,https://www.colourdiam.com/Product/Jewellery/7352/white45/center.jpg,Colour Diam,Apparel & Accessories > Jewelry,,1,,,,unisex,,,adult,,,,,,,,,,Fine Jewelry
7353,0.94 Ct sapphire Ring 3.79 Gram | Colour Diam,"**Resplendent  Ct Natural Diamond ring**

Elevate your fine jewelry collection with these magnificent 18K rings. Featuring a  Ct Natural Diamond , surrounded by 20 white diamonds (0.09 Ct), this heirloom piece radiates warmth and unmatched sophistication.",in stock,new,156128.49 JPY,https://colourdiam.com/productdetail/7353,https://www.colourdiam.com/Product/Jewellery/7355/white45/center.jpg,Colour Diam,Apparel & Accessories > Jewelry,,1,,,,unisex,,,adult,,,,,,,,,,Fine Jewelry
7354,0.79 Ct sapphire Ring | Colour Diam,"**Captivating  Ct Natural Diamond ring**

Elevate your fine jewelry collection with these magnificent 18K rings. Featuring a  Ct Natural Diamond , surrounded by 18 white diamonds (0.08 Ct), this heirloom piece radiates warmth and unmatched sophistication.",in stock,new,156128.49 JPY,https://colourdiam.com/productdetail/7354,https://www.colourdiam.com/Product/Jewellery/7356/white45/center.jpg,Colour Diam,Apparel & Accessories > Jewelry,,1,,,,unisex,,,adult,,,,,,,,,,Fine Jewelry
8155,0.7 Ct sapphire Ring | Colour Diam,"**Radiant  Ct Natural Diamond ring**

Elevate your fine jewelry collection with these magnificent 18K rings. Featuring a  Ct Natural Diamond , surrounded by 18 white diamonds (0.08 Ct), this heirloom piece radiates warmth and unmatched sophistication.",in stock,new,181544.76 JPY,https://colourdiam.com/productdetail/8155,https://www.colourdiam.com/Product/Jewellery/7357/white45/center.jpg,Colour Diam,Apparel & Accessories > Jewelry,,1,,,,unisex,,,adult,,,,,,,,,AGL,Fine Jewelry
8605,0.66 Ct sapphire Ring | Colour Diam,"**Captivating  Ct Natural Diamond ring**

Elevate your fine jewelry collection with these magnificent 18K rings. Featuring a  Ct Natural Diamond , surrounded by 20 white diamonds (0.08 Ct), this heirloom piece radiates warmth and unmatched sophistication.",in stock,new,72617.9 JPY,https://colourdiam.com/productdetail/8605,https://www.colourdiam.com/Product/Jewellery/7358/white45/center.jpg,Colour Diam,Apparel & Accessories > Jewelry,,1,,,,unisex,,,adult,,,,,,,,,,Fine Jewelry
7453,0.87 Ct sapphire Ring | Colour Diam,"**Opulent  Ct Natural Diamond ring**

Elevate your fine jewelry collection with these magnificent 18K rings. Featuring a  Ct Natural Diamond , surrounded by 20 white diamonds (0.10 Ct), this heirloom piece radiates warmth and unmatched sophistication.",in stock,new,272317.14 JPY,https://colourdiam.com/productdetail/7453,https://www.colourdiam.com/Product/Jewellery/7359/white45/center.jpg,Colour Diam,Apparel & Accessories > Jewelry,,1,,,,unisex,,,adult,,,,,,,,,,Fine Jewelry
7942,0.94 Ct sapphire Ring 3.97 Gram | Colour Diam,"**Exquisite  Ct Natural Diamond ring**

Elevate your fine jewelry collection with these magnificent 18K rings. Featuring a  Ct Natural Diamond , surrounded by 20 white diamonds (0.09 Ct), this heirloom piece radiates warmth and unmatched sophistication.",in stock,new,181544.76 JPY,https://colourdiam.com/productdetail/7942,https://www.colourdiam.com/Product/Jewellery/7360/white45/center.jpg,Colour Diam,Apparel & Accessories > Jewelry,,1,,,,unisex,,,adult,,,,,,,,,AGL,Fine Jewelry
8316,0.73 Ct sapphire Ring | Colour Diam,"**Enchanting  Ct Natural Diamond ring**

Elevate your fine jewelry collection with these magnificent 18K rings. Featuring a  Ct Natural Diamond , surrounded by 20 white diamonds (0.11 Ct), this heirloom piece radiates warmth and unmatched sophistication.",in stock,new,272317.14 JPY,https://colourdiam.com/productdetail/8316,https://www.colourdiam.com/Product/Jewellery/7361/white45/center.jpg,Colour Diam,Apparel & Accessories > Jewelry,,1,,,,unisex,,,adult,,,,,,,,,,Fine Jewelry
8613,0.5 Ct sapphire Ring | Colour Diam,"**Magnificent  Ct Natural Diamond ring**

Elevate your fine jewelry collection with these magnificent 18K rings. Featuring a  Ct Natural Diamond , surrounded by 20 white diamonds (0.09 Ct), this heirloom piece radiates warmth and unmatched sophistication.",in stock,new,81695.14 JPY,https://colourdiam.com/productdetail/8613,https://www.colourdiam.com/Product/Jewellery/7362/white45/center.jpg,Colour Diam,Apparel & Accessories > Jewelry,,1,,,,unisex,,,adult,,,,,,,,,,Fine Jewelry
7401_7402_7403_7405_7406,0.75 Ct sapphire Ring | Colour Diam,"**Opulent  Ct Natural Diamond ring**

Elevate your fine jewelry collection with these magnificent 18K rings. Featuring a  Ct Natural Diamond , surrounded by 18 white diamonds (0.08 Ct), this heirloom piece radiates warmth and unmatched sophistication.",in stock,new,1724675.21 JPY,https://colourdiam.com/productdetail/Menu/7401/7402/7403/7405/7406,https://www.colourdiam.com/Product/Jewellery/7363/white45/center.jpg,Colour Diam,Apparel & Accessories > Jewelry,,1,,,,unisex,,,adult,,,,,,,,,GIA,Fine Jewelry
7942,0.74 Ct sapphire Ring 3.71 Gram | Colour Diam,"**Resplendent  Ct Natural Diamond ring**

Elevate your fine jewelry collection with these magnificent 18K rings. Featuring a  Ct Natural Diamond , surrounded by 18 white diamonds (0.09 Ct), this heirloom piece radiates warmth and unmatched sophistication.",in stock,new,163390.28 JPY,https://colourdiam.com/productdetail/7942,https://www.colourdiam.com/Product/Jewellery/7364/white45/center.jpg,Colour Diam,Apparel & Accessories > Jewelry,,1,,,,unisex,,,adult,,,,,,,,,AGL,Fine Jewelry
5026,0.74 Ct sapphire Ring | Colour Diam,"**Splendid  Ct Natural Diamond ring**

Elevate your fine jewelry collection with these magnificent 18K rings. Featuring a  Ct Natural Diamond , surrounded by 20 white diamonds (0.09 Ct), this heirloom piece radiates warmth and unmatched sophistication.",in stock,new,453861.9 JPY,https://colourdiam.com/productdetail/5026,https://www.colourdiam.com/Product/Jewellery/7365/white45/center.jpg,Colour Diam,Apparel & Accessories > Jewelry,,1,,,,unisex,,,adult,,,,,,,,,IGI,Fine Jewelry
7652,0.94 Ct sapphire Ring | Colour Diam - 1,"**Stunning  Ct Natural Diamond ring**

Elevate your fine jewelry collection with these magnificent 18K rings. Featuring a  Ct Natural Diamond , surrounded by 20 white diamonds (0.10 Ct), this heirloom piece radiates warmth and unmatched sophistication.",in stock,new,3267805.67 JPY,https://colourdiam.com/productdetail/7652,https://www.colourdiam.com/Product/Jewellery/7353/white45/center.jpg,Colour Diam,Apparel & Accessories > Jewelry,,1,,,,unisex,,,adult,,,,,,,,,GIA,Fine Jewelry
8607,0.94 Ct sapphire Ring | Colour Diam,"**Dazzling  Ct Natural Diamond ring**

Elevate your fine jewelry collection with these magnificent 18K rings. Featuring a  Ct Natural Diamond , surrounded by 20 white diamonds (0.08 Ct), this heirloom piece radiates warmth and unmatched sophistication.",in stock,new,145235.81 JPY,https://colourdiam.com/productdetail/8607,https://www.colourdiam.com/Product/Jewellery/7354/white45/center.jpg,Colour Diam,Apparel & Accessories > Jewelry,,1,,,,unisex,,,adult,,,,,,,,,,Fine Jewelry
5616,0.235 Ct Fancy  Brownish Yellow SI AGL Ring | Colour Diam,"**Dazzling  Ct Natural Diamond ring**

Elevate your fine jewelry collection with these magnificent 18K rings. Featuring a  Ct Natural Diamond , surrounded by 20 white diamonds (0.09 Ct), this heirloom piece radiates warmth and unmatched sophistication.",in stock,new,1361585.69 JPY,https://colourdiam.com/productdetail/5616,https://www.colourdiam.com/Product/Jewellery/8155/white45/center.jpg,Colour Diam,Apparel & Accessories > Jewelry,,1,,,,unisex,,,adult,,,,,,,,,GIA,Fine Jewelry
5420,0.3 Ct G COLOUR Ring | Colour Diam,"**Exquisite  Ct Natural Diamond Ring**

Elevate your fine jewelry collection with these magnificent 18K rings. Featuring a  Ct Natural Diamond , surrounded by 18 white diamonds (0.148 Ct), this heirloom piece radiates warmth and unmatched sophistication.",in stock,new,907723.8 JPY,https://colourdiam.com/productdetail/5420,https://www.colourdiam.com/Product/Jewellery/8605/white45/center.jpg,Colour Diam,Apparel & Accessories > Jewelry,,1,,,,unisex,,,adult,,,,,,,,,GIA,Fine Jewelry
8364,0.5 Ct bugget VS Earring | Colour Diam,"**Dazzling  Ct Natural Diamond Ring**

Elevate your fine jewelry collection with these magnificent 18K rings. Featuring a  Ct Natural Diamond , this heirloom piece radiates warmth and unmatched sophistication.",in stock,new,181544.76 JPY,https://colourdiam.com/productdetail/8364,https://www.colourdiam.com/Product/Jewellery/7453/white45/center.jpg,Colour Diam,Apparel & Accessories > Jewelry,,1,,,,unisex,,,adult,,,,,,,,,,Fine Jewelry
8366,0.185 Ct Fancy Yellow VS AGL Ring 1.91 Gram | Colour Diam,"**Resplendent  Ct Natural Diamond Earring**

Elevate your fine jewelry collection with these magnificent 18K earrings. Featuring a  Ct Natural Diamond , surrounded by 60 white diamonds (0.48 Ct), this heirloom piece radiates warmth and unmatched sophistication.",in stock,new,,https://colourdiam.com/productdetail/8366,https://www.colourdiam.com/Product/Jewellery/7942/white45/center.jpg,Colour Diam,Apparel & Accessories > Jewelry,,1,,,,unisex,,,adult,,,,,,,,,,Fine Jewelry
7047,0.115 Ct Fancy Pink Ring | Colour Diam,"**Opulent  Ct Natural Diamond ring**

Elevate your fine jewelry collection with these magnificent 18K rings. Featuring a  Ct Natural Diamond , surrounded by 12 white diamonds (0.127 Ct), this heirloom piece radiates warmth and unmatched sophistication.",in stock,new,10892685.55 JPY,https://colourdiam.com/productdetail/7047,https://www.colourdiam.com/Product/Jewellery/8316/white45/center.jpg,Colour Diam,Apparel & Accessories > Jewelry,,1,,,,unisex,,,adult,,,,,,,,,GIA,Fine Jewelry
5440,0.35 Ct Blue Treated Ring | Colour Diam,"**Stunning  Ct Natural Diamond ring**

Elevate your fine jewelry collection with these magnificent 18k rings. Featuring a  Ct Natural Diamond , this heirloom piece radiates warmth and unmatched sophistication.",in stock,new,726179.04 JPY,https://colourdiam.com/productdetail/5440,https://www.colourdiam.com/Product/Jewellery/8613/white45/center.jpg,Colour Diam,Apparel & Accessories > Jewelry,,1,,,,unisex,,,adult,,,,,,,,,GIA,Fine Jewelry
5421,1.73 Ct GIA Bracelet | Colour Diam,"**Radiant  Ct Natural Diamond Ring**

Elevate your fine jewelry collection with these magnificent 18k rings. Featuring a  Ct Natural Diamond , this heirloom piece radiates warmth and unmatched sophistication.",in stock,new,816951.42 JPY,https://colourdiam.com/productdetail/5421,https://www.colourdiam.com/Product/Jewellery/7401_7402_7403_7405_7406/white45/center.jpg,Colour Diam,Apparel & Accessories > Jewelry,,1,,,,unisex,,,adult,,,,,,,,,GIA,Fine Jewelry
4748,0.185 Ct Fancy Yellow VS AGL Ring | Colour Diam,"**Breathtaking  Ct Natural Diamond Bracelet**

Elevate your fine jewelry collection with these magnificent 18k bracelets. Featuring a  Ct Natural Diamond , surrounded by 119 white diamonds (0.83 Ct), this heirloom piece radiates warmth and unmatched sophistication.",in stock,new,816951.42 JPY,https://colourdiam.com/productdetail/4748,https://www.colourdiam.com/Product/Jewellery/7942/white45/center.jpg,Colour Diam,Apparel & Accessories > Jewelry,,1,,,,unisex,,,adult,,,,,,,,,GIA,Fine Jewelry
8507,1 Ct F SI2 IGI Ring | Colour Diam,"**Radiant  Ct Natural Diamond Ring**

Elevate your fine jewelry collection with these magnificent Precious Metal rings. Featuring a  Ct Natural Diamond , surrounded by 12 white diamonds (0.127 Ct), this heirloom piece radiates warmth and unmatched sophistication.",in stock,new,907723.8 JPY,https://colourdiam.com/productdetail/8507,https://www.colourdiam.com/Product/Jewellery/5026/white45/center.jpg,Colour Diam,Apparel & Accessories > Jewelry,,1,,,,unisex,,,adult,,,,,,,,,AGL,Fine Jewelry
8508,2.71 Ct Fancy Brownish Greenish Yellow VVS2 GIA Ring | Colour Diam,"**Captivating  Ct Natural Diamond Ring**

Elevate your fine jewelry collection with these magnificent 18k rings. Featuring a  Ct Natural Diamond , surrounded by 44 white diamonds (0.66 Ct), this heirloom piece radiates warmth and unmatched sophistication.",in stock,new,1361585.69 JPY,https://colourdiam.com/productdetail/8508,https://www.colourdiam.com/Product/Jewellery/7652/white45/center.jpg,Colour Diam,Apparel & Accessories > Jewelry,,1,,,,unisex,,,adult,,,,,,,,,AGL,Fine Jewelry
5431,0.36 Ct PENDANT Pendant | Colour Diam,"**Stunning  Ct Natural Diamond Ring**

Elevate your fine jewelry collection with these magnificent Precious Metal rings. Featuring a  Ct Natural Diamond , surrounded by 190 white diamonds (0.81 Ct), this heirloom piece radiates warmth and unmatched sophistication.",in stock,new,998496.18 JPY,https://colourdiam.com/productdetail/5431,https://www.colourdiam.com/Product/Jewellery/8607/white45/center.jpg,Colour Diam,Apparel & Accessories > Jewelry,,1,,,,unisex,,,adult,,,,,,,,,GIA,Fine Jewelry
8512,0.56 Ct LIGHT PINK VS1 GIA Ring | Colour Diam,"**Breathtaking  Ct Natural Diamond PENDANT**

Elevate your fine jewelry collection with these magnificent 18k pendants. Featuring a  Ct Natural Diamond , this heirloom piece radiates warmth and unmatched sophistication.",in stock,new,907723.8 JPY,https://colourdiam.com/productdetail/8512,https://www.colourdiam.com/Product/Jewellery/5616/white45/center.jpg,Colour Diam,Apparel & Accessories > Jewelry,,1,,,,unisex,,,adult,,,,,,,,,AGL,Fine Jewelry
8510,0.57 Ct LIGHT BLUE (UNDERTERMINED) VVS2 GIA Ring | Colour Diam,"**Radiant  Ct Natural Diamond Ring**

Elevate your fine jewelry collection with these magnificent Precious Metal rings. Featuring a  Ct Natural Diamond , surrounded by 34 white diamonds (0.39 Ct), this heirloom piece radiates warmth and unmatched sophistication.",in stock,new,907723.8 JPY,https://colourdiam.com/productdetail/8510,https://www.colourdiam.com/Product/Jewellery/5420/white45/center.jpg,Colour Diam,Apparel & Accessories > Jewelry,,1,,,,unisex,,,adult,,,,,,,,,AGL,Fine Jewelry
8503,0.32 Ct Fancy Pink Ring | Colour Diam,"**Resplendent  Ct Natural Diamond Ring**

Elevate your fine jewelry collection with these magnificent Precious Metal rings. Featuring a  Ct Natural Diamond , surrounded by 54 white diamonds (0.76 Ct), this heirloom piece radiates warmth and unmatched sophistication.",in stock,new,1543130.45 JPY,https://colourdiam.com/productdetail/8503,https://www.colourdiam.com/Product/Jewellery/8364/white45/center.jpg,Colour Diam,Apparel & Accessories > Jewelry,,1,,,,unisex,,,adult,,,,,,,,,AGL,Fine Jewelry
5422,0.4 Ct Fancy Pink Pendant | Colour Diam,"**Enchanting  Ct Natural Diamond Ring**

Elevate your fine jewelry collection with these magnificent 18k rings. Featuring a  Ct Natural Diamond , this heirloom piece radiates warmth and unmatched sophistication.",in stock,new,907723.8 JPY,https://colourdiam.com/productdetail/5422,https://www.colourdiam.com/Product/Jewellery/8366/white45/center.jpg,Colour Diam,Apparel & Accessories > Jewelry,,1,,,,unisex,,,adult,,,,,,,,,GIA,Fine Jewelry
4254,8.01 Ct U to V Range VS2 GIA Ring | Colour Diam,"**Opulent  Ct Natural Diamond Pendant**

Elevate your fine jewelry collection with these magnificent 18k pendants. Featuring a  Ct Natural Diamond , this heirloom piece radiates warmth and unmatched sophistication.",in stock,new,635406.66 JPY,https://colourdiam.com/productdetail/4254,https://www.colourdiam.com/Product/Jewellery/7047/white45/center.jpg,Colour Diam,Apparel & Accessories > Jewelry,,1,,,,unisex,,,adult,,,,,,,,,AGL,Fine Jewelry
8505,2 Ct Fancy Yellowish Green SI2 GIA Ring | Colour Diam,"**Captivating  Ct Natural Diamond Ring**

Elevate your fine jewelry collection with these magnificent Precious Metal rings. Featuring a  Ct Natural Diamond , surrounded by 66 white diamonds (0.582 Ct) and 12 pear diamonds (1.663 Ct), this heirloom piece radiates warmth and unmatched sophistication.",in stock,new,1180040.93 JPY,https://colourdiam.com/productdetail/8505,https://www.colourdiam.com/Product/Jewellery/1385/white45/center.jpg,Colour Diam,Apparel & Accessories > Jewelry,,1,,,,unisex,,,adult,,,,,,,,,AGL,Fine Jewelry
8509,0.33 Ct Light Blue (Undetermined) SI1 GIA Ring | Colour Diam,"**Captivating  Ct Natural Diamond Ring**

Elevate your fine jewelry collection with these magnificent Precious Metal rings. Featuring a  Ct Natural Diamond , surrounded by 36 white diamonds (0.52 Ct), this heirloom piece radiates warmth and unmatched sophistication.",in stock,new,907723.8 JPY,https://colourdiam.com/productdetail/8509,https://www.colourdiam.com/Product/Jewellery/5440/white45/center.jpg,Colour Diam,Apparel & Accessories > Jewelry,,1,,,,unisex,,,adult,,,,,,,,,AGL,Fine Jewelry
4744_4858,0.53 Ct Faint Blue (Undetermined) VS2 GIA Ring | Colour Diam,"**Enchanting  Ct Natural Diamond Ring**

Elevate your fine jewelry collection with these magnificent Precious Metal rings. Featuring a  Ct Natural Diamond , surrounded by 27 white diamonds (0.39 Ct), this heirloom piece radiates warmth and unmatched sophistication.",in stock,new,1724675.21 JPY,https://colourdiam.com/productdetail/Menu/4744/4858,https://www.colourdiam.com/Product/Jewellery/5421/white45/center.jpg,Colour Diam,Apparel & Accessories > Jewelry,,1,,,,unisex,,,adult,,,,,,,,,GIA,Fine Jewelry
7988,0.65 Ct Fancy Yellowish Green (Undetermined) I1 GIA Ring | Colour Diam,"**Opulent  Ct Natural Diamond Ring**

Elevate your fine jewelry collection with these magnificent Precious Metal rings. Featuring a  Ct Natural Diamond , surrounded by 39 white diamonds (0.57 Ct), this heirloom piece radiates warmth and unmatched sophistication.",in stock,new,217853.71 JPY,https://colourdiam.com/productdetail/7988,https://www.colourdiam.com/Product/Jewellery/4748/white45/center.jpg,Colour Diam,Apparel & Accessories > Jewelry,,1,,,,unisex,,,adult,,,,,,,,,,Fine Jewelry
7989,1 Ct Fancy Green VS AGL Ring 4.15 Gram | Colour Diam,"**Splendid  Ct Natural Diamond Ring**

Elevate your fine jewelry collection with these magnificent Precious Metal rings. Featuring a  Ct Natural Diamond , surrounded by 95 white diamonds (0.52 Ct), this heirloom piece radiates warmth and unmatched sophistication.",in stock,new,509233.05 JPY,https://colourdiam.com/productdetail/7989,https://www.colourdiam.com/Product/Jewellery/8507/white45/center.jpg,Colour Diam,Apparel & Accessories > Jewelry,,1,,,,unisex,,,adult,,,,,,,,,,Fine Jewelry
7990,1.51 Ct Fancy Green VS AGL Ring | Colour Diam,"**Magnificent 1.00 Ct Natural Diamond Ring**

Elevate your fine jewelry collection with these magnificent 18k rings. Featuring a  Ct Natural Diamond , surrounded by 28 white diamonds (0.45 Ct), this heirloom piece radiates warmth and unmatched sophistication.",in stock,new,571865.99 JPY,https://colourdiam.com/productdetail/7990,https://www.colourdiam.com/Product/Jewellery/8508/white45/center.jpg,Colour Diam,Apparel & Accessories > Jewelry,,1,,,,unisex,,,adult,,,,,,,,,,Fine Jewelry
8511,0.39 Ct Very light Blue (Undetermined) Vs1 GIA Ring | Colour Diam,"**Magnificent 1.51 Ct Natural Diamond Ring**

Elevate your fine jewelry collection with these magnificent 18k rings. Featuring a  Ct Natural Diamond , surrounded by 34 white diamonds (0.42 Ct), this heirloom piece radiates warmth and unmatched sophistication.",in stock,new,1361585.69 JPY,https://colourdiam.com/productdetail/8511,https://www.colourdiam.com/Product/Jewellery/5431/white45/center.jpg,Colour Diam,Apparel & Accessories > Jewelry,,1,,,,unisex,,,adult,,,,,,,,,AGL,Fine Jewelry
8551,1.03 Ct Fancy Green VS AGL Ring | Colour Diam,"**Resplendent  Ct Natural Diamond Ring**

Elevate your fine jewelry collection with these magnificent 18k rings. Featuring a  Ct Natural Diamond , surrounded by 79 white diamonds (0.52 Ct), this heirloom piece radiates warmth and unmatched sophistication.",in stock,new,1543130.45 JPY,https://colourdiam.com/productdetail/8551,https://www.colourdiam.com/Product/Jewellery/8512/white45/center.jpg,Colour Diam,Apparel & Accessories > Jewelry,,1,,,,unisex,,,adult,,,,,,,,,GIA,Fine Jewelry
8678,1 Ct Fancy Green VS AGL Ring 3.73 Gram | Colour Diam,"**Stunning 1.03 Ct Natural Diamond Ring**

Elevate your fine jewelry collection with these magnificent 18k rings. Featuring a  Ct Natural Diamond , surrounded by 113 white diamonds (0.69 Ct), this heirloom piece radiates warmth and unmatched sophistication.",in stock,new,236008.19 JPY,https://colourdiam.com/productdetail/8678,https://www.colourdiam.com/Product/Jewellery/8510/white45/center.jpg,Colour Diam,Apparel & Accessories > Jewelry,,1,,,,unisex,,,adult,,,,,,,,,GIA,Fine Jewelry
4706,1.51 Ct Fancy Intense Green SI1 AGL Ring | Colour Diam,"**Dazzling 1.00 Ct Natural Diamond Ring**

Elevate your fine jewelry collection with these magnificent 18k rings. Featuring a  Ct Natural Diamond , surrounded by 80 white diamonds (0.53 Ct), this heirloom piece radiates warmth and unmatched sophistication.",in stock,new,1180040.93 JPY,https://colourdiam.com/productdetail/4706,https://www.colourdiam.com/Product/Jewellery/8503/white45/center.jpg,Colour Diam,Apparel & Accessories > Jewelry,,1,,,,unisex,,,adult,,,,,,,,,GIA,Fine Jewelry
4750,0.35 Ct Light Blue (Undetermined) SI2 GIA Ring | Colour Diam,"**Resplendent 1.51 Ct Natural Diamond Ring**

Elevate your fine jewelry collection with these magnificent 18k rings. Featuring a  Ct Natural Diamond , surrounded by 20 white diamonds (0.51 Ct), this heirloom piece radiates warmth and unmatched sophistication.",in stock,new,998496.18 JPY,https://colourdiam.com/productdetail/4750,https://www.colourdiam.com/Product/Jewellery/5422/white45/center.jpg,Colour Diam,Apparel & Accessories > Jewelry,,1,,,,unisex,,,adult,,,,,,,,,GIA,Fine Jewelry
7127,1.02 Ct Fancy Green SI AGL Ring | Colour Diam,"**Exquisite 0.35 Ct Natural Diamond Ring**

Elevate your fine jewelry collection with these magnificent 18k rings. Featuring a  Ct Natural Diamond , surrounded by 48 white diamonds (0.23 Ct), this heirloom piece radiates warmth and unmatched sophistication.",in stock,new,1180040.93 JPY,https://colourdiam.com/productdetail/7127,https://www.colourdiam.com/Product/Jewellery/4254/white45/center.jpg,Colour Diam,Apparel & Accessories > Jewelry,,1,,,,unisex,,,adult,,,,,,,,,GIA,Fine Jewelry
6185,1.5 Ct Fancy Green VS AGL Ring | Colour Diam,"**Opulent 1.02 Ct Natural Diamond Ring**

Elevate your fine jewelry collection with these magnificent 18k rings. Featuring a  Ct Natural Diamond , surrounded by 66 white diamonds (0.254 Ct), this heirloom piece radiates warmth and unmatched sophistication.",in stock,new,1815447.59 JPY,https://colourdiam.com/productdetail/6185,https://www.colourdiam.com/Product/Jewellery/8505/white45/center.jpg,Colour Diam,Apparel & Accessories > Jewelry,,1,,,,unisex,,,adult,,,,,,,,,GIA,Fine Jewelry
3832,1.01 Ct Fancy Green SI AGL Ring 6.56 Gram | Colour Diam,"**Resplendent 1.50 Ct Natural Diamond Ring**

Elevate your fine jewelry collection with these magnificent 18k rings. Featuring a  Ct Natural Diamond , surrounded by 140 white diamonds (0.84 Ct), this heirloom piece radiates warmth and unmatched sophistication.",in stock,new,508325.33 JPY,https://colourdiam.com/productdetail/3832,https://www.colourdiam.com/Product/Jewellery/8509/white45/center.jpg,Colour Diam,Apparel & Accessories > Jewelry,,1,,,,unisex,,,adult,,,,,,,,,IGI,Fine Jewelry
5564_6916,0.61 Ct Light Blue SI2 GIA Ring | Colour Diam,"**Magnificent 1.01 Ct Natural Diamond Ring**

Elevate your fine jewelry collection with these magnificent 18k rings. Featuring a  Ct Natural Diamond , this heirloom piece radiates warmth and unmatched sophistication.",in stock,new,1815447.59 JPY,https://colourdiam.com/productdetail/Menu/5564/6916,https://www.colourdiam.com/Product/Jewellery/4744_4858/white45/center.jpg,Colour Diam,Apparel & Accessories > Jewelry,,1,,,,unisex,,,adult,,,,,,,,,GIA,Fine Jewelry
7233,4.23 Ct Emerald Earring | Colour Diam,"**Captivating 1.11 Ct Natural Diamond Ring**

Elevate your fine jewelry collection with these magnificent Precious Metal rings. Featuring a  Ct Natural Diamond , surrounded by 50 white diamonds (0.47 Ct), this heirloom piece radiates warmth and unmatched sophistication.",in stock,new,2723171.39 JPY,https://colourdiam.com/productdetail/7233,https://www.colourdiam.com/Product/Jewellery/7988/white45/center.jpg,Colour Diam,Apparel & Accessories > Jewelry,,1,,,,unisex,,,adult,,,,,,,,,GIA,Fine Jewelry
4732_4745,20.91 Ct Oval RED Earring | Colour Diam,"**Captivating 4.23 Ct Natural Diamond Earring**

Elevate your fine jewelry collection with these magnificent 18k earrings. Featuring a  Ct Natural Diamond , this heirloom piece radiates warmth and unmatched sophistication.",in stock,new,1797293.12 JPY,https://colourdiam.com/productdetail/Menu/4732/4745,https://www.colourdiam.com/Product/Jewellery/7989/white45/center.jpg,Colour Diam,Apparel & Accessories > Jewelry,,1,,,,unisex,,,adult,,,,,,,,,GIA,Fine Jewelry
8334,24.03 Ct Emerald Pendant | Colour Diam,"**Resplendent 20.91 Ct Natural Diamond Earring**

Elevate your fine jewelry collection with these magnificent 18k earrings. Featuring a  Ct Natural Diamond , this heirloom piece radiates warmth and unmatched sophistication.",in stock,new,3267805.67 JPY,https://colourdiam.com/productdetail/8334,https://www.colourdiam.com/Product/Jewellery/7990/white45/center.jpg,Colour Diam,Apparel & Accessories > Jewelry,,1,,,,unisex,,,adult,,,,,,,,,GIA,Fine Jewelry
7475,1.5 Ct Fancy Green SI AGL Ring | Colour Diam,"**Splendid 24.03 Ct Natural Diamond Pendant**

Elevate your fine jewelry collection with these magnificent 18k pendants. Featuring a  Ct Natural Diamond , surrounded by 83 white diamonds (0.697 Ct), this heirloom piece radiates warmth and unmatched sophistication.",in stock,new,2632399.01 JPY,https://colourdiam.com/productdetail/7475,https://www.colourdiam.com/Product/Jewellery/8511/white45/center.jpg,Colour Diam,Apparel & Accessories > Jewelry,,1,,,,unisex,,,adult,,,,,,,,,AGL,Fine Jewelry
7369,1.51 Ct Fancy Brownish Greenish Yellow VS2 GIA Ring | Colour Diam,"**Stunning 1.50 Ct Natural Diamond Ring**

Elevate your fine jewelry collection with these magnificent 18k rings. Featuring a  Ct Natural Diamond , surrounded by 38 white diamonds (0.74 Ct), this heirloom piece radiates warmth and unmatched sophistication.",in stock,new,4538618.98 JPY,https://colourdiam.com/productdetail/7369,https://www.colourdiam.com/Product/Jewellery/8551/white45/center.jpg,Colour Diam,Apparel & Accessories > Jewelry,,1,,,,unisex,,,adult,,,,,,,,,GIA,Fine Jewelry
4723,0.9 Ct Fancy Vivid Yellow(Treated) I1 GIA Ring | Colour Diam,"**Breathtaking 1.51 Ct Natural Diamond Ring**

Elevate your fine jewelry collection with these magnificent 18k rings. Featuring a  Ct Natural Diamond , surrounded by 54 white diamonds (0.404 Ct), this heirloom piece radiates warmth and unmatched sophistication.",in stock,new,998496.18 JPY,https://colourdiam.com/productdetail/4723,https://www.colourdiam.com/Product/Jewellery/8678/white45/center.jpg,Colour Diam,Apparel & Accessories > Jewelry,,1,,,,unisex,,,adult,,,,,,,,,GIA,Fine Jewelry
6278,0.65 Ct Light Blue (Undetermined) SI1 GIA Ring | Colour Diam,"**Captivating 0.90 Ct Fancy Vivid Yellow(Treated) Ring**

Elevate your fine jewelry collection with these magnificent 18k rings. Featuring a 0.90 Ct Fancy Vivid Yellow(Treated) I1, surrounded by 12 white diamonds (0.30 Ct), this heirloom piece radiates warmth and unmatched sophistication.",in stock,new,1452358.07 JPY,https://colourdiam.com/productdetail/6278,https://www.colourdiam.com/Product/Jewellery/4706/white45/center.jpg,Colour Diam,Apparel & Accessories > Jewelry,,1,,,,unisex,,,adult,,,,,,,,,GIA,Fine Jewelry
5437,0.69 Ct Light Green (Undetermined) VS1 GIA Ring | Colour Diam,"**Resplendent 0.65 Ct Natural Diamond Ring**

Elevate your fine jewelry collection with these magnificent 18k rings. Featuring a  Ct Natural Diamond , surrounded by 33 white diamonds (0.33 Ct) and 10 pear diamonds (0.79 Ct), this heirloom piece radiates warmth and unmatched sophistication.",in stock,new,998496.18 JPY,https://colourdiam.com/productdetail/5437,https://www.colourdiam.com/Product/Jewellery/4750/white45/center.jpg,Colour Diam,Apparel & Accessories > Jewelry,,1,,,,unisex,,,adult,,,,,,,,,GIA,Fine Jewelry
8513,0.55 Ct Faint Pink SI2 GIA Ring | Colour Diam,"**Sumptuous 0.69 Ct Natural Diamond Ring**

Elevate your fine jewelry collection with these magnificent 18k rings. Featuring a  Ct Natural Diamond , surrounded by 100 white diamonds (0.75 Ct), this heirloom piece radiates warmth and unmatched sophistication.",in stock,new,544634.28 JPY,https://colourdiam.com/productdetail/8513,https://www.colourdiam.com/Product/Jewellery/7127/white45/center.jpg,Colour Diam,Apparel & Accessories > Jewelry,,1,,,,unisex,,,adult,,,,,,,,,AGL,Fine Jewelry
8694,1.5 Ct D VS1 GIA Ring | Colour Diam,"**Magnificent 0.55 Ct Natural Diamond Ring**

Elevate your fine jewelry collection with these magnificent 18k rings. Featuring a  Ct Natural Diamond , surrounded by 177 white diamonds (1.23 Ct) and 04 pear diamonds (0.72 Ct), this heirloom piece radiates warmth and unmatched sophistication.",in stock,new,1452358.07 JPY,https://colourdiam.com/productdetail/8694,https://www.colourdiam.com/Product/Jewellery/6185/white45/center.jpg,Colour Diam,Apparel & Accessories > Jewelry,,1,,,,unisex,,,adult,,,,,,,,,GIA,Fine Jewelry
8696,1 Ct G Si2 IGI Ring | Colour Diam,"**Resplendent 1.50 Ct Natural Diamond Ring**

Elevate your fine jewelry collection with these magnificent 18k rings. Featuring a  Ct Natural Diamond , surrounded by 66 white diamonds (1.06 Ct), this heirloom piece radiates warmth and unmatched sophistication.",in stock,new,1633902.83 JPY,https://colourdiam.com/productdetail/8696,https://www.colourdiam.com/Product/Jewellery/3832/white45/center.jpg,Colour Diam,Apparel & Accessories > Jewelry,,1,,,,unisex,,,adult,,,,,,,,,GIA,Fine Jewelry
8380,0.61 Ct H SI1 IGI Earring | Colour Diam,"**Sumptuous 1.00 Ct Natural Diamond Ring**

Elevate your fine jewelry collection with these magnificent 18k rings. Featuring a  Ct Natural Diamond , surrounded by 12 white diamonds (0.123 Ct), this heirloom piece radiates warmth and unmatched sophistication.",in stock,new,1633902.83 JPY,https://colourdiam.com/productdetail/8380,"https://www.colourdiam.com/Product/Jewellery/8765_8762
/white45/center.jpg",Colour Diam,Apparel & Accessories > Jewelry,,1,,,,unisex,,,adult,,,,,,,,,GIA,Fine Jewelry
8550,0.7 Ct Faint Pink SI2 GIA Earring | Colour Diam,"**Magnificent 0.610 Ct Natural Diamond Earring**

Elevate your fine jewelry collection with these magnificent 18k earrings. Featuring a  Ct Natural Diamond , this heirloom piece radiates warmth and unmatched sophistication.",in stock,new,3267805.67 JPY,https://colourdiam.com/productdetail/8550,https://www.colourdiam.com/Product/Jewellery/5564_6916/white45/center.jpg,Colour Diam,Apparel & Accessories > Jewelry,,1,,,,unisex,,,adult,,,,,,,,,GIA,Fine Jewelry
7589,1.25 Ct Faint Pink SI2 GIA Ring | Colour Diam,"**Breathtaking 1.40 Ct Natural Diamond Earring**

Elevate your fine jewelry collection with these magnificent 18k earrings. Featuring a  Ct Natural Diamond , surrounded by 112 white diamonds (1.11 Ct) and 24 pear diamonds (2.38 Ct), this heirloom piece radiates warmth and unmatched sophistication.",in stock,new,5446342.78 JPY,https://colourdiam.com/productdetail/7589,https://www.colourdiam.com/Product/Jewellery/7233/white45/center.jpg,Colour Diam,Apparel & Accessories > Jewelry,,1,,,,unisex,,,adult,,,,,,,,,AGL,Fine Jewelry
7745,0.5 Ct Faint Blue SI1 GIA Ring | Colour Diam,"**Captivating 1.25 Ct Natural Diamond Ring**

Elevate your fine jewelry collection with these magnificent 18k rings. Featuring a  Ct Natural Diamond , surrounded by 74 white diamonds (0.95 Ct) and 10 pear diamonds (1.74 Ct), this heirloom piece radiates warmth and unmatched sophistication.",in stock,new,1089268.56 JPY,https://colourdiam.com/productdetail/7745,https://www.colourdiam.com/Product/Jewellery/4732_4745/white45/center.jpg,Colour Diam,Apparel & Accessories > Jewelry,,1,,,,unisex,,,adult,,,,,,,,,GIA,Fine Jewelry
7746,3.02 Ct Light Green Yellow SI2 GIA Ring | Colour Diam,"**Resplendent 1.05 Ct Natural Diamond Ring**

Elevate your fine jewelry collection with these magnificent 18k rings. Featuring a  Ct Natural Diamond , surrounded by 52 white diamonds (0.49 Ct), this heirloom piece radiates warmth and unmatched sophistication.",in stock,new,1270813.31 JPY,https://colourdiam.com/productdetail/7746,https://www.colourdiam.com/Product/Jewellery/8334/white45/center.jpg,Colour Diam,Apparel & Accessories > Jewelry,,1,,,,unisex,,,adult,,,,,,,,,GIA,Fine Jewelry
7819,2.23 Ct Fancy Green SI AGL Ring | Colour Diam,"**Opulent 3.02 Ct Natural Diamond Ring**

Elevate your fine jewelry collection with these magnificent 18k rings. Featuring a  Ct Natural Diamond , surrounded by 76 white diamonds (0.35 Ct) and 16 pear diamonds (1.59 Ct), this heirloom piece radiates warmth and unmatched sophistication.",in stock,new,1452358.07 JPY,https://colourdiam.com/productdetail/7819,https://www.colourdiam.com/Product/Jewellery/7475/white45/center.jpg,Colour Diam,Apparel & Accessories > Jewelry,,1,,,,unisex,,,adult,,,,,,,,,GIA,Fine Jewelry
7800,3.5 Ct Fancy Brownish Greenish Yellow Vs2 GIA Ring | Colour Diam,"**Breathtaking 2.23 Ct Natural Diamond Ring**

Elevate your fine jewelry collection with these magnificent 18k rings. Featuring a  Ct Natural Diamond , surrounded by 104 white diamonds (0.75 Ct) and 10 pear diamonds (1.84 Ct), this heirloom piece radiates warmth and unmatched sophistication.",in stock,new,1452358.07 JPY,https://colourdiam.com/productdetail/7800,https://www.colourdiam.com/Product/Jewellery/7369/white45/center.jpg,Colour Diam,Apparel & Accessories > Jewelry,,1,,,,unisex,,,adult,,,,,,,,,GIA,Fine Jewelry
8013,0.79 Ct Fancy Light Green SI2 GIA Ring | Colour Diam,"**Captivating 3.60 Ct Fancy Brownish Greenish Yellow Ring**

Elevate your fine jewelry collection with these magnificent 18k rings. Featuring a 3.50 Ct Fancy Brownish Greenish Yellow VS2, surrounded by 85 white diamonds (0.48 Ct) and 16 pear diamonds (0.59 Ct), this heirloom piece radiates warmth and unmatched sophistication.",in stock,new,1270813.31 JPY,https://colourdiam.com/productdetail/8013,https://www.colourdiam.com/Product/Jewellery/4723/white45/center.jpg,Colour Diam,Apparel & Accessories > Jewelry,,1,,,,unisex,,,adult,,,,,,,,,GIA,Fine Jewelry
8587,0.7 Ct Very Light Pink SI2 GIA Ring | Colour Diam,"**Dazzling 0.79 Ct Fancy Light Green Ring**

Elevate your fine jewelry collection with these magnificent 18k rings. Featuring a 0.79 Ct Fancy Light Green SI2, surrounded by 224 white diamonds (1.12 Ct), this heirloom piece radiates warmth and unmatched sophistication.",in stock,new,1180040.93 JPY,https://colourdiam.com/productdetail/8587,https://www.colourdiam.com/Product/Jewellery/6278/white45/center.jpg,Colour Diam,Apparel & Accessories > Jewelry,,1,,,,unisex,,,adult,,,,,,,,,GIA,Fine Jewelry
7170,0.66 Ct Fancy Light Green VVS2 GIA Ring | Colour Diam,"**Magnificent 0.70 Ct Very Light Pink Ring**

Elevate your fine jewelry collection with these magnificent 18k rings. Featuring a 0.70 Ct Very Light Pink SI2, surrounded by 66 white diamonds (0.67 Ct), this heirloom piece radiates warmth and unmatched sophistication.",in stock,new,726179.04 JPY,https://colourdiam.com/productdetail/7170,https://www.colourdiam.com/Product/Jewellery/5437/white45/center.jpg,Colour Diam,Apparel & Accessories > Jewelry,,1,,,,unisex,,,adult,,,,,,,,,GIA,Fine Jewelry
7984,1 Ct Fancy Green VS AGL Ring | Colour Diam,"**Radiant 0.66 Ct Fancy Light Green Ring**

Elevate your fine jewelry collection with these magnificent 18k rings. Featuring a 0.66 Ct Fancy Light Green VVS2, surrounded by 37 white diamonds (0.54 Ct), this heirloom piece radiates warmth and unmatched sophistication.",in stock,new,1597593.88 JPY,https://colourdiam.com/productdetail/7984,https://www.colourdiam.com/Product/Jewellery/8513/white45/center.jpg,Colour Diam,Apparel & Accessories > Jewelry,,1,,,,unisex,,,adult,,,,,,,,,GIA,Fine Jewelry
8585,1.19 Ct Light Green Yellow VS1 GIA Ring | Colour Diam,"**Magnificent 1.00 Ct Natural Diamond Ring**

Elevate your fine jewelry collection with these magnificent 18k rings. Featuring a  Ct Natural Diamond , surrounded by 44 white diamonds (0.62 Ct), this heirloom piece radiates warmth and unmatched sophistication.",in stock,new,1270813.31 JPY,https://colourdiam.com/productdetail/8585,https://www.colourdiam.com/Product/Jewellery/8694/white45/center.jpg,Colour Diam,Apparel & Accessories > Jewelry,,1,,,,unisex,,,adult,,,,,,,,,GIA,Fine Jewelry
7983,1.1 Ct Fancy Light Greenish Yellow VVS2 GIA Ring | Colour Diam,"**Breathtaking 1.19 Ct Light Green Yellow Ring**

Elevate your fine jewelry collection with these magnificent 18k rings. Featuring a 1.19 Ct Light Green Yellow VS1, surrounded by 38 white diamonds (0.15 Ct), this heirloom piece radiates warmth and unmatched sophistication.",in stock,new,1724675.21 JPY,https://colourdiam.com/productdetail/7983,https://www.colourdiam.com/Product/Jewellery/8696/white45/center.jpg,Colour Diam,Apparel & Accessories > Jewelry,,1,,,,unisex,,,adult,,,,,,,,,GIA,Fine Jewelry
7699,1.74 Ct Fancy Brownish Greenish Yellow VS2 GIA Ring | Colour Diam,"**Radiant 1.10 Ct Fancy Light Greenish Yellow Ring**

Elevate your fine jewelry collection with these magnificent 18k rings. Featuring a 1.10 Ct Fancy Light Greenish Yellow VVS2, surrounded by 38 white diamonds (0.15 Ct), this heirloom piece radiates warmth and unmatched sophistication.",in stock,new,1180040.93 JPY,https://colourdiam.com/productdetail/7699,https://www.colourdiam.com/Product/Jewellery/8380/white45/center.jpg,Colour Diam,Apparel & Accessories > Jewelry,,1,,,,unisex,,,adult,,,,,,,,,GIA,Fine Jewelry
8844_8848,3.03 Ct Fancy Dark Brown Greenish Yellow SI2 GIA Ring | Colour Diam,"**Sumptuous 1.74 Ct Fancy Brownish Greenish Yellow Ring**

Elevate your fine jewelry collection with these magnificent 18k rings. Featuring a 1.74 Ct Fancy Brownish Greenish Yellow VS2, surrounded by 34 white diamonds (0.240 Ct), this heirloom piece radiates warmth and unmatched sophistication.",in stock,new,99849.62 JPY,https://colourdiam.com/productdetail/Menu/8844/8848,https://www.colourdiam.com/Product/Jewellery/8550/white45/center.jpg,Colour Diam,Apparel & Accessories > Jewelry,,1,,,,unisex,,,adult,,,,,,,,,GIA,Fine Jewelry
8838,3.01 Ct Fancy Pink VS AGL Ring | Colour Diam,"**Opulent 3.030 Ct Natural Diamond Ring**

Elevate your fine jewelry collection with these magnificent 18k rings. Featuring a  Ct Natural Diamond , surrounded by 32 white diamonds (0.256 Ct), this heirloom piece radiates warmth and unmatched sophistication.",in stock,new,411743.51 JPY,https://colourdiam.com/productdetail/8838,https://www.colourdiam.com/Product/Jewellery/7589/white45/center.jpg,Colour Diam,Apparel & Accessories > Jewelry,,1,,,,unisex,,,adult,,,,,,,,,,Fine Jewelry
6066,0.53 Ct Faint Pink SI2 GIA Ring | Colour Diam,"**Exquisite 3.01 Ct Natural Diamond Ring**

Elevate your fine jewelry collection with these magnificent 18k rings. Featuring a  Ct Natural Diamond , surrounded by 38 white diamonds (0.15 Ct), this heirloom piece radiates warmth and unmatched sophistication.",in stock,new,1089268.56 JPY,https://colourdiam.com/productdetail/6066,https://www.colourdiam.com/Product/Jewellery/7745/white45/center.jpg,Colour Diam,Apparel & Accessories > Jewelry,,1,,,,unisex,,,adult,,,,,,,,,GIA,Fine Jewelry
7566_7571_4668,0.51 Ct Faint Pink SI1 GIA Ring | Colour Diam,"**Stunning 0.53 Ct Natural Diamond Ring**

Elevate your fine jewelry collection with these magnificent 18k rings. Featuring a  Ct Natural Diamond , surrounded by 36 white diamonds (0.234 Ct), this heirloom piece radiates warmth and unmatched sophistication.",in stock,new,3630895.18 JPY,https://colourdiam.com/productdetail/Menu/7566/7571/4668,https://www.colourdiam.com/Product/Jewellery/7746/white45/center.jpg,Colour Diam,Apparel & Accessories > Jewelry,,1,,,,unisex,,,adult,,,,,,,,,AGL,Fine Jewelry
5416,0.53 Ct Light Pink SI2 GIA Ring | Colour Diam,"**Captivating 0.51 Ct Natural Diamond Ring**

Elevate your fine jewelry collection with these magnificent 18k rings. Featuring a  Ct Natural Diamond , surrounded by 73 white diamonds (1.08 Ct), this heirloom piece radiates warmth and unmatched sophistication.",in stock,new,907723.8 JPY,https://colourdiam.com/productdetail/5416,https://www.colourdiam.com/Product/Jewellery/7819/white45/center.jpg,Colour Diam,Apparel & Accessories > Jewelry,,1,,,,unisex,,,adult,,,,,,,,,GIA,Fine Jewelry
5435,0.5 Ct Faint Pink VS1 GIA Ring | Colour Diam,"**Stunning 0.53 Ct Natural Diamond Ring**

Elevate your fine jewelry collection with these magnificent 18k rings. Featuring a  Ct Natural Diamond , surrounded by 73 white diamonds (1.08 Ct), this heirloom piece radiates warmth and unmatched sophistication.",in stock,new,907723.8 JPY,https://colourdiam.com/productdetail/5435,https://www.colourdiam.com/Product/Jewellery/7800/white45/center.jpg,Colour Diam,Apparel & Accessories > Jewelry,,1,,,,unisex,,,adult,,,,,,,,,GIA,Fine Jewelry
8549_8559,1.01 Ct Faint Yellow Green VS1 GIA Ring | Colour Diam,"**Captivating 0.50 Ct Natural Diamond Ring**

Elevate your fine jewelry collection with these magnificent 18k rings. Featuring a  Ct Natural Diamond , surrounded by 74 white diamonds (1.09 Ct), this heirloom piece radiates warmth and unmatched sophistication.",in stock,new,2995488.53 JPY,https://colourdiam.com/productdetail/Menu/8549/8559,https://www.colourdiam.com/Product/Jewellery/8013/white45/center.jpg,Colour Diam,Apparel & Accessories > Jewelry,,1,,,,unisex,,,adult,,,,,,,,,GIA,Fine Jewelry
8554_7272,1 Ct Fancy Light Brownish Greenish Yellow SI2 GIA Ring | Colour Diam,"**Breathtaking 1.01 Ct Natural Diamond Ring**

Elevate your fine jewelry collection with these magnificent 18k rings. Featuring a  Ct Natural Diamond , surrounded by 58 white diamonds (0.23 Ct), this heirloom piece radiates warmth and unmatched sophistication.",in stock,new,2178537.11 JPY,https://colourdiam.com/productdetail/Menu/8554/7272,https://www.colourdiam.com/Product/Jewellery/8587/white45/center.jpg,Colour Diam,Apparel & Accessories > Jewelry,,1,,,,unisex,,,adult,,,,,,,,,GIA,Fine Jewelry
8665,1 Ct Fancy Green Yellow SI1 GIA Ring | Colour Diam,"**Magnificent 1.70 Ct Natural Diamond Ring**

Elevate your fine jewelry collection with these magnificent 18k rings. Featuring a  Ct Natural Diamond , surrounded by 90 white diamonds (0.37 Ct), this heirloom piece radiates warmth and unmatched sophistication.",in stock,new,1543130.45 JPY,https://colourdiam.com/productdetail/8665,https://www.colourdiam.com/Product/Jewellery/7170/white45/center.jpg,Colour Diam,Apparel & Accessories > Jewelry,,1,,,,unisex,,,adult,,,,,,,,,GIA,Fine Jewelry
9143,0.36 Ct Light Yellow Green SI1 GIA Ring | Colour Diam,"**Breathtaking 1.00 Ct Natural Diamond Ring**

Elevate your fine jewelry collection with these magnificent 18k rings. Featuring a  Ct Natural Diamond , surrounded by 69 white diamonds (0.308 Ct) and 08 pear diamonds (1.04 Ct), this heirloom piece radiates warmth and unmatched sophistication.",in stock,new,1361585.69 JPY,https://colourdiam.com/productdetail/9143,https://www.colourdiam.com/Product/Jewellery/6955_7700/white45/center.jpg,Colour Diam,Apparel & Accessories > Jewelry,,1,,,,unisex,,,adult,,,,,,,,,AGL,Fine Jewelry
8539,0.54 Ct Very Light Pink VS2 GIA Ring | Colour Diam,"**Sumptuous 1.00 Ct Natural Diamond Ring**

Elevate your fine jewelry collection with these magnificent 18k rings. Featuring a  Ct Natural Diamond , surrounded by 40 white diamonds (0.27 Ct), this heirloom piece radiates warmth and unmatched sophistication.",in stock,new,,https://colourdiam.com/productdetail/8539,https://www.colourdiam.com/Product/Jewellery/7984/white45/center.jpg,Colour Diam,Apparel & Accessories > Jewelry,,1,,,,unisex,,,adult,,,,,,,,,,Fine Jewelry
7152_7268,1.51 Ct Fancy Light Greenish Yellow SI1 GIA Earring | Colour Diam,"**Gleaming 0.86 Ct Light Yellow Green Ring**

Crafted with meticulous precision in 18k, this ring embodies a gleaming allure. Center stones: 0.36 Ct Light Yellow Green SI1 & 0.50 Ct Faint Yellow Green VS2
Accents: 08 Pear Diamonds (0.49 Ct) | 12 Marquise Diamonds (0.96 Ct). A testament to nature's finest creation and masterful human artistry.",in stock,new,2723171.39 JPY,https://colourdiam.com/productdetail/Menu/7152/7268,https://www.colourdiam.com/Product/Jewellery/8693_8690/white45/center.jpg,Colour Diam,Apparel & Accessories > Jewelry,,1,,,,unisex,,,adult,,,,,,,,,GIA,Fine Jewelry
8555,1.01 Ct Fancy Brownish Greenish Yellow Si2 GIA Ring | Colour Diam,"**Precious 0.54 Ct Natural Diamond Ring**

Behold a masterpiece of haute joaillerie: a single  Ct Natural Diamond diamond set in luxurious 18k, complemented by 128 precision-set white diamonds and 16 precision-set pink diamonds and 10 precision-set marquise diamonds. Weighing 5.096 grams in total. A symphony of light and craftsmanship awaits the discerning collector.",in stock,new,1089268.56 JPY,https://colourdiam.com/productdetail/8555,https://www.colourdiam.com/Product/Jewellery/8585/white45/center.jpg,Colour Diam,Apparel & Accessories > Jewelry,,1,,,,unisex,,,adult,,,,,,,,,GIA,Fine Jewelry
8898,0.61 Ct Faint Pink VS2 GIA Ring | Colour Diam,Colour Diam stock 8898. 1.63 cts Fancy Yellow VS; 18k Earring : 3.716 gram; Mainstone - 01 pcs - 1.63 cts; WHITE : 48 / 1.63;,in stock,new,217853.71 JPY,https://colourdiam.com/productdetail/8898,https://www.colourdiam.com/Product/Jewellery/7983/white45/center.jpg,Colour Diam,Apparel & Accessories > Jewelry,,1,,,,unisex,,,adult,,,,,,,,,,Fine Jewelry
8179_5668,1.24 Ct Fancy Light Greenish Yellow VS1 GIA Earring | Colour Diam,"**Breathtaking 1.01 Ct Fancy Brownish Greenish Yellow Si Ring**

Elevate your fine jewelry collection with this magnificent 18k creation. Featuring a GIA-certified 1.01 Ct Fancy Brownish Greenish Yellow Si, framed by a constellation of 64 white diamonds (0.336 Ct), this heirloom-quality piece captures timeless sophistication and unmatched artistry.",in stock,new,2723171.39 JPY,https://colourdiam.com/productdetail/Menu/8179/5668,https://www.colourdiam.com/Product/Jewellery/8692_8697/white45/center.jpg,Colour Diam,Apparel & Accessories > Jewelry,,1,,,,unisex,,,adult,,,,,,,,,GIA,Fine Jewelry
9131_9132,0.72 Ct Faint Pink I1 GIA Ring | Colour Diam,"**Luminous 0.61 Ct Faint Pink Ring**

Crafted with meticulous precision in 18k, this ring commands a luminous allure. Center stone: 0.61 Ct Faint Pink VS2
Accents: 57 White Diamonds (0.228 Ct) | 15 Pink Diamonds (0.135 Ct) | 08 Marquise Diamonds (0.20 Ct). A testament to nature's finest creation and masterful human artistry.",in stock,new,63540.67 JPY,https://colourdiam.com/productdetail/Menu/9131/9132,https://www.colourdiam.com/Product/Jewellery/7699/white45/center.jpg,Colour Diam,Apparel & Accessories > Jewelry,,1,,,,unisex,,,adult,,,,,,,,,,Fine Jewelry
9133,5.01 Ct Y-Z Si2 GIA Ring | Colour Diam,Colour Diam stock 9133. Product specifications require confirmation.,in stock,new,63540.67 JPY,https://colourdiam.com/productdetail/9133,https://www.colourdiam.com/Product/Jewellery/7049_5653/white45/center.jpg,Colour Diam,Apparel & Accessories > Jewelry,,1,,,,unisex,,,adult,,,,,,,,,,Fine Jewelry
6156,0.6 Ct G - H SI1 GIA Earring | Colour Diam,"**Gleaming 0.72 Ct Faint Pink Ring**

Crafted with meticulous precision in 18k, this ring boasts a gleaming allure. Center stone: 0.72 Ct Faint Pink I1
Accents: 90 White Diamonds (0.33 Ct). A testament to nature's finest creation and masterful human artistry.",in stock,new,816951.42 JPY,https://colourdiam.com/productdetail/6156,https://www.colourdiam.com/Product/Jewellery/8844_8848/white45/center.jpg,Colour Diam,Apparel & Accessories > Jewelry,,1,,,,unisex,,,adult,,,,,,,,,GIA,Fine Jewelry
6665,0.4 Ct Fancy Pink Earring | Colour Diam,"**Exquisite  Ct Natural Diamond ring**

Elevate your fine jewelry collection with these magnificent Precious Metal rings. Featuring a  Ct Natural Diamond , this heirloom piece radiates warmth and unmatched sophistication.",in stock,new,1180040.93 JPY,https://colourdiam.com/productdetail/6665,https://www.colourdiam.com/Product/Jewellery/8838/white45/center.jpg,Colour Diam,Apparel & Accessories > Jewelry,,1,,,,unisex,,,adult,,,,,,,,,GIA,Fine Jewelry
7557,0.28 Ct Faint Pink Si1 GIA Ring | Colour Diam,"**Enchanting 0.60 Ct Natural Diamond Earring**

Elevate your fine jewelry collection with these magnificent 18k earrings. Featuring a  Ct Natural Diamond , this heirloom piece radiates warmth and unmatched sophistication.",in stock,new,4084757.08 JPY,https://colourdiam.com/productdetail/7557,https://www.colourdiam.com/Product/Jewellery/6066/white45/center.jpg,Colour Diam,Apparel & Accessories > Jewelry,,1,,,,unisex,,,adult,,,,,,,,,GIA,Fine Jewelry
9148,1.5 Ct Fancy Pink SI2 AGL Earring | Colour Diam,"**Resplendent 0.40 Ct Natural Diamond Earring**

Elevate your fine jewelry collection with these magnificent 18k earrings. Featuring a  Ct Natural Diamond , this heirloom piece radiates warmth and unmatched sophistication.",in stock,new,26323.99 JPY,https://colourdiam.com/productdetail/9148,https://www.colourdiam.com/Product/Jewellery/7566_7571_4668/white45/center.jpg,Colour Diam,Apparel & Accessories > Jewelry,,1,,,,unisex,,,adult,,,,,,,,,,Fine Jewelry
5425,1.03 Ct Fancy Yellow Green SI1 GIA Ring | Colour Diam,"**Resplendent 0.28 Ct Natural Diamond Ring**

Elevate your fine jewelry collection with these magnificent 18k rings. Featuring a  Ct Natural Diamond , surrounded by 32 white diamonds (0.46 Ct) and 01 pear diamonds (0.25 Ct), this heirloom piece radiates warmth and unmatched sophistication.",in stock,new,998496.18 JPY,https://colourdiam.com/productdetail/5425,https://www.colourdiam.com/Product/Jewellery/4903/white45/center.jpg,Colour Diam,Apparel & Accessories > Jewelry,,1,,,,unisex,,,adult,,,,,,,,,GIA,Fine Jewelry
6952,0.47 Ct Fancy Light Bluish Green VS1 GIA Ring | Colour Diam,"**Stunning 2.90 Ct Fancy Pink Earring**

Elevate your fine jewelry collection with these magnificent 18k earrings. Featuring a matched pair of 1.50 Ct Fancy Pink SI2 and 1.40 Ct Fancy Pink SI2, surrounded by 32 white diamonds (0.28 Ct) and 32 pear diamonds (1.17 Ct), this heirloom piece radiates warmth and unmatched sophistication.",in stock,new,816951.42 JPY,https://colourdiam.com/productdetail/6952,https://www.colourdiam.com/Product/Jewellery/5416/white45/center.jpg,Colour Diam,Apparel & Accessories > Jewelry,,1,,,,unisex,,,adult,,,,,,,,,GIA,Fine Jewelry
3605,0.5 Ct Fancy Light Blue Green VS1 GIA Ring | Colour Diam,"**Captivating 1.03 Ct Natural Diamond Ring**

Elevate your fine jewelry collection with these magnificent 18k rings. Featuring a  Ct Natural Diamond , this heirloom piece radiates warmth and unmatched sophistication.",in stock,new,726179.04 JPY,https://colourdiam.com/productdetail/3605,https://www.colourdiam.com/Product/Jewellery/5435/white45/center.jpg,Colour Diam,Apparel & Accessories > Jewelry,,1,,,,unisex,,,adult,,,,,,,,,AGL,Fine Jewelry
8178,1.5 Ct Fancy Brownish Greenish Yellow VS1 GIA Earring | Colour Diam,"**Magnificent 0.47 Ct Natural Diamond Ring**

Elevate your fine jewelry collection with these magnificent 18k rings. Featuring a  Ct Natural Diamond , this heirloom piece radiates warmth and unmatched sophistication.",in stock,new,1361585.69 JPY,https://colourdiam.com/productdetail/8178,https://www.colourdiam.com/Product/Jewellery/8549_8559/white45/center.jpg,Colour Diam,Apparel & Accessories > Jewelry,,1,,,,unisex,,,adult,,,,,,,,,GIA,Fine Jewelry
1980,0.25 Ct Light Pink SI1 GIA Ring | Colour Diam,"**Captivating 0.50 Ct Natural Diamond Ring**

Elevate your fine jewelry collection with these magnificent 18k rings. Featuring a  Ct Natural Diamond , this heirloom piece radiates warmth and unmatched sophistication.",in stock,new,726179.04 JPY,https://colourdiam.com/productdetail/1980,https://www.colourdiam.com/Product/Jewellery/8554_7272/white45/center.jpg,Colour Diam,Apparel & Accessories > Jewelry,,1,,,,unisex,,,adult,,,,,,,,,GIA,Fine Jewelry
4728,1.07 Ct Fancy Brownish Greenish Yellow SI2 GIA Ring | Colour Diam,"**Enchanting 3.01 Ct Natural Diamond Earring**

Elevate your fine jewelry collection with these magnificent 18k earrings. Featuring a  Ct Natural Diamond , surrounded by 06 pear diamonds (1.130 Ct), this heirloom piece radiates warmth and unmatched sophistication.",in stock,new,998496.18 JPY,https://colourdiam.com/productdetail/4728,https://www.colourdiam.com/Product/Jewellery/8665/white45/center.jpg,Colour Diam,Apparel & Accessories > Jewelry,,1,,,,unisex,,,adult,,,,,,,,,GIA,Fine Jewelry
9156,2.505 Ct Fancy Yellow Mix shape AGL Earring | Colour Diam,"**Stunning 1.25 Ct Natural Diamond Ring**

Elevate your fine jewelry collection with these magnificent 18k rings. Featuring a  Ct Natural Diamond , surrounded by 12 white diamonds (0.35 Ct), this heirloom piece radiates warmth and unmatched sophistication.",in stock,new,326780.57 JPY,https://colourdiam.com/productdetail/9156,https://www.colourdiam.com/Product/Jewellery/9143/white45/center.jpg,Colour Diam,Apparel & Accessories > Jewelry,,1,,,,unisex,,,adult,,,,,,,,,,Fine Jewelry
9026_9024,22.55 Ct Ruby Earring | Colour Diam,"**Exquisite 1.07 Ct Natural Diamond Ring**

Elevate your fine jewelry collection with these magnificent 18k rings. Featuring a  Ct Natural Diamond , this heirloom piece radiates warmth and unmatched sophistication.",in stock,new,99849.62 JPY,https://colourdiam.com/productdetail/Menu/9026/9024,https://www.colourdiam.com/Product/Jewellery/8539/white45/center.jpg,Colour Diam,Apparel & Accessories > Jewelry,,1,,,,unisex,,,adult,,,,,,,,,IGI,Fine Jewelry
9028_9121,0.4 Ct Very Light Pink I1 GIA Ring | Colour Diam,"**Dazzling 2.505 Ct Natural Diamond Earring**

Elevate your fine jewelry collection with these magnificent 18k earrings. Featuring a  Ct Natural Diamond , surrounded by 459 white diamonds (2.04 Ct), this heirloom piece radiates warmth and unmatched sophistication.",in stock,new,99849.62 JPY,https://colourdiam.com/productdetail/Menu/9028/9121,https://www.colourdiam.com/Product/Jewellery/7152_7268/white45/center.jpg,Colour Diam,Apparel & Accessories > Jewelry,,1,,,,unisex,,,adult,,,,,,,,,IGI,Fine Jewelry
9029_9056,1 Ct Fancy Brownish Greenish Yellow VS2 GIA Ring | Colour Diam,"**Captivating 22.55 Ct Natural Diamond Earring**

Elevate your fine jewelry collection with these magnificent 18k earrings. Featuring a  Ct Natural Diamond , surrounded by 166 white diamonds (1.65 Ct), this heirloom piece radiates warmth and unmatched sophistication.",in stock,new,99849.62 JPY,https://colourdiam.com/productdetail/Menu/9029/9056,https://www.colourdiam.com/Product/Jewellery/8555/white45/center.jpg,Colour Diam,Apparel & Accessories > Jewelry,,1,,,,unisex,,,adult,,,,,,,,,IGI,Fine Jewelry
9030_9048,1.63 Ct Fancy Yellow VS Earring | Colour Diam,"**Enchanting 1.14 Ct Natural Diamond Ring**

Elevate your fine jewelry collection with these magnificent 18k rings. Featuring a  Ct Natural Diamond , surrounded by 71 white diamonds (0.31 Ct), this heirloom piece radiates warmth and unmatched sophistication.",in stock,new,99849.62 JPY,https://colourdiam.com/productdetail/Menu/9030/9048,https://www.colourdiam.com/Product/Jewellery/8898/white45/center.jpg,Colour Diam,Apparel & Accessories > Jewelry,,1,,,,unisex,,,adult,,,,,,,,,IGI,Fine Jewelry
9031_9071,1.71 Ct Fancy Light Greenish Yellow Si1 GIA Ring | Colour Diam,"**Magnificent 1.00 Ct Natural Diamond Ring**

Elevate your fine jewelry collection with these magnificent 18k rings. Featuring a  Ct Natural Diamond , this heirloom piece radiates warmth and unmatched sophistication.",in stock,new,99849.62 JPY,https://colourdiam.com/productdetail/Menu/9031/9071,https://www.colourdiam.com/Product/Jewellery/8179_5668/white45/center.jpg,Colour Diam,Apparel & Accessories > Jewelry,,1,,,,unisex,,,adult,,,,,,,,,IGI,Fine Jewelry
9032_9087,9.73 Ct Ruby Light Earring | Colour Diam,"**Resplendent 1.63 Ct Natural Diamond Earring**

Elevate your fine jewelry collection with these magnificent 18k earrings. Featuring a  Ct Natural Diamond , this heirloom piece radiates warmth and unmatched sophistication.",in stock,new,99849.62 JPY,https://colourdiam.com/productdetail/Menu/9032/9087,https://www.colourdiam.com/Product/Jewellery/9131_9132/white45/center.jpg,Colour Diam,Apparel & Accessories > Jewelry,,1,,,,unisex,,,adult,,,,,,,,,IGI,Fine Jewelry
9034_9120,1.71 Ct Natural Diamond Ring in 18k | GIA Certified,"**Resplendent 1.71 Ct Natural Diamond Ring**

Elevate your fine jewelry collection with these magnificent 18k rings. Featuring a  Ct Natural Diamond , this heirloom piece radiates warmth and unmatched sophistication.",in stock,new,99849.62 JPY,https://colourdiam.com/productdetail/Menu/9034/9120,https://www.colourdiam.com/Product/Jewellery/9133/white45/center.jpg,Colour Diam,Apparel & Accessories > Jewelry,,1,,,,unisex,,,adult,,,,,,,,,IGI,Fine Jewelry
9037_9055,1.01 Ct D VS1 GIA Ring | Colour Diam,"**Exquisite 9.73 Ct Natural Diamond Earring**

Elevate your fine jewelry collection with these magnificent Precious Metal earrings. Featuring a  Ct Natural Diamond , this heirloom piece radiates warmth and unmatched sophistication.",in stock,new,99849.62 JPY,https://colourdiam.com/productdetail/Menu/9037/9055,https://www.colourdiam.com/Product/Jewellery/6156/white45/center.jpg,Colour Diam,Apparel & Accessories > Jewelry,,1,,,,unisex,,,adult,,,,,,,,,IGI,Fine Jewelry
9040_9089,1.17 Ct Fancy Pinkish Brown Si2 GIA Ring | Colour Diam,"Indulge in the unique allure of this 1.17 ct fancy pinkish-brown natural diamond ring, meticulously set in 18k gold. The centerpiece is complemented by 88 sparkling accent diamonds totaling 0.39 cts, creating a sophisticated play of light. Certified by GIA, this exquisite piece merges rare earth tones with timeless luxury craftsmanship.",in stock,new,99849.62 JPY,https://colourdiam.com/productdetail/Menu/9040/9089,https://www.colourdiam.com/Product/Jewellery/6665/white45/center.jpg,Colour Diam,Apparel & Accessories > Jewelry,,1,,,,unisex,,,adult,,,,,,,,,IGI,Fine Jewelry
9041_9067,3.02 Ct Light Greenish Yellow SI1 GIA Ring | Colour Diam,"**Captivating 1.01 Ct Natural Diamond Ring**

Elevate your fine jewelry collection with these magnificent 18k rings. Featuring a  Ct Natural Diamond , this heirloom piece radiates warmth and unmatched sophistication.",in stock,new,99849.62 JPY,https://colourdiam.com/productdetail/Menu/9041/9067,https://www.colourdiam.com/Product/Jewellery/7557/white45/center.jpg,Colour Diam,Apparel & Accessories > Jewelry,,1,,,,unisex,,,adult,,,,,,,,,IGI,Fine Jewelry
9042_9075,3.36 Ct Ruby Light Earring | Colour Diam,"**Opulent 1.17 Ct Natural Diamond Ring**

Elevate your fine jewelry collection with these magnificent 18k rings. Featuring a  Ct Natural Diamond , this heirloom piece radiates warmth and unmatched sophistication.",in stock,new,99849.62 JPY,https://colourdiam.com/productdetail/Menu/9042/9075,https://www.colourdiam.com/Product/Jewellery/9148/white45/center.jpg,Colour Diam,Apparel & Accessories > Jewelry,,1,,,,unisex,,,adult,,,,,,,,,IGI,Fine Jewelry
9044_9049,0.43 Ct Fancy Light Greenish Blue Vs2 GIA Ring | Colour Diam,"**Radiant 3.02 Ct Natural Diamond Ring**

Elevate your fine jewelry collection with these magnificent 18k rings. Featuring a  Ct Natural Diamond , surrounded by 12 pear diamonds (2.67 Ct), this heirloom piece radiates warmth and unmatched sophistication.",in stock,new,99849.62 JPY,https://colourdiam.com/productdetail/Menu/9044/9049,https://www.colourdiam.com/Product/Jewellery/5425/white45/center.jpg,Colour Diam,Apparel & Accessories > Jewelry,,1,,,,unisex,,,adult,,,,,,,,,IGI,Fine Jewelry
9045_9061,0.4 Ct Faint Pink Si2 GIA Ring | Colour Diam,"**Opulent 3.36 Ct Natural Diamond Earring**

Elevate your fine jewelry collection with these magnificent Precious Metal earrings. Featuring a  Ct Natural Diamond , this heirloom piece radiates warmth and unmatched sophistication.",in stock,new,99849.62 JPY,https://colourdiam.com/productdetail/Menu/9045/9061,https://www.colourdiam.com/Product/Jewellery/6952/white45/center.jpg,Colour Diam,Apparel & Accessories > Jewelry,,1,,,,unisex,,,adult,,,,,,,,,IGI,Fine Jewelry
9046_9107,1.11 Ct Fancy Yellow VVS AGL Ring | Colour Diam,"**Dazzling  Ct Natural Diamond Ring**

Elevate your fine jewelry collection with these magnificent 18k rings. Featuring a  Ct Natural Diamond , this heirloom piece radiates warmth and unmatched sophistication.",in stock,new,99849.62 JPY,https://colourdiam.com/productdetail/Menu/9046/9107,https://www.colourdiam.com/Product/Jewellery/3605/white45/center.jpg,Colour Diam,Apparel & Accessories > Jewelry,,1,,,,unisex,,,adult,,,,,,,,,IGI,Fine Jewelry
9047_9108,1.2 Ct Light Green Yellow VS1 GIA Ring | Colour Diam,"**Enchanting  Ct Natural Diamond Ring**

Elevate your fine jewelry collection with these magnificent 18k rings. Featuring a  Ct Natural Diamond , surrounded by 08 pear diamonds (0.60 Ct), this heirloom piece radiates warmth and unmatched sophistication.",in stock,new,99849.62 JPY,https://colourdiam.com/productdetail/Menu/9047/9108,https://www.colourdiam.com/Product/Jewellery/8178/white45/center.jpg,Colour Diam,Apparel & Accessories > Jewelry,,1,,,,unisex,,,adult,,,,,,,,,IGI,Fine Jewelry
9050_9127,0.75 Ct Fancy Deep Yellowish Orange SI2 GIA Ring | Colour Diam,"**Breathtaking  Ct Natural Diamond Ring**

Elevate your fine jewelry collection with these magnificent 18k rings. Featuring a  Ct Natural Diamond , this heirloom piece radiates warmth and unmatched sophistication.",in stock,new,99849.62 JPY,https://colourdiam.com/productdetail/Menu/9050/9127,https://www.colourdiam.com/Product/Jewellery/1980/white45/center.jpg,Colour Diam,Apparel & Accessories > Jewelry,,1,,,,unisex,,,adult,,,,,,,,,IGI,Fine Jewelry
9060_9077,0.8 Ct Fancy Light Green VVS2 GIA Ring | Colour Diam,"**Stunning  Ct Natural Diamond Ring**

Elevate your fine jewelry collection with these magnificent 18k rings. Featuring a  Ct Natural Diamond , this heirloom piece radiates warmth and unmatched sophistication.",in stock,new,99849.62 JPY,https://colourdiam.com/productdetail/Menu/9060/9077,https://www.colourdiam.com/Product/Jewellery/4728/white45/center.jpg,Colour Diam,Apparel & Accessories > Jewelry,,1,,,,unisex,,,adult,,,,,,,,,IGI,Fine Jewelry
9062_9078,0.44 Ct Blue Sapphire Earring | Colour Diam,"**Dazzling  Ct Natural Diamond Ring**

Elevate your fine jewelry collection with these magnificent 18k rings. Featuring a  Ct Natural Diamond , this heirloom piece radiates warmth and unmatched sophistication.",in stock,new,99849.62 JPY,https://colourdiam.com/productdetail/Menu/9062/9078,https://www.colourdiam.com/Product/Jewellery/9156/white45/center.jpg,Colour Diam,Apparel & Accessories > Jewelry,,1,,,,unisex,,,adult,,,,,,,,,IGI,Fine Jewelry
9063_9074,0.3 Ct G SI1 IGI Earring 1.067 Gram | Colour Diam,"**Stunning  Ct Natural Diamond Ring**

Elevate your fine jewelry collection with these magnificent 18k rings. Featuring a  Ct Natural Diamond , this heirloom piece radiates warmth and unmatched sophistication.",in stock,new,99849.62 JPY,https://colourdiam.com/productdetail/Menu/9063/9074,https://www.colourdiam.com/Product/Jewellery/9026_9024/white45/center.jpg,Colour Diam,Apparel & Accessories > Jewelry,,1,,,,unisex,,,adult,,,,,,,,,IGI,Fine Jewelry
9064_9103,0.3 Ct G SI1 IGI Earring 1.061 Gram | Colour Diam,"**Resplendent 0.44 Ct Natural Diamond Earring**

Elevate your fine jewelry collection with these magnificent 18K earrings. Featuring a  Ct Natural Diamond , this heirloom piece radiates warmth and unmatched sophistication.",in stock,new,9077.24 JPY,https://colourdiam.com/productdetail/Menu/9064/9103,https://www.colourdiam.com/Product/Jewellery/9028_9121/white45/center.jpg,Colour Diam,Apparel & Accessories > Jewelry,,1,,,,unisex,,,adult,,,,,,,,,IGI,Fine Jewelry
9065_9113,0.3 Ct G SI1 IGI Earring 1.069 Gram | Colour Diam,"**Magnificent 0.60 Ct G Earring**

Elevate your fine jewelry collection with these magnificent 18K earrings. Featuring a matched pair of 0.3 Ct G SI1 and 0.3 Ct G SI1, this heirloom piece radiates warmth and unmatched sophistication.",in stock,new,99849.62 JPY,https://colourdiam.com/productdetail/Menu/9065/9113,https://www.colourdiam.com/Product/Jewellery/9029_9056/white45/center.jpg,Colour Diam,Apparel & Accessories > Jewelry,,1,,,,unisex,,,adult,,,,,,,,,IGI,Fine Jewelry
9066_9124,0.3 Ct G SI1 IGI Earring 1.114 Gram | Colour Diam,"**Stunning 0.60 Ct G Earring**

Elevate your fine jewelry collection with these magnificent 18K earrings. Featuring a matched pair of 0.3 Ct G SI1 and 0.3 Ct G SI1, this heirloom piece radiates warmth and unmatched sophistication.",in stock,new,99849.62 JPY,https://colourdiam.com/productdetail/Menu/9066/9124,https://www.colourdiam.com/Product/Jewellery/9030_9048/white45/center.jpg,Colour Diam,Apparel & Accessories > Jewelry,,1,,,,unisex,,,adult,,,,,,,,,IGI,Fine Jewelry
9068_9102,0.3 Ct G SI1 IGI Earring 1.034 Gram | Colour Diam,"**Resplendent 0.60 Ct G Earring**

Elevate your fine jewelry collection with these magnificent 18K earrings. Featuring a matched pair of 0.3 Ct G SI1 and 0.3 Ct G SI1, this heirloom piece radiates warmth and unmatched sophistication.",in stock,new,99849.62 JPY,https://colourdiam.com/productdetail/Menu/9068/9102,https://www.colourdiam.com/Product/Jewellery/9031_9071/white45/center.jpg,Colour Diam,Apparel & Accessories > Jewelry,,1,,,,unisex,,,adult,,,,,,,,,IGI,Fine Jewelry
9069_9079,0.3 Ct E SI1 IGI Earring | Colour Diam,"**Breathtaking 0.60 Ct G Earring**

Elevate your fine jewelry collection with these magnificent 18K earrings. Featuring a matched pair of 0.3 Ct G SI1 and 0.3 Ct G SI1, this heirloom piece radiates warmth and unmatched sophistication.",in stock,new,99849.62 JPY,https://colourdiam.com/productdetail/Menu/9069/9079,https://www.colourdiam.com/Product/Jewellery/9032_9087/white45/center.jpg,Colour Diam,Apparel & Accessories > Jewelry,,1,,,,unisex,,,adult,,,,,,,,,IGI,Fine Jewelry
9072_9100,0.3 Ct F SI1 IGI Earring 1.036 Gram | Colour Diam,"**Captivating 0.60 Ct G Earring**

Elevate your fine jewelry collection with these magnificent 18K earrings. Featuring a matched pair of 0.3 Ct G SI1 and 0.3 Ct G SI1, this heirloom piece radiates warmth and unmatched sophistication.",in stock,new,99849.62 JPY,https://colourdiam.com/productdetail/Menu/9072/9100,https://www.colourdiam.com/Product/Jewellery/9034_9120/white45/center.jpg,Colour Diam,Apparel & Accessories > Jewelry,,1,,,,unisex,,,adult,,,,,,,,,IGI,Fine Jewelry
9088_9118,0.3 Ct G SI1 IGI Earring 1.029 Gram | Colour Diam,"**Resplendent 0.60 Ct E Earring**

Elevate your fine jewelry collection with these magnificent 18K earrings. Featuring a matched pair of 0.3 Ct E SI1 and 0.3 Ct G SI1, this heirloom piece radiates warmth and unmatched sophistication.",in stock,new,99849.62 JPY,https://colourdiam.com/productdetail/Menu/9088/9118,https://www.colourdiam.com/Product/Jewellery/9037_9055/white45/center.jpg,Colour Diam,Apparel & Accessories > Jewelry,,1,,,,unisex,,,adult,,,,,,,,,IGI,Fine Jewelry
9092_9110,0.3 Ct G SI1 IGI Earring 1.102 Gram | Colour Diam,"**Sumptuous 0.60 Ct F Earring**

Elevate your fine jewelry collection with these magnificent 18K earrings. Featuring a matched pair of 0.3 Ct F SI1 and 0.3 Ct G SI1, this heirloom piece radiates warmth and unmatched sophistication.",in stock,new,99849.62 JPY,https://colourdiam.com/productdetail/Menu/9092/9110,https://www.colourdiam.com/Product/Jewellery/9040_9089/white45/center.jpg,Colour Diam,Apparel & Accessories > Jewelry,,1,,,,unisex,,,adult,,,,,,,,,IGI,Fine Jewelry
9104_9033,0.3 Ct G SI1 IGI Earring 1.087 Gram | Colour Diam,"**Enchanting 0.60 Ct G Earring**

Elevate your fine jewelry collection with these magnificent 18K earrings. Featuring a matched pair of 0.3 Ct G SI1 and 0.3 Ct G SI1, this heirloom piece radiates warmth and unmatched sophistication.",in stock,new,99849.62 JPY,https://colourdiam.com/productdetail/Menu/9104/9033,https://www.colourdiam.com/Product/Jewellery/9041_9067/white45/center.jpg,Colour Diam,Apparel & Accessories > Jewelry,,1,,,,unisex,,,adult,,,,,,,,,IGI,Fine Jewelry
9106_9128,0.3 Ct G SI1 IGI Earring 1.068 Gram | Colour Diam,"**Dazzling 0.60 Ct G Earring**

Elevate your fine jewelry collection with these magnificent 18K earrings. Featuring a matched pair of 0.3 Ct G SI1 and 0.3 Ct G SI1, this heirloom piece radiates warmth and unmatched sophistication.",in stock,new,99849.62 JPY,https://colourdiam.com/productdetail/Menu/9106/9128,https://www.colourdiam.com/Product/Jewellery/9042_9075/white45/center.jpg,Colour Diam,Apparel & Accessories > Jewelry,,1,,,,unisex,,,adult,,,,,,,,,IGI,Fine Jewelry
9116_9123,0.3 Ct G SI1 IGI Earring 1.020 Gram | Colour Diam,"**Breathtaking 0.60 Ct G Earring**

Elevate your fine jewelry collection with these magnificent 18K earrings. Featuring a matched pair of 0.3 Ct G SI1 and 0.3 Ct G SI1, this heirloom piece radiates warmth and unmatched sophistication.",in stock,new,99849.62 JPY,https://colourdiam.com/productdetail/Menu/9116/9123,https://www.colourdiam.com/Product/Jewellery/9044_9049/white45/center.jpg,Colour Diam,Apparel & Accessories > Jewelry,,1,,,,unisex,,,adult,,,,,,,,,IGI,Fine Jewelry
9025_9027,0.3 Ct G SI1 IGI Earring 1.104 Gram | Colour Diam,"**Magnificent 0.60 Ct G Earring**

Elevate your fine jewelry collection with these magnificent 18K earrings. Featuring a matched pair of 0.3 Ct G SI1 and 0.3 Ct G SI1, this heirloom piece radiates warmth and unmatched sophistication.",in stock,new,99849.62 JPY,https://colourdiam.com/productdetail/Menu/9025/9027,https://www.colourdiam.com/Product/Jewellery/9045_9061/white45/center.jpg,Colour Diam,Apparel & Accessories > Jewelry,,1,,,,unisex,,,adult,,,,,,,,,IGI,Fine Jewelry
9035_9109,0.3 Ct G SI1 IGI Earring 1.015 Gram | Colour Diam,"**Magnificent 0.60 Ct G Earring**

Elevate your fine jewelry collection with these magnificent 18K earrings. Featuring a matched pair of 0.3 Ct G SI1 and 0.3 Ct G SI1, this heirloom piece radiates warmth and unmatched sophistication.",in stock,new,99849.62 JPY,https://colourdiam.com/productdetail/Menu/9035/9109,https://www.colourdiam.com/Product/Jewellery/9046_9107/white45/center.jpg,Colour Diam,Apparel & Accessories > Jewelry,,1,,,,unisex,,,adult,,,,,,,,,IGI,Fine Jewelry
9036_9119,0.3 Ct G SI1 IGI Earring | Colour Diam - 1,"**Stunning 0.60 Ct G Earring**

Elevate your fine jewelry collection with these magnificent 18K earrings. Featuring a matched pair of 0.3 Ct G SI1 and 0.3 Ct G SI1, this heirloom piece radiates warmth and unmatched sophistication.",in stock,new,99849.62 JPY,https://colourdiam.com/productdetail/Menu/9036/9119,https://www.colourdiam.com/Product/Jewellery/9047_9108/white45/center.jpg,Colour Diam,Apparel & Accessories > Jewelry,,1,,,,unisex,,,adult,,,,,,,,,IGI,Fine Jewelry
9039_9043,0.3 Ct G SI1 IGI Earring 1.089 Gram | Colour Diam,"**Dazzling 0.60 Ct G Earring**

Elevate your fine jewelry collection with these magnificent 18K earrings. Featuring a matched pair of 0.3 Ct G SI1 and 0.3 Ct F SI1, this heirloom piece radiates warmth and unmatched sophistication.",in stock,new,99849.62 JPY,https://colourdiam.com/productdetail/Menu/9039/9043,https://www.colourdiam.com/Product/Jewellery/9050_9127/white45/center.jpg,Colour Diam,Apparel & Accessories > Jewelry,,1,,,,unisex,,,adult,,,,,,,,,IGI,Fine Jewelry
5424_8731,0.3 Ct G SI1 IGI Earring 1.037 Gram | Colour Diam,"**Splendid 0.60 Ct G Earring**

Elevate your fine jewelry collection with these magnificent 18K earrings. Featuring a matched pair of 0.3 Ct G SI1 and 0.3 Ct F SI1, this heirloom piece radiates warmth and unmatched sophistication.",in stock,new,998496.18 JPY,https://colourdiam.com/productdetail/Menu/5424/8731,https://www.colourdiam.com/Product/Jewellery/9060_9077/white45/center.jpg,Colour Diam,Apparel & Accessories > Jewelry,,1,,,,unisex,,,adult,,,,,,,,,GIA,Fine Jewelry
9150,0.3 Ct G SI1 IGI Earring 1.023 Gram | Colour Diam,"**Dazzling 0.60 Ct G Earring**

Elevate your fine jewelry collection with these magnificent 18K earrings. Featuring a matched pair of 0.3 Ct G SI1 and 0.3 Ct G SI1, this heirloom piece radiates warmth and unmatched sophistication.",in stock,new,181544.76 JPY,https://colourdiam.com/productdetail/9150,https://www.colourdiam.com/Product/Jewellery/9062_9078/white45/center.jpg,Colour Diam,Apparel & Accessories > Jewelry,,1,,,,unisex,,,adult,,,,,,,,,IGI,Fine Jewelry
8553,0.3 Ct G SI1 IGI Earring 1.101 Gram | Colour Diam,"**Opulent 0.60 Ct G Earring**

Elevate your fine jewelry collection with these magnificent 18K earrings. Featuring a matched pair of 0.3 Ct G SI1 and 0.3 Ct G SI1, this heirloom piece radiates warmth and unmatched sophistication.",in stock,new,1089268.56 JPY,https://colourdiam.com/productdetail/8553,https://www.colourdiam.com/Product/Jewellery/9063_9074/white45/center.jpg,Colour Diam,Apparel & Accessories > Jewelry,,1,,,,unisex,,,adult,,,,,,,,,GIA,Fine Jewelry
9176,0.3 Ct G SI1 IGI Earring 1.027 Gram | Colour Diam,"**Splendid 0.60 Ct G Earring**

Elevate your fine jewelry collection with these magnificent 18K earrings. Featuring a matched pair of 0.3 Ct G SI1 and 0.3 Ct G SI1, this heirloom piece radiates warmth and unmatched sophistication.",in stock,new,453861.9 JPY,https://colourdiam.com/productdetail/9176,https://www.colourdiam.com/Product/Jewellery/9064_9103/white45/center.jpg,Colour Diam,Apparel & Accessories > Jewelry,,1,,,,unisex,,,adult,,,,,,,,,,Fine Jewelry
5754_6998,0.3 Ct G SI1 IGI Earring 1.106 Gram | Colour Diam,"**Opulent 0.60 Ct G Earring**

Elevate your fine jewelry collection with these magnificent 18K earrings. Featuring a matched pair of 0.3 Ct G SI1 and 0.3 Ct G SI1, this heirloom piece radiates warmth and unmatched sophistication.",in stock,new,3267805.67 JPY,https://colourdiam.com/productdetail/Menu/5754/6998,https://www.colourdiam.com/Product/Jewellery/9065_9113/white45/center.jpg,Colour Diam,Apparel & Accessories > Jewelry,,1,,,,unisex,,,adult,,,,,,,,,GIA,Fine Jewelry
8716,0.3 Ct G SI1 IGI Earring 1.064 Gram | Colour Diam,"**Radiant 0.60 Ct G Earring**

Elevate your fine jewelry collection with these magnificent 18K earrings. Featuring a matched pair of 0.3 Ct G SI1 and 0.3 Ct F SI1, this heirloom piece radiates warmth and unmatched sophistication.",in stock,new,1452358.07 JPY,https://colourdiam.com/productdetail/8716,https://www.colourdiam.com/Product/Jewellery/9066_9124/white45/center.jpg,Colour Diam,Apparel & Accessories > Jewelry,,1,,,,unisex,,,adult,,,,,,,,,GIA,Fine Jewelry
5478,0.3 Ct G SI1 IGI Earring | Colour Diam - 2,"**Captivating 0.60 Ct G Earring**

Elevate your fine jewelry collection with these magnificent 18K earrings. Featuring a matched pair of 0.3 Ct G SI1 and 0.3 Ct G SI1, this heirloom piece radiates warmth and unmatched sophistication.",in stock,new,1452358.07 JPY,https://colourdiam.com/productdetail/5478,https://www.colourdiam.com/Product/Jewellery/9068_9102/white45/center.jpg,Colour Diam,Apparel & Accessories > Jewelry,,1,,,,unisex,,,adult,,,,,,,,,GIA,Fine Jewelry
8556,0.3 Ct G SI1 IGI Earring 1.019 Gram | Colour Diam,"**Magnificent 0.60 Ct G Earring**

Elevate your fine jewelry collection with these magnificent 18K earrings. Featuring a matched pair of 0.3 Ct G SI1 and 0.3 Ct G SI1, this heirloom piece radiates warmth and unmatched sophistication.",in stock,new,1633902.83 JPY,https://colourdiam.com/productdetail/8556,https://www.colourdiam.com/Product/Jewellery/9069_9079/white45/center.jpg,Colour Diam,Apparel & Accessories > Jewelry,,1,,,,unisex,,,adult,,,,,,,,,GIA,Fine Jewelry
7476,0.3 Ct G SI1 IGI Earring 1.095 Gram | Colour Diam,"**Exquisite 0.60 Ct G Earring**

Elevate your fine jewelry collection with these magnificent 18K earrings. Featuring a matched pair of 0.3 Ct G SI1 and 0.3 Ct F SI1, this heirloom piece radiates warmth and unmatched sophistication.",in stock,new,1543130.45 JPY,https://colourdiam.com/productdetail/7476,https://www.colourdiam.com/Product/Jewellery/9072_9100/white45/center.jpg,Colour Diam,Apparel & Accessories > Jewelry,,1,,,,unisex,,,adult,,,,,,,,,GIA,Fine Jewelry
7070,0.3 Ct G SI1 IGI Earring 1.028 Gram | Colour Diam,"**Sumptuous 0.60 Ct G Earring**

Elevate your fine jewelry collection with these magnificent 18K earrings. Featuring a matched pair of 0.3 Ct G SI1 and 0.3 Ct G SI1, this heirloom piece radiates warmth and unmatched sophistication.",in stock,new,907723.8 JPY,https://colourdiam.com/productdetail/7070,https://www.colourdiam.com/Product/Jewellery/9088_9118/white45/center.jpg,Colour Diam,Apparel & Accessories > Jewelry,,1,,,,unisex,,,adult,,,,,,,,,AGL,Fine Jewelry
6325,0.3 Ct G SI1 IGI Earring 1.055 Gram | Colour Diam,"**Exquisite 0.60 Ct G Earring**

Elevate your fine jewelry collection with these magnificent 18K earrings. Featuring a matched pair of 0.3 Ct G SI1 and 0.3 Ct F SI1, this heirloom piece radiates warmth and unmatched sophistication.",in stock,new,726179.04 JPY,https://colourdiam.com/productdetail/6325,https://www.colourdiam.com/Product/Jewellery/9092_9110/white45/center.jpg,Colour Diam,Apparel & Accessories > Jewelry,,1,,,,unisex,,,adult,,,,,,,,,HRD,Fine Jewelry
3485,0.3 Ct G SI1 IGI Earring 1.092 Gram | Colour Diam,"**Exquisite 0.60 Ct G Earring**

Elevate your fine jewelry collection with these magnificent 18K earrings. Featuring a matched pair of 0.3 Ct G SI1 and 0.3 Ct G SI1, this heirloom piece radiates warmth and unmatched sophistication.",in stock,new,1543130.45 JPY,https://colourdiam.com/productdetail/3485,https://www.colourdiam.com/Product/Jewellery/9101_9051/white45/center.jpg,Colour Diam,Apparel & Accessories > Jewelry,,1,,,,unisex,,,adult,,,,,,,,,AGL,Fine Jewelry
8552,0.3 Ct F SI1 IGI Earring 1.027 Gram | Colour Diam,"**Magnificent 0.60 Ct G Earring**

Elevate your fine jewelry collection with these magnificent 18K earrings. Featuring a matched pair of 0.3 Ct G SI1 and 0.3 Ct F SI1, this heirloom piece radiates warmth and unmatched sophistication.",in stock,new,1452358.07 JPY,https://colourdiam.com/productdetail/8552,https://www.colourdiam.com/Product/Jewellery/9104_9033/white45/center.jpg,Colour Diam,Apparel & Accessories > Jewelry,,1,,,,unisex,,,adult,,,,,,,,,GIA,Fine Jewelry
8584,0.3 Ct F SI1 IGI Earring 1.072 Gram | Colour Diam,"**Captivating 0.60 Ct G Earring**

Elevate your fine jewelry collection with these magnificent 18K earrings. Featuring a matched pair of 0.3 Ct G SI1 and 0.3 Ct F SI1, this heirloom piece radiates warmth and unmatched sophistication.",in stock,new,1180040.93 JPY,https://colourdiam.com/productdetail/8584,https://www.colourdiam.com/Product/Jewellery/9106_9128/white45/center.jpg,Colour Diam,Apparel & Accessories > Jewelry,,1,,,,unisex,,,adult,,,,,,,,,GIA,Fine Jewelry
8673,0.3 Ct G SI1 IGI Earring 1.024 Gram | Colour Diam,"**Opulent 0.60 Ct G Earring**

Elevate your fine jewelry collection with these magnificent 18K earrings. Featuring a matched pair of 0.3 Ct G SI1 and 0.3 Ct F SI1, this heirloom piece radiates warmth and unmatched sophistication.",in stock,new,1180040.93 JPY,https://colourdiam.com/productdetail/8673,https://www.colourdiam.com/Product/Jewellery/9116_9123/white45/center.jpg,Colour Diam,Apparel & Accessories > Jewelry,,1,,,,unisex,,,adult,,,,,,,,,GIA,Fine Jewelry
8821_8769,0.3 Ct G SI1 IGI Earring 1.057 Gram | Colour Diam,"**Breathtaking 0.60 Ct G Earring**

Elevate your fine jewelry collection with these magnificent 18K earrings. Featuring a matched pair of 0.3 Ct G SI1 and 0.3 Ct F SI1, this heirloom piece radiates warmth and unmatched sophistication.",in stock,new,2178537.11 JPY,https://colourdiam.com/productdetail/Menu/8821/8769,https://www.colourdiam.com/Product/Jewellery/9122_9126/white45/center.jpg,Colour Diam,Apparel & Accessories > Jewelry,,1,,,,unisex,,,adult,,,,,,,,,GIA,Fine Jewelry
8738_8534,0.3 Ct G SI1 IGI Earring 1.070 Gram | Colour Diam,"**Exquisite 0.60 Ct F Earring**

Elevate your fine jewelry collection with these magnificent 18K earrings. Featuring a matched pair of 0.3 Ct F SI1 and 0.3 Ct F SI1, this heirloom piece radiates warmth and unmatched sophistication.",in stock,new,4538618.98 JPY,https://colourdiam.com/productdetail/Menu/8738/8534,https://www.colourdiam.com/Product/Jewellery/9025_9027/white45/center.jpg,Colour Diam,Apparel & Accessories > Jewelry,,1,,,,unisex,,,adult,,,,,,,,,GIA,Fine Jewelry
8558,0.3 Ct F SI1 IGI Earring 1.019 Gram | Colour Diam,"**Splendid 0.60 Ct F Earring**

Elevate your fine jewelry collection with these magnificent 18K earrings. Featuring a matched pair of 0.3 Ct F SI1 and 0.3 Ct G SI1, this heirloom piece radiates warmth and unmatched sophistication.",in stock,new,1270813.31 JPY,https://colourdiam.com/productdetail/8558,https://www.colourdiam.com/Product/Jewellery/9035_9109/white45/center.jpg,Colour Diam,Apparel & Accessories > Jewelry,,1,,,,unisex,,,adult,,,,,,,,,GIA,Fine Jewelry
9220,0.3 Ct F SI1 IGI Earring 1.039 Gram | Colour Diam,"**Stunning 0.60 Ct G Earring**

Elevate your fine jewelry collection with these magnificent 18K earrings. Featuring a matched pair of 0.3 Ct G SI1 and 0.3 Ct G SI1, this heirloom piece radiates warmth and unmatched sophistication.",in stock,new,145235.81 JPY,https://colourdiam.com/productdetail/9220,https://www.colourdiam.com/Product/Jewellery/9036_9119/white45/center.jpg,Colour Diam,Apparel & Accessories > Jewelry,,1,,,,unisex,,,adult,,,,,,,,,AGL,Fine Jewelry
8840,0.3 Ct G SI1 IGI Earring 1.012 Gram | Colour Diam,"**Exquisite 0.60 Ct G Earring**

Elevate your fine jewelry collection with these magnificent 18K earrings. Featuring a matched pair of 0.3 Ct G SI1 and 0.3 Ct G SI1, this heirloom piece radiates warmth and unmatched sophistication.",in stock,new,1361585.69 JPY,https://colourdiam.com/productdetail/8840,https://www.colourdiam.com/Product/Jewellery/9039_9043/white45/center.jpg,Colour Diam,Apparel & Accessories > Jewelry,,1,,,,unisex,,,adult,,,,,,,,,GIA,Fine Jewelry
9147,0.55 Ct Faint Blue (Undetermined) Vs1 GIA Ring | Colour Diam,"**Stunning 0.60 Ct G Earring**

Elevate your fine jewelry collection with these magnificent 18K earrings. Featuring a matched pair of 0.3 Ct G SI1 and 0.3 Ct G SI1, this heirloom piece radiates warmth and unmatched sophistication.",in stock,new,2723171.39 JPY,https://colourdiam.com/productdetail/9147,https://www.colourdiam.com/Product/Jewellery/5424_8731/white45/center.jpg,Colour Diam,Apparel & Accessories > Jewelry,,1,,,,unisex,,,adult,,,,,,,,,AGL,Fine Jewelry
7801,0.324 Ct Fancy Intense Yellow VS AGL Ring | Colour Diam,"**Sumptuous 0.60 Ct F Earring**

Elevate your fine jewelry collection with these magnificent 18K earrings. Featuring a matched pair of 0.3 Ct F SI1 and 0.3 Ct F SI1, this heirloom piece radiates warmth and unmatched sophistication.",in stock,new,816951.42 JPY,https://colourdiam.com/productdetail/7801,https://www.colourdiam.com/Product/Jewellery/9150/white45/center.jpg,Colour Diam,Apparel & Accessories > Jewelry,,1,,,,unisex,,,adult,,,,,,,,,GIA,Fine Jewelry
8195_8191_8187_8189_8193_8190,2.04 Ct F VS2 IGI Ring | Colour Diam,"**Matchless 0.60 Ct F Earring**

Behold a heirloom of haute joaillerie: 2 GIA-certified F diamonds totaling 0.60 carats set in luxurious 18K. Weighing 1.039 grams in total. A symphony of light and craftsmanship awaits the discerning collector.",in stock,new,2723171.39 JPY,https://colourdiam.com/productdetail/Menu/8195/8191/8187/8189/8193/8190,https://www.colourdiam.com/Product/Jewellery/8553/white45/center.jpg,Colour Diam,Apparel & Accessories > Jewelry,,1,,,,unisex,,,adult,,,,,,,,,AGL,Fine Jewelry
9172,1.24 Ct Fancy Brownish Greenish Yellow VS2 GIA Ring | Colour Diam,Colour Diam stock 9172. 1.07 Ct MIX FANCY COLOR; 18K Bracelet : 6.790 gram; Main Stone - 5 Pcs - 1.07 Cts; WHITE : 200 / 0.81; PINK : 16 / 0.05; YELLOW : 32 / 0.10,in stock,new,363089.52 JPY,https://colourdiam.com/productdetail/9172,https://www.colourdiam.com/Product/Jewellery/9176/white45/center.jpg,Colour Diam,Apparel & Accessories > Jewelry,,1,,,,unisex,,,adult,,,,,,,,,,Fine Jewelry
9173,1.22 Ct Fancy Yellow GIA Earring | Colour Diam,"**Remarkable 0.55 Ct Faint Blue Undetermined Vs Ring**

Behold a masterpiece of haute joaillerie: a single 0.55 Ct Faint Blue Undetermined Vs diamond set in luxurious 18k. Weighing 4.186 grams in total. A symphony of light and craftsmanship awaits the discerning collector.",in stock,new,363089.52 JPY,https://colourdiam.com/productdetail/9173,https://www.colourdiam.com/Product/Jewellery/5754_6998/white45/center.jpg,Colour Diam,Apparel & Accessories > Jewelry,,1,,,,unisex,,,adult,,,,,,,,,AGL,Fine Jewelry
9175,0.55 Ct Fancy Intense Yellow VS   cts Fancy Intense Yellow Ring in 18k | GIA Certified,Colour Diam stock 9175. 1.07 Ct MIX FANCY COLOR; 18K Bracelet : 6.773 gram; Main Stone - 5 Pcs - 1.07 Cts; WHITE : 200 / 0.80; PINK : 16 / 0.05; YELLOW : 32 / 0.11,in stock,new,363089.52 JPY,https://colourdiam.com/productdetail/9175,https://www.colourdiam.com/Product/Jewellery/8716/white45/center.jpg,Colour Diam,Apparel & Accessories > Jewelry,,1,,,,unisex,,,adult,,,,,,,,,,Fine Jewelry
9178,0.6 Ct Light  Yellow Green SI1 GIA Ring | Colour Diam,"**Captivating 2.04 Ct Natural Diamond Ring**

Elevate your fine jewelry collection with these magnificent 18K rings. Featuring a  Ct Natural Diamond , this heirloom piece radiates warmth and unmatched sophistication.",in stock,new,299548.85 JPY,https://colourdiam.com/productdetail/9178,https://www.colourdiam.com/Product/Jewellery/5478/white45/center.jpg,Colour Diam,Apparel & Accessories > Jewelry,,1,,,,unisex,,,adult,,,,,,,,,,Fine Jewelry
9206,3.02 Ct U-V Vs2 GIA Ring 6.225 Gram | Colour Diam,"**Magnificent 1.24 Ct Natural Diamond Ring**

Elevate your fine jewelry collection with these magnificent 18k rings. Featuring a  Ct Natural Diamond , this heirloom piece radiates warmth and unmatched sophistication.",in stock,new,299548.85 JPY,https://colourdiam.com/productdetail/9206,https://www.colourdiam.com/Product/Jewellery/8392_5662/white45/center.jpg,Colour Diam,Apparel & Accessories > Jewelry,,1,,,,unisex,,,adult,,,,,,,,,,Fine Jewelry
9215,2.01 Ct Fancy Light Brownish  Yellow I1 GIA Ring | Colour Diam,"**Enchanting 0.10 Ct Natural Diamond Pendant**

Elevate your fine jewelry collection with these magnificent 18k pendants. Featuring a  Ct Natural Diamond , this heirloom piece radiates warmth and unmatched sophistication.",in stock,new,299548.85 JPY,https://colourdiam.com/productdetail/9215,https://www.colourdiam.com/Product/Jewellery/8556/white45/center.jpg,Colour Diam,Apparel & Accessories > Jewelry,,1,,,,unisex,,,adult,,,,,,,,,,Fine Jewelry
9248,1.82 Ct Fancy Light Brownish  Yellow Vs2 GIA Ring | Colour Diam,"**Stunning 2.60 Ct Fancy Yellow Earring**

Elevate your fine jewelry collection with these magnificent 18K earrings. Featuring a 1.38 Ct Fancy Yellow SI2, this heirloom piece radiates warmth and unmatched sophistication.",in stock,new,408475.71 JPY,https://colourdiam.com/productdetail/9248,https://www.colourdiam.com/Product/Jewellery/7476/white45/center.jpg,Colour Diam,Apparel & Accessories > Jewelry,,1,,,,unisex,,,adult,,,,,,,,,,Fine Jewelry
9254,1.35 Ct Fancy Light Brownish Greenish Yellow Vs2 GIA Ring | Colour Diam,"**Exquisite 0.66 Ct Natural Diamond Ring**

Elevate your fine jewelry collection with these magnificent 18k rings. Featuring a  Ct Natural Diamond , this heirloom piece radiates warmth and unmatched sophistication.",in stock,new,363089.52 JPY,https://colourdiam.com/productdetail/9254,https://www.colourdiam.com/Product/Jewellery/7070/white45/center.jpg,Colour Diam,Apparel & Accessories > Jewelry,,1,,,,unisex,,,adult,,,,,,,,,,Fine Jewelry
9225,2 Ct Fancy Brownish Yellow SI1 GIA Ring | Colour Diam,"**Sumptuous 3.02 Ct Natural Diamond Ring**

Elevate your fine jewelry collection with these magnificent 18k rings. Featuring a  Ct Natural Diamond , surrounded by 21 pear diamonds (0.73 Ct), this heirloom piece radiates warmth and unmatched sophistication.",in stock,new,272317.14 JPY,https://colourdiam.com/productdetail/9225,https://www.colourdiam.com/Product/Jewellery/6325/white45/center.jpg,Colour Diam,Apparel & Accessories > Jewelry,,1,,,,unisex,,,adult,,,,,,,,,AGL,Fine Jewelry
8712,1.01 Ct Fancy Green SI AGL Ring | Colour Diam,"**Brilliant 2.01 Ct Fancy Light Brownish  Yellow Ring**

Crafted with meticulous precision in 18k, this ring commands a brilliant allure. Center stone: 2.01 Ct Fancy Light Brownish  Yellow I1. A testament to nature's finest creation and masterful human artistry.",in stock,new,907723.8 JPY,https://colourdiam.com/productdetail/8712,https://www.colourdiam.com/Product/Jewellery/3485/white45/center.jpg,Colour Diam,Apparel & Accessories > Jewelry,,1,,,,unisex,,,adult,,,,,,,,,GIA,Fine Jewelry
7813,1.01 Ct H SI2 HRD Ring | Colour Diam,"**Radiant 1.82 Ct Fancy Light Brownish  Yellow Vs Ring**

Elevate your fine jewelry collection with this magnificent 18k creation. Featuring a GIA-certified 1.82 Ct Fancy Light Brownish  Yellow Vs, this heirloom-quality piece captures timeless sophistication and unmatched artistry.",in stock,new,1180040.93 JPY,https://colourdiam.com/productdetail/7813,https://www.colourdiam.com/Product/Jewellery/8552/white45/center.jpg,Colour Diam,Apparel & Accessories > Jewelry,,1,,,,unisex,,,adult,,,,,,,,,GIA,Fine Jewelry
3748,1.71 Ct Fancy Green VS AGL Ring | Colour Diam,"**Captivating 1.35 Ct Fancy Light Brownish Greenish Yellow Vs Ring**

Elevate your fine jewelry collection with this magnificent 18k creation. Featuring a GIA-certified 1.35 Ct Fancy Light Brownish Greenish Yellow Vs, framed by a constellation of 08 pear diamonds (1.28 Ct), this heirloom-quality piece showcases timeless sophistication and unmatched artistry.",in stock,new,1180040.93 JPY,https://colourdiam.com/productdetail/3748,https://www.colourdiam.com/Product/Jewellery/8584/white45/center.jpg,Colour Diam,Apparel & Accessories > Jewelry,,1,,,,unisex,,,adult,,,,,,,,,GIA,Fine Jewelry
5739,1.2 Ct Fancy Brownish Greenish Yellow SI2 GIA Ring | Colour Diam,"**Sparkling 2.00 Ct Fancy Brownish Yellow Ring**

Crafted with meticulous precision in 18K, this ring showcases a sparkling allure. Center stone: 2 Ct Fancy Brownish Yellow SI1. A testament to nature's finest creation and masterful human artistry.",in stock,new,4084757.08 JPY,https://colourdiam.com/productdetail/5739,https://www.colourdiam.com/Product/Jewellery/8673/white45/center.jpg,Colour Diam,Apparel & Accessories > Jewelry,,1,,,,unisex,,,adult,,,,,,,,,GIA,Fine Jewelry
1990,1.04 Ct Faint Green I2 GIA Ring | Colour Diam,"**Exquisite 1.01 Ct Fancy Green Ring**

Elevate your fine jewelry collection with this magnificent 18K creation. Featuring a GIA-certified 1.01 Ct Fancy Green SI, this heirloom-quality piece exudes timeless sophistication and unmatched artistry.",in stock,new,998496.18 JPY,https://colourdiam.com/productdetail/1990,https://www.colourdiam.com/Product/Jewellery/8821_8769/white45/center.jpg,Colour Diam,Apparel & Accessories > Jewelry,,1,,,,unisex,,,adult,,,,,,,,,GIA,Fine Jewelry
9149,0.43 Ct Faint Pink VS1 GIA Ring | Colour Diam,"**Shimmering 1.01 Ct H Ring**

Crafted with meticulous precision in 18K, this ring demands a shimmering allure. Center stone: 1.01 Ct H SI2. A testament to nature's finest creation and masterful human artistry.",in stock,new,1089268.56 JPY,https://colourdiam.com/productdetail/9149,https://www.colourdiam.com/Product/Jewellery/8738_8534/white45/center.jpg,Colour Diam,Apparel & Accessories > Jewelry,,1,,,,unisex,,,adult,,,,,,,,,,Fine Jewelry
5559,1.01 Ct Light Yellow Green VS2 GIA Ring | Colour Diam,"**Breathtaking 1.71 Ct Natural Diamond Ring**

Elevate your fine jewelry collection with these magnificent Precious Metal rings. Featuring a  Ct Natural Diamond , surrounded by 18 white diamonds (0.19 Ct), this heirloom piece radiates warmth and unmatched sophistication.",in stock,new,907723.8 JPY,https://colourdiam.com/productdetail/5559,https://www.colourdiam.com/Product/Jewellery/8558/white45/center.jpg,Colour Diam,Apparel & Accessories > Jewelry,,1,,,,unisex,,,adult,,,,,,,,,GIA,Fine Jewelry
9282,1 Ct Faint Green VS2 GIA Ring | Colour Diam,"**Exquisite 1.20 Ct Fancy Brownish Greenish Yellow Ring**

Elevate your fine jewelry collection with these magnificent 18K rings. Featuring a 1.2 Ct Fancy Brownish Greenish Yellow SI2, this heirloom piece radiates warmth and unmatched sophistication.",in stock,new,272317.14 JPY,https://colourdiam.com/productdetail/9282,https://www.colourdiam.com/Product/Jewellery/8945/white45/center.jpg,Colour Diam,Apparel & Accessories > Jewelry,,1,,,,unisex,,,adult,,,,,,,,,,Fine Jewelry
9283,1.03 Ct Fancy Brownish Greenish Yellow VS1 GIA Ring | Colour Diam,"**Resplendent 1.04 Ct Natural Diamond Ring**

Elevate your fine jewelry collection with these magnificent 18K rings. Featuring a  Ct Natural Diamond , this heirloom piece radiates warmth and unmatched sophistication.",in stock,new,272317.14 JPY,https://colourdiam.com/productdetail/9283,https://www.colourdiam.com/Product/Jewellery/9220/white45/center.jpg,Colour Diam,Apparel & Accessories > Jewelry,,1,,,,unisex,,,adult,,,,,,,,,,Fine Jewelry
9284,1.13 Ct U-V VS1 GIA Ring | Colour Diam,"**Magnificent 0.43 Ct Faint Pink Ring**

Elevate your fine jewelry collection with these magnificent 18K rings. Featuring a 0.43 Ct Faint Pink VS1, this heirloom piece radiates warmth and unmatched sophistication.",in stock,new,272317.14 JPY,https://colourdiam.com/productdetail/9284,https://www.colourdiam.com/Product/Jewellery/8840/white45/center.jpg,Colour Diam,Apparel & Accessories > Jewelry,,1,,,,unisex,,,adult,,,,,,,,,,Fine Jewelry
9285,0.4 Ct Fancy Intense Yellow VS AGL Ring | Colour Diam,"**Magnificent 2.05 Ct Natural Diamond Ring**

Elevate your fine jewelry collection with these magnificent 18K rings. Featuring a  Ct Natural Diamond , this heirloom piece radiates warmth and unmatched sophistication.",in stock,new,272317.14 JPY,https://colourdiam.com/productdetail/9285,https://www.colourdiam.com/Product/Jewellery/9147/white45/center.jpg,Colour Diam,Apparel & Accessories > Jewelry,,1,,,,unisex,,,adult,,,,,,,,,,Fine Jewelry
9286,1.6 Ct Fancy Light Brownish Greenish Yellow VS1 GIA Ring | Colour Diam,"**Dazzling 2.06 Ct Natural Diamond Ring**

Elevate your fine jewelry collection with these magnificent 18K rings. Featuring a  Ct Natural Diamond , this heirloom piece radiates warmth and unmatched sophistication.",in stock,new,272317.14 JPY,https://colourdiam.com/productdetail/9286,https://www.colourdiam.com/Product/Jewellery/7801/white45/center.jpg,Colour Diam,Apparel & Accessories > Jewelry,,1,,,,unisex,,,adult,,,,,,,,,,Fine Jewelry
8593,3.58 Ct Fancy Green VS AGL Bracelet | Colour Diam,"**Dazzling 1.03 Ct Natural Diamond Ring**

Elevate your fine jewelry collection with these magnificent 18K rings. Featuring a  Ct Natural Diamond , this heirloom piece radiates warmth and unmatched sophistication.",in stock,new,453861.9 JPY,https://colourdiam.com/productdetail/8593,https://www.colourdiam.com/Product/Jewellery/8195_8191_8187_8189_8193_8190/white45/center.jpg,Colour Diam,Apparel & Accessories > Jewelry,,1,,,,unisex,,,adult,,,,,,,,,,Fine Jewelry
9280,0.4 Ct Very Light Yellow Green VS2 GIA Ring | Colour Diam,"**Breathtaking 1.13 Ct U-V Ring**

Elevate your fine jewelry collection with these magnificent 18K rings. Featuring a 1.13 Ct U-V VS1, this heirloom piece radiates warmth and unmatched sophistication.",in stock,new,816951.42 JPY,https://colourdiam.com/productdetail/9280,https://www.colourdiam.com/Product/Jewellery/9170/white45/center.jpg,Colour Diam,Apparel & Accessories > Jewelry,,1,,,,unisex,,,adult,,,,,,,,,AGL,Fine Jewelry
9217,0.5 Ct Ct AGL Pendant | Colour Diam,"**Exquisite 0.40 Ct Natural Diamond Ring**

Elevate your fine jewelry collection with these magnificent 18K rings. Featuring a  Ct Natural Diamond , this heirloom piece radiates warmth and unmatched sophistication.",in stock,new,145235.81 JPY,https://colourdiam.com/productdetail/9217,https://www.colourdiam.com/Product/Jewellery/9172/white45/center.jpg,Colour Diam,Apparel & Accessories > Jewelry,,1,,,,unisex,,,adult,,,,,,,,,AGL,Fine Jewelry
9218,1.60 Ct Fancy Light Brownish Greenish Yellow Ring in 18K | GIA Certified,"**Splendid 1.60 Ct Fancy Light Brownish Greenish Yellow Ring**

Elevate your fine jewelry collection with these magnificent 18K rings. Featuring a 1.6 Ct Fancy Light Brownish Greenish Yellow VS1, surrounded by 8 pear diamonds (0.75 Ct), this heirloom piece radiates warmth and unmatched sophistication.",in stock,new,145235.81 JPY,https://colourdiam.com/productdetail/9218,https://www.colourdiam.com/Product/Jewellery/9173/white45/center.jpg,Colour Diam,Apparel & Accessories > Jewelry,,1,,,,unisex,,,adult,,,,,,,,,AGL,Fine Jewelry
8936,1.07 Ct MIX FANCY COLOR Bracelet 6.790 Gram | Colour Diam,"**Exquisite 3.58 Ct Natural Diamond Bracelet**

Elevate your fine jewelry collection with these magnificent 18K bracelets. Featuring a  Ct Natural Diamond , this heirloom piece radiates warmth and unmatched sophistication.",in stock,new,363089.52 JPY,https://colourdiam.com/productdetail/8936,https://www.colourdiam.com/Product/Jewellery/9175/white45/center.jpg,Colour Diam,Apparel & Accessories > Jewelry,,1,,,,unisex,,,adult,,,,,,,,,GIA,Fine Jewelry
4709,0.40 Ct Very Light Yellow Green Ring in 18K | GIA Certified,"**Enchanting 0.40 Ct Very Light Yellow Green Ring**

Elevate your fine jewelry collection with these magnificent 18K rings. Featuring a 0.4 Ct Very Light Yellow Green VS2, this heirloom piece radiates warmth and unmatched sophistication.",in stock,new,998496.18 JPY,https://colourdiam.com/productdetail/4709,https://www.colourdiam.com/Product/Jewellery/9178/white45/center.jpg,Colour Diam,Apparel & Accessories > Jewelry,,1,,,,unisex,,,adult,,,,,,,,,GIA,Fine Jewelry
7143,1.07 Ct MIX FANCY COLOR Bracelet | Colour Diam,"**Breathtaking  Ct Natural Diamond Pendant**

Elevate your fine jewelry collection with these magnificent 18K pendants. Featuring a  Ct Natural Diamond , this heirloom piece radiates warmth and unmatched sophistication.",in stock,new,1452358.07 JPY,https://colourdiam.com/productdetail/7143,https://www.colourdiam.com/Product/Jewellery/9206/white45/center.jpg,Colour Diam,Apparel & Accessories > Jewelry,,1,,,,unisex,,,adult,,,,,,,,,GIA,Fine Jewelry
9335,2.61 Ct Multi Colour Sapphire Bracelet | Colour Diam,"**Dazzling 1.07 Ct Natural Diamond Bracelet**

Elevate your fine jewelry collection with these magnificent 18K bracelets. Featuring a  Ct Natural Diamond , this heirloom piece radiates warmth and unmatched sophistication.",in stock,new,181544.76 JPY,https://colourdiam.com/productdetail/9335,https://www.colourdiam.com/Product/Jewellery/9215/white45/center.jpg,Colour Diam,Apparel & Accessories > Jewelry,,1,,,,unisex,,,adult,,,,,,,,,AGL,Fine Jewelry
5194,1.03 Ct MIX FANCY COLOR VS Bracelet | Colour Diam,"**Stunning 1.07 Ct Natural Diamond Bracelet**

Elevate your fine jewelry collection with these magnificent 18K bracelets. Featuring a  Ct Natural Diamond , this heirloom piece radiates warmth and unmatched sophistication.",in stock,new,1180040.93 JPY,https://colourdiam.com/productdetail/5194,https://www.colourdiam.com/Product/Jewellery/9248/white45/center.jpg,Colour Diam,Apparel & Accessories > Jewelry,,1,,,,unisex,,,adult,,,,,,,,,GIA,Fine Jewelry
9360,1.08 Ct MIX FANCY COLOR VS Bracelet | Colour Diam,"**Breathtaking 1.07 Ct Natural Diamond Bracelet**

Elevate your fine jewelry collection with these magnificent 18K bracelets. Featuring a  Ct Natural Diamond , this heirloom piece radiates warmth and unmatched sophistication.",in stock,new,254162.66 JPY,https://colourdiam.com/productdetail/9360,https://www.colourdiam.com/Product/Jewellery/9254/white45/center.jpg,Colour Diam,Apparel & Accessories > Jewelry,,1,,,,unisex,,,adult,,,,,,,,,,Fine Jewelry
9378,0.11 Ct Fancy Intense Pink VS AGL Pendant 3.770 Gram | Colour Diam,"**Captivating 1.07 Ct Natural Diamond Bracelet**

Elevate your fine jewelry collection with these magnificent 18K bracelets. Featuring a  Ct Natural Diamond , this heirloom piece radiates warmth and unmatched sophistication.",in stock,new,254162.66 JPY,https://colourdiam.com/productdetail/9378,https://www.colourdiam.com/Product/Jewellery/9225/white45/center.jpg,Colour Diam,Apparel & Accessories > Jewelry,,1,,,,unisex,,,adult,,,,,,,,,,Fine Jewelry
9379,0.31 Ct Faint Pink VS2 GIA Ring 3.705 Gram | Colour Diam,"**Magnificent 2.61 Ct Natural Diamond Bracelet**

Elevate your fine jewelry collection with these magnificent 18K bracelets. Featuring a  Ct Natural Diamond , this heirloom piece radiates warmth and unmatched sophistication.",in stock,new,254162.66 JPY,https://colourdiam.com/productdetail/9379,https://www.colourdiam.com/Product/Jewellery/8712/white45/center.jpg,Colour Diam,Apparel & Accessories > Jewelry,,1,,,,unisex,,,adult,,,,,,,,,,Fine Jewelry
9380,0.11 Ct Fancy Intense Pink VS AGL Pendant | Colour Diam,"**Exquisite 2.78 Ct Natural Diamond Bracelet**

Elevate your fine jewelry collection with these magnificent 18K bracelets. Featuring a  Ct Natural Diamond , this heirloom piece radiates warmth and unmatched sophistication.",in stock,new,254162.66 JPY,https://colourdiam.com/productdetail/9380,https://www.colourdiam.com/Product/Jewellery/7813/white45/center.jpg,Colour Diam,Apparel & Accessories > Jewelry,,1,,,,unisex,,,adult,,,,,,,,,,Fine Jewelry
9381,0.31 Ct Faint Pink VS2 GIA Ring | Colour Diam,"**Breathtaking 2.59 Ct Natural Diamond Bracelet**

Elevate your fine jewelry collection with these magnificent 18K bracelets. Featuring a  Ct Natural Diamond , this heirloom piece radiates warmth and unmatched sophistication.",in stock,new,254162.66 JPY,https://colourdiam.com/productdetail/9381,https://www.colourdiam.com/Product/Jewellery/3748/white45/center.jpg,Colour Diam,Apparel & Accessories > Jewelry,,1,,,,unisex,,,adult,,,,,,,,,,Fine Jewelry
4293,0.31 Ct Faint Pink SI2 GIA Ring | Colour Diam,"**Stunning 1.03 Ct Natural Diamond Bracelet**

Elevate your fine jewelry collection with these magnificent 18K bracelets. Featuring a  Ct Natural Diamond , this heirloom piece radiates warmth and unmatched sophistication.",in stock,new,1270813.31 JPY,https://colourdiam.com/productdetail/4293,https://www.colourdiam.com/Product/Jewellery/5739/white45/center.jpg,Colour Diam,Apparel & Accessories > Jewelry,,1,,,,unisex,,,adult,,,,,,,,,AGL,Fine Jewelry
5613_5653,1 Ct Fancy Deep Brownish Yellow VVS2 GIA Ring | Colour Diam,"**Stunning 1.08 Ct Natural Diamond Bracelet**

Elevate your fine jewelry collection with these magnificent 18K bracelets. Featuring a  Ct Natural Diamond , this heirloom piece radiates warmth and unmatched sophistication.",in stock,new,8169514.16 JPY,https://colourdiam.com/productdetail/Menu/5613/5653,https://www.colourdiam.com/Product/Jewellery/9256/white45/center.jpg,Colour Diam,Apparel & Accessories > Jewelry,,1,,,,unisex,,,adult,,,,,,,,,AGL,Fine Jewelry
5436,1.58 Ct Faint Green VS2 GIA Ring | Colour Diam,"**Magnificent 0.11 Ct Natural Diamond Pendant**

Elevate your fine jewelry collection with these magnificent 18K pendants. Featuring a  Ct Natural Diamond , this heirloom piece radiates warmth and unmatched sophistication.",in stock,new,1180040.93 JPY,https://colourdiam.com/productdetail/5436,https://www.colourdiam.com/Product/Jewellery/1990/white45/center.jpg,Colour Diam,Apparel & Accessories > Jewelry,,1,,,,unisex,,,adult,,,,,,,,,GIA,Fine Jewelry
9287_9312,0.6 Ct Fancy Blue VS AGL Ring | Colour Diam,"**Splendid 0.31 Ct Faint Pink Ring**

Elevate your fine jewelry collection with these magnificent 18K rings. Featuring a 0.31 Ct Faint Pink VS2, this heirloom piece radiates warmth and unmatched sophistication.",in stock,new,99849.62 JPY,https://colourdiam.com/productdetail/Menu/9287/9312,https://www.colourdiam.com/Product/Jewellery/9149/white45/center.jpg,Colour Diam,Apparel & Accessories > Jewelry,,1,,,,unisex,,,adult,,,,,,,,,IGI,Fine Jewelry
9288_9313,0.41 Ct Fancy Brownish Pink I1 GIA Ring | Colour Diam,"**Dazzling 0.31 Ct Faint Pink Ring**

Elevate your fine jewelry collection with these magnificent 18K rings. Featuring a 0.31 Ct Faint Pink SI2, surrounded by 10 pear diamonds (1.11 Ct), this heirloom piece radiates warmth and unmatched sophistication.",in stock,new,99849.62 JPY,https://colourdiam.com/productdetail/Menu/9288/9313,https://www.colourdiam.com/Product/Jewellery/5559/white45/center.jpg,Colour Diam,Apparel & Accessories > Jewelry,,1,,,,unisex,,,adult,,,,,,,,,IGI,Fine Jewelry
9289_9309,0.22 Ct Fancy Blue VS Ring | Colour Diam,"**Magnificent 1.00 Ct Fancy Deep Brownish Yellow Ring**

Elevate your fine jewelry collection with these magnificent 18K rings. Featuring a 1 Ct Fancy Deep Brownish Yellow VVS2, this heirloom piece radiates warmth and unmatched sophistication.",in stock,new,99849.62 JPY,https://colourdiam.com/productdetail/Menu/9289/9309,https://www.colourdiam.com/Product/Jewellery/9282/white45/center.jpg,Colour Diam,Apparel & Accessories > Jewelry,,1,,,,unisex,,,adult,,,,,,,,,IGI,Fine Jewelry
9291_9311,0.4 Ct Fancy Brown Pink VS1 GIA Ring | Colour Diam,"**Enchanting 1.58 Ct Faint Green Ring**

Elevate your fine jewelry collection with these magnificent 18K rings. Featuring a 1.58 Ct Faint Green VS2, this heirloom piece radiates warmth and unmatched sophistication.",in stock,new,99849.62 JPY,https://colourdiam.com/productdetail/Menu/9291/9311,https://www.colourdiam.com/Product/Jewellery/9283/white45/center.jpg,Colour Diam,Apparel & Accessories > Jewelry,,1,,,,unisex,,,adult,,,,,,,,,IGI,Fine Jewelry
9292_9319,0.22 Ct Fancy Blue VS Ring 5.080 Gram | Colour Diam,"**Breathtaking 1.34 Ct Natural Diamond Ring**

Elevate your fine jewelry collection with these magnificent 18K rings. Featuring a  Ct Natural Diamond , this heirloom piece radiates warmth and unmatched sophistication.",in stock,new,99849.62 JPY,https://colourdiam.com/productdetail/Menu/9292/9319,https://www.colourdiam.com/Product/Jewellery/9284/white45/center.jpg,Colour Diam,Apparel & Accessories > Jewelry,,1,,,,unisex,,,adult,,,,,,,,,IGI,Fine Jewelry
9293_9327,0.22 Ct Fancy Blue VS Ring | Colour Diam - 1,"**Magnificent 0.41 Ct Fancy Brownish Pink Ring**

Elevate your fine jewelry collection with these magnificent 18K rings. Featuring a 0.41 Ct Fancy Brownish Pink I1, this heirloom piece radiates warmth and unmatched sophistication.",in stock,new,99849.62 JPY,https://colourdiam.com/productdetail/Menu/9293/9327,https://www.colourdiam.com/Product/Jewellery/9285/white45/center.jpg,Colour Diam,Apparel & Accessories > Jewelry,,1,,,,unisex,,,adult,,,,,,,,,IGI,Fine Jewelry
9294_9308,0.22 Ct Fancy Blue VS Ring | Colour Diam - 2,"**Magnificent  Ct Natural Diamond Bracelet**

Elevate your fine jewelry collection with these magnificent 18K bracelets. Featuring a  Ct Natural Diamond , this heirloom piece radiates warmth and unmatched sophistication.",in stock,new,99849.62 JPY,https://colourdiam.com/productdetail/Menu/9294/9308,https://www.colourdiam.com/Product/Jewellery/9286/white45/center.jpg,Colour Diam,Apparel & Accessories > Jewelry,,1,,,,unisex,,,adult,,,,,,,,,IGI,Fine Jewelry
9295_9324,0.22 Ct Fancy Blue VS Ring | Colour Diam - 3,"**Splendid 0.40 Ct Fancy Brown Pink Ring**

Elevate your fine jewelry collection with these magnificent 18K rings. Featuring a 0.4 Ct Fancy Brown Pink VS1, this heirloom piece radiates warmth and unmatched sophistication.",in stock,new,99849.62 JPY,https://colourdiam.com/productdetail/Menu/9295/9324,https://www.colourdiam.com/Product/Jewellery/8593/white45/center.jpg,Colour Diam,Apparel & Accessories > Jewelry,,1,,,,unisex,,,adult,,,,,,,,,IGI,Fine Jewelry
9296_9323,1.05 Ct Fancy Green VS AGL Earring 7.111 Gram | Colour Diam,"**Captivating 0.22 Ct Natural Diamond Ring**

Elevate your fine jewelry collection with these magnificent 18K rings. Featuring a  Ct Natural Diamond , surrounded by 12 pear diamonds (1.50 Ct), this heirloom piece radiates warmth and unmatched sophistication.",in stock,new,99849.62 JPY,https://colourdiam.com/productdetail/Menu/9296/9323,https://www.colourdiam.com/Product/Jewellery/9280/white45/center.jpg,Colour Diam,Apparel & Accessories > Jewelry,,1,,,,unisex,,,adult,,,,,,,,,IGI,Fine Jewelry
9297_9299,0.11 Ct Fancy Intense Pink VS AGL Ring 1.795 Gram | Colour Diam,"**Dazzling 0.22 Ct Natural Diamond Ring**

Elevate your fine jewelry collection with these magnificent 18K rings. Featuring a  Ct Natural Diamond , surrounded by 12 pear diamonds (1.50 Ct), this heirloom piece radiates warmth and unmatched sophistication.",in stock,new,99849.62 JPY,https://colourdiam.com/productdetail/Menu/9297/9299,https://www.colourdiam.com/Product/Jewellery/9217/white45/center.jpg,Colour Diam,Apparel & Accessories > Jewelry,,1,,,,unisex,,,adult,,,,,,,,,IGI,Fine Jewelry
9298_9316,1.05 Ct Fancy Green VS AGL Earring | Colour Diam,"**Radiant 0.22 Ct Natural Diamond Ring**

Elevate your fine jewelry collection with these magnificent 18K rings. Featuring a  Ct Natural Diamond , surrounded by 12 pear diamonds (1.50 Ct), this heirloom piece radiates warmth and unmatched sophistication.",in stock,new,99849.62 JPY,https://colourdiam.com/productdetail/Menu/9298/9316,https://www.colourdiam.com/Product/Jewellery/9218/white45/center.jpg,Colour Diam,Apparel & Accessories > Jewelry,,1,,,,unisex,,,adult,,,,,,,,,IGI,Fine Jewelry
9300_9328,0.11 Ct Fancy Intense Pink VS AGL Ring | Colour Diam,"**Opulent 0.22 Ct Natural Diamond Ring**

Elevate your fine jewelry collection with these magnificent 18K rings. Featuring a  Ct Natural Diamond , surrounded by 12 pear diamonds (1.50 Ct), this heirloom piece radiates warmth and unmatched sophistication.",in stock,new,99849.62 JPY,https://colourdiam.com/productdetail/Menu/9300/9328,https://www.colourdiam.com/Product/Jewellery/8936/white45/center.jpg,Colour Diam,Apparel & Accessories > Jewelry,,1,,,,unisex,,,adult,,,,,,,,,IGI,Fine Jewelry
9302_9304,0.28 Ct Fancy Intense Green VS AGL Ring | Colour Diam,"**Resplendent 0.22 Ct Natural Diamond Ring**

Elevate your fine jewelry collection with these magnificent 18K rings. Featuring a  Ct Natural Diamond , surrounded by 12 pear diamonds (1.50 Ct), this heirloom piece radiates warmth and unmatched sophistication.",in stock,new,99849.62 JPY,https://colourdiam.com/productdetail/Menu/9302/9304,https://www.colourdiam.com/Product/Jewellery/4709/white45/center.jpg,Colour Diam,Apparel & Accessories > Jewelry,,1,,,,unisex,,,adult,,,,,,,,,IGI,Fine Jewelry
9305_9329,0.5 Ct F VS2 GIA Ring | Colour Diam,"**Magnificent  Ct Natural Diamond Bracelet**

Elevate your fine jewelry collection with these magnificent Precious Metal bracelets. Featuring a  Ct Natural Diamond , surrounded by 136 yellow diamonds (1.10 Ct), this heirloom piece radiates warmth and unmatched sophistication.",in stock,new,99849.62 JPY,https://colourdiam.com/productdetail/Menu/9305/9329,https://www.colourdiam.com/Product/Jewellery/7143/white45/center.jpg,Colour Diam,Apparel & Accessories > Jewelry,,1,,,,unisex,,,adult,,,,,,,,,IGI,Fine Jewelry
9306_9322,0.45 Ct Light Blue SI1 GIA Ring | Colour Diam,"**Sumptuous 1.05 Ct Natural Diamond Earring**

Elevate your fine jewelry collection with these magnificent 18K earrings. Featuring a  Ct Natural Diamond , this heirloom piece radiates warmth and unmatched sophistication.",in stock,new,99849.62 JPY,https://colourdiam.com/productdetail/Menu/9306/9322,https://www.colourdiam.com/Product/Jewellery/7263/white45/center.jpg,Colour Diam,Apparel & Accessories > Jewelry,,1,,,,unisex,,,adult,,,,,,,,,IGI,Fine Jewelry
9307_9320,1.51 Ct Fancy Yellow VVS2 GIA Ring | Colour Diam,"**Dazzling 0.11 Ct Natural Diamond Ring**

Elevate your fine jewelry collection with these magnificent 18K rings. Featuring a  Ct Natural Diamond , this heirloom piece radiates warmth and unmatched sophistication.",in stock,new,99849.62 JPY,https://colourdiam.com/productdetail/Menu/9307/9320,https://www.colourdiam.com/Product/Jewellery/9335/white45/center.jpg,Colour Diam,Apparel & Accessories > Jewelry,,1,,,,unisex,,,adult,,,,,,,,,IGI,Fine Jewelry
9310_9330,3.02 Ct U-V VS2 GIA Ring | Colour Diam,"**Stunning 0.28 Ct Natural Diamond Ring**

Elevate your fine jewelry collection with these magnificent 18K rings. Featuring a  Ct Natural Diamond , this heirloom piece radiates warmth and unmatched sophistication.",in stock,new,99849.62 JPY,https://colourdiam.com/productdetail/Menu/9310/9330,https://www.colourdiam.com/Product/Jewellery/5194/white45/center.jpg,Colour Diam,Apparel & Accessories > Jewelry,,1,,,,unisex,,,adult,,,,,,,,,IGI,Fine Jewelry
9317_9325,0.41 Ct Fancy Intense Pink VS AGL Ring | Colour Diam,"**Captivating 0.50 Ct F Ring**

Elevate your fine jewelry collection with these magnificent 18K rings. Featuring a 0.5 Ct F VS2, this heirloom piece radiates warmth and unmatched sophistication.",in stock,new,99849.62 JPY,https://colourdiam.com/productdetail/Menu/9317/9325,https://www.colourdiam.com/Product/Jewellery/9360/white45/center.jpg,Colour Diam,Apparel & Accessories > Jewelry,,1,,,,unisex,,,adult,,,,,,,,,IGI,Fine Jewelry
9318_9314,0.7 Ct Light Pinkish Brown Vs1 GIA Ring | Colour Diam,"**Radiant 0.45 Ct Light Blue Ring**

Elevate your fine jewelry collection with these magnificent 18K rings. Featuring a 0.45 Ct Light Blue SI1, this heirloom piece radiates warmth and unmatched sophistication.",in stock,new,99849.62 JPY,https://colourdiam.com/productdetail/Menu/9318/9314,https://www.colourdiam.com/Product/Jewellery/9378/white45/center.jpg,Colour Diam,Apparel & Accessories > Jewelry,,1,,,,unisex,,,adult,,,,,,,,,IGI,Fine Jewelry
9301_9303,0.98 Ct WHITE I1 Bracelet | Colour Diam,"**Resplendent 1.51 Ct Fancy Yellow Ring**

Elevate your fine jewelry collection with these magnificent 18K rings. Featuring a 1.51 Ct Fancy Yellow VVS2, surrounded by 8 pear diamonds (0.74 Ct), this heirloom piece radiates warmth and unmatched sophistication.",in stock,new,99849.62 JPY,https://colourdiam.com/productdetail/Menu/9301/9303,https://www.colourdiam.com/Product/Jewellery/9379/white45/center.jpg,Colour Diam,Apparel & Accessories > Jewelry,,1,,,,unisex,,,adult,,,,,,,,,IGI,Fine Jewelry
9321_9326,0.98 Ct WHITE I1 Bracelet 12.330 Gram | Colour Diam,"**Dazzling 3.02 Ct U-V Ring**

Elevate your fine jewelry collection with these magnificent 18K rings. Featuring a 3.02 Ct U-V VS2, surrounded by 21 pear diamonds (0.73 Ct), this heirloom piece radiates warmth and unmatched sophistication.",in stock,new,99849.62 JPY,https://colourdiam.com/productdetail/Menu/9321/9326,https://www.colourdiam.com/Product/Jewellery/9380/white45/center.jpg,Colour Diam,Apparel & Accessories > Jewelry,,1,,,,unisex,,,adult,,,,,,,,,IGI,Fine Jewelry
9290_9315,0.98 Ct WHITE I1 Bracelet 12.250 Gram | Colour Diam,"**Opulent 0.41 Ct Natural Diamond Ring**

Elevate your fine jewelry collection with these magnificent 18K rings. Featuring a  Ct Natural Diamond , this heirloom piece radiates warmth and unmatched sophistication.",in stock,new,99849.62 JPY,https://colourdiam.com/productdetail/Menu/9290/9315,https://www.colourdiam.com/Product/Jewellery/9381/white45/center.jpg,Colour Diam,Apparel & Accessories > Jewelry,,1,,,,unisex,,,adult,,,,,,,,,IGI,Fine Jewelry
9484,1.52 Ct Fancy Green SI2 AGL Ring 5.540 Gram | Colour Diam,"**Stunning 0.70 Ct Natural Diamond Ring**

Elevate your fine jewelry collection with these magnificent 18K rings. Featuring a  Ct Natural Diamond , surrounded by 06 pear diamonds (0.241 Ct), this heirloom piece radiates warmth and unmatched sophistication.",in stock,new,272317.14 JPY,https://colourdiam.com/productdetail/9484,https://www.colourdiam.com/Product/Jewellery/4293/white45/center.jpg,Colour Diam,Apparel & Accessories > Jewelry,,1,,,,unisex,,,adult,,,,,,,,,AGL,Fine Jewelry
4317,5.52 Ct Fancy Intense Green VVS2 AGL Ring 6.95 Gram | Colour Diam,"**Sumptuous 0.94 Ct Natural Diamond Bracelet**

Elevate your fine jewelry collection with these magnificent 9K bracelets. Featuring a  Ct Natural Diamond , this heirloom piece radiates warmth and unmatched sophistication.",in stock,new,1180040.93 JPY,https://colourdiam.com/productdetail/4317,https://www.colourdiam.com/Product/Jewellery/5613_5653/white45/center.jpg,Colour Diam,Apparel & Accessories > Jewelry,,1,,,,unisex,,,adult,,,,,,,,,GIA,Fine Jewelry
6101,1.52 Ct Fancy Green SI2 AGL Ring | Colour Diam,"**Captivating 0.98 Ct WHITE Bracelet**

Elevate your fine jewelry collection with these magnificent 9K bracelets. Featuring a 0.98 Ct WHITE I1, this heirloom piece radiates warmth and unmatched sophistication.",in stock,new,2723171.39 JPY,https://colourdiam.com/productdetail/6101,https://www.colourdiam.com/Product/Jewellery/5436/white45/center.jpg,Colour Diam,Apparel & Accessories > Jewelry,,1,,,,unisex,,,adult,,,,,,,,,GIA,Fine Jewelry
5429,5.52 Ct Fancy Intense Green VVS2 AGL Ring | Colour Diam,"**Dazzling 0.98 Ct WHITE Bracelet**

Elevate your fine jewelry collection with these magnificent 9K bracelets. Featuring a 0.98 Ct WHITE I1, this heirloom piece radiates warmth and unmatched sophistication.",in stock,new,1180040.93 JPY,https://colourdiam.com/productdetail/5429,https://www.colourdiam.com/Product/Jewellery/9287_9312/white45/center.jpg,Colour Diam,Apparel & Accessories > Jewelry,,1,,,,unisex,,,adult,,,,,,,,,GIA,Fine Jewelry
4713,0.76 Ct Fancy Blue Green SI1 GIA Ring | Colour Diam,"**Splendid 0.98 Ct WHITE Bracelet**

Elevate your fine jewelry collection with these magnificent 9K bracelets. Featuring a 0.98 Ct WHITE I1, this heirloom piece radiates warmth and unmatched sophistication.",in stock,new,1561284.93 JPY,https://colourdiam.com/productdetail/4713,https://www.colourdiam.com/Product/Jewellery/9288_9313/white45/center.jpg,Colour Diam,Apparel & Accessories > Jewelry,,1,,,,unisex,,,adult,,,,,,,,,GIA,Fine Jewelry
5573,0.3 Ct F SI1 IGI Earring | Colour Diam,"**Opulent 0.98 Ct WHITE Bracelet**

Elevate your fine jewelry collection with these magnificent 9K bracelets. Featuring a 0.98 Ct WHITE I1, this heirloom piece radiates warmth and unmatched sophistication.",in stock,new,1180040.93 JPY,https://colourdiam.com/productdetail/5573,https://www.colourdiam.com/Product/Jewellery/9289_9309/white45/center.jpg,Colour Diam,Apparel & Accessories > Jewelry,,1,,,,unisex,,,adult,,,,,,,,,GIA,Fine Jewelry
9550,0.3 Ct G SI1 IGI Earring 1.130 Gram | Colour Diam,"**Exquisite 1.52 Ct Fancy Green Ring**

Elevate your fine jewelry collection with these magnificent 18K rings. Featuring a 1.52 Ct Fancy Green SI2, this heirloom piece radiates warmth and unmatched sophistication.",in stock,new,217853.71 JPY,https://colourdiam.com/productdetail/9550,https://www.colourdiam.com/Product/Jewellery/9291_9311/white45/center.jpg,Colour Diam,Apparel & Accessories > Jewelry,,1,,,,unisex,,,adult,,,,,,,,,AGL,Fine Jewelry
7232/6528/5445,0.3 Ct G SI1 IGI Earring 1.134 Gram | Colour Diam,"**Magnificent 5.52 Ct Natural Diamond Ring**

Elevate your fine jewelry collection with these magnificent 18K rings. Featuring a  Ct Natural Diamond , this heirloom piece radiates warmth and unmatched sophistication.",in stock,new,2360081.87 JPY,https://colourdiam.com/productdetail/Menu/7232/6528/5445,https://www.colourdiam.com/Product/Jewellery/9292_9319/white45/center.jpg,Colour Diam,Apparel & Accessories > Jewelry,,1,,,,unisex,,,adult,,,,,,,,,GIA,Fine Jewelry
7462,0.3 Ct G SI1 IGI Earring 1.126 Gram | Colour Diam,"**Exquisite 0.76 Ct Fancy Blue Green Ring**

Elevate your fine jewelry collection with these magnificent 18K rings. Featuring a 0.76 Ct Fancy Blue Green SI1, this heirloom piece radiates warmth and unmatched sophistication.",in stock,new,1270813.31 JPY,https://colourdiam.com/productdetail/7462,https://www.colourdiam.com/Product/Jewellery/9293_9327/white45/center.jpg,Colour Diam,Apparel & Accessories > Jewelry,,1,,,,unisex,,,adult,,,,,,,,,GIA,Fine Jewelry
7572,0.3 Ct G SI1 IGI Earring 1.138 Gram | Colour Diam,"**Dazzling 0.60 Ct F Earring**

Elevate your fine jewelry collection with these magnificent 18K earrings. Featuring a matched pair of 0.3 Ct F SI1 and 0.3 Ct G SI1, this heirloom piece radiates warmth and unmatched sophistication.",in stock,new,998496.18 JPY,https://colourdiam.com/productdetail/7572,https://www.colourdiam.com/Product/Jewellery/9294_9308/white45/center.jpg,Colour Diam,Apparel & Accessories > Jewelry,,1,,,,unisex,,,adult,,,,,,,,,AGL,Fine Jewelry
7471,0.3 Ct G SI1 IGI Earring 1.146 Gram | Colour Diam,"**Magnificent 0.60 Ct G Earring**

Elevate your fine jewelry collection with these magnificent 18K earrings. Featuring a matched pair of 0.3 Ct G SI1 and 0.3 Ct G SI1, this heirloom piece radiates warmth and unmatched sophistication.",in stock,new,2323772.92 JPY,https://colourdiam.com/productdetail/7471,https://www.colourdiam.com/Product/Jewellery/9295_9324/white45/center.jpg,Colour Diam,Apparel & Accessories > Jewelry,,1,,,,unisex,,,adult,,,,,,,,,AGL,Fine Jewelry
9596,0.3 Ct G SI1 IGI Earring 1.118 Gram | Colour Diam,"**Sumptuous 0.60 Ct G Earring**

Elevate your fine jewelry collection with these magnificent 18K earrings. Featuring a matched pair of 0.3 Ct G SI1 and 0.3 Ct G SI1, this heirloom piece radiates warmth and unmatched sophistication.",in stock,new,192074.36 JPY,https://colourdiam.com/productdetail/9596,https://www.colourdiam.com/Product/Jewellery/9296_9323/white45/center.jpg,Colour Diam,Apparel & Accessories > Jewelry,,1,,,,unisex,,,adult,,,,,,,,,,Fine Jewelry
9597,0.3 Ct G SI1 IGI Earring 1.156 Gram | Colour Diam,"**Resplendent 0.60 Ct G Earring**

Elevate your fine jewelry collection with these magnificent 18K earrings. Featuring a matched pair of 0.3 Ct G SI1 and 0.3 Ct G SI1, this heirloom piece radiates warmth and unmatched sophistication.",in stock,new,1323642.84 JPY,https://colourdiam.com/productdetail/9597,https://www.colourdiam.com/Product/Jewellery/9297_9299/white45/center.jpg,Colour Diam,Apparel & Accessories > Jewelry,,1,,,,unisex,,,adult,,,,,,,,,,Fine Jewelry
9598,0.3 Ct G SI1 IGI Earring 1.150 Gram | Colour Diam,"**Radiant 0.60 Ct G Earring**

Elevate your fine jewelry collection with these magnificent 18K earrings. Featuring a matched pair of 0.3 Ct G SI1 and 0.3 Ct G SI1, this heirloom piece radiates warmth and unmatched sophistication.",in stock,new,452954.17 JPY,https://colourdiam.com/productdetail/9598,https://www.colourdiam.com/Product/Jewellery/9298_9316/white45/center.jpg,Colour Diam,Apparel & Accessories > Jewelry,,1,,,,unisex,,,adult,,,,,,,,,,Fine Jewelry
9599,0.3 Ct G SI1 IGI Earring 1.140 Gram | Colour Diam,"**Stunning 0.60 Ct G Earring**

Elevate your fine jewelry collection with these magnificent 18K earrings. Featuring a matched pair of 0.3 Ct G SI1 and 0.3 Ct G SI1, this heirloom piece radiates warmth and unmatched sophistication.",in stock,new,825120.93 JPY,https://colourdiam.com/productdetail/9599,https://www.colourdiam.com/Product/Jewellery/9300_9328/white45/center.jpg,Colour Diam,Apparel & Accessories > Jewelry,,1,,,,unisex,,,adult,,,,,,,,,,Fine Jewelry
9600,0.3 Ct G SI1 IGI Earring | Colour Diam - 3,"**Magnificent 0.60 Ct G Earring**

Elevate your fine jewelry collection with these magnificent 18K earrings. Featuring a matched pair of 0.3 Ct G SI1 and 0.3 Ct G SI1, this heirloom piece radiates warmth and unmatched sophistication.",in stock,new,845998.58 JPY,https://colourdiam.com/productdetail/9600,https://www.colourdiam.com/Product/Jewellery/9302_9304/white45/center.jpg,Colour Diam,Apparel & Accessories > Jewelry,,1,,,,unisex,,,adult,,,,,,,,,,Fine Jewelry
9601,0.3 Ct G SI1 IGI Earring 1.117 Gram | Colour Diam,"**Radiant 0.60 Ct G Earring**

Elevate your fine jewelry collection with these magnificent 18K earrings. Featuring a matched pair of 0.3 Ct G SI1 and 0.3 Ct G SI1, this heirloom piece radiates warmth and unmatched sophistication.",in stock,new,1043882.37 JPY,https://colourdiam.com/productdetail/9601,https://www.colourdiam.com/Product/Jewellery/9305_9329/white45/center.jpg,Colour Diam,Apparel & Accessories > Jewelry,,1,,,,unisex,,,adult,,,,,,,,,,Fine Jewelry
9602,0.3 Ct G SI1 IGI Earring 1.127 Gram | Colour Diam,"**Radiant 0.60 Ct G Earring**

Elevate your fine jewelry collection with these magnificent 18K earrings. Featuring a matched pair of 0.3 Ct G SI1 and 0.3 Ct G SI1, this heirloom piece radiates warmth and unmatched sophistication.",in stock,new,1701619.03 JPY,https://colourdiam.com/productdetail/9602,https://www.colourdiam.com/Product/Jewellery/9306_9322/white45/center.jpg,Colour Diam,Apparel & Accessories > Jewelry,,1,,,,unisex,,,adult,,,,,,,,,,Fine Jewelry
9603,0.3 Ct G SI1 IGI Earring | Colour Diam - 4,"**Resplendent 0.60 Ct G Earring**

Elevate your fine jewelry collection with these magnificent 18K earrings. Featuring a matched pair of 0.3 Ct G SI1 and 0.3 Ct G SI1, this heirloom piece radiates warmth and unmatched sophistication.",in stock,new,365268.06 JPY,https://colourdiam.com/productdetail/9603,https://www.colourdiam.com/Product/Jewellery/9307_9320/white45/center.jpg,Colour Diam,Apparel & Accessories > Jewelry,,1,,,,unisex,,,adult,,,,,,,,,,Fine Jewelry
9604,0.3 Ct G SI1 IGI Earring | Colour Diam - 5,"**Splendid 0.60 Ct G Earring**

Elevate your fine jewelry collection with these magnificent 18K earrings. Featuring a matched pair of 0.3 Ct G SI1 and 0.3 Ct G SI1, this heirloom piece radiates warmth and unmatched sophistication.",in stock,new,156491.58 JPY,https://colourdiam.com/productdetail/9604,https://www.colourdiam.com/Product/Jewellery/9310_9330/white45/center.jpg,Colour Diam,Apparel & Accessories > Jewelry,,1,,,,unisex,,,adult,,,,,,,,,,Fine Jewelry
9605,0.3 Ct G SI1 IGI Earring | Colour Diam - 6,"**Brilliant 0.60 Ct G Earring**

Crafted with meticulous precision in 18K, this earring embodies a brilliant allure. Center stones: 0.3 Ct G SI1 & 0.3 Ct G SI1. A testament to nature's finest creation and masterful human artistry.",in stock,new,156491.58 JPY,https://colourdiam.com/productdetail/9605,https://www.colourdiam.com/Product/Jewellery/9317_9325/white45/center.jpg,Colour Diam,Apparel & Accessories > Jewelry,,1,,,,unisex,,,adult,,,,,,,,,,Fine Jewelry
9608,0.3 Ct G SI1 IGI Earring 1.148 Gram | Colour Diam,"**Extraordinary 0.60 Ct G Earring**

Behold a marvel of haute joaillerie: 2 GIA-certified G diamonds totaling 0.60 carats set in luxurious 18K. Weighing 1.127 grams in total. A symphony of light and craftsmanship awaits the discerning collector.",in stock,new,1284429.17 JPY,https://colourdiam.com/productdetail/9608,https://www.colourdiam.com/Product/Jewellery/9318_9314/white45/center.jpg,Colour Diam,Apparel & Accessories > Jewelry,,1,,,,unisex,,,adult,,,,,,,,,GIA,Fine Jewelry
9609,0.3 Ct G SI1 IGI Earring | Colour Diam - 7,Colour Diam stock 9609. 4.74 cts Emerald Ring (COLUMBIAN); Platinum ring ; Gross weight 9.80 gram ; Main stone - 1 pcs - 4.74 cts ; Side Baguettes/Round Diamonds - 0.70 cts,in stock,new,1815447.59 JPY,https://colourdiam.com/productdetail/9609,https://www.colourdiam.com/Product/Jewellery/9301_9303/white45/center.jpg,Colour Diam,Apparel & Accessories > Jewelry,,1,,,,unisex,,,adult,,,,,,,,,,Fine Jewelry
9610,0.3 Ct G SI1 IGI Earring | Colour Diam - 8,"**Radiant 0.60 Ct G Earring**

Elevate your fine jewelry collection with this magnificent 18K creation. Featuring a matched pair of GIA-certified 0.3 Ct G SI1 and 0.3 Ct G SI1, this heirloom-quality piece captures timeless sophistication and unmatched artistry.",in stock,new,918616.48 JPY,https://colourdiam.com/productdetail/9610,https://www.colourdiam.com/Product/Jewellery/9321_9326/white45/center.jpg,Colour Diam,Apparel & Accessories > Jewelry,,1,,,,unisex,,,adult,,,,,,,,,GRS,Fine Jewelry
9611,0.3 Ct G SI1 IGI Earring 1.158 Gram | Colour Diam,"**Shimmering 0.60 Ct G Earring**

Crafted with meticulous precision in 18K, this earring radiates a shimmering allure. Center stones: 0.3 Ct G SI1 & 0.3 Ct G SI1. A testament to nature's finest creation and masterful human artistry.",in stock,new,557342.41 JPY,https://colourdiam.com/productdetail/9611,https://www.colourdiam.com/Product/Jewellery/9290_9315/white45/center.jpg,Colour Diam,Apparel & Accessories > Jewelry,,1,,,,unisex,,,adult,,,,,,,,,,Fine Jewelry
9612,0.3 Ct G SI1 IGI Earring 1.119 Gram | Colour Diam,Colour Diam stock 9612. 3.66 cts Emerald Ring; Platinum ring ; Gross weight 8.99 gram ; Main stone - 1 pcs - 3.66 cts ; Side Round Diamonds - 1.62 cts,in stock,new,1095985.71 JPY,https://colourdiam.com/productdetail/9612,https://www.colourdiam.com/Product/Jewellery/9484/white45/center.jpg,Colour Diam,Apparel & Accessories > Jewelry,,1,,,,unisex,,,adult,,,,,,,,,,Fine Jewelry
7820,0.3 Ct G SI1 IGI Earring | Colour Diam,"**Incomparable 0.60 Ct G Earring**

Behold a creation of haute joaillerie: 2 GIA-certified G diamonds totaling 0.60 carats set in luxurious 18K. Weighing 1.106 grams in total. A symphony of light and craftsmanship awaits the discerning collector.",in stock,new,5083253.26 JPY,https://colourdiam.com/productdetail/7820,https://www.colourdiam.com/Product/Jewellery/4317/white45/center.jpg,Colour Diam,Apparel & Accessories > Jewelry,,1,,,,unisex,,,adult,,,,,,,,,GIA,Fine Jewelry
9595,0.12 Ct Fancy Blue VS AGL Pendant | Colour Diam,Colour Diam stock 9595. 16.32 Ct Multi Colour Sapphire; Silver - Bracelet : 19.506 gram; Main Stone - 11 Pcs 16.32 Cts; Round Green sapphire 12 Pcs 0.60 Cts; Round WHITE 292 Pcs 1.36 Cts,in stock,new,99849.62 JPY,https://colourdiam.com/productdetail/9595,https://www.colourdiam.com/Product/Jewellery/6101/white45/center.jpg,Colour Diam,Apparel & Accessories > Jewelry,,1,,,,unisex,,,adult,,,,,,,,,,Fine Jewelry
8588,0.7 Ct Light Pinkish Brown SI2 GIA Ring | Colour Diam,"**Luminous 0.60 Ct G Earring**

Crafted with meticulous precision in 18K, this earring displays a luminous allure. Center stones: 0.3 Ct G SI1 & 0.3 Ct G SI1. A testament to nature's finest creation and masterful human artistry.",in stock,new,653561.13 JPY,https://colourdiam.com/productdetail/8588,https://www.colourdiam.com/Product/Jewellery/5429/white45/center.jpg,Colour Diam,Apparel & Accessories > Jewelry,,1,,,,unisex,,,adult,,,,,,,,,GIA,Fine Jewelry
8330,2.7 Ct Fancy Orange Brown SI1 GIA Ring | Colour Diam,"**Brilliant 0.60 Ct G Earring**

Crafted with meticulous precision in 18K, this earring radiates a brilliant allure. Center stones: 0.3 Ct G SI1 & 0.3 Ct G SI1. A testament to nature's finest creation and masterful human artistry.",in stock,new,1361585.69 JPY,https://colourdiam.com/productdetail/8330,https://www.colourdiam.com/Product/Jewellery/5573/white45/center.jpg,Colour Diam,Apparel & Accessories > Jewelry,,1,,,,unisex,,,adult,,,,,,,,,GIA,Fine Jewelry
7669,0.38 Ct Fancy Light Blueish Green SI2 GIA Ring | Colour Diam,"**Exquisite 0.60 Ct G Earring**

Elevate your fine jewelry collection with this magnificent 18K creation. Featuring a matched pair of GIA-certified 0.3 Ct G SI1 and 0.3 Ct G SI1, this heirloom-quality piece commands timeless sophistication and unmatched artistry.",in stock,new,2269309.49 JPY,https://colourdiam.com/productdetail/7669,https://www.colourdiam.com/Product/Jewellery/9550/white45/center.jpg,Colour Diam,Apparel & Accessories > Jewelry,,1,,,,unisex,,,adult,,,,,,,,,GIA,Fine Jewelry
2772,0.43 Ct Faint Brown Pink si1 GIA Ring | Colour Diam,"**Stunning 0.12 Ct Natural Diamond Pendant**

Elevate your fine jewelry collection with these magnificent 18K pendants. Featuring a  Ct Natural Diamond , this heirloom piece radiates warmth and unmatched sophistication.",in stock,new,2723171.39 JPY,https://colourdiam.com/productdetail/2772,https://www.colourdiam.com/Product/Jewellery/7232/6528/5445/white45/center.jpg,Colour Diam,Apparel & Accessories > Jewelry,,1,,,,unisex,,,adult,,,,,,,,,CGL,Fine Jewelry
4329_5655,0.42 Ct Fancy Intense Pink VS1 AGL Ring | Colour Diam,"**Sumptuous 0.70 Ct Light Pinkish Brown Ring**

Elevate your fine jewelry collection with these magnificent 18K rings. Featuring a 0.70 Ct Light Pinkish Brown SI2, this heirloom piece radiates warmth and unmatched sophistication.",in stock,new,907723.8 JPY,https://colourdiam.com/productdetail/Menu/4329/5655,https://www.colourdiam.com/Product/Jewellery/7462/white45/center.jpg,Colour Diam,Apparel & Accessories > Jewelry,,1,,,,unisex,,,adult,,,,,,,,,AGL,Fine Jewelry
5777,1.32 Ct Fancy Pink Brown I1 GIA Earring | Colour Diam,"**Opulent 2.70 Ct Fancy Orange Brown Ring**

Elevate your fine jewelry collection with these magnificent 18K rings. Featuring a 2.70 Ct Fancy Orange Brown SI1, surrounded by 02 pear diamonds (0.39 Ct), this heirloom piece radiates warmth and unmatched sophistication.",in stock,new,726179.04 JPY,https://colourdiam.com/productdetail/5777,https://www.colourdiam.com/Product/Jewellery/7572/white45/center.jpg,Colour Diam,Apparel & Accessories > Jewelry,,1,,,,unisex,,,adult,,,,,,,,,GIA,Fine Jewelry
9552,0.7 Ct Very light pink Si1 GIA Ring | Colour Diam,"**Captivating 0.38 Ct Fancy Light Blueish Green Ring**

Elevate your fine jewelry collection with these magnificent 18K rings. Featuring a 0.38 Ct Fancy Light Blueish Green SI2, surrounded by 05 pear diamonds (0.49 Ct), this heirloom piece radiates warmth and unmatched sophistication.",in stock,new,90772.38 JPY,https://colourdiam.com/productdetail/9552,https://www.colourdiam.com/Product/Jewellery//white45/center.jpg,Colour Diam,Apparel & Accessories > Jewelry,,1,,,,unisex,,,adult,,,,,,,,,,Fine Jewelry
9553,Columbian Emerald Platinum Ring | 11.70 ct | ColourDiam,Colour Diam stock 9553. 0.165 Ct Fancy Pink; 18K Pendant : 1.215 gram; Main Stone - 16 Pcs - 0.17 Cts; Round WHITE 50 Pcs 0.23 Cts,in stock,new,90772.38 JPY,https://colourdiam.com/productdetail/9553,https://colourdiam.com/Product/Jewellery/9596/black360/ae1530_5.jpg,Colour Diam,Apparel & Accessories > Jewelry,,1,,,,unisex,,,adult,,,,,,,,,,Fine Jewelry
9554,Columbian Emerald & Diamond Platinum Ring | ColourDiam,Colour Diam stock 9554. 0.165 Ct Fancy Pink; 18K Pendant : 1.217 gram; Main Stone - 16 Pcs - 0.17 Cts; Round WHITE 50 Pcs 0.23 Cts,in stock,new,90772.38 JPY,https://colourdiam.com/productdetail/9554,https://colourdiam.com/Product/Jewellery/9597/black360/center.jpg,Colour Diam,Apparel & Accessories > Jewelry,,1,,,,unisex,,,adult,,,,,,,,,,Fine Jewelry
9555,Platinum 3.66 Ct Emerald & Diamond Ring | ColourDiam,Colour Diam stock 9555. 0.165 Ct Fancy Pink; 18K Pendant : 1.216 gram; Main Stone - 16 Pcs - 0.17 Cts; Round WHITE 50 Pcs 0.23 Cts,in stock,new,90772.38 JPY,https://colourdiam.com/productdetail/9555,https://colourdiam.com/Product/Jewellery/9598/black360/center.jpg,Colour Diam,Apparel & Accessories > Jewelry,,1,,,,unisex,,,adult,,,,,,,,,,Fine Jewelry
9556,3.26 ct Light Greenish Yellow Diamond Ring | ColourDiam,Colour Diam stock 9556. 0.165 Ct Fancy Pink; 18K Pendant : 1.222 gram; Main Stone - 16 Pcs - 0.17 Cts; Round WHITE 50 Pcs 0.23 Cts,in stock,new,90772.38 JPY,https://colourdiam.com/productdetail/9556,https://colourdiam.com/Product/Jewellery/9599/black360/center.jpg,Colour Diam,Apparel & Accessories > Jewelry,,1,,,,unisex,,,adult,,,,,,,,,,Fine Jewelry
9468,6.11 Ct Fancy Brownish Greenish Yellow Pear Natural Diamond I1 GIA,Colour Diam stock 9468. Sku - 9468; Weight - 6.11; Colour - Fancy Brownish Greenish Yellow; Shape - Pear; Clarity - I1; Measurements - 14.66 x 9.19 x 6.31; Fluorescence - Fnt; Polish - EX; Symmetry - GD; No Of Diamonds - 1 | Laboratory: GIA.,in stock,new,1996629.26 JPY,https://www.colourdiam.com/diamonddetails/Diamonds/Product/9468,https://www.colourdiam.com/Product/Diamond/9468/still.jpg,Colour Diam,Apparel & Accessories > Jewelry,,1,,,,unisex,Fancy Brownish Greenish Yellow,,adult,,,,,,,,,GIA,Fine Jewelry
9582,4.09 Ct D Asscher Diamond VVS2 IGI,Colour Diam stock 9582. Sku - 9582; Weight - 4.09; Colour - D; Shape - Asscher; Clarity - VVS2; Measurements - 8.96 x 8.49 x 5.50; Fluorescence - None; Polish - EX; Symmetry - EX; No Of Diamonds - 1 | Laboratory: IGI.,in stock,new,,https://www.colourdiam.com/diamonddetails/Diamonds/Product/9582,https://www.colourdiam.com/Product/Diamond/9582/still.jpg,Colour Diam,Apparel & Accessories > Jewelry,,1,,,,unisex,D,,adult,,,,,,,,,IGI,Fine Jewelry
9583,4.07 Ct D Asscher Diamond VVS2 IGI,Colour Diam stock 9583. Sku - 9583; Weight - 4.07; Colour - D; Shape - Asscher; Clarity - VVS2; Measurements - 9.00 x 8.52 x 5.70; Fluorescence - None; Polish - EX; Symmetry - EX; No Of Diamonds - 1 | Laboratory: IGI.,in stock,new,,https://www.colourdiam.com/diamonddetails/Diamonds/Product/9583,https://www.colourdiam.com/Product/Diamond/9583/still.jpg,Colour Diam,Apparel & Accessories > Jewelry,,1,,,,unisex,D,,adult,,,,,,,,,IGI,Fine Jewelry
8732,3.52 Ct U-V Radiant Natural Diamond SI2 GIA,Colour Diam stock 8732. Sku - 8732; Weight - 3.52; Colour - U-V; Shape - Radiant; Clarity - SI2; Measurements - 8.81 x 7.52 x 5.22; Fluorescence - None; Polish - VG; Symmetry - VG; No Of Diamonds - 1 | Laboratory: GIA.,in stock,new,1278075.1 JPY,https://www.colourdiam.com/diamonddetails/Diamonds/Product/8732,https://www.colourdiam.com/Product/Diamond/8732/still.jpg,Colour Diam,Apparel & Accessories > Jewelry,,1,,,,unisex,U-V,,adult,,,,,,,,,GIA,Fine Jewelry
7670,3.19 Ct Fancy Light Yellow Pear Natural Diamond VS1 GIA,Colour Diam stock 7670. Sku - 7670; Weight - 3.19; Colour - Fancy Light Yellow; Shape - Pear; Clarity - VS1; Measurements - 12.13X7.49X4.86; Fluorescence - Fnt; Polish - EX; Symmetry - EX; No Of Diamonds - 1 | Laboratory: GIA.,in stock,new,3185202.8 JPY,https://www.colourdiam.com/diamonddetails/Diamonds/Product/7670,https://www.colourdiam.com/Product/Diamond/7670/still.jpg,Colour Diam,Apparel & Accessories > Jewelry,,1,,,,unisex,Fancy Light Yellow,,adult,,,,,,,,,GIA,Fine Jewelry
9577,3.02 Ct H Round Natural Diamond VS2 GIA,Colour Diam stock 9577. Sku - 9577; Weight - 3.02; Colour - H; Shape - Round; Clarity - VS2; Measurements - 9.24 - 9.30 x 5.75; Fluorescence - None; Polish - EX; Symmetry - EX; No Of Diamonds - 1 | Laboratory: GIA.,in stock,new,,https://www.colourdiam.com/diamonddetails/Diamonds/Product/9577,https://www.colourdiam.com/Product/Diamond/9577/still.jpg,Colour Diam,Apparel & Accessories > Jewelry,,1,,,,unisex,H,,adult,,,,,,,,,GIA,Fine Jewelry
9581,3.01 Ct Faint Pinkish Brown Round Natural Diamond VS2 GIA,Colour Diam stock 9581. Sku - 9581; Weight - 3.01; Colour - Faint Pinkish Brown; Shape - Round; Clarity - VS2; Measurements - 9.00 - 9.07 X 5.81; Fluorescence - Fnt; Polish - EX; Symmetry - VG; No Of Diamonds - 1 | Laboratory: GIA.,in stock,new,3825148.08 JPY,https://www.colourdiam.com/diamonddetails/Diamonds/Product/9581,https://www.colourdiam.com/Product/Diamond/9581/still.jpg,Colour Diam,Apparel & Accessories > Jewelry,,1,,,,unisex,Faint Pinkish Brown,,adult,,,,,,,,,GIA,Fine Jewelry
6282,3.01 Ct H Cushion Natural Diamond VVS2 HRD,Colour Diam stock 6282. Sku - 6282; Weight - 3.01; Colour - H; Shape - Cushion; Clarity - VVS2; Measurements - 8.06 X 7.27 X 5.50; Fluorescence - SLIGHT; Polish - EX; Symmetry - EX; No Of Diamonds - 1 | Laboratory: HRD.,in stock,new,3768316.67 JPY,https://www.colourdiam.com/diamonddetails/Diamonds/Product/6282,https://www.colourdiam.com/Product/Diamond/6282/still.jpg,Colour Diam,Apparel & Accessories > Jewelry,,1,,,,unisex,H,,adult,,,,,,,,,HRD,Fine Jewelry
6796,3 Ct Fancy Yellow Pear Natural Diamond VS2 GIA,Colour Diam stock 6796. Sku - 6796; Weight - 3; Colour - Fancy Yellow; Shape - Pear; Clarity - VS2; Measurements - 11.56 X 7.52 X 4.63; Fluorescence - None; Polish - VG; Symmetry - GD; No Of Diamonds - 1 | Laboratory: GIA.,in stock,new,3812439.94 JPY,https://www.colourdiam.com/diamonddetails/Diamonds/Product/6796,https://www.colourdiam.com/Product/Diamond/6796/still.jpg,Colour Diam,Apparel & Accessories > Jewelry,,1,,,,unisex,Fancy Yellow,,adult,,,,,,,,,GIA,Fine Jewelry
9504,3 Ct Fancy Brownish Greenish Yellow Cushion Natural Diamond SI1 GIA,Colour Diam stock 9504. Sku - 9504; Weight - 3; Colour - Fancy Brownish Greenish Yellow; Shape - Cushion; Clarity - SI1; Measurements - 8.38X7.33X5.21; Fluorescence - None; Polish - EX; Symmetry - EX; No Of Diamonds - 1 | Laboratory: GIA.,in stock,new,1361585.69 JPY,https://www.colourdiam.com/diamonddetails/Diamonds/Product/9504,https://www.colourdiam.com/Product/Diamond/9504/still.jpg,Colour Diam,Apparel & Accessories > Jewelry,,1,,,,unisex,Fancy Brownish Greenish Yellow,,adult,,,,,,,,,GIA,Fine Jewelry
3070,2.52 Ct Fancy Deep Pink Emerald Natural Diamond SI1 GIA,Colour Diam stock 3070. Sku - 3070; Weight - 2.52; Colour - Fancy Deep Pink; Shape - Emerald; Clarity - SI1; Measurements - 9.26X6.33X4.16; Fluorescence - Fnt; Polish - EX; Symmetry - GD; No Of Diamonds - 1 | Laboratory: GIA.,in stock,new,1143731.98 JPY,https://www.colourdiam.com/diamonddetails/Diamonds/Product/3070,https://www.colourdiam.com/Product/Diamond/3070/still.jpg,Colour Diam,Apparel & Accessories > Jewelry,,1,,,,unisex,Fancy Deep Pink,,adult,,,,,,,,,GIA,Fine Jewelry
9545,2.5 Ct Fancy Grayish Yellowish Green Oval Natural Diamond SI2 GIA,Colour Diam stock 9545. Sku - 9545; Weight - 2.5; Colour - Fancy Grayish Yellowish Green; Shape - Oval; Clarity - SI2; Measurements - 10.66 x 7.37 x 4.68; Fluorescence - STG; Polish - EX; Symmetry - EX; No Of Diamonds - 1 | Laboratory: GIA.,in stock,new,2042378.54 JPY,https://www.colourdiam.com/diamonddetails/Diamonds/Product/9545,https://www.colourdiam.com/Product/Diamond/9545/still.jpg,Colour Diam,Apparel & Accessories > Jewelry,,1,,,,unisex,Fancy Grayish Yellowish Green,,adult,,,,,,,,,GIA,Fine Jewelry
7669,2.5 Ct Fancy Brownish Greenish Yellow Cushion Natural Diamond VS2 GIA,Colour Diam stock 7669. Sku - 7669; Weight - 2.5; Colour - Fancy Brownish Greenish Yellow; Shape - Cushion; Clarity - VS2; Measurements - 7.66 x 7.13 x 4.98; Fluorescence - None; Polish - VG; Symmetry - VG; No Of Diamonds - 1 | Laboratory: GIA.,in stock,new,1043882.37 JPY,https://www.colourdiam.com/diamonddetails/Diamonds/Product/7669,https://www.colourdiam.com/Product/Diamond/7669/still.jpg,Colour Diam,Apparel & Accessories > Jewelry,,1,,,,unisex,Fancy Brownish Greenish Yellow,,adult,,,,,,,,,GIA,Fine Jewelry
7295,2.5 Ct Fancy Brownish Greenish Yellow Cushion Natural Diamond SI2 GIA,Colour Diam stock 7295. Sku - 7295; Weight - 2.5; Colour - Fancy Brownish Greenish Yellow; Shape - Cushion; Clarity - SI2; Measurements - 7.31 x 7.11 x 4.89; Fluorescence - None; Polish - VG; Symmetry - VG; No Of Diamonds - 1 | Laboratory: GIA.,in stock,new,680792.85 JPY,https://www.colourdiam.com/diamonddetails/Diamonds/Product/7295,https://www.colourdiam.com/Product/Diamond/7295/still.jpg,Colour Diam,Apparel & Accessories > Jewelry,,1,,,,unisex,Fancy Brownish Greenish Yellow,,adult,,,,,,,,,GIA,Fine Jewelry
9549,2.3 Ct F Pear Natural Diamond VS2 GIA,Colour Diam stock 9549. Sku - 9549; Weight - 2.3; Colour - F; Shape - Pear; Clarity - VS2; Measurements - 10.43 x 6.52 x 4.37; Fluorescence - None; Polish - VG; Symmetry - VG; No Of Diamonds - 1 | Laboratory: GIA.,in stock,new,5219411.83 JPY,https://www.colourdiam.com/diamonddetails/Diamonds/Product/9549,https://www.colourdiam.com/Product/Diamond/9549/still.jpg,Colour Diam,Apparel & Accessories > Jewelry,,1,,,,unisex,F,,adult,,,,,,,,,GIA,Fine Jewelry
4143,2.24 Ct G Shield Natural Diamond I1 GIA,Colour Diam stock 4143. Sku - 4143; Weight - 2.24; Colour - G; Shape - Shield; Clarity - I1; Measurements - 8.31*15.76*2.45; Fluorescence - None; Polish - G; Symmetry - VG; No Of Diamonds - 1 | Laboratory: GIA.,in stock,new,975984.63 JPY,https://www.colourdiam.com/diamonddetails/Diamonds/Product/4143,https://www.colourdiam.com/Product/Diamond/4143/still.jpg,Colour Diam,Apparel & Accessories > Jewelry,,1,,,,unisex,G,,adult,,,,,,,,,GIA,Fine Jewelry
7651,2.02 Ct Faint Pink Cushion Natural Diamond SI2 GIA,Colour Diam stock 7651. Sku - 7651; Weight - 2.02; Colour - Faint Pink; Shape - Cushion; Clarity - SI2; Measurements - 7.38 X 6.80 X 4.55; Fluorescence - None; Polish - EX; Symmetry - EX; No Of Diamonds - 1 | Laboratory: GIA.,in stock,new,4950725.58 JPY,https://www.colourdiam.com/diamonddetails/Diamonds/Product/7651,https://www.colourdiam.com/Product/Diamond/7651/still.jpg,Colour Diam,Apparel & Accessories > Jewelry,,1,,,,unisex,Faint Pink,,adult,,,,,,,,,GIA,Fine Jewelry
6032,2.02 Ct E Round Natural Diamond VVS1 GIA,Colour Diam stock 6032. Sku - 6032; Weight - 2.02; Colour - E; Shape - Round; Clarity - VVS1; Measurements - 8.31 x 8.37 x 4.85; Fluorescence - None; Polish - EX; Symmetry - EX; No Of Diamonds - 1 | Laboratory: GIA.,in stock,new,6600967.44 JPY,https://www.colourdiam.com/diamonddetails/Diamonds/Product/6032,https://www.colourdiam.com/Product/Diamond/6032/still.jpg,Colour Diam,Apparel & Accessories > Jewelry,,1,,,,unisex,E,,adult,,,,,,,,,GIA,Fine Jewelry
8491,2.01 Ct Fancy Vivid Yellow Heart Natural Diamond SI2 GIA,Colour Diam stock 8491. Sku - 8491; Weight - 2.01; Colour - Fancy Vivid Yellow; Shape - Heart; Clarity - SI2; Measurements - 6.89X7.66X4.71; Fluorescence - None; Polish - EX; Symmetry - VG; No Of Diamonds - 1 | Laboratory: GIA.,in stock,new,2627315.76 JPY,https://www.colourdiam.com/diamonddetails/Diamonds/Product/8491,https://www.colourdiam.com/Product/Diamond/8491/still.jpg,Colour Diam,Apparel & Accessories > Jewelry,,1,,,,unisex,Fancy Vivid Yellow,,adult,,,,,,,,,GIA,Fine Jewelry
9219,2.01 Ct Fancy Light Greenish Yellow Cushion Natural Diamond SI2 GIA,Colour Diam stock 9219. Sku - 9219; Weight - 2.01; Colour - Fancy Light Greenish Yellow; Shape - Cushion; Clarity - SI2; Measurements - 6.85 x 6.66 x 4.63; Fluorescence - Fnt; Polish - VG; Symmetry - VG; No Of Diamonds - 1 | Laboratory: GIA.,in stock,new,1313657.88 JPY,https://www.colourdiam.com/diamonddetails/Diamonds/Product/9219,https://www.colourdiam.com/Product/Diamond/9219/still.jpg,Colour Diam,Apparel & Accessories > Jewelry,,1,,,,unisex,Fancy Light Greenish Yellow,,adult,,,,,,,,,GIA,Fine Jewelry
6918,2.01 Ct Very Light Pink Oval Natural Diamond SI2 GIA,Colour Diam stock 6918. Sku - 6918; Weight - 2.01; Colour - Very Light Pink; Shape - Oval; Clarity - SI2; Measurements - 9.70 x 6.85 x 4.56; Fluorescence - Fnt; Polish - EX; Symmetry - VG; No Of Diamonds - 1 | Laboratory: GIA.,in stock,new,8108917.68 JPY,https://www.colourdiam.com/diamonddetails/Diamonds/Product/6918,https://www.colourdiam.com/Product/Diamond/6918/still.jpg,Colour Diam,Apparel & Accessories > Jewelry,,1,,,,unisex,Very Light Pink,,adult,,,,,,,,,GIA,Fine Jewelry
5484,2 Ct Fancy Brownish Purplish Pink Cushion Natural Diamond SI1 GIA,Colour Diam stock 5484. Sku - 5484; Weight - 2; Colour - Fancy Brownish Purplish Pink; Shape - Cushion; Clarity - SI1; Measurements - 7.58X6.88X4.41; Fluorescence - None; Polish - EX; Symmetry - GD; No Of Diamonds - 1 | Laboratory: GIA.,in stock,new,9077237.96 JPY,https://www.colourdiam.com/diamonddetails/Diamonds/Product/5484,https://www.colourdiam.com/Product/Diamond/5484/still.jpg,Colour Diam,Apparel & Accessories > Jewelry,,1,,,,unisex,Fancy Brownish Purplish Pink,,adult,,,,,,,,,GIA,Fine Jewelry
9409,2 Ct Fancy Yellow Green Pear Natural Diamond VVS2 GIA,Colour Diam stock 9409. Sku - 9409; Weight - 2; Colour - Fancy Yellow Green; Shape - Pear; Clarity - VVS2; Measurements - 10.85 x 6.95 x 4.43; Fluorescence - None; Polish - EX; Symmetry - VG; No Of Diamonds - 1 | Laboratory: GIA.,in stock,new,2178537.11 JPY,https://www.colourdiam.com/diamonddetails/Diamonds/Product/9409,https://www.colourdiam.com/Product/Diamond/9409/still.jpg,Colour Diam,Apparel & Accessories > Jewelry,,1,,,,unisex,Fancy Yellow Green,,adult,,,,,,,,,GIA,Fine Jewelry
7698,2 Ct Fancy Yellow Cushion Natural Diamond VS1 GIA,Colour Diam stock 7698. Sku - 7698; Weight - 2; Colour - Fancy Yellow; Shape - Cushion; Clarity - VS1; Measurements - 7.54X6.75X4.56; Fluorescence - Med; Polish - VG; Symmetry - VG; No Of Diamonds - 1 | Laboratory: GIA.,in stock,new,1307122.27 JPY,https://www.colourdiam.com/diamonddetails/Diamonds/Product/7698,https://www.colourdiam.com/Product/Diamond/7698/still.jpg,Colour Diam,Apparel & Accessories > Jewelry,,1,,,,unisex,Fancy Yellow,,adult,,,,,,,,,GIA,Fine Jewelry
484,2 Ct Fancy Yellow Radiant Natural Diamond VS1 GIA,Colour Diam stock 484. Sku - 484; Weight - 2; Colour - Fancy Yellow; Shape - Radiant; Clarity - VS1; Measurements - 7.29X6.86X4.74; Fluorescence - None; Polish - EX; Symmetry - GD; No Of Diamonds - 1 | Laboratory: GIA.,in stock,new,1452358.07 JPY,https://www.colourdiam.com/diamonddetails/Diamonds/Product/484,https://www.colourdiam.com/Product/Diamond/484/still.jpg,Colour Diam,Apparel & Accessories > Jewelry,,1,,,,unisex,Fancy Yellow,,adult,,,,,,,,,GIA,Fine Jewelry
5693,2 Ct W-X Cushion Natural Diamond VVS1 GIA,Colour Diam stock 5693. Sku - 5693; Weight - 2; Colour - W-X; Shape - Cushion; Clarity - VVS1; Measurements - 9X77 x 6.72 x 4.68; Fluorescence - ; Polish - EX; Symmetry - ; No Of Diamonds - 1 | Laboratory: GIA.,in stock,new,798796.94 JPY,https://www.colourdiam.com/diamonddetails/Diamonds/Product/5693,https://www.colourdiam.com/Product/Diamond/5693/still.jpg,Colour Diam,Apparel & Accessories > Jewelry,,1,,,,unisex,W-X,,adult,,,,,,,,,GIA,Fine Jewelry
358,1.86 Ct Fancy White Other Natural Diamond GIA,Colour Diam stock 358. Sku - 358; Weight - 1.86; Colour - Fancy White; Shape - Other; Clarity - ; Measurements - 13.52 x 5.17 x 3.32; Fluorescence - None; Polish - ; Symmetry - ; No Of Diamonds - 1 | Laboratory: GIA.,in stock,new,1013019.76 JPY,https://www.colourdiam.com/diamonddetails/Diamonds/Product/358,https://www.colourdiam.com/Product/Diamond/358/still.jpg,Colour Diam,Apparel & Accessories > Jewelry,,1,,,,unisex,Fancy White,,adult,,,,,,,,,GIA,Fine Jewelry
6076,1.78 Ct M Oval Natural Diamond SI2 IGI,Colour Diam stock 6076. Sku - 6076; Weight - 1.78; Colour - M; Shape - Oval; Clarity - SI2; Measurements - 8.31 X 6.04 X 4.35; Fluorescence - Vst; Polish - VG; Symmetry - VG; No Of Diamonds - 1 | Laboratory: IGI.,in stock,new,359019.76 JPY,https://www.colourdiam.com/diamonddetails/Diamonds/Product/6076,https://www.colourdiam.com/Product/Diamond/6076/still.jpg,Colour Diam,Apparel & Accessories > Jewelry,,1,,,,unisex,M,,adult,,,,,,,,,IGI,Fine Jewelry
2983,1.72 Ct Fancy Yellow Green Round Natural Diamond SI1 CGL,Colour Diam stock 2983. Sku - 2983; Weight - 1.72; Colour - Fancy Yellow Green; Shape - Round; Clarity - SI1; Measurements - 7.87X6.76X3.45; Fluorescence - None; Polish - ; Symmetry - ; No Of Diamonds - 1 | Laboratory: CGL.,in stock,new,314754.41 JPY,https://www.colourdiam.com/diamonddetails/Diamonds/Product/2983,https://www.colourdiam.com/Product/Diamond/2983/still.jpg,Colour Diam,Apparel & Accessories > Jewelry,,1,,,,unisex,Fancy Yellow Green,,adult,,,,,,,,,CGL,Fine Jewelry
2848,1.7 Ct Fancy Deep Brownish Orangy Yellow Pear Natural Diamond I2 GIA,Colour Diam stock 2848. Sku - 2848; Weight - 1.7; Colour - Fancy Deep Brownish Orangy Yellow; Shape - Pear; Clarity - I2; Measurements - 9.05X5.95X4.22; Fluorescence - None; Polish - VG; Symmetry - GD; No Of Diamonds - 1 | Laboratory: GIA.,in stock,new,277763.48 JPY,https://www.colourdiam.com/diamonddetails/Diamonds/Product/2848,https://www.colourdiam.com/Product/Diamond/2848/still.jpg,Colour Diam,Apparel & Accessories > Jewelry,,1,,,,unisex,Fancy Deep Brownish Orangy Yellow,,adult,,,,,,,,,GIA,Fine Jewelry
2552,1.69 Ct Fancy Yellowish Brown Round Natural Diamond SI2 CGL,Colour Diam stock 2552. Sku - 2552; Weight - 1.69; Colour - Fancy Yellowish Brown; Shape - Round; Clarity - SI2; Measurements - 7.4*5.64*4.62; Fluorescence - None; Polish - ; Symmetry - ; No Of Diamonds - 1 | Laboratory: CGL.,in stock,new,398853.84 JPY,https://www.colourdiam.com/diamonddetails/Diamonds/Product/2552,https://www.colourdiam.com/Product/Diamond/2552/still.jpg,Colour Diam,Apparel & Accessories > Jewelry,,1,,,,unisex,Fancy Yellowish Brown,,adult,,,,,,,,,CGL,Fine Jewelry
2550,1.66 Ct Fancy Greenish Yellow Round Natural Diamond I1 CGL,Colour Diam stock 2550. Sku - 2550; Weight - 1.66; Colour - Fancy Greenish Yellow; Shape - Round; Clarity - I1; Measurements - XX; Fluorescence - None; Polish - ; Symmetry - ; No Of Diamonds - 1 | Laboratory: CGL.,in stock,new,301364.3 JPY,https://www.colourdiam.com/diamonddetails/Diamonds/Product/2550,https://www.colourdiam.com/Product/Diamond/2550/still.jpg,Colour Diam,Apparel & Accessories > Jewelry,,1,,,,unisex,Fancy Greenish Yellow,,adult,,,,,,,,,CGL,Fine Jewelry
9508,1.64 Ct Fancy Light Grayish Greenish Yellow Pear Natural Diamond VS1 GIA,Colour Diam stock 9508. Sku - 9508; Weight - 1.64; Colour - Fancy Light Grayish Greenish Yellow; Shape - Pear; Clarity - VS1; Measurements - 9.32 x 5.83 x 3.95; Fluorescence - None; Polish - EX; Symmetry - EX; No Of Diamonds - 1 | Laboratory: GIA.,in stock,new,416826.77 JPY,https://www.colourdiam.com/diamonddetails/Diamonds/Product/9508,https://www.colourdiam.com/Product/Diamond/9508/still.jpg,Colour Diam,Apparel & Accessories > Jewelry,,1,,,,unisex,Fancy Light Grayish Greenish Yellow,,adult,,,,,,,,,GIA,Fine Jewelry
9559,1.56 Ct Light Greenish Yellow Pear Natural Diamond SI1 GIA,Colour Diam stock 9559. Sku - 9559; Weight - 1.56; Colour - Light Greenish Yellow; Shape - Pear; Clarity - SI1; Measurements - 8.86 X 5.61 X 3.91; Fluorescence - None; Polish - EX; Symmetry - VG; No Of Diamonds - 1 | Laboratory: GIA.,in stock,new,467296.21 JPY,https://www.colourdiam.com/diamonddetails/Diamonds/Product/9559,https://www.colourdiam.com/Product/Diamond/9559/still.jpg,Colour Diam,Apparel & Accessories > Jewelry,,1,,,,unisex,Light Greenish Yellow,,adult,,,,,,,,,GIA,Fine Jewelry
9520,1.56 Ct Fancy Brownish Greenish Yellow Radiant Natural Diamond VS2 GIA,Colour Diam stock 9520. Sku - 9520; Weight - 1.56; Colour - Fancy Brownish Greenish Yellow; Shape - Radiant; Clarity - VS2; Measurements - 7.23 X 5.64 X 3.93; Fluorescence - None; Polish - EX; Symmetry - EX; No Of Diamonds - 1 | Laboratory: GIA.,in stock,new,354012.28 JPY,https://www.colourdiam.com/diamonddetails/Diamonds/Product/9520,https://www.colourdiam.com/Product/Diamond/9520/still.jpg,Colour Diam,Apparel & Accessories > Jewelry,,1,,,,unisex,Fancy Brownish Greenish Yellow,,adult,,,,,,,,,GIA,Fine Jewelry
9557,1.55 Ct Fancy Yellow Green Pear Natural Diamond SI1 GIA,Colour Diam stock 9557. Sku - 9557; Weight - 1.55; Colour - Fancy Yellow Green; Shape - Pear; Clarity - SI1; Measurements - 9.22 X 5.71 X 3.92; Fluorescence - None; Polish - EX; Symmetry - VG; No Of Diamonds - 1 | Laboratory: GIA.,in stock,new,1547669.07 JPY,https://www.colourdiam.com/diamonddetails/Diamonds/Product/9557,https://www.colourdiam.com/Product/Diamond/9557/still.jpg,Colour Diam,Apparel & Accessories > Jewelry,,1,,,,unisex,Fancy Yellow Green,,adult,,,,,,,,,GIA,Fine Jewelry
9514,1.54 Ct Fancy Light Greenish Yellow Pear Natural Diamond SI1 GIA,Colour Diam stock 9514. Sku - 9514; Weight - 1.54; Colour - Fancy Light Greenish Yellow; Shape - Pear; Clarity - SI1; Measurements - 9.25 X 5.71 X 3.93; Fluorescence - None; Polish - EX; Symmetry - EX; No Of Diamonds - 1 | Laboratory: GIA.,in stock,new,447326.29 JPY,https://www.colourdiam.com/diamonddetails/Diamonds/Product/9514,https://www.colourdiam.com/Product/Diamond/9514/still.jpg,Colour Diam,Apparel & Accessories > Jewelry,,1,,,,unisex,Fancy Light Greenish Yellow,,adult,,,,,,,,,GIA,Fine Jewelry
191,1.54 Ct Fancy Black Emerald Natural Diamond GIA,Colour Diam stock 191. Sku - 191; Weight - 1.54; Colour - Fancy Black; Shape - Emerald; Clarity - ; Measurements - 6.78 x 6.72 x 3.34; Fluorescence - None; Polish - ; Symmetry - ; No Of Diamonds - 1 | Laboratory: GIA.,in stock,new,335494.72 JPY,https://www.colourdiam.com/diamonddetails/Diamonds/Product/191,https://www.colourdiam.com/Product/Diamond/191/still.jpg,Colour Diam,Apparel & Accessories > Jewelry,,1,,,,unisex,Fancy Black,,adult,,,,,,,,,GIA,Fine Jewelry
9517,1.53 Ct Light Greenish Yellow Pear Natural Diamond VS2 GIA,Colour Diam stock 9517. Sku - 9517; Weight - 1.53; Colour - Light Greenish Yellow; Shape - Pear; Clarity - VS2; Measurements - 9.51 X 5.59 X 3.89; Fluorescence - None; Polish - EX; Symmetry - VG; No Of Diamonds - 1 | Laboratory: GIA.,in stock,new,444421.57 JPY,https://www.colourdiam.com/diamonddetails/Diamonds/Product/9517,https://www.colourdiam.com/Product/Diamond/9517/still.jpg,Colour Diam,Apparel & Accessories > Jewelry,,1,,,,unisex,Light Greenish Yellow,,adult,,,,,,,,,GIA,Fine Jewelry
8709,1.52 Ct Fancy Brownish Greenish Yellow Cut cornered square Natural Diamond VS1 GIA,Colour Diam stock 8709. Sku - 8709; Weight - 1.52; Colour - Fancy Brownish Greenish Yellow; Shape - Cut cornered square; Clarity - VS1; Measurements - 6.05 x 6.01 x 4.15; Fluorescence - None; Polish - EX; Symmetry - VG; No Of Diamonds - 1 | Laboratory: GIA.,in stock,new,413922.05 JPY,https://www.colourdiam.com/diamonddetails/Diamonds/Product/8709,https://www.colourdiam.com/Product/Diamond/8709/still.jpg,Colour Diam,Apparel & Accessories > Jewelry,,1,,,,unisex,Fancy Brownish Greenish Yellow,,adult,,,,,,,,,GIA,Fine Jewelry
2511,1.52 Ct Fancy Brownish Greenish Yellow Round Natural Diamond SI1 CGL,Colour Diam stock 2511. Sku - 2511; Weight - 1.52; Colour - Fancy Brownish Greenish Yellow; Shape - Round; Clarity - SI1; Measurements - ; Fluorescence - None; Polish - ; Symmetry - ; No Of Diamonds - 1 | Laboratory: CGL.,in stock,new,275948.03 JPY,https://www.colourdiam.com/diamonddetails/Diamonds/Product/2511,https://www.colourdiam.com/Product/Diamond/2511/still.jpg,Colour Diam,Apparel & Accessories > Jewelry,,1,,,,unisex,Fancy Brownish Greenish Yellow,,adult,,,,,,,,,CGL,Fine Jewelry
5566,1.52 Ct Very Light Pink Cushion Natural Diamond SI2 GIA,Colour Diam stock 5566. Sku - 5566; Weight - 1.52; Colour - Very Light Pink; Shape - Cushion; Clarity - SI2; Measurements - 6.30X6.11X4.25; Fluorescence - Med; Polish - VG; Symmetry - EX; No Of Diamonds - 1 | Laboratory: GIA.,in stock,new,3311376.41 JPY,https://www.colourdiam.com/diamonddetails/Diamonds/Product/5566,https://www.colourdiam.com/Product/Diamond/5566/still.jpg,Colour Diam,Apparel & Accessories > Jewelry,,1,,,,unisex,Very Light Pink,,adult,,,,,,,,,GIA,Fine Jewelry
4584,1.51 Ct Fancy Pink Brown Pear Natural Diamond I1 GIA,Colour Diam stock 4584. Sku - 4584; Weight - 1.51; Colour - Fancy Pink Brown; Shape - Pear; Clarity - I1; Measurements - 9.40*6.02*3.31; Fluorescence - None; Polish - EX; Symmetry - EX; No Of Diamonds - 1 | Laboratory: GIA.,in stock,new,913683.2 JPY,https://www.colourdiam.com/diamonddetails/Diamonds/Product/4584,https://www.colourdiam.com/Product/Diamond/4584/still.jpg,Colour Diam,Apparel & Accessories > Jewelry,,1,,,,unisex,Fancy Pink Brown,,adult,,,,,,,,,GIA,Fine Jewelry
4904,1.51 Ct Fancy Light Green Yellow Heart Natural Diamond VS1 GIA,Colour Diam stock 4904. Sku - 4904; Weight - 1.51; Colour - Fancy Light Green Yellow; Shape - Heart; Clarity - VS1; Measurements - 6.46*7.30*4.08; Fluorescence - Fnt; Polish - EX; Symmetry - VG; No Of Diamonds - 1 | Laboratory: GIA.,in stock,new,1096530.35 JPY,https://www.colourdiam.com/diamonddetails/Diamonds/Product/4904,https://www.colourdiam.com/Product/Diamond/4904/still.jpg,Colour Diam,Apparel & Accessories > Jewelry,,1,,,,unisex,Fancy Light Green Yellow,,adult,,,,,,,,,GIA,Fine Jewelry
9281,1.51 Ct Light Pink Round Natural Diamond SI2 GIA,Colour Diam stock 9281. Sku - 9281; Weight - 1.51; Colour - Light Pink; Shape - Round; Clarity - SI2; Measurements - 7.11 - 7.19 x 4.59; Fluorescence - None; Polish - EX; Symmetry - VG; No Of Diamonds - 1 | Laboratory: GIA.,in stock,new,4934386.56 JPY,https://www.colourdiam.com/diamonddetails/Diamonds/Product/9281,https://www.colourdiam.com/Product/Diamond/9281/still.jpg,Colour Diam,Apparel & Accessories > Jewelry,,1,,,,unisex,Light Pink,,adult,,,,,,,,,GIA,Fine Jewelry
9529,1.51 Ct Fancy Brown Greenish Yellow Heart Natural Diamond SI2 GIA,Colour Diam stock 9529. Sku - 9529; Weight - 1.51; Colour - Fancy Brown Greenish Yellow; Shape - Heart; Clarity - SI2; Measurements - 6.75X7.39X4.03; Fluorescence - None; Polish - EX; Symmetry - VG; No Of Diamonds - 1 | Laboratory: GIA.,in stock,new,274132.59 JPY,https://www.colourdiam.com/diamonddetails/Diamonds/Product/9529,https://www.colourdiam.com/Product/Diamond/9529/still.jpg,Colour Diam,Apparel & Accessories > Jewelry,,1,,,,unisex,Fancy Brown Greenish Yellow,,adult,,,,,,,,,GIA,Fine Jewelry
9515,1.5 Ct Fancy Light Grayish Greenish Yellow Cushion Natural Diamond VS2 GIA,Colour Diam stock 9515. Sku - 9515; Weight - 1.5; Colour - Fancy Light Grayish Greenish Yellow; Shape - Cushion; Clarity - VS2; Measurements - 7..16 X 5.70 X 3.97; Fluorescence - None; Polish - EX; Symmetry - VG; No Of Diamonds - 1 | Laboratory: GIA.,in stock,new,381243.99 JPY,https://www.colourdiam.com/diamonddetails/Diamonds/Product/9515,https://www.colourdiam.com/Product/Diamond/9515/still.jpg,Colour Diam,Apparel & Accessories > Jewelry,,1,,,,unisex,Fancy Light Grayish Greenish Yellow,,adult,,,,,,,,,GIA,Fine Jewelry
9572,1.5 Ct Fancy Yellow Round Natural Diamond SI2 GIA,Colour Diam stock 9572. Sku - 9572; Weight - 1.5; Colour - Fancy Yellow; Shape - Round; Clarity - SI2; Measurements - 6.99 X 7.08 X 4.66; Fluorescence - Med; Polish - EX; Symmetry - VG; No Of Diamonds - 1 | Laboratory: GIA.,in stock,new,,https://www.colourdiam.com/diamonddetails/Diamonds/Product/9572,https://www.colourdiam.com/Product/Diamond/9572/still.jpg,Colour Diam,Apparel & Accessories > Jewelry,,1,,,,unisex,Fancy Yellow,,adult,,,,,,,,,GIA,Fine Jewelry
9509,1.5 Ct Fancy Brownish Greenish Yellow Oval Natural Diamond VS2 GIA,Colour Diam stock 9509. Sku - 9509; Weight - 1.5; Colour - Fancy Brownish Greenish Yellow; Shape - Oval; Clarity - VS2; Measurements - 8.17 X 5.81 X 3.94; Fluorescence - None; Polish - EX; Symmetry - VG; No Of Diamonds - 1 | Laboratory: GIA.,in stock,new,340396.42 JPY,https://www.colourdiam.com/diamonddetails/Diamonds/Product/9509,https://www.colourdiam.com/Product/Diamond/9509/still.jpg,Colour Diam,Apparel & Accessories > Jewelry,,1,,,,unisex,Fancy Brownish Greenish Yellow,,adult,,,,,,,,,GIA,Fine Jewelry
727,1.5 Ct Fancy Vivid Yellow Round Natural Diamond VS1 GIA,Colour Diam stock 727. Sku - 727; Weight - 1.5; Colour - Fancy Vivid Yellow; Shape - Round; Clarity - VS1; Measurements - 7.22X7.18X4.52; Fluorescence - None; Polish - VG; Symmetry - VG; No Of Diamonds - 1 | Laboratory: GIA.,in stock,new,9531099.86 JPY,https://www.colourdiam.com/diamonddetails/Diamonds/Product/727,https://www.colourdiam.com/Product/Diamond/727/still.jpg,Colour Diam,Apparel & Accessories > Jewelry,,1,,,,unisex,Fancy Vivid Yellow,,adult,,,,,,,,,GIA,Fine Jewelry
3743,1.41 Ct Fancy Brown Pink Radiant Natural Diamond I2 GIA,Colour Diam stock 3743. Sku - 3743; Weight - 1.41; Colour - Fancy Brown Pink; Shape - Radiant; Clarity - I2; Measurements - 6.39x6.27x3.98; Fluorescence - None; Polish - ; Symmetry - ; No Of Diamonds - 1 | Laboratory: GIA.,in stock,new,3583693.55 JPY,https://www.colourdiam.com/diamonddetails/Diamonds/Product/3743,https://www.colourdiam.com/Product/Diamond/3743/still.jpg,Colour Diam,Apparel & Accessories > Jewelry,,1,,,,unisex,Fancy Brown Pink,,adult,,,,,,,,,GIA,Fine Jewelry
5605,1.4 Ct Fancy Grayish Yellowish Green Radiant Natural Diamond SI1 GIA,Colour Diam stock 5605. Sku - 5605; Weight - 1.4; Colour - Fancy Grayish Yellowish Green; Shape - Radiant; Clarity - SI1; Measurements - 6.40 x 6.35 x 3.94; Fluorescence - None; Polish - EX; Symmetry - VG; No Of Diamonds - 1 | Laboratory: GIA.,in stock,new,660822.92 JPY,https://www.colourdiam.com/diamonddetails/Diamonds/Product/5605,https://www.colourdiam.com/Product/Diamond/5605/still.jpg,Colour Diam,Apparel & Accessories > Jewelry,,1,,,,unisex,Fancy Grayish Yellowish Green,,adult,,,,,,,,,GIA,Fine Jewelry
6070,1.4 Ct Fancy Brown Pink Radiant Natural Diamond SI2 GIA,Colour Diam stock 6070. Sku - 6070; Weight - 1.4; Colour - Fancy Brown Pink; Shape - Radiant; Clarity - SI2; Measurements - 6.98 X 5.46 X 3.66; Fluorescence - STG; Polish - G; Symmetry - GD; No Of Diamonds - 1 | Laboratory: GIA.,in stock,new,2668707.96 JPY,https://www.colourdiam.com/diamonddetails/Diamonds/Product/6070,https://www.colourdiam.com/Product/Diamond/6070/still.jpg,Colour Diam,Apparel & Accessories > Jewelry,,1,,,,unisex,Fancy Brown Pink,,adult,,,,,,,,,GIA,Fine Jewelry
268,1.38 Ct Fancy White Round Natural Diamond GIA,Colour Diam stock 268. Sku - 268; Weight - 1.38; Colour - Fancy White; Shape - Round; Clarity - ; Measurements - 7.07 x 7.10 x 4.22; Fluorescence - None; Polish - ; Symmetry - ; No Of Diamonds - 1 | Laboratory: GIA.,in stock,new,751595.3 JPY,https://www.colourdiam.com/diamonddetails/Diamonds/Product/268,https://www.colourdiam.com/Product/Diamond/268/still.jpg,Colour Diam,Apparel & Accessories > Jewelry,,1,,,,unisex,Fancy White,,adult,,,,,,,,,GIA,Fine Jewelry
2208,1.36 Ct Fancy Light Green Radiant Natural Diamond SI1 GIA,Colour Diam stock 2208. Sku - 2208; Weight - 1.36; Colour - Fancy Light Green; Shape - Radiant; Clarity - SI1; Measurements - 6.04 x 5.94 x 4.16; Fluorescence - STG; Polish - VG; Symmetry - GD; No Of Diamonds - 1 | Laboratory: GIA.,in stock,new,4444215.71 JPY,https://www.colourdiam.com/diamonddetails/Diamonds/Product/2208,https://www.colourdiam.com/Product/Diamond/2208/still.jpg,Colour Diam,Apparel & Accessories > Jewelry,,1,,,,unisex,Fancy Light Green,,adult,,,,,,,,,GIA,Fine Jewelry
1524,1.35 Ct Fancy White Round Natural Diamond GIA,Colour Diam stock 1524. Sku - 1524; Weight - 1.35; Colour - Fancy White; Shape - Round; Clarity - ; Measurements - 6.63X6.69X4.71; Fluorescence - None; Polish - ; Symmetry - ; No Of Diamonds - 1 | Laboratory: GIA.,in stock,new,735256.27 JPY,https://www.colourdiam.com/diamonddetails/Diamonds/Product/1524,https://www.colourdiam.com/Product/Diamond/1524/still.jpg,Colour Diam,Apparel & Accessories > Jewelry,,1,,,,unisex,Fancy White,,adult,,,,,,,,,GIA,Fine Jewelry
317,1.33 Ct Fancy Intense Purple Pink Cut cornered square Natural Diamond I1 GIA,Colour Diam stock 317. Sku - 317; Weight - 1.33; Colour - Fancy Intense Purple Pink; Shape - Cut cornered square; Clarity - I1; Measurements - 6.16X6.08X4.44; Fluorescence - STG; Polish - VG; Symmetry - GD; No Of Diamonds - 1 | Laboratory: GIA.,in stock,new,16901817.08 JPY,https://www.colourdiam.com/diamonddetails/Diamonds/Product/317,https://www.colourdiam.com/Product/Diamond/317/still.jpg,Colour Diam,Apparel & Accessories > Jewelry,,1,,,,unisex,Fancy Intense Purple Pink,,adult,,,,,,,,,GIA,Fine Jewelry
7279,1.33 Ct S-T Cushion Natural Diamond VVS2 GIA,Colour Diam stock 7279. Sku - 7279; Weight - 1.33; Colour - S-T; Shape - Cushion; Clarity - VVS2; Measurements - 5.95 X 5.94 X 4.10; Fluorescence - Med; Polish - EX; Symmetry - VG; No Of Diamonds - 1 | Laboratory: GIA.,in stock,new,338036.34 JPY,https://www.colourdiam.com/diamonddetails/Diamonds/Product/7279,https://www.colourdiam.com/Product/Diamond/7279/still.jpg,Colour Diam,Apparel & Accessories > Jewelry,,1,,,,unisex,S-T,,adult,,,,,,,,,GIA,Fine Jewelry
9575,1.32 Ct F Round Natural Diamond SI1 GIA,Colour Diam stock 9575. Sku - 9575; Weight - 1.32; Colour - F; Shape - Round; Clarity - SI1; Measurements - 6.99 - 7.03 x 4.28; Fluorescence - None; Polish - VG; Symmetry - VG; No Of Diamonds - 1 | Laboratory: GIA.,in stock,new,539187.93 JPY,https://www.colourdiam.com/diamonddetails/Diamonds/Product/9575,https://www.colourdiam.com/Product/Diamond/9575/still.jpg,Colour Diam,Apparel & Accessories > Jewelry,,1,,,,unisex,F,,adult,,,,,,,,,GIA,Fine Jewelry
5731,1.31 Ct Fancy Greenish Yellow Pear Natural Diamond SI1 GIA,Colour Diam stock 5731. Sku - 5731; Weight - 1.31; Colour - Fancy Greenish Yellow; Shape - Pear; Clarity - SI1; Measurements - 8.25x6.05x3.71; Fluorescence - STG; Polish - VG; Symmetry - GD; No Of Diamonds - 1 | Laboratory: GIA.,in stock,new,689688.54 JPY,https://www.colourdiam.com/diamonddetails/Diamonds/Product/5731,https://www.colourdiam.com/Product/Diamond/5731/still.jpg,Colour Diam,Apparel & Accessories > Jewelry,,1,,,,unisex,Fancy Greenish Yellow,,adult,,,,,,,,,GIA,Fine Jewelry
8730,1.31 Ct Fancy Light Yellow Green Cushion Natural Diamond VS1 GIA,Colour Diam stock 8730. Sku - 8730; Weight - 1.31; Colour - Fancy Light Yellow Green; Shape - Cushion; Clarity - VS1; Measurements - 6.86 x 5.39 x 3.72; Fluorescence - Vst; Polish - VG; Symmetry - VG; No Of Diamonds - 1 | Laboratory: GIA.,in stock,new,1070206.36 JPY,https://www.colourdiam.com/diamonddetails/Diamonds/Product/8730,https://www.colourdiam.com/Product/Diamond/8730/still.jpg,Colour Diam,Apparel & Accessories > Jewelry,,1,,,,unisex,Fancy Light Yellow Green,,adult,,,,,,,,,GIA,Fine Jewelry
8889,1.3 Ct Fancy Light Yellow Green Marquise Natural Diamond SI1 GIA,Colour Diam stock 8889. Sku - 8889; Weight - 1.3; Colour - Fancy Light Yellow Green; Shape - Marquise; Clarity - SI1; Measurements - 10.93x5.82x3.59; Fluorescence - None; Polish - VG; Symmetry - VG; No Of Diamonds - 1 | Laboratory: GIA.,in stock,new,1534053.22 JPY,https://www.colourdiam.com/diamonddetails/Diamonds/Product/8889,https://www.colourdiam.com/Product/Diamond/8889/still.jpg,Colour Diam,Apparel & Accessories > Jewelry,,1,,,,unisex,Fancy Light Yellow Green,,adult,,,,,,,,,GIA,Fine Jewelry
4914,1.28 Ct Light Pink Radiant Natural Diamond IF GIA,Colour Diam stock 4914. Sku - 4914; Weight - 1.28; Colour - Light Pink; Shape - Radiant; Clarity - IF; Measurements - 6.63 x 5.67 x 3.70; Fluorescence - None; Polish - G; Symmetry - GD; No Of Diamonds - 1 | Laboratory: GIA.,in stock,new,4647545.84 JPY,https://www.colourdiam.com/diamonddetails/Diamonds/Product/4914,https://www.colourdiam.com/Product/Diamond/4914/still.jpg,Colour Diam,Apparel & Accessories > Jewelry,,1,,,,unisex,Light Pink,,adult,,,,,,,,,GIA,Fine Jewelry
9525,1.27 Ct Fancy Dark Brown Greenish Yellow Pear Natural Diamond VVS2 GIA,Colour Diam stock 9525. Sku - 9525; Weight - 1.27; Colour - Fancy Dark Brown Greenish Yellow; Shape - Pear; Clarity - VVS2; Measurements - 9.04X5.31X3.62; Fluorescence - None; Polish - VG; Symmetry - VG; No Of Diamonds - 1 | Laboratory: GIA.,in stock,new,253618.03 JPY,https://www.colourdiam.com/diamonddetails/Diamonds/Product/9525,https://www.colourdiam.com/Product/Diamond/9525/still.jpg,Colour Diam,Apparel & Accessories > Jewelry,,1,,,,unisex,Fancy Dark Brown Greenish Yellow,,adult,,,,,,,,,GIA,Fine Jewelry
9526,1.26 Ct Fancy Brownish Greenish Yellow Heart Natural Diamond VS1 GIA,Colour Diam stock 9526. Sku - 9526; Weight - 1.26; Colour - Fancy Brownish Greenish Yellow; Shape - Heart; Clarity - VS1; Measurements - 6.23X7.33X3.62; Fluorescence - None; Polish - EX; Symmetry - EX; No Of Diamonds - 1 | Laboratory: GIA.,in stock,new,263058.36 JPY,https://www.colourdiam.com/diamonddetails/Diamonds/Product/9526,https://www.colourdiam.com/Product/Diamond/9526/still.jpg,Colour Diam,Apparel & Accessories > Jewelry,,1,,,,unisex,Fancy Brownish Greenish Yellow,,adult,,,,,,,,,GIA,Fine Jewelry
9519,1.23 Ct Fancy Light Brownish Greenish Yellow Radiant Natural Diamond VS1 GIA,Colour Diam stock 9519. Sku - 9519; Weight - 1.23; Colour - Fancy Light Brownish Greenish Yellow; Shape - Radiant; Clarity - VS1; Measurements - 6.72 X 5.24 X 3.60; Fluorescence - None; Polish - EX; Symmetry - VG; No Of Diamonds - 1 | Laboratory: GIA.,in stock,new,267960.06 JPY,https://www.colourdiam.com/diamonddetails/Diamonds/Product/9519,https://www.colourdiam.com/Product/Diamond/9519/still.jpg,Colour Diam,Apparel & Accessories > Jewelry,,1,,,,unisex,Fancy Light Brownish Greenish Yellow,,adult,,,,,,,,,GIA,Fine Jewelry
7122,1.23 Ct Faint Pink Round Natural Diamond VS1 GIA,Colour Diam stock 7122. Sku - 7122; Weight - 1.23; Colour - Faint Pink; Shape - Round; Clarity - VS1; Measurements - 6.83*6.89*4.24; Fluorescence - None; Polish - EX; Symmetry - EX; No Of Diamonds - 1 | Laboratory: GIA.,in stock,new,1339800.32 JPY,https://www.colourdiam.com/diamonddetails/Diamonds/Product/7122,https://www.colourdiam.com/Product/Diamond/7122/still.jpg,Colour Diam,Apparel & Accessories > Jewelry,,1,,,,unisex,Faint Pink,,adult,,,,,,,,,GIA,Fine Jewelry
8833,1.23 Ct Light Greenish Yellow Cushion Natural Diamond SI1 GIA,Colour Diam stock 8833. Sku - 8833; Weight - 1.23; Colour - Light Greenish Yellow; Shape - Cushion; Clarity - SI1; Measurements - 5.89 x 5.84 x 3.99; Fluorescence - Vst; Polish - G; Symmetry - VG; No Of Diamonds - 1 | Laboratory: GIA.,in stock,new,446600.11 JPY,https://www.colourdiam.com/diamonddetails/Diamonds/Product/8833,https://www.colourdiam.com/Product/Diamond/8833/still.jpg,Colour Diam,Apparel & Accessories > Jewelry,,1,,,,unisex,Light Greenish Yellow,,adult,,,,,,,,,GIA,Fine Jewelry
9578,1.22 Ct Fancy Green Cushion Natural Diamond SI2 GIA,Colour Diam stock 9578. Sku - 9578; Weight - 1.22; Colour - Fancy Green; Shape - Cushion; Clarity - SI2; Measurements - 5.89 X 5.82 X 4.00; Fluorescence - None; Polish - G; Symmetry - GD; No Of Diamonds - 1 | Laboratory: GIA.,in stock,new,6644538.19 JPY,https://www.colourdiam.com/diamonddetails/Diamonds/Product/9578,https://www.colourdiam.com/Product/Diamond/9578/still.jpg,Colour Diam,Apparel & Accessories > Jewelry,,1,,,,unisex,Fancy Green,,adult,,,,,,,,,GIA,Fine Jewelry
8717,1.21 Ct Light Green Yellow Marquise Natural Diamond VVS2 GIA,Colour Diam stock 8717. Sku - 8717; Weight - 1.21; Colour - Light Green Yellow; Shape - Marquise; Clarity - VVS2; Measurements - 10.48x5.58x3.41; Fluorescence - STG; Polish - EX; Symmetry - EX; No Of Diamonds - 1 | Laboratory: GIA.,in stock,new,790808.97 JPY,https://www.colourdiam.com/diamonddetails/Diamonds/Product/8717,https://www.colourdiam.com/Product/Diamond/8717/still.jpg,Colour Diam,Apparel & Accessories > Jewelry,,1,,,,unisex,Light Green Yellow,,adult,,,,,,,,,GIA,Fine Jewelry
9476,1.2 Ct Light Green Yellow Oval Natural Diamond VVS2 GIA,Colour Diam stock 9476. Sku - 9476; Weight - 1.2; Colour - Light Green Yellow; Shape - Oval; Clarity - VVS2; Measurements - 8.64 x 5.75 x 3.59; Fluorescence - None; Polish - EX; Symmetry - EX; No Of Diamonds - 1 | Laboratory: GIA.,in stock,new,435707.42 JPY,https://www.colourdiam.com/diamonddetails/Diamonds/Product/9476,https://www.colourdiam.com/Product/Diamond/9476/still.jpg,Colour Diam,Apparel & Accessories > Jewelry,,1,,,,unisex,Light Green Yellow,,adult,,,,,,,,,GIA,Fine Jewelry
7803,1.2 Ct Fancy Intense Yellow Pear Natural Diamond VS2 GIA,Colour Diam stock 7803. Sku - 7803; Weight - 1.2; Colour - Fancy Intense Yellow; Shape - Pear; Clarity - VS2; Measurements - 8.86 X 5.73 X 3.38; Fluorescence - Med; Polish - EX; Symmetry - VG; No Of Diamonds - 1 | Laboratory: GIA.,in stock,new,784273.36 JPY,https://www.colourdiam.com/diamonddetails/Diamonds/Product/7803,https://www.colourdiam.com/Product/Diamond/7803/still.jpg,Colour Diam,Apparel & Accessories > Jewelry,,1,,,,unisex,Fancy Intense Yellow,,adult,,,,,,,,,GIA,Fine Jewelry
105,1.16 Ct Fancy Pink Purple Cushion Natural Diamond VS1 GIA,Colour Diam stock 105. Sku - 105; Weight - 1.16; Colour - Fancy Pink Purple; Shape - Cushion; Clarity - VS1; Measurements - 5.76 X 5.49 X 3.98; Fluorescence - None; Polish - G; Symmetry - GD; No Of Diamonds - 1 | Laboratory: GIA.,in stock,new,18953272.86 JPY,https://www.colourdiam.com/diamonddetails/Diamonds/Product/105,https://www.colourdiam.com/Product/Diamond/105/still.jpg,Colour Diam,Apparel & Accessories > Jewelry,,1,,,,unisex,Fancy Pink Purple,,adult,,,,,,,,,GIA,Fine Jewelry
9536,1.15 Ct N Pear Natural Diamond VS2 GIA,Colour Diam stock 9536. Sku - 9536; Weight - 1.15; Colour - N; Shape - Pear; Clarity - VS2; Measurements - 8.85 X 5.11 X 3.49; Fluorescence - STG; Polish - VG; Symmetry - VG; No Of Diamonds - 1 | Laboratory: GIA.,in stock,new,156583.14 JPY,https://www.colourdiam.com/diamonddetails/Diamonds/Product/9536,https://www.colourdiam.com/Product/Diamond/9536/still.jpg,Colour Diam,Apparel & Accessories > Jewelry,,1,,,,unisex,N,,adult,,,,,,,,,GIA,Fine Jewelry
9165,1.14 Ct Fancy Light Yellow Green Round Natural Diamond SI2 GIA,Colour Diam stock 9165. Sku - 9165; Weight - 1.14; Colour - Fancy Light Yellow Green; Shape - Round; Clarity - SI2; Measurements - 6.69 - 6.74 x 4.13; Fluorescence - STG; Polish - G; Symmetry - GD; No Of Diamonds - 1 | Laboratory: GIA.,in stock,new,1241766.15 JPY,https://www.colourdiam.com/diamonddetails/Diamonds/Product/9165,https://www.colourdiam.com/Product/Diamond/9165/still.jpg,Colour Diam,Apparel & Accessories > Jewelry,,1,,,,unisex,Fancy Light Yellow Green,,adult,,,,,,,,,GIA,Fine Jewelry
4386,1.12 Ct Fancy Light Yellow Cushion Natural Diamond I3 GIA,Colour Diam stock 4386. Sku - 4386; Weight - 1.12; Colour - Fancy Light Yellow; Shape - Cushion; Clarity - I3; Measurements - 6.01*5.64*3.83; Fluorescence - Fnt; Polish - VG; Symmetry - VG; No Of Diamonds - 1 | Laboratory: GIA.,in stock,new,121998.08 JPY,https://www.colourdiam.com/diamonddetails/Diamonds/Product/4386,https://www.colourdiam.com/Product/Diamond/4386/still.jpg,Colour Diam,Apparel & Accessories > Jewelry,,1,,,,unisex,Fancy Light Yellow,,adult,,,,,,,,,GIA,Fine Jewelry
9542,1.12 Ct M Pear Natural Diamond SI1 GIA,Colour Diam stock 9542. Sku - 9542; Weight - 1.12; Colour - M; Shape - Pear; Clarity - SI1; Measurements - 8.49 X 4.99 X 3.48; Fluorescence - None; Polish - VG; Symmetry - VG; No Of Diamonds - 1 | Laboratory: GIA.,in stock,new,121998.08 JPY,https://www.colourdiam.com/diamonddetails/Diamonds/Product/9542,https://www.colourdiam.com/Product/Diamond/9542/still.jpg,Colour Diam,Apparel & Accessories > Jewelry,,1,,,,unisex,M,,adult,,,,,,,,,GIA,Fine Jewelry
4662,1.11 Ct Fancy Light Brownish Yellow Cushion Natural Diamond VS2 GIA,Colour Diam stock 4662. Sku - 4662; Weight - 1.11; Colour - Fancy Light Brownish Yellow; Shape - Cushion; Clarity - VS2; Measurements - 6.01 x 5.62 x 3.60; Fluorescence - Fnt; Polish - EX; Symmetry - VG; No Of Diamonds - 1 | Laboratory: GIA.,in stock,new,201514.68 JPY,https://www.colourdiam.com/diamonddetails/Diamonds/Product/4662,https://www.colourdiam.com/Product/Diamond/4662/still.jpg,Colour Diam,Apparel & Accessories > Jewelry,,1,,,,unisex,Fancy Light Brownish Yellow,,adult,,,,,,,,,GIA,Fine Jewelry
7550,1.11 Ct Fancy Yellow Green Radiant Natural Diamond SI2 GIA,Colour Diam stock 7550. Sku - 7550; Weight - 1.11; Colour - Fancy Yellow Green; Shape - Radiant; Clarity - SI2; Measurements - 6.36 X 5.05 X 3.52; Fluorescence - STG; Polish - EX; Symmetry - EX; No Of Diamonds - 1 | Laboratory: GIA.,in stock,new,1567179.61 JPY,https://www.colourdiam.com/diamonddetails/Diamonds/Product/7550,https://www.colourdiam.com/Product/Diamond/7550/still.jpg,Colour Diam,Apparel & Accessories > Jewelry,,1,,,,unisex,Fancy Yellow Green,,adult,,,,,,,,,GIA,Fine Jewelry
5788,1.11 Ct Fancy Intense Purplish Pink Round Natural Diamond I1 CGL,Colour Diam stock 5788. Sku - 5788; Weight - 1.11; Colour - Fancy Intense Purplish Pink; Shape - Round; Clarity - I1; Measurements - 6.65*6.72*4.08; Fluorescence - Med; Polish - VG; Symmetry - GD; No Of Diamonds - 1 | Laboratory: CGL.,in stock,new,42318083.37 JPY,https://www.colourdiam.com/diamonddetails/Diamonds/Product/5788,https://www.colourdiam.com/Product/Diamond/5788/still.jpg,Colour Diam,Apparel & Accessories > Jewelry,,1,,,,unisex,Fancy Intense Purplish Pink,,adult,,,,,,,,,CGL,Fine Jewelry
9560,1.1 Ct Fancy Light Greenish Yellow Pear Natural Diamond VS2 GIA,Colour Diam stock 9560. Sku - 9560; Weight - 1.1; Colour - Fancy Light Greenish Yellow; Shape - Pear; Clarity - VS2; Measurements - 8.19 X 5.13 X 3.48; Fluorescence - None; Polish - EX; Symmetry - VG; No Of Diamonds - 1 | Laboratory: GIA.,in stock,new,359458.62 JPY,https://www.colourdiam.com/diamonddetails/Diamonds/Product/9560,https://www.colourdiam.com/Product/Diamond/9560/still.jpg,Colour Diam,Apparel & Accessories > Jewelry,,1,,,,unisex,Fancy Light Greenish Yellow,,adult,,,,,,,,,GIA,Fine Jewelry
9516,1.09 Ct Light Greenish Yellow Pear Natural Diamond VS2 GIA,Colour Diam stock 9516. Sku - 9516; Weight - 1.09; Colour - Light Greenish Yellow; Shape - Pear; Clarity - VS2; Measurements - 8.30 X 5.14 X 3.48; Fluorescence - None; Polish - EX; Symmetry - EX; No Of Diamonds - 1 | Laboratory: GIA.,in stock,new,296825.68 JPY,https://www.colourdiam.com/diamonddetails/Diamonds/Product/9516,https://www.colourdiam.com/Product/Diamond/9516/still.jpg,Colour Diam,Apparel & Accessories > Jewelry,,1,,,,unisex,Light Greenish Yellow,,adult,,,,,,,,,GIA,Fine Jewelry
9512,1.09 Ct Light Greenish Yellow Cushion Natural Diamond VS2 GIA,Colour Diam stock 9512. Sku - 9512; Weight - 1.09; Colour - Light Greenish Yellow; Shape - Cushion; Clarity - VS2; Measurements - 5.53 X 5.52 X 3.72; Fluorescence - None; Polish - EX; Symmetry - VG; No Of Diamonds - 1 | Laboratory: GIA.,in stock,new,296825.68 JPY,https://www.colourdiam.com/diamonddetails/Diamonds/Product/9512,https://www.colourdiam.com/Product/Diamond/9512/still.jpg,Colour Diam,Apparel & Accessories > Jewelry,,1,,,,unisex,Light Greenish Yellow,,adult,,,,,,,,,GIA,Fine Jewelry
6913,1.09 Ct Fancy Deep Bluish Green Pear Natural Diamond I1 GIA,Colour Diam stock 6913. Sku - 6913; Weight - 1.09; Colour - Fancy Deep Bluish Green; Shape - Pear; Clarity - I1; Measurements - 7.12 X 5.86 X 3.48; Fluorescence - None; Polish - VG; Symmetry - GD; No Of Diamonds - 1 | Laboratory: GIA.,in stock,new,59365136.26 JPY,https://www.colourdiam.com/diamonddetails/Diamonds/Product/6913,https://www.colourdiam.com/Product/Diamond/6913/still.jpg,Colour Diam,Apparel & Accessories > Jewelry,,1,,,,unisex,Fancy Deep Bluish Green,,adult,,,,,,,,,GIA,Fine Jewelry
5466,1.09 Ct Fancy Brown Pink Oval Natural Diamond I1 GIA,Colour Diam stock 5466. Sku - 5466; Weight - 1.09; Colour - Fancy Brown Pink; Shape - Oval; Clarity - I1; Measurements - 7.19X 5.38X 3.43; Fluorescence - None; Polish - VG; Symmetry - GD; No Of Diamonds - 1 | Laboratory: GIA.,in stock,new,890477.04 JPY,https://www.colourdiam.com/diamonddetails/Diamonds/Product/5466,https://www.colourdiam.com/Product/Diamond/5466/still.jpg,Colour Diam,Apparel & Accessories > Jewelry,,1,,,,unisex,Fancy Brown Pink,,adult,,,,,,,,,GIA,Fine Jewelry
734,1.08 Ct Fancy White Heart Natural Diamond GIA,Colour Diam stock 734. Sku - 734; Weight - 1.08; Colour - Fancy White; Shape - Heart; Clarity - ; Measurements - 6.17 x 7.39 x 3.64; Fluorescence - ; Polish - ; Symmetry - ; No Of Diamonds - 1 | Laboratory: GIA.,in stock,new,294102.51 JPY,https://www.colourdiam.com/diamonddetails/Diamonds/Product/734,https://www.colourdiam.com/Product/Diamond/734/still.jpg,Colour Diam,Apparel & Accessories > Jewelry,,1,,,,unisex,Fancy White,,adult,,,,,,,,,GIA,Fine Jewelry
6187,1.08 Ct D Emerald Natural Diamond VVS2 GIA,Colour Diam stock 6187. Sku - 6187; Weight - 1.08; Colour - D; Shape - Emerald; Clarity - VVS2; Measurements - 6.97 X 5.02 X 3.38; Fluorescence - None; Polish - VG; Symmetry - VG; No Of Diamonds - 1 | Laboratory: GIA.,in stock,new,1105825.44 JPY,https://www.colourdiam.com/diamonddetails/Diamonds/Product/6187,https://www.colourdiam.com/Product/Diamond/6187/still.jpg,Colour Diam,Apparel & Accessories > Jewelry,,1,,,,unisex,D,,adult,,,,,,,,,GIA,Fine Jewelry
6033,1.08 Ct F Round Natural Diamond VVS1 GIA,Colour Diam stock 6033. Sku - 6033; Weight - 1.08; Colour - F; Shape - Round; Clarity - VVS1; Measurements - 6.76 x 6.73 x 3.97; Fluorescence - None; Polish - EX; Symmetry - EX; No Of Diamonds - 1 | Laboratory: GIA.,in stock,new,1862649.23 JPY,https://www.colourdiam.com/diamonddetails/Diamonds/Product/6033,https://www.colourdiam.com/Product/Diamond/6033/still.jpg,Colour Diam,Apparel & Accessories > Jewelry,,1,,,,unisex,F,,adult,,,,,,,,,GIA,Fine Jewelry
6415,1.07 Ct O-P Round Natural Diamond SI2 GIA,Colour Diam stock 6415. Sku - 6415; Weight - 1.07; Colour - O-P; Shape - Round; Clarity - SI2; Measurements - 6.53 x 6.65 x 4.04; Fluorescence - None; Polish - VG; Symmetry - F; No Of Diamonds - 1 | Laboratory: GIA.,in stock,new,485632.23 JPY,https://www.colourdiam.com/diamonddetails/Diamonds/Product/6415,https://www.colourdiam.com/Product/Diamond/6415/still.jpg,Colour Diam,Apparel & Accessories > Jewelry,,1,,,,unisex,O-P,,adult,,,,,,,,,GIA,Fine Jewelry
6190,1.07 Ct G Pear Natural Diamond VVS2 GIA,Colour Diam stock 6190. Sku - 6190; Weight - 1.07; Colour - G; Shape - Pear; Clarity - VVS2; Measurements - 8.62 X 5.74 X 3.74; Fluorescence - Fnt; Polish - VG; Symmetry - VG; No Of Diamonds - 1 | Laboratory: GIA.,in stock,new,850827.67 JPY,https://www.colourdiam.com/diamonddetails/Diamonds/Product/6190,https://www.colourdiam.com/Product/Diamond/6190/still.jpg,Colour Diam,Apparel & Accessories > Jewelry,,1,,,,unisex,G,,adult,,,,,,,,,GIA,Fine Jewelry
8686,1.07 Ct Fancy Purplish Pink Pear Natural Diamond VS2 GIA,Colour Diam stock 8686. Sku - 8686; Weight - 1.07; Colour - Fancy Purplish Pink; Shape - Pear; Clarity - VS2; Measurements - 8.47 x 5.08 x 3.44; Fluorescence - None; Polish - EX; Symmetry - VG; No Of Diamonds - 1 | Laboratory: GIA.,in stock,new,15540231.39 JPY,https://www.colourdiam.com/diamonddetails/Diamonds/Product/8686,https://www.colourdiam.com/Product/Diamond/8686/still.jpg,Colour Diam,Apparel & Accessories > Jewelry,,1,,,,unisex,Fancy Purplish Pink,,adult,,,,,,,,,GIA,Fine Jewelry
8398,1.07 Ct Faint Pink Round Natural Diamond VS2 GIA,Colour Diam stock 8398. Sku - 8398; Weight - 1.07; Colour - Faint Pink; Shape - Round; Clarity - VS2; Measurements - 6.53 - 6.56 x 4.07; Fluorescence - None; Polish - EX; Symmetry - EX; No Of Diamonds - 1 | Laboratory: GIA.,in stock,new,1262643.8 JPY,https://www.colourdiam.com/diamonddetails/Diamonds/Product/8398,https://www.colourdiam.com/Product/Diamond/8398/still.jpg,Colour Diam,Apparel & Accessories > Jewelry,,1,,,,unisex,Faint Pink,,adult,,,,,,,,,GIA,Fine Jewelry
2049,1.06 Ct Fancy Intense Pink Other Natural Diamond GIA,Colour Diam stock 2049. Sku - 2049; Weight - 1.06; Colour - Fancy Intense Pink; Shape - Other; Clarity - ; Measurements - 5.90 x 7.16 x 3.94; Fluorescence - None; Polish - ; Symmetry - ; No Of Diamonds - 1 | Laboratory: GIA.,in stock,new,23092493.37 JPY,https://www.colourdiam.com/diamonddetails/Diamonds/Product/2049,https://www.colourdiam.com/Product/Diamond/2049/still.jpg,Colour Diam,Apparel & Accessories > Jewelry,,1,,,,unisex,Fancy Intense Pink,,adult,,,,,,,,,GIA,Fine Jewelry
8171,1.06 Ct Fancy Deep Brownish Greenish Yellow Oval Natural Diamond SI1 GIA,Colour Diam stock 8171. Sku - 8171; Weight - 1.06; Colour - Fancy Deep Brownish Greenish Yellow; Shape - Oval; Clarity - SI1; Measurements - 7.51 x 5.12 x 3.37; Fluorescence - STG; Polish - EX; Symmetry - VG; No Of Diamonds - 1 | Laboratory: GIA.,in stock,new,577312.33 JPY,https://www.colourdiam.com/diamonddetails/Diamonds/Product/8171,https://www.colourdiam.com/Product/Diamond/8171/still.jpg,Colour Diam,Apparel & Accessories > Jewelry,,1,,,,unisex,Fancy Deep Brownish Greenish Yellow,,adult,,,,,,,,,GIA,Fine Jewelry
6192,1.06 Ct E Pear Natural Diamond VVS2 GIA,Colour Diam stock 6192. Sku - 6192; Weight - 1.06; Colour - E; Shape - Pear; Clarity - VVS2; Measurements - 9.02 X 5.81 X 3.67; Fluorescence - None; Polish - VG; Symmetry - VG; No Of Diamonds - 1 | Laboratory: GIA.,in stock,new,1138459.29 JPY,https://www.colourdiam.com/diamonddetails/Diamonds/Product/6192,https://www.colourdiam.com/Product/Diamond/6192/still.jpg,Colour Diam,Apparel & Accessories > Jewelry,,1,,,,unisex,E,,adult,,,,,,,,,GIA,Fine Jewelry
6039,1.06 Ct Q-R Round Natural Diamond I2 GIA,Colour Diam stock 6039. Sku - 6039; Weight - 1.06; Colour - Q-R; Shape - Round; Clarity - I2; Measurements - 6.18 X 6.12 X 4.37; Fluorescence - None; Polish - G; Symmetry - GD; No Of Diamonds - 1 | Laboratory: GIA.,in stock,new,149523.42 JPY,https://www.colourdiam.com/diamonddetails/Diamonds/Product/6039,https://www.colourdiam.com/Product/Diamond/6039/still.jpg,Colour Diam,Apparel & Accessories > Jewelry,,1,,,,unisex,Q-R,,adult,,,,,,,,,GIA,Fine Jewelry
9511,1.06 Ct Fancy Light Greenish Yellow Pear Natural Diamond VS1 GIA,Colour Diam stock 9511. Sku - 9511; Weight - 1.06; Colour - Fancy Light Greenish Yellow; Shape - Pear; Clarity - VS1; Measurements - 8.36 X 5.08 X 3.38; Fluorescence - None; Polish - EX; Symmetry - EX; No Of Diamonds - 1 | Laboratory: GIA.,in stock,new,307899.91 JPY,https://www.colourdiam.com/diamonddetails/Diamonds/Product/9511,https://www.colourdiam.com/Product/Diamond/9511/still.jpg,Colour Diam,Apparel & Accessories > Jewelry,,1,,,,unisex,Fancy Light Greenish Yellow,,adult,,,,,,,,,GIA,Fine Jewelry
9540,1.05 Ct N Pear Natural Diamond SI1 GIA,Colour Diam stock 9540. Sku - 9540; Weight - 1.05; Colour - N; Shape - Pear; Clarity - SI1; Measurements - 8.38 x 4.93 x 3.41; Fluorescence - STG; Polish - VG; Symmetry - GD; No Of Diamonds - 1 | Laboratory: GIA.,in stock,new,114373.2 JPY,https://www.colourdiam.com/diamonddetails/Diamonds/Product/9540,https://www.colourdiam.com/Product/Diamond/9540/still.jpg,Colour Diam,Apparel & Accessories > Jewelry,,1,,,,unisex,N,,adult,,,,,,,,,GIA,Fine Jewelry
6188,1.05 Ct G Princess Natural Diamond VVS1 GIA,Colour Diam stock 6188. Sku - 6188; Weight - 1.05; Colour - G; Shape - Princess; Clarity - VVS1; Measurements - 5.64 x 5.53 x 3.98; Fluorescence - None; Polish - VG; Symmetry - GD; No Of Diamonds - 1 | Laboratory: GIA.,in stock,new,1359898.12 JPY,https://www.colourdiam.com/diamonddetails/Diamonds/Product/6188,https://www.colourdiam.com/Product/Diamond/6188/still.jpg,Colour Diam,Apparel & Accessories > Jewelry,,1,,,,unisex,G,,adult,,,,,,,,,GIA,Fine Jewelry
9531,1.05 Ct M Heart Natural Diamond SI1 GIA,Colour Diam stock 9531. Sku - 9531; Weight - 1.05; Colour - M; Shape - Heart; Clarity - SI1; Measurements - 5.79 X 6.31 X 3.68; Fluorescence - None; Polish - VG; Symmetry - VG; No Of Diamonds - 1 | Laboratory: GIA.,in stock,new,133435.4 JPY,https://www.colourdiam.com/diamonddetails/Diamonds/Product/9531,https://www.colourdiam.com/Product/Diamond/9531/still.jpg,Colour Diam,Apparel & Accessories > Jewelry,,1,,,,unisex,M,,adult,,,,,,,,,GIA,Fine Jewelry
5762,1.04 Ct Fancy Light Yellow Round Natural Diamond I2 GIA,Colour Diam stock 5762. Sku - 5762; Weight - 1.04; Colour - Fancy Light Yellow; Shape - Round; Clarity - I2; Measurements - 6.18 X 6.11X 4.06; Fluorescence - None; Polish - VG; Symmetry - VG; No Of Diamonds - 1 | Laboratory: GIA.,in stock,new,236008.19 JPY,https://www.colourdiam.com/diamonddetails/Diamonds/Product/5762,https://www.colourdiam.com/Product/Diamond/5762/still.jpg,Colour Diam,Apparel & Accessories > Jewelry,,1,,,,unisex,Fancy Light Yellow,,adult,,,,,,,,,GIA,Fine Jewelry
9532,1.04 Ct Light Green Yellow Pear Natural Diamond SI2 GIA,Colour Diam stock 9532. Sku - 9532; Weight - 1.04; Colour - Light Green Yellow; Shape - Pear; Clarity - SI2; Measurements - 8.38 X5.05 X 3.41; Fluorescence - Vst; Polish - VG; Symmetry - GD; No Of Diamonds - 1 | Laboratory: GIA.,in stock,new,302090.48 JPY,https://www.colourdiam.com/diamonddetails/Diamonds/Product/9532,https://www.colourdiam.com/Product/Diamond/9532/still.jpg,Colour Diam,Apparel & Accessories > Jewelry,,1,,,,unisex,Light Green Yellow,,adult,,,,,,,,,GIA,Fine Jewelry
6077,1.04 Ct Q-R Pear Natural Diamond SI1 IGI,Colour Diam stock 6077. Sku - 6077; Weight - 1.04; Colour - Q-R; Shape - Pear; Clarity - SI1; Measurements - 8.13 X 5.13 X 3.30; Fluorescence - Vst; Polish - VG; Symmetry - VG; No Of Diamonds - 1 | Laboratory: IGI.,in stock,new,207687.2 JPY,https://www.colourdiam.com/diamonddetails/Diamonds/Product/6077,https://www.colourdiam.com/Product/Diamond/6077/still.jpg,Colour Diam,Apparel & Accessories > Jewelry,,1,,,,unisex,Q-R,,adult,,,,,,,,,IGI,Fine Jewelry
8590,1.04 Ct Fancy White Radiant Natural Diamond I2 GIA,Colour Diam stock 8590. Sku - 8590; Weight - 1.04; Colour - Fancy White; Shape - Radiant; Clarity - I2; Measurements - 6.27 x 5.01 x 3.77; Fluorescence - Med; Polish - VG; Symmetry - GD; No Of Diamonds - 1 | Laboratory: GIA.,in stock,new,283209.82 JPY,https://www.colourdiam.com/diamonddetails/Diamonds/Product/8590,https://www.colourdiam.com/Product/Diamond/8590/still.jpg,Colour Diam,Apparel & Accessories > Jewelry,,1,,,,unisex,Fancy White,,adult,,,,,,,,,GIA,Fine Jewelry
9534,1.03 Ct M Heart Natural Diamond SI1 GIA,Colour Diam stock 9534. Sku - 9534; Weight - 1.03; Colour - M; Shape - Heart; Clarity - SI1; Measurements - 5.93 X 6.95 X 3.22; Fluorescence - None; Polish - VG; Symmetry - VG; No Of Diamonds - 1 | Laboratory: GIA.,in stock,new,130893.77 JPY,https://www.colourdiam.com/diamonddetails/Diamonds/Product/9534,https://www.colourdiam.com/Product/Diamond/9534/still.jpg,Colour Diam,Apparel & Accessories > Jewelry,,1,,,,unisex,M,,adult,,,,,,,,,GIA,Fine Jewelry
9543,1.03 Ct M Pear Natural Diamond VS1 GIA,Colour Diam stock 9543. Sku - 9543; Weight - 1.03; Colour - M; Shape - Pear; Clarity - VS1; Measurements - 8.09 X 5.11 X 3.38; Fluorescence - None; Polish - VG; Symmetry - VG; No Of Diamonds - 1 | Laboratory: GIA.,in stock,new,161746.91 JPY,https://www.colourdiam.com/diamonddetails/Diamonds/Product/9543,https://www.colourdiam.com/Product/Diamond/9543/still.jpg,Colour Diam,Apparel & Accessories > Jewelry,,1,,,,unisex,M,,adult,,,,,,,,,GIA,Fine Jewelry
9544,1.03 Ct K Oval Natural Diamond VS1 GIA,Colour Diam stock 9544. Sku - 9544; Weight - 1.03; Colour - K; Shape - Oval; Clarity - VS1; Measurements - 7.55 X 5.24 X 3.4; Fluorescence - None; Polish - VG; Symmetry - VG; No Of Diamonds - 1 | Laboratory: GIA.,in stock,new,149592.88 JPY,https://www.colourdiam.com/diamonddetails/Diamonds/Product/9544,https://www.colourdiam.com/Product/Diamond/9544/still.jpg,Colour Diam,Apparel & Accessories > Jewelry,,1,,,,unisex,K,,adult,,,,,,,,,GIA,Fine Jewelry
8913,1.03 Ct Faint Pink Round Natural Diamond VS1 GIA,Colour Diam stock 8913. Sku - 8913; Weight - 1.03; Colour - Faint Pink; Shape - Round; Clarity - VS1; Measurements - 6.46 - 6.48 x 4.01; Fluorescence - None; Polish - EX; Symmetry - EX; No Of Diamonds - 1 | Laboratory: GIA.,in stock,new,1215442.16 JPY,https://www.colourdiam.com/diamonddetails/Diamonds/Product/8913,https://www.colourdiam.com/Product/Diamond/8913/still.jpg,Colour Diam,Apparel & Accessories > Jewelry,,1,,,,unisex,Faint Pink,,adult,,,,,,,,,GIA,Fine Jewelry
6040,1.03 Ct Fancy Brownish Yellow Round Natural Diamond I1 GIA,Colour Diam stock 6040. Sku - 6040; Weight - 1.03; Colour - Fancy Brownish Yellow; Shape - Round; Clarity - I1; Measurements - 6.18 X 6.24 X 4.07; Fluorescence - Med; Polish - G; Symmetry - GD; No Of Diamonds - 1 | Laboratory: GIA.,in stock,new,166048.73 JPY,https://www.colourdiam.com/diamonddetails/Diamonds/Product/6040,https://www.colourdiam.com/Product/Diamond/6040/still.jpg,Colour Diam,Apparel & Accessories > Jewelry,,1,,,,unisex,Fancy Brownish Yellow,,adult,,,,,,,,,GIA,Fine Jewelry
6041,1.03 Ct Fancy Dark Brown Greenish Yellow Round Natural Diamond I2 GIA,Colour Diam stock 6041. Sku - 6041; Weight - 1.03; Colour - Fancy Dark Brown Greenish Yellow; Shape - Round; Clarity - I2; Measurements - 6.46X 6.44 X 4.02; Fluorescence - Fnt; Polish - G; Symmetry - VG; No Of Diamonds - 1 | Laboratory: GIA.,in stock,new,166048.73 JPY,https://www.colourdiam.com/diamonddetails/Diamonds/Product/6041,https://www.colourdiam.com/Product/Diamond/6041/still.jpg,Colour Diam,Apparel & Accessories > Jewelry,,1,,,,unisex,Fancy Dark Brown Greenish Yellow,,adult,,,,,,,,,GIA,Fine Jewelry
4753,1.03 Ct Fancy Light Yellow Emerald Natural Diamond I1 GIA,Colour Diam stock 4753. Sku - 4753; Weight - 1.03; Colour - Fancy Light Yellow; Shape - Emerald; Clarity - I1; Measurements - 6.88*4.85*3.04; Fluorescence - Med; Polish - EX; Symmetry - VG; No Of Diamonds - 1 | Laboratory: GIA.,in stock,new,130893.77 JPY,https://www.colourdiam.com/diamonddetails/Diamonds/Product/4753,https://www.colourdiam.com/Product/Diamond/4753/still.jpg,Colour Diam,Apparel & Accessories > Jewelry,,1,,,,unisex,Fancy Light Yellow,,adult,,,,,,,,,GIA,Fine Jewelry
6949,1.03 Ct Faint Pink Pear Natural Diamond VVS1 GIA,Colour Diam stock 6949. Sku - 6949; Weight - 1.03; Colour - Faint Pink; Shape - Pear; Clarity - VVS1; Measurements - 9.61 x 4.97 x 2.96; Fluorescence - Med; Polish - EX; Symmetry - VG; No Of Diamonds - 1 | Laboratory: GIA.,in stock,new,2374787 JPY,https://www.colourdiam.com/diamonddetails/Diamonds/Product/6949,https://www.colourdiam.com/Product/Diamond/6949/still.jpg,Colour Diam,Apparel & Accessories > Jewelry,,1,,,,unisex,Faint Pink,,adult,,,,,,,,,GIA,Fine Jewelry
4845,1.03 Ct Fancy Light Greenish Yellow Pear Natural Diamond I2 GIA,Colour Diam stock 4845. Sku - 4845; Weight - 1.03; Colour - Fancy Light Greenish Yellow; Shape - Pear; Clarity - I2; Measurements - 8.28*5.11*3.35; Fluorescence - None; Polish - VG; Symmetry - GD; No Of Diamonds - 1 | Laboratory: GIA.,in stock,new,420730.77 JPY,https://www.colourdiam.com/diamonddetails/Diamonds/Product/4845,https://www.colourdiam.com/Product/Diamond/4845/still.jpg,Colour Diam,Apparel & Accessories > Jewelry,,1,,,,unisex,Fancy Light Greenish Yellow,,adult,,,,,,,,,GIA,Fine Jewelry
4141,1.03 Ct Fancy Brownish Greenish Yellow Round Natural Diamond I1 GIA,Colour Diam stock 4141. Sku - 4141; Weight - 1.03; Colour - Fancy Brownish Greenish Yellow; Shape - Round; Clarity - I1; Measurements - 6.41*6.45*3.97; Fluorescence - STG; Polish - VG; Symmetry - VG; No Of Diamonds - 1 | Laboratory: GIA.,in stock,new,336583.98 JPY,https://www.colourdiam.com/diamonddetails/Diamonds/Product/4141,https://www.colourdiam.com/Product/Diamond/4141/still.jpg,Colour Diam,Apparel & Accessories > Jewelry,,1,,,,unisex,Fancy Brownish Greenish Yellow,,adult,,,,,,,,,GIA,Fine Jewelry
5747,1.03 Ct Fancy Dark Yellowish Green Gray Round Natural Diamond I3 GIA,Colour Diam stock 5747. Sku - 5747; Weight - 1.03; Colour - Fancy Dark Yellowish Green Gray; Shape - Round; Clarity - I3; Measurements - 6.27X6.32X3.96; Fluorescence - STG; Polish - G; Symmetry - F; No Of Diamonds - 1 | Laboratory: GIA.,in stock,new,186991.1 JPY,https://www.colourdiam.com/diamonddetails/Diamonds/Product/5747,https://www.colourdiam.com/Product/Diamond/5747/still.jpg,Colour Diam,Apparel & Accessories > Jewelry,,1,,,,unisex,Fancy Dark Yellowish Green Gray,,adult,,,,,,,,,GIA,Fine Jewelry
2375,1.03 Ct Faint Pink Other Natural Diamond I1 CGL,Colour Diam stock 2375. Sku - 2375; Weight - 1.03; Colour - Faint Pink; Shape - Other; Clarity - I1; Measurements - 5.94x6.09x4.18; Fluorescence - None; Polish - ; Symmetry - ; No Of Diamonds - 1 | Laboratory: CGL.,in stock,new,299185.76 JPY,https://www.colourdiam.com/diamonddetails/Diamonds/Product/2375,https://www.colourdiam.com/Product/Diamond/2375/still.jpg,Colour Diam,Apparel & Accessories > Jewelry,,1,,,,unisex,Faint Pink,,adult,,,,,,,,,CGL,Fine Jewelry
5485,1.02 Ct Light Pink Cushion Natural Diamond VS1 GIA,Colour Diam stock 5485. Sku - 5485; Weight - 1.02; Colour - Light Pink; Shape - Cushion; Clarity - VS1; Measurements - 5.74X5.17X3.75; Fluorescence - None; Polish - EX; Symmetry - VG; No Of Diamonds - 1 | Laboratory: GIA.,in stock,new,3703513.09 JPY,https://www.colourdiam.com/diamonddetails/Diamonds/Product/5485,https://www.colourdiam.com/Product/Diamond/5485/still.jpg,Colour Diam,Apparel & Accessories > Jewelry,,1,,,,unisex,Light Pink,,adult,,,,,,,,,GIA,Fine Jewelry
7549,1.02 Ct Fancy Yellow Green Radiant Natural Diamond SI2 GIA,Colour Diam stock 7549. Sku - 7549; Weight - 1.02; Colour - Fancy Yellow Green; Shape - Radiant; Clarity - SI2; Measurements - 5.69 X 5.15 X 3.57; Fluorescence - STG; Polish - EX; Symmetry - VG; No Of Diamonds - 1 | Laboratory: GIA.,in stock,new,1440110.91 JPY,https://www.colourdiam.com/diamonddetails/Diamonds/Product/7549,https://www.colourdiam.com/Product/Diamond/7549/still.jpg,Colour Diam,Apparel & Accessories > Jewelry,,1,,,,unisex,Fancy Yellow Green,,adult,,,,,,,,,GIA,Fine Jewelry
2677,1.02 Ct Fancy Dark Violetish Gray Pear Natural Diamond I3 GIA,Colour Diam stock 2677. Sku - 2677; Weight - 1.02; Colour - Fancy Dark Violetish Gray; Shape - Pear; Clarity - I3; Measurements - 7.88X5.23X3.60; Fluorescence - Med; Polish - VG; Symmetry - GD; No Of Diamonds - 1 | Laboratory: GIA.,in stock,new,2057486.22 JPY,https://www.colourdiam.com/diamonddetails/Diamonds/Product/2677,https://www.colourdiam.com/Product/Diamond/2677/still.jpg,Colour Diam,Apparel & Accessories > Jewelry,,1,,,,unisex,Fancy Dark Violetish Gray,,adult,,,,,,,,,GIA,Fine Jewelry
9538,1.02 Ct M Heart Natural Diamond SI1 GIA,Colour Diam stock 9538. Sku - 9538; Weight - 1.02; Colour - M; Shape - Heart; Clarity - SI1; Measurements - 5.74 X 6.51 X 3.45; Fluorescence - None; Polish - VG; Symmetry - VG; No Of Diamonds - 1 | Laboratory: GIA.,in stock,new,129622.96 JPY,https://www.colourdiam.com/diamonddetails/Diamonds/Product/9538,https://www.colourdiam.com/Product/Diamond/9538/still.jpg,Colour Diam,Apparel & Accessories > Jewelry,,1,,,,unisex,M,,adult,,,,,,,,,GIA,Fine Jewelry
9539,1.02 Ct S-T Oval Natural Diamond SI1 GIA,Colour Diam stock 9539. Sku - 9539; Weight - 1.02; Colour - S-T; Shape - Oval; Clarity - SI1; Measurements - 7.48 X 5 .00 X 3.35; Fluorescence - None; Polish - VG; Symmetry - VG; No Of Diamonds - 1 | Laboratory: GIA.,in stock,new,166658.09 JPY,https://www.colourdiam.com/diamonddetails/Diamonds/Product/9539,https://www.colourdiam.com/Product/Diamond/9539/still.jpg,Colour Diam,Apparel & Accessories > Jewelry,,1,,,,unisex,S-T,,adult,,,,,,,,,GIA,Fine Jewelry
9541,1.02 Ct L Oval Natural Diamond VS2 GIA,Colour Diam stock 9541. Sku - 9541; Weight - 1.02; Colour - L; Shape - Oval; Clarity - VS2; Measurements - 7.16 X 5.07 X 3.5; Fluorescence - None; Polish - VG; Symmetry - VG; No Of Diamonds - 1 | Laboratory: GIA.,in stock,new,133326.47 JPY,https://www.colourdiam.com/diamonddetails/Diamonds/Product/9541,https://www.colourdiam.com/Product/Diamond/9541/still.jpg,Colour Diam,Apparel & Accessories > Jewelry,,1,,,,unisex,L,,adult,,,,,,,,,GIA,Fine Jewelry
3915,1.02 Ct H Radiant Natural Diamond SI2 IGI,Colour Diam stock 3915. Sku - 3915; Weight - 1.02; Colour - H; Shape - Radiant; Clarity - SI2; Measurements - 6.60*5.07*3.39; Fluorescence - None; Polish - VG; Symmetry - VG; No Of Diamonds - 1 | Laboratory: IGI.,in stock,new,342574.96 JPY,https://www.colourdiam.com/diamonddetails/Diamonds/Product/3915,https://www.colourdiam.com/Product/Diamond/3915/still.jpg,Colour Diam,Apparel & Accessories > Jewelry,,1,,,,unisex,H,,adult,,,,,,,,,IGI,Fine Jewelry
9372,1.02 Ct L Pear Natural Diamond SI2 GIA,Colour Diam stock 9372. Sku - 9372; Weight - 1.02; Colour - L; Shape - Pear; Clarity - SI2; Measurements - 8.64 X 5.49 X 3.58; Fluorescence - STG; Polish - VG; Symmetry - EX; No Of Diamonds - 1 | Laboratory: GIA.,in stock,new,129622.96 JPY,https://www.colourdiam.com/diamonddetails/Diamonds/Product/9372,https://www.colourdiam.com/Product/Diamond/9372/still.jpg,Colour Diam,Apparel & Accessories > Jewelry,,1,,,,unisex,L,,adult,,,,,,,,,GIA,Fine Jewelry
95,1.02 Ct H Round Natural Diamond SI2 GIA,Colour Diam stock 95. Sku - 95; Weight - 1.02; Colour - H; Shape - Round; Clarity - SI2; Measurements - 6.32X6.22X4.12; Fluorescence - None; Polish - G; Symmetry - F; No Of Diamonds - 1 | Laboratory: GIA.,in stock,new,648114.79 JPY,https://www.colourdiam.com/diamonddetails/Diamonds/Product/95,https://www.colourdiam.com/Product/Diamond/95/still.jpg,Colour Diam,Apparel & Accessories > Jewelry,,1,,,,unisex,H,,adult,,,,,,,,,GIA,Fine Jewelry
6037,1.02 Ct Q-R Round Natural Diamond I2 GIA,Colour Diam stock 6037. Sku - 6037; Weight - 1.02; Colour - Q-R; Shape - Round; Clarity - I2; Measurements - 6.12 X 6.09 X 4.24; Fluorescence - Fnt; Polish - G; Symmetry - VG; No Of Diamonds - 1 | Laboratory: GIA.,in stock,new,143881.33 JPY,https://www.colourdiam.com/diamonddetails/Diamonds/Product/6037,https://www.colourdiam.com/Product/Diamond/6037/still.jpg,Colour Diam,Apparel & Accessories > Jewelry,,1,,,,unisex,Q-R,,adult,,,,,,,,,GIA,Fine Jewelry
6162,1.02 Ct D Cushion Natural Diamond VVS2 GIA,Colour Diam stock 6162. Sku - 6162; Weight - 1.02; Colour - D; Shape - Cushion; Clarity - VVS2; Measurements - 5.69 X 5.40X 3.76; Fluorescence - STG; Polish - EX; Symmetry - VG; No Of Diamonds - 1 | Laboratory: GIA.,in stock,new,703667.49 JPY,https://www.colourdiam.com/diamonddetails/Diamonds/Product/6162,https://www.colourdiam.com/Product/Diamond/6162/still.jpg,Colour Diam,Apparel & Accessories > Jewelry,,1,,,,unisex,D,,adult,,,,,,,,,GIA,Fine Jewelry
6269,1.02 Ct G Cushion Natural Diamond SI2 GIA,Colour Diam stock 6269. Sku - 6269; Weight - 1.02; Colour - G; Shape - Cushion; Clarity - SI2; Measurements - 5.80 x 5.25 x 3.71; Fluorescence - None; Polish - EX; Symmetry - VG; No Of Diamonds - 1 | Laboratory: GIA.,in stock,new,449976.84 JPY,https://www.colourdiam.com/diamonddetails/Diamonds/Product/6269,https://www.colourdiam.com/Product/Diamond/6269/still.jpg,Colour Diam,Apparel & Accessories > Jewelry,,1,,,,unisex,G,,adult,,,,,,,,,GIA,Fine Jewelry
9527,1.02 Ct Fancy Brownish Greenish Yellow Pear Natural Diamond VS2 GIA,Colour Diam stock 9527. Sku - 9527; Weight - 1.02; Colour - Fancy Brownish Greenish Yellow; Shape - Pear; Clarity - VS2; Measurements - 8.20 X 4.98 X 3.40; Fluorescence - None; Polish - EX; Symmetry - VG; No Of Diamonds - 1 | Laboratory: GIA.,in stock,new,222210.79 JPY,https://www.colourdiam.com/diamonddetails/Diamonds/Product/9527,https://www.colourdiam.com/Product/Diamond/9527/still.jpg,Colour Diam,Apparel & Accessories > Jewelry,,1,,,,unisex,Fancy Brownish Greenish Yellow,,adult,,,,,,,,,GIA,Fine Jewelry
9275,1.02 Ct Fancy Light Green Yellow Pear Natural Diamond SI1 GIA,Colour Diam stock 9275. Sku - 9275; Weight - 1.02; Colour - Fancy Light Green Yellow; Shape - Pear; Clarity - SI1; Measurements - 7.85 x 5.09 x 3.35; Fluorescence - Fnt; Polish - VG; Symmetry - VG; No Of Diamonds - 1 | Laboratory: GIA.,in stock,new,462939.14 JPY,https://www.colourdiam.com/diamonddetails/Diamonds/Product/9275,https://www.colourdiam.com/Product/Diamond/9275/still.jpg,Colour Diam,Apparel & Accessories > Jewelry,,1,,,,unisex,Fancy Light Green Yellow,,adult,,,,,,,,,GIA,Fine Jewelry
4768,1.02 Ct Fancy Light Orangy Pink Oval Natural Diamond SI2 GIA,Colour Diam stock 4768. Sku - 4768; Weight - 1.02; Colour - Fancy Light Orangy Pink; Shape - Oval; Clarity - SI2; Measurements - 7.46 x 5.11 x 3.35; Fluorescence - Med; Polish - EX; Symmetry - EX; No Of Diamonds - 1 | Laboratory: GIA.,in stock,new,4629391.36 JPY,https://www.colourdiam.com/diamonddetails/Diamonds/Product/4768,https://www.colourdiam.com/Product/Diamond/4768/still.jpg,Colour Diam,Apparel & Accessories > Jewelry,,1,,,,unisex,Fancy Light Orangy Pink,,adult,,,,,,,,,GIA,Fine Jewelry
9195,1.01 Ct Faint Green Radiant Natural Diamond VS1 GIA,Colour Diam stock 9195. Sku - 9195; Weight - 1.01; Colour - Faint Green; Shape - Radiant; Clarity - VS1; Measurements - 5.54 x 5.53 x 3.53; Fluorescence - STG; Polish - VG; Symmetry - VG; No Of Diamonds - 1 | Laboratory: GIA.,in stock,new,366720.41 JPY,https://www.colourdiam.com/diamonddetails/Diamonds/Product/9195,https://www.colourdiam.com/Product/Diamond/9195/still.jpg,Colour Diam,Apparel & Accessories > Jewelry,,1,,,,unisex,Faint Green,,adult,,,,,,,,,GIA,Fine Jewelry
9182,1.01 Ct Very Light Green Yellow Round Natural Diamond SI1 GIA,Colour Diam stock 9182. Sku - 9182; Weight - 1.01; Colour - Very Light Green Yellow; Shape - Round; Clarity - SI1; Measurements - 6.35 - 6.39 x 3.99; Fluorescence - Fnt; Polish - EX; Symmetry - EX; No Of Diamonds - 1 | Laboratory: GIA.,in stock,new,366720.41 JPY,https://www.colourdiam.com/diamonddetails/Diamonds/Product/9182,https://www.colourdiam.com/Product/Diamond/9182/still.jpg,Colour Diam,Apparel & Accessories > Jewelry,,1,,,,unisex,Very Light Green Yellow,,adult,,,,,,,,,GIA,Fine Jewelry
9584,1.01 Ct Faint Pink Princess Natural Diamond VS1 GIA,Colour Diam stock 9584. Sku - 9584; Weight - 1.01; Colour - Faint Pink; Shape - Princess; Clarity - VS1; Measurements - 5.72 X 5.65 X 3.82; Fluorescence - None; Polish - EX; Symmetry - VG; No Of Diamonds - 1 | Laboratory: GIA.,in stock,new,1283521.45 JPY,https://www.colourdiam.com/diamonddetails/Diamonds/Product/9584,https://www.colourdiam.com/Product/Diamond/9584/still.jpg,Colour Diam,Apparel & Accessories > Jewelry,,1,,,,unisex,Faint Pink,,adult,,,,,,,,,GIA,Fine Jewelry
9585,1.01 Ct Light Greenish Yellow Pear Natural Diamond VS1 GIA,Colour Diam stock 9585. Sku - 9585; Weight - 1.01; Colour - Light Greenish Yellow; Shape - Pear; Clarity - VS1; Measurements - 8.17 x 5.08 x 3.38; Fluorescence - STG; Polish - VG; Symmetry - VG; No Of Diamonds - 1 | Laboratory: GIA.,in stock,new,293376.33 JPY,https://www.colourdiam.com/diamonddetails/Diamonds/Product/9585,https://www.colourdiam.com/Product/Diamond/9585/still.jpg,Colour Diam,Apparel & Accessories > Jewelry,,1,,,,unisex,Light Greenish Yellow,,adult,,,,,,,,,GIA,Fine Jewelry
9528,1.01 Ct Fancy Dark Brown Greenish Yellow Pear Natural Diamond SI1 GIA,Colour Diam stock 9528. Sku - 9528; Weight - 1.01; Colour - Fancy Dark Brown Greenish Yellow; Shape - Pear; Clarity - SI1; Measurements - 8.08 X 4.98 X 3.40; Fluorescence - None; Polish - VG; Symmetry - VG; No Of Diamonds - 1 | Laboratory: GIA.,in stock,new,201696.23 JPY,https://www.colourdiam.com/diamonddetails/Diamonds/Product/9528,https://www.colourdiam.com/Product/Diamond/9528/still.jpg,Colour Diam,Apparel & Accessories > Jewelry,,1,,,,unisex,Fancy Dark Brown Greenish Yellow,,adult,,,,,,,,,GIA,Fine Jewelry
9524,1.01 Ct Fancy Brown Greenish Yellow Heart Natural Diamond VS2 GIA,Colour Diam stock 9524. Sku - 9524; Weight - 1.01; Colour - Fancy Brown Greenish Yellow; Shape - Heart; Clarity - VS2; Measurements - 5.89 X6.35 X 3.60; Fluorescence - None; Polish - VG; Symmetry - VG; No Of Diamonds - 1 | Laboratory: GIA.,in stock,new,210865.03 JPY,https://www.colourdiam.com/diamonddetails/Diamonds/Product/9524,https://www.colourdiam.com/Product/Diamond/9524/still.jpg,Colour Diam,Apparel & Accessories > Jewelry,,1,,,,unisex,Fancy Brown Greenish Yellow,,adult,,,,,,,,,GIA,Fine Jewelry
9513,1.01 Ct Fancy Light Grayish Greenish Yellow Pear Natural Diamond VS1 GIA,Colour Diam stock 9513. Sku - 9513; Weight - 1.01; Colour - Fancy Light Grayish Greenish Yellow; Shape - Pear; Clarity - VS1; Measurements - 7.90 X 4.98 X 3.38; Fluorescence - None; Polish - EX; Symmetry - VG; No Of Diamonds - 1 | Laboratory: GIA.,in stock,new,247537.07 JPY,https://www.colourdiam.com/diamonddetails/Diamonds/Product/9513,https://www.colourdiam.com/Product/Diamond/9513/still.jpg,Colour Diam,Apparel & Accessories > Jewelry,,1,,,,unisex,Fancy Light Grayish Greenish Yellow,,adult,,,,,,,,,GIA,Fine Jewelry
9510,1.01 Ct Fancy Light Green Yellow Cushion Natural Diamond SI2 GIA,Colour Diam stock 9510. Sku - 9510; Weight - 1.01; Colour - Fancy Light Green Yellow; Shape - Cushion; Clarity - SI2; Measurements - 5.46 X 5.34 X 3.69; Fluorescence - Med; Polish - EX; Symmetry - VG; No Of Diamonds - 1 | Laboratory: GIA.,in stock,new,550080.62 JPY,https://www.colourdiam.com/diamonddetails/Diamonds/Product/9510,https://www.colourdiam.com/Product/Diamond/9510/still.jpg,Colour Diam,Apparel & Accessories > Jewelry,,1,,,,unisex,Fancy Light Green Yellow,,adult,,,,,,,,,GIA,Fine Jewelry
6184,1.01 Ct D Cushion Natural Diamond VVS2 GIA,Colour Diam stock 6184. Sku - 6184; Weight - 1.01; Colour - D; Shape - Cushion; Clarity - VVS2; Measurements - 5.99 X 5.26 X 3.63; Fluorescence - Med; Polish - EX; Symmetry - VG; No Of Diamonds - 1 | Laboratory: GIA.,in stock,new,652945.46 JPY,https://www.colourdiam.com/diamonddetails/Diamonds/Product/6184,https://www.colourdiam.com/Product/Diamond/6184/still.jpg,Colour Diam,Apparel & Accessories > Jewelry,,1,,,,unisex,D,,adult,,,,,,,,,GIA,Fine Jewelry
6170,1.01 Ct J Radiant Natural Diamond VS1 IGI,Colour Diam stock 6170. Sku - 6170; Weight - 1.01; Colour - J; Shape - Radiant; Clarity - VS1; Measurements - 7.12 x 4.93 x 3.40; Fluorescence - None; Polish - EX; Symmetry - VG; No Of Diamonds - 1 | Laboratory: IGI.,in stock,new,348384.39 JPY,https://www.colourdiam.com/diamonddetails/Diamonds/Product/6170,https://www.colourdiam.com/Product/Diamond/6170/still.jpg,Colour Diam,Apparel & Accessories > Jewelry,,1,,,,unisex,J,,adult,,,,,,,,,IGI,Fine Jewelry
6142,1.01 Ct D Cushion Natural Diamond VS1 GIA,Colour Diam stock 6142. Sku - 6142; Weight - 1.01; Colour - D; Shape - Cushion; Clarity - VS1; Measurements - 5.75 x 5.61 x 3.92; Fluorescence - STG; Polish - EX; Symmetry - VG; No Of Diamonds - 1 | Laboratory: GIA.,in stock,new,586752.66 JPY,https://www.colourdiam.com/diamonddetails/Diamonds/Product/6142,https://www.colourdiam.com/Product/Diamond/6142/still.jpg,Colour Diam,Apparel & Accessories > Jewelry,,1,,,,unisex,D,,adult,,,,,,,,,GIA,Fine Jewelry
5770,1.01 Ct G Round Natural Diamond SI1 GIA,Colour Diam stock 5770. Sku - 5770; Weight - 1.01; Colour - G; Shape - Round; Clarity - SI1; Measurements - 6.45 x 6.48 x 3.95; Fluorescence - None; Polish - EX; Symmetry - EX; No Of Diamonds - 1 | Laboratory: GIA.,in stock,new,1100161.24 JPY,https://www.colourdiam.com/diamonddetails/Diamonds/Product/5770,https://www.colourdiam.com/Product/Diamond/5770/still.jpg,Colour Diam,Apparel & Accessories > Jewelry,,1,,,,unisex,G,,adult,,,,,,,,,GIA,Fine Jewelry
9535,1.01 Ct M Heart Natural Diamond SI1 GIA,Colour Diam stock 9535. Sku - 9535; Weight - 1.01; Colour - M; Shape - Heart; Clarity - SI1; Measurements - 5.77 X 6.36 X 3.49; Fluorescence - None; Polish - VG; Symmetry - VG; No Of Diamonds - 1 | Laboratory: GIA.,in stock,new,128352.14 JPY,https://www.colourdiam.com/diamonddetails/Diamonds/Product/9535,https://www.colourdiam.com/Product/Diamond/9535/still.jpg,Colour Diam,Apparel & Accessories > Jewelry,,1,,,,unisex,M,,adult,,,,,,,,,GIA,Fine Jewelry
9537,1.01 Ct L Pear Natural Diamond VS1 GIA,Colour Diam stock 9537. Sku - 9537; Weight - 1.01; Colour - L; Shape - Pear; Clarity - VS1; Measurements - 8.32 X 4.89 X 3.3; Fluorescence - None; Polish - EX; Symmetry - VG; No Of Diamonds - 1 | Laboratory: GIA.,in stock,new,146688.17 JPY,https://www.colourdiam.com/diamonddetails/Diamonds/Product/9537,https://www.colourdiam.com/Product/Diamond/9537/still.jpg,Colour Diam,Apparel & Accessories > Jewelry,,1,,,,unisex,L,,adult,,,,,,,,,GIA,Fine Jewelry
3916,1.01 Ct H Radiant Natural Diamond SI2 IGI,Colour Diam stock 3916. Sku - 3916; Weight - 1.01; Colour - H; Shape - Radiant; Clarity - SI2; Measurements - 6.28*5.02*3.52; Fluorescence - None; Polish - VG; Symmetry - VG; No Of Diamonds - 1 | Laboratory: IGI.,in stock,new,339217.17 JPY,https://www.colourdiam.com/diamonddetails/Diamonds/Product/3916,https://www.colourdiam.com/Product/Diamond/3916/still.jpg,Colour Diam,Apparel & Accessories > Jewelry,,1,,,,unisex,H,,adult,,,,,,,,,IGI,Fine Jewelry
5323,1.01 Ct W-X Heart Natural Diamond SI1 GIA,Colour Diam stock 5323. Sku - 5323; Weight - 1.01; Colour - W-X; Shape - Heart; Clarity - SI1; Measurements - 5.85X6.32X3.41; Fluorescence - Fnt; Polish - EX; Symmetry - VG; No Of Diamonds - 1 | Laboratory: GIA.,in stock,new,183360.21 JPY,https://www.colourdiam.com/diamonddetails/Diamonds/Product/5323,https://www.colourdiam.com/Product/Diamond/5323/still.jpg,Colour Diam,Apparel & Accessories > Jewelry,,1,,,,unisex,W-X,,adult,,,,,,,,,GIA,Fine Jewelry
6015,1.01 Ct Y-Z Round Natural Diamond SI1 GIA,Colour Diam stock 6015. Sku - 6015; Weight - 1.01; Colour - Y-Z; Shape - Round; Clarity - SI1; Measurements - 6.42 X 6.42 X 3.99; Fluorescence - Fnt; Polish - EX; Symmetry - EX; No Of Diamonds - 1 | Laboratory: GIA.,in stock,new,199495.59 JPY,https://www.colourdiam.com/diamonddetails/Diamonds/Product/6015,https://www.colourdiam.com/Product/Diamond/6015/still.jpg,Colour Diam,Apparel & Accessories > Jewelry,,1,,,,unisex,Y-Z,,adult,,,,,,,,,GIA,Fine Jewelry
7576,1.01 Ct M Oval Natural Diamond SI2 GIA,Colour Diam stock 7576. Sku - 7576; Weight - 1.01; Colour - M; Shape - Oval; Clarity - SI2; Measurements - 8.29X5.46X3.47; Fluorescence - Med; Polish - EX; Symmetry - EX; No Of Diamonds - 1 | Laboratory: GIA.,in stock,new,147605.36 JPY,https://www.colourdiam.com/diamonddetails/Diamonds/Product/7576,https://www.colourdiam.com/Product/Diamond/7576/still.jpg,Colour Diam,Apparel & Accessories > Jewelry,,1,,,,unisex,M,,adult,,,,,,,,,GIA,Fine Jewelry
83,1.01 Ct Fancy Intense Greenish Yellow Pear Natural Diamond VS1 GIA,Colour Diam stock 83. Sku - 83; Weight - 1.01; Colour - Fancy Intense Greenish Yellow; Shape - Pear; Clarity - VS1; Measurements - 6.67X5.30X3.59; Fluorescence - STG; Polish - G; Symmetry - GD; No Of Diamonds - 1 | Laboratory: GIA.,in stock,new,641760.72 JPY,https://www.colourdiam.com/diamonddetails/Diamonds/Product/83,https://www.colourdiam.com/Product/Diamond/83/still.jpg,Colour Diam,Apparel & Accessories > Jewelry,,1,,,,unisex,Fancy Intense Greenish Yellow,,adult,,,,,,,,,GIA,Fine Jewelry
137,1.01 Ct Fancy Deep Yellow Pear Natural Diamond GIA,Colour Diam stock 137. Sku - 137; Weight - 1.01; Colour - Fancy Deep Yellow; Shape - Pear; Clarity - ; Measurements - 9.13 x 5.36 x 3.20; Fluorescence - None; Polish - ; Symmetry - ; No Of Diamonds - 1 | Laboratory: GIA.,in stock,new,916801.03 JPY,https://www.colourdiam.com/diamonddetails/Diamonds/Product/137,https://www.colourdiam.com/Product/Diamond/137/still.jpg,Colour Diam,Apparel & Accessories > Jewelry,,1,,,,unisex,Fancy Deep Yellow,,adult,,,,,,,,,GIA,Fine Jewelry
7871,1.01 Ct Fancy Light Purplish Pink Cushion Natural Diamond SI1 GIA,Colour Diam stock 7871. Sku - 7871; Weight - 1.01; Colour - Fancy Light Purplish Pink; Shape - Cushion; Clarity - SI1; Measurements - 5.37 x 5.32 x 3.86; Fluorescence - None; Polish - VG; Symmetry - GD; No Of Diamonds - 1 | Laboratory: GIA.,in stock,new,3667204.14 JPY,https://www.colourdiam.com/diamonddetails/Diamonds/Product/7871,https://www.colourdiam.com/Product/Diamond/7871/still.jpg,Colour Diam,Apparel & Accessories > Jewelry,,1,,,,unisex,Fancy Light Purplish Pink,,adult,,,,,,,,,GIA,Fine Jewelry
8689,1.01 Ct Fancy Light Greenish Yellow Pear Natural Diamond VS1 GIA,Colour Diam stock 8689. Sku - 8689; Weight - 1.01; Colour - Fancy Light Greenish Yellow; Shape - Pear; Clarity - VS1; Measurements - 8.04 x 5.06 x 3.30; Fluorescence - None; Polish - EX; Symmetry - VG; No Of Diamonds - 1 | Laboratory: GIA.,in stock,new,531744.6 JPY,https://www.colourdiam.com/diamonddetails/Diamonds/Product/8689,https://www.colourdiam.com/Product/Diamond/8689/still.jpg,Colour Diam,Apparel & Accessories > Jewelry,,1,,,,unisex,Fancy Light Greenish Yellow,,adult,,,,,,,,,GIA,Fine Jewelry
8695,1.01 Ct Fancy Light Greenish Yellow Pear Natural Diamond SI1 GIA,Colour Diam stock 8695. Sku - 8695; Weight - 1.01; Colour - Fancy Light Greenish Yellow; Shape - Pear; Clarity - SI1; Measurements - 8.02 x 5.00 x 3.44; Fluorescence - STG; Polish - VG; Symmetry - VG; No Of Diamonds - 1 | Laboratory: GIA.,in stock,new,495072.56 JPY,https://www.colourdiam.com/diamonddetails/Diamonds/Product/8695,https://www.colourdiam.com/Product/Diamond/8695/still.jpg,Colour Diam,Apparel & Accessories > Jewelry,,1,,,,unisex,Fancy Light Greenish Yellow,,adult,,,,,,,,,GIA,Fine Jewelry
5516,1.01 Ct Fancy Light Purplish Pink Heart Natural Diamond I1 GIA,Colour Diam stock 5516. Sku - 5516; Weight - 1.01; Colour - Fancy Light Purplish Pink; Shape - Heart; Clarity - I1; Measurements - 5.63X 6.63X 3.56; Fluorescence - Med; Polish - VG; Symmetry - VG; No Of Diamonds - 1 | Laboratory: GIA.,in stock,new,3392163.83 JPY,https://www.colourdiam.com/diamonddetails/Diamonds/Product/5516,https://www.colourdiam.com/Product/Diamond/5516/still.jpg,Colour Diam,Apparel & Accessories > Jewelry,,1,,,,unisex,Fancy Light Purplish Pink,,adult,,,,,,,,,GIA,Fine Jewelry
4596,1.01 Ct Fancy Deep Brown Orange Pear Natural Diamond I1 GIA,Colour Diam stock 4596. Sku - 4596; Weight - 1.01; Colour - Fancy Deep Brown Orange; Shape - Pear; Clarity - I1; Measurements - 8.22*5.43*3.14XX; Fluorescence - None; Polish - EX; Symmetry - GD; No Of Diamonds - 1 | Laboratory: GIA.,in stock,new,220032.25 JPY,https://www.colourdiam.com/diamonddetails/Diamonds/Product/4596,https://www.colourdiam.com/Product/Diamond/4596/still.jpg,Colour Diam,Apparel & Accessories > Jewelry,,1,,,,unisex,Fancy Deep Brown Orange,,adult,,,,,,,,,GIA,Fine Jewelry
2700,1.01 Ct Fancy White Pear Natural Diamond GIA,Colour Diam stock 2700. Sku - 2700; Weight - 1.01; Colour - Fancy White; Shape - Pear; Clarity - ; Measurements - 8.36 x 4.99 x 3.33; Fluorescence - None; Polish - ; Symmetry - ; No Of Diamonds - 1 | Laboratory: GIA.,in stock,new,550080.62 JPY,https://www.colourdiam.com/diamonddetails/Diamonds/Product/2700,https://www.colourdiam.com/Product/Diamond/2700/still.jpg,Colour Diam,Apparel & Accessories > Jewelry,,1,,,,unisex,Fancy White,,adult,,,,,,,,,GIA,Fine Jewelry
2497,1.01 Ct Fancy Light Yellow Round Natural Diamond I1 CGL,Colour Diam stock 2497. Sku - 2497; Weight - 1.01; Colour - Fancy Light Yellow; Shape - Round; Clarity - I1; Measurements - ; Fluorescence - ; Polish - ; Symmetry - ; No Of Diamonds - 1 | Laboratory: CGL.,in stock,new,,https://www.colourdiam.com/diamonddetails/Diamonds/Product/2497,https://www.colourdiam.com/Product/Diamond/2497/still.jpg,Colour Diam,Apparel & Accessories > Jewelry,,1,,,,unisex,Fancy Light Yellow,,adult,,,,,,,,,CGL,Fine Jewelry
8614,1.01 Ct Faint Pink Oval Natural Diamond VS2 GIA,Colour Diam stock 8614. Sku - 8614; Weight - 1.01; Colour - Faint Pink; Shape - Oval; Clarity - VS2; Measurements - 8.62 x 5.84 x 3.10; Fluorescence - Med; Polish - VG; Symmetry - GD; No Of Diamonds - 1 | Laboratory: GIA.,in stock,new,1283521.45 JPY,https://www.colourdiam.com/diamonddetails/Diamonds/Product/8614,https://www.colourdiam.com/Product/Diamond/8614/still.jpg,Colour Diam,Apparel & Accessories > Jewelry,,1,,,,unisex,Faint Pink,,adult,,,,,,,,,GIA,Fine Jewelry
6042,1.01 Ct Fancy Light Brownish Greenish Yellow Round Natural Diamond I2 GIA,Colour Diam stock 6042. Sku - 6042; Weight - 1.01; Colour - Fancy Light Brownish Greenish Yellow; Shape - Round; Clarity - I2; Measurements - 6.09X 6.06 X 4.17; Fluorescence - Fnt; Polish - G; Symmetry - GD; No Of Diamonds - 1 | Laboratory: GIA.,in stock,new,146688.17 JPY,https://www.colourdiam.com/diamonddetails/Diamonds/Product/6042,https://www.colourdiam.com/Product/Diamond/6042/still.jpg,Colour Diam,Apparel & Accessories > Jewelry,,1,,,,unisex,Fancy Light Brownish Greenish Yellow,,adult,,,,,,,,,GIA,Fine Jewelry
6059,1.01 Ct Fancy Light Brown Pink Cushion Natural Diamond SI2 GIA,Colour Diam stock 6059. Sku - 6059; Weight - 1.01; Colour - Fancy Light Brown Pink; Shape - Cushion; Clarity - SI2; Measurements - 5.54 X 5.39 X 3.57; Fluorescence - None; Polish - VG; Symmetry - VG; No Of Diamonds - 1 | Laboratory: GIA.,in stock,new,1741921.96 JPY,https://www.colourdiam.com/diamonddetails/Diamonds/Product/6059,https://www.colourdiam.com/Product/Diamond/6059/still.jpg,Colour Diam,Apparel & Accessories > Jewelry,,1,,,,unisex,Fancy Light Brown Pink,,adult,,,,,,,,,GIA,Fine Jewelry
7399,1.01 Ct Fancy Brownish Yellow Round Natural Diamond I2 GIA,Colour Diam stock 7399. Sku - 7399; Weight - 1.01; Colour - Fancy Brownish Yellow; Shape - Round; Clarity - I2; Measurements - 6.34 X 6.39 X 4.01; Fluorescence - Med; Polish - EX; Symmetry - VG; No Of Diamonds - 1 | Laboratory: GIA.,in stock,new,110565.49 JPY,https://www.colourdiam.com/diamonddetails/Diamonds/Product/7399,https://www.colourdiam.com/Product/Diamond/7399/still.jpg,Colour Diam,Apparel & Accessories > Jewelry,,1,,,,unisex,Fancy Brownish Yellow,,adult,,,,,,,,,GIA,Fine Jewelry
5198,1.01 Ct Fancy Deep Brown Orange Other Natural Diamond I2 GIA,Colour Diam stock 5198. Sku - 5198; Weight - 1.01; Colour - Fancy Deep Brown Orange; Shape - Other; Clarity - I2; Measurements - 5.59X7.34X4.04; Fluorescence - None; Polish - VG; Symmetry - GD; No Of Diamonds - 1 | Laboratory: GIA.,in stock,new,366720.41 JPY,https://www.colourdiam.com/diamonddetails/Diamonds/Product/5198,https://www.colourdiam.com/Product/Diamond/5198/still.jpg,Colour Diam,Apparel & Accessories > Jewelry,,1,,,,unisex,Fancy Deep Brown Orange,,adult,,,,,,,,,GIA,Fine Jewelry
2551,1.01 Ct Faint Pink Round Natural Diamond I1 CGL,Colour Diam stock 2551. Sku - 2551; Weight - 1.01; Colour - Faint Pink; Shape - Round; Clarity - I1; Measurements - 5.89*6.04*4.04; Fluorescence - Med; Polish - ; Symmetry - ; No Of Diamonds - 1 | Laboratory: CGL.,in stock,new,513408.58 JPY,https://www.colourdiam.com/diamonddetails/Diamonds/Product/2551,https://www.colourdiam.com/Product/Diamond/2551/still.jpg,Colour Diam,Apparel & Accessories > Jewelry,,1,,,,unisex,Faint Pink,,adult,,,,,,,,,CGL,Fine Jewelry
6049,1 Ct Very Light Pinkish Brown Round Natural Diamond SI2 GIA,Colour Diam stock 6049. Sku - 6049; Weight - 1; Colour - Very Light Pinkish Brown; Shape - Round; Clarity - SI2; Measurements - 6.06 X 6.13 X 4.08; Fluorescence - None; Polish - EX; Symmetry - VG; No Of Diamonds - 1 | Laboratory: GIA.,in stock,new,399398.47 JPY,https://www.colourdiam.com/diamonddetails/Diamonds/Product/6049,https://www.colourdiam.com/Product/Diamond/6049/still.jpg,Colour Diam,Apparel & Accessories > Jewelry,,1,,,,unisex,Very Light Pinkish Brown,,adult,,,,,,,,,GIA,Fine Jewelry
5966,1 Ct Fancy Pink Brown Natural Diamond VS2 GIA,Colour Diam stock 5966. Sku - 5966; Weight - 1; Colour - Fancy Pink Brown; Shape - ; Clarity - VS2; Measurements - 5.87 x 6.84 x 4.20; Fluorescence - None; Polish - EX; Symmetry - VG; No Of Diamonds - 1 | Laboratory: GIA.,in stock,new,2015146.83 JPY,https://www.colourdiam.com/diamonddetails/Diamonds/Product/5966,https://www.colourdiam.com/Product/Diamond/5966/still.jpg,Colour Diam,Apparel & Accessories > Jewelry,,1,,,,unisex,Fancy Pink Brown,,adult,,,,,,,,,GIA,Fine Jewelry
4597,1 Ct Fancy Deep Brown Orange Pear Natural Diamond I1 GIA,Colour Diam stock 4597. Sku - 4597; Weight - 1; Colour - Fancy Deep Brown Orange; Shape - Pear; Clarity - I1; Measurements - 7.74*5.27*3.37XX; Fluorescence - None; Polish - EX; Symmetry - GD; No Of Diamonds - 1 | Laboratory: GIA.,in stock,new,217853.71 JPY,https://www.colourdiam.com/diamonddetails/Diamonds/Product/4597,https://www.colourdiam.com/Product/Diamond/4597/still.jpg,Colour Diam,Apparel & Accessories > Jewelry,,1,,,,unisex,Fancy Deep Brown Orange,,adult,,,,,,,,,GIA,Fine Jewelry
2779,1 Ct Fancy Blue Round Natural Diamond VVS1 GIA,Colour Diam stock 2779. Sku - 2779; Weight - 1; Colour - Fancy Blue; Shape - Round; Clarity - VVS1; Measurements - 6.21X6.18X4.04; Fluorescence - None; Polish - VG; Symmetry - GD; No Of Diamonds - 1 | Laboratory: GIA.,in stock,new,68987008.5 JPY,https://www.colourdiam.com/diamonddetails/Diamonds/Product/2779,https://www.colourdiam.com/Product/Diamond/2779/still.jpg,Colour Diam,Apparel & Accessories > Jewelry,,1,,,,unisex,Fancy Blue,,adult,,,,,,,,,GIA,Fine Jewelry
2699,1 Ct Fancy White Heart Natural Diamond GIA,Colour Diam stock 2699. Sku - 2699; Weight - 1; Colour - Fancy White; Shape - Heart; Clarity - ; Measurements - 5.46 x 6.53 x 3.62; Fluorescence - None; Polish - ; Symmetry - ; No Of Diamonds - 1 | Laboratory: GIA.,in stock,new,544634.28 JPY,https://www.colourdiam.com/diamonddetails/Diamonds/Product/2699,https://www.colourdiam.com/Product/Diamond/2699/still.jpg,Colour Diam,Apparel & Accessories > Jewelry,,1,,,,unisex,Fancy White,,adult,,,,,,,,,GIA,Fine Jewelry
2701,1 Ct Fancy White Pear Natural Diamond GIA,Colour Diam stock 2701. Sku - 2701; Weight - 1; Colour - Fancy White; Shape - Pear; Clarity - ; Measurements - 7.75 x 4.72 x 3.25; Fluorescence - None; Polish - ; Symmetry - ; No Of Diamonds - 1 | Laboratory: GIA.,in stock,new,544634.28 JPY,https://www.colourdiam.com/diamonddetails/Diamonds/Product/2701,https://www.colourdiam.com/Product/Diamond/2701/still.jpg,Colour Diam,Apparel & Accessories > Jewelry,,1,,,,unisex,Fancy White,,adult,,,,,,,,,GIA,Fine Jewelry
7281,1 Ct Faint Pink Cushion Natural Diamond VS1 GIA,Colour Diam stock 7281. Sku - 7281; Weight - 1; Colour - Faint Pink; Shape - Cushion; Clarity - VS1; Measurements - 6.00 x 5.02 x 3.49; Fluorescence - STG; Polish - EX; Symmetry - VG; No Of Diamonds - 1 | Laboratory: GIA.,in stock,new,1815266.05 JPY,https://www.colourdiam.com/diamonddetails/Diamonds/Product/7281,https://www.colourdiam.com/Product/Diamond/7281/still.jpg,Colour Diam,Apparel & Accessories > Jewelry,,1,,,,unisex,Faint Pink,,adult,,,,,,,,,GIA,Fine Jewelry
7297,1 Ct Fancy Light Yellow Green Cushion Natural Diamond IF GIA,Colour Diam stock 7297. Sku - 7297; Weight - 1; Colour - Fancy Light Yellow Green; Shape - Cushion; Clarity - IF; Measurements - 5.74 x 5.48 x 3.69; Fluorescence - STG; Polish - EX; Symmetry - EX; No Of Diamonds - 1 | Laboratory: GIA.,in stock,new,1270813.31 JPY,https://www.colourdiam.com/diamonddetails/Diamonds/Product/7297,https://www.colourdiam.com/Product/Diamond/7297/still.jpg,Colour Diam,Apparel & Accessories > Jewelry,,1,,,,unisex,Fancy Light Yellow Green,,adult,,,,,,,,,GIA,Fine Jewelry
7334,1 Ct Very Light Green Heart Natural Diamond VS1 GIA,Colour Diam stock 7334. Sku - 7334; Weight - 1; Colour - Very Light Green; Shape - Heart; Clarity - VS1; Measurements - 5.77 x 6.91 x 4.14; Fluorescence - STG; Polish - EX; Symmetry - VG; No Of Diamonds - 1 | Laboratory: GIA.,in stock,new,544634.28 JPY,https://www.colourdiam.com/diamonddetails/Diamonds/Product/7334,https://www.colourdiam.com/Product/Diamond/7334/still.jpg,Colour Diam,Apparel & Accessories > Jewelry,,1,,,,unisex,Very Light Green,,adult,,,,,,,,,GIA,Fine Jewelry
84,1 Ct Fancy Greenish Yellow Pear Natural Diamond VS2 GIA,Colour Diam stock 84. Sku - 84; Weight - 1; Colour - Fancy Greenish Yellow; Shape - Pear; Clarity - VS2; Measurements - 6.47X5.26X3.79; Fluorescence - STG; Polish - G; Symmetry - GD; No Of Diamonds - 1 | Laboratory: GIA.,in stock,new,544634.28 JPY,https://www.colourdiam.com/diamonddetails/Diamonds/Product/84,https://www.colourdiam.com/Product/Diamond/84/still.jpg,Colour Diam,Apparel & Accessories > Jewelry,,1,,,,unisex,Fancy Greenish Yellow,,adult,,,,,,,,,GIA,Fine Jewelry
5458,1 Ct Fancy Light Yellow Green Oval Natural Diamond SI2 GIA,Colour Diam stock 5458. Sku - 5458; Weight - 1; Colour - Fancy Light Yellow Green; Shape - Oval; Clarity - SI2; Measurements - 6.74 X 5.26 X 3.09; Fluorescence - None; Polish - VG; Symmetry - F; No Of Diamonds - 1 | Laboratory: GIA.,in stock,new,308626.09 JPY,https://www.colourdiam.com/diamonddetails/Diamonds/Product/5458,https://www.colourdiam.com/Product/Diamond/5458/still.jpg,Colour Diam,Apparel & Accessories > Jewelry,,1,,,,unisex,Fancy Light Yellow Green,,adult,,,,,,,,,GIA,Fine Jewelry
5543,1 Ct Fancy Deep Green Oval Natural Diamond I1 GIA,Colour Diam stock 5543. Sku - 5543; Weight - 1; Colour - Fancy Deep Green; Shape - Oval; Clarity - I1; Measurements - 7.13 x 5.44 x 3.14; Fluorescence - Fnt; Polish - EX; Symmetry - F; No Of Diamonds - 1 | Laboratory: GIA.,in stock,new,22874639.66 JPY,https://www.colourdiam.com/diamonddetails/Diamonds/Product/5543,https://www.colourdiam.com/Product/Diamond/5543/still.jpg,Colour Diam,Apparel & Accessories > Jewelry,,1,,,,unisex,Fancy Deep Green,,adult,,,,,,,,,GIA,Fine Jewelry
4514,1 Ct Fancy Light Yellow Heart Natural Diamond SI2 GIA,Colour Diam stock 4514. Sku - 4514; Weight - 1; Colour - Fancy Light Yellow; Shape - Heart; Clarity - SI2; Measurements - 5.86*6.64*3.45; Fluorescence - Med; Polish - VG; Symmetry - VG; No Of Diamonds - 1 | Laboratory: GIA.,in stock,new,217853.71 JPY,https://www.colourdiam.com/diamonddetails/Diamonds/Product/4514,https://www.colourdiam.com/Product/Diamond/4514/still.jpg,Colour Diam,Apparel & Accessories > Jewelry,,1,,,,unisex,Fancy Light Yellow,,adult,,,,,,,,,GIA,Fine Jewelry
7087,1 Ct Fancy Intense Greenish Yellow Pear Natural Diamond I1 GIA,Colour Diam stock 7087. Sku - 7087; Weight - 1; Colour - Fancy Intense Greenish Yellow; Shape - Pear; Clarity - I1; Measurements - 7.91 X 5.07 X 3.39; Fluorescence - STG; Polish - G; Symmetry - GD; No Of Diamonds - 1 | Laboratory: GIA.,in stock,new,403392.45 JPY,https://www.colourdiam.com/diamonddetails/Diamonds/Product/7087,https://www.colourdiam.com/Product/Diamond/7087/still.jpg,Colour Diam,Apparel & Accessories > Jewelry,,1,,,,unisex,Fancy Intense Greenish Yellow,,adult,,,,,,,,,GIA,Fine Jewelry
5567,1 Ct Faint Pink Pear Natural Diamond VVS1 GIA,Colour Diam stock 5567. Sku - 5567; Weight - 1; Colour - Faint Pink; Shape - Pear; Clarity - VVS1; Measurements - 7.15X5.14X3.59; Fluorescence - None; Polish - VG; Symmetry - VG; No Of Diamonds - 1 | Laboratory: GIA.,in stock,new,1996992.35 JPY,https://www.colourdiam.com/diamonddetails/Diamonds/Product/5567,https://www.colourdiam.com/Product/Diamond/5567/still.jpg,Colour Diam,Apparel & Accessories > Jewelry,,1,,,,unisex,Faint Pink,,adult,,,,,,,,,GIA,Fine Jewelry
176,1 Ct Fancy Light Pink Radiant Natural Diamond VS1 CGL,Colour Diam stock 176. Sku - 176; Weight - 1; Colour - Fancy Light Pink; Shape - Radiant; Clarity - VS1; Measurements - 8.41X3.89X2.99; Fluorescence - None; Polish - ; Symmetry - ; No Of Diamonds - 1 | Laboratory: CGL.,in stock,new,8169514.16 JPY,https://www.colourdiam.com/diamonddetails/Diamonds/Product/176,https://www.colourdiam.com/Product/Diamond/176/still.jpg,Colour Diam,Apparel & Accessories > Jewelry,,1,,,,unisex,Fancy Light Pink,,adult,,,,,,,,,CGL,Fine Jewelry
5534,1 Ct Fancy Brown Greenish Yellow Round Natural Diamond SI2 GIA,Colour Diam stock 5534. Sku - 5534; Weight - 1; Colour - Fancy Brown Greenish Yellow; Shape - Round; Clarity - SI2; Measurements - 5.91 X 6.00 X 4.18; Fluorescence - Fnt; Polish - G; Symmetry - GD; No Of Diamonds - 1 | Laboratory: GIA.,in stock,new,154313.05 JPY,https://www.colourdiam.com/diamonddetails/Diamonds/Product/5534,https://www.colourdiam.com/Product/Diamond/5534/still.jpg,Colour Diam,Apparel & Accessories > Jewelry,,1,,,,unisex,Fancy Brown Greenish Yellow,,adult,,,,,,,,,GIA,Fine Jewelry
4555,1 Ct Fancy Brownish Yellow Cushion Natural Diamond SI2 GIA,Colour Diam stock 4555. Sku - 4555; Weight - 1; Colour - Fancy Brownish Yellow; Shape - Cushion; Clarity - SI2; Measurements - 5.60*5.23*3.77; Fluorescence - Med; Polish - G; Symmetry - GD; No Of Diamonds - 1 | Laboratory: GIA.,in stock,new,163390.28 JPY,https://www.colourdiam.com/diamonddetails/Diamonds/Product/4555,https://www.colourdiam.com/Product/Diamond/4555/still.jpg,Colour Diam,Apparel & Accessories > Jewelry,,1,,,,unisex,Fancy Brownish Yellow,,adult,,,,,,,,,GIA,Fine Jewelry
6117,1 Ct Fancy Yellow Heart Natural Diamond VS2 GIA,Colour Diam stock 6117. Sku - 6117; Weight - 1; Colour - Fancy Yellow; Shape - Heart; Clarity - VS2; Measurements - 5.68 x 6.70 x 3.32; Fluorescence - None; Polish - EX; Symmetry - VG; No Of Diamonds - 1 | Laboratory: GIA.,in stock,new,453861.9 JPY,https://www.colourdiam.com/diamonddetails/Diamonds/Product/6117,https://www.colourdiam.com/Product/Diamond/6117/still.jpg,Colour Diam,Apparel & Accessories > Jewelry,,1,,,,unisex,Fancy Yellow,,adult,,,,,,,,,GIA,Fine Jewelry
6121,1 Ct Fancy Light Yellow Heart Natural Diamond VS1 GIA,Colour Diam stock 6121. Sku - 6121; Weight - 1; Colour - Fancy Light Yellow; Shape - Heart; Clarity - VS1; Measurements - 5.54 x 6.28 x 3.50; Fluorescence - None; Polish - EX; Symmetry - VG; No Of Diamonds - 1 | Laboratory: GIA.,in stock,new,354012.28 JPY,https://www.colourdiam.com/diamonddetails/Diamonds/Product/6121,https://www.colourdiam.com/Product/Diamond/6121/still.jpg,Colour Diam,Apparel & Accessories > Jewelry,,1,,,,unisex,Fancy Light Yellow,,adult,,,,,,,,,GIA,Fine Jewelry
6261,1 Ct Fancy Brownish Pink Cushion Natural Diamond I2 GIA,Colour Diam stock 6261. Sku - 6261; Weight - 1; Colour - Fancy Brownish Pink; Shape - Cushion; Clarity - I2; Measurements - 5.73 X 5.44 X 3.51; Fluorescence - None; Polish - EX; Symmetry - GD; No Of Diamonds - 1 | Laboratory: GIA.,in stock,new,653561.13 JPY,https://www.colourdiam.com/diamonddetails/Diamonds/Product/6261,https://www.colourdiam.com/Product/Diamond/6261/still.jpg,Colour Diam,Apparel & Accessories > Jewelry,,1,,,,unisex,Fancy Brownish Pink,,adult,,,,,,,,,GIA,Fine Jewelry
7048,1 Ct Fancy Intense Yellow Cushion Natural Diamond SI2 GIA,Colour Diam stock 7048. Sku - 7048; Weight - 1; Colour - Fancy Intense Yellow; Shape - Cushion; Clarity - SI2; Measurements - 6.04X5.15X3.6; Fluorescence - None; Polish - VG; Symmetry - GD; No Of Diamonds - 1 | Laboratory: GIA.,in stock,new,653561.13 JPY,https://www.colourdiam.com/diamonddetails/Diamonds/Product/7048,https://www.colourdiam.com/Product/Diamond/7048/still.jpg,Colour Diam,Apparel & Accessories > Jewelry,,1,,,,unisex,Fancy Intense Yellow,,adult,,,,,,,,,GIA,Fine Jewelry
7578,1 Ct Y-Z Oval Natural Diamond SI2 GIA,Colour Diam stock 7578. Sku - 7578; Weight - 1; Colour - Y-Z; Shape - Oval; Clarity - SI2; Measurements - 8.43X5.34X3.38; Fluorescence - STG; Polish - EX; Symmetry - VG; No Of Diamonds - 1 | Laboratory: GIA.,in stock,new,146143.53 JPY,https://www.colourdiam.com/diamonddetails/Diamonds/Product/7578,https://www.colourdiam.com/Product/Diamond/7578/still.jpg,Colour Diam,Apparel & Accessories > Jewelry,,1,,,,unisex,Y-Z,,adult,,,,,,,,,GIA,Fine Jewelry
8317,1 Ct J Pear Natural Diamond SI1 IGI,Colour Diam stock 8317. Sku - 8317; Weight - 1; Colour - J; Shape - Pear; Clarity - SI1; Measurements - 8.79 x 5.74 x 3.21; Fluorescence - None; Polish - VG; Symmetry - VG; No Of Diamonds - 1 | Laboratory: IGI.,in stock,new,163390.28 JPY,https://www.colourdiam.com/diamonddetails/Diamonds/Product/8317,https://www.colourdiam.com/Product/Diamond/8317/still.jpg,Colour Diam,Apparel & Accessories > Jewelry,,1,,,,unisex,J,,adult,,,,,,,,,IGI,Fine Jewelry
7046,1 Ct U-V Pear Natural Diamond VVS2 GIA,Colour Diam stock 7046. Sku - 7046; Weight - 1; Colour - U-V; Shape - Pear; Clarity - VVS2; Measurements - 9.08X5.19X2.94; Fluorescence - None; Polish - VG; Symmetry - GD; No Of Diamonds - 1 | Laboratory: GIA.,in stock,new,226930.95 JPY,https://www.colourdiam.com/diamonddetails/Diamonds/Product/7046,https://www.colourdiam.com/Product/Diamond/7046/still.jpg,Colour Diam,Apparel & Accessories > Jewelry,,1,,,,unisex,U-V,,adult,,,,,,,,,GIA,Fine Jewelry
3402,1 Ct I Radiant Natural Diamond SI2 HRD,Colour Diam stock 3402. Sku - 3402; Weight - 1; Colour - I; Shape - Radiant; Clarity - SI2; Measurements - 6.12*4.96*3.46; Fluorescence - None; Polish - EX; Symmetry - VG; No Of Diamonds - 1 | Laboratory: HRD.,in stock,new,313164.71 JPY,https://www.colourdiam.com/diamonddetails/Diamonds/Product/3402,https://www.colourdiam.com/Product/Diamond/3402/still.jpg,Colour Diam,Apparel & Accessories > Jewelry,,1,,,,unisex,I,,adult,,,,,,,,,HRD,Fine Jewelry
9530,1 Ct L Oval Natural Diamond VS1 GIA,Colour Diam stock 9530. Sku - 9530; Weight - 1; Colour - L; Shape - Oval; Clarity - VS1; Measurements - 7.25 X 5.1 X 3.48; Fluorescence - None; Polish - EX; Symmetry - VG; No Of Diamonds - 1 | Laboratory: GIA.,in stock,new,127081.33 JPY,https://www.colourdiam.com/diamonddetails/Diamonds/Product/9530,https://www.colourdiam.com/Product/Diamond/9530/still.jpg,Colour Diam,Apparel & Accessories > Jewelry,,1,,,,unisex,L,,adult,,,,,,,,,GIA,Fine Jewelry
8589,1 Ct W-X Oval Natural Diamond I1 GIA,Colour Diam stock 8589. Sku - 8589; Weight - 1; Colour - W-X; Shape - Oval; Clarity - I1; Measurements - 7.81 x 5.75 x 3.27; Fluorescence - Fnt; Polish - VG; Symmetry - VG; No Of Diamonds - 1 | Laboratory: GIA.,in stock,new,181544.76 JPY,https://www.colourdiam.com/diamonddetails/Diamonds/Product/8589,https://www.colourdiam.com/Product/Diamond/8589/still.jpg,Colour Diam,Apparel & Accessories > Jewelry,,1,,,,unisex,W-X,,adult,,,,,,,,,GIA,Fine Jewelry
6045,1 Ct Q-R Round Natural Diamond I2 GIA,Colour Diam stock 6045. Sku - 6045; Weight - 1; Colour - Q-R; Shape - Round; Clarity - I2; Measurements - 6.35 X 6.29 X 3.84; Fluorescence - STG; Polish - G; Symmetry - GD; No Of Diamonds - 1 | Laboratory: GIA.,in stock,new,163390.28 JPY,https://www.colourdiam.com/diamonddetails/Diamonds/Product/6045,https://www.colourdiam.com/Product/Diamond/6045/still.jpg,Colour Diam,Apparel & Accessories > Jewelry,,1,,,,unisex,Q-R,,adult,,,,,,,,,GIA,Fine Jewelry
6161,1 Ct E Cushion Natural Diamond VVS1 GIA,Colour Diam stock 6161. Sku - 6161; Weight - 1; Colour - E; Shape - Cushion; Clarity - VVS1; Measurements - 6.08 X 5.55 X 3.40; Fluorescence - Med; Polish - EX; Symmetry - EX; No Of Diamonds - 1 | Laboratory: GIA.,in stock,new,689870.08 JPY,https://www.colourdiam.com/diamonddetails/Diamonds/Product/6161,https://www.colourdiam.com/Product/Diamond/6161/still.jpg,Colour Diam,Apparel & Accessories > Jewelry,,1,,,,unisex,E,,adult,,,,,,,,,GIA,Fine Jewelry
9533,1 Ct N Oval Natural Diamond SI1 GIA,Colour Diam stock 9533. Sku - 9533; Weight - 1; Colour - N; Shape - Oval; Clarity - SI1; Measurements - 7.5 X 5.11 X 3.27; Fluorescence - None; Polish - EX; Symmetry - VG; No Of Diamonds - 1 | Laboratory: GIA.,in stock,new,114373.2 JPY,https://www.colourdiam.com/diamonddetails/Diamonds/Product/9533,https://www.colourdiam.com/Product/Diamond/9533/still.jpg,Colour Diam,Apparel & Accessories > Jewelry,,1,,,,unisex,N,,adult,,,,,,,,,GIA,Fine Jewelry
9137,1 Ct Fancy Light Green Yellow Oval Natural Diamond SI2 GIA,Colour Diam stock 9137. Sku - 9137; Weight - 1; Colour - Fancy Light Green Yellow; Shape - Oval; Clarity - SI2; Measurements - 7.14 X5.00 X 3.42; Fluorescence - STG; Polish - EX; Symmetry - VG; No Of Diamonds - 1 | Laboratory: GIA.,in stock,new,453861.9 JPY,https://www.colourdiam.com/diamonddetails/Diamonds/Product/9137,https://www.colourdiam.com/Product/Diamond/9137/still.jpg,Colour Diam,Apparel & Accessories > Jewelry,,1,,,,unisex,Fancy Light Green Yellow,,adult,,,,,,,,,GIA,Fine Jewelry
9261,1 Ct Very Light Pink Marquise Natural Diamond SI2 GIA,Colour Diam stock 9261. Sku - 9261; Weight - 1; Colour - Very Light Pink; Shape - Marquise; Clarity - SI2; Measurements - 9.32 x 5.16 x 3.53; Fluorescence - None; Polish - EX; Symmetry - VG; No Of Diamonds - 1 | Laboratory: GIA.,in stock,new,1815447.59 JPY,https://www.colourdiam.com/diamonddetails/Diamonds/Product/9261,https://www.colourdiam.com/Product/Diamond/9261/still.jpg,Colour Diam,Apparel & Accessories > Jewelry,,1,,,,unisex,Very Light Pink,,adult,,,,,,,,,GIA,Fine Jewelry
9332,1 Ct Fancy Light Pinkish Brown Oval Natural Diamond SI2 GIA,Colour Diam stock 9332. Sku - 9332; Weight - 1; Colour - Fancy Light Pinkish Brown; Shape - Oval; Clarity - SI2; Measurements - 6.98 x 5.37 x 3.39; Fluorescence - None; Polish - G; Symmetry - GD; No Of Diamonds - 1 | Laboratory: GIA.,in stock,new,403392.45 JPY,https://www.colourdiam.com/diamonddetails/Diamonds/Product/9332,https://www.colourdiam.com/Product/Diamond/9332/still.jpg,Colour Diam,Apparel & Accessories > Jewelry,,1,,,,unisex,Fancy Light Pinkish Brown,,adult,,,,,,,,,GIA,Fine Jewelry
9475,1 Ct Light Pink Round Natural Diamond IF GIA,Colour Diam stock 9475. Sku - 9475; Weight - 1; Colour - Light Pink; Shape - Round; Clarity - IF; Measurements - 6.46 x 6.48 x 3.94; Fluorescence - None; Polish - EX; Symmetry - VG; No Of Diamonds - 1 | Laboratory: GIA.,in stock,new,8714148.44 JPY,https://www.colourdiam.com/diamonddetails/Diamonds/Product/9475,https://www.colourdiam.com/Product/Diamond/9475/still.jpg,Colour Diam,Apparel & Accessories > Jewelry,,1,,,,unisex,Light Pink,,adult,,,,,,,,,GIA,Fine Jewelry
9505,1 Ct Fancy Brownish Greenish Yellow Radiant Natural Diamond VS2 GIA,Colour Diam stock 9505. Sku - 9505; Weight - 1; Colour - Fancy Brownish Greenish Yellow; Shape - Radiant; Clarity - VS2; Measurements - 6.23x4.85x3.40; Fluorescence - None; Polish - VG; Symmetry - GD; No Of Diamonds - 1 | Laboratory: GIA.,in stock,new,281394.38 JPY,https://www.colourdiam.com/diamonddetails/Diamonds/Product/9505,https://www.colourdiam.com/Product/Diamond/9505/still.jpg,Colour Diam,Apparel & Accessories > Jewelry,,1,,,,unisex,Fancy Brownish Greenish Yellow,,adult,,,,,,,,,GIA,Fine Jewelry
9551,1 Ct Faint Pink Round Natural Diamond SI2 GIA,Colour Diam stock 9551. Sku - 9551; Weight - 1; Colour - Faint Pink; Shape - Round; Clarity - SI2; Measurements - 6.33 - 6.37 x 4.01; Fluorescence - Med; Polish - EX; Symmetry - EX; No Of Diamonds - 1 | Laboratory: GIA.,in stock,new,726179.04 JPY,https://www.colourdiam.com/diamonddetails/Diamonds/Product/9551,https://www.colourdiam.com/Product/Diamond/9551/still.jpg,Colour Diam,Apparel & Accessories > Jewelry,,1,,,,unisex,Faint Pink,,adult,,,,,,,,,GIA,Fine Jewelry
6018,0.96 Ct Very Light Pinkish Brown Round Natural Diamond SI2 GIA,Colour Diam stock 6018. Sku - 6018; Weight - 0.96; Colour - Very Light Pinkish Brown; Shape - Round; Clarity - SI2; Measurements - 6.31 X 6.32 X 3.90; Fluorescence - None; Polish - EX; Symmetry - EX; No Of Diamonds - 1 | Laboratory: GIA.,in stock,new,287566.9 JPY,https://www.colourdiam.com/diamonddetails/Diamonds/Product/6018,https://www.colourdiam.com/Product/Diamond/6018/still.jpg,Colour Diam,Apparel & Accessories > Jewelry,,1,,,,unisex,Very Light Pinkish Brown,,adult,,,,,,,,,GIA,Fine Jewelry
3365,0.96 Ct Fancy Deep Yellow Cushion Natural Diamond I1 GIA,Colour Diam stock 3365. Sku - 3365; Weight - 0.96; Colour - Fancy Deep Yellow; Shape - Cushion; Clarity - I1; Measurements - 5.48*5.33*3.57; Fluorescence - Med; Polish - VG; Symmetry - VG; No Of Diamonds - 1 | Laboratory: GIA.,in stock,new,174109.32 JPY,https://www.colourdiam.com/diamonddetails/Diamonds/Product/3365,https://www.colourdiam.com/Product/Diamond/3365/still.jpg,Colour Diam,Apparel & Accessories > Jewelry,,1,,,,unisex,Fancy Deep Yellow,,adult,,,,,,,,,GIA,Fine Jewelry
6043,0.94 Ct M Round Natural Diamond I2 GIA,Colour Diam stock 6043. Sku - 6043; Weight - 0.94; Colour - M; Shape - Round; Clarity - I2; Measurements - 5.90 X 5.94 X 4.09; Fluorescence - None; Polish - G; Symmetry - GD; No Of Diamonds - 1 | Laboratory: GIA.,in stock,new,132597.13 JPY,https://www.colourdiam.com/diamonddetails/Diamonds/Product/6043,https://www.colourdiam.com/Product/Diamond/6043/still.jpg,Colour Diam,Apparel & Accessories > Jewelry,,1,,,,unisex,M,,adult,,,,,,,,,GIA,Fine Jewelry
6046,0.93 Ct U-V Round Natural Diamond I3 GIA,Colour Diam stock 6046. Sku - 6046; Weight - 0.93; Colour - U-V; Shape - Round; Clarity - I3; Measurements - 5.90 X 5.80 X 4.07; Fluorescence - Fnt; Polish - G; Symmetry - F; No Of Diamonds - 1 | Laboratory: GIA.,in stock,new,131185.82 JPY,https://www.colourdiam.com/diamonddetails/Diamonds/Product/6046,https://www.colourdiam.com/Product/Diamond/6046/still.jpg,Colour Diam,Apparel & Accessories > Jewelry,,1,,,,unisex,U-V,,adult,,,,,,,,,GIA,Fine Jewelry
2113,0.92 Ct Fancy Light Bluish Green Radiant Natural Diamond VS1 GIA,Colour Diam stock 2113. Sku - 2113; Weight - 0.92; Colour - Fancy Light Bluish Green; Shape - Radiant; Clarity - VS1; Measurements - 5.98X5.36X3.54; Fluorescence - STG; Polish - G; Symmetry - GD; No Of Diamonds - 1 | Laboratory: GIA.,in stock,new,3006381.21 JPY,https://www.colourdiam.com/diamonddetails/Diamonds/Product/2113,https://www.colourdiam.com/Product/Diamond/2113/still.jpg,Colour Diam,Apparel & Accessories > Jewelry,,1,,,,unisex,Fancy Light Bluish Green,,adult,,,,,,,,,GIA,Fine Jewelry
5532,0.92 Ct Fancy Light Brownish Greenish Yellow Round Natural Diamond SI1 GIA,Colour Diam stock 5532. Sku - 5532; Weight - 0.92; Colour - Fancy Light Brownish Greenish Yellow; Shape - Round; Clarity - SI1; Measurements - 5.84-5.94x4.01; Fluorescence - Fnt; Polish - VG; Symmetry - GD; No Of Diamonds - 1 | Laboratory: GIA.,in stock,new,167021.18 JPY,https://www.colourdiam.com/diamonddetails/Diamonds/Product/5532,https://www.colourdiam.com/Product/Diamond/5532/still.jpg,Colour Diam,Apparel & Accessories > Jewelry,,1,,,,unisex,Fancy Light Brownish Greenish Yellow,,adult,,,,,,,,,GIA,Fine Jewelry
5746,0.92 Ct Fancy Gray Greenish Yellow Round Natural Diamond I3 GIA,Colour Diam stock 5746. Sku - 5746; Weight - 0.92; Colour - Fancy Gray Greenish Yellow; Shape - Round; Clarity - I3; Measurements - 6.00X6.07X3.87; Fluorescence - STG; Polish - G; Symmetry - F; No Of Diamonds - 1 | Laboratory: GIA.,in stock,new,167021.18 JPY,https://www.colourdiam.com/diamonddetails/Diamonds/Product/5746,https://www.colourdiam.com/Product/Diamond/5746/still.jpg,Colour Diam,Apparel & Accessories > Jewelry,,1,,,,unisex,Fancy Gray Greenish Yellow,,adult,,,,,,,,,GIA,Fine Jewelry
5024,0.91 Ct S-T Emerald Natural Diamond SI2 GIA,Colour Diam stock 5024. Sku - 5024; Weight - 0.91; Colour - S-T; Shape - Emerald; Clarity - SI2; Measurements - 6.85*4.47*2.94; Fluorescence - Med; Polish - EX; Symmetry - GD; No Of Diamonds - 1 | Laboratory: GIA.,in stock,new,123905.09 JPY,https://www.colourdiam.com/diamonddetails/Diamonds/Product/5024,https://www.colourdiam.com/Product/Diamond/5024/still.jpg,Colour Diam,Apparel & Accessories > Jewelry,,1,,,,unisex,S-T,,adult,,,,,,,,,GIA,Fine Jewelry
9080,0.91 Ct Very Light Pink Cushion Natural Diamond VS1 GIA,Colour Diam stock 9080. Sku - 9080; Weight - 0.91; Colour - Very Light Pink; Shape - Cushion; Clarity - VS1; Measurements - 5.23 x 5.06 x 3.54; Fluorescence - None; Polish - EX; Symmetry - VG; No Of Diamonds - 1 | Laboratory: GIA.,in stock,new,1652057.31 JPY,https://www.colourdiam.com/diamonddetails/Diamonds/Product/9080,https://www.colourdiam.com/Product/Diamond/9080/still.jpg,Colour Diam,Apparel & Accessories > Jewelry,,1,,,,unisex,Very Light Pink,,adult,,,,,,,,,GIA,Fine Jewelry
3604,0.91 Ct Fancy Brownish Yellow Round Natural Diamond I1 GIA,Colour Diam stock 3604. Sku - 3604; Weight - 0.91; Colour - Fancy Brownish Yellow; Shape - Round; Clarity - I1; Measurements - 6.02X6.04 x 3.89; Fluorescence - Med; Polish - VG; Symmetry - VG; No Of Diamonds - 1 | Laboratory: GIA.,in stock,new,1468348.22 JPY,https://www.colourdiam.com/diamonddetails/Diamonds/Product/3604,https://www.colourdiam.com/Product/Diamond/3604/still.jpg,Colour Diam,Apparel & Accessories > Jewelry,,1,,,,unisex,Fancy Brownish Yellow,,adult,,,,,,,,,GIA,Fine Jewelry
462,0.9 Ct Fancy Yellow Cushion Natural Diamond SI2 GIA,Colour Diam stock 462. Sku - 462; Weight - 0.9; Colour - Fancy Yellow; Shape - Cushion; Clarity - SI2; Measurements - 5.61X5.09X3.62; Fluorescence - Med; Polish - G; Symmetry - GD; No Of Diamonds - 1 | Laboratory: GIA.,in stock,new,245085.42 JPY,https://www.colourdiam.com/diamonddetails/Diamonds/Product/462,https://www.colourdiam.com/Product/Diamond/462/still.jpg,Colour Diam,Apparel & Accessories > Jewelry,,1,,,,unisex,Fancy Yellow,,adult,,,,,,,,,GIA,Fine Jewelry
3664,0.9 Ct Fancy Light Yellow Radiant Natural Diamond SI2 GIA,Colour Diam stock 3664. Sku - 3664; Weight - 0.9; Colour - Fancy Light Yellow; Shape - Radiant; Clarity - SI2; Measurements - 4.85X5.28X3.59; Fluorescence - None; Polish - EX; Symmetry - EX; No Of Diamonds - 1 | Laboratory: GIA.,in stock,new,187898.83 JPY,https://www.colourdiam.com/diamonddetails/Diamonds/Product/3664,https://www.colourdiam.com/Product/Diamond/3664/still.jpg,Colour Diam,Apparel & Accessories > Jewelry,,1,,,,unisex,Fancy Light Yellow,,adult,,,,,,,,,GIA,Fine Jewelry
9591,0.9 Ct D Cushion Natural Diamond VS1 GIA,Colour Diam stock 9591. Sku - 9591; Weight - 0.9; Colour - D; Shape - Cushion; Clarity - VS1; Measurements - 5.40 - 5.44 X 3.64; Fluorescence - None; Polish - EX; Symmetry - EX; No Of Diamonds - 1 | Laboratory: GIA.,in stock,new,,https://www.colourdiam.com/diamonddetails/Diamonds/Product/9591,https://www.colourdiam.com/Product/Diamond/9591/still.jpg,Colour Diam,Apparel & Accessories > Jewelry,,1,,,,unisex,D,,adult,,,,,,,,,GIA,Fine Jewelry
3351,0.89 Ct Fancy Intense Orangy Yellow Pear Natural Diamond I1 GIA,Colour Diam stock 3351. Sku - 3351; Weight - 0.89; Colour - Fancy Intense Orangy Yellow; Shape - Pear; Clarity - I1; Measurements - 7.62X5.15X3.19; Fluorescence - STG; Polish - VG; Symmetry - VG; No Of Diamonds - 1 | Laboratory: GIA.,in stock,new,242362.25 JPY,https://www.colourdiam.com/diamonddetails/Diamonds/Product/3351,https://www.colourdiam.com/Product/Diamond/3351/still.jpg,Colour Diam,Apparel & Accessories > Jewelry,,1,,,,unisex,Fancy Intense Orangy Yellow,,adult,,,,,,,,,GIA,Fine Jewelry
4716,0.88 Ct Light Green Pear Natural Diamond SI1 GIA,Colour Diam stock 4716. Sku - 4716; Weight - 0.88; Colour - Light Green; Shape - Pear; Clarity - SI1; Measurements - 7.77X5.23X3.06; Fluorescence - Fnt; Polish - VG; Symmetry - VG; No Of Diamonds - 1 | Laboratory: GIA.,in stock,new,559157.86 JPY,https://www.colourdiam.com/diamonddetails/Diamonds/Product/4716,https://www.colourdiam.com/Product/Diamond/4716/still.jpg,Colour Diam,Apparel & Accessories > Jewelry,,1,,,,unisex,Light Green,,adult,,,,,,,,,GIA,Fine Jewelry
4746,0.86 Ct Fancy Light Yellowish Green Pear Natural Diamond SI1 GIA,Colour Diam stock 4746. Sku - 4746; Weight - 0.86; Colour - Fancy Light Yellowish Green; Shape - Pear; Clarity - SI1; Measurements - 7.21X5.41X3.1; Fluorescence - Fnt; Polish - VG; Symmetry - VG; No Of Diamonds - 1 | Laboratory: GIA.,in stock,new,546449.73 JPY,https://www.colourdiam.com/diamonddetails/Diamonds/Product/4746,https://www.colourdiam.com/Product/Diamond/4746/still.jpg,Colour Diam,Apparel & Accessories > Jewelry,,1,,,,unisex,Fancy Light Yellowish Green,,adult,,,,,,,,,GIA,Fine Jewelry
4749,0.82 Ct Fancy Yellowish Green Pear Natural Diamond SI2 GIA,Colour Diam stock 4749. Sku - 4749; Weight - 0.82; Colour - Fancy Yellowish Green; Shape - Pear; Clarity - SI2; Measurements - 8.41X6.05X2.43; Fluorescence - None; Polish - G; Symmetry - GD; No Of Diamonds - 1 | Laboratory: GIA.,in stock,new,521033.46 JPY,https://www.colourdiam.com/diamonddetails/Diamonds/Product/4749,https://www.colourdiam.com/Product/Diamond/4749/still.jpg,Colour Diam,Apparel & Accessories > Jewelry,,1,,,,unisex,Fancy Yellowish Green,,adult,,,,,,,,,GIA,Fine Jewelry
8740,0.81 Ct Fancy Purple Pink Heart Natural Diamond VS2 GIA,Colour Diam stock 8740. Sku - 8740; Weight - 0.81; Colour - Fancy Purple Pink; Shape - Heart; Clarity - VS2; Measurements - 5.59x6.26x3.28; Fluorescence - None; Polish - VG; Symmetry - VG; No Of Diamonds - 1 | Laboratory: GIA.,in stock,new,5882050.2 JPY,https://www.colourdiam.com/diamonddetails/Diamonds/Product/8740,https://www.colourdiam.com/Product/Diamond/8740/still.jpg,Colour Diam,Apparel & Accessories > Jewelry,,1,,,,unisex,Fancy Purple Pink,,adult,,,,,,,,,GIA,Fine Jewelry
9246,0.8 Ct Faint Pinkish Brown Pear Natural Diamond SI1 GIA,Colour Diam stock 9246. Sku - 9246; Weight - 0.8; Colour - Faint Pinkish Brown; Shape - Pear; Clarity - SI1; Measurements - 7.86 X 5.09 X 3.19; Fluorescence - None; Polish - EX; Symmetry - EX; No Of Diamonds - 1 | Laboratory: GIA.,in stock,new,261424.45 JPY,https://www.colourdiam.com/diamonddetails/Diamonds/Product/9246,https://www.colourdiam.com/Product/Diamond/9246/still.jpg,Colour Diam,Apparel & Accessories > Jewelry,,1,,,,unisex,Faint Pinkish Brown,,adult,,,,,,,,,GIA,Fine Jewelry
4726,0.8 Ct Faint Green Radiant Natural Diamond VS1 GIA,Colour Diam stock 4726. Sku - 4726; Weight - 0.8; Colour - Faint Green; Shape - Radiant; Clarity - VS1; Measurements - 6.67X4.3X2.95; Fluorescence - None; Polish - G; Symmetry - VG; No Of Diamonds - 1 | Laboratory: GIA.,in stock,new,435707.42 JPY,https://www.colourdiam.com/diamonddetails/Diamonds/Product/4726,https://www.colourdiam.com/Product/Diamond/4726/still.jpg,Colour Diam,Apparel & Accessories > Jewelry,,1,,,,unisex,Faint Green,,adult,,,,,,,,,GIA,Fine Jewelry
2418,0.8 Ct Faint Pink Round Natural Diamond SI2 GIA,Colour Diam stock 2418. Sku - 2418; Weight - 0.8; Colour - Faint Pink; Shape - Round; Clarity - SI2; Measurements - 5.95X5.91X3.73; Fluorescence - Fnt; Polish - EX; Symmetry - EX; No Of Diamonds - 1 | Laboratory: GIA.,in stock,new,435707.42 JPY,https://www.colourdiam.com/diamonddetails/Diamonds/Product/2418,https://www.colourdiam.com/Product/Diamond/2418/still.jpg,Colour Diam,Apparel & Accessories > Jewelry,,1,,,,unisex,Faint Pink,,adult,,,,,,,,,GIA,Fine Jewelry
5718,0.78 Ct Fancy Yellow Oval Natural Diamond I1 GIA,Colour Diam stock 5718. Sku - 5718; Weight - 0.78; Colour - Fancy Yellow; Shape - Oval; Clarity - I1; Measurements - 6.54x4.77x3.25; Fluorescence - Med; Polish - G; Symmetry - GD; No Of Diamonds - 1 | Laboratory: GIA.,in stock,new,106203.68 JPY,https://www.colourdiam.com/diamonddetails/Diamonds/Product/5718,https://www.colourdiam.com/Product/Diamond/5718/still.jpg,Colour Diam,Apparel & Accessories > Jewelry,,1,,,,unisex,Fancy Yellow,,adult,,,,,,,,,GIA,Fine Jewelry
667,0.77 Ct Light Pink Pear Natural Diamond GIA,Colour Diam stock 667. Sku - 667; Weight - 0.77; Colour - Light Pink; Shape - Pear; Clarity - ; Measurements - 7.29 x 5.10 x 3.27; Fluorescence - None; Polish - ; Symmetry - ; No Of Diamonds - 1 | Laboratory: GIA.,in stock,new,2096841.97 JPY,https://www.colourdiam.com/diamonddetails/Diamonds/Product/667,https://www.colourdiam.com/Product/Diamond/667/still.jpg,Colour Diam,Apparel & Accessories > Jewelry,,1,,,,unisex,Light Pink,,adult,,,,,,,,,GIA,Fine Jewelry
7902,0.76 Ct Fancy White Cushion Natural Diamond GIA,Colour Diam stock 7902. Sku - 7902; Weight - 0.76; Colour - Fancy White; Shape - Cushion; Clarity - ; Measurements - 5.12 x 5.07 x 3.59; Fluorescence - ; Polish - ; Symmetry - ; No Of Diamonds - 1 | Laboratory: GIA.,in stock,new,165568.82 JPY,https://www.colourdiam.com/diamonddetails/Diamonds/Product/7902,https://www.colourdiam.com/Product/Diamond/7902/still.jpg,Colour Diam,Apparel & Accessories > Jewelry,,1,,,,unisex,Fancy White,,adult,,,,,,,,,GIA,Fine Jewelry
4721,0.75 Ct Light Green Pear Natural Diamond SI1 GIA,Colour Diam stock 4721. Sku - 4721; Weight - 0.75; Colour - Light Green; Shape - Pear; Clarity - SI1; Measurements - 7.66X4.88X2.9; Fluorescence - Fnt; Polish - G; Symmetry - GD; No Of Diamonds - 1 | Laboratory: GIA.,in stock,new,476554.99 JPY,https://www.colourdiam.com/diamonddetails/Diamonds/Product/4721,https://www.colourdiam.com/Product/Diamond/4721/still.jpg,Colour Diam,Apparel & Accessories > Jewelry,,1,,,,unisex,Light Green,,adult,,,,,,,,,GIA,Fine Jewelry
5907,0.74 Ct Fancy Light Yellow Brown Pear Natural Diamond SI1 GIA,Colour Diam stock 5907. Sku - 5907; Weight - 0.74; Colour - Fancy Light Yellow Brown; Shape - Pear; Clarity - SI1; Measurements - 7.32 X 4.92 X 2.93; Fluorescence - Fnt; Polish - VG; Symmetry - F; No Of Diamonds - 1 | Laboratory: GIA.,in stock,new,94040.19 JPY,https://www.colourdiam.com/diamonddetails/Diamonds/Product/5907,https://www.colourdiam.com/Product/Diamond/5907/still.jpg,Colour Diam,Apparel & Accessories > Jewelry,,1,,,,unisex,Fancy Light Yellow Brown,,adult,,,,,,,,,GIA,Fine Jewelry
1448,0.73 Ct Fancy Deep Yellow Orange Marquise Natural Diamond I1 GIA,Colour Diam stock 1448. Sku - 1448; Weight - 0.73; Colour - Fancy Deep Yellow Orange; Shape - Marquise; Clarity - I1; Measurements - 8.81X4.82X2.99; Fluorescence - Fnt; Polish - G; Symmetry - GD; No Of Diamonds - 1 | Laboratory: GIA.,in stock,new,463846.86 JPY,https://www.colourdiam.com/diamonddetails/Diamonds/Product/1448,https://www.colourdiam.com/Product/Diamond/1448/still.jpg,Colour Diam,Apparel & Accessories > Jewelry,,1,,,,unisex,Fancy Deep Yellow Orange,,adult,,,,,,,,,GIA,Fine Jewelry
360,0.73 Ct Fancy White Round Natural Diamond GIA,Colour Diam stock 360. Sku - 360; Weight - 0.73; Colour - Fancy White; Shape - Round; Clarity - ; Measurements - 5.53 x 5.56 x 3.78; Fluorescence - None; Polish - ; Symmetry - ; No Of Diamonds - 1 | Laboratory: GIA.,in stock,new,397583.02 JPY,https://www.colourdiam.com/diamonddetails/Diamonds/Product/360,https://www.colourdiam.com/Product/Diamond/360/still.jpg,Colour Diam,Apparel & Accessories > Jewelry,,1,,,,unisex,Fancy White,,adult,,,,,,,,,GIA,Fine Jewelry
9181,0.72 Ct Faint Pink Round Natural Diamond SI1 GIA,Colour Diam stock 9181. Sku - 9181; Weight - 0.72; Colour - Faint Pink; Shape - Round; Clarity - SI1; Measurements - 5.70 - 5.72 x 3.58; Fluorescence - None; Polish - EX; Symmetry - EX; No Of Diamonds - 1 | Laboratory: GIA.,in stock,new,392136.68 JPY,https://www.colourdiam.com/diamonddetails/Diamonds/Product/9181,https://www.colourdiam.com/Product/Diamond/9181/still.jpg,Colour Diam,Apparel & Accessories > Jewelry,,1,,,,unisex,Faint Pink,,adult,,,,,,,,,GIA,Fine Jewelry
6165,0.72 Ct F Radiant Natural Diamond VVS1 GIA,Colour Diam stock 6165. Sku - 6165; Weight - 0.72; Colour - F; Shape - Radiant; Clarity - VVS1; Measurements - 5.47 x 4.42 x 3.15; Fluorescence - STG; Polish - EX; Symmetry - EX; No Of Diamonds - 1 | Laboratory: GIA.,in stock,new,287566.9 JPY,https://www.colourdiam.com/diamonddetails/Diamonds/Product/6165,https://www.colourdiam.com/Product/Diamond/6165/still.jpg,Colour Diam,Apparel & Accessories > Jewelry,,1,,,,unisex,F,,adult,,,,,,,,,GIA,Fine Jewelry
6685,0.72 Ct Faint Pink Round Natural Diamond SI2 GIA,Colour Diam stock 6685. Sku - 6685; Weight - 0.72; Colour - Faint Pink; Shape - Round; Clarity - SI2; Measurements - 5.68-5.72*3.57; Fluorescence - None; Polish - EX; Symmetry - EX; No Of Diamonds - 1 | Laboratory: GIA.,in stock,new,457492.79 JPY,https://www.colourdiam.com/diamonddetails/Diamonds/Product/6685,https://www.colourdiam.com/Product/Diamond/6685/still.jpg,Colour Diam,Apparel & Accessories > Jewelry,,1,,,,unisex,Faint Pink,,adult,,,,,,,,,GIA,Fine Jewelry
7168,0.72 Ct Fancy Intense Yellow Round Natural Diamond SI2 GIA,Colour Diam stock 7168. Sku - 7168; Weight - 0.72; Colour - Fancy Intense Yellow; Shape - Round; Clarity - SI2; Measurements - 5.90 x 5.95 x 3.41; Fluorescence - None; Polish - VG; Symmetry - VG; No Of Diamonds - 1 | Laboratory: GIA.,in stock,new,1161769.64 JPY,https://www.colourdiam.com/diamonddetails/Diamonds/Product/7168,https://www.colourdiam.com/Product/Diamond/7168/still.jpg,Colour Diam,Apparel & Accessories > Jewelry,,1,,,,unisex,Fancy Intense Yellow,,adult,,,,,,,,,GIA,Fine Jewelry
4698,0.71 Ct Fancy Light Grayish Green Cushion Natural Diamond VS2 GIA,Colour Diam stock 4698. Sku - 4698; Weight - 0.71; Colour - Fancy Light Grayish Green; Shape - Cushion; Clarity - VS2; Measurements - 5.12X4.6X3.22; Fluorescence - None; Polish - VG; Symmetry - VG; No Of Diamonds - 1 | Laboratory: GIA.,in stock,new,322241.95 JPY,https://www.colourdiam.com/diamonddetails/Diamonds/Product/4698,https://www.colourdiam.com/Product/Diamond/4698/still.jpg,Colour Diam,Apparel & Accessories > Jewelry,,1,,,,unisex,Fancy Light Grayish Green,,adult,,,,,,,,,GIA,Fine Jewelry
7178,0.71 Ct Fancy Purplish Pink Oval Natural Diamond SI2 GIA,Colour Diam stock 7178. Sku - 7178; Weight - 0.71; Colour - Fancy Purplish Pink; Shape - Oval; Clarity - SI2; Measurements - 7.31 X 4.50 X 2.70; Fluorescence - None; Polish - VG; Symmetry - VG; No Of Diamonds - 1 | Laboratory: GIA.,in stock,new,3673558.2 JPY,https://www.colourdiam.com/diamonddetails/Diamonds/Product/7178,https://www.colourdiam.com/Product/Diamond/7178/still.jpg,Colour Diam,Apparel & Accessories > Jewelry,,1,,,,unisex,Fancy Purplish Pink,,adult,,,,,,,,,GIA,Fine Jewelry
5233,0.71 Ct Light Pink Heart Natural Diamond SI2 GIA,Colour Diam stock 5233. Sku - 5233; Weight - 0.71; Colour - Light Pink; Shape - Heart; Clarity - SI2; Measurements - 4.96 x 5.74 x 3.29; Fluorescence - None; Polish - G; Symmetry - GD; No Of Diamonds - 1 | Laboratory: GIA.,in stock,new,902277.45 JPY,https://www.colourdiam.com/diamonddetails/Diamonds/Product/5233,https://www.colourdiam.com/Product/Diamond/5233/still.jpg,Colour Diam,Apparel & Accessories > Jewelry,,1,,,,unisex,Light Pink,,adult,,,,,,,,,GIA,Fine Jewelry
8752,0.7 Ct Faint Pink Round Natural Diamond I1 GIA,Colour Diam stock 8752. Sku - 8752; Weight - 0.7; Colour - Faint Pink; Shape - Round; Clarity - I1; Measurements - 5.65 - 5.67 x 3.32; Fluorescence - STG; Polish - VG; Symmetry - EX; No Of Diamonds - 1 | Laboratory: GIA.,in stock,new,254162.66 JPY,https://www.colourdiam.com/diamonddetails/Diamonds/Product/8752,https://www.colourdiam.com/Product/Diamond/8752/still.jpg,Colour Diam,Apparel & Accessories > Jewelry,,1,,,,unisex,Faint Pink,,adult,,,,,,,,,GIA,Fine Jewelry
2472,0.7 Ct Fancy Pink Cushion Natural Diamond VS2 GIA,Colour Diam stock 2472. Sku - 2472; Weight - 0.7; Colour - Fancy Pink; Shape - Cushion; Clarity - VS2; Measurements - 4.88X4.66X3.28; Fluorescence - Fnt; Polish - G; Symmetry - GD; No Of Diamonds - 1 | Laboratory: GIA.,in stock,new,8895693.2 JPY,https://www.colourdiam.com/diamonddetails/Diamonds/Product/2472,https://www.colourdiam.com/Product/Diamond/2472/still.jpg,Colour Diam,Apparel & Accessories > Jewelry,,1,,,,unisex,Fancy Pink,,adult,,,,,,,,,GIA,Fine Jewelry
7618,0.7 Ct Fancy Purplish Pink Radiant Natural Diamond VS2 GIA,Colour Diam stock 7618. Sku - 7618; Weight - 0.7; Colour - Fancy Purplish Pink; Shape - Radiant; Clarity - VS2; Measurements - 5.90 X 4.35 X 2.83; Fluorescence - Fnt; Polish - VG; Symmetry - VG; No Of Diamonds - 1 | Laboratory: GIA.,in stock,new,6862391.9 JPY,https://www.colourdiam.com/diamonddetails/Diamonds/Product/7618,https://www.colourdiam.com/Product/Diamond/7618/still.jpg,Colour Diam,Apparel & Accessories > Jewelry,,1,,,,unisex,Fancy Purplish Pink,,adult,,,,,,,,,GIA,Fine Jewelry
2477,0.7 Ct Fancy Brown Pink Heart Natural Diamond I2 GIA,Colour Diam stock 2477. Sku - 2477; Weight - 0.7; Colour - Fancy Brown Pink; Shape - Heart; Clarity - I2; Measurements - 5.41X6.22X3.55; Fluorescence - STG; Polish - VG; Symmetry - GD; No Of Diamonds - 1 | Laboratory: GIA.,in stock,new,762487.99 JPY,https://www.colourdiam.com/diamonddetails/Diamonds/Product/2477,https://www.colourdiam.com/Product/Diamond/2477/still.jpg,Colour Diam,Apparel & Accessories > Jewelry,,1,,,,unisex,Fancy Brown Pink,,adult,,,,,,,,,GIA,Fine Jewelry
7274,0.7 Ct Fancy Brownish Purplish Pink Cushion Natural Diamond I1 GIA,Colour Diam stock 7274. Sku - 7274; Weight - 0.7; Colour - Fancy Brownish Purplish Pink; Shape - Cushion; Clarity - I1; Measurements - 5.06 x 4.51 x 3.31; Fluorescence - None; Polish - EX; Symmetry - VG; No Of Diamonds - 1 | Laboratory: GIA.,in stock,new,299911.94 JPY,https://www.colourdiam.com/diamonddetails/Diamonds/Product/7274,https://www.colourdiam.com/Product/Diamond/7274/still.jpg,Colour Diam,Apparel & Accessories > Jewelry,,1,,,,unisex,Fancy Brownish Purplish Pink,,adult,,,,,,,,,GIA,Fine Jewelry
5721,0.7 Ct Fancy Light Yellow Pear Natural Diamond I1 GIA,Colour Diam stock 5721. Sku - 5721; Weight - 0.7; Colour - Fancy Light Yellow; Shape - Pear; Clarity - I1; Measurements - 6.72x4.97x2.90; Fluorescence - Fnt; Polish - EX; Symmetry - GD; No Of Diamonds - 1 | Laboratory: GIA.,in stock,new,101792.94 JPY,https://www.colourdiam.com/diamonddetails/Diamonds/Product/5721,https://www.colourdiam.com/Product/Diamond/5721/still.jpg,Colour Diam,Apparel & Accessories > Jewelry,,1,,,,unisex,Fancy Light Yellow,,adult,,,,,,,,,GIA,Fine Jewelry
5407,0.7 Ct Very Light Pink Round Natural Diamond I1 GIA,Colour Diam stock 5407. Sku - 5407; Weight - 0.7; Colour - Very Light Pink; Shape - Round; Clarity - I1; Measurements - 5.52 X 5.61 X 3.53; Fluorescence - Med; Polish - G; Symmetry - F; No Of Diamonds - 1 | Laboratory: GIA.,in stock,new,285298.38 JPY,https://www.colourdiam.com/diamonddetails/Diamonds/Product/5407,https://www.colourdiam.com/Product/Diamond/5407/still.jpg,Colour Diam,Apparel & Accessories > Jewelry,,1,,,,unisex,Very Light Pink,,adult,,,,,,,,,GIA,Fine Jewelry
3321,0.7 Ct N Round Natural Diamond SI2 GIA,Colour Diam stock 3321. Sku - 3321; Weight - 0.7; Colour - N; Shape - Round; Clarity - SI2; Measurements - 5.60 X 5.64 X 3.56; Fluorescence - Fnt; Polish - EX; Symmetry - VG; No Of Diamonds - 1 | Laboratory: GIA.,in stock,new,254162.66 JPY,https://www.colourdiam.com/diamonddetails/Diamonds/Product/3321,https://www.colourdiam.com/Product/Diamond/3321/still.jpg,Colour Diam,Apparel & Accessories > Jewelry,,1,,,,unisex,N,,adult,,,,,,,,,GIA,Fine Jewelry
3603,0.7 Ct Fancy Brown Orange Other Natural Diamond VS1 GIA,Colour Diam stock 3603. Sku - 3603; Weight - 0.7; Colour - Fancy Brown Orange; Shape - Other; Clarity - VS1; Measurements - 9.04 x 3.92 x 2.40; Fluorescence - None; Polish - ; Symmetry - ; No Of Diamonds - 1 | Laboratory: GIA.,in stock,new,,https://www.colourdiam.com/diamonddetails/Diamonds/Product/3603,https://www.colourdiam.com/Product/Diamond/3603/still.jpg,Colour Diam,Apparel & Accessories > Jewelry,,1,,,,unisex,Fancy Brown Orange,,adult,,,,,,,,,GIA,Fine Jewelry
6956,0.7 Ct Light Greenish Yellow Cushion Natural Diamond SI1 GIA,Colour Diam stock 6956. Sku - 6956; Weight - 0.7; Colour - Light Greenish Yellow; Shape - Cushion; Clarity - SI1; Measurements - 4.77 x 4.50 x 3.37; Fluorescence - Med; Polish - VG; Symmetry - GD; No Of Diamonds - 1 | Laboratory: GIA.,in stock,new,355827.73 JPY,https://www.colourdiam.com/diamonddetails/Diamonds/Product/6956,https://www.colourdiam.com/Product/Diamond/6956/still.jpg,Colour Diam,Apparel & Accessories > Jewelry,,1,,,,unisex,Light Greenish Yellow,,adult,,,,,,,,,GIA,Fine Jewelry
2211,0.7 Ct Fancy Pink Round Natural Diamond SI2 GIA,Colour Diam stock 2211. Sku - 2211; Weight - 0.7; Colour - Fancy Pink; Shape - Round; Clarity - SI2; Measurements - 5.86X5.80X3.36; Fluorescence - STG; Polish - G; Symmetry - VG; No Of Diamonds - 1 | Laboratory: GIA.,in stock,new,10801913.17 JPY,https://www.colourdiam.com/diamonddetails/Diamonds/Product/2211,https://www.colourdiam.com/Product/Diamond/2211/still.jpg,Colour Diam,Apparel & Accessories > Jewelry,,1,,,,unisex,Fancy Pink,,adult,,,,,,,,,GIA,Fine Jewelry
6144,0.7 Ct D Radiant Natural Diamond SI1 GIA,Colour Diam stock 6144. Sku - 6144; Weight - 0.7; Colour - D; Shape - Radiant; Clarity - SI1; Measurements - 5.80 X 4.75 X 2.95; Fluorescence - STG; Polish - EX; Symmetry - EX; No Of Diamonds - 1 | Laboratory: GIA.,in stock,new,248953.12 JPY,https://www.colourdiam.com/diamonddetails/Diamonds/Product/6144,https://www.colourdiam.com/Product/Diamond/6144/still.jpg,Colour Diam,Apparel & Accessories > Jewelry,,1,,,,unisex,D,,adult,,,,,,,,,GIA,Fine Jewelry
7118,0.7 Ct Fancy Vivid Orange Yellow Cushion Natural Diamond SI2 GIA,Colour Diam stock 7118. Sku - 7118; Weight - 0.7; Colour - Fancy Vivid Orange Yellow; Shape - Cushion; Clarity - SI2; Measurements - 5.62 X 4.49 X 3.01; Fluorescence - Med; Polish - VG; Symmetry - VG; No Of Diamonds - 1 | Laboratory: GIA.,in stock,new,698947.32 JPY,https://www.colourdiam.com/diamonddetails/Diamonds/Product/7118,https://www.colourdiam.com/Product/Diamond/7118/still.jpg,Colour Diam,Apparel & Accessories > Jewelry,,1,,,,unisex,Fancy Vivid Orange Yellow,,adult,,,,,,,,,GIA,Fine Jewelry
9507,0.7 Ct Faint Pink Pear Natural Diamond I1 GIA,Colour Diam stock 9507. Sku - 9507; Weight - 0.7; Colour - Faint Pink; Shape - Pear; Clarity - I1; Measurements - 7.60 x 4.91 x 3.14; Fluorescence - None; Polish - VG; Symmetry - VG; No Of Diamonds - 1 | Laboratory: GIA.,in stock,new,222392.33 JPY,https://www.colourdiam.com/diamonddetails/Diamonds/Product/9507,https://www.colourdiam.com/Product/Diamond/9507/still.jpg,Colour Diam,Apparel & Accessories > Jewelry,,1,,,,unisex,Faint Pink,,adult,,,,,,,,,GIA,Fine Jewelry
2950,0.7 Ct E Round Natural Diamond SI1 GIA,Colour Diam stock 2950. Sku - 2950; Weight - 0.7; Colour - E; Shape - Round; Clarity - SI1; Measurements - 5.80X5.76X3.50; Fluorescence - None; Polish - EX; Symmetry - EX; No Of Diamonds - 1 | Laboratory: GIA.,in stock,new,508325.33 JPY,https://www.colourdiam.com/diamonddetails/Diamonds/Product/2950,https://www.colourdiam.com/Product/Diamond/2950/still.jpg,Colour Diam,Apparel & Accessories > Jewelry,,1,,,,unisex,E,,adult,,,,,,,,,GIA,Fine Jewelry
7684,0.69 Ct Fancy Vivid Orange Yellow Marquise Natural Diamond I1 GIA,Colour Diam stock 7684. Sku - 7684; Weight - 0.69; Colour - Fancy Vivid Orange Yellow; Shape - Marquise; Clarity - I1; Measurements - 9.40 X 4.25 X 2.68; Fluorescence - STG; Polish - VG; Symmetry - F; No Of Diamonds - 1 | Laboratory: GIA.,in stock,new,501063.54 JPY,https://www.colourdiam.com/diamonddetails/Diamonds/Product/7684,https://www.colourdiam.com/Product/Diamond/7684/still.jpg,Colour Diam,Apparel & Accessories > Jewelry,,1,,,,unisex,Fancy Vivid Orange Yellow,,adult,,,,,,,,,GIA,Fine Jewelry
1545,0.66 Ct Fancy Purplish Pink Round Natural Diamond I2 GIA,Colour Diam stock 1545. Sku - 1545; Weight - 0.66; Colour - Fancy Purplish Pink; Shape - Round; Clarity - I2; Measurements - 5.60X5.56X3.48; Fluorescence - Med; Polish - VG; Symmetry - VG; No Of Diamonds - 1 | Laboratory: GIA.,in stock,new,3594586.23 JPY,https://www.colourdiam.com/diamonddetails/Diamonds/Product/1545,https://www.colourdiam.com/Product/Diamond/1545/still.jpg,Colour Diam,Apparel & Accessories > Jewelry,,1,,,,unisex,Fancy Purplish Pink,,adult,,,,,,,,,GIA,Fine Jewelry
6056,0.65 Ct Light Pink Cushion Natural Diamond VS2 GIA,Colour Diam stock 6056. Sku - 6056; Weight - 0.65; Colour - Light Pink; Shape - Cushion; Clarity - VS2; Measurements - 4.56X4.47X3.21; Fluorescence - None; Polish - VG; Symmetry - GD; No Of Diamonds - 1 | Laboratory: GIA.,in stock,new,1038436.02 JPY,https://www.colourdiam.com/diamonddetails/Diamonds/Product/6056,https://www.colourdiam.com/Product/Diamond/6056/still.jpg,Colour Diam,Apparel & Accessories > Jewelry,,1,,,,unisex,Light Pink,,adult,,,,,,,,,GIA,Fine Jewelry
5232,0.65 Ct Fancy Light Pink Cushion Natural Diamond SI2 GIA,Colour Diam stock 5232. Sku - 5232; Weight - 0.65; Colour - Fancy Light Pink; Shape - Cushion; Clarity - SI2; Measurements - 4.94X4.72X3.13; Fluorescence - None; Polish - EX; Symmetry - GD; No Of Diamonds - 1 | Laboratory: GIA.,in stock,new,1711059.36 JPY,https://www.colourdiam.com/diamonddetails/Diamonds/Product/5232,https://www.colourdiam.com/Product/Diamond/5232/still.jpg,Colour Diam,Apparel & Accessories > Jewelry,,1,,,,unisex,Fancy Light Pink,,adult,,,,,,,,,GIA,Fine Jewelry
6647,0.63 Ct G Round Natural Diamond VS1 GIA,Colour Diam stock 6647. Sku - 6647; Weight - 0.63; Colour - G; Shape - Round; Clarity - VS1; Measurements - 5.46 x 5.49 x 3.41; Fluorescence - None; Polish - EX; Symmetry - EX; No Of Diamonds - 1 | Laboratory: GIA.,in stock,new,343119.59 JPY,https://www.colourdiam.com/diamonddetails/Diamonds/Product/6647,https://www.colourdiam.com/Product/Diamond/6647/still.jpg,Colour Diam,Apparel & Accessories > Jewelry,,1,,,,unisex,G,,adult,,,,,,,,,GIA,Fine Jewelry
1931,0.63 Ct Fancy Brownish Purplish Pink Radiant Natural Diamond I1 GIA,Colour Diam stock 1931. Sku - 1931; Weight - 0.63; Colour - Fancy Brownish Purplish Pink; Shape - Radiant; Clarity - I1; Measurements - 4.81 X 4.54 X 3.23; Fluorescence - STG; Polish - G; Symmetry - GD; No Of Diamonds - 1 | Laboratory: GIA.,in stock,new,1029358.78 JPY,https://www.colourdiam.com/diamonddetails/Diamonds/Product/1931,https://www.colourdiam.com/Product/Diamond/1931/still.jpg,Colour Diam,Apparel & Accessories > Jewelry,,1,,,,unisex,Fancy Brownish Purplish Pink,,adult,,,,,,,,,GIA,Fine Jewelry
4915,0.61 Ct Fancy Intense Blue Marquise Natural Diamond VS1 GIA,Colour Diam stock 4915. Sku - 4915; Weight - 0.61; Colour - Fancy Intense Blue; Shape - Marquise; Clarity - VS1; Measurements - 9.97x4.36x2.08; Fluorescence - None; Polish - VG; Symmetry - GD; No Of Diamonds - 1 | Laboratory: GIA.,in stock,new,24609375.61 JPY,https://www.colourdiam.com/diamonddetails/Diamonds/Product/4915,https://www.colourdiam.com/Product/Diamond/4915/still.jpg,Colour Diam,Apparel & Accessories > Jewelry,,1,,,,unisex,Fancy Intense Blue,,adult,,,,,,,,,GIA,Fine Jewelry
2372,0.61 Ct Fancy Intense Purplish Pink Oval Natural Diamond GIA,Colour Diam stock 2372. Sku - 2372; Weight - 0.61; Colour - Fancy Intense Purplish Pink; Shape - Oval; Clarity - ; Measurements - 6.33x4.58x3.27; Fluorescence - None; Polish - ; Symmetry - ; No Of Diamonds - 1 | Laboratory: GIA.,in stock,new,6090826.67 JPY,https://www.colourdiam.com/diamonddetails/Diamonds/Product/2372,https://www.colourdiam.com/Product/Diamond/2372/still.jpg,Colour Diam,Apparel & Accessories > Jewelry,,1,,,,unisex,Fancy Intense Purplish Pink,,adult,,,,,,,,,GIA,Fine Jewelry
6346,0.61 Ct Fancy Pinkish Brown Cushion Natural Diamond SI1 GIA,Colour Diam stock 6346. Sku - 6346; Weight - 0.61; Colour - Fancy Pinkish Brown; Shape - Cushion; Clarity - SI1; Measurements - 5.39 x 4.15 x 3.04; Fluorescence - None; Polish - G; Symmetry - GD; No Of Diamonds - 1 | Laboratory: GIA.,in stock,new,221484.61 JPY,https://www.colourdiam.com/diamonddetails/Diamonds/Product/6346,https://www.colourdiam.com/Product/Diamond/6346/still.jpg,Colour Diam,Apparel & Accessories > Jewelry,,1,,,,unisex,Fancy Pinkish Brown,,adult,,,,,,,,,GIA,Fine Jewelry
6958,0.6 Ct Very Light Green Yellow Heart Natural Diamond SI1 GIA,Colour Diam stock 6958. Sku - 6958; Weight - 0.6; Colour - Very Light Green Yellow; Shape - Heart; Clarity - SI1; Measurements - 5.29 x 5.79 x 3.32; Fluorescence - Vst; Polish - VG; Symmetry - VG; No Of Diamonds - 1 | Laboratory: GIA.,in stock,new,304995.2 JPY,https://www.colourdiam.com/diamonddetails/Diamonds/Product/6958,https://www.colourdiam.com/Product/Diamond/6958/still.jpg,Colour Diam,Apparel & Accessories > Jewelry,,1,,,,unisex,Very Light Green Yellow,,adult,,,,,,,,,GIA,Fine Jewelry
6087,0.6 Ct Fancy Intense Yellow Pear Natural Diamond SI2 GIA,Colour Diam stock 6087. Sku - 6087; Weight - 0.6; Colour - Fancy Intense Yellow; Shape - Pear; Clarity - SI2; Measurements - 6.76 X 4.50 X 2.85; Fluorescence - STG; Polish - VG; Symmetry - GD; No Of Diamonds - 1 | Laboratory: GIA.,in stock,new,121017.74 JPY,https://www.colourdiam.com/diamonddetails/Diamonds/Product/6087,https://www.colourdiam.com/Product/Diamond/6087/still.jpg,Colour Diam,Apparel & Accessories > Jewelry,,1,,,,unisex,Fancy Intense Yellow,,adult,,,,,,,,,GIA,Fine Jewelry
6078,0.6 Ct U-V Cushion Natural Diamond SI2 GIA,Colour Diam stock 6078. Sku - 6078; Weight - 0.6; Colour - U-V; Shape - Cushion; Clarity - SI2; Measurements - 5.03 X 4.41 X 3.07; Fluorescence - None; Polish - VG; Symmetry - VG; No Of Diamonds - 1 | Laboratory: GIA.,in stock,new,108926.86 JPY,https://www.colourdiam.com/diamonddetails/Diamonds/Product/6078,https://www.colourdiam.com/Product/Diamond/6078/still.jpg,Colour Diam,Apparel & Accessories > Jewelry,,1,,,,unisex,U-V,,adult,,,,,,,,,GIA,Fine Jewelry
9129,0.59 Ct Faint Pink Round Natural Diamond SI1 GIA,Colour Diam stock 9129. Sku - 9129; Weight - 0.59; Colour - Faint Pink; Shape - Round; Clarity - SI1; Measurements - 5.43 - 5.45 x 3.29; Fluorescence - None; Polish - EX; Symmetry - EX; No Of Diamonds - 1 | Laboratory: GIA.,in stock,new,192800.53 JPY,https://www.colourdiam.com/diamonddetails/Diamonds/Product/9129,https://www.colourdiam.com/Product/Diamond/9129/still.jpg,Colour Diam,Apparel & Accessories > Jewelry,,1,,,,unisex,Faint Pink,,adult,,,,,,,,,GIA,Fine Jewelry
1755,0.58 Ct Light Pink Heart Natural Diamond GIA,Colour Diam stock 1755. Sku - 1755; Weight - 0.58; Colour - Light Pink; Shape - Heart; Clarity - ; Measurements - 5.12 x 5.66 x 3.10; Fluorescence - None; Polish - ; Symmetry - ; No Of Diamonds - 1 | Laboratory: GIA.,in stock,new,842367.68 JPY,https://www.colourdiam.com/diamonddetails/Diamonds/Product/1755,https://www.colourdiam.com/Product/Diamond/1755/still.jpg,Colour Diam,Apparel & Accessories > Jewelry,,1,,,,unisex,Light Pink,,adult,,,,,,,,,GIA,Fine Jewelry
648,0.58 Ct Light Pink Heart Natural Diamond I1 GIA,Colour Diam stock 648. Sku - 648; Weight - 0.58; Colour - Light Pink; Shape - Heart; Clarity - I1; Measurements - 4.81X6.19X3.15; Fluorescence - STG; Polish - VG; Symmetry - GD; No Of Diamonds - 1 | Laboratory: GIA.,in stock,new,526479.8 JPY,https://www.colourdiam.com/diamonddetails/Diamonds/Product/648,https://www.colourdiam.com/Product/Diamond/648/still.jpg,Colour Diam,Apparel & Accessories > Jewelry,,1,,,,unisex,Light Pink,,adult,,,,,,,,,GIA,Fine Jewelry
6268,0.58 Ct E Radiant Natural Diamond IF GIA,Colour Diam stock 6268. Sku - 6268; Weight - 0.58; Colour - E; Shape - Radiant; Clarity - IF; Measurements - 5.39 x 4.06 x 2.89; Fluorescence - None; Polish - EX; Symmetry - VG; No Of Diamonds - 1 | Laboratory: GIA.,in stock,new,162893.01 JPY,https://www.colourdiam.com/diamonddetails/Diamonds/Product/6268,https://www.colourdiam.com/Product/Diamond/6268/still.jpg,Colour Diam,Apparel & Accessories > Jewelry,,1,,,,unisex,E,,adult,,,,,,,,,GIA,Fine Jewelry
1584,0.57 Ct Fancy Purple Pink Radiant Natural Diamond I2 GIA,Colour Diam stock 1584. Sku - 1584; Weight - 0.57; Colour - Fancy Purple Pink; Shape - Radiant; Clarity - I2; Measurements - 4.69X4.03X3.30; Fluorescence - None; Polish - VG; Symmetry - GD; No Of Diamonds - 1 | Laboratory: GIA.,in stock,new,1603947.95 JPY,https://www.colourdiam.com/diamonddetails/Diamonds/Product/1584,https://www.colourdiam.com/Product/Diamond/1584/still.jpg,Colour Diam,Apparel & Accessories > Jewelry,,1,,,,unisex,Fancy Purple Pink,,adult,,,,,,,,,GIA,Fine Jewelry
7126,0.56 Ct Light Pink Cushion Natural Diamond SI2 GIA,Colour Diam stock 7126. Sku - 7126; Weight - 0.56; Colour - Light Pink; Shape - Cushion; Clarity - SI2; Measurements - 4.48X4.48X3.1; Fluorescence - Fnt; Polish - VG; Symmetry - GD; No Of Diamonds - 1 | Laboratory: GIA.,in stock,new,508325.33 JPY,https://www.colourdiam.com/diamonddetails/Diamonds/Product/7126,https://www.colourdiam.com/Product/Diamond/7126/still.jpg,Colour Diam,Apparel & Accessories > Jewelry,,1,,,,unisex,Light Pink,,adult,,,,,,,,,GIA,Fine Jewelry
7208,0.56 Ct Faint Pinkish Brown Pear Natural Diamond VS2 GIA,Colour Diam stock 7208. Sku - 7208; Weight - 0.56; Colour - Faint Pinkish Brown; Shape - Pear; Clarity - VS2; Measurements - 7.02 x 4.25 x 2.66; Fluorescence - None; Polish - VG; Symmetry - VG; No Of Diamonds - 1 | Laboratory: GIA.,in stock,new,254670.99 JPY,https://www.colourdiam.com/diamonddetails/Diamonds/Product/7208,https://www.colourdiam.com/Product/Diamond/7208/still.jpg,Colour Diam,Apparel & Accessories > Jewelry,,1,,,,unisex,Faint Pinkish Brown,,adult,,,,,,,,,GIA,Fine Jewelry
4969,0.56 Ct Fancy Yellowish Green Radiant Natural Diamond SI1 GIA,Colour Diam stock 4969. Sku - 4969; Weight - 0.56; Colour - Fancy Yellowish Green; Shape - Radiant; Clarity - SI1; Measurements - 5.30 x 3.97 x 2.82; Fluorescence - None; Polish - VG; Symmetry - GD; No Of Diamonds - 1 | Laboratory: GIA.,in stock,new,81332.05 JPY,https://www.colourdiam.com/diamonddetails/Diamonds/Product/4969,https://www.colourdiam.com/Product/Diamond/4969/still.jpg,Colour Diam,Apparel & Accessories > Jewelry,,1,,,,unisex,Fancy Yellowish Green,,adult,,,,,,,,,GIA,Fine Jewelry
4971,0.56 Ct Fancy Light Yellowish Green Radiant Natural Diamond SI1 GIA,Colour Diam stock 4971. Sku - 4971; Weight - 0.56; Colour - Fancy Light Yellowish Green; Shape - Radiant; Clarity - SI1; Measurements - 5.63 x 3.84 x 2.70; Fluorescence - None; Polish - VG; Symmetry - GD; No Of Diamonds - 1 | Laboratory: GIA.,in stock,new,81332.05 JPY,https://www.colourdiam.com/diamonddetails/Diamonds/Product/4971,https://www.colourdiam.com/Product/Diamond/4971/still.jpg,Colour Diam,Apparel & Accessories > Jewelry,,1,,,,unisex,Fancy Light Yellowish Green,,adult,,,,,,,,,GIA,Fine Jewelry
6331,0.56 Ct G Other Natural Diamond VVS2 GIA,Colour Diam stock 6331. Sku - 6331; Weight - 0.56; Colour - G; Shape - Other; Clarity - VVS2; Measurements - 4.80 X 4.78 X 3.44; Fluorescence - None; Polish - EX; Symmetry - VG; No Of Diamonds - 1 | Laboratory: GIA.,in stock,new,365994.23 JPY,https://www.colourdiam.com/diamonddetails/Diamonds/Product/6331,https://www.colourdiam.com/Product/Diamond/6331/still.jpg,Colour Diam,Apparel & Accessories > Jewelry,,1,,,,unisex,G,,adult,,,,,,,,,GIA,Fine Jewelry
719,0.55 Ct Fancy Vivid Orangy Yellow Emerald Natural Diamond SI1 GIA,Colour Diam stock 719. Sku - 719; Weight - 0.55; Colour - Fancy Vivid Orangy Yellow; Shape - Emerald; Clarity - SI1; Measurements - 4.87X4.30X3.31; Fluorescence - None; Polish - VG; Symmetry - GD; No Of Diamonds - 1 | Laboratory: GIA.,in stock,new,599097.71 JPY,https://www.colourdiam.com/diamonddetails/Diamonds/Product/719,https://www.colourdiam.com/Product/Diamond/719/still.jpg,Colour Diam,Apparel & Accessories > Jewelry,,1,,,,unisex,Fancy Vivid Orangy Yellow,,adult,,,,,,,,,GIA,Fine Jewelry
6086,0.55 Ct Very Light Brown Cushion Natural Diamond I1 GIA,Colour Diam stock 6086. Sku - 6086; Weight - 0.55; Colour - Very Light Brown; Shape - Cushion; Clarity - I1; Measurements - 4.70 X 4.54 X 2.93; Fluorescence - None; Polish - VG; Symmetry - GD; No Of Diamonds - 1 | Laboratory: GIA.,in stock,new,99849.62 JPY,https://www.colourdiam.com/diamonddetails/Diamonds/Product/6086,https://www.colourdiam.com/Product/Diamond/6086/still.jpg,Colour Diam,Apparel & Accessories > Jewelry,,1,,,,unisex,Very Light Brown,,adult,,,,,,,,,GIA,Fine Jewelry
1801,0.55 Ct Fancy Light Gray Blue Cut cornered square Natural Diamond I1 GIA,Colour Diam stock 1801. Sku - 1801; Weight - 0.55; Colour - Fancy Light Gray Blue; Shape - Cut cornered square; Clarity - I1; Measurements - 4.84X4.81X3.09; Fluorescence - None; Polish - G; Symmetry - GD; No Of Diamonds - 1 | Laboratory: GIA.,in stock,new,1996992.35 JPY,https://www.colourdiam.com/diamonddetails/Diamonds/Product/1801,https://www.colourdiam.com/Product/Diamond/1801/still.jpg,Colour Diam,Apparel & Accessories > Jewelry,,1,,,,unisex,Fancy Light Gray Blue,,adult,,,,,,,,,GIA,Fine Jewelry
7314,0.55 Ct Fancy Pink Radiant Natural Diamond I2 GIA,Colour Diam stock 7314. Sku - 7314; Weight - 0.55; Colour - Fancy Pink; Shape - Radiant; Clarity - I2; Measurements - 5.05 X 4.07 X 2.94; Fluorescence - Fnt; Polish - G; Symmetry - GD; No Of Diamonds - 1 | Laboratory: GIA.,in stock,new,1248120.22 JPY,https://www.colourdiam.com/diamonddetails/Diamonds/Product/7314,https://www.colourdiam.com/Product/Diamond/7314/still.jpg,Colour Diam,Apparel & Accessories > Jewelry,,1,,,,unisex,Fancy Pink,,adult,,,,,,,,,GIA,Fine Jewelry
445,0.54 Ct Fancy Light Grayish Yellowish Green Radiant Natural Diamond VVS2 GIA,Colour Diam stock 445. Sku - 445; Weight - 0.54; Colour - Fancy Light Grayish Yellowish Green; Shape - Radiant; Clarity - VVS2; Measurements - 4.94X4.88X2.82; Fluorescence - None; Polish - VG; Symmetry - GD; No Of Diamonds - 1 | Laboratory: GIA.,in stock,new,196068.34 JPY,https://www.colourdiam.com/diamonddetails/Diamonds/Product/445,https://www.colourdiam.com/Product/Diamond/445/still.jpg,Colour Diam,Apparel & Accessories > Jewelry,,1,,,,unisex,Fancy Light Grayish Yellowish Green,,adult,,,,,,,,,GIA,Fine Jewelry
652,0.53 Ct Light Pink Cut cornered square Natural Diamond SI2 GIA,Colour Diam stock 652. Sku - 652; Weight - 0.53; Colour - Light Pink; Shape - Cut cornered square; Clarity - SI2; Measurements - 4.69 x 4.68 x 2.86; Fluorescence - STG; Polish - VG; Symmetry - GD; No Of Diamonds - 1 | Laboratory: GIA.,in stock,new,577312.33 JPY,https://www.colourdiam.com/diamonddetails/Diamonds/Product/652,https://www.colourdiam.com/Product/Diamond/652/still.jpg,Colour Diam,Apparel & Accessories > Jewelry,,1,,,,unisex,Light Pink,,adult,,,,,,,,,GIA,Fine Jewelry
6271,0.53 Ct E Radiant Natural Diamond IF GIA,Colour Diam stock 6271. Sku - 6271; Weight - 0.53; Colour - E; Shape - Radiant; Clarity - IF; Measurements - 5.10 x 4.08 x 2.90; Fluorescence - None; Polish - EX; Symmetry - VG; No Of Diamonds - 1 | Laboratory: GIA.,in stock,new,150871.59 JPY,https://www.colourdiam.com/diamonddetails/Diamonds/Product/6271,https://www.colourdiam.com/Product/Diamond/6271/still.jpg,Colour Diam,Apparel & Accessories > Jewelry,,1,,,,unisex,E,,adult,,,,,,,,,GIA,Fine Jewelry
4204,0.53 Ct Fancy Intense Yellow Oval Natural Diamond SI2 GIA,Colour Diam stock 4204. Sku - 4204; Weight - 0.53; Colour - Fancy Intense Yellow; Shape - Oval; Clarity - SI2; Measurements - 5.82*4.28*2.81; Fluorescence - Fnt; Polish - VG; Symmetry - GD; No Of Diamonds - 1 | Laboratory: GIA.,in stock,new,120274.19 JPY,https://www.colourdiam.com/diamonddetails/Diamonds/Product/4204,https://www.colourdiam.com/Product/Diamond/4204/still.jpg,Colour Diam,Apparel & Accessories > Jewelry,,1,,,,unisex,Fancy Intense Yellow,,adult,,,,,,,,,GIA,Fine Jewelry
2054,0.53 Ct Very Light Pink Other Natural Diamond SI1 CGL,Colour Diam stock 2054. Sku - 2054; Weight - 0.53; Colour - Very Light Pink; Shape - Other; Clarity - SI1; Measurements - 4.99x5.03x3.37; Fluorescence - None; Polish - ; Symmetry - ; No Of Diamonds - 1 | Laboratory: CGL.,in stock,new,481093.61 JPY,https://www.colourdiam.com/diamonddetails/Diamonds/Product/2054,https://www.colourdiam.com/Product/Diamond/2054/still.jpg,Colour Diam,Apparel & Accessories > Jewelry,,1,,,,unisex,Very Light Pink,,adult,,,,,,,,,CGL,Fine Jewelry
5237,0.53 Ct Fancy Light Orangy Pink Radiant Natural Diamond SI2 GIA,Colour Diam stock 5237. Sku - 5237; Weight - 0.53; Colour - Fancy Light Orangy Pink; Shape - Radiant; Clarity - SI2; Measurements - 5.10 x 3.77 x 2.79; Fluorescence - STG; Polish - EX; Symmetry - GD; No Of Diamonds - 1 | Laboratory: GIA.,in stock,new,1069085.51 JPY,https://www.colourdiam.com/diamonddetails/Diamonds/Product/5237,https://www.colourdiam.com/Product/Diamond/5237/still.jpg,Colour Diam,Apparel & Accessories > Jewelry,,1,,,,unisex,Fancy Light Orangy Pink,,adult,,,,,,,,,GIA,Fine Jewelry
3347,0.52 Ct Fancy Deep Brownish Yellow Heart Natural Diamond I2 GIA,Colour Diam stock 3347. Sku - 3347; Weight - 0.52; Colour - Fancy Deep Brownish Yellow; Shape - Heart; Clarity - I2; Measurements - 4.84X5.20X2.87; Fluorescence - Med; Polish - EX; Symmetry - GD; No Of Diamonds - 1 | Laboratory: GIA.,in stock,new,47201.64 JPY,https://www.colourdiam.com/diamonddetails/Diamonds/Product/3347,https://www.colourdiam.com/Product/Diamond/3347/still.jpg,Colour Diam,Apparel & Accessories > Jewelry,,1,,,,unisex,Fancy Deep Brownish Yellow,,adult,,,,,,,,,GIA,Fine Jewelry
4712,0.52 Ct Light Blue Pear Natural Diamond SI2 GIA,Colour Diam stock 4712. Sku - 4712; Weight - 0.52; Colour - Light Blue; Shape - Pear; Clarity - SI2; Measurements - 6.81X4.11X2.54; Fluorescence - Med; Polish - G; Symmetry - VG; No Of Diamonds - 1 | Laboratory: GIA.,in stock,new,424814.74 JPY,https://www.colourdiam.com/diamonddetails/Diamonds/Product/4712,https://www.colourdiam.com/Product/Diamond/4712/still.jpg,Colour Diam,Apparel & Accessories > Jewelry,,1,,,,unisex,Light Blue,,adult,,,,,,,,,GIA,Fine Jewelry
7207,0.52 Ct Very Light Pinkish Brown Pear Natural Diamond VS2 GIA,Colour Diam stock 7207. Sku - 7207; Weight - 0.52; Colour - Very Light Pinkish Brown; Shape - Pear; Clarity - VS2; Measurements - 7.01 x 4.39 x 2.49; Fluorescence - None; Polish - G; Symmetry - GD; No Of Diamonds - 1 | Laboratory: GIA.,in stock,new,240728.35 JPY,https://www.colourdiam.com/diamonddetails/Diamonds/Product/7207,https://www.colourdiam.com/Product/Diamond/7207/still.jpg,Colour Diam,Apparel & Accessories > Jewelry,,1,,,,unisex,Very Light Pinkish Brown,,adult,,,,,,,,,GIA,Fine Jewelry
2965,0.52 Ct Light Pinkish Brown Pear Natural Diamond SI1 CGL,Colour Diam stock 2965. Sku - 2965; Weight - 0.52; Colour - Light Pinkish Brown; Shape - Pear; Clarity - SI1; Measurements - 5.63*4.21*2.87; Fluorescence - None; Polish - ; Symmetry - ; No Of Diamonds - 1 | Laboratory: CGL.,in stock,new,,https://www.colourdiam.com/diamonddetails/Diamonds/Product/2965,https://www.colourdiam.com/Product/Diamond/2965/still.jpg,Colour Diam,Apparel & Accessories > Jewelry,,1,,,,unisex,Light Pinkish Brown,,adult,,,,,,,,,CGL,Fine Jewelry
6343,0.52 Ct Faint Pink Round Natural Diamond SI2 GIA,Colour Diam stock 6343. Sku - 6343; Weight - 0.52; Colour - Faint Pink; Shape - Round; Clarity - SI2; Measurements - 5.22 X 5.23 X 3.14; Fluorescence - Med; Polish - EX; Symmetry - EX; No Of Diamonds - 1 | Laboratory: GIA.,in stock,new,231288.02 JPY,https://www.colourdiam.com/diamonddetails/Diamonds/Product/6343,https://www.colourdiam.com/Product/Diamond/6343/still.jpg,Colour Diam,Apparel & Accessories > Jewelry,,1,,,,unisex,Faint Pink,,adult,,,,,,,,,GIA,Fine Jewelry
4544,0.52 Ct Fancy Brownish Orangy Pink Radiant Natural Diamond VS2 GIA,Colour Diam stock 4544. Sku - 4544; Weight - 0.52; Colour - Fancy Brownish Orangy Pink; Shape - Radiant; Clarity - VS2; Measurements - 4.58*4.15*2.86; Fluorescence - Fnt; Polish - EX; Symmetry - VG; No Of Diamonds - 1 | Laboratory: GIA.,in stock,new,839055.67 JPY,https://www.colourdiam.com/diamonddetails/Diamonds/Product/4544,https://www.colourdiam.com/Product/Diamond/4544/still.jpg,Colour Diam,Apparel & Accessories > Jewelry,,1,,,,unisex,Fancy Brownish Orangy Pink,,adult,,,,,,,,,GIA,Fine Jewelry
5231,0.52 Ct Faint Gray Round Natural Diamond SI1 GIA,Colour Diam stock 5231. Sku - 5231; Weight - 0.52; Colour - Faint Gray; Shape - Round; Clarity - SI1; Measurements - 5.10X5.12X3.22; Fluorescence - None; Polish - EX; Symmetry - EX; No Of Diamonds - 1 | Laboratory: GIA.,in stock,new,113283.93 JPY,https://www.colourdiam.com/diamonddetails/Diamonds/Product/5231,https://www.colourdiam.com/Product/Diamond/5231/still.jpg,Colour Diam,Apparel & Accessories > Jewelry,,1,,,,unisex,Faint Gray,,adult,,,,,,,,,GIA,Fine Jewelry
2009,0.52 Ct Fancy Orangy Pink Pear Natural Diamond I2 GIA,Colour Diam stock 2009. Sku - 2009; Weight - 0.52; Colour - Fancy Orangy Pink; Shape - Pear; Clarity - I2; Measurements - 6.72X4.57X2.37; Fluorescence - Med; Polish - VG; Symmetry - GD; No Of Diamonds - 1 | Laboratory: GIA.,in stock,new,226567.86 JPY,https://www.colourdiam.com/diamonddetails/Diamonds/Product/2009,https://www.colourdiam.com/Product/Diamond/2009/still.jpg,Colour Diam,Apparel & Accessories > Jewelry,,1,,,,unisex,Fancy Orangy Pink,,adult,,,,,,,,,GIA,Fine Jewelry
6687,0.52 Ct Fancy Grayish Greenish Yellow Cushion Natural Diamond SI2 GIA,Colour Diam stock 6687. Sku - 6687; Weight - 0.52; Colour - Fancy Grayish Greenish Yellow; Shape - Cushion; Clarity - SI2; Measurements - 4.53 X 4.42 X 2.91; Fluorescence - Med; Polish - VG; Symmetry - GD; No Of Diamonds - 1 | Laboratory: GIA.,in stock,new,104882.35 JPY,https://www.colourdiam.com/diamonddetails/Diamonds/Product/6687,https://www.colourdiam.com/Product/Diamond/6687/still.jpg,Colour Diam,Apparel & Accessories > Jewelry,,1,,,,unisex,Fancy Grayish Greenish Yellow,,adult,,,,,,,,,GIA,Fine Jewelry
9523,0.52 Ct Fancy Light Green Yellow Pear Natural Diamond SI2 GIA,Colour Diam stock 9523. Sku - 9523; Weight - 0.52; Colour - Fancy Light Green Yellow; Shape - Pear; Clarity - SI2; Measurements - 6.87 X 4.16 X 2.54; Fluorescence - STG; Polish - G; Symmetry - GD; No Of Diamonds - 1 | Laboratory: GIA.,in stock,new,283209.82 JPY,https://www.colourdiam.com/diamonddetails/Diamonds/Product/9523,https://www.colourdiam.com/Product/Diamond/9523/still.jpg,Colour Diam,Apparel & Accessories > Jewelry,,1,,,,unisex,Fancy Light Green Yellow,,adult,,,,,,,,,GIA,Fine Jewelry
179,0.51 Ct Fancy Purple Pink Cushion Natural Diamond SI2 GIA,Colour Diam stock 179. Sku - 179; Weight - 0.51; Colour - Fancy Purple Pink; Shape - Cushion; Clarity - SI2; Measurements - 4.80X4.34X2.75; Fluorescence - None; Polish - VG; Symmetry - GD; No Of Diamonds - 1 | Laboratory: GIA.,in stock,new,1666580.89 JPY,https://www.colourdiam.com/diamonddetails/Diamonds/Product/179,https://www.colourdiam.com/Product/Diamond/179/still.jpg,Colour Diam,Apparel & Accessories > Jewelry,,1,,,,unisex,Fancy Purple Pink,,adult,,,,,,,,,GIA,Fine Jewelry
7111,0.51 Ct Fancy Vivid Yellow Orange Cushion Natural Diamond I1 GIA,Colour Diam stock 7111. Sku - 7111; Weight - 0.51; Colour - Fancy Vivid Yellow Orange; Shape - Cushion; Clarity - I1; Measurements - 4.36 X 4.32 X 3.01; Fluorescence - STG; Polish - EX; Symmetry - GD; No Of Diamonds - 1 | Laboratory: GIA.,in stock,new,822920.29 JPY,https://www.colourdiam.com/diamonddetails/Diamonds/Product/7111,https://www.colourdiam.com/Product/Diamond/7111/still.jpg,Colour Diam,Apparel & Accessories > Jewelry,,1,,,,unisex,Fancy Vivid Yellow Orange,,adult,,,,,,,,,GIA,Fine Jewelry
2522,0.51 Ct Fancy Purplish Pink Radiant Natural Diamond I2 GIA,Colour Diam stock 2522. Sku - 2522; Weight - 0.51; Colour - Fancy Purplish Pink; Shape - Radiant; Clarity - I2; Measurements - 4.98 x 4.49 x 2.69; Fluorescence - None; Polish - G; Symmetry - GD; No Of Diamonds - 1 | Laboratory: GIA.,in stock,new,1203641.75 JPY,https://www.colourdiam.com/diamonddetails/Diamonds/Product/2522,https://www.colourdiam.com/Product/Diamond/2522/still.jpg,Colour Diam,Apparel & Accessories > Jewelry,,1,,,,unisex,Fancy Purplish Pink,,adult,,,,,,,,,GIA,Fine Jewelry
4322,0.51 Ct Fancy Intense Yellow Oval Natural Diamond SI2 GIA,Colour Diam stock 4322. Sku - 4322; Weight - 0.51; Colour - Fancy Intense Yellow; Shape - Oval; Clarity - SI2; Measurements - 5.70*4.29*2.75; Fluorescence - None; Polish - VG; Symmetry - GD; No Of Diamonds - 1 | Laboratory: GIA.,in stock,new,115735.57 JPY,https://www.colourdiam.com/diamonddetails/Diamonds/Product/4322,https://www.colourdiam.com/Product/Diamond/4322/still.jpg,Colour Diam,Apparel & Accessories > Jewelry,,1,,,,unisex,Fancy Intense Yellow,,adult,,,,,,,,,GIA,Fine Jewelry
6179,0.51 Ct Fancy Yellow Cushion Natural Diamond SI2 GIA,Colour Diam stock 6179. Sku - 6179; Weight - 0.51; Colour - Fancy Yellow; Shape - Cushion; Clarity - SI2; Measurements - 4.52 X 4.11 X 2.89; Fluorescence - Fnt; Polish - VG; Symmetry - GD; No Of Diamonds - 1 | Laboratory: GIA.,in stock,new,111105.39 JPY,https://www.colourdiam.com/diamonddetails/Diamonds/Product/6179,https://www.colourdiam.com/Product/Diamond/6179/still.jpg,Colour Diam,Apparel & Accessories > Jewelry,,1,,,,unisex,Fancy Yellow,,adult,,,,,,,,,GIA,Fine Jewelry
6106,0.51 Ct Light Pink Cushion Natural Diamond VS2 GIA,Colour Diam stock 6106. Sku - 6106; Weight - 0.51; Colour - Light Pink; Shape - Cushion; Clarity - VS2; Measurements - 4.77x4.73x2.74; Fluorescence - None; Polish - VG; Symmetry - VG; No Of Diamonds - 1 | Laboratory: GIA.,in stock,new,666632.36 JPY,https://www.colourdiam.com/diamonddetails/Diamonds/Product/6106,https://www.colourdiam.com/Product/Diamond/6106/still.jpg,Colour Diam,Apparel & Accessories > Jewelry,,1,,,,unisex,Light Pink,,adult,,,,,,,,,GIA,Fine Jewelry
5607,0.51 Ct Light Pink Pear Natural Diamond SI1 GIA,Colour Diam stock 5607. Sku - 5607; Weight - 0.51; Colour - Light Pink; Shape - Pear; Clarity - SI1; Measurements - 4.31X 6.07X 2.69; Fluorescence - None; Polish - VG; Symmetry - GD; No Of Diamonds - 1 | Laboratory: GIA.,in stock,new,509233.05 JPY,https://www.colourdiam.com/diamonddetails/Diamonds/Product/5607,https://www.colourdiam.com/Product/Diamond/5607/still.jpg,Colour Diam,Apparel & Accessories > Jewelry,,1,,,,unisex,Light Pink,,adult,,,,,,,,,GIA,Fine Jewelry
6055,0.51 Ct Light Pink Cushion Natural Diamond VS2 GIA,Colour Diam stock 6055. Sku - 6055; Weight - 0.51; Colour - Light Pink; Shape - Cushion; Clarity - VS2; Measurements - 4.19x4.00x2.94; Fluorescence - None; Polish - VG; Symmetry - VG; No Of Diamonds - 1 | Laboratory: GIA.,in stock,new,740702.62 JPY,https://www.colourdiam.com/diamonddetails/Diamonds/Product/6055,https://www.colourdiam.com/Product/Diamond/6055/still.jpg,Colour Diam,Apparel & Accessories > Jewelry,,1,,,,unisex,Light Pink,,adult,,,,,,,,,GIA,Fine Jewelry
8967,0.51 Ct Fancy Light Green Heart Natural Diamond SI1 GIA,Colour Diam stock 8967. Sku - 8967; Weight - 0.51; Colour - Fancy Light Green; Shape - Heart; Clarity - SI1; Measurements - 5.44 x 5.75 x 2.51; Fluorescence - STG; Polish - VG; Symmetry - GD; No Of Diamonds - 1 | Laboratory: GIA.,in stock,new,509233.05 JPY,https://www.colourdiam.com/diamonddetails/Diamonds/Product/8967,https://www.colourdiam.com/Product/Diamond/8967/still.jpg,Colour Diam,Apparel & Accessories > Jewelry,,1,,,,unisex,Fancy Light Green,,adult,,,,,,,,,GIA,Fine Jewelry
5439,0.51 Ct Light Blue Pear Natural Diamond SI2 GIA,Colour Diam stock 5439. Sku - 5439; Weight - 0.51; Colour - Light Blue; Shape - Pear; Clarity - SI2; Measurements - 6.74X 4.65X 2.45; Fluorescence - Med; Polish - VG; Symmetry - F; No Of Diamonds - 1 | Laboratory: GIA.,in stock,new,435162.79 JPY,https://www.colourdiam.com/diamonddetails/Diamonds/Product/5439,https://www.colourdiam.com/Product/Diamond/5439/still.jpg,Colour Diam,Apparel & Accessories > Jewelry,,1,,,,unisex,Light Blue,,adult,,,,,,,,,GIA,Fine Jewelry
1067,0.51 Ct Fancy Light Pink Oval Natural Diamond SI2 GIA,Colour Diam stock 1067. Sku - 1067; Weight - 0.51; Colour - Fancy Light Pink; Shape - Oval; Clarity - SI2; Measurements - 5.90X4.41X2.54; Fluorescence - Fnt; Polish - G; Symmetry - GD; No Of Diamonds - 1 | Laboratory: GIA.,in stock,new,1388817.41 JPY,https://www.colourdiam.com/diamonddetails/Diamonds/Product/1067,https://www.colourdiam.com/Product/Diamond/1067/still.jpg,Colour Diam,Apparel & Accessories > Jewelry,,1,,,,unisex,Fancy Light Pink,,adult,,,,,,,,,GIA,Fine Jewelry
7055,0.51 Ct Fancy Intense Orange Yellow Pear Natural Diamond SI2 GIA,Colour Diam stock 7055. Sku - 7055; Weight - 0.51; Colour - Fancy Intense Orange Yellow; Shape - Pear; Clarity - SI2; Measurements - 6.08 x 4.00 x 2.78; Fluorescence - Med; Polish - G; Symmetry - GD; No Of Diamonds - 1 | Laboratory: GIA.,in stock,new,333316.18 JPY,https://www.colourdiam.com/diamonddetails/Diamonds/Product/7055,https://www.colourdiam.com/Product/Diamond/7055/still.jpg,Colour Diam,Apparel & Accessories > Jewelry,,1,,,,unisex,Fancy Intense Orange Yellow,,adult,,,,,,,,,GIA,Fine Jewelry
2013,0.5 Ct Fancy Brown Pink Heart Natural Diamond SI2 GIA,Colour Diam stock 2013. Sku - 2013; Weight - 0.5; Colour - Fancy Brown Pink; Shape - Heart; Clarity - SI2; Measurements - 4.49X5.37X2.72; Fluorescence - Med; Polish - VG; Symmetry - VG; No Of Diamonds - 1 | Laboratory: GIA.,in stock,new,254162.66 JPY,https://www.colourdiam.com/diamonddetails/Diamonds/Product/2013,https://www.colourdiam.com/Product/Diamond/2013/still.jpg,Colour Diam,Apparel & Accessories > Jewelry,,1,,,,unisex,Fancy Brown Pink,,adult,,,,,,,,,GIA,Fine Jewelry
7423,0.5 Ct Fancy Light Purplish Pink Oval Natural Diamond SI2 GIA,Colour Diam stock 7423. Sku - 7423; Weight - 0.5; Colour - Fancy Light Purplish Pink; Shape - Oval; Clarity - SI2; Measurements - 5.96 X 4.33 X 2.47; Fluorescence - None; Polish - VG; Symmetry - GD; No Of Diamonds - 1 | Laboratory: GIA.,in stock,new,1361585.69 JPY,https://www.colourdiam.com/diamonddetails/Diamonds/Product/7423,https://www.colourdiam.com/Product/Diamond/7423/still.jpg,Colour Diam,Apparel & Accessories > Jewelry,,1,,,,unisex,Fancy Light Purplish Pink,,adult,,,,,,,,,GIA,Fine Jewelry
5438,0.5 Ct Very Light Blue Pear Natural Diamond SI2 GIA,Colour Diam stock 5438. Sku - 5438; Weight - 0.5; Colour - Very Light Blue; Shape - Pear; Clarity - SI2; Measurements - 6.60X 4.50X 2.38; Fluorescence - STG; Polish - VG; Symmetry - VG; No Of Diamonds - 1 | Laboratory: GIA.,in stock,new,426630.18 JPY,https://www.colourdiam.com/diamonddetails/Diamonds/Product/5438,https://www.colourdiam.com/Product/Diamond/5438/still.jpg,Colour Diam,Apparel & Accessories > Jewelry,,1,,,,unisex,Very Light Blue,,adult,,,,,,,,,GIA,Fine Jewelry
5410,0.5 Ct Light Pink Cushion Natural Diamond SI2 GIA,Colour Diam stock 5410. Sku - 5410; Weight - 0.5; Colour - Light Pink; Shape - Cushion; Clarity - SI2; Measurements - 4.48 x 4.23 x 2.92; Fluorescence - None; Polish - EX; Symmetry - VG; No Of Diamonds - 1 | Laboratory: GIA.,in stock,new,499248.09 JPY,https://www.colourdiam.com/diamonddetails/Diamonds/Product/5410,https://www.colourdiam.com/Product/Diamond/5410/still.jpg,Colour Diam,Apparel & Accessories > Jewelry,,1,,,,unisex,Light Pink,,adult,,,,,,,,,GIA,Fine Jewelry
6113,0.5 Ct Light Pinkish Brown Oval Natural Diamond VS2 GIA,Colour Diam stock 6113. Sku - 6113; Weight - 0.5; Colour - Light Pinkish Brown; Shape - Oval; Clarity - VS2; Measurements - 5.27 X 3.98. X 2.87; Fluorescence - None; Polish - EX; Symmetry - VG; No Of Diamonds - 1 | Laboratory: GIA.,in stock,new,272317.14 JPY,https://www.colourdiam.com/diamonddetails/Diamonds/Product/6113,https://www.colourdiam.com/Product/Diamond/6113/still.jpg,Colour Diam,Apparel & Accessories > Jewelry,,1,,,,unisex,Light Pinkish Brown,,adult,,,,,,,,,GIA,Fine Jewelry
5541,0.5 Ct Light Pinkish Brown Radiant Natural Diamond VS2 GIA,Colour Diam stock 5541. Sku - 5541; Weight - 0.5; Colour - Light Pinkish Brown; Shape - Radiant; Clarity - VS2; Measurements - 4.26 x 4.22 x 2.97; Fluorescence - None; Polish - EX; Symmetry - VG; No Of Diamonds - 1 | Laboratory: GIA.,in stock,new,281394.38 JPY,https://www.colourdiam.com/diamonddetails/Diamonds/Product/5541,https://www.colourdiam.com/Product/Diamond/5541/still.jpg,Colour Diam,Apparel & Accessories > Jewelry,,1,,,,unisex,Light Pinkish Brown,,adult,,,,,,,,,GIA,Fine Jewelry
6336,0.5 Ct Very Light Pink Pear Natural Diamond I1 GIA,Colour Diam stock 6336. Sku - 6336; Weight - 0.5; Colour - Very Light Pink; Shape - Pear; Clarity - I1; Measurements - 6.41 X 4.40 X 2.61; Fluorescence - None; Polish - G; Symmetry - F; No Of Diamonds - 1 | Laboratory: GIA.,in stock,new,238459.83 JPY,https://www.colourdiam.com/diamonddetails/Diamonds/Product/6336,https://www.colourdiam.com/Product/Diamond/6336/still.jpg,Colour Diam,Apparel & Accessories > Jewelry,,1,,,,unisex,Very Light Pink,,adult,,,,,,,,,GIA,Fine Jewelry
6342,0.5 Ct Faint Pink Round Natural Diamond I1 GIA,Colour Diam stock 6342. Sku - 6342; Weight - 0.5; Colour - Faint Pink; Shape - Round; Clarity - I1; Measurements - 5.02 X 5.05 X 3.17; Fluorescence - None; Polish - EX; Symmetry - VG; No Of Diamonds - 1 | Laboratory: GIA.,in stock,new,163390.28 JPY,https://www.colourdiam.com/diamonddetails/Diamonds/Product/6342,https://www.colourdiam.com/Product/Diamond/6342/still.jpg,Colour Diam,Apparel & Accessories > Jewelry,,1,,,,unisex,Faint Pink,,adult,,,,,,,,,GIA,Fine Jewelry
7101,0.5 Ct Light Pink Radiant Natural Diamond SI1 GIA,Colour Diam stock 7101. Sku - 7101; Weight - 0.5; Colour - Light Pink; Shape - Radiant; Clarity - SI1; Measurements - 4.61 x 4.43 x 2.88; Fluorescence - None; Polish - VG; Symmetry - GD; No Of Diamonds - 1 | Laboratory: GIA.,in stock,new,626329.42 JPY,https://www.colourdiam.com/diamonddetails/Diamonds/Product/7101,https://www.colourdiam.com/Product/Diamond/7101/still.jpg,Colour Diam,Apparel & Accessories > Jewelry,,1,,,,unisex,Light Pink,,adult,,,,,,,,,GIA,Fine Jewelry
7108,0.5 Ct Fancy Vivid Yellow Orange Cushion Natural Diamond I1 GIA,Colour Diam stock 7108. Sku - 7108; Weight - 0.5; Colour - Fancy Vivid Yellow Orange; Shape - Cushion; Clarity - I1; Measurements - 4.98 X 3.81 X 2.94; Fluorescence - Med; Polish - VG; Symmetry - GD; No Of Diamonds - 1 | Laboratory: GIA.,in stock,new,907723.8 JPY,https://www.colourdiam.com/diamonddetails/Diamonds/Product/7108,https://www.colourdiam.com/Product/Diamond/7108/still.jpg,Colour Diam,Apparel & Accessories > Jewelry,,1,,,,unisex,Fancy Vivid Yellow Orange,,adult,,,,,,,,,GIA,Fine Jewelry
5032,0.5 Ct Fancy Yellow Oval Natural Diamond I1 GIA,Colour Diam stock 5032. Sku - 5032; Weight - 0.5; Colour - Fancy Yellow; Shape - Oval; Clarity - I1; Measurements - 5.85*4.42*2.76; Fluorescence - Fnt; Polish - G; Symmetry - GD; No Of Diamonds - 1 | Laboratory: GIA.,in stock,new,59002.05 JPY,https://www.colourdiam.com/diamonddetails/Diamonds/Product/5032,https://www.colourdiam.com/Product/Diamond/5032/still.jpg,Colour Diam,Apparel & Accessories > Jewelry,,1,,,,unisex,Fancy Yellow,,adult,,,,,,,,,GIA,Fine Jewelry
1360,0.5 Ct Fancy Intense Orangy Yellow Marquise Natural Diamond GIA,Colour Diam stock 1360. Sku - 1360; Weight - 0.5; Colour - Fancy Intense Orangy Yellow; Shape - Marquise; Clarity - ; Measurements - 7.31 x 4.13 x 2.62; Fluorescence - None; Polish - ; Symmetry - ; No Of Diamonds - 1 | Laboratory: GIA.,in stock,new,499248.09 JPY,https://www.colourdiam.com/diamonddetails/Diamonds/Product/1360,https://www.colourdiam.com/Product/Diamond/1360/still.jpg,Colour Diam,Apparel & Accessories > Jewelry,,1,,,,unisex,Fancy Intense Orangy Yellow,,adult,,,,,,,,,GIA,Fine Jewelry
7269,0.5 Ct Very Light Pink Pear Natural Diamond VS1 GIA,Colour Diam stock 7269. Sku - 7269; Weight - 0.5; Colour - Very Light Pink; Shape - Pear; Clarity - VS1; Measurements - 6.73 x 4.46 x 2.78; Fluorescence - None; Polish - EX; Symmetry - VG; No Of Diamonds - 1 | Laboratory: GIA.,in stock,new,526479.8 JPY,https://www.colourdiam.com/diamonddetails/Diamonds/Product/7269,https://www.colourdiam.com/Product/Diamond/7269/still.jpg,Colour Diam,Apparel & Accessories > Jewelry,,1,,,,unisex,Very Light Pink,,adult,,,,,,,,,GIA,Fine Jewelry
7680,0.5 Ct Faint Pinkish Brown Princess Natural Diamond VS2 GIA,Colour Diam stock 7680. Sku - 7680; Weight - 0.5; Colour - Faint Pinkish Brown; Shape - Princess; Clarity - VS2; Measurements - 4.36X4.24X3.12; Fluorescence - None; Polish - EX; Symmetry - EX; No Of Diamonds - 1 | Laboratory: GIA.,in stock,new,226930.95 JPY,https://www.colourdiam.com/diamonddetails/Diamonds/Product/7680,https://www.colourdiam.com/Product/Diamond/7680/still.jpg,Colour Diam,Apparel & Accessories > Jewelry,,1,,,,unisex,Faint Pinkish Brown,,adult,,,,,,,,,GIA,Fine Jewelry
7798,0.5 Ct Faint Pinkish Brown Heart Natural Diamond SI2 GIA,Colour Diam stock 7798. Sku - 7798; Weight - 0.5; Colour - Faint Pinkish Brown; Shape - Heart; Clarity - SI2; Measurements - 4.93X5.41X3.07; Fluorescence - None; Polish - EX; Symmetry - VG; No Of Diamonds - 1 | Laboratory: GIA.,in stock,new,154313.05 JPY,https://www.colourdiam.com/diamonddetails/Diamonds/Product/7798,https://www.colourdiam.com/Product/Diamond/7798/still.jpg,Colour Diam,Apparel & Accessories > Jewelry,,1,,,,unisex,Faint Pinkish Brown,,adult,,,,,,,,,GIA,Fine Jewelry
8335,0.5 Ct Fancy Purple Pink Cushion Natural Diamond SI2 GIA,Colour Diam stock 8335. Sku - 8335; Weight - 0.5; Colour - Fancy Purple Pink; Shape - Cushion; Clarity - SI2; Measurements - 4.79 x 4.09 x 2.82; Fluorescence - Fnt; Polish - EX; Symmetry - VG; No Of Diamonds - 1 | Laboratory: GIA.,in stock,new,2042378.54 JPY,https://www.colourdiam.com/diamonddetails/Diamonds/Product/8335,https://www.colourdiam.com/Product/Diamond/8335/still.jpg,Colour Diam,Apparel & Accessories > Jewelry,,1,,,,unisex,Fancy Purple Pink,,adult,,,,,,,,,GIA,Fine Jewelry
2012,0.5 Ct Fancy Brown Pink Cut cornered square Natural Diamond I2 GIA,Colour Diam stock 2012. Sku - 2012; Weight - 0.5; Colour - Fancy Brown Pink; Shape - Cut cornered square; Clarity - I2; Measurements - 4.15X4.07X3.27; Fluorescence - Fnt; Polish - EX; Symmetry - GD; No Of Diamonds - 1 | Laboratory: GIA.,in stock,new,204237.85 JPY,https://www.colourdiam.com/diamonddetails/Diamonds/Product/2012,https://www.colourdiam.com/Product/Diamond/2012/still.jpg,Colour Diam,Apparel & Accessories > Jewelry,,1,,,,unisex,Fancy Brown Pink,,adult,,,,,,,,,GIA,Fine Jewelry
4973,0.49 Ct Fancy Brown Pink Pear Natural Diamond SI1 GIA,Colour Diam stock 4973. Sku - 4973; Weight - 0.49; Colour - Fancy Brown Pink; Shape - Pear; Clarity - SI1; Measurements - 7.46X4.84X1.60; Fluorescence - None; Polish - G; Symmetry - F; No Of Diamonds - 1 | Laboratory: GIA.,in stock,new,177913.86 JPY,https://www.colourdiam.com/diamonddetails/Diamonds/Product/4973,https://www.colourdiam.com/Product/Diamond/4973/still.jpg,Colour Diam,Apparel & Accessories > Jewelry,,1,,,,unisex,Fancy Brown Pink,,adult,,,,,,,,,GIA,Fine Jewelry
1049,0.49 Ct Faint Green Round Natural Diamond GIA,Colour Diam stock 1049. Sku - 1049; Weight - 0.49; Colour - Faint Green; Shape - Round; Clarity - ; Measurements - 5.08x5.15x3.08; Fluorescence - None; Polish - ; Symmetry - ; No Of Diamonds - 1 | Laboratory: GIA.,in stock,new,177913.86 JPY,https://www.colourdiam.com/diamonddetails/Diamonds/Product/1049,https://www.colourdiam.com/Product/Diamond/1049/still.jpg,Colour Diam,Apparel & Accessories > Jewelry,,1,,,,unisex,Faint Green,,adult,,,,,,,,,GIA,Fine Jewelry
7100,0.49 Ct Fancy Dark Gray Yellowish Green Cushion Natural Diamond I1 GIA,Colour Diam stock 7100. Sku - 7100; Weight - 0.49; Colour - Fancy Dark Gray Yellowish Green; Shape - Cushion; Clarity - I1; Measurements - 4.62 x 4.57 x 2.65; Fluorescence - STG; Polish - G; Symmetry - GD; No Of Diamonds - 1 | Laboratory: GIA.,in stock,new,178535.85 JPY,https://www.colourdiam.com/diamonddetails/Diamonds/Product/7100,https://www.colourdiam.com/Product/Diamond/7100/still.jpg,Colour Diam,Apparel & Accessories > Jewelry,,1,,,,unisex,Fancy Dark Gray Yellowish Green,,adult,,,,,,,,,GIA,Fine Jewelry
1381,0.48 Ct Fancy Vivid Yellow Cushion Natural Diamond SI1 GIA,Colour Diam stock 1381. Sku - 1381; Weight - 0.48; Colour - Fancy Vivid Yellow; Shape - Cushion; Clarity - SI1; Measurements - 5.04X4.24X2.75; Fluorescence - None; Polish - EX; Symmetry - VG; No Of Diamonds - 1 | Laboratory: GIA.,in stock,new,392136.68 JPY,https://www.colourdiam.com/diamonddetails/Diamonds/Product/1381,https://www.colourdiam.com/Product/Diamond/1381/still.jpg,Colour Diam,Apparel & Accessories > Jewelry,,1,,,,unisex,Fancy Vivid Yellow,,adult,,,,,,,,,GIA,Fine Jewelry
4730,0.48 Ct Fancy Light Greenish Blue Pear Natural Diamond SI1 GIA,Colour Diam stock 4730. Sku - 4730; Weight - 0.48; Colour - Fancy Light Greenish Blue; Shape - Pear; Clarity - SI1; Measurements - 5.9X4.33X2.56; Fluorescence - None; Polish - G; Symmetry - GD; No Of Diamonds - 1 | Laboratory: GIA.,in stock,new,392136.68 JPY,https://www.colourdiam.com/diamonddetails/Diamonds/Product/4730,https://www.colourdiam.com/Product/Diamond/4730/still.jpg,Colour Diam,Apparel & Accessories > Jewelry,,1,,,,unisex,Fancy Light Greenish Blue,,adult,,,,,,,,,GIA,Fine Jewelry
8698,0.48 Ct Fancy Light Yellow Green Radiant Natural Diamond SI2 GIA,Colour Diam stock 8698. Sku - 8698; Weight - 0.48; Colour - Fancy Light Yellow Green; Shape - Radiant; Clarity - SI2; Measurements - 4.36x4.34x2.86; Fluorescence - Vst; Polish - VG; Symmetry - GD; No Of Diamonds - 1 | Laboratory: GIA.,in stock,new,348565.94 JPY,https://www.colourdiam.com/diamonddetails/Diamonds/Product/8698,https://www.colourdiam.com/Product/Diamond/8698/still.jpg,Colour Diam,Apparel & Accessories > Jewelry,,1,,,,unisex,Fancy Light Yellow Green,,adult,,,,,,,,,GIA,Fine Jewelry
2963,0.47 Ct Light Yellowish Gray Heart Natural Diamond SI2 CGL,Colour Diam stock 2963. Sku - 2963; Weight - 0.47; Colour - Light Yellowish Gray; Shape - Heart; Clarity - SI2; Measurements - 4.46*5.07*2.87; Fluorescence - None; Polish - ; Symmetry - ; No Of Diamonds - 1 | Laboratory: CGL.,in stock,new,,https://www.colourdiam.com/diamonddetails/Diamonds/Product/2963,https://www.colourdiam.com/Product/Diamond/2963/still.jpg,Colour Diam,Apparel & Accessories > Jewelry,,1,,,,unisex,Light Yellowish Gray,,adult,,,,,,,,,CGL,Fine Jewelry
1348,0.46 Ct Fancy Light Gray Radiant Natural Diamond I2 GIA,Colour Diam stock 1348. Sku - 1348; Weight - 0.46; Colour - Fancy Light Gray; Shape - Radiant; Clarity - I2; Measurements - 4.61*4.48*2.85; Fluorescence - None; Polish - G; Symmetry - GD; No Of Diamonds - 1 | Laboratory: GIA.,in stock,new,183723.3 JPY,https://www.colourdiam.com/diamonddetails/Diamonds/Product/1348,https://www.colourdiam.com/Product/Diamond/1348/still.jpg,Colour Diam,Apparel & Accessories > Jewelry,,1,,,,unisex,Fancy Light Gray,,adult,,,,,,,,,GIA,Fine Jewelry
7107,0.46 Ct Fancy Vivid Yellow Orange Cushion Natural Diamond SI2 GIA,Colour Diam stock 7107. Sku - 7107; Weight - 0.46; Colour - Fancy Vivid Yellow Orange; Shape - Cushion; Clarity - SI2; Measurements - 4.85 X 3.75 X 2.72; Fluorescence - None; Polish - VG; Symmetry - VG; No Of Diamonds - 1 | Laboratory: GIA.,in stock,new,742241.8 JPY,https://www.colourdiam.com/diamonddetails/Diamonds/Product/7107,https://www.colourdiam.com/Product/Diamond/7107/still.jpg,Colour Diam,Apparel & Accessories > Jewelry,,1,,,,unisex,Fancy Vivid Yellow Orange,,adult,,,,,,,,,GIA,Fine Jewelry
5537,0.46 Ct Fancy Brownish Pink Radiant Natural Diamond SI2 GIA,Colour Diam stock 5537. Sku - 5537; Weight - 0.46; Colour - Fancy Brownish Pink; Shape - Radiant; Clarity - SI2; Measurements - 4.04 x 4.01 x 2.99; Fluorescence - None; Polish - EX; Symmetry - GD; No Of Diamonds - 1 | Laboratory: GIA.,in stock,new,300638.12 JPY,https://www.colourdiam.com/diamonddetails/Diamonds/Product/5537,https://www.colourdiam.com/Product/Diamond/5537/still.jpg,Colour Diam,Apparel & Accessories > Jewelry,,1,,,,unisex,Fancy Brownish Pink,,adult,,,,,,,,,GIA,Fine Jewelry
7794,0.46 Ct Faint Pink Round Natural Diamond VS2 GIA,Colour Diam stock 7794. Sku - 7794; Weight - 0.46; Colour - Faint Pink; Shape - Round; Clarity - VS2; Measurements - 5.02 x 5.03 X 2.98; Fluorescence - None; Polish - EX; Symmetry - EX; No Of Diamonds - 1 | Laboratory: GIA.,in stock,new,158670.12 JPY,https://www.colourdiam.com/diamonddetails/Diamonds/Product/7794,https://www.colourdiam.com/Product/Diamond/7794/still.jpg,Colour Diam,Apparel & Accessories > Jewelry,,1,,,,unisex,Faint Pink,,adult,,,,,,,,,GIA,Fine Jewelry
5723,0.46 Ct Fancy Yellow Cushion Natural Diamond SI1 GIA,Colour Diam stock 5723. Sku - 5723; Weight - 0.46; Colour - Fancy Yellow; Shape - Cushion; Clarity - SI1; Measurements - 4.38x4.02x2.84; Fluorescence - Fnt; Polish - EX; Symmetry - GD; No Of Diamonds - 1 | Laboratory: GIA.,in stock,new,83510.59 JPY,https://www.colourdiam.com/diamonddetails/Diamonds/Product/5723,https://www.colourdiam.com/Product/Diamond/5723/still.jpg,Colour Diam,Apparel & Accessories > Jewelry,,1,,,,unisex,Fancy Yellow,,adult,,,,,,,,,GIA,Fine Jewelry
4970,0.46 Ct Fancy Yellow Green Pear Natural Diamond I1 GIA,Colour Diam stock 4970. Sku - 4970; Weight - 0.46; Colour - Fancy Yellow Green; Shape - Pear; Clarity - I1; Measurements - 6.26 x 3.88 x 2.45; Fluorescence - None; Polish - G; Symmetry - VG; No Of Diamonds - 1 | Laboratory: GIA.,in stock,new,66808.47 JPY,https://www.colourdiam.com/diamonddetails/Diamonds/Product/4970,https://www.colourdiam.com/Product/Diamond/4970/still.jpg,Colour Diam,Apparel & Accessories > Jewelry,,1,,,,unisex,Fancy Yellow Green,,adult,,,,,,,,,GIA,Fine Jewelry
99,0.46 Ct Fancy Light Purplish Pink Round Natural Diamond GIA,Colour Diam stock 99. Sku - 99; Weight - 0.46; Colour - Fancy Light Purplish Pink; Shape - Round; Clarity - ; Measurements - 4.94 X 4.99 X 3.02; Fluorescence - None; Polish - ; Symmetry - ; No Of Diamonds - 1 | Laboratory: GIA.,in stock,new,1503190.61 JPY,https://www.colourdiam.com/diamonddetails/Diamonds/Product/99,https://www.colourdiam.com/Product/Diamond/99/still.jpg,Colour Diam,Apparel & Accessories > Jewelry,,1,,,,unisex,Fancy Light Purplish Pink,,adult,,,,,,,,,GIA,Fine Jewelry
2309,0.46 Ct W-X Round Natural Diamond SI2 GIA,Colour Diam stock 2309. Sku - 2309; Weight - 0.46; Colour - W-X; Shape - Round; Clarity - SI2; Measurements - 4.97X4.91X3.09; Fluorescence - Fnt; Polish - G; Symmetry - GD; No Of Diamonds - 1 | Laboratory: GIA.,in stock,new,125265.88 JPY,https://www.colourdiam.com/diamonddetails/Diamonds/Product/2309,https://www.colourdiam.com/Product/Diamond/2309/still.jpg,Colour Diam,Apparel & Accessories > Jewelry,,1,,,,unisex,W-X,,adult,,,,,,,,,GIA,Fine Jewelry
9259,0.45 Ct Faint Pink Round Natural Diamond I1 GIA,Colour Diam stock 9259. Sku - 9259; Weight - 0.45; Colour - Faint Pink; Shape - Round; Clarity - I1; Measurements - 4.93 - 4.95 x 2.99; Fluorescence - None; Polish - EX; Symmetry - EX; No Of Diamonds - 1 | Laboratory: GIA.,in stock,new,81695.14 JPY,https://www.colourdiam.com/diamonddetails/Diamonds/Product/9259,https://www.colourdiam.com/Product/Diamond/9259/still.jpg,Colour Diam,Apparel & Accessories > Jewelry,,1,,,,unisex,Faint Pink,,adult,,,,,,,,,GIA,Fine Jewelry
9258,0.45 Ct Faint Pink Round Natural Diamond SI2 GIA,Colour Diam stock 9258. Sku - 9258; Weight - 0.45; Colour - Faint Pink; Shape - Round; Clarity - SI2; Measurements - 4.87 - 4.90 x 3.00; Fluorescence - None; Polish - EX; Symmetry - EX; No Of Diamonds - 1 | Laboratory: GIA.,in stock,new,122542.71 JPY,https://www.colourdiam.com/diamonddetails/Diamonds/Product/9258,https://www.colourdiam.com/Product/Diamond/9258/still.jpg,Colour Diam,Apparel & Accessories > Jewelry,,1,,,,unisex,Faint Pink,,adult,,,,,,,,,GIA,Fine Jewelry
4161,0.45 Ct Fancy Intense Yellow Pear Natural Diamond SI1 GIA,Colour Diam stock 4161. Sku - 4161; Weight - 0.45; Colour - Fancy Intense Yellow; Shape - Pear; Clarity - SI1; Measurements - 6.97*4.38*1.97; Fluorescence - None; Polish - G; Symmetry - GD; No Of Diamonds - 1 | Laboratory: GIA.,in stock,new,147051.25 JPY,https://www.colourdiam.com/diamonddetails/Diamonds/Product/4161,https://www.colourdiam.com/Product/Diamond/4161/still.jpg,Colour Diam,Apparel & Accessories > Jewelry,,1,,,,unisex,Fancy Intense Yellow,,adult,,,,,,,,,GIA,Fine Jewelry
7112,0.45 Ct Fancy Vivid Yellow Orange Cushion Natural Diamond I1 GIA,Colour Diam stock 7112. Sku - 7112; Weight - 0.45; Colour - Fancy Vivid Yellow Orange; Shape - Cushion; Clarity - I1; Measurements - 4.57 X 3.94 X 2.90; Fluorescence - Med; Polish - EX; Symmetry - GD; No Of Diamonds - 1 | Laboratory: GIA.,in stock,new,726106.42 JPY,https://www.colourdiam.com/diamonddetails/Diamonds/Product/7112,https://www.colourdiam.com/Product/Diamond/7112/still.jpg,Colour Diam,Apparel & Accessories > Jewelry,,1,,,,unisex,Fancy Vivid Yellow Orange,,adult,,,,,,,,,GIA,Fine Jewelry
4657,0.45 Ct Fancy Light Purplish Pink Cushion Natural Diamond I1 GIA,Colour Diam stock 4657. Sku - 4657; Weight - 0.45; Colour - Fancy Light Purplish Pink; Shape - Cushion; Clarity - I1; Measurements - 4.75*3.99*2.65; Fluorescence - None; Polish - EX; Symmetry - VG; No Of Diamonds - 1 | Laboratory: GIA.,in stock,new,441153.76 JPY,https://www.colourdiam.com/diamonddetails/Diamonds/Product/4657,https://www.colourdiam.com/Product/Diamond/4657/still.jpg,Colour Diam,Apparel & Accessories > Jewelry,,1,,,,unisex,Fancy Light Purplish Pink,,adult,,,,,,,,,GIA,Fine Jewelry
7683,0.44 Ct Fancy Intense Orangy Yellow Marquise Natural Diamond I1 GIA,Colour Diam stock 7683. Sku - 7683; Weight - 0.44; Colour - Fancy Intense Orangy Yellow; Shape - Marquise; Clarity - I1; Measurements - 6.82 x 3.88 x 2.44; Fluorescence - STG; Polish - VG; Symmetry - F; No Of Diamonds - 1 | Laboratory: GIA.,in stock,new,223663.14 JPY,https://www.colourdiam.com/diamonddetails/Diamonds/Product/7683,https://www.colourdiam.com/Product/Diamond/7683/still.jpg,Colour Diam,Apparel & Accessories > Jewelry,,1,,,,unisex,Fancy Intense Orangy Yellow,,adult,,,,,,,,,GIA,Fine Jewelry
5760,0.44 Ct Fancy Deep Purplish Pink Pear Natural Diamond I1 AGT,Colour Diam stock 5760. Sku - 5760; Weight - 0.44; Colour - Fancy Deep Purplish Pink; Shape - Pear; Clarity - I1; Measurements - 6.81 X 3.99; Fluorescence - Med; Polish - ; Symmetry - ; No Of Diamonds - 1 | Laboratory: AGT.,in stock,new,1198195.41 JPY,https://www.colourdiam.com/diamonddetails/Diamonds/Product/5760,https://www.colourdiam.com/Product/Diamond/5760/still.jpg,Colour Diam,Apparel & Accessories > Jewelry,,1,,,,unisex,Fancy Deep Purplish Pink,,adult,,,,,,,,,AGT,Fine Jewelry
8741,0.44 Ct Fancy Grayish Yellowish Green Round Natural Diamond SI1 GIA,Colour Diam stock 8741. Sku - 8741; Weight - 0.44; Colour - Fancy Grayish Yellowish Green; Shape - Round; Clarity - SI1; Measurements - 4.91 - 4.93 X 2.97; Fluorescence - None; Polish - G; Symmetry - GD; No Of Diamonds - 1 | Laboratory: GIA.,in stock,new,143783.45 JPY,https://www.colourdiam.com/diamonddetails/Diamonds/Product/8741,https://www.colourdiam.com/Product/Diamond/8741/still.jpg,Colour Diam,Apparel & Accessories > Jewelry,,1,,,,unisex,Fancy Grayish Yellowish Green,,adult,,,,,,,,,GIA,Fine Jewelry
1055,0.44 Ct F Round Natural Diamond VVS2 GIA,Colour Diam stock 1055. Sku - 1055; Weight - 0.44; Colour - F; Shape - Round; Clarity - VVS2; Measurements - 4.89X4.85X3.04; Fluorescence - Fnt; Polish - VG; Symmetry - VG; No Of Diamonds - 1 | Laboratory: GIA.,in stock,new,159759.39 JPY,https://www.colourdiam.com/diamonddetails/Diamonds/Product/1055,https://www.colourdiam.com/Product/Diamond/1055/still.jpg,Colour Diam,Apparel & Accessories > Jewelry,,1,,,,unisex,F,,adult,,,,,,,,,GIA,Fine Jewelry
4511,0.43 Ct Fancy Light Pinkish Purple Cushion Natural Diamond SI2 GIA,Colour Diam stock 4511. Sku - 4511; Weight - 0.43; Colour - Fancy Light Pinkish Purple; Shape - Cushion; Clarity - SI2; Measurements - 4.22*4.11*2.81; Fluorescence - None; Polish - VG; Symmetry - VG; No Of Diamonds - 1 | Laboratory: GIA.,in stock,new,585481.85 JPY,https://www.colourdiam.com/diamonddetails/Diamonds/Product/4511,https://www.colourdiam.com/Product/Diamond/4511/still.jpg,Colour Diam,Apparel & Accessories > Jewelry,,1,,,,unisex,Fancy Light Pinkish Purple,,adult,,,,,,,,,GIA,Fine Jewelry
5757,0.43 Ct Fancy Pinkish Purple Heart Natural Diamond GIA,Colour Diam stock 5757. Sku - 5757; Weight - 0.43; Colour - Fancy Pinkish Purple; Shape - Heart; Clarity - ; Measurements - 4.85 X 5.06 X 2.74; Fluorescence - None; Polish - ; Symmetry - ; No Of Diamonds - 1 | Laboratory: GIA.,in stock,new,562062.57 JPY,https://www.colourdiam.com/diamonddetails/Diamonds/Product/5757,https://www.colourdiam.com/Product/Diamond/5757/still.jpg,Colour Diam,Apparel & Accessories > Jewelry,,1,,,,unisex,Fancy Pinkish Purple,,adult,,,,,,,,,GIA,Fine Jewelry
5033,0.43 Ct Fancy Intense Yellow Oval Natural Diamond SI1 GIA,Colour Diam stock 5033. Sku - 5033; Weight - 0.43; Colour - Fancy Intense Yellow; Shape - Oval; Clarity - SI1; Measurements - 5.41*4.08*2.53; Fluorescence - Fnt; Polish - VG; Symmetry - F; No Of Diamonds - 1 | Laboratory: GIA.,in stock,new,117096.37 JPY,https://www.colourdiam.com/diamonddetails/Diamonds/Product/5033,https://www.colourdiam.com/Product/Diamond/5033/still.jpg,Colour Diam,Apparel & Accessories > Jewelry,,1,,,,unisex,Fancy Intense Yellow,,adult,,,,,,,,,GIA,Fine Jewelry
4656,0.43 Ct Fancy Light Orangy Pink Cushion Natural Diamond SI1 GIA,Colour Diam stock 4656. Sku - 4656; Weight - 0.43; Colour - Fancy Light Orangy Pink; Shape - Cushion; Clarity - SI1; Measurements - 4.29.4.09*2.66; Fluorescence - None; Polish - VG; Symmetry - GD; No Of Diamonds - 1 | Laboratory: GIA.,in stock,new,562062.57 JPY,https://www.colourdiam.com/diamonddetails/Diamonds/Product/4656,https://www.colourdiam.com/Product/Diamond/4656/still.jpg,Colour Diam,Apparel & Accessories > Jewelry,,1,,,,unisex,Fancy Light Orangy Pink,,adult,,,,,,,,,GIA,Fine Jewelry
4309,0.43 Ct Fancy Vivid Yellow Oval Natural Diamond VS1 GIA,Colour Diam stock 4309. Sku - 4309; Weight - 0.43; Colour - Fancy Vivid Yellow; Shape - Oval; Clarity - VS1; Measurements - 4.96*3.88*2.72; Fluorescence - None; Polish - G; Symmetry - GD; No Of Diamonds - 1 | Laboratory: GIA.,in stock,new,234192.74 JPY,https://www.colourdiam.com/diamonddetails/Diamonds/Product/4309,https://www.colourdiam.com/Product/Diamond/4309/still.jpg,Colour Diam,Apparel & Accessories > Jewelry,,1,,,,unisex,Fancy Vivid Yellow,,adult,,,,,,,,,GIA,Fine Jewelry
2238,0.43 Ct Fancy Pink Purple Cushion Natural Diamond I2 GIA,Colour Diam stock 2238. Sku - 2238; Weight - 0.43; Colour - Fancy Pink Purple; Shape - Cushion; Clarity - I2; Measurements - 4.49X3.98X2.73; Fluorescence - Med; Polish - EX; Symmetry - GD; No Of Diamonds - 1 | Laboratory: GIA.,in stock,new,624513.97 JPY,https://www.colourdiam.com/diamonddetails/Diamonds/Product/2238,https://www.colourdiam.com/Product/Diamond/2238/still.jpg,Colour Diam,Apparel & Accessories > Jewelry,,1,,,,unisex,Fancy Pink Purple,,adult,,,,,,,,,GIA,Fine Jewelry
6181,0.42 Ct Fancy Yellow Cushion Natural Diamond SI2 GIA,Colour Diam stock 6181. Sku - 6181; Weight - 0.42; Colour - Fancy Yellow; Shape - Cushion; Clarity - SI2; Measurements - 4.83 X 3.63 X 2.50; Fluorescence - None; Polish - EX; Symmetry - VG; No Of Diamonds - 1 | Laboratory: GIA.,in stock,new,91498.56 JPY,https://www.colourdiam.com/diamonddetails/Diamonds/Product/6181,https://www.colourdiam.com/Product/Diamond/6181/still.jpg,Colour Diam,Apparel & Accessories > Jewelry,,1,,,,unisex,Fancy Yellow,,adult,,,,,,,,,GIA,Fine Jewelry
5160,0.42 Ct Light Pink Cushion Natural Diamond I2 GIA,Colour Diam stock 5160. Sku - 5160; Weight - 0.42; Colour - Light Pink; Shape - Cushion; Clarity - I2; Measurements - 4.42X4.13X2.67; Fluorescence - Med; Polish - VG; Symmetry - GD; No Of Diamonds - 1 | Laboratory: GIA.,in stock,new,205871.76 JPY,https://www.colourdiam.com/diamonddetails/Diamonds/Product/5160,https://www.colourdiam.com/Product/Diamond/5160/still.jpg,Colour Diam,Apparel & Accessories > Jewelry,,1,,,,unisex,Light Pink,,adult,,,,,,,,,GIA,Fine Jewelry
7129,0.42 Ct Very Light Pink Pear Natural Diamond I1 GIA,Colour Diam stock 7129. Sku - 7129; Weight - 0.42; Colour - Very Light Pink; Shape - Pear; Clarity - I1; Measurements - 6.45X3.94X2.6; Fluorescence - None; Polish - VG; Symmetry - GD; No Of Diamonds - 1 | Laboratory: GIA.,in stock,new,198246.88 JPY,https://www.colourdiam.com/diamonddetails/Diamonds/Product/7129,https://www.colourdiam.com/Product/Diamond/7129/still.jpg,Colour Diam,Apparel & Accessories > Jewelry,,1,,,,unisex,Very Light Pink,,adult,,,,,,,,,GIA,Fine Jewelry
118,0.42 Ct Fancy Intense Purple Pink Radiant Natural Diamond I2 GIA,Colour Diam stock 118. Sku - 118; Weight - 0.42; Colour - Fancy Intense Purple Pink; Shape - Radiant; Clarity - I2; Measurements - 4.19X3.80X2.75; Fluorescence - Fnt; Polish - VG; Symmetry - GD; No Of Diamonds - 1 | Laboratory: GIA.,in stock,new,1524975.98 JPY,https://www.colourdiam.com/diamonddetails/Diamonds/Product/118,https://www.colourdiam.com/Product/Diamond/118/still.jpg,Colour Diam,Apparel & Accessories > Jewelry,,1,,,,unisex,Fancy Intense Purple Pink,,adult,,,,,,,,,GIA,Fine Jewelry
330,0.42 Ct Fancy Pink Purple Marquise Natural Diamond SI2 GIA,Colour Diam stock 330. Sku - 330; Weight - 0.42; Colour - Fancy Pink Purple; Shape - Marquise; Clarity - SI2; Measurements - 6.73X3.62X2.62; Fluorescence - Med; Polish - G; Symmetry - GD; No Of Diamonds - 1 | Laboratory: GIA.,in stock,new,1753722.37 JPY,https://www.colourdiam.com/diamonddetails/Diamonds/Product/330,https://www.colourdiam.com/Product/Diamond/330/still.jpg,Colour Diam,Apparel & Accessories > Jewelry,,1,,,,unisex,Fancy Pink Purple,,adult,,,,,,,,,GIA,Fine Jewelry
6034,0.42 Ct Light Pink Brown Oval Natural Diamond SI2 GIA,Colour Diam stock 6034. Sku - 6034; Weight - 0.42; Colour - Light Pink Brown; Shape - Oval; Clarity - SI2; Measurements - 5.28 X 3.88 X 2.57; Fluorescence - Fnt; Polish - VG; Symmetry - VG; No Of Diamonds - 1 | Laboratory: GIA.,in stock,new,205871.76 JPY,https://www.colourdiam.com/diamonddetails/Diamonds/Product/6034,https://www.colourdiam.com/Product/Diamond/6034/still.jpg,Colour Diam,Apparel & Accessories > Jewelry,,1,,,,unisex,Light Pink Brown,,adult,,,,,,,,,GIA,Fine Jewelry
2975,0.42 Ct Fancy Intense Pink Oval Natural Diamond I1 AGT,Colour Diam stock 2975. Sku - 2975; Weight - 0.42; Colour - Fancy Intense Pink; Shape - Oval; Clarity - I1; Measurements - 6.19X4.10X2.46; Fluorescence - None; Polish - ; Symmetry - ; No Of Diamonds - 1 | Laboratory: AGT.,in stock,new,3431195.95 JPY,https://www.colourdiam.com/diamonddetails/Diamonds/Product/2975,https://www.colourdiam.com/Product/Diamond/2975/still.jpg,Colour Diam,Apparel & Accessories > Jewelry,,1,,,,unisex,Fancy Intense Pink,,adult,,,,,,,,,AGT,Fine Jewelry
2109,0.42 Ct Fancy Light Gray Blue Round Natural Diamond SI2 GIA,Colour Diam stock 2109. Sku - 2109; Weight - 0.42; Colour - Fancy Light Gray Blue; Shape - Round; Clarity - SI2; Measurements - 4.80X4.72X2.95; Fluorescence - None; Polish - G; Symmetry - GD; No Of Diamonds - 1 | Laboratory: GIA.,in stock,new,2287463.97 JPY,https://www.colourdiam.com/diamonddetails/Diamonds/Product/2109,https://www.colourdiam.com/Product/Diamond/2109/still.jpg,Colour Diam,Apparel & Accessories > Jewelry,,1,,,,unisex,Fancy Light Gray Blue,,adult,,,,,,,,,GIA,Fine Jewelry
9498,0.42 Ct Fancy Intense Pink Radiant Natural Diamond GIA,Colour Diam stock 9498. Sku - 9498; Weight - 0.42; Colour - Fancy Intense Pink; Shape - Radiant; Clarity - ; Measurements - 4.15 x 4.01 x 2.69; Fluorescence - ; Polish - ; Symmetry - ; No Of Diamonds - 1 | Laboratory: GIA.,in stock,new,,https://www.colourdiam.com/diamonddetails/Diamonds/Product/9498,https://www.colourdiam.com/Product/Diamond/9498/still.jpg,Colour Diam,Apparel & Accessories > Jewelry,,1,,,,unisex,Fancy Intense Pink,,adult,,,,,,,,,GIA,Fine Jewelry
6629,0.41 Ct F Radiant Natural Diamond IF GIA,Colour Diam stock 6629. Sku - 6629; Weight - 0.41; Colour - F; Shape - Radiant; Clarity - IF; Measurements - 5.05 x 3.72 x 2.63; Fluorescence - None; Polish - EX; Symmetry - VG; No Of Diamonds - 1 | Laboratory: GIA.,in stock,new,89320.02 JPY,https://www.colourdiam.com/diamonddetails/Diamonds/Product/6629,https://www.colourdiam.com/Product/Diamond/6629/still.jpg,Colour Diam,Apparel & Accessories > Jewelry,,1,,,,unisex,F,,adult,,,,,,,,,GIA,Fine Jewelry
1896,0.41 Ct Fancy Intense Yellow Cushion Natural Diamond SI1 GIA,Colour Diam stock 1896. Sku - 1896; Weight - 0.41; Colour - Fancy Intense Yellow; Shape - Cushion; Clarity - SI1; Measurements - 4.59X3.93X2.62; Fluorescence - Fnt; Polish - EX; Symmetry - GD; No Of Diamonds - 1 | Laboratory: GIA.,in stock,new,100485.81 JPY,https://www.colourdiam.com/diamonddetails/Diamonds/Product/1896,https://www.colourdiam.com/Product/Diamond/1896/still.jpg,Colour Diam,Apparel & Accessories > Jewelry,,1,,,,unisex,Fancy Intense Yellow,,adult,,,,,,,,,GIA,Fine Jewelry
7235,0.41 Ct Fancy Pinkish Purple Cushion Natural Diamond VVS2 GIA,Colour Diam stock 7235. Sku - 7235; Weight - 0.41; Colour - Fancy Pinkish Purple; Shape - Cushion; Clarity - VVS2; Measurements - 4.39 x 4.35 x 2.63; Fluorescence - None; Polish - VG; Symmetry - GD; No Of Diamonds - 1 | Laboratory: GIA.,in stock,new,1860833.78 JPY,https://www.colourdiam.com/diamonddetails/Diamonds/Product/7235,https://www.colourdiam.com/Product/Diamond/7235/still.jpg,Colour Diam,Apparel & Accessories > Jewelry,,1,,,,unisex,Fancy Pinkish Purple,,adult,,,,,,,,,GIA,Fine Jewelry
2340,0.41 Ct Fancy Light Bluish Green Round Natural Diamond VVS2 GIA,Colour Diam stock 2340. Sku - 2340; Weight - 0.41; Colour - Fancy Light Bluish Green; Shape - Round; Clarity - VVS2; Measurements - 4.79X4.75X2.91; Fluorescence - None; Polish - VG; Symmetry - VG; No Of Diamonds - 1 | Laboratory: GIA.,in stock,new,1228150.3 JPY,https://www.colourdiam.com/diamonddetails/Diamonds/Product/2340,https://www.colourdiam.com/Product/Diamond/2340/still.jpg,Colour Diam,Apparel & Accessories > Jewelry,,1,,,,unisex,Fancy Light Bluish Green,,adult,,,,,,,,,GIA,Fine Jewelry
4139,0.41 Ct Light Pink Cushion Natural Diamond SI2 GIA,Colour Diam stock 4139. Sku - 4139; Weight - 0.41; Colour - Light Pink; Shape - Cushion; Clarity - SI2; Measurements - 4.25 X 4.25 X 2.58; Fluorescence - None; Polish - VG; Symmetry - GD; No Of Diamonds - 1 | Laboratory: GIA.,in stock,new,334950.08 JPY,https://www.colourdiam.com/diamonddetails/Diamonds/Product/4139,https://www.colourdiam.com/Product/Diamond/4139/still.jpg,Colour Diam,Apparel & Accessories > Jewelry,,1,,,,unisex,Light Pink,,adult,,,,,,,,,GIA,Fine Jewelry
7679,0.41 Ct Faint Pink Pear Natural Diamond VS2 GIA,Colour Diam stock 7679. Sku - 7679; Weight - 0.41; Colour - Faint Pink; Shape - Pear; Clarity - VS2; Measurements - 6.84X4.05X2.4; Fluorescence - None; Polish - VG; Symmetry - VG; No Of Diamonds - 1 | Laboratory: GIA.,in stock,new,290290.07 JPY,https://www.colourdiam.com/diamonddetails/Diamonds/Product/7679,https://www.colourdiam.com/Product/Diamond/7679/still.jpg,Colour Diam,Apparel & Accessories > Jewelry,,1,,,,unisex,Faint Pink,,adult,,,,,,,,,GIA,Fine Jewelry
80,0.41 Ct Fancy Blue Gray Radiant Natural Diamond SI1 GIA,Colour Diam stock 80. Sku - 80; Weight - 0.41; Colour - Fancy Blue Gray; Shape - Radiant; Clarity - SI1; Measurements - 4.14X3.92X3.17; Fluorescence - None; Polish - G; Symmetry - F; No Of Diamonds - 1 | Laboratory: GIA.,in stock,new,1488667.03 JPY,https://www.colourdiam.com/diamonddetails/Diamonds/Product/80,https://www.colourdiam.com/Product/Diamond/80/still.jpg,Colour Diam,Apparel & Accessories > Jewelry,,1,,,,unisex,Fancy Blue Gray,,adult,,,,,,,,,GIA,Fine Jewelry
7130,0.41 Ct Light Pink Pear Natural Diamond I1 GIA,Colour Diam stock 7130. Sku - 7130; Weight - 0.41; Colour - Light Pink; Shape - Pear; Clarity - I1; Measurements - 6.06X3.85X2.4; Fluorescence - Fnt; Polish - G; Symmetry - GD; No Of Diamonds - 1 | Laboratory: GIA.,in stock,new,223746.81 JPY,https://www.colourdiam.com/diamonddetails/Diamonds/Product/7130,https://www.colourdiam.com/Product/Diamond/7130/still.jpg,Colour Diam,Apparel & Accessories > Jewelry,,1,,,,unisex,Light Pink,,adult,,,,,,,,,GIA,Fine Jewelry
6387,0.41 Ct Light Pink Pear Natural Diamond VS2 GIA,Colour Diam stock 6387. Sku - 6387; Weight - 0.41; Colour - Light Pink; Shape - Pear; Clarity - VS2; Measurements - 6.04 x 3.87 x 2.49; Fluorescence - None; Polish - VG; Symmetry - GD; No Of Diamonds - 1 | Laboratory: GIA.,in stock,new,297733.41 JPY,https://www.colourdiam.com/diamonddetails/Diamonds/Product/6387,https://www.colourdiam.com/Product/Diamond/6387/still.jpg,Colour Diam,Apparel & Accessories > Jewelry,,1,,,,unisex,Light Pink,,adult,,,,,,,,,GIA,Fine Jewelry
6315,0.41 Ct Light Pink Cushion Natural Diamond I1 GIA,Colour Diam stock 6315. Sku - 6315; Weight - 0.41; Colour - Light Pink; Shape - Cushion; Clarity - I1; Measurements - 4.55 x 3.78 x 2.57; Fluorescence - None; Polish - VG; Symmetry - VG; No Of Diamonds - 1 | Laboratory: GIA.,in stock,new,446600.11 JPY,https://www.colourdiam.com/diamonddetails/Diamonds/Product/6315,https://www.colourdiam.com/Product/Diamond/6315/still.jpg,Colour Diam,Apparel & Accessories > Jewelry,,1,,,,unisex,Light Pink,,adult,,,,,,,,,GIA,Fine Jewelry
5408,0.41 Ct Fancy Light Pinkish Purple Pear Natural Diamond VS2 GIA,Colour Diam stock 5408. Sku - 5408; Weight - 0.41; Colour - Fancy Light Pinkish Purple; Shape - Pear; Clarity - VS2; Measurements - 5.96 X 3.63 X 2.59; Fluorescence - Fnt; Polish - G; Symmetry - GD; No Of Diamonds - 1 | Laboratory: GIA.,in stock,new,1004850.24 JPY,https://www.colourdiam.com/diamonddetails/Diamonds/Product/5408,https://www.colourdiam.com/Product/Diamond/5408/still.jpg,Colour Diam,Apparel & Accessories > Jewelry,,1,,,,unisex,Fancy Light Pinkish Purple,,adult,,,,,,,,,GIA,Fine Jewelry
5733,0.41 Ct Fancy Yellow Radiant Natural Diamond I1 GIA,Colour Diam stock 5733. Sku - 5733; Weight - 0.41; Colour - Fancy Yellow; Shape - Radiant; Clarity - I1; Measurements - 4.07x3.90x2.69; Fluorescence - Med; Polish - VG; Symmetry - VG; No Of Diamonds - 1 | Laboratory: GIA.,in stock,new,66990.02 JPY,https://www.colourdiam.com/diamonddetails/Diamonds/Product/5733,https://www.colourdiam.com/Product/Diamond/5733/still.jpg,Colour Diam,Apparel & Accessories > Jewelry,,1,,,,unisex,Fancy Yellow,,adult,,,,,,,,,GIA,Fine Jewelry
7110,0.41 Ct Fancy Vivid Yellow Orange Cushion Natural Diamond SI2 GIA,Colour Diam stock 7110. Sku - 7110; Weight - 0.41; Colour - Fancy Vivid Yellow Orange; Shape - Cushion; Clarity - SI2; Measurements - 4.37 X 3.81 X 2.65; Fluorescence - Med; Polish - VG; Symmetry - VG; No Of Diamonds - 1 | Laboratory: GIA.,in stock,new,661563.31 JPY,https://www.colourdiam.com/diamonddetails/Diamonds/Product/7110,https://www.colourdiam.com/Product/Diamond/7110/still.jpg,Colour Diam,Apparel & Accessories > Jewelry,,1,,,,unisex,Fancy Vivid Yellow Orange,,adult,,,,,,,,,GIA,Fine Jewelry
7116,0.4 Ct Fancy Light Purplish Pink Cushion Natural Diamond SI2 GIA,Colour Diam stock 7116. Sku - 7116; Weight - 0.4; Colour - Fancy Light Purplish Pink; Shape - Cushion; Clarity - SI2; Measurements - 4.14 X 3.99 X 2.72; Fluorescence - Med; Polish - G; Symmetry - F; No Of Diamonds - 1 | Laboratory: GIA.,in stock,new,645427.93 JPY,https://www.colourdiam.com/diamonddetails/Diamonds/Product/7116,https://www.colourdiam.com/Product/Diamond/7116/still.jpg,Colour Diam,Apparel & Accessories > Jewelry,,1,,,,unisex,Fancy Light Purplish Pink,,adult,,,,,,,,,GIA,Fine Jewelry
6075,0.4 Ct Fancy Brownish Greenish Yellow Oval Natural Diamond SI2 GIA,Colour Diam stock 6075. Sku - 6075; Weight - 0.4; Colour - Fancy Brownish Greenish Yellow; Shape - Oval; Clarity - SI2; Measurements - 5.35 X 3.91 X 2.45; Fluorescence - Med; Polish - VG; Symmetry - GD; No Of Diamonds - 1 | Laboratory: GIA.,in stock,new,72617.9 JPY,https://www.colourdiam.com/diamonddetails/Diamonds/Product/6075,https://www.colourdiam.com/Product/Diamond/6075/still.jpg,Colour Diam,Apparel & Accessories > Jewelry,,1,,,,unisex,Fancy Brownish Greenish Yellow,,adult,,,,,,,,,GIA,Fine Jewelry
6401,0.4 Ct Light Pink Cushion Natural Diamond I1 GIA,Colour Diam stock 6401. Sku - 6401; Weight - 0.4; Colour - Light Pink; Shape - Cushion; Clarity - I1; Measurements - 4.44 x 3.83 x 2.59; Fluorescence - Fnt; Polish - VG; Symmetry - VG; No Of Diamonds - 1 | Laboratory: GIA.,in stock,new,435707.42 JPY,https://www.colourdiam.com/diamonddetails/Diamonds/Product/6401,https://www.colourdiam.com/Product/Diamond/6401/still.jpg,Colour Diam,Apparel & Accessories > Jewelry,,1,,,,unisex,Light Pink,,adult,,,,,,,,,GIA,Fine Jewelry
7722,0.4 Ct Fancy Pink Purple Radiant Natural Diamond VS1 GIA,Colour Diam stock 7722. Sku - 7722; Weight - 0.4; Colour - Fancy Pink Purple; Shape - Radiant; Clarity - VS1; Measurements - 4.62 X 3.64 X 2.44; Fluorescence - None; Polish - EX; Symmetry - VG; No Of Diamonds - 1 | Laboratory: GIA.,in stock,new,1343431.22 JPY,https://www.colourdiam.com/diamonddetails/Diamonds/Product/7722,https://www.colourdiam.com/Product/Diamond/7722/still.jpg,Colour Diam,Apparel & Accessories > Jewelry,,1,,,,unisex,Fancy Pink Purple,,adult,,,,,,,,,GIA,Fine Jewelry
8923,0.4 Ct F Pear Natural Diamond VS2 GIA,Colour Diam stock 8923. Sku - 8923; Weight - 0.4; Colour - F; Shape - Pear; Clarity - VS2; Measurements - 6.53 x 4.01 x 2.48; Fluorescence - None; Polish - VG; Symmetry - F; No Of Diamonds - 1 | Laboratory: GIA.,in stock,new,68987.01 JPY,https://www.colourdiam.com/diamonddetails/Diamonds/Product/8923,https://www.colourdiam.com/Product/Diamond/8923/still.jpg,Colour Diam,Apparel & Accessories > Jewelry,,1,,,,unisex,F,,adult,,,,,,,,,GIA,Fine Jewelry
9368,0.4 Ct F Pear Natural Diamond VVS2 GIA,Colour Diam stock 9368. Sku - 9368; Weight - 0.4; Colour - F; Shape - Pear; Clarity - VVS2; Measurements - 6.49 x 4.06 x 2.60; Fluorescence - None; Polish - EX; Symmetry - VG; No Of Diamonds - 1 | Laboratory: GIA.,in stock,new,79879.69 JPY,https://www.colourdiam.com/diamonddetails/Diamonds/Product/9368,https://www.colourdiam.com/Product/Diamond/9368/still.jpg,Colour Diam,Apparel & Accessories > Jewelry,,1,,,,unisex,F,,adult,,,,,,,,,GIA,Fine Jewelry
3771,0.4 Ct O-P Round Natural Diamond SI2 GIA,Colour Diam stock 3771. Sku - 3771; Weight - 0.4; Colour - O-P; Shape - Round; Clarity - SI2; Measurements - 4.7*4.74*2.96; Fluorescence - Fnt; Polish - EX; Symmetry - VG; No Of Diamonds - 1 | Laboratory: GIA.,in stock,new,61725.22 JPY,https://www.colourdiam.com/diamonddetails/Diamonds/Product/3771,https://www.colourdiam.com/Product/Diamond/3771/still.jpg,Colour Diam,Apparel & Accessories > Jewelry,,1,,,,unisex,O-P,,adult,,,,,,,,,GIA,Fine Jewelry
6272,0.4 Ct Fancy Light Pink Cushion Natural Diamond SI2 GIA,Colour Diam stock 6272. Sku - 6272; Weight - 0.4; Colour - Fancy Light Pink; Shape - Cushion; Clarity - SI2; Measurements - 4.29 X 3.87 X 2.44; Fluorescence - None; Polish - G; Symmetry - F; No Of Diamonds - 1 | Laboratory: GIA.,in stock,new,645427.93 JPY,https://www.colourdiam.com/diamonddetails/Diamonds/Product/6272,https://www.colourdiam.com/Product/Diamond/6272/still.jpg,Colour Diam,Apparel & Accessories > Jewelry,,1,,,,unisex,Fancy Light Pink,,adult,,,,,,,,,GIA,Fine Jewelry
6175,0.4 Ct E Emerald Natural Diamond VVS1 GIA,Colour Diam stock 6175. Sku - 6175; Weight - 0.4; Colour - E; Shape - Emerald; Clarity - VVS1; Measurements - 4.54 X 3.62 X 2.78; Fluorescence - None; Polish - G; Symmetry - GD; No Of Diamonds - 1 | Laboratory: GIA.,in stock,new,83147.5 JPY,https://www.colourdiam.com/diamonddetails/Diamonds/Product/6175,https://www.colourdiam.com/Product/Diamond/6175/still.jpg,Colour Diam,Apparel & Accessories > Jewelry,,1,,,,unisex,E,,adult,,,,,,,,,GIA,Fine Jewelry
6058,0.4 Ct Fancy Light Pink Cushion Natural Diamond SI2 GIA,Colour Diam stock 6058. Sku - 6058; Weight - 0.4; Colour - Fancy Light Pink; Shape - Cushion; Clarity - SI2; Measurements - 4.28 X 3.88 X 2.65; Fluorescence - None; Polish - VG; Symmetry - VG; No Of Diamonds - 1 | Laboratory: GIA.,in stock,new,718917.25 JPY,https://www.colourdiam.com/diamonddetails/Diamonds/Product/6058,https://www.colourdiam.com/Product/Diamond/6058/still.jpg,Colour Diam,Apparel & Accessories > Jewelry,,1,,,,unisex,Fancy Light Pink,,adult,,,,,,,,,GIA,Fine Jewelry
5415,0.4 Ct Fancy Light Bluish Green Cushion Natural Diamond VVS1 GIA,Colour Diam stock 5415. Sku - 5415; Weight - 0.4; Colour - Fancy Light Bluish Green; Shape - Cushion; Clarity - VVS1; Measurements - 4.23X 3.94X 2.62; Fluorescence - Fnt; Polish - G; Symmetry - GD; No Of Diamonds - 1 | Laboratory: GIA.,in stock,new,341304.15 JPY,https://www.colourdiam.com/diamonddetails/Diamonds/Product/5415,https://www.colourdiam.com/Product/Diamond/5415/still.jpg,Colour Diam,Apparel & Accessories > Jewelry,,1,,,,unisex,Fancy Light Bluish Green,,adult,,,,,,,,,GIA,Fine Jewelry
9374,0.4 Ct Fancy Pink Pear Natural Diamond VVS1 GIA,Colour Diam stock 9374. Sku - 9374; Weight - 0.4; Colour - Fancy Pink; Shape - Pear; Clarity - VVS1; Measurements - 5.73 X 3.98 X 2.48; Fluorescence - None; Polish - EX; Symmetry - VG; No Of Diamonds - 1 | Laboratory: GIA.,in stock,new,1307122.27 JPY,https://www.colourdiam.com/diamonddetails/Diamonds/Product/9374,https://www.colourdiam.com/Product/Diamond/9374/still.jpg,Colour Diam,Apparel & Accessories > Jewelry,,1,,,,unisex,Fancy Pink,,adult,,,,,,,,,GIA,Fine Jewelry
9216,0.4 Ct Faint Pink Round Natural Diamond VS2 GIA,Colour Diam stock 9216. Sku - 9216; Weight - 0.4; Colour - Faint Pink; Shape - Round; Clarity - VS2; Measurements - 4.50 - 4.54 X 2.97; Fluorescence - None; Polish - EX; Symmetry - VG; No Of Diamonds - 1 | Laboratory: GIA.,in stock,new,145235.81 JPY,https://www.colourdiam.com/diamonddetails/Diamonds/Product/9216,https://www.colourdiam.com/Product/Diamond/9216/still.jpg,Colour Diam,Apparel & Accessories > Jewelry,,1,,,,unisex,Faint Pink,,adult,,,,,,,,,GIA,Fine Jewelry
258,0.39 Ct Fancy Intense Orange Yellow Cushion Natural Diamond I1 GIA,Colour Diam stock 258. Sku - 258; Weight - 0.39; Colour - Fancy Intense Orange Yellow; Shape - Cushion; Clarity - I1; Measurements - 5.45X3.97X2.29; Fluorescence - STG; Polish - G; Symmetry - GD; No Of Diamonds - 1 | Laboratory: GIA.,in stock,new,247808.6 JPY,https://www.colourdiam.com/diamonddetails/Diamonds/Product/258,https://www.colourdiam.com/Product/Diamond/258/still.jpg,Colour Diam,Apparel & Accessories > Jewelry,,1,,,,unisex,Fancy Intense Orange Yellow,,adult,,,,,,,,,GIA,Fine Jewelry
6182,0.39 Ct Fancy Intense Yellow Cushion Natural Diamond SI1 GIA,Colour Diam stock 6182. Sku - 6182; Weight - 0.39; Colour - Fancy Intense Yellow; Shape - Cushion; Clarity - SI1; Measurements - 4.16 X 3.89 X 2.69; Fluorescence - None; Polish - VG; Symmetry - VG; No Of Diamonds - 1 | Laboratory: GIA.,in stock,new,127444.42 JPY,https://www.colourdiam.com/diamonddetails/Diamonds/Product/6182,https://www.colourdiam.com/Product/Diamond/6182/still.jpg,Colour Diam,Apparel & Accessories > Jewelry,,1,,,,unisex,Fancy Intense Yellow,,adult,,,,,,,,,GIA,Fine Jewelry
213,0.38 Ct Fancy Light Purplish Pink Other Natural Diamond SI2 CGL,Colour Diam stock 213. Sku - 213; Weight - 0.38; Colour - Fancy Light Purplish Pink; Shape - Other; Clarity - SI2; Measurements - XX; Fluorescence - None; Polish - ; Symmetry - ; No Of Diamonds - 1 | Laboratory: CGL.,in stock,new,1724675.21 JPY,https://www.colourdiam.com/diamonddetails/Diamonds/Product/213,https://www.colourdiam.com/Product/Diamond/213/still.jpg,Colour Diam,Apparel & Accessories > Jewelry,,1,,,,unisex,Fancy Light Purplish Pink,,adult,,,,,,,,,CGL,Fine Jewelry
1398,0.37 Ct Fancy Purplish Pink Round Natural Diamond I1 GIA,Colour Diam stock 1398. Sku - 1398; Weight - 0.37; Colour - Fancy Purplish Pink; Shape - Round; Clarity - I1; Measurements - 4.64X4.56X2.90; Fluorescence - Med; Polish - G; Symmetry - F; No Of Diamonds - 1 | Laboratory: GIA.,in stock,new,1041159.19 JPY,https://www.colourdiam.com/diamonddetails/Diamonds/Product/1398,https://www.colourdiam.com/Product/Diamond/1398/still.jpg,Colour Diam,Apparel & Accessories > Jewelry,,1,,,,unisex,Fancy Purplish Pink,,adult,,,,,,,,,GIA,Fine Jewelry
149,0.37 Ct Fancy Light Purplish Pink Oval Natural Diamond SI2 GIA,Colour Diam stock 149. Sku - 149; Weight - 0.37; Colour - Fancy Light Purplish Pink; Shape - Oval; Clarity - SI2; Measurements - 4.93X3.42X2.74; Fluorescence - Med; Polish - G; Symmetry - GD; No Of Diamonds - 1 | Laboratory: GIA.,in stock,new,503786.71 JPY,https://www.colourdiam.com/diamonddetails/Diamonds/Product/149,https://www.colourdiam.com/Product/Diamond/149/still.jpg,Colour Diam,Apparel & Accessories > Jewelry,,1,,,,unisex,Fancy Light Purplish Pink,,adult,,,,,,,,,GIA,Fine Jewelry
1325,0.37 Ct Fancy Deep Pink Pear Natural Diamond I1 CGL,Colour Diam stock 1325. Sku - 1325; Weight - 0.37; Colour - Fancy Deep Pink; Shape - Pear; Clarity - I1; Measurements - 5.54x3.79x2.47; Fluorescence - Fnt; Polish - ; Symmetry - ; No Of Diamonds - 1 | Laboratory: CGL.,in stock,new,1679289.02 JPY,https://www.colourdiam.com/diamonddetails/Diamonds/Product/1325,https://www.colourdiam.com/Product/Diamond/1325/still.jpg,Colour Diam,Apparel & Accessories > Jewelry,,1,,,,unisex,Fancy Deep Pink,,adult,,,,,,,,,CGL,Fine Jewelry
5756,0.37 Ct Fancy Light Orangy Pink Marquise Natural Diamond VS2 GIA,Colour Diam stock 5756. Sku - 5756; Weight - 0.37; Colour - Fancy Light Orangy Pink; Shape - Marquise; Clarity - VS2; Measurements - 7.41 X 3.64 X 2.29; Fluorescence - None; Polish - VG; Symmetry - VG; No Of Diamonds - 1 | Laboratory: GIA.,in stock,new,403029.37 JPY,https://www.colourdiam.com/diamonddetails/Diamonds/Product/5756,https://www.colourdiam.com/Product/Diamond/5756/still.jpg,Colour Diam,Apparel & Accessories > Jewelry,,1,,,,unisex,Fancy Light Orangy Pink,,adult,,,,,,,,,GIA,Fine Jewelry
5737,0.37 Ct Fancy Light Pink Brown Pear Natural Diamond SI2 GIA,Colour Diam stock 5737. Sku - 5737; Weight - 0.37; Colour - Fancy Light Pink Brown; Shape - Pear; Clarity - SI2; Measurements - 6.20X4.22X2.20; Fluorescence - None; Polish - G; Symmetry - F; No Of Diamonds - 1 | Laboratory: GIA.,in stock,new,208231.84 JPY,https://www.colourdiam.com/diamonddetails/Diamonds/Product/5737,https://www.colourdiam.com/Product/Diamond/5737/still.jpg,Colour Diam,Apparel & Accessories > Jewelry,,1,,,,unisex,Fancy Light Pink Brown,,adult,,,,,,,,,GIA,Fine Jewelry
7686,0.36 Ct Fancy Intense Orange Yellow Marquise Natural Diamond VS2 GIA,Colour Diam stock 7686. Sku - 7686; Weight - 0.36; Colour - Fancy Intense Orange Yellow; Shape - Marquise; Clarity - VS2; Measurements - 5.86 X 3.64 X 2.43; Fluorescence - None; Polish - G; Symmetry - F; No Of Diamonds - 1 | Laboratory: GIA.,in stock,new,196068.34 JPY,https://www.colourdiam.com/diamonddetails/Diamonds/Product/7686,https://www.colourdiam.com/Product/Diamond/7686/still.jpg,Colour Diam,Apparel & Accessories > Jewelry,,1,,,,unisex,Fancy Intense Orange Yellow,,adult,,,,,,,,,GIA,Fine Jewelry
9590,0.36 Ct E Round Natural Diamond VVS1 GIA,Colour Diam stock 9590. Sku - 9590; Weight - 0.36; Colour - E; Shape - Round; Clarity - VVS1; Measurements - 4.57 - 4.59 x 2.87; Fluorescence - None; Polish - EX; Symmetry - EX; No Of Diamonds - 1 | Laboratory: GIA.,in stock,new,,https://www.colourdiam.com/diamonddetails/Diamonds/Product/9590,https://www.colourdiam.com/Product/Diamond/9590/still.jpg,Colour Diam,Apparel & Accessories > Jewelry,,1,,,,unisex,E,,adult,,,,,,,,,GIA,Fine Jewelry
2308,0.35 Ct U-V Round Natural Diamond VS1 GIA,Colour Diam stock 2308. Sku - 2308; Weight - 0.35; Colour - U-V; Shape - Round; Clarity - VS1; Measurements - 4.45X4.40X2.83; Fluorescence - Fnt; Polish - VG; Symmetry - VG; No Of Diamonds - 1 | Laboratory: GIA.,in stock,new,95311 JPY,https://www.colourdiam.com/diamonddetails/Diamonds/Product/2308,https://www.colourdiam.com/Product/Diamond/2308/still.jpg,Colour Diam,Apparel & Accessories > Jewelry,,1,,,,unisex,U-V,,adult,,,,,,,,,GIA,Fine Jewelry
5608,0.35 Ct Fancy Purple Pink Cushion Natural Diamond VS2 GIA,Colour Diam stock 5608. Sku - 5608; Weight - 0.35; Colour - Fancy Purple Pink; Shape - Cushion; Clarity - VS2; Measurements - 4.85 x 3.39 x 2.28; Fluorescence - None; Polish - VG; Symmetry - GD; No Of Diamonds - 1 | Laboratory: GIA.,in stock,new,889569.32 JPY,https://www.colourdiam.com/diamonddetails/Diamonds/Product/5608,https://www.colourdiam.com/Product/Diamond/5608/still.jpg,Colour Diam,Apparel & Accessories > Jewelry,,1,,,,unisex,Fancy Purple Pink,,adult,,,,,,,,,GIA,Fine Jewelry
7799,0.35 Ct Faint Pinkish Brown Heart Natural Diamond VS2 GIA,Colour Diam stock 7799. Sku - 7799; Weight - 0.35; Colour - Faint Pinkish Brown; Shape - Heart; Clarity - VS2; Measurements - 4.18 X 4.87 X 2.90; Fluorescence - None; Polish - EX; Symmetry - VG; No Of Diamonds - 1 | Laboratory: GIA.,in stock,new,127081.33 JPY,https://www.colourdiam.com/diamonddetails/Diamonds/Product/7799,https://www.colourdiam.com/Product/Diamond/7799/still.jpg,Colour Diam,Apparel & Accessories > Jewelry,,1,,,,unisex,Faint Pinkish Brown,,adult,,,,,,,,,GIA,Fine Jewelry
7132,0.35 Ct Faint Pink Round Natural Diamond VVS2 GIA,Colour Diam stock 7132. Sku - 7132; Weight - 0.35; Colour - Faint Pink; Shape - Round; Clarity - VVS2; Measurements - 4.54X4.5X2.8; Fluorescence - None; Polish - EX; Symmetry - EX; No Of Diamonds - 1 | Laboratory: GIA.,in stock,new,114373.2 JPY,https://www.colourdiam.com/diamonddetails/Diamonds/Product/7132,https://www.colourdiam.com/Product/Diamond/7132/still.jpg,Colour Diam,Apparel & Accessories > Jewelry,,1,,,,unisex,Faint Pink,,adult,,,,,,,,,GIA,Fine Jewelry
2052,0.35 Ct Light Purplish Pink Other Natural Diamond I1 CGL,Colour Diam stock 2052. Sku - 2052; Weight - 0.35; Colour - Light Purplish Pink; Shape - Other; Clarity - I1; Measurements - 4.31x4.36x2.80; Fluorescence - None; Polish - ; Symmetry - ; No Of Diamonds - 1 | Laboratory: CGL.,in stock,new,158851.66 JPY,https://www.colourdiam.com/diamonddetails/Diamonds/Product/2052,https://www.colourdiam.com/Product/Diamond/2052/still.jpg,Colour Diam,Apparel & Accessories > Jewelry,,1,,,,unisex,Light Purplish Pink,,adult,,,,,,,,,CGL,Fine Jewelry
8832,0.35 Ct Faint Pinkish Brown Round Natural Diamond SI1 GIA,Colour Diam stock 8832. Sku - 8832; Weight - 0.35; Colour - Faint Pinkish Brown; Shape - Round; Clarity - SI1; Measurements - 4.58 - 4.60 x 2.83; Fluorescence - Fnt; Polish - VG; Symmetry - EX; No Of Diamonds - 1 | Laboratory: GIA.,in stock,new,50832.53 JPY,https://www.colourdiam.com/diamonddetails/Diamonds/Product/8832,https://www.colourdiam.com/Product/Diamond/8832/still.jpg,Colour Diam,Apparel & Accessories > Jewelry,,1,,,,unisex,Faint Pinkish Brown,,adult,,,,,,,,,GIA,Fine Jewelry
3442,0.35 Ct Fancy Vivid Purplish Pink Pear Natural Diamond GIA,Colour Diam stock 3442. Sku - 3442; Weight - 0.35; Colour - Fancy Vivid Purplish Pink; Shape - Pear; Clarity - ; Measurements - 5.95 x 3.79 x 2.38; Fluorescence - None; Polish - ; Symmetry - ; No Of Diamonds - 1 | Laboratory: GIA.,in stock,new,6354066.57 JPY,https://www.colourdiam.com/diamonddetails/Diamonds/Product/3442,https://www.colourdiam.com/Product/Diamond/3442/still.jpg,Colour Diam,Apparel & Accessories > Jewelry,,1,,,,unisex,Fancy Vivid Purplish Pink,,adult,,,,,,,,,GIA,Fine Jewelry
2545,0.34 Ct Very Light Gray Round Natural Diamond VVS2 GIA,Colour Diam stock 2545. Sku - 2545; Weight - 0.34; Colour - Very Light Gray; Shape - Round; Clarity - VVS2; Measurements - 4.50X4.48X2.78; Fluorescence - None; Polish - VG; Symmetry - EX; No Of Diamonds - 1 | Laboratory: GIA.,in stock,new,80242.78 JPY,https://www.colourdiam.com/diamonddetails/Diamonds/Product/2545,https://www.colourdiam.com/Product/Diamond/2545/still.jpg,Colour Diam,Apparel & Accessories > Jewelry,,1,,,,unisex,Very Light Gray,,adult,,,,,,,,,GIA,Fine Jewelry
6073,0.34 Ct Fancy Light Pinkish Brown Pear Natural Diamond SI2 GIA,Colour Diam stock 6073. Sku - 6073; Weight - 0.34; Colour - Fancy Light Pinkish Brown; Shape - Pear; Clarity - SI2; Measurements - 6.20 X 3.67 X 2.27; Fluorescence - None; Polish - EX; Symmetry - VG; No Of Diamonds - 1 | Laboratory: GIA.,in stock,new,154313.05 JPY,https://www.colourdiam.com/diamonddetails/Diamonds/Product/6073,https://www.colourdiam.com/Product/Diamond/6073/still.jpg,Colour Diam,Apparel & Accessories > Jewelry,,1,,,,unisex,Fancy Light Pinkish Brown,,adult,,,,,,,,,GIA,Fine Jewelry
2236,0.34 Ct Fancy Purplish Pink Pear Natural Diamond I2 GIA,Colour Diam stock 2236. Sku - 2236; Weight - 0.34; Colour - Fancy Purplish Pink; Shape - Pear; Clarity - I2; Measurements - 6.37X3.72X2.08; Fluorescence - None; Polish - EX; Symmetry - VG; No Of Diamonds - 1 | Laboratory: GIA.,in stock,new,493801.75 JPY,https://www.colourdiam.com/diamonddetails/Diamonds/Product/2236,https://www.colourdiam.com/Product/Diamond/2236/still.jpg,Colour Diam,Apparel & Accessories > Jewelry,,1,,,,unisex,Fancy Purplish Pink,,adult,,,,,,,,,GIA,Fine Jewelry
6335,0.34 Ct Fancy Light Pink Oval Natural Diamond SI1 GIA,Colour Diam stock 6335. Sku - 6335; Weight - 0.34; Colour - Fancy Light Pink; Shape - Oval; Clarity - SI1; Measurements - 4.94 x 3.41 x 2.62; Fluorescence - None; Polish - G; Symmetry - GD; No Of Diamonds - 1 | Laboratory: GIA.,in stock,new,419731.48 JPY,https://www.colourdiam.com/diamonddetails/Diamonds/Product/6335,https://www.colourdiam.com/Product/Diamond/6335/still.jpg,Colour Diam,Apparel & Accessories > Jewelry,,1,,,,unisex,Fancy Light Pink,,adult,,,,,,,,,GIA,Fine Jewelry
7133,0.34 Ct Very Light Pink Pear Natural Diamond VS1 GIA,Colour Diam stock 7133. Sku - 7133; Weight - 0.34; Colour - Very Light Pink; Shape - Pear; Clarity - VS1; Measurements - 5.29X3.74X2.4; Fluorescence - None; Polish - G; Symmetry - GD; No Of Diamonds - 1 | Laboratory: GIA.,in stock,new,246900.87 JPY,https://www.colourdiam.com/diamonddetails/Diamonds/Product/7133,https://www.colourdiam.com/Product/Diamond/7133/still.jpg,Colour Diam,Apparel & Accessories > Jewelry,,1,,,,unisex,Very Light Pink,,adult,,,,,,,,,GIA,Fine Jewelry
6012,0.34 Ct H Oval Natural Diamond VS1 GIA,Colour Diam stock 6012. Sku - 6012; Weight - 0.34; Colour - H; Shape - Oval; Clarity - VS1; Measurements - 4.74 x 3.74 x 2.42; Fluorescence - None; Polish - G; Symmetry - GD; No Of Diamonds - 1 | Laboratory: GIA.,in stock,new,61107.97 JPY,https://www.colourdiam.com/diamonddetails/Diamonds/Product/6012,https://www.colourdiam.com/Product/Diamond/6012/still.jpg,Colour Diam,Apparel & Accessories > Jewelry,,1,,,,unisex,H,,adult,,,,,,,,,GIA,Fine Jewelry
7797,0.34 Ct Faint Pink Heart Natural Diamond VVS2 GIA,Colour Diam stock 7797. Sku - 7797; Weight - 0.34; Colour - Faint Pink; Shape - Heart; Clarity - VVS2; Measurements - 4.41 X 5.00 X 2.77; Fluorescence - None; Polish - EX; Symmetry - VG; No Of Diamonds - 1 | Laboratory: GIA.,in stock,new,185175.65 JPY,https://www.colourdiam.com/diamonddetails/Diamonds/Product/7797,https://www.colourdiam.com/Product/Diamond/7797/still.jpg,Colour Diam,Apparel & Accessories > Jewelry,,1,,,,unisex,Faint Pink,,adult,,,,,,,,,GIA,Fine Jewelry
9500,0.34 Ct F Heart Natural Diamond VS2 IGI,Colour Diam stock 9500. Sku - 9500; Weight - 0.34; Colour - F; Shape - Heart; Clarity - VS2; Measurements - 4.33 X 4.79 X 2.74; Fluorescence - None; Polish - VG; Symmetry - VG; No Of Diamonds - 1 | Laboratory: IGI.,in stock,new,,https://www.colourdiam.com/diamonddetails/Diamonds/Product/9500,https://www.colourdiam.com/Product/Diamond/9500/still.jpg,Colour Diam,Apparel & Accessories > Jewelry,,1,,,,unisex,F,,adult,,,,,,,,,IGI,Fine Jewelry
3166,0.33 Ct L Marquise Natural Diamond VS1 IGI,Colour Diam stock 3166. Sku - 3166; Weight - 0.33; Colour - L; Shape - Marquise; Clarity - VS1; Measurements - 6.36*3.47*2.43; Fluorescence - None; Polish - G; Symmetry - GD; No Of Diamonds - 1 | Laboratory: IGI.,in stock,new,35945.86 JPY,https://www.colourdiam.com/diamonddetails/Diamonds/Product/3166,https://www.colourdiam.com/Product/Diamond/3166/still.jpg,Colour Diam,Apparel & Accessories > Jewelry,,1,,,,unisex,L,,adult,,,,,,,,,IGI,Fine Jewelry
4966,0.33 Ct M Radiant Natural Diamond I1 GIA,Colour Diam stock 4966. Sku - 4966; Weight - 0.33; Colour - M; Shape - Radiant; Clarity - I1; Measurements - 4.66X3.30X2.26; Fluorescence - None; Polish - VG; Symmetry - VG; No Of Diamonds - 1 | Laboratory: GIA.,in stock,new,29954.89 JPY,https://www.colourdiam.com/diamonddetails/Diamonds/Product/4966,https://www.colourdiam.com/Product/Diamond/4966/still.jpg,Colour Diam,Apparel & Accessories > Jewelry,,1,,,,unisex,M,,adult,,,,,,,,,GIA,Fine Jewelry
7338,0.33 Ct Light Pink Round Natural Diamond I1 GIA,Colour Diam stock 7338. Sku - 7338; Weight - 0.33; Colour - Light Pink; Shape - Round; Clarity - I1; Measurements - 4.38 X 4.36 X 2.7; Fluorescence - None; Polish - VG; Symmetry - VG; No Of Diamonds - 1 | Laboratory: GIA.,in stock,new,209684.2 JPY,https://www.colourdiam.com/diamonddetails/Diamonds/Product/7338,https://www.colourdiam.com/Product/Diamond/7338/still.jpg,Colour Diam,Apparel & Accessories > Jewelry,,1,,,,unisex,Light Pink,,adult,,,,,,,,,GIA,Fine Jewelry
257,0.33 Ct Fancy Brownish Orangy Pink Pear Natural Diamond GIA,Colour Diam stock 257. Sku - 257; Weight - 0.33; Colour - Fancy Brownish Orangy Pink; Shape - Pear; Clarity - ; Measurements - 5.36 x 3.70 x 2.32; Fluorescence - None; Polish - ; Symmetry - ; No Of Diamonds - 1 | Laboratory: GIA.,in stock,new,419368.39 JPY,https://www.colourdiam.com/diamonddetails/Diamonds/Product/257,https://www.colourdiam.com/Product/Diamond/257/still.jpg,Colour Diam,Apparel & Accessories > Jewelry,,1,,,,unisex,Fancy Brownish Orangy Pink,,adult,,,,,,,,,GIA,Fine Jewelry
4610,0.33 Ct Fancy Intense Blue Pear Natural Diamond VS2 GIA,Colour Diam stock 4610. Sku - 4610; Weight - 0.33; Colour - Fancy Intense Blue; Shape - Pear; Clarity - VS2; Measurements - 6.47*3.91*2.02; Fluorescence - None; Polish - G; Symmetry - F; No Of Diamonds - 1 | Laboratory: GIA.,in stock,new,10783758.7 JPY,https://www.colourdiam.com/diamonddetails/Diamonds/Product/4610,https://www.colourdiam.com/Product/Diamond/4610/still.jpg,Colour Diam,Apparel & Accessories > Jewelry,,1,,,,unisex,Fancy Intense Blue,,adult,,,,,,,,,GIA,Fine Jewelry
7106,0.33 Ct Fancy Intense Yellow Orange Cushion Natural Diamond I1 GIA,Colour Diam stock 7106. Sku - 7106; Weight - 0.33; Colour - Fancy Intense Yellow Orange; Shape - Cushion; Clarity - I1; Measurements - 4.19 X 3.60 X 2.39; Fluorescence - STG; Polish - G; Symmetry - F; No Of Diamonds - 1 | Laboratory: GIA.,in stock,new,215675.17 JPY,https://www.colourdiam.com/diamonddetails/Diamonds/Product/7106,https://www.colourdiam.com/Product/Diamond/7106/still.jpg,Colour Diam,Apparel & Accessories > Jewelry,,1,,,,unisex,Fancy Intense Yellow Orange,,adult,,,,,,,,,GIA,Fine Jewelry
7102,0.33 Ct Fancy Dark Gray Yellowish Green Cushion Natural Diamond SI2 GIA,Colour Diam stock 7102. Sku - 7102; Weight - 0.33; Colour - Fancy Dark Gray Yellowish Green; Shape - Cushion; Clarity - SI2; Measurements - 4.35 x 4.12 x 2.43; Fluorescence - STG; Polish - VG; Symmetry - GD; No Of Diamonds - 1 | Laboratory: GIA.,in stock,new,173738.33 JPY,https://www.colourdiam.com/diamonddetails/Diamonds/Product/7102,https://www.colourdiam.com/Product/Diamond/7102/still.jpg,Colour Diam,Apparel & Accessories > Jewelry,,1,,,,unisex,Fancy Dark Gray Yellowish Green,,adult,,,,,,,,,GIA,Fine Jewelry
6273,0.32 Ct Fancy Brownish Pink Oval Natural Diamond SI1 GIA,Colour Diam stock 6273. Sku - 6273; Weight - 0.32; Colour - Fancy Brownish Pink; Shape - Oval; Clarity - SI1; Measurements - 4.79 X 3.62 X 2.38; Fluorescence - None; Polish - G; Symmetry - F; No Of Diamonds - 1 | Laboratory: GIA.,in stock,new,232377.29 JPY,https://www.colourdiam.com/diamonddetails/Diamonds/Product/6273,https://www.colourdiam.com/Product/Diamond/6273/still.jpg,Colour Diam,Apparel & Accessories > Jewelry,,1,,,,unisex,Fancy Brownish Pink,,adult,,,,,,,,,GIA,Fine Jewelry
6696,0.32 Ct Fancy Vivid Yellow Orange Cushion Natural Diamond SI2 GIA,Colour Diam stock 6696. Sku - 6696; Weight - 0.32; Colour - Fancy Vivid Yellow Orange; Shape - Cushion; Clarity - SI2; Measurements - 4.10 X 3.60 X 2.39; Fluorescence - Med; Polish - VG; Symmetry - VG; No Of Diamonds - 1 | Laboratory: GIA.,in stock,new,322713.96 JPY,https://www.colourdiam.com/diamonddetails/Diamonds/Product/6696,https://www.colourdiam.com/Product/Diamond/6696/still.jpg,Colour Diam,Apparel & Accessories > Jewelry,,1,,,,unisex,Fancy Vivid Yellow Orange,,adult,,,,,,,,,GIA,Fine Jewelry
2385,0.32 Ct Fancy Vivid Yellow Radiant Natural Diamond SI2 GIA,Colour Diam stock 2385. Sku - 2385; Weight - 0.32; Colour - Fancy Vivid Yellow; Shape - Radiant; Clarity - SI2; Measurements - 3.95X3.51X2.65; Fluorescence - None; Polish - VG; Symmetry - GD; No Of Diamonds - 1 | Laboratory: GIA.,in stock,new,162664.1 JPY,https://www.colourdiam.com/diamonddetails/Diamonds/Product/2385,https://www.colourdiam.com/Product/Diamond/2385/still.jpg,Colour Diam,Apparel & Accessories > Jewelry,,1,,,,unisex,Fancy Vivid Yellow,,adult,,,,,,,,,GIA,Fine Jewelry
333,0.32 Ct Fancy Pink Oval Natural Diamond I1 GIA,Colour Diam stock 333. Sku - 333; Weight - 0.32; Colour - Fancy Pink; Shape - Oval; Clarity - I1; Measurements - 5.26X3.70X2.45; Fluorescence - Med; Polish - G; Symmetry - GD; No Of Diamonds - 1 | Laboratory: GIA.,in stock,new,2323772.92 JPY,https://www.colourdiam.com/diamonddetails/Diamonds/Product/333,https://www.colourdiam.com/Product/Diamond/333/still.jpg,Colour Diam,Apparel & Accessories > Jewelry,,1,,,,unisex,Fancy Pink,,adult,,,,,,,,,GIA,Fine Jewelry
2992,0.32 Ct M Pear Natural Diamond VS2 GIA,Colour Diam stock 2992. Sku - 2992; Weight - 0.32; Colour - M; Shape - Pear; Clarity - VS2; Measurements - 6.31X4.13X2.21; Fluorescence - Fnt; Polish - G; Symmetry - GD; No Of Diamonds - 1 | Laboratory: GIA.,in stock,new,46475.46 JPY,https://www.colourdiam.com/diamonddetails/Diamonds/Product/2992,https://www.colourdiam.com/Product/Diamond/2992/still.jpg,Colour Diam,Apparel & Accessories > Jewelry,,1,,,,unisex,M,,adult,,,,,,,,,GIA,Fine Jewelry
2056,0.31 Ct Fancy Intense Purplish Pink Round Natural Diamond GIA,Colour Diam stock 2056. Sku - 2056; Weight - 0.31; Colour - Fancy Intense Purplish Pink; Shape - Round; Clarity - ; Measurements - 4.31 x 4.34 x 2.67; Fluorescence - None; Polish - ; Symmetry - ; No Of Diamonds - 1 | Laboratory: GIA.,in stock,new,1857202.89 JPY,https://www.colourdiam.com/diamonddetails/Diamonds/Product/2056,https://www.colourdiam.com/Product/Diamond/2056/still.jpg,Colour Diam,Apparel & Accessories > Jewelry,,1,,,,unisex,Fancy Intense Purplish Pink,,adult,,,,,,,,,GIA,Fine Jewelry
1464,0.31 Ct Fancy Brownish Purplish Pink Radiant Natural Diamond I2 GIA,Colour Diam stock 1464. Sku - 1464; Weight - 0.31; Colour - Fancy Brownish Purplish Pink; Shape - Radiant; Clarity - I2; Measurements - 3.77 x 3.51 x 2.70; Fluorescence - None; Polish - ; Symmetry - ; No Of Diamonds - 1 | Laboratory: GIA.,in stock,new,253254.94 JPY,https://www.colourdiam.com/diamonddetails/Diamonds/Product/1464,https://www.colourdiam.com/Product/Diamond/1464/still.jpg,Colour Diam,Apparel & Accessories > Jewelry,,1,,,,unisex,Fancy Brownish Purplish Pink,,adult,,,,,,,,,GIA,Fine Jewelry
5787,0.31 Ct Fancy Pink Heart Natural Diamond SI2 CGL,Colour Diam stock 5787. Sku - 5787; Weight - 0.31; Colour - Fancy Pink; Shape - Heart; Clarity - SI2; Measurements - 4.11X4.37X2.38; Fluorescence - None; Polish - ; Symmetry - ; No Of Diamonds - 1 | Laboratory: CGL.,in stock,new,1041159.19 JPY,https://www.colourdiam.com/diamonddetails/Diamonds/Product/5787,https://www.colourdiam.com/Product/Diamond/5787/still.jpg,Colour Diam,Apparel & Accessories > Jewelry,,1,,,,unisex,Fancy Pink,,adult,,,,,,,,,CGL,Fine Jewelry
6072,0.31 Ct Light Pinkish Brown Pear Natural Diamond SI2 GIA,Colour Diam stock 6072. Sku - 6072; Weight - 0.31; Colour - Light Pinkish Brown; Shape - Pear; Clarity - SI2; Measurements - 5.50 X 3.40 X 2.39; Fluorescence - None; Polish - VG; Symmetry - VG; No Of Diamonds - 1 | Laboratory: GIA.,in stock,new,140697.19 JPY,https://www.colourdiam.com/diamonddetails/Diamonds/Product/6072,https://www.colourdiam.com/Product/Diamond/6072/still.jpg,Colour Diam,Apparel & Accessories > Jewelry,,1,,,,unisex,Light Pinkish Brown,,adult,,,,,,,,,GIA,Fine Jewelry
6404,0.31 Ct Very Light Pink Pear Natural Diamond I1 GIA,Colour Diam stock 6404. Sku - 6404; Weight - 0.31; Colour - Very Light Pink; Shape - Pear; Clarity - I1; Measurements - 5.48 X 3.56 X 2.30; Fluorescence - None; Polish - VG; Symmetry - VG; No Of Diamonds - 1 | Laboratory: GIA.,in stock,new,140697.19 JPY,https://www.colourdiam.com/diamonddetails/Diamonds/Product/6404,https://www.colourdiam.com/Product/Diamond/6404/still.jpg,Colour Diam,Apparel & Accessories > Jewelry,,1,,,,unisex,Very Light Pink,,adult,,,,,,,,,GIA,Fine Jewelry
5771,0.31 Ct Faint Pinkish Brown Heart Natural Diamond VS1 GIA,Colour Diam stock 5771. Sku - 5771; Weight - 0.31; Colour - Faint Pinkish Brown; Shape - Heart; Clarity - VS1; Measurements - 4.00 X 4.77 X 2.74; Fluorescence - None; Polish - EX; Symmetry - GD; No Of Diamonds - 1 | Laboratory: GIA.,in stock,new,101301.98 JPY,https://www.colourdiam.com/diamonddetails/Diamonds/Product/5771,https://www.colourdiam.com/Product/Diamond/5771/still.jpg,Colour Diam,Apparel & Accessories > Jewelry,,1,,,,unisex,Faint Pinkish Brown,,adult,,,,,,,,,GIA,Fine Jewelry
3746,0.31 Ct Fancy Deep Yellow Orange Oval Natural Diamond SI2 GIA,Colour Diam stock 3746. Sku - 3746; Weight - 0.31; Colour - Fancy Deep Yellow Orange; Shape - Oval; Clarity - SI2; Measurements - 5.34 x 3.47 x 2.24; Fluorescence - Fnt; Polish - G; Symmetry - GD; No Of Diamonds - 1 | Laboratory: GIA.,in stock,new,168836.63 JPY,https://www.colourdiam.com/diamonddetails/Diamonds/Product/3746,https://www.colourdiam.com/Product/Diamond/3746/still.jpg,Colour Diam,Apparel & Accessories > Jewelry,,1,,,,unisex,Fancy Deep Yellow Orange,,adult,,,,,,,,,GIA,Fine Jewelry
5522,0.31 Ct Fancy Deep Orangy Pink Pear Natural Diamond I3 GIA,Colour Diam stock 5522. Sku - 5522; Weight - 0.31; Colour - Fancy Deep Orangy Pink; Shape - Pear; Clarity - I3; Measurements - 5.14X 3.60X 2.28; Fluorescence - Fnt; Polish - VG; Symmetry - GD; No Of Diamonds - 1 | Laboratory: GIA.,in stock,new,2813943.77 JPY,https://www.colourdiam.com/diamonddetails/Diamonds/Product/5522,https://www.colourdiam.com/Product/Diamond/5522/still.jpg,Colour Diam,Apparel & Accessories > Jewelry,,1,,,,unisex,Fancy Deep Orangy Pink,,adult,,,,,,,,,GIA,Fine Jewelry
7153,0.3 Ct Fancy Brownish Purple Pink Heart Natural Diamond SI1 GIA,Colour Diam stock 7153. Sku - 7153; Weight - 0.3; Colour - Fancy Brownish Purple Pink; Shape - Heart; Clarity - SI1; Measurements - 3.75 X 4.68 X 2.41; Fluorescence - None; Polish - G; Symmetry - GD; No Of Diamonds - 1 | Laboratory: GIA.,in stock,new,435707.42 JPY,https://www.colourdiam.com/diamonddetails/Diamonds/Product/7153,https://www.colourdiam.com/Product/Diamond/7153/still.jpg,Colour Diam,Apparel & Accessories > Jewelry,,1,,,,unisex,Fancy Brownish Purple Pink,,adult,,,,,,,,,GIA,Fine Jewelry
2557,0.3 Ct Fancy Brown Pink Cushion Natural Diamond GIA,Colour Diam stock 2557. Sku - 2557; Weight - 0.3; Colour - Fancy Brown Pink; Shape - Cushion; Clarity - ; Measurements - 4.15 x 4.13 x 2.43; Fluorescence - None; Polish - ; Symmetry - ; No Of Diamonds - 1 | Laboratory: GIA.,in stock,new,163390.28 JPY,https://www.colourdiam.com/diamonddetails/Diamonds/Product/2557,https://www.colourdiam.com/Product/Diamond/2557/still.jpg,Colour Diam,Apparel & Accessories > Jewelry,,1,,,,unisex,Fancy Brown Pink,,adult,,,,,,,,,GIA,Fine Jewelry
7135,0.3 Ct Very Light Pink Radiant Natural Diamond SI1 GIA,Colour Diam stock 7135. Sku - 7135; Weight - 0.3; Colour - Very Light Pink; Shape - Radiant; Clarity - SI1; Measurements - 3.78 X 3.62 X 2.5; Fluorescence - None; Polish - VG; Symmetry - VG; No Of Diamonds - 1 | Laboratory: GIA.,in stock,new,114373.2 JPY,https://www.colourdiam.com/diamonddetails/Diamonds/Product/7135,https://www.colourdiam.com/Product/Diamond/7135/still.jpg,Colour Diam,Apparel & Accessories > Jewelry,,1,,,,unisex,Very Light Pink,,adult,,,,,,,,,GIA,Fine Jewelry
1483,0.3 Ct Fancy Deep Orangy Pink Cushion Natural Diamond I1 GIA,Colour Diam stock 1483. Sku - 1483; Weight - 0.3; Colour - Fancy Deep Orangy Pink; Shape - Cushion; Clarity - I1; Measurements - 4.71 x 3.78 x 2.28; Fluorescence - Fnt; Polish - ; Symmetry - ; No Of Diamonds - 1 | Laboratory: GIA.,in stock,new,1906219.97 JPY,https://www.colourdiam.com/diamonddetails/Diamonds/Product/1483,https://www.colourdiam.com/Product/Diamond/1483/still.jpg,Colour Diam,Apparel & Accessories > Jewelry,,1,,,,unisex,Fancy Deep Orangy Pink,,adult,,,,,,,,,GIA,Fine Jewelry
3380,0.3 Ct N Emerald Natural Diamond VS1 GIA,Colour Diam stock 3380. Sku - 3380; Weight - 0.3; Colour - N; Shape - Emerald; Clarity - VS1; Measurements - 4.55*3.34*2.17; Fluorescence - Fnt; Polish - EX; Symmetry - VG; No Of Diamonds - 1 | Laboratory: GIA.,in stock,new,43570.74 JPY,https://www.colourdiam.com/diamonddetails/Diamonds/Product/3380,https://www.colourdiam.com/Product/Diamond/3380/still.jpg,Colour Diam,Apparel & Accessories > Jewelry,,1,,,,unisex,N,,adult,,,,,,,,,GIA,Fine Jewelry
2539,0.3 Ct Faint Pink Cushion Natural Diamond VS2 CGL,Colour Diam stock 2539. Sku - 2539; Weight - 0.3; Colour - Faint Pink; Shape - Cushion; Clarity - VS2; Measurements - 3.93*3.91*2.32; Fluorescence - None; Polish - ; Symmetry - ; No Of Diamonds - 1 | Laboratory: CGL.,in stock,new,76630.83 JPY,https://www.colourdiam.com/diamonddetails/Diamonds/Product/2539,https://www.colourdiam.com/Product/Diamond/2539/still.jpg,Colour Diam,Apparel & Accessories > Jewelry,,1,,,,unisex,Faint Pink,,adult,,,,,,,,,CGL,Fine Jewelry
2967,0.3 Ct Light Yellowish Gray Marquise Natural Diamond CGL,Colour Diam stock 2967. Sku - 2967; Weight - 0.3; Colour - Light Yellowish Gray; Shape - Marquise; Clarity - ; Measurements - 7.32*3.30*2.08; Fluorescence - None; Polish - ; Symmetry - ; No Of Diamonds - 1 | Laboratory: CGL.,in stock,new,,https://www.colourdiam.com/diamonddetails/Diamonds/Product/2967,https://www.colourdiam.com/Product/Diamond/2967/still.jpg,Colour Diam,Apparel & Accessories > Jewelry,,1,,,,unisex,Light Yellowish Gray,,adult,,,,,,,,,CGL,Fine Jewelry
1836,0.3 Ct Fancy Light Brownish Yellow Pear Natural Diamond SI2 GIA,Colour Diam stock 1836. Sku - 1836; Weight - 0.3; Colour - Fancy Light Brownish Yellow; Shape - Pear; Clarity - SI2; Measurements - 5.55X3.52X2.51; Fluorescence - Fnt; Polish - VG; Symmetry - GD; No Of Diamonds - 1 | Laboratory: GIA.,in stock,new,29954.89 JPY,https://www.colourdiam.com/diamonddetails/Diamonds/Product/1836,https://www.colourdiam.com/Product/Diamond/1836/still.jpg,Colour Diam,Apparel & Accessories > Jewelry,,1,,,,unisex,Fancy Light Brownish Yellow,,adult,,,,,,,,,GIA,Fine Jewelry
6395,0.3 Ct Light Pink Marquise Natural Diamond SI1 GIA,Colour Diam stock 6395. Sku - 6395; Weight - 0.3; Colour - Light Pink; Shape - Marquise; Clarity - SI1; Measurements - 7.06 X 3.28 X 1.97; Fluorescence - None; Polish - G; Symmetry - GD; No Of Diamonds - 1 | Laboratory: GIA.,in stock,new,206961.03 JPY,https://www.colourdiam.com/diamonddetails/Diamonds/Product/6395,https://www.colourdiam.com/Product/Diamond/6395/still.jpg,Colour Diam,Apparel & Accessories > Jewelry,,1,,,,unisex,Light Pink,,adult,,,,,,,,,GIA,Fine Jewelry
7109,0.3 Ct Fancy Vivid Orange Yellow Cushion Natural Diamond SI2 GIA,Colour Diam stock 7109. Sku - 7109; Weight - 0.3; Colour - Fancy Vivid Orange Yellow; Shape - Cushion; Clarity - SI2; Measurements - 4.37 X 3.36 X 2.37; Fluorescence - Med; Polish - G; Symmetry - VG; No Of Diamonds - 1 | Laboratory: GIA.,in stock,new,363053.21 JPY,https://www.colourdiam.com/diamonddetails/Diamonds/Product/7109,https://www.colourdiam.com/Product/Diamond/7109/still.jpg,Colour Diam,Apparel & Accessories > Jewelry,,1,,,,unisex,Fancy Vivid Orange Yellow,,adult,,,,,,,,,GIA,Fine Jewelry
7134,0.3 Ct Faint Pink Round Natural Diamond VS1 GIA,Colour Diam stock 7134. Sku - 7134; Weight - 0.3; Colour - Faint Pink; Shape - Round; Clarity - VS1; Measurements - 4.33X4.31X2.7; Fluorescence - None; Polish - EX; Symmetry - EX; No Of Diamonds - 1 | Laboratory: GIA.,in stock,new,98034.17 JPY,https://www.colourdiam.com/diamonddetails/Diamonds/Product/7134,https://www.colourdiam.com/Product/Diamond/7134/still.jpg,Colour Diam,Apparel & Accessories > Jewelry,,1,,,,unisex,Faint Pink,,adult,,,,,,,,,GIA,Fine Jewelry
7337,0.3 Ct Very Light Pinkish Brown Round Natural Diamond SI2 GIA,Colour Diam stock 7337. Sku - 7337; Weight - 0.3; Colour - Very Light Pinkish Brown; Shape - Round; Clarity - SI2; Measurements - 4.08 X 4.06 X 2.8; Fluorescence - Med; Polish - VG; Symmetry - GD; No Of Diamonds - 1 | Laboratory: GIA.,in stock,new,108926.86 JPY,https://www.colourdiam.com/diamonddetails/Diamonds/Product/7337,https://www.colourdiam.com/Product/Diamond/7337/still.jpg,Colour Diam,Apparel & Accessories > Jewelry,,1,,,,unisex,Very Light Pinkish Brown,,adult,,,,,,,,,GIA,Fine Jewelry
6322,0.3 Ct Faint Pink Pear Natural Diamond SI1 GIA,Colour Diam stock 6322. Sku - 6322; Weight - 0.3; Colour - Faint Pink; Shape - Pear; Clarity - SI1; Measurements - 5.56 x 3.56 x 2.23; Fluorescence - None; Polish - VG; Symmetry - GD; No Of Diamonds - 1 | Laboratory: GIA.,in stock,new,185175.65 JPY,https://www.colourdiam.com/diamonddetails/Diamonds/Product/6322,https://www.colourdiam.com/Product/Diamond/6322/still.jpg,Colour Diam,Apparel & Accessories > Jewelry,,1,,,,unisex,Faint Pink,,adult,,,,,,,,,GIA,Fine Jewelry
9257,0.3 Ct Faint Yellow Green Round Natural Diamond VS2 GIA,Colour Diam stock 9257. Sku - 9257; Weight - 0.3; Colour - Faint Yellow Green; Shape - Round; Clarity - VS2; Measurements - 4.24 - 4.26 x 2.65; Fluorescence - STG; Polish - EX; Symmetry - VG; No Of Diamonds - 1 | Laboratory: GIA.,in stock,new,54463.43 JPY,https://www.colourdiam.com/diamonddetails/Diamonds/Product/9257,https://www.colourdiam.com/Product/Diamond/9257/still.jpg,Colour Diam,Apparel & Accessories > Jewelry,,1,,,,unisex,Faint Yellow Green,,adult,,,,,,,,,GIA,Fine Jewelry
9189,0.3 Ct Very Light Green Yellow Pear Natural Diamond SI1 GIA,Colour Diam stock 9189. Sku - 9189; Weight - 0.3; Colour - Very Light Green Yellow; Shape - Pear; Clarity - SI1; Measurements - 5.97 x 3.58 x 2.35; Fluorescence - STG; Polish - EX; Symmetry - VG; No Of Diamonds - 1 | Laboratory: GIA.,in stock,new,98034.17 JPY,https://www.colourdiam.com/diamonddetails/Diamonds/Product/9189,https://www.colourdiam.com/Product/Diamond/9189/still.jpg,Colour Diam,Apparel & Accessories > Jewelry,,1,,,,unisex,Very Light Green Yellow,,adult,,,,,,,,,GIA,Fine Jewelry
9245,0.3 Ct Faint Pinkish Brown Marquise Natural Diamond SI1 GIA,Colour Diam stock 9245. Sku - 9245; Weight - 0.3; Colour - Faint Pinkish Brown; Shape - Marquise; Clarity - SI1; Measurements - 7.38 X 3.56 X 2.06; Fluorescence - None; Polish - G; Symmetry - GD; No Of Diamonds - 1 | Laboratory: GIA.,in stock,new,81695.14 JPY,https://www.colourdiam.com/diamonddetails/Diamonds/Product/9245,https://www.colourdiam.com/Product/Diamond/9245/still.jpg,Colour Diam,Apparel & Accessories > Jewelry,,1,,,,unisex,Faint Pinkish Brown,,adult,,,,,,,,,GIA,Fine Jewelry
7105,0.3 Ct Fancy Vivid Yellowish Orange Cushion Natural Diamond SI2 GIA,Colour Diam stock 7105. Sku - 7105; Weight - 0.3; Colour - Fancy Vivid Yellowish Orange; Shape - Cushion; Clarity - SI2; Measurements - ; Fluorescence - Med; Polish - VG; Symmetry - VG; No Of Diamonds - 1 | Laboratory: GIA.,in stock,new,484070.95 JPY,https://www.colourdiam.com/diamonddetails/Diamonds/Product/7105,https://www.colourdiam.com/Product/Diamond/7105/still.jpg,Colour Diam,Apparel & Accessories > Jewelry,,1,,,,unisex,Fancy Vivid Yellowish Orange,,adult,,,,,,,,,GIA,Fine Jewelry
9191,0.3 Ct Faint Yellow Green Round Natural Diamond VS2 GIA,Colour Diam stock 9191. Sku - 9191; Weight - 0.3; Colour - Faint Yellow Green; Shape - Round; Clarity - VS2; Measurements - 4.21 - 4.24 x 2.71; Fluorescence - None; Polish - EX; Symmetry - EX; No Of Diamonds - 1 | Laboratory: GIA.,in stock,new,54463.43 JPY,https://www.colourdiam.com/diamonddetails/Diamonds/Product/9191,https://www.colourdiam.com/Product/Diamond/9191/still.jpg,Colour Diam,Apparel & Accessories > Jewelry,,1,,,,unisex,Faint Yellow Green,,adult,,,,,,,,,GIA,Fine Jewelry
3164,0.3 Ct L Pear Natural Diamond VS2 GIA,Colour Diam stock 3164. Sku - 3164; Weight - 0.3; Colour - L; Shape - Pear; Clarity - VS2; Measurements - 5.71 x 3.70 x 2.31; Fluorescence - Med; Polish - VG; Symmetry - GD; No Of Diamonds - 1 | Laboratory: GIA.,in stock,new,43570.74 JPY,https://www.colourdiam.com/diamonddetails/Diamonds/Product/3164,https://www.colourdiam.com/Product/Diamond/3164/still.jpg,Colour Diam,Apparel & Accessories > Jewelry,,1,,,,unisex,L,,adult,,,,,,,,,GIA,Fine Jewelry
6287,0.3 Ct Q-R Round Natural Diamond VS2 IGI,Colour Diam stock 6287. Sku - 6287; Weight - 0.3; Colour - Q-R; Shape - Round; Clarity - VS2; Measurements - 4.02 X 4.06 X 2.73; Fluorescence - STG; Polish - EX; Symmetry - GD; No Of Diamonds - 1 | Laboratory: IGI.,in stock,new,54463.43 JPY,https://www.colourdiam.com/diamonddetails/Diamonds/Product/6287,https://www.colourdiam.com/Product/Diamond/6287/still.jpg,Colour Diam,Apparel & Accessories > Jewelry,,1,,,,unisex,Q-R,,adult,,,,,,,,,IGI,Fine Jewelry
3194,0.3 Ct D Round Natural Diamond IF GIA,Colour Diam stock 3194. Sku - 3194; Weight - 0.3; Colour - D; Shape - Round; Clarity - IF; Measurements - 4.27 X 4.29 X2.65; Fluorescence - None; Polish - EX; Symmetry - EX; No Of Diamonds - 1 | Laboratory: GIA.,in stock,new,152497.6 JPY,https://www.colourdiam.com/diamonddetails/Diamonds/Product/3194,https://www.colourdiam.com/Product/Diamond/3194/still.jpg,Colour Diam,Apparel & Accessories > Jewelry,,1,,,,unisex,D,,adult,,,,,,,,,GIA,Fine Jewelry
7685,0.29 Ct Fancy Intense Yellow Orange Marquise Natural Diamond I1 GIA,Colour Diam stock 7685. Sku - 7685; Weight - 0.29; Colour - Fancy Intense Yellow Orange; Shape - Marquise; Clarity - I1; Measurements - 6.30 X 2.99 X 2.22; Fluorescence - Med; Polish - VG; Symmetry - GD; No Of Diamonds - 1 | Laboratory: GIA.,in stock,new,157943.94 JPY,https://www.colourdiam.com/diamonddetails/Diamonds/Product/7685,https://www.colourdiam.com/Product/Diamond/7685/still.jpg,Colour Diam,Apparel & Accessories > Jewelry,,1,,,,unisex,Fancy Intense Yellow Orange,,adult,,,,,,,,,GIA,Fine Jewelry
6128,0.28 Ct Fancy Pink Purple Radiant Natural Diamond SI2 GIA,Colour Diam stock 6128. Sku - 6128; Weight - 0.28; Colour - Fancy Pink Purple; Shape - Radiant; Clarity - SI2; Measurements - 4.08 x 3.03 x 2.30; Fluorescence - None; Polish - VG; Symmetry - GD; No Of Diamonds - 1 | Laboratory: GIA.,in stock,new,355928.76 JPY,https://www.colourdiam.com/diamonddetails/Diamonds/Product/6128,https://www.colourdiam.com/Product/Diamond/6128/still.jpg,Colour Diam,Apparel & Accessories > Jewelry,,1,,,,unisex,Fancy Pink Purple,,adult,,,,,,,,,GIA,Fine Jewelry
1318,0.28 Ct Light Orangy Pink Round Natural Diamond SI2 CGL,Colour Diam stock 1318. Sku - 1318; Weight - 0.28; Colour - Light Orangy Pink; Shape - Round; Clarity - SI2; Measurements - 4.04x4.11x2.59; Fluorescence - Med; Polish - ; Symmetry - ; No Of Diamonds - 1 | Laboratory: CGL.,in stock,new,686239.19 JPY,https://www.colourdiam.com/diamonddetails/Diamonds/Product/1318,https://www.colourdiam.com/Product/Diamond/1318/still.jpg,Colour Diam,Apparel & Accessories > Jewelry,,1,,,,unisex,Light Orangy Pink,,adult,,,,,,,,,CGL,Fine Jewelry
2977,0.28 Ct Fancy Brownish Orangy Pink Round Natural Diamond I3 AGT,Colour Diam stock 2977. Sku - 2977; Weight - 0.28; Colour - Fancy Brownish Orangy Pink; Shape - Round; Clarity - I3; Measurements - XX; Fluorescence - None; Polish - ; Symmetry - ; No Of Diamonds - 1 | Laboratory: AGT.,in stock,new,25416.27 JPY,https://www.colourdiam.com/diamonddetails/Diamonds/Product/2977,https://www.colourdiam.com/Product/Diamond/2977/still.jpg,Colour Diam,Apparel & Accessories > Jewelry,,1,,,,unisex,Fancy Brownish Orangy Pink,,adult,,,,,,,,,AGT,Fine Jewelry
6189,0.28 Ct Y-Z Cushion Natural Diamond VS1 IGI,Colour Diam stock 6189. Sku - 6189; Weight - 0.28; Colour - Y-Z; Shape - Cushion; Clarity - VS1; Measurements - 3.70 X 3.22 X 2.42; Fluorescence - Vst; Polish - G; Symmetry - GD; No Of Diamonds - 1 | Laboratory: IGI.,in stock,new,40666.03 JPY,https://www.colourdiam.com/diamonddetails/Diamonds/Product/6189,https://www.colourdiam.com/Product/Diamond/6189/still.jpg,Colour Diam,Apparel & Accessories > Jewelry,,1,,,,unisex,Y-Z,,adult,,,,,,,,,IGI,Fine Jewelry
6067,0.28 Ct Fancy Brown Pink Radiant Natural Diamond SI2 GIA,Colour Diam stock 6067. Sku - 6067; Weight - 0.28; Colour - Fancy Brown Pink; Shape - Radiant; Clarity - SI2; Measurements - 4.15 X 3.34 X 2.18; Fluorescence - Fnt; Polish - G; Symmetry - GD; No Of Diamonds - 1 | Laboratory: GIA.,in stock,new,200788.5 JPY,https://www.colourdiam.com/diamonddetails/Diamonds/Product/6067,https://www.colourdiam.com/Product/Diamond/6067/still.jpg,Colour Diam,Apparel & Accessories > Jewelry,,1,,,,unisex,Fancy Brown Pink,,adult,,,,,,,,,GIA,Fine Jewelry
6096,0.27 Ct E Pear Natural Diamond SI1 GIA,Colour Diam stock 6096. Sku - 6096; Weight - 0.27; Colour - E; Shape - Pear; Clarity - SI1; Measurements - 5.67 X 3.48 X 1.94; Fluorescence - None; Polish - VG; Symmetry - GD; No Of Diamonds - 1 | Laboratory: GIA.,in stock,new,128669.45 JPY,https://www.colourdiam.com/diamonddetails/Diamonds/Product/6096,https://www.colourdiam.com/Product/Diamond/6096/still.jpg,Colour Diam,Apparel & Accessories > Jewelry,,1,,,,unisex,E,,adult,,,,,,,,,GIA,Fine Jewelry
606,0.27 Ct Fancy Brownish Pink Pear Natural Diamond I1 GIA,Colour Diam stock 606. Sku - 606; Weight - 0.27; Colour - Fancy Brownish Pink; Shape - Pear; Clarity - I1; Measurements - 5.19X3.51X2.32; Fluorescence - Med; Polish - VG; Symmetry - GD; No Of Diamonds - 1 | Laboratory: GIA.,in stock,new,392136.68 JPY,https://www.colourdiam.com/diamonddetails/Diamonds/Product/606,https://www.colourdiam.com/Product/Diamond/606/still.jpg,Colour Diam,Apparel & Accessories > Jewelry,,1,,,,unisex,Fancy Brownish Pink,,adult,,,,,,,,,GIA,Fine Jewelry
5461,0.27 Ct Fancy Dark Gray Green Oval Natural Diamond SI1 GIA,Colour Diam stock 5461. Sku - 5461; Weight - 0.27; Colour - Fancy Dark Gray Green; Shape - Oval; Clarity - SI1; Measurements - 4.64X 3.36X 2.20; Fluorescence - None; Polish - G; Symmetry - GD; No Of Diamonds - 1 | Laboratory: GIA.,in stock,new,2857696.05 JPY,https://www.colourdiam.com/diamonddetails/Diamonds/Product/5461,https://www.colourdiam.com/Product/Diamond/5461/still.jpg,Colour Diam,Apparel & Accessories > Jewelry,,1,,,,unisex,Fancy Dark Gray Green,,adult,,,,,,,,,GIA,Fine Jewelry
2237,0.27 Ct Fancy Purple Pink Cushion Natural Diamond I1 GIA,Colour Diam stock 2237. Sku - 2237; Weight - 0.27; Colour - Fancy Purple Pink; Shape - Cushion; Clarity - I1; Measurements - 3.91X3.41X2.31; Fluorescence - Med; Polish - VG; Symmetry - GD; No Of Diamonds - 1 | Laboratory: GIA.,in stock,new,352923.01 JPY,https://www.colourdiam.com/diamonddetails/Diamonds/Product/2237,https://www.colourdiam.com/Product/Diamond/2237/still.jpg,Colour Diam,Apparel & Accessories > Jewelry,,1,,,,unisex,Fancy Purple Pink,,adult,,,,,,,,,GIA,Fine Jewelry
2960,0.27 Ct Fancy Light Yellowish Gray Marquise Natural Diamond SI2 CGL,Colour Diam stock 2960. Sku - 2960; Weight - 0.27; Colour - Fancy Light Yellowish Gray; Shape - Marquise; Clarity - SI2; Measurements - 6.96*3.09*2.03; Fluorescence - None; Polish - ; Symmetry - ; No Of Diamonds - 1 | Laboratory: CGL.,in stock,new,,https://www.colourdiam.com/diamonddetails/Diamonds/Product/2960,https://www.colourdiam.com/Product/Diamond/2960/still.jpg,Colour Diam,Apparel & Accessories > Jewelry,,1,,,,unisex,Fancy Light Yellowish Gray,,adult,,,,,,,,,CGL,Fine Jewelry
2494,0.26 Ct Fancy Light Brownish Pink Marquise Natural Diamond I1 CGL,Colour Diam stock 2494. Sku - 2494; Weight - 0.26; Colour - Fancy Light Brownish Pink; Shape - Marquise; Clarity - I1; Measurements - ; Fluorescence - None; Polish - ; Symmetry - ; No Of Diamonds - 1 | Laboratory: CGL.,in stock,new,94403.27 JPY,https://www.colourdiam.com/diamonddetails/Diamonds/Product/2494,https://www.colourdiam.com/Product/Diamond/2494/still.jpg,Colour Diam,Apparel & Accessories > Jewelry,,1,,,,unisex,Fancy Light Brownish Pink,,adult,,,,,,,,,CGL,Fine Jewelry
1321,0.26 Ct Fancy Deep Pink Oval Natural Diamond SI2 CGL,Colour Diam stock 1321. Sku - 1321; Weight - 0.26; Colour - Fancy Deep Pink; Shape - Oval; Clarity - SI2; Measurements - 4.42x3.43x2.15; Fluorescence - Fnt; Polish - ; Symmetry - ; No Of Diamonds - 1 | Laboratory: CGL.,in stock,new,637222.1 JPY,https://www.colourdiam.com/diamonddetails/Diamonds/Product/1321,https://www.colourdiam.com/Product/Diamond/1321/still.jpg,Colour Diam,Apparel & Accessories > Jewelry,,1,,,,unisex,Fancy Deep Pink,,adult,,,,,,,,,CGL,Fine Jewelry
423,0.26 Ct Fancy Deep Brownish Orangy Pink Cushion Natural Diamond VS2 GIA,Colour Diam stock 423. Sku - 423; Weight - 0.26; Colour - Fancy Deep Brownish Orangy Pink; Shape - Cushion; Clarity - VS2; Measurements - 3.29X3.19X2.58; Fluorescence - None; Polish - VG; Symmetry - GD; No Of Diamonds - 1 | Laboratory: GIA.,in stock,new,944032.75 JPY,https://www.colourdiam.com/diamonddetails/Diamonds/Product/423,https://www.colourdiam.com/Product/Diamond/423/still.jpg,Colour Diam,Apparel & Accessories > Jewelry,,1,,,,unisex,Fancy Deep Brownish Orangy Pink,,adult,,,,,,,,,GIA,Fine Jewelry
2529,0.26 Ct Fancy Light Blue Radiant Natural Diamond VS2 GIA,Colour Diam stock 2529. Sku - 2529; Weight - 0.26; Colour - Fancy Light Blue; Shape - Radiant; Clarity - VS2; Measurements - 3.80X3.47X2.35; Fluorescence - None; Polish - VG; Symmetry - VG; No Of Diamonds - 1 | Laboratory: GIA.,in stock,new,1652057.31 JPY,https://www.colourdiam.com/diamonddetails/Diamonds/Product/2529,https://www.colourdiam.com/Product/Diamond/2529/still.jpg,Colour Diam,Apparel & Accessories > Jewelry,,1,,,,unisex,Fancy Light Blue,,adult,,,,,,,,,GIA,Fine Jewelry
2666,0.25 Ct Fancy Orangy Pink Round Natural Diamond I1 CGL,Colour Diam stock 2666. Sku - 2666; Weight - 0.25; Colour - Fancy Orangy Pink; Shape - Round; Clarity - I1; Measurements - 3.87X3.93X2.52; Fluorescence - None; Polish - ; Symmetry - ; No Of Diamonds - 1 | Laboratory: CGL.,in stock,new,340396.42 JPY,https://www.colourdiam.com/diamonddetails/Diamonds/Product/2666,https://www.colourdiam.com/Product/Diamond/2666/still.jpg,Colour Diam,Apparel & Accessories > Jewelry,,1,,,,unisex,Fancy Orangy Pink,,adult,,,,,,,,,CGL,Fine Jewelry
6071,0.25 Ct Fancy Pinkish Brown Pear Natural Diamond SI2 GIA,Colour Diam stock 6071. Sku - 6071; Weight - 0.25; Colour - Fancy Pinkish Brown; Shape - Pear; Clarity - SI2; Measurements - 5.65 X 3.41 X 2.01; Fluorescence - None; Polish - G; Symmetry - GD; No Of Diamonds - 1 | Laboratory: GIA.,in stock,new,113465.47 JPY,https://www.colourdiam.com/diamonddetails/Diamonds/Product/6071,https://www.colourdiam.com/Product/Diamond/6071/still.jpg,Colour Diam,Apparel & Accessories > Jewelry,,1,,,,unisex,Fancy Pinkish Brown,,adult,,,,,,,,,GIA,Fine Jewelry
7157,0.25 Ct Fancy Brownish Pink Oval Natural Diamond VS2 GIA,Colour Diam stock 7157. Sku - 7157; Weight - 0.25; Colour - Fancy Brownish Pink; Shape - Oval; Clarity - VS2; Measurements - 4.72 X 3.31 X 2.01; Fluorescence - None; Polish - G; Symmetry - GD; No Of Diamonds - 1 | Laboratory: GIA.,in stock,new,177006.14 JPY,https://www.colourdiam.com/diamonddetails/Diamonds/Product/7157,https://www.colourdiam.com/Product/Diamond/7157/still.jpg,Colour Diam,Apparel & Accessories > Jewelry,,1,,,,unisex,Fancy Brownish Pink,,adult,,,,,,,,,GIA,Fine Jewelry
7155,0.25 Ct Fancy Deep Brownish Orangy Pink Emerald Natural Diamond SI2 GIA,Colour Diam stock 7155. Sku - 7155; Weight - 0.25; Colour - Fancy Deep Brownish Orangy Pink; Shape - Emerald; Clarity - SI2; Measurements - 4.09 X 3.09 X 1.98; Fluorescence - Fnt; Polish - VG; Symmetry - GD; No Of Diamonds - 1 | Laboratory: GIA.,in stock,new,453861.9 JPY,https://www.colourdiam.com/diamonddetails/Diamonds/Product/7155,https://www.colourdiam.com/Product/Diamond/7155/still.jpg,Colour Diam,Apparel & Accessories > Jewelry,,1,,,,unisex,Fancy Deep Brownish Orangy Pink,,adult,,,,,,,,,GIA,Fine Jewelry
7154,0.25 Ct Fancy Brownish Orangy Pink Pear Natural Diamond VS2 GIA,Colour Diam stock 7154. Sku - 7154; Weight - 0.25; Colour - Fancy Brownish Orangy Pink; Shape - Pear; Clarity - VS2; Measurements - 5.12 X 3.17 X 2.06; Fluorescence - Med; Polish - G; Symmetry - VG; No Of Diamonds - 1 | Laboratory: GIA.,in stock,new,453861.9 JPY,https://www.colourdiam.com/diamonddetails/Diamonds/Product/7154,https://www.colourdiam.com/Product/Diamond/7154/still.jpg,Colour Diam,Apparel & Accessories > Jewelry,,1,,,,unisex,Fancy Brownish Orangy Pink,,adult,,,,,,,,,GIA,Fine Jewelry
2887,0.25 Ct Fancy Gray Blue Cushion Natural Diamond SI2 GIA,Colour Diam stock 2887. Sku - 2887; Weight - 0.25; Colour - Fancy Gray Blue; Shape - Cushion; Clarity - SI2; Measurements - 3.63X3.60X2.22; Fluorescence - Med; Polish - EX; Symmetry - VG; No Of Diamonds - 1 | Laboratory: GIA.,in stock,new,907723.8 JPY,https://www.colourdiam.com/diamonddetails/Diamonds/Product/2887,https://www.colourdiam.com/Product/Diamond/2887/still.jpg,Colour Diam,Apparel & Accessories > Jewelry,,1,,,,unisex,Fancy Gray Blue,,adult,,,,,,,,,GIA,Fine Jewelry
1583,0.25 Ct Fancy Pinkish Purple Radiant Natural Diamond I2 GIA,Colour Diam stock 1583. Sku - 1583; Weight - 0.25; Colour - Fancy Pinkish Purple; Shape - Radiant; Clarity - I2; Measurements - 4.02X3.25X2.09; Fluorescence - None; Polish - VG; Symmetry - VG; No Of Diamonds - 1 | Laboratory: GIA.,in stock,new,658099.75 JPY,https://www.colourdiam.com/diamonddetails/Diamonds/Product/1583,https://www.colourdiam.com/Product/Diamond/1583/still.jpg,Colour Diam,Apparel & Accessories > Jewelry,,1,,,,unisex,Fancy Pinkish Purple,,adult,,,,,,,,,GIA,Fine Jewelry
7156,0.25 Ct Fancy Purple Pink Pear Natural Diamond SI2 GIA,Colour Diam stock 7156. Sku - 7156; Weight - 0.25; Colour - Fancy Purple Pink; Shape - Pear; Clarity - SI2; Measurements - 5.01 X 3.34 X 2.15; Fluorescence - None; Polish - VG; Symmetry - VG; No Of Diamonds - 1 | Laboratory: GIA.,in stock,new,453816.12 JPY,https://www.colourdiam.com/diamonddetails/Diamonds/Product/7156,https://www.colourdiam.com/Product/Diamond/7156/still.jpg,Colour Diam,Apparel & Accessories > Jewelry,,1,,,,unisex,Fancy Purple Pink,,adult,,,,,,,,,GIA,Fine Jewelry
7098,0.25 Ct Faint Yellow Green Round Natural Diamond SI1 GIA,Colour Diam stock 7098. Sku - 7098; Weight - 0.25; Colour - Faint Yellow Green; Shape - Round; Clarity - SI1; Measurements - 4.21 x 4.23 x 2.37; Fluorescence - None; Polish - G; Symmetry - VG; No Of Diamonds - 1 | Laboratory: GIA.,in stock,new,31770.33 JPY,https://www.colourdiam.com/diamonddetails/Diamonds/Product/7098,https://www.colourdiam.com/Product/Diamond/7098/still.jpg,Colour Diam,Apparel & Accessories > Jewelry,,1,,,,unisex,Faint Yellow Green,,adult,,,,,,,,,GIA,Fine Jewelry
5601,0.25 Ct Very Light Pink Cushion Natural Diamond VS1 GIA,Colour Diam stock 5601. Sku - 5601; Weight - 0.25; Colour - Very Light Pink; Shape - Cushion; Clarity - VS1; Measurements - 4.07X2.80X2.22; Fluorescence - None; Polish - VG; Symmetry - VG; No Of Diamonds - 1 | Laboratory: GIA.,in stock,new,158851.66 JPY,https://www.colourdiam.com/diamonddetails/Diamonds/Product/5601,https://www.colourdiam.com/Product/Diamond/5601/still.jpg,Colour Diam,Apparel & Accessories > Jewelry,,1,,,,unisex,Very Light Pink,,adult,,,,,,,,,GIA,Fine Jewelry
1327,0.25 Ct Fancy Light Pink Round Natural Diamond VS2 GIA,Colour Diam stock 1327. Sku - 1327; Weight - 0.25; Colour - Fancy Light Pink; Shape - Round; Clarity - VS2; Measurements - 4.04X4.01X2.51; Fluorescence - Fnt; Polish - EX; Symmetry - EX; No Of Diamonds - 1 | Laboratory: GIA.,in stock,new,680792.85 JPY,https://www.colourdiam.com/diamonddetails/Diamonds/Product/1327,https://www.colourdiam.com/Product/Diamond/1327/still.jpg,Colour Diam,Apparel & Accessories > Jewelry,,1,,,,unisex,Fancy Light Pink,,adult,,,,,,,,,GIA,Fine Jewelry
314,0.25 Ct Fancy Brownish Orangy Pink Pear Natural Diamond SI2 GIA,Colour Diam stock 314. Sku - 314; Weight - 0.25; Colour - Fancy Brownish Orangy Pink; Shape - Pear; Clarity - SI2; Measurements - 4.51X3.61X2.06; Fluorescence - Med; Polish - G; Symmetry - GD; No Of Diamonds - 1 | Laboratory: GIA.,in stock,new,544634.28 JPY,https://www.colourdiam.com/diamonddetails/Diamonds/Product/314,https://www.colourdiam.com/Product/Diamond/314/still.jpg,Colour Diam,Apparel & Accessories > Jewelry,,1,,,,unisex,Fancy Brownish Orangy Pink,,adult,,,,,,,,,GIA,Fine Jewelry
5755,0.25 Ct Fancy Pinkish Purple Cushion Natural Diamond SI1 GIA,Colour Diam stock 5755. Sku - 5755; Weight - 0.25; Colour - Fancy Pinkish Purple; Shape - Cushion; Clarity - SI1; Measurements - 3.38 X 3.30 X 2.50; Fluorescence - None; Polish - G; Symmetry - GD; No Of Diamonds - 1 | Laboratory: GIA.,in stock,new,816951.42 JPY,https://www.colourdiam.com/diamonddetails/Diamonds/Product/5755,https://www.colourdiam.com/Product/Diamond/5755/still.jpg,Colour Diam,Apparel & Accessories > Jewelry,,1,,,,unisex,Fancy Pinkish Purple,,adult,,,,,,,,,GIA,Fine Jewelry
1460,0.24 Ct Fancy Deep Orangy Pink Radiant Natural Diamond GIA,Colour Diam stock 1460. Sku - 1460; Weight - 0.24; Colour - Fancy Deep Orangy Pink; Shape - Radiant; Clarity - ; Measurements - 4.01 x 3.26 x 2.31; Fluorescence - None; Polish - ; Symmetry - ; No Of Diamonds - 1 | Laboratory: GIA.,in stock,new,871414.84 JPY,https://www.colourdiam.com/diamonddetails/Diamonds/Product/1460,https://www.colourdiam.com/Product/Diamond/1460/still.jpg,Colour Diam,Apparel & Accessories > Jewelry,,1,,,,unisex,Fancy Deep Orangy Pink,,adult,,,,,,,,,GIA,Fine Jewelry
6289,0.24 Ct M Round Natural Diamond VVS2 GIA,Colour Diam stock 6289. Sku - 6289; Weight - 0.24; Colour - M; Shape - Round; Clarity - VVS2; Measurements - 3.99-4.00x2.51; Fluorescence - Fnt; Polish - VG; Symmetry - VG; No Of Diamonds - 1 | Laboratory: GIA.,in stock,new,43570.74 JPY,https://www.colourdiam.com/diamonddetails/Diamonds/Product/6289,https://www.colourdiam.com/Product/Diamond/6289/still.jpg,Colour Diam,Apparel & Accessories > Jewelry,,1,,,,unisex,M,,adult,,,,,,,,,GIA,Fine Jewelry
2964,0.23 Ct Fancy Light Brown Pink Round Natural Diamond I1 CGL,Colour Diam stock 2964. Sku - 2964; Weight - 0.23; Colour - Fancy Light Brown Pink; Shape - Round; Clarity - I1; Measurements - 3.61x3.22x2.26; Fluorescence - None; Polish - ; Symmetry - ; No Of Diamonds - 1 | Laboratory: CGL.,in stock,new,,https://www.colourdiam.com/diamonddetails/Diamonds/Product/2964,https://www.colourdiam.com/Product/Diamond/2964/still.jpg,Colour Diam,Apparel & Accessories > Jewelry,,1,,,,unisex,Fancy Light Brown Pink,,adult,,,,,,,,,CGL,Fine Jewelry
2558,0.23 Ct Fancy Light Grayish Blue Pear Natural Diamond VS1 GIA,Colour Diam stock 2558. Sku - 2558; Weight - 0.23; Colour - Fancy Light Grayish Blue; Shape - Pear; Clarity - VS1; Measurements - 4.56X3.20X2.21; Fluorescence - None; Polish - G; Symmetry - F; No Of Diamonds - 1 | Laboratory: GIA.,in stock,new,751595.3 JPY,https://www.colourdiam.com/diamonddetails/Diamonds/Product/2558,https://www.colourdiam.com/Product/Diamond/2558/still.jpg,Colour Diam,Apparel & Accessories > Jewelry,,1,,,,unisex,Fancy Light Grayish Blue,,adult,,,,,,,,,GIA,Fine Jewelry
6852,0.23 Ct Fancy Deep Orangy Pink Shield Natural Diamond SI2 GIA,Colour Diam stock 6852. Sku - 6852; Weight - 0.23; Colour - Fancy Deep Orangy Pink; Shape - Shield; Clarity - SI2; Measurements - 3.84 X 5.19 X 1.80; Fluorescence - Med; Polish - G; Symmetry - VG; No Of Diamonds - 1 | Laboratory: GIA.,in stock,new,208776.47 JPY,https://www.colourdiam.com/diamonddetails/Diamonds/Product/6852,https://www.colourdiam.com/Product/Diamond/6852/still.jpg,Colour Diam,Apparel & Accessories > Jewelry,,1,,,,unisex,Fancy Deep Orangy Pink,,adult,,,,,,,,,GIA,Fine Jewelry
6856,0.23 Ct Fancy Intense Pink Radiant Natural Diamond SI2 GIA,Colour Diam stock 6856. Sku - 6856; Weight - 0.23; Colour - Fancy Intense Pink; Shape - Radiant; Clarity - SI2; Measurements - 3.55X3.54X2.15; Fluorescence - None; Polish - VG; Symmetry - GD; No Of Diamonds - 1 | Laboratory: GIA.,in stock,new,1878988.26 JPY,https://www.colourdiam.com/diamonddetails/Diamonds/Product/6856,https://www.colourdiam.com/Product/Diamond/6856/still.jpg,Colour Diam,Apparel & Accessories > Jewelry,,1,,,,unisex,Fancy Intense Pink,,adult,,,,,,,,,GIA,Fine Jewelry
6330,0.22 Ct E Other Natural Diamond VVS2 GIA,Colour Diam stock 6330. Sku - 6330; Weight - 0.22; Colour - E; Shape - Other; Clarity - VVS2; Measurements - 3.56 X 3.51 X 2.51; Fluorescence - None; Polish - EX; Symmetry - VG; No Of Diamonds - 1 | Laboratory: GIA.,in stock,new,91861.65 JPY,https://www.colourdiam.com/diamonddetails/Diamonds/Product/6330,https://www.colourdiam.com/Product/Diamond/6330/still.jpg,Colour Diam,Apparel & Accessories > Jewelry,,1,,,,unisex,E,,adult,,,,,,,,,GIA,Fine Jewelry
2972,0.22 Ct Fancy Brownish Greenish Yellow Round Natural Diamond SI2 CGL,Colour Diam stock 2972. Sku - 2972; Weight - 0.22; Colour - Fancy Brownish Greenish Yellow; Shape - Round; Clarity - SI2; Measurements - ; Fluorescence - None; Polish - ; Symmetry - ; No Of Diamonds - 1 | Laboratory: CGL.,in stock,new,,https://www.colourdiam.com/diamonddetails/Diamonds/Product/2972,https://www.colourdiam.com/Product/Diamond/2972/still.jpg,Colour Diam,Apparel & Accessories > Jewelry,,1,,,,unisex,Fancy Brownish Greenish Yellow,,adult,,,,,,,,,CGL,Fine Jewelry
1059,0.22 Ct Fancy Pink Round Natural Diamond SI2 GIA,Colour Diam stock 1059. Sku - 1059; Weight - 0.22; Colour - Fancy Pink; Shape - Round; Clarity - SI2; Measurements - 3.50x3.54x2.56; Fluorescence - Med; Polish - G; Symmetry - F; No Of Diamonds - 1 | Laboratory: GIA.,in stock,new,798796.94 JPY,https://www.colourdiam.com/diamonddetails/Diamonds/Product/1059,https://www.colourdiam.com/Product/Diamond/1059/still.jpg,Colour Diam,Apparel & Accessories > Jewelry,,1,,,,unisex,Fancy Pink,,adult,,,,,,,,,GIA,Fine Jewelry
2785,0.21 Ct Fancy Brownish Pink Round Natural Diamond GIA,Colour Diam stock 2785. Sku - 2785; Weight - 0.21; Colour - Fancy Brownish Pink; Shape - Round; Clarity - ; Measurements - 3.69 x 3.73 x 2.45; Fluorescence - None; Polish - ; Symmetry - ; No Of Diamonds - 1 | Laboratory: GIA.,in stock,new,304995.2 JPY,https://www.colourdiam.com/diamonddetails/Diamonds/Product/2785,https://www.colourdiam.com/Product/Diamond/2785/still.jpg,Colour Diam,Apparel & Accessories > Jewelry,,1,,,,unisex,Fancy Brownish Pink,,adult,,,,,,,,,GIA,Fine Jewelry
79,0.21 Ct Fancy Intense Purplish Pink Round Natural Diamond GIA,Colour Diam stock 79. Sku - 79; Weight - 0.21; Colour - Fancy Intense Purplish Pink; Shape - Round; Clarity - ; Measurements - 3.51 X 3.55 X 2.48; Fluorescence - None; Polish - ; Symmetry - ; No Of Diamonds - 1 | Laboratory: GIA.,in stock,new,1143731.98 JPY,https://www.colourdiam.com/diamonddetails/Diamonds/Product/79,https://www.colourdiam.com/Product/Diamond/79/still.jpg,Colour Diam,Apparel & Accessories > Jewelry,,1,,,,unisex,Fancy Intense Purplish Pink,,adult,,,,,,,,,GIA,Fine Jewelry
5759,0.21 Ct Fancy Light Pink Round Natural Diamond SI1 AGT,Colour Diam stock 5759. Sku - 5759; Weight - 0.21; Colour - Fancy Light Pink; Shape - Round; Clarity - SI1; Measurements - 3.85 X 3.90; Fluorescence - STG; Polish - ; Symmetry - ; No Of Diamonds - 1 | Laboratory: AGT.,in stock,new,476554.99 JPY,https://www.colourdiam.com/diamonddetails/Diamonds/Product/5759,https://www.colourdiam.com/Product/Diamond/5759/still.jpg,Colour Diam,Apparel & Accessories > Jewelry,,1,,,,unisex,Fancy Light Pink,,adult,,,,,,,,,AGT,Fine Jewelry
2562,0.21 Ct Fancy Orangy Pink Round Natural Diamond SI1 GIA,Colour Diam stock 2562. Sku - 2562; Weight - 0.21; Colour - Fancy Orangy Pink; Shape - Round; Clarity - SI1; Measurements - 3.88X3.85X2.37; Fluorescence - Med; Polish - G; Symmetry - GD; No Of Diamonds - 1 | Laboratory: GIA.,in stock,new,1715597.97 JPY,https://www.colourdiam.com/diamonddetails/Diamonds/Product/2562,https://www.colourdiam.com/Product/Diamond/2562/still.jpg,Colour Diam,Apparel & Accessories > Jewelry,,1,,,,unisex,Fancy Orangy Pink,,adult,,,,,,,,,GIA,Fine Jewelry
221,0.21 Ct Fancy Light Purplish Pink Round Natural Diamond SI1 GIA,Colour Diam stock 221. Sku - 221; Weight - 0.21; Colour - Fancy Light Purplish Pink; Shape - Round; Clarity - SI1; Measurements - 3.50X3.46X2.57; Fluorescence - None; Polish - G; Symmetry - GD; No Of Diamonds - 1 | Laboratory: GIA.,in stock,new,381243.99 JPY,https://www.colourdiam.com/diamonddetails/Diamonds/Product/221,https://www.colourdiam.com/Product/Diamond/221/still.jpg,Colour Diam,Apparel & Accessories > Jewelry,,1,,,,unisex,Fancy Light Purplish Pink,,adult,,,,,,,,,GIA,Fine Jewelry
408,0.21 Ct Fancy Intense Pink Pear Natural Diamond I1 GIA,Colour Diam stock 408. Sku - 408; Weight - 0.21; Colour - Fancy Intense Pink; Shape - Pear; Clarity - I1; Measurements - 4.25X3.31X2.07; Fluorescence - Fnt; Polish - VG; Symmetry - GD; No Of Diamonds - 1 | Laboratory: GIA.,in stock,new,762487.99 JPY,https://www.colourdiam.com/diamonddetails/Diamonds/Product/408,https://www.colourdiam.com/Product/Diamond/408/still.jpg,Colour Diam,Apparel & Accessories > Jewelry,,1,,,,unisex,Fancy Intense Pink,,adult,,,,,,,,,GIA,Fine Jewelry
6329,0.21 Ct D Other Natural Diamond VS2 GIA,Colour Diam stock 6329. Sku - 6329; Weight - 0.21; Colour - D; Shape - Other; Clarity - VS2; Measurements - 3.43 X 3.42 X 2.35; Fluorescence - None; Polish - EX; Symmetry - VG; No Of Diamonds - 1 | Laboratory: GIA.,in stock,new,83873.68 JPY,https://www.colourdiam.com/diamonddetails/Diamonds/Product/6329,https://www.colourdiam.com/Product/Diamond/6329/still.jpg,Colour Diam,Apparel & Accessories > Jewelry,,1,,,,unisex,D,,adult,,,,,,,,,GIA,Fine Jewelry
2969,0.2 Ct Fancy Light Brownish Greenish Yellow Round Natural Diamond SI2 CGL,Colour Diam stock 2969. Sku - 2969; Weight - 0.2; Colour - Fancy Light Brownish Greenish Yellow; Shape - Round; Clarity - SI2; Measurements - 3.35x3.33x2.04; Fluorescence - None; Polish - ; Symmetry - ; No Of Diamonds - 1 | Laboratory: CGL.,in stock,new,,https://www.colourdiam.com/diamonddetails/Diamonds/Product/2969,https://www.colourdiam.com/Product/Diamond/2969/still.jpg,Colour Diam,Apparel & Accessories > Jewelry,,1,,,,unisex,Fancy Light Brownish Greenish Yellow,,adult,,,,,,,,,CGL,Fine Jewelry
305,0.2 Ct Fancy Light Pink Round Natural Diamond I1 GIA,Colour Diam stock 305. Sku - 305; Weight - 0.2; Colour - Fancy Light Pink; Shape - Round; Clarity - I1; Measurements - 3.65X3.62X2.40; Fluorescence - Fnt; Polish - VG; Symmetry - F; No Of Diamonds - 1 | Laboratory: GIA.,in stock,new,308626.09 JPY,https://www.colourdiam.com/diamonddetails/Diamonds/Product/305,https://www.colourdiam.com/Product/Diamond/305/still.jpg,Colour Diam,Apparel & Accessories > Jewelry,,1,,,,unisex,Fancy Light Pink,,adult,,,,,,,,,GIA,Fine Jewelry
3761,0.2 Ct Fancy Gray Cushion Natural Diamond VS1 GIA,Colour Diam stock 3761. Sku - 3761; Weight - 0.2; Colour - Fancy Gray; Shape - Cushion; Clarity - VS1; Measurements - 3.49*3.47*2.11; Fluorescence - Fnt; Polish - VG; Symmetry - GD; No Of Diamonds - 1 | Laboratory: GIA.,in stock,new,181544.76 JPY,https://www.colourdiam.com/diamonddetails/Diamonds/Product/3761,https://www.colourdiam.com/Product/Diamond/3761/still.jpg,Colour Diam,Apparel & Accessories > Jewelry,,1,,,,unisex,Fancy Gray,,adult,,,,,,,,,GIA,Fine Jewelry
2541,0.2 Ct Fancy Light Brownish Pink Heart Natural Diamond SI1 GIA,Colour Diam stock 2541. Sku - 2541; Weight - 0.2; Colour - Fancy Light Brownish Pink; Shape - Heart; Clarity - SI1; Measurements - 3.71X4.39X2.05; Fluorescence - Med; Polish - G; Symmetry - GD; No Of Diamonds - 1 | Laboratory: GIA.,in stock,new,137974.02 JPY,https://www.colourdiam.com/diamonddetails/Diamonds/Product/2541,https://www.colourdiam.com/Product/Diamond/2541/still.jpg,Colour Diam,Apparel & Accessories > Jewelry,,1,,,,unisex,Fancy Light Brownish Pink,,adult,,,,,,,,,GIA,Fine Jewelry
8911,0.19 Ct Fancy Light Orangy Pink Cushion Natural Diamond SI2 GIA,Colour Diam stock 8911. Sku - 8911; Weight - 0.19; Colour - Fancy Light Orangy Pink; Shape - Cushion; Clarity - SI2; Measurements - 3.13 x 3.11 x 2.11; Fluorescence - Med; Polish - VG; Symmetry - GD; No Of Diamonds - 1 | Laboratory: GIA.,in stock,new,275948.03 JPY,https://www.colourdiam.com/diamonddetails/Diamonds/Product/8911,https://www.colourdiam.com/Product/Diamond/8911/still.jpg,Colour Diam,Apparel & Accessories > Jewelry,,1,,,,unisex,Fancy Light Orangy Pink,,adult,,,,,,,,,GIA,Fine Jewelry
402,0.19 Ct Fancy Deep Pink Marquise Natural Diamond I1 GIA,Colour Diam stock 402. Sku - 402; Weight - 0.19; Colour - Fancy Deep Pink; Shape - Marquise; Clarity - I1; Measurements - 4.81X2.83X2.32; Fluorescence - Fnt; Polish - G; Symmetry - F; No Of Diamonds - 1 | Laboratory: GIA.,in stock,new,862337.61 JPY,https://www.colourdiam.com/diamonddetails/Diamonds/Product/402,https://www.colourdiam.com/Product/Diamond/402/still.jpg,Colour Diam,Apparel & Accessories > Jewelry,,1,,,,unisex,Fancy Deep Pink,,adult,,,,,,,,,GIA,Fine Jewelry
2499,0.19 Ct Fancy Pink Purple Pear Natural Diamond VS2 GIA,Colour Diam stock 2499. Sku - 2499; Weight - 0.19; Colour - Fancy Pink Purple; Shape - Pear; Clarity - VS2; Measurements - 4.35X2.97X1.97; Fluorescence - None; Polish - VG; Symmetry - F; No Of Diamonds - 1 | Laboratory: GIA.,in stock,new,306578.58 JPY,https://www.colourdiam.com/diamonddetails/Diamonds/Product/2499,https://www.colourdiam.com/Product/Diamond/2499/still.jpg,Colour Diam,Apparel & Accessories > Jewelry,,1,,,,unisex,Fancy Pink Purple,,adult,,,,,,,,,GIA,Fine Jewelry
5404,0.18 Ct Fancy Orangy Pink Cushion Natural Diamond SI1 GIA,Colour Diam stock 5404. Sku - 5404; Weight - 0.18; Colour - Fancy Orangy Pink; Shape - Cushion; Clarity - SI1; Measurements - 2.99 X 2.99 X 2.14; Fluorescence - Fnt; Polish - VG; Symmetry - GD; No Of Diamonds - 1 | Laboratory: GIA.,in stock,new,261424.45 JPY,https://www.colourdiam.com/diamonddetails/Diamonds/Product/5404,https://www.colourdiam.com/Product/Diamond/5404/still.jpg,Colour Diam,Apparel & Accessories > Jewelry,,1,,,,unisex,Fancy Orangy Pink,,adult,,,,,,,,,GIA,Fine Jewelry
286,0.18 Ct Fancy Deep Brown Pink Radiant Natural Diamond GIA,Colour Diam stock 286. Sku - 286; Weight - 0.18; Colour - Fancy Deep Brown Pink; Shape - Radiant; Clarity - ; Measurements - 3.39 x 3.11 x 2.08; Fluorescence - None; Polish - ; Symmetry - ; No Of Diamonds - 1 | Laboratory: GIA.,in stock,new,424814.74 JPY,https://www.colourdiam.com/diamonddetails/Diamonds/Product/286,https://www.colourdiam.com/Product/Diamond/286/still.jpg,Colour Diam,Apparel & Accessories > Jewelry,,1,,,,unisex,Fancy Deep Brown Pink,,adult,,,,,,,,,GIA,Fine Jewelry
304,0.18 Ct Fancy Light Pinkish Purple Round Natural Diamond GIA,Colour Diam stock 304. Sku - 304; Weight - 0.18; Colour - Fancy Light Pinkish Purple; Shape - Round; Clarity - ; Measurements - 3.64 x 3.69 x 2.18; Fluorescence - None; Polish - ; Symmetry - ; No Of Diamonds - 1 | Laboratory: GIA.,in stock,new,294102.51 JPY,https://www.colourdiam.com/diamonddetails/Diamonds/Product/304,https://www.colourdiam.com/Product/Diamond/304/still.jpg,Colour Diam,Apparel & Accessories > Jewelry,,1,,,,unisex,Fancy Light Pinkish Purple,,adult,,,,,,,,,GIA,Fine Jewelry
5758,0.18 Ct Fancy Purple Pink Round Natural Diamond SI2 AGT,Colour Diam stock 5758. Sku - 5758; Weight - 0.18; Colour - Fancy Purple Pink; Shape - Round; Clarity - SI2; Measurements - 3.67 X 3.68; Fluorescence - Med; Polish - ; Symmetry - ; No Of Diamonds - 1 | Laboratory: AGT.,in stock,new,588205.02 JPY,https://www.colourdiam.com/diamonddetails/Diamonds/Product/5758,https://www.colourdiam.com/Product/Diamond/5758/still.jpg,Colour Diam,Apparel & Accessories > Jewelry,,1,,,,unisex,Fancy Purple Pink,,adult,,,,,,,,,AGT,Fine Jewelry
252,0.17 Ct Fancy Deep Orangy Pink Cushion Natural Diamond SI2 GIA,Colour Diam stock 252. Sku - 252; Weight - 0.17; Colour - Fancy Deep Orangy Pink; Shape - Cushion; Clarity - SI2; Measurements - 3.28X2.95X2.08; Fluorescence - Fnt; Polish - G; Symmetry - GD; No Of Diamonds - 1 | Laboratory: GIA.,in stock,new,462939.14 JPY,https://www.colourdiam.com/diamonddetails/Diamonds/Product/252,https://www.colourdiam.com/Product/Diamond/252/still.jpg,Colour Diam,Apparel & Accessories > Jewelry,,1,,,,unisex,Fancy Deep Orangy Pink,,adult,,,,,,,,,GIA,Fine Jewelry
2970,0.17 Ct Fancy Intense Pink Purple Round Natural Diamond I1 CGL,Colour Diam stock 2970. Sku - 2970; Weight - 0.17; Colour - Fancy Intense Pink Purple; Shape - Round; Clarity - I1; Measurements - 3.35x2.91x1.93; Fluorescence - None; Polish - ; Symmetry - ; No Of Diamonds - 1 | Laboratory: CGL.,in stock,new,,https://www.colourdiam.com/diamonddetails/Diamonds/Product/2970,https://www.colourdiam.com/Product/Diamond/2970/still.jpg,Colour Diam,Apparel & Accessories > Jewelry,,1,,,,unisex,Fancy Intense Pink Purple,,adult,,,,,,,,,CGL,Fine Jewelry
244,0.16 Ct Fancy Deep Pink Cushion Natural Diamond SI2 GIA,Colour Diam stock 244. Sku - 244; Weight - 0.16; Colour - Fancy Deep Pink; Shape - Cushion; Clarity - SI2; Measurements - 3.16X2.88X1.98; Fluorescence - Fnt; Polish - G; Symmetry - GD; No Of Diamonds - 1 | Laboratory: GIA.,in stock,new,609990.39 JPY,https://www.colourdiam.com/diamonddetails/Diamonds/Product/244,https://www.colourdiam.com/Product/Diamond/244/still.jpg,Colour Diam,Apparel & Accessories > Jewelry,,1,,,,unisex,Fancy Deep Pink,,adult,,,,,,,,,GIA,Fine Jewelry
586,0.16 Ct Fancy Brownish Pink Marquise Natural Diamond SI2 GIA,Colour Diam stock 586. Sku - 586; Weight - 0.16; Colour - Fancy Brownish Pink; Shape - Marquise; Clarity - SI2; Measurements - 4.92X2.77X1.97; Fluorescence - Fnt; Polish - G; Symmetry - GD; No Of Diamonds - 1 | Laboratory: GIA.,in stock,new,203330.13 JPY,https://www.colourdiam.com/diamonddetails/Diamonds/Product/586,https://www.colourdiam.com/Product/Diamond/586/still.jpg,Colour Diam,Apparel & Accessories > Jewelry,,1,,,,unisex,Fancy Brownish Pink,,adult,,,,,,,,,GIA,Fine Jewelry
2250,0.16 Ct Fancy Deep Pink Cushion Natural Diamond SI2 CGL,Colour Diam stock 2250. Sku - 2250; Weight - 0.16; Colour - Fancy Deep Pink; Shape - Cushion; Clarity - SI2; Measurements - 2.88x2.83x2.04; Fluorescence - None; Polish - ; Symmetry - ; No Of Diamonds - 1 | Laboratory: CGL.,in stock,new,580943.23 JPY,https://www.colourdiam.com/diamonddetails/Diamonds/Product/2250,https://www.colourdiam.com/Product/Diamond/2250/still.jpg,Colour Diam,Apparel & Accessories > Jewelry,,1,,,,unisex,Fancy Deep Pink,,adult,,,,,,,,,CGL,Fine Jewelry
309,0.16 Ct Fancy Deep Pink Marquise Natural Diamond SI2 GIA,Colour Diam stock 309. Sku - 309; Weight - 0.16; Colour - Fancy Deep Pink; Shape - Marquise; Clarity - SI2; Measurements - 5.15X2.85X1.83; Fluorescence - None; Polish - G; Symmetry - GD; No Of Diamonds - 1 | Laboratory: GIA.,in stock,new,580943.23 JPY,https://www.colourdiam.com/diamonddetails/Diamonds/Product/309,https://www.colourdiam.com/Product/Diamond/309/still.jpg,Colour Diam,Apparel & Accessories > Jewelry,,1,,,,unisex,Fancy Deep Pink,,adult,,,,,,,,,GIA,Fine Jewelry
409,0.15 Ct Fancy Intense Pink Cut cornered square Natural Diamond I1 GIA,Colour Diam stock 409. Sku - 409; Weight - 0.15; Colour - Fancy Intense Pink; Shape - Cut cornered square; Clarity - I1; Measurements - 2.88X2.82X1.91; Fluorescence - Med; Polish - G; Symmetry - F; No Of Diamonds - 1 | Laboratory: GIA.,in stock,new,544634.28 JPY,https://www.colourdiam.com/diamonddetails/Diamonds/Product/409,https://www.colourdiam.com/Product/Diamond/409/still.jpg,Colour Diam,Apparel & Accessories > Jewelry,,1,,,,unisex,Fancy Intense Pink,,adult,,,,,,,,,GIA,Fine Jewelry
256,0.15 Ct Fancy Intense Purplish Pink Round Natural Diamond I1 GIA,Colour Diam stock 256. Sku - 256; Weight - 0.15; Colour - Fancy Intense Purplish Pink; Shape - Round; Clarity - I1; Measurements - 3.43X3.40X2.05; Fluorescence - Fnt; Polish - G; Symmetry - GD; No Of Diamonds - 1 | Laboratory: GIA.,in stock,new,599097.71 JPY,https://www.colourdiam.com/diamonddetails/Diamonds/Product/256,https://www.colourdiam.com/Product/Diamond/256/still.jpg,Colour Diam,Apparel & Accessories > Jewelry,,1,,,,unisex,Fancy Intense Purplish Pink,,adult,,,,,,,,,GIA,Fine Jewelry
2662,0.15 Ct Fancy Orangy Pink Round Natural Diamond SI2 CGL,Colour Diam stock 2662. Sku - 2662; Weight - 0.15; Colour - Fancy Orangy Pink; Shape - Round; Clarity - SI2; Measurements - 3.39x3.43x2.11; Fluorescence - None; Polish - ; Symmetry - ; No Of Diamonds - 1 | Laboratory: CGL.,in stock,new,430261.08 JPY,https://www.colourdiam.com/diamonddetails/Diamonds/Product/2662,https://www.colourdiam.com/Product/Diamond/2662/still.jpg,Colour Diam,Apparel & Accessories > Jewelry,,1,,,,unisex,Fancy Orangy Pink,,adult,,,,,,,,,CGL,Fine Jewelry
2474,0.15 Ct Fancy Deep Pink Round Natural Diamond I1 AGT,Colour Diam stock 2474. Sku - 2474; Weight - 0.15; Colour - Fancy Deep Pink; Shape - Round; Clarity - I1; Measurements - 3.42x3.45x2.13; Fluorescence - None; Polish - ; Symmetry - ; No Of Diamonds - 1 | Laboratory: AGT.,in stock,new,680792.85 JPY,https://www.colourdiam.com/diamonddetails/Diamonds/Product/2474,https://www.colourdiam.com/Product/Diamond/2474/still.jpg,Colour Diam,Apparel & Accessories > Jewelry,,1,,,,unisex,Fancy Deep Pink,,adult,,,,,,,,,AGT,Fine Jewelry
2386,0.15 Ct Fancy Deep Brownish Purple Pink Marquise Natural Diamond GIA,Colour Diam stock 2386. Sku - 2386; Weight - 0.15; Colour - Fancy Deep Brownish Purple Pink; Shape - Marquise; Clarity - ; Measurements - 5.37 x 2.47 x 1.63; Fluorescence - None; Polish - ; Symmetry - ; No Of Diamonds - 1 | Laboratory: GIA.,in stock,new,95311 JPY,https://www.colourdiam.com/diamonddetails/Diamonds/Product/2386,https://www.colourdiam.com/Product/Diamond/2386/still.jpg,Colour Diam,Apparel & Accessories > Jewelry,,1,,,,unisex,Fancy Deep Brownish Purple Pink,,adult,,,,,,,,,GIA,Fine Jewelry
2966,0.15 Ct Fancy Light Yellowish Gray Round Natural Diamond SI2 CGL,Colour Diam stock 2966. Sku - 2966; Weight - 0.15; Colour - Fancy Light Yellowish Gray; Shape - Round; Clarity - SI2; Measurements - 3.28-3.30*2.11; Fluorescence - None; Polish - ; Symmetry - ; No Of Diamonds - 1 | Laboratory: CGL.,in stock,new,,https://www.colourdiam.com/diamonddetails/Diamonds/Product/2966,https://www.colourdiam.com/Product/Diamond/2966/still.jpg,Colour Diam,Apparel & Accessories > Jewelry,,1,,,,unisex,Fancy Light Yellowish Gray,,adult,,,,,,,,,CGL,Fine Jewelry
5583,0.13 Ct Fancy Light Pink Pear Natural Diamond SI1 GIA,Colour Diam stock 5583. Sku - 5583; Weight - 0.13; Colour - Fancy Light Pink; Shape - Pear; Clarity - SI1; Measurements - 4.04 x 2.93 x 1.86; Fluorescence - None; Polish - ; Symmetry - ; No Of Diamonds - 1 | Laboratory: GIA.,in stock,new,141604.91 JPY,https://www.colourdiam.com/diamonddetails/Diamonds/Product/5583,https://www.colourdiam.com/Product/Diamond/5583/still.jpg,Colour Diam,Apparel & Accessories > Jewelry,,1,,,,unisex,Fancy Light Pink,,adult,,,,,,,,,GIA,Fine Jewelry
598,0.13 Ct Fancy Intense Pink Radiant Natural Diamond GIA,Colour Diam stock 598. Sku - 598; Weight - 0.13; Colour - Fancy Intense Pink; Shape - Radiant; Clarity - ; Measurements - 3.23 x 2.58 x 1.76; Fluorescence - None; Polish - ; Symmetry - ; No Of Diamonds - 1 | Laboratory: GIA.,in stock,new,424814.74 JPY,https://www.colourdiam.com/diamonddetails/Diamonds/Product/598,https://www.colourdiam.com/Product/Diamond/598/still.jpg,Colour Diam,Apparel & Accessories > Jewelry,,1,,,,unisex,Fancy Intense Pink,,adult,,,,,,,,,GIA,Fine Jewelry
2640,0.12 Ct Fancy Vivid Pink Marquise Natural Diamond I2 CGL,Colour Diam stock 2640. Sku - 2640; Weight - 0.12; Colour - Fancy Vivid Pink; Shape - Marquise; Clarity - I2; Measurements - ; Fluorescence - None; Polish - ; Symmetry - ; No Of Diamonds - 1 | Laboratory: CGL.,in stock,new,544634.28 JPY,https://www.colourdiam.com/diamonddetails/Diamonds/Product/2640,https://www.colourdiam.com/Product/Diamond/2640/still.jpg,Colour Diam,Apparel & Accessories > Jewelry,,1,,,,unisex,Fancy Vivid Pink,,adult,,,,,,,,,CGL,Fine Jewelry
681,0.11 Ct Fancy Deep Pink Marquise Natural Diamond GIA,Colour Diam stock 681. Sku - 681; Weight - 0.11; Colour - Fancy Deep Pink; Shape - Marquise; Clarity - ; Measurements - 4.25 x 2.54 x 1.66; Fluorescence - None; Polish - ; Symmetry - ; No Of Diamonds - 1 | Laboratory: GIA.,in stock,new,359458.62 JPY,https://www.colourdiam.com/diamonddetails/Diamonds/Product/681,https://www.colourdiam.com/Product/Diamond/681/still.jpg,Colour Diam,Apparel & Accessories > Jewelry,,1,,,,unisex,Fancy Deep Pink,,adult,,,,,,,,,GIA,Fine Jewelry
241,0.11 Ct Fancy Deep Brownish Orangy Pink Radiant Natural Diamond GIA,Colour Diam stock 241. Sku - 241; Weight - 0.11; Colour - Fancy Deep Brownish Orangy Pink; Shape - Radiant; Clarity - ; Measurements - 2.77 x 2.43 x 1.81; Fluorescence - None; Polish - ; Symmetry - ; No Of Diamonds - 1 | Laboratory: GIA.,in stock,new,399398.47 JPY,https://www.colourdiam.com/diamonddetails/Diamonds/Product/241,https://colourdiam.com/Product/Diamond/241/colour-diam-241-fancy-deep-brownish-orangy-pink-radiant-measurements-2-77-x-2-43-x-1-81-0-11ct-gia-01.jpg,Colour Diam,Apparel & Accessories > Jewelry,,1,,,,unisex,Fancy Deep Brownish Orangy Pink,,adult,,,,,,,,,GIA,Fine Jewelry
9480,0.11 Ct Fancy Blue Radiant Natural Diamond VS2 GIA,Colour Diam stock 9480. Sku - 9480; Weight - 0.11; Colour - Fancy Blue; Shape - Radiant; Clarity - VS2; Measurements - 2.94 x 2.87 x 1.6; Fluorescence - ; Polish - ; Symmetry - ; No Of Diamonds - 1 | Laboratory: GIA.,in stock,new,1298045.03 JPY,https://www.colourdiam.com/diamonddetails/Diamonds/Product/9480,https://colourdiam.com/Product/Diamond/9480/bA1.jpg,Colour Diam,Apparel & Accessories > Jewelry,,1,,,,unisex,Fancy Blue,,adult,,,,,,,,,GIA,Fine Jewelry
1065,0.1 Ct Pear Natural Diamond I1 CGL,Colour Diam stock 1065. Sku - 1065; Weight - 0.1; Colour - ; Shape - Pear; Clarity - I1; Measurements - 3.45x2.83x1.62; Fluorescence - None; Polish - ; Symmetry - ; No Of Diamonds - 1 | Laboratory: CGL.,in stock,new,90772.38 JPY,https://www.colourdiam.com/diamonddetails/Diamonds/Product/1065,https://colourdiam.com/Product/Diamond/1065/colour-diam-1065-shape-pear-pear-i1-0-1ct-cgl-01.jpg,Colour Diam,Apparel & Accessories > Jewelry,,1,,,,unisex,,,adult,,,,,,,,,CGL,Fine Jewelry
2507,0.1 Ct Fancy Deep Pink Radiant Natural Diamond SI2 CGL,Colour Diam stock 2507. Sku - 2507; Weight - 0.1; Colour - Fancy Deep Pink; Shape - Radiant; Clarity - SI2; Measurements - ; Fluorescence - None; Polish - ; Symmetry - ; No Of Diamonds - 1 | Laboratory: CGL.,in stock,new,163390.28 JPY,https://www.colourdiam.com/diamonddetails/Diamonds/Product/2507,https://www.colourdiam.com/Product/Diamond/2507/still.jpg,Colour Diam,Apparel & Accessories > Jewelry,,1,,,,unisex,Fancy Deep Pink,,adult,,,,,,,,,CGL,Fine Jewelry
2961,0.09 Ct Fancy Light Yellowish Gray Round Natural Diamond I1 CGL,Colour Diam stock 2961. Sku - 2961; Weight - 0.09; Colour - Fancy Light Yellowish Gray; Shape - Round; Clarity - I1; Measurements - 2.86-2.88*1.78; Fluorescence - None; Polish - ; Symmetry - ; No Of Diamonds - 1 | Laboratory: CGL.,in stock,new,,https://www.colourdiam.com/diamonddetails/Diamonds/Product/2961,https://www.colourdiam.com/Product/Diamond/2961/still.jpg,Colour Diam,Apparel & Accessories > Jewelry,,1,,,,unisex,Fancy Light Yellowish Gray,,adult,,,,,,,,,CGL,Fine Jewelry
2503,0.07 Ct Fancy Purple Pink Marquise Natural Diamond I1 AGT,Colour Diam stock 2503. Sku - 2503; Weight - 0.07; Colour - Fancy Purple Pink; Shape - Marquise; Clarity - I1; Measurements - ; Fluorescence - None; Polish - ; Symmetry - ; No Of Diamonds - 1 | Laboratory: AGT.,in stock,new,17283.06 JPY,https://www.colourdiam.com/diamonddetails/Diamonds/Product/2503,https://www.colourdiam.com/Product/Diamond/2503/still.jpg,Colour Diam,Apparel & Accessories > Jewelry,,1,,,,unisex,Fancy Purple Pink,,adult,,,,,,,,,AGT,Fine Jewelry
3602,0.06 Ct Fancy Green Round Natural Diamond SI1 GIA,Colour Diam stock 3602. Sku - 3602; Weight - 0.06; Colour - Fancy Green; Shape - Round; Clarity - SI1; Measurements - 2.53 X 2.57 x 1.51; Fluorescence - None; Polish - ; Symmetry - ; No Of Diamonds - 1 | Laboratory: GIA.,in stock,new,,https://www.colourdiam.com/diamonddetails/Diamonds/Product/3602,https://www.colourdiam.com/Product/Diamond/3602/still.jpg,Colour Diam,Apparel & Accessories > Jewelry,,1,,,,unisex,Fancy Green,,adult,,,,,,,,,GIA,Fine Jewelry
2509,0.05 Ct Fancy Orangy Pink Marquise Natural Diamond SI2 CGL,Colour Diam stock 2509. Sku - 2509; Weight - 0.05; Colour - Fancy Orangy Pink; Shape - Marquise; Clarity - SI2; Measurements - ; Fluorescence - None; Polish - ; Symmetry - ; No Of Diamonds - 1 | Laboratory: CGL.,in stock,new,10030.74 JPY,https://www.colourdiam.com/diamonddetails/Diamonds/Product/2509,https://www.colourdiam.com/Product/Diamond/2509/still.jpg,Colour Diam,Apparel & Accessories > Jewelry,,1,,,,unisex,Fancy Orangy Pink,,adult,,,,,,,,,CGL,Fine Jewelry
2371,0.05 Ct Fancy Deep Violet Pear Natural Diamond SI2 CGL,Colour Diam stock 2371. Sku - 2371; Weight - 0.05; Colour - Fancy Deep Violet; Shape - Pear; Clarity - SI2; Measurements - 2.96x1.94x1.40; Fluorescence - None; Polish - ; Symmetry - ; No Of Diamonds - 1 | Laboratory: CGL.,in stock,new,1815447.59 JPY,https://www.colourdiam.com/diamonddetails/Diamonds/Product/2371,https://colourdiam.com/Product/Diamond/2371/colour-diam-2371-fancy-deep-violet-pear-si2-0-05ct-cgl-01.jpg,Colour Diam,Apparel & Accessories > Jewelry,,1,,,,unisex,Fancy Deep Violet,,adult,,,,,,,,,CGL,Fine Jewelry
2536,0.05 Ct Light Bluish Gray Round Natural Diamond VS2 CGL,Colour Diam stock 2536. Sku - 2536; Weight - 0.05; Colour - Light Bluish Gray; Shape - Round; Clarity - VS2; Measurements - 2.39x2.4x1.43; Fluorescence - None; Polish - ; Symmetry - ; No Of Diamonds - 1 | Laboratory: CGL.,in stock,new,136158.57 JPY,https://www.colourdiam.com/diamonddetails/Diamonds/Product/2536,https://colourdiam.com/Product/Diamond/2536/colour-diam-2536-light-bluish-gray-round-vs2-0-05ct-cgl-01.jpg,Colour Diam,Apparel & Accessories > Jewelry,,1,,,,unisex,Light Bluish Gray,,adult,,,,,,,,,CGL,Fine Jewelry
