# Required | A unique content ID for the item. Use the item's SKU if you can. Each content ID must appear only once in your catalog. To run dynamic ads this ID must exactly match the content ID for the same item in your Meta Pixel code. Character limit: 100,# Required | A specific and relevant title for the item. See title specifications: https://www.facebook.com/business/help/2104231189874655 Character limit: 200,# Required | A short and relevant description of the item. Include specific or unique product features like material or color. Use plain text and don't enter text in all capital letters. See description specifications: https://www.facebook.com/business/help/2302017289821154 Character limit: 9999,# Required | The current availability of the item. | Supported values: in stock; out of stock,# Required | The current condition of the item. | Supported values: new; used,# Required | The price of the item. Format the price as a number followed by the 3-letter currency code (ISO 4217 standards). Use a period (.) as the decimal point; don't use a comma.,# Required | The URL of the specific product page where people can buy the item.,# Required | The URL for the main image of your item. Images must be in a supported format (JPG/GIF/PNG) and at least 500 x 500 pixels.,# Required | The brand name of the item. Character limit: 100.,# Optional | The Google product category for the item. Learn more about product categories: https://www.facebook.com/business/help/526764014610932.,# Optional | The Facebook product category for the item. Learn more about product categories: https://www.facebook.com/business/help/526764014610932.,# Optional | The quantity of this item you have to sell on Facebook and Instagram with checkout. Must be 1 or higher or the item won't be buyable,# Optional | The discounted price of the item if it's on sale. Format the price as a number followed by the 3-letter currency code (ISO 4217 standards). Use a period (.) as the decimal point; don't use a comma. A sale price is required if you want to use an overlay for discounted prices.,# Optional | The time range for your sale period. Includes the date and time/time zone when your sale starts and ends. If this field is blank any items with a sale_price remain on sale until you remove the sale price. Use this format: YYYY-MM-DDT23:59+00:00/YYYY-MM-DDT23:59+00:00. Enter the start date as YYYY-MM-DD. Enter a 'T'. Enter the start time in 24-hour format (00:00 to 23:59) followed by the UTC time zone (-12:00 to +14:00). Enter '/' and then repeat the same format for your end date and time. The example row below uses PST time zone (-08:00).,# Optional | Use this field to create variants of the same item. Enter the same group ID for all variants within a group. Learn more about variants: https://www.facebook.com/business/help/2256580051262113 Character limit: 100.,# Optional | The gender of a person that the item is targeted towards. | Supported values: female; male; unisex,# Optional | The color of the item. Use one or more words to describe the color. Don't use a hex code. Character limit: 200.,# Optional | The size of the item written as a word or abbreviation or number. For example: small; XL; 12. Character limit: 200.,# Optional | The age group that the item is targeted towards. | Supported values: adult; all ages; infant; kids; newborn; teen; toddler,# Optional | The material the item is made from; such as cotton; denim or leather. Character limit: 200.,# Optional | The pattern or graphic print on the item. Character limit: 100.,"# Optional | Shipping details for the item. Format as Country:Region:Service:Price. Include the 3-letter ISO 4217 currency code in the price. Enter the price as 0.0 to use the free shipping overlay in your ads. Use a semi-colon ';' or a comma "";"" to separate multiple shipping details for different regions or countries. Only people in the specified region or country will see shipping details for that region or country. You can leave out the region (keep the double '::') if your shipping details are the same for an entire country.",# Optional | The shipping weight of the item. Include the unit of measurement (lb/oz/g/kg).,"# Optional | Legal disclaimer text for product offers. This text provides important legal or regulatory information that must be displayed with the product offer. For example: ""Valid while supplies last. Terms and conditions apply.""","# Optional | URL linking to the full disclaimer text. This provides a link to a page containing the complete disclaimer information for the product offer. For example: ""https://example.com/terms-and-conditions""",# Optional | The URL for a video of your product. Link should be a videos file on a file hosting website; not a video player. Videos must be in a supported format (.3g2; .3gp; .3gpp; .asf; .avi; .dat; .divx; .dv; .f4v; .flv; .gif; .m2ts; .m4v; .mkv; .mod; .mov; .mp4; .mpe; .mpeg; .mpeg4; .mpg; .mts; .nsv; .ogm; .ogv; .qt; .tod; .ts; .vob or .wmv).,# Optional | The item’s Global Trade Item Number (GTIN). Recommended to help classify the item. May appear on the barcode; packaging or book cover. Only provide GTIN if you’re sure it’s correct. GTIN types include UPC (12 digits); EAN (13 digits); JAN (8 or 13 digits); ISBN (13 digits) or ITF-14 (14 digits),# Optional | Add labels to products to help filter them into product sets. Max characters: 110 per label; 5000 labels per product,# Optional | Describe the fashion style of this item.
id,title,description,availability,condition,price,link,image_link,brand,google_product_category,fb_product_category,quantity_to_sell_on_facebook,sale_price,sale_price_effective_date,item_group_id,gender,color,size,age_group,material,pattern,shipping,shipping_weight,offer_disclaimer,offer_disclaimer_url,video[0].tag[0],gtin,product_tags[1],style[0]
665_142,0.84 Ct Fancy Yellow VS1/ 0.82 Ct Fancy Yellow VS2 18k-Earring : 6.15 gram Main stone - 2 pcs – 1.66 cts WD : 52 / 0.391  YD : 44 / 0.511,https://colourdiam.com/Product/Jewellery/Model%20images/665_142/center.jpeg,in stock,new,9712.44 SGD,https://colourdiam.com/productdetail/Menu/665/142,https://www.colourdiam.com/Product/Jewellery/665_142/white45/center.jpg,ColourDiam,Apparel & Accessories > Jewelry,,1,,,,unisex,,,adult,,,,,,,,,GIA,Fine Jewelry
298,https://colourdiam.com/Product/Jewellery/Model%20images/298/video.mp4,"2.01 Ct Fancy Intense Yellow I1
18K - Ring : 3.252 gram
Main Stone - 1 Pcs 2.01 Cts
Round WHITE 83 Pcs 0.34 Cts",in stock,new,29210.35 SGD,https://colourdiam.com/productdetail/298,https://www.colourdiam.com/Product/Jewellery/298/white45/center.jpg,ColourDiam,Apparel & Accessories > Jewelry,,1,,,,unisex,,,adult,,,,,,,,,GIA,Fine Jewelry
414,https://colourdiam.com/Product/Jewellery/Model%20images/414/video.mp4,"0.377 – Fancy Pink SI1
18K Platinum Ring: 6.895 gram
WD : 37 / 0.61",in stock,new,8032.84 SGD,https://colourdiam.com/productdetail/414,https://www.colourdiam.com/Product/Jewellery/414/white45/center.jpg,ColourDiam,Apparel & Accessories > Jewelry,,1,,,,unisex,,,adult,,,,,,,,,NON CERTIFIED,Fine Jewelry
415,https://colourdiam.com/Product/Jewellery/Model%20images/415/415.mp4,"0.175 cts Fancy Pink Ring SI1 
18k Platinum Ring : 5.634 gram                                             
WD : 50 / 0.81",in stock,new,8032.84 SGD,https://colourdiam.com/productdetail/415,https://www.colourdiam.com/Product/Jewellery/415/white45/center.jpg,ColourDiam,Apparel & Accessories > Jewelry,,1,,,,unisex,,,adult,,,,,,,,,NON CERTIFIED,Fine Jewelry
416,https://colourdiam.com/Product/Jewellery/Model%20images/416/video.mp4,https://colourdiam.com/Product/Jewellery/Model%20images/416/PHOTO-2021-08-28-15-01-27.jpeg,in stock,new,8032.84 SGD,https://colourdiam.com/productdetail/416,https://www.colourdiam.com/Product/Jewellery/416/white45/center.jpg,ColourDiam,Apparel & Accessories > Jewelry,,1,,,,unisex,,,adult,,,,,,,,,NON CERTIFIED,Fine Jewelry
461,1.26 cts Fancy Intense Yellow Ring SI1  18k Ring : 5.69 gram                                              WD : 68 / 0.259 YD : 30 / 0.223 PEAR : 08 / 0.30,"1.26 cts Fancy Intense Yellow Ring SI1 
18k Ring : 5.69 gram                                             
WD : 68 / 0.259
YD : 30 / 0.223
PEAR : 08 / 0.30",in stock,new,15335.43 SGD,,https://www.colourdiam.com/Product/Jewellery/461/white45/center.jpg,ColourDiam,Apparel & Accessories > Jewelry,,1,,,,unisex,,,adult,,,,,,,,,GIA,Fine Jewelry
633,1.62 cts Fancy Green Ring SI  18k Ring : 4.67 gram                                              WD : 67 / 0.532 YD : 44 / 0.20,"1.62 cts Fancy Green Ring SI 
18k Ring : 4.67 gram                                             
WD : 67 / 0.532
YD : 44 / 0.20",in stock,new,6572.33 SGD,,https://www.colourdiam.com/Product/Jewellery/633/white45/center.jpg,ColourDiam,Apparel & Accessories > Jewelry,,1,,,,unisex,,,adult,,,,,,,,,AGL,Fine Jewelry
731,https://colourdiam.com/Product/Jewellery/Model%20images/731/video.mp4,https://colourdiam.com/Product/Jewellery/Model%20images/731/PHOTO-2022-04-05-17-54-27%202.jpeg,in stock,new,21177.5 SGD,https://colourdiam.com/productdetail/731,https://www.colourdiam.com/Product/Jewellery/731/white45/center.jpg,ColourDiam,Apparel & Accessories > Jewelry,,1,,,,unisex,,,adult,,,,,,,,,GIA,Fine Jewelry
1003,1.05 cts Fancy Yellow Ring SI1  18k Ring : 4.07 gram                                              WD : 40 / 0.26,"1.05 cts Fancy Yellow Ring SI1 
18k Ring : 4.07 gram                                             
WD : 40 / 0.26",in stock,new,22638.02 SGD,,https://www.colourdiam.com/Product/Jewellery/1003/white45/center.jpg,ColourDiam,Apparel & Accessories > Jewelry,,1,,,,unisex,,,adult,,,,,,,,,GIA,Fine Jewelry
1135,https://colourdiam.com/Product/Jewellery/Model%20images/1135/video.mp4,"1.02 cts Fancy Intense yellow Ring
18k : 5.55 gram 
PEAR : 8 / 0.485 
YD : 50 / 0.247
WD : 21 / 0.237",in stock,new,7302.59 SGD,https://colourdiam.com/productdetail/1135,https://www.colourdiam.com/Product/Jewellery/1135/white45/center.jpg,ColourDiam,Apparel & Accessories > Jewelry,,1,,,,unisex,,,adult,,,,,,,,,GIA,Fine Jewelry
1263,https://colourdiam.com/Product/Jewellery/Model%20images/1263/video.mp4,"https://colourdiam.com/Product/Jewellery/Model%20images/1263/center.jpeg
https://colourdiam.com/Product/Jewellery/Model%20images/1263/colour-diam-model-images-20.jpeg",in stock,new,2628.93 SGD,https://colourdiam.com/productdetail/1263,https://www.colourdiam.com/Product/Jewellery/1263/white45/center.jpg,ColourDiam,Apparel & Accessories > Jewelry,,1,,,,unisex,,,adult,,,,,,,,,AGL,Fine Jewelry
1328,https://colourdiam.com/Product/Jewellery/Model%20images/1328/video.mp4,https://colourdiam.com/Product/Jewellery/Model%20images/1328/center.jpeg,in stock,new,17526.21 SGD,https://colourdiam.com/productdetail/1328,https://www.colourdiam.com/Product/Jewellery/1328/white45/center.jpg,ColourDiam,Apparel & Accessories > Jewelry,,1,,,,unisex,,,adult,,,,,,,,,GIA,Fine Jewelry
1333_6674_6673,https://colourdiam.com/Product/Jewellery/Model%20images/1333_6674/video.mp4,"0.91 ct Fancy Intense Yellow SI1
0.32 ct F VS2
0.31 ct D VVS2 
18K Ring : 3.98 gram
Heart : 02 / 0.63",in stock,new,22638.02 SGD,https://colourdiam.com/productdetail/Menu/1333/6674/6673,https://www.colourdiam.com/Product/Jewellery/1333_6674_6673/white45/center.jpg,ColourDiam,Apparel & Accessories > Jewelry,,1,,,,unisex,,,adult,,,,,,,,,GIA,Fine Jewelry
1477,1.52 cts Fancy Greenish Yellow SI2                               18K Ring : 7.57 gram PEAR : 12 / 1.065 WD : 49 / 0.309 MQ : 10 / 0.678 PINK : 20 / 0.116,"1.52 cts Fancy Greenish Yellow SI2                              
18K Ring : 7.57 gram
PEAR : 12 / 1.065
WD : 49 / 0.309
MQ : 10 / 0.678
PINK : 20 / 0.116",in stock,new,14605.17 SGD,,https://www.colourdiam.com/Product/Jewellery/1477/white45/center.jpg,ColourDiam,Apparel & Accessories > Jewelry,,1,,,,unisex,,,adult,,,,,,,,,GIA,Fine Jewelry
1481,0.36 cts Fancy Light Pink VS1  De beers brand ring                             18K Ring : 2.718 gram PINK : 54 / 0.60,https://colourdiam.com/Product/Jewellery/Model%20images/1481/7C2A590F-A895-4C54-A082-F6FE5EFA46D6.jpeg,in stock,new,36512.93 SGD,https://colourdiam.com/productdetail/1481,https://www.colourdiam.com/Product/Jewellery/1481/white45/center.jpg,ColourDiam,Apparel & Accessories > Jewelry,,1,,,,unisex,,,adult,,,,,,,,,GIA,Fine Jewelry
1779,0.92 cts Fancy Yellow VS 18K Ring : 3.235 gram WD : 122 / 0.295 YD : 16 / 0.16,"0.92 cts Fancy Yellow VS
18K Ring : 3.235 gram
WD : 122 / 0.295
YD : 16 / 0.16",in stock,new,3213.14 SGD,,https://www.colourdiam.com/Product/Jewellery/1779/white45/center.jpg,ColourDiam,Apparel & Accessories > Jewelry,,1,,,,unisex,,,adult,,,,,,,,,AGL,Fine Jewelry
1850,https://colourdiam.com/Product/Jewellery/Model%20images/1850/video.mp4,"0.70 cts Fancy Brownish Yellow SI1
18K Ring : 3.48 gram
WD : 52 / 0.288",in stock,new,2190.78 SGD,https://colourdiam.com/productdetail/1850,https://www.colourdiam.com/Product/Jewellery/1850/white45/center.jpg,ColourDiam,Apparel & Accessories > Jewelry,,1,,,,unisex,,,adult,,,,,,,,,GIA,Fine Jewelry
1873,https://colourdiam.com/Product/Jewellery/Model%20images/1873/video.mp4,"0.57 cts Fancy Light Brownish Yellow  SI2 
Main stone – 1 pcs 0.57 cts 
18k Ring : 5.82 gram 
WD : 86 / 0.48 
 YELLOW : 28 / 0.177",in stock,new,5111.81 SGD,https://colourdiam.com/productdetail/1873,https://www.colourdiam.com/Product/Jewellery/1873/white45/center.jpg,ColourDiam,Apparel & Accessories > Jewelry,,1,,,,unisex,,,adult,,,,,,,,,GIA,Fine Jewelry
1913,0.70 cts Fancy Light Yellow VS1 18K Ring : 3.95 gram WD : 34 / 0.343 YD : 16 / 0.12,"0.70 cts Fancy Light Yellow VS1
18K Ring : 3.95 gram
WD : 34 / 0.343
YD : 16 / 0.12",in stock,new,3651.29 SGD,,https://www.colourdiam.com/Product/Jewellery/1913/white45/center.jpg,ColourDiam,Apparel & Accessories > Jewelry,,1,,,,unisex,,,adult,,,,,,,,,GIA,Fine Jewelry
1996_6379,0.54 W-X SI1/ 0.42 Faint Pink Ring SI2  18k : 4.87 gram  PINK : 55 / 0.268  WD : 64 / 0.105,"0.54 W-X SI1/
0.42 Faint Pink Ring SI2 
18k : 4.87 gram 
PINK : 55 / 0.268 
WD : 64 / 0.105",in stock,new,7302.59 SGD,https://colourdiam.com/productdetail/Menu/1996/6379,https://www.colourdiam.com/Product/Jewellery/1996_6379/white45/center.jpg,ColourDiam,Apparel & Accessories > Jewelry,,1,,,,unisex,,,adult,,,,,,,,,GIA,Fine Jewelry
2048,0.99 cts Fancy Light Yellow VVS1 Main stone detail –  01 pcs – 0.99 cts 18k Ring: 3.047 gram  WD : 28 / 0.49,"0.99 cts Fancy Light Yellow VVS1
Main stone detail –  01 pcs – 0.99 cts
18k Ring: 3.047 gram 
WD : 28 / 0.49",in stock,new,4673.66 SGD,,https://www.colourdiam.com/Product/Jewellery/2048/white45/center.jpg,ColourDiam,Apparel & Accessories > Jewelry,,1,,,,unisex,,,adult,,,,,,,,,AGL,Fine Jewelry
2150,https://colourdiam.com/Product/Jewellery/Model%20images/2150/2150.mp4,"0.80 Fancy Light Yellow SI2 
18K Ring : 7.82 gram
WD : 236 / 1.41
YD : 34 / 0.128",in stock,new,5549.97 SGD,https://colourdiam.com/productdetail/2150,https://www.colourdiam.com/Product/Jewellery/2150/white45/center.jpg,ColourDiam,Apparel & Accessories > Jewelry,,1,,,,unisex,,,adult,,,,,,,,,GIA,Fine Jewelry
2240,0.64 cts Fancy Pink  18K Ring : 2.82 gram WD : 14 / 0.078 PEAR : 02 / 0.164,https://colourdiam.com/Product/Jewellery/Model%20images/2240/3CB6BC1C-52C9-4915-A39A-5306386DB9A7.jpeg,in stock,new,24098.53 SGD,https://colourdiam.com/productdetail/2240,https://www.colourdiam.com/Product/Jewellery/2240/white45/center.jpg,ColourDiam,Apparel & Accessories > Jewelry,,1,,,,unisex,,,adult,,,,,,,,,GIA,Fine Jewelry
2253,0.64 cts Fancy Light Yellow - Green VS2 18K Ring : 3.99 gram WD : 140 / 0.227 PINK : 20 / 0.088,"0.64 cts Fancy Light Yellow - Green VS2
18K Ring : 3.99 gram
WD : 140 / 0.227
PINK : 20 / 0.088",in stock,new,5622.99 SGD,,https://www.colourdiam.com/Product/Jewellery/2253/white45/center.jpg,ColourDiam,Apparel & Accessories > Jewelry,,1,,,,unisex,,,adult,,,,,,,,,GIA,Fine Jewelry
2281,https://colourdiam.com/Product/Jewellery/Model%20images/2281/video.mp4,"0.70 cts Light Green I1
18K Ring : 5.71 gram
WD : 128 / 0.515
PINK : 20 / 0.075
MQ : 10 / 0.535",in stock,new,6572.33 SGD,https://colourdiam.com/productdetail/2281,https://www.colourdiam.com/Product/Jewellery/2281/white45/center.jpg,ColourDiam,Apparel & Accessories > Jewelry,,1,,,,unisex,,,adult,,,,,,,,,GIA,Fine Jewelry
2354,0.41 ct Fancy Light Purplish Pink Ring SI2 18 k : 5.03 gram  PINK : 18 / 0.057  MQ : 12 / 0.385 WD : 134 / 0.464,"0.41 ct Fancy Light Purplish Pink Ring SI2
18 k : 5.03 gram 
PINK : 18 / 0.057 
MQ : 12 / 0.385
WD : 134 / 0.464",in stock,new,14605.17 SGD,,https://www.colourdiam.com/Product/Jewellery/2354/white45/center.jpg,ColourDiam,Apparel & Accessories > Jewelry,,1,,,,unisex,,,adult,,,,,,,,,GIA,Fine Jewelry
2376,https://colourdiam.com/Product/Jewellery/Model%20images/2376/video.mp4,"0.83 cts Fancy Light Pinkish Brown Ring VS1
18 k : 5.13 gram 
MQ : 12 / 0.491 
PINK : 20 / 0.071
WD : 120 / 0.418",in stock,new,10953.88 SGD,https://colourdiam.com/productdetail/2376,https://www.colourdiam.com/Product/Jewellery/2376/white45/center.jpg,ColourDiam,Apparel & Accessories > Jewelry,,1,,,,unisex,,,adult,,,,,,,,,GIA,Fine Jewelry
2379,0.353 cts Fancy Light Pink VS Main stone – 1 pcs 0.353 cts 18k Ring : 3.540 gram  WD : 38 / 0.271 PINK : 16 / 0.067,"0.353 cts Fancy Light Pink VS
Main stone – 1 pcs 0.353 cts
18k Ring : 3.540 gram 
WD : 38 / 0.271
PINK : 16 / 0.067",in stock,new,5111.81 SGD,,https://www.colourdiam.com/Product/Jewellery/2379/white45/center.jpg,ColourDiam,Apparel & Accessories > Jewelry,,1,,,,unisex,,,adult,,,,,,,,,AGL,Fine Jewelry
2391_7808,https://colourdiam.com/Product/Jewellery/Model%20images/2391_7808/video.mp4,"0.59 cts fancy light yellow vvs1 
0.56 CTS G Colour VS1
18K ring : 5.61 gram
WD : 26 / 0.29",in stock,new,5111.81 SGD,https://colourdiam.com/productdetail/Menu/2391/7808,https://www.colourdiam.com/Product/Jewellery/2391_7808/white45/center.jpg,ColourDiam,Apparel & Accessories > Jewelry,,1,,,,unisex,,,adult,,,,,,,,,GIA,Fine Jewelry
2518,1.01 cts Light Pink Ring 18 k : 4.20 gram  WD : 44 / 0.201  PEAR : 8 / 0.452 MQ : 8 / 0.328,"1.01 cts Light Pink Ring
18 k : 4.20 gram 
WD : 44 / 0.201 
PEAR : 8 / 0.452
MQ : 8 / 0.328",in stock,new,9493.36 SGD,,https://www.colourdiam.com/Product/Jewellery/2518/white45/center.jpg,ColourDiam,Apparel & Accessories > Jewelry,,1,,,,unisex,,,adult,,,,,,,,,GIA,Fine Jewelry
2553,2.04 ct Very Light Pink Ring SI1 18 k : 7.26 gram  PEAR : 6 / 0.252 MQ : 12 / 0.63 PINK : 25 / 0.14  WD : 69 / 0.235,"2.04 ct Very Light Pink Ring SI1
18 k : 7.26 gram 
PEAR : 6 / 0.252
MQ : 12 / 0.63
PINK : 25 / 0.14 
WD : 69 / 0.235",in stock,new,32131.38 SGD,,https://www.colourdiam.com/Product/Jewellery/2553/white45/center.jpg,ColourDiam,Apparel & Accessories > Jewelry,,1,,,,unisex,,,adult,,,,,,,,,CGL,Fine Jewelry
2556,1.46 CT Fancy Orangy Pink 18 k Ring : 6.70 gram WD : 106 / 1.367,https://colourdiam.com/Product/Jewellery/Model%20images/2556/center.jpeg,in stock,new,43815.52 SGD,https://colourdiam.com/productdetail/2556,https://www.colourdiam.com/Product/Jewellery/2556/white45/center.jpg,ColourDiam,Apparel & Accessories > Jewelry,,1,,,,unisex,,,adult,,,,,,,,,GIA,Fine Jewelry
2644,0.52 CT Fancy Light Gray Blue VVS1 18 k Ring : 6.56 gram WD : 68 / 0.437 PINK : 18 / 0.207 EMERALD : 02 / 0.207,"https://colourdiam.com/Product/Jewellery/Model%20images/2644/1.JPEG
https://colourdiam.com/Product/Jewellery/Model%20images/2644/2.JPEG
https://colourdiam.com/Product/Jewellery/Model%20images/2644/3.JPEG
https://colourdiam.com/Product/Jewellery/Model%20images/2644/center.JPEG
https://colourdiam.com/Product/Jewellery/Model%20images/2644/colour-diam-model-images-65.jpeg
https://colourdiam.com/Product/Jewellery/Model%20images/2644/colour-diam-model-images-66.jpeg
https://colourdiam.com/Product/Jewellery/Model%20images/2644/colour-diam-model-images-67.jpeg
https://colourdiam.com/Product/Jewellery/Model%20images/2644/colour-diam-model-images-68.jpeg",in stock,new,36512.93 SGD,,https://www.colourdiam.com/Product/Jewellery/2644/white45/center.jpg,ColourDiam,Apparel & Accessories > Jewelry,,1,,,,unisex,,,adult,,,,,,,,,GIA,Fine Jewelry
3061,https://colourdiam.com/Product/Jewellery/Model%20images/3061/video.mp4,https://colourdiam.com/Product/Jewellery/Model%20images/3061/6EEF105F-2D3F-458E-A082-E6BA9ACA08FB.jpeg,in stock,new,10223.62 SGD,https://colourdiam.com/productdetail/3061,https://www.colourdiam.com/Product/Jewellery/3061/white45/center.jpg,ColourDiam,Apparel & Accessories > Jewelry,,1,,,,unisex,,,adult,,,,,,,,,GIA,Fine Jewelry
3170,https://colourdiam.com/Product/Jewellery/Model%20images/3170/video.mp4,https://colourdiam.com/Product/Jewellery/Model%20images/3170/PHOTO-2021-10-20-13-08-59%20%28Copy%29.jpeg,in stock,new,2190.78 SGD,https://colourdiam.com/productdetail/3170,https://www.colourdiam.com/Product/Jewellery/3170/white45/center.jpg,ColourDiam,Apparel & Accessories > Jewelry,,1,,,,unisex,,,adult,,,,,,,,,GIA,Fine Jewelry
3442,0.35 cts fancy Vivid Purplish Pink  Main stone – 01 pcs   0.35 cts 18K Ring: 5.44 gram  WD : 28 / 0.87 PINK : 14 / 0.14,"0.35 cts fancy Vivid Purplish Pink 
Main stone – 01 pcs   0.35 cts
18K Ring: 5.44 gram 
WD : 28 / 0.87
PINK : 14 / 0.14",in stock,new,46736.55 SGD,,https://www.colourdiam.com/Product/Jewellery/3442/white45/center.jpg,ColourDiam,Apparel & Accessories > Jewelry,,1,,,,unisex,,,adult,,,,,,,,,GIA,Fine Jewelry
3443_3444,0.37 Ct Fancy Orangy Pink SI1/ 0.36 Ct Fancy Orangy Pink SI2 18k-Earring : 4.60 gram Main stone - 2 pcs – 0.73 cts WD : 140 / 0.639,"0.37 Ct Fancy Orangy Pink SI1/
0.36 Ct Fancy Orangy Pink SI2
18k-Earring : 4.60 gram
Main stone - 2 pcs – 0.73 cts
WD : 140 / 0.639",in stock,new,21907.76 SGD,https://colourdiam.com/productdetail/Menu/3443/3444,https://www.colourdiam.com/Product/Jewellery/3443_3444/white45/center.jpg,ColourDiam,Apparel & Accessories > Jewelry,,1,,,,unisex,,,adult,,,,,,,,,GIA,Fine Jewelry
6321_3607,https://colourdiam.com/Product/Jewellery/Model%20images/6321_3607/video.mp4,"https://colourdiam.com/Product/Jewellery/Model%20images/6321_3607/center.jpeg
https://colourdiam.com/Product/Jewellery/Model%20images/6321_3607/colour-diam-model-images-300.jpeg
https://colourdiam.com/Product/Jewellery/Model%20images/6321_3607/colour-diam-model-images-301.jpeg
https://colourdiam.com/Product/Jewellery/Model%20images/6321_3607/WhatsApp%20Image%202025-10-04%20at%2015.56.03_bb4e4f15.jpeg",in stock,new,15335.43 SGD,https://colourdiam.com/productdetail/Menu/6321/3607,https://www.colourdiam.com/Product/Jewellery/6321_3607/white45/center.jpg,ColourDiam,Apparel & Accessories > Jewelry,,1,,,,unisex,,,adult,,,,,,,,,GIA,Fine Jewelry
3608_3619,0.28 cts Fancy Pink SI/   0.23 cts Fancy Pink SI     18 k ring : 3.683 gram  WD : 108 / 0.447,"0.28 cts Fancy Pink SI/  
0.23 cts Fancy Pink SI    
18 k ring : 3.683 gram 
WD : 108 / 0.447",in stock,new,6572.33 SGD,https://colourdiam.com/productdetail/Menu/3608/3619,https://www.colourdiam.com/Product/Jewellery/3608_3619/white45/center.jpg,ColourDiam,Apparel & Accessories > Jewelry,,1,,,,unisex,,,adult,,,,,,,,,AGL,Fine Jewelry
3747,1.01 cts Y-Z Range SI2 18 k Ring : 3.188 gram WD : 20 / 0.168 YD : 20 / 0.108,"1.01 cts Y-Z Range SI2
18 k Ring : 3.188 gram
WD : 20 / 0.168
YD : 20 / 0.108",in stock,new,2921.03 SGD,,https://www.colourdiam.com/Product/Jewellery/3747/white45/center.jpg,ColourDiam,Apparel & Accessories > Jewelry,,1,,,,unisex,,,adult,,,,,,,,,IGI,Fine Jewelry
3760,0.36 cts Fancy Light Greenish Yellow VS2     18 k ring : 3.85 gram YD : 14 / 0.105  WD : 42 / 0.288,"0.36 cts Fancy Light Greenish Yellow VS2    
18 k ring : 3.85 gram
YD : 14 / 0.105 
WD : 42 / 0.288",in stock,new,3651.29 SGD,,https://www.colourdiam.com/Product/Jewellery/3760/white45/center.jpg,ColourDiam,Apparel & Accessories > Jewelry,,1,,,,unisex,,,adult,,,,,,,,,GIA,Fine Jewelry
3763,https://colourdiam.com/Product/Jewellery/Model%20images/3763/video.mp4,"1.02 cts Fancy Light Yellow I1
18 k Ring : 3.968 gram
WD : 18 / 0.145",in stock,new,4381.55 SGD,https://colourdiam.com/productdetail/3763,https://www.colourdiam.com/Product/Jewellery/3763/white45/center.jpg,ColourDiam,Apparel & Accessories > Jewelry,,1,,,,unisex,,,adult,,,,,,,,,GIA,Fine Jewelry
3793,https://colourdiam.com/Product/Jewellery/Model%20images/3793/video.mp4,"https://colourdiam.com/Product/Jewellery/Model%20images/3793/01867D7C-2665-4B4B-8040-F38B0A2F26B7.JPEG
https://colourdiam.com/Product/Jewellery/Model%20images/3793/C99A0C82-0556-46BF-9D3C-9285633C6281.JPEG
https://colourdiam.com/Product/Jewellery/Model%20images/3793/center.JPEG
https://colourdiam.com/Product/Jewellery/Model%20images/3793/colour-diam-model-images-130.jpeg
https://colourdiam.com/Product/Jewellery/Model%20images/3793/colour-diam-model-images-131.jpeg
https://colourdiam.com/Product/Jewellery/Model%20images/3793/colour-diam-model-images-132.jpeg",in stock,new,36512.93 SGD,https://colourdiam.com/productdetail/3793,https://www.colourdiam.com/Product/Jewellery/3793/white45/center.jpg,ColourDiam,Apparel & Accessories > Jewelry,,1,,,,unisex,,,adult,,,,,,,,,GIA,Fine Jewelry
3967,https://colourdiam.com/Product/Jewellery/Model%20images/3967/video.mp4,"1.51 cts Fancy Light Brownish Pink I1
18 k Ring : 4.734 gram
WD : 74 / 0.587
PINK : 24 / 0.12",in stock,new,17526.21 SGD,https://colourdiam.com/productdetail/3967,https://www.colourdiam.com/Product/Jewellery/3967/white45/center.jpg,ColourDiam,Apparel & Accessories > Jewelry,,1,,,,unisex,,,adult,,,,,,,,,GIA,Fine Jewelry
4059,https://colourdiam.com/Product/Jewellery/Model%20images/4059/video.mp4,"https://colourdiam.com/Product/Jewellery/Model%20images/4059/2.jpeg
https://colourdiam.com/Product/Jewellery/Model%20images/4059/3.jpeg
https://colourdiam.com/Product/Jewellery/Model%20images/4059/center.jpeg",in stock,new,10223.62 SGD,https://colourdiam.com/productdetail/4059,https://www.colourdiam.com/Product/Jewellery/4059/white45/center.jpg,ColourDiam,Apparel & Accessories > Jewelry,,1,,,,unisex,,,adult,,,,,,,,,GIA,Fine Jewelry
4085_4456_4800_5452_5554_5558_5592_5594_5598,https://colourdiam.com/Product/Jewellery/Model%20images/4085_4456_4800_5452_5554_5558_5592_5594_5598/video.mp4,https://colourdiam.com/Product/Jewellery/Model%20images/4085_4456_4800_5452_5554_5558_5592_5594_5598/center.jpeg,in stock,new,18986.72 SGD,https://colourdiam.com/productdetail/Menu/4085/4456/4800/5452/5554/5558/5592/5594/5598,"https://www.colourdiam.com/Product/Jewellery/
4085_4456_4800_5452_5554_5558_5592_5594_5598 
/white45/center.jpg",ColourDiam,Apparel & Accessories > Jewelry,,1,,,,unisex,,,adult,,,,,,,,,GIA,Fine Jewelry
4191,0.52 cts Very light pink VS2  18 k ring : 7.70 gram   WD : 66 / 0.51,"0.52 cts Very light pink VS2
 18 k ring : 7.70 gram  
WD : 66 / 0.51",in stock,new,10953.88 SGD,,https://www.colourdiam.com/Product/Jewellery/4191/white45/center.jpg,ColourDiam,Apparel & Accessories > Jewelry,,1,,,,unisex,,,adult,,,,,,,,,GIA,Fine Jewelry
"4193_4185_4184
4183_4180_4171
4169_4168_4167
4166_4124_4086_
3953",0.53 cts fancy light pinkish brown SI1  0.38 cts light pinkish brown I1 0.33 cts very light pinkish brown VS2 0.30 cts very light pinkish brown VVS1 0.35 cts fancy light brown pink I1 0.40 cts fancy b,"https://colourdiam.com/Product/Jewellery/Model%20images/4193_4185_4184_4183_4180_4171_4169_4168_4167_4166_4124_4086_3953/2.jpeg
https://colourdiam.com/Product/Jewellery/Model%20images/4193_4185_4184_4183_4180_4171_4169_4168_4167_4166_4124_4086_3953/3.jpeg
https://colourdiam.com/Product/Jewellery/Model%20images/4193_4185_4184_4183_4180_4171_4169_4168_4167_4166_4124_4086_3953/center.jpeg",in stock,new,58420.69 SGD,https://colourdiam.com/productdetail/Menu/4193/4185/4184/4183/4180/4171/4169/4168/4167/4166/4124/4086/3953,"https://www.colourdiam.com/Product/Jewellery/4193_4185_4184
4183_4180_4171
4169_4168_4167
4166_4124_4086_
3953
/white45/center.jpg",ColourDiam,Apparel & Accessories > Jewelry,,1,,,,unisex,,,adult,,,,,,,,,GIA,Fine Jewelry
"4207_4208
4227_4553
5156_5183_5482",0.51 Cts- Fancy intense yellow i1  0.66 Fancy intense yellow i2  0.70 Fancy light grayish greenish yellow i1  0.57 Light pinkish brown si1  0.50 Fancy pinkish brown si1    0.86 Fancy dark gray greeni,"0.51 Cts- Fancy intense yellow i1
 0.66 Fancy intense yellow i2
 0.70 Fancy light grayish greenish yellow i1
 0.57 Light pinkish brown si1
 0.50 Fancy pinkish brown si1  
 0.86 Fancy dark gray greenish yellow i1
 0.72 Fancy Pinkish Brown si2
 18k-Braclet : 14.30 gram
 WD: 326/4.229",in stock,new,17526.21 SGD,https://colourdiam.com/productdetail/Menu/4207/4208/4227/4553/5156/5183/5482,"https://www.colourdiam.com/Product/Jewellery/4207_4208
4227_4553
5156_5183_5482
/white45/center.jpg",ColourDiam,Apparel & Accessories > Jewelry,,1,,,,unisex,,,adult,,,,,,,,,GIA,Fine Jewelry
4262,3.10 Cts  W to X Range   Si1                                  18k-Ring : 8.93 gram Y: 24/0.146 WD: 130/0.735,"https://colourdiam.com/Product/Jewellery/Model%20images/4262/center.jpeg
https://colourdiam.com/Product/Jewellery/Model%20images/4262/colour-diam-model-images-189.jpeg",in stock,new,14603.71 SGD,https://colourdiam.com/productdetail/4262,https://www.colourdiam.com/Product/Jewellery/4262/white45/center.jpg,ColourDiam,Apparel & Accessories > Jewelry,,1,,,,unisex,,,adult,,,,,,,,,GIA,Fine Jewelry
4268,2.00 cts U to V range I1 18k-Ring : 6.97  gram WD: 54 pcs -0.244 cts   Pear: 20 pcs -0.922 cts MQ: 08 pcs -0.443 cts,"2.00 cts U to V range I1
18k-Ring : 6.97  gram
WD: 54 pcs -0.244 cts  
Pear: 20 pcs -0.922 cts
MQ: 08 pcs -0.443 cts",in stock,new,8763.1 SGD,,https://www.colourdiam.com/Product/Jewellery/4268/white45/center.jpg,ColourDiam,Apparel & Accessories > Jewelry,,1,,,,unisex,,,adult,,,,,,,,,GIA,Fine Jewelry
4280,1.51 cts Fancy green vs              18 k ring : 6.79 gram  Main stone - 1 pcs – 1.51 cts  PINK : 46 / 0.53  WD : 108 / 0.872,"1.51 cts Fancy green vs             
18 k ring : 6.79 gram 
Main stone - 1 pcs – 1.51 cts 
PINK : 46 / 0.53 
WD : 108 / 0.872",in stock,new,9493.36 SGD,,https://www.colourdiam.com/Product/Jewellery/4280/white45/center.jpg,ColourDiam,Apparel & Accessories > Jewelry,,1,,,,unisex,,,adult,,,,,,,,,AGL,Fine Jewelry
4281,1.56 cts Fancy Green VS                 18 k ring : 6.778 gram  PINK : 50 / 0.57  WD : 44 / 0.30,"1.56 cts Fancy Green VS                
18 k ring : 6.778 gram 
PINK : 50 / 0.57 
WD : 44 / 0.30",in stock,new,9493.36 SGD,,https://www.colourdiam.com/Product/Jewellery/4281/white45/center.jpg,ColourDiam,Apparel & Accessories > Jewelry,,1,,,,unisex,,,adult,,,,,,,,,AGL,Fine Jewelry
4282_4283,https://colourdiam.com/Product/Jewellery/Model%20images/4282_4283/video.mp4,"https://colourdiam.com/Product/Jewellery/Model%20images/4282_4283/8708244-20240720-143255.jpeg
https://colourdiam.com/Product/Jewellery/Model%20images/4282_4283/colour-diam-model-images-190.jpeg
https://colourdiam.com/Product/Jewellery/Model%20images/4282_4283/colour-diam-model-images-191.jpeg
https://colourdiam.com/Product/Jewellery/Model%20images/4282_4283/pic.jpeg",in stock,new,10953.88 SGD,https://colourdiam.com/productdetail/Menu/4282/4283,https://www.colourdiam.com/Product/Jewellery/4282_4283/white45/center.jpg,ColourDiam,Apparel & Accessories > Jewelry,,1,,,,unisex,,,adult,,,,,,,,,GIA,Fine Jewelry
4286,https://colourdiam.com/Product/Jewellery/Model%20images/4286/video.mp4,https://colourdiam.com/Product/Jewellery/Model%20images/4286/4286.jpeg,in stock,new,22638.02 SGD,https://colourdiam.com/productdetail/4286,https://www.colourdiam.com/Product/Jewellery/4286/white45/center.jpg,ColourDiam,Apparel & Accessories > Jewelry,,1,,,,unisex,,,adult,,,,,,,,,GIA,Fine Jewelry
4327_4328,1.00 G colour si1 / 1.01 G colour si1 Main stone - 02 pcs – 2.01 cts 18k-Earring : 4.6 gram WD : 98 / 2.53,"1.00 G colour si1 / 1.01 G colour si1
Main stone - 02 pcs – 2.01 cts
18k-Earring : 4.6 gram
WD : 98 / 2.53",in stock,new,9288.89 SGD,https://colourdiam.com/productdetail/Menu/4327/4328,https://www.colourdiam.com/Product/Jewellery/4327_4328/white45/center.jpg,ColourDiam,Apparel & Accessories > Jewelry,,1,,,,unisex,,,adult,,,,,,,,,GIA,Fine Jewelry
4329_5655,1.01 –  Fancy Green vs 18K: Ring: 3.606 gram Caddilac: 2/ 0.29,"1.01 –  Fancy Green vs
18K: Ring: 3.606 gram
Caddilac: 2/ 0.29",in stock,new,7302.59 SGD,https://colourdiam.com/productdetail/Menu/4329/5655,https://www.colourdiam.com/Product/Jewellery/4329_5655/white45/center.jpg,ColourDiam,Apparel & Accessories > Jewelry,,1,,,,unisex,,,adult,,,,,,,,,AGL,Fine Jewelry
4377,https://colourdiam.com/Product/Jewellery/Model%20images/4377/4377.mp4,https://colourdiam.com/Product/Jewellery/Model%20images/4377/center.jpeg,in stock,new,4527.6 SGD,https://colourdiam.com/productdetail/4377,https://www.colourdiam.com/Product/Jewellery/4377/white45/center.jpg,ColourDiam,Apparel & Accessories > Jewelry,,1,,,,unisex,,,adult,,,,,,,,,IGI,Fine Jewelry
4401_4402_4406_4409_4410_4422_4423_4354_4417,https://colourdiam.com/Product/Jewellery/Model%20images/4401_4402_4406_4409_4410_4422_4423_4354_4417/video.mp4,"https://colourdiam.com/Product/Jewellery/Model%20images/4401_4402_4406_4409_4410_4422_4423_4354_4417/center.jpeg
https://colourdiam.com/Product/Jewellery/Model%20images/4401_4402_4406_4409_4410_4422_4423_4354_4417/colour-diam-model-images-200.jpeg",in stock,new,26289.31 SGD,https://colourdiam.com/productdetail/Menu/4401/4402/4406/4409/4410/4422/4423/4354/4417,"https://www.colourdiam.com/Product/Jewellery/4401_4402_4406_4409_4410_4422_4423_4354_4417
/white45/center.jpg",ColourDiam,Apparel & Accessories > Jewelry,,1,,,,unisex,,,adult,,,,,,,,,GIA,Fine Jewelry
4403,https://colourdiam.com/Product/Jewellery/Model%20images/4403/video.mp4,"0.57 Faint Pinkish Brown I1
18 k Ring : 5.61 gram
WD : 65 / 0.517
PD : 52 / 0.204",in stock,new,6572.33 SGD,https://colourdiam.com/productdetail/4403,https://www.colourdiam.com/Product/Jewellery/4403/white45/center.jpg,ColourDiam,Apparel & Accessories > Jewelry,,1,,,,unisex,,,adult,,,,,,,,,GIA,Fine Jewelry
4415,0.62 Very Light Pink SI2 18 k Ring : 4.80 gram WD : 20 / 0.131 PD : 22 / 0.106 YD : 04 / 0.061 MQ : 12 / 0.622,"0.62 Very Light Pink SI2
18 k Ring : 4.80 gram
WD : 20 / 0.131
PD : 22 / 0.106
YD : 04 / 0.061
MQ : 12 / 0.622",in stock,new,8471 SGD,,https://www.colourdiam.com/Product/Jewellery/4415/white45/center.jpg,ColourDiam,Apparel & Accessories > Jewelry,,1,,,,unisex,,,adult,,,,,,,,,GIA,Fine Jewelry
4416,0.52 cts Very Light Pink Ring I3 18k : 6.72 gram  WD : 229/1.058 PINK : 90/0.269,"0.52 cts Very Light Pink Ring I3
18k : 6.72 gram 
WD : 229/1.058
PINK : 90/0.269",in stock,new,6572.33 SGD,,https://www.colourdiam.com/Product/Jewellery/4416/white45/center.jpg,ColourDiam,Apparel & Accessories > Jewelry,,1,,,,unisex,,,adult,,,,,,,,,GIA,Fine Jewelry
3400_4462,Faint Pink 0.50 cts SI1/  Faint pink 0.50 cts SI2  18 k EARRING : 11.32 gram WD : 232 / 1.035,https://colourdiam.com/Product/Jewellery/Model%20images/3400_4462/PHOTO-2021-10-01-13-57-19.jpeg,in stock,new,5842.07 SGD,https://colourdiam.com/productdetail/Menu/3400/4462,https://www.colourdiam.com/Product/Jewellery/3400_4462/white45/center.jpg,ColourDiam,Apparel & Accessories > Jewelry,,1,,,,unisex,,,adult,,,,,,,,,GIA,Fine Jewelry
4468,0.90 cts Very Light Pink SI2 18 k Ring : 4.09 gram WD : 64 / 0.526 PD : 02 / 0.04,"0.90 cts Very Light Pink SI2
18 k Ring : 4.09 gram
WD : 64 / 0.526
PD : 02 / 0.04",in stock,new,21907.76 SGD,,https://www.colourdiam.com/Product/Jewellery/4468/white45/center.jpg,ColourDiam,Apparel & Accessories > Jewelry,,1,,,,unisex,,,adult,,,,,,,,,GIA,Fine Jewelry
4509,https://colourdiam.com/Product/Jewellery/Model%20images/4509/video.mp4,"1.02 Faint Pink SI2
18K: Ring : 7.20 gram
WD : 66 / 0.427",in stock,new,24098.53 SGD,https://colourdiam.com/productdetail/4509,https://www.colourdiam.com/Product/Jewellery/4509/white45/center.jpg,ColourDiam,Apparel & Accessories > Jewelry,,1,,,,unisex,,,adult,,,,,,,,,GIA,Fine Jewelry
4510,https://colourdiam.com/Product/Jewellery/Model%20images/4510/video.mp4,"1.15 cts Light Pinkish Brown SI2
18k – Ring : 5.812 gram
Main stone : 01 pcs – 1.15 cts
WD : 12 pcs - 0.124 ct
PD : 28 pcs - 0.06 ct
PEAR : 20 pcs - 1.357 cts",in stock,new,16795.95 SGD,https://colourdiam.com/productdetail/4510,https://www.colourdiam.com/Product/Jewellery/4510/white45/center.jpg,ColourDiam,Apparel & Accessories > Jewelry,,1,,,,unisex,,,adult,,,,,,,,,GIA,Fine Jewelry
4520,0.40 cts Very Light Pink SI1 18k – Ring : 6.42 gram Main stone : 01 pcs – 0.40 cts WD : 168 pcs - 0.363 cts PINK : 16 pcs - 0.07 cts,"0.40 cts Very Light Pink SI1
18k – Ring : 6.42 gram
Main stone : 01 pcs – 0.40 cts
WD : 168 pcs - 0.363 cts
PINK : 16 pcs - 0.07 cts",in stock,new,8032.84 SGD,,https://www.colourdiam.com/Product/Jewellery/4520/white45/center.jpg,ColourDiam,Apparel & Accessories > Jewelry,,1,,,,unisex,,,adult,,,,,,,,,GIA,Fine Jewelry
4551,0.91 cts  Fancy yellow I2 18k-Ring : 3.80 gram YELLOW: 18 / 0.143 WD: 64 / 0.368,"0.91 cts  Fancy yellow I2
18k-Ring : 3.80 gram
YELLOW: 18 / 0.143
WD: 64 / 0.368",in stock,new,3943.4 SGD,,https://www.colourdiam.com/Product/Jewellery/4551/white45/center.jpg,ColourDiam,Apparel & Accessories > Jewelry,,1,,,,unisex,,,adult,,,,,,,,,GIA,Fine Jewelry
4643,https://colourdiam.com/Product/Jewellery/Model%20images/4643/video.mp4,"1.00 cts fancy yellow Si2
18k-Ring : 5.74 gram
Main stone - 1 pcs - 1.00 cts
WD: 58 pcs - 0.243 cts
PD: 66 pcs – 0.377 cts",in stock,new,5842.07 SGD,https://colourdiam.com/productdetail/4643,https://www.colourdiam.com/Product/Jewellery/4643/white45/center.jpg,ColourDiam,Apparel & Accessories > Jewelry,,1,,,,unisex,,,adult,,,,,,,,,GIA,Fine Jewelry
4649,0.82 cts Faint Pink SI1 18k – Ring : 7.99 gram Main stone : 01 pcs – 0.82 cts WD : 90 pcs - 0.493 cts,"https://colourdiam.com/Product/Jewellery/Model%20images/4649/1.jpeg
https://colourdiam.com/Product/Jewellery/Model%20images/4649/3.jpeg
https://colourdiam.com/Product/Jewellery/Model%20images/4649/center.jpeg",in stock,new,10953.88 SGD,,https://www.colourdiam.com/Product/Jewellery/4649/white45/center.jpg,ColourDiam,Apparel & Accessories > Jewelry,,1,,,,unisex,,,adult,,,,,,,,,GIA,Fine Jewelry
4874_4676,https://colourdiam.com/Product/Jewellery/Model%20images/4874_4676/model%20Video.mp4,https://colourdiam.com/Product/Jewellery/Model%20images/4874_4676/FE467A35-CCFF-4C8D-AD4C-A81527B772DD.jpeg,in stock,new,14605.17 SGD,https://colourdiam.com/productdetail/Menu/4874/4676,https://www.colourdiam.com/Product/Jewellery/4874_4676/white45/center.jpg,ColourDiam,Apparel & Accessories > Jewelry,,1,,,,unisex,,,adult,,,,,,,,,GIA,Fine Jewelry
4686,0.50 cts Faint Pink Vs2 18k – Ring : 5.252 gram Main stone : 01 pcs – 0.50 cts PEAR : 11 pcs - 0.465 cts PINK : 16 pcs - 0.88 cts   MQ : 08 pcs - 0.42 cts,"0.50 cts Faint Pink Vs2
18k – Ring : 5.252 gram
Main stone : 01 pcs – 0.50 cts
PEAR : 11 pcs - 0.465 cts
PINK : 16 pcs - 0.88 cts  
MQ : 08 pcs - 0.42 cts",in stock,new,9493.36 SGD,,https://www.colourdiam.com/Product/Jewellery/4686/white45/center.jpg,ColourDiam,Apparel & Accessories > Jewelry,,1,,,,unisex,,,adult,,,,,,,,,GIA,Fine Jewelry
4691,1.00 cts Light Pinkish Brown I1 18k – Ring : 4.52 gram Main stone : 01 pcs – 1.00 cts WD : 33 pcs - 0.555 ct PINK : 58 pcs - 0.29 ct,"1.00 cts Light Pinkish Brown I1
18k – Ring : 4.52 gram
Main stone : 01 pcs – 1.00 cts
WD : 33 pcs - 0.555 ct
PINK : 58 pcs - 0.29 ct",in stock,new,8763.1 SGD,,https://www.colourdiam.com/Product/Jewellery/4691/white45/center.jpg,ColourDiam,Apparel & Accessories > Jewelry,,1,,,,unisex,,,adult,,,,,,,,,GIA,Fine Jewelry
4725,"0.84 Cts Fancy Grayish Green VS2 Main stone – 01 pcs   0.84 cts 18K Ring: 5.81 gram  WD : 62 / 0.26 PINK : 24 / 0.14 MARQUISE: 16 / 0.77","0.84 Cts Fancy Grayish Green VS2
Main stone – 01 pcs   0.84 cts
18K Ring: 5.81 gram 
WD : 62 / 0.26
PINK : 24 / 0.14
MARQUISE: 16 / 0.77",in stock,new,9493.36 SGD,,https://www.colourdiam.com/Product/Jewellery/4725/white45/center.jpg,ColourDiam,Apparel & Accessories > Jewelry,,1,,,,unisex,,,adult,,,,,,,,,GIA,Fine Jewelry
4747,"0.83 FANCY LIGHT GREEN VS2 Main stone – 01 pcs 0.83 cts 18 K Ring: 5.15 gram  WD : 42 / 0.60 PINK : 42 / 0.13","0.83 FANCY LIGHT GREEN VS2
Main stone – 01 pcs 0.83 cts
18 K Ring: 5.15 gram 
WD : 42 / 0.60
PINK : 42 / 0.13",in stock,new,8032.84 SGD,,https://www.colourdiam.com/Product/Jewellery/4747/white45/center.jpg,ColourDiam,Apparel & Accessories > Jewelry,,1,,,,unisex,,,adult,,,,,,,,,GIA,Fine Jewelry
4774,https://colourdiam.com/Product/Jewellery/Model%20images/4774/video.mp4,"1.00 cts W-X Range VS2
18k – Ring : 4.184 gram
Main stone : 01 pcs – 1.00 cts
WD : 46 pcs - 0.319 cts",in stock,new,4381.55 SGD,https://colourdiam.com/productdetail/4774,https://www.colourdiam.com/Product/Jewellery/4774/white45/center.jpg,ColourDiam,Apparel & Accessories > Jewelry,,1,,,,unisex,,,adult,,,,,,,,,GIA,Fine Jewelry
4789,0.71 CT Faint Pink I1 18k – Ring : 4.97 gram Main stone : 01 pcs – 0.71 cts WD : 60 pcs - 1.274 cts PD : 30 pcs - 0.113 cts,"0.71 CT Faint Pink I1
18k – Ring : 4.97 gram
Main stone : 01 pcs – 0.71 cts
WD : 60 pcs - 1.274 cts
PD : 30 pcs - 0.113 cts",in stock,new,12414.4 SGD,,https://www.colourdiam.com/Product/Jewellery/4789/white45/center.jpg,ColourDiam,Apparel & Accessories > Jewelry,,1,,,,unisex,,,adult,,,,,,,,,GIA,Fine Jewelry
4849,0.33 cts Faint Pink I1 18 k ring : 5.39 gram  WD - 32 pcs / 0.38 ct PEAR - 04 / 0.38 MARQUISE - 08 / 0.42,"https://colourdiam.com/Product/Jewellery/Model%20images/4849/center.jpeg
https://colourdiam.com/Product/Jewellery/Model%20images/4849/colour-diam-model-images-208.jpeg",in stock,new,5842.07 SGD,https://colourdiam.com/productdetail/4849,https://www.colourdiam.com/Product/Jewellery/4849/white45/center.jpg,ColourDiam,Apparel & Accessories > Jewelry,,1,,,,unisex,,,adult,,,,,,,,,GIA,Fine Jewelry
4917,1.01 CT Very Light Pink SI2 18k – Ring & Pendant : 5.74 gram main stone : 01 pcs – 1.01 cts WD : 31 pcs - 0.238 cts PD : 16 pcs - 0.124 cts PEAR : 14 pcs - 0.695 cts,"1.01 CT Very Light Pink SI2
18k – Ring & Pendant : 5.74 gram
main stone : 01 pcs – 1.01 cts
WD : 31 pcs - 0.238 cts
PD : 16 pcs - 0.124 cts
PEAR : 14 pcs - 0.695 cts",in stock,new,20447.24 SGD,,https://www.colourdiam.com/Product/Jewellery/4917/white45/center.jpg,ColourDiam,Apparel & Accessories > Jewelry,,1,,,,unisex,,,adult,,,,,,,,,GIA,Fine Jewelry
4976,0.50 cts  very Light Green Yellow Si1 18k-Ring : 4.45 gram PINK: 17/ 0.07 WD: 114/ 0.325 MQ: 08/ 0.364,"0.50 cts  very Light Green Yellow Si1
18k-Ring : 4.45 gram
PINK: 17/ 0.07
WD: 114/ 0.325
MQ: 08/ 0.364",in stock,new,4381.55 SGD,,https://www.colourdiam.com/Product/Jewellery/4976/white45/center.jpg,ColourDiam,Apparel & Accessories > Jewelry,,1,,,,unisex,,,adult,,,,,,,,,GIA,Fine Jewelry
5052,2.16 cts Fancy Yellow Green SI2 18k – Ring : 5.585 gram main stone : 01 pcs – 2.16 cts WD: 46 pcs - 0.416 ct PD : 24 pcs- 0.18 ct EMERALD : 02 pcs - 0.34 ct,https://colourdiam.com/Product/Jewellery/Model%20images/5052/6392242-20220331-165419.jpeg,in stock,new,31401.12 SGD,https://colourdiam.com/productdetail/5052,https://www.colourdiam.com/Product/Jewellery/5052/white45/center.jpg,ColourDiam,Apparel & Accessories > Jewelry,,1,,,,unisex,,,adult,,,,,,,,,GIA,Fine Jewelry
4907_5148_5163_5164_5159_5460,https://colourdiam.com/Product/Jewellery/Model%20images/4907_5148_5163_5164_5159_5460/video.mp4,https://colourdiam.com/Product/Jewellery/Model%20images/4907_5148_5163_5164_5159_5460/center.jpeg,in stock,new,14605.17 SGD,https://colourdiam.com/productdetail/Menu/4907/5148/5163/5164/5159/5460,"https://www.colourdiam.com/Product/Jewellery/4907_5148_5163_5164_5159_5460
/white45/center.jpg",ColourDiam,Apparel & Accessories > Jewelry,,1,,,,unisex,,,adult,,,,,,,,,GIA,Fine Jewelry
5171,https://colourdiam.com/Product/Jewellery/Model%20images/5171/video.mp4,"https://colourdiam.com/Product/Jewellery/Model%20images/5171/5171%20%282%29.jpeg
https://colourdiam.com/Product/Jewellery/Model%20images/5171/center.jpeg
https://colourdiam.com/Product/Jewellery/Model%20images/5171/colour-diam-model-images-220.jpeg
https://colourdiam.com/Product/Jewellery/Model%20images/5171/colour-diam-model-images-221.jpeg",in stock,new,8763.1 SGD,https://colourdiam.com/productdetail/5171,https://www.colourdiam.com/Product/Jewellery/5171/white45/center.jpg,ColourDiam,Apparel & Accessories > Jewelry,,1,,,,unisex,,,adult,,,,,,,,,GIA,Fine Jewelry
5201,https://colourdiam.com/Product/Jewellery/Model%20images/5201/video.mp4,"https://colourdiam.com/Product/Jewellery/Model%20images/5201/colour-diam-model-images-223.jpeg
https://colourdiam.com/Product/Jewellery/Model%20images/5201/model%20.jpeg",in stock,new,8763.1 SGD,https://colourdiam.com/productdetail/5201,https://www.colourdiam.com/Product/Jewellery/5201/white45/center.jpg,ColourDiam,Apparel & Accessories > Jewelry,,1,,,,unisex,,,adult,,,,,,,,,AGL,Fine Jewelry
5212,"0.50 cts Very Light Pink VS2 Main stone – 01 pcs 0.50 cts 18k Ring : 5.53 gram  WD : 108 / 0.341 PINK : 16 / 0.088 OVAL : 08 / 0.835","0.50 cts Very Light Pink VS2
Main stone – 01 pcs 0.50 cts
18k Ring : 5.53 gram 
WD : 108 / 0.341
PINK : 16 / 0.088
OVAL : 08 / 0.835",in stock,new,10223.62 SGD,,https://www.colourdiam.com/Product/Jewellery/5212/white45/center.jpg,ColourDiam,Apparel & Accessories > Jewelry,,1,,,,unisex,,,adult,,,,,,,,,GIA,Fine Jewelry
5228,0.60 CT Very Light Pink SI1 18k – Ring : 5.42 gram main stone : 01 pcs – 0.60 cts WD: 92 pcs / 0.578 cts PINK : 64 pcs /  0.225 cts TAPPER : 02 / 0.67,"0.60 CT Very Light Pink SI1
18k – Ring : 5.42 gram
main stone : 01 pcs – 0.60 cts
WD: 92 pcs / 0.578 cts
PINK : 64 pcs /  0.225 cts
TAPPER : 02 / 0.67",in stock,new,15335.43 SGD,,https://www.colourdiam.com/Product/Jewellery/5228/white45/center.jpg,ColourDiam,Apparel & Accessories > Jewelry,,1,,,,unisex,,,adult,,,,,,,,,GIA,Fine Jewelry
5335,https://colourdiam.com/Product/Jewellery/Model%20images/5335/video.mp4,"0.31 cts Light Pink I3
18k ring : 3.04 gram  
 WD : 40 / 0.37",in stock,new,2921.03 SGD,https://colourdiam.com/productdetail/5335,https://www.colourdiam.com/Product/Jewellery/5335/white45/center.jpg,ColourDiam,Apparel & Accessories > Jewelry,,1,,,,unisex,,,adult,,,,,,,,,GIA,Fine Jewelry
5229_6619,1.20 cts Fancy Brownish Greenish Yellow SI1  18 k ring : 3.28 gram   Tapper : 02 / 0.515,"1.20 cts Fancy Brownish Greenish Yellow SI1 
18 k ring : 3.28 gram 
 Tapper : 02 / 0.515",in stock,new,6572.33 SGD,https://colourdiam.com/productdetail/Menu/5229/6619,https://www.colourdiam.com/Product/Jewellery/5229_6619/white45/center.jpg,ColourDiam,Apparel & Accessories > Jewelry,,1,,,,unisex,,,adult,,,,,,,,,GIA,Fine Jewelry
5402_5001,"1.33 cts Fancy Light Yellow Ring VS1 18k : 2.69 gram  BULLET : 2/0.25","1.33 cts Fancy Light Yellow Ring VS1
18k : 2.69 gram 
BULLET : 2/0.25",in stock,new,5842.07 SGD,https://colourdiam.com/productdetail/Menu/5402/5001,https://www.colourdiam.com/Product/Jewellery/5402_5001/white45/center.jpg,ColourDiam,Apparel & Accessories > Jewelry,,1,,,,unisex,,,adult,,,,,,,,,GIA,Fine Jewelry
5409,0.71 cts Light Pink I2 18K ring : 5.31  gram Wd : 382 / 0.51,"0.71 cts Light Pink I2
18K ring : 5.31  gram
Wd : 382 / 0.51",in stock,new,6572.33 SGD,,https://www.colourdiam.com/Product/Jewellery/5409/white45/center.jpg,ColourDiam,Apparel & Accessories > Jewelry,,1,,,,unisex,,,adult,,,,,,,,,GIA,Fine Jewelry
5427,0.57 Fancy Light Bluish Green SI2 Main stone – 01 pcs  0.57 cts 18 K Ring: 6.954 gram  WD : 76 / 1.53 PD: 32 / 0.85,"0.57 Fancy Light Bluish Green SI2
Main stone – 01 pcs  0.57 cts
18 K Ring: 6.954 gram 
WD : 76 / 1.53
PD: 32 / 0.85",in stock,new,10223.62 SGD,,https://www.colourdiam.com/Product/Jewellery/5427/white45/center.jpg,ColourDiam,Apparel & Accessories > Jewelry,,1,,,,unisex,,,adult,,,,,,,,,GIA,Fine Jewelry
5448,"1.29 cts fancy light brownish yellow vvs2 Main stone – 01 pcs 1.29 cts 18 K Ring: 4.54 gram  WD : 97 / 0.542","1.29 cts fancy light brownish yellow vvs2
Main stone – 01 pcs 1.29 cts
18 K Ring: 4.54 gram 
WD : 97 / 0.542",in stock,new,8032.84 SGD,,https://www.colourdiam.com/Product/Jewellery/5448/white45/center.jpg,ColourDiam,Apparel & Accessories > Jewelry,,1,,,,unisex,,,adult,,,,,,,,,GIA,Fine Jewelry
5465,0.43 CT Faint Pink I2 18 k : Ring : 5.11 gram WD : 110/ 0.308 PD : 16/ 0.077 MQ : 16/ 0.572,https://colourdiam.com/Product/Jewellery/Model%20images/5465/3.jpeg,in stock,new,8032.84 SGD,https://colourdiam.com/productdetail/5465,https://www.colourdiam.com/Product/Jewellery/5465/white45/center.jpg,ColourDiam,Apparel & Accessories > Jewelry,,1,,,,unisex,,,adult,,,,,,,,,GIA,Fine Jewelry
5528_5170,2.02 - FANCY BROWNISH YELLOW  SI1 18k-Ring : 4.15 gram WD: 80/ 0.469  triangle: 2/ 0.32,"2.02 - FANCY BROWNISH YELLOW  SI1
18k-Ring : 4.15 gram
WD: 80/ 0.469 
triangle: 2/ 0.32",in stock,new,9493.36 SGD,https://colourdiam.com/productdetail/Menu/5528/5170,https://www.colourdiam.com/Product/Jewellery/5528_5170/white45/center.jpg,ColourDiam,Apparel & Accessories > Jewelry,,1,,,,unisex,,,adult,,,,,,,,,GIA,Fine Jewelry
5531,https://colourdiam.com/Product/Jewellery/Model%20images/5531/video.mp4,"2.01 - FANCY BROWNISH YELLOW  SI2
18k-Ring : 5.68 gram
Y: 18/ 0.179
WD: 100/ 0.901",in stock,new,7302.59 SGD,https://colourdiam.com/productdetail/5531,https://www.colourdiam.com/Product/Jewellery/5531/white45/center.jpg,ColourDiam,Apparel & Accessories > Jewelry,,1,,,,unisex,,,adult,,,,,,,,,GIA,Fine Jewelry
5545_5581_4685,0.41 CT Faint Pink Vs1 0.40 Faint Pink Vs2 0.60 Faint Pink Si1 18k-Ring : 10.38 gram WD: 91/ 0.33 P: 199/ 0.735,https://colourdiam.com/Product/Jewellery/Model%20images/5545_5581_4685/Untitled%20Project%20-%202026-06-30T133213.541.jpeg,in stock,new,21177.5 SGD,https://colourdiam.com/productdetail/Menu/5545/5581/4685,https://www.colourdiam.com/Product/Jewellery/5545_5581_4685/white45/center.jpg,ColourDiam,Apparel & Accessories > Jewelry,,1,,,,unisex,,,adult,,,,,,,,,GIA,Fine Jewelry
5547,2.38 – Fancy Light Greenish  Yellow Vs1 18K: Ring: 3.55 gram W: 40/ 0.379,"2.38 – Fancy Light Greenish  Yellow Vs1
18K: Ring: 3.55 gram
W: 40/ 0.379",in stock,new,27019.57 SGD,,https://www.colourdiam.com/Product/Jewellery/5547/white45/center.jpg,ColourDiam,Apparel & Accessories > Jewelry,,1,,,,unisex,,,adult,,,,,,,,,GIA,Fine Jewelry
5551,1.50 cts Light Pink Si2 18 k Ring : 5.75 gram WD: 58/ 0.233 PEAR : 19/ 0.815,https://colourdiam.com/Product/Jewellery/Model%20images/5551/center.jpeg,in stock,new,40894.48 SGD,https://colourdiam.com/productdetail/5551,https://www.colourdiam.com/Product/Jewellery/5551/white45/center.jpg,ColourDiam,Apparel & Accessories > Jewelry,,1,,,,unisex,,,adult,,,,,,,,,GIA,Fine Jewelry
5585_5361,https://colourdiam.com/Product/Jewellery/Model%20images/5585_5361/video.mp4,https://colourdiam.com/Product/Jewellery/Model%20images/5585_5361/2602121-20240720-123044.jpeg,in stock,new,21907.76 SGD,https://colourdiam.com/productdetail/Menu/5585/5361,https://www.colourdiam.com/Product/Jewellery/5585_5361/white45/center.jpg,ColourDiam,Apparel & Accessories > Jewelry,,1,,,,unisex,,,adult,,,,,,,,,GIA,Fine Jewelry
5595,0.31 cts Faint Pink Vs2 18 k Ring : 3.84 gram WD: 68/ 0.329 PEAR : 06/ 0.255,"0.31 cts Faint Pink Vs2
18 k Ring : 3.84 gram
WD: 68/ 0.329
PEAR : 06/ 0.255",in stock,new,5842.07 SGD,,https://www.colourdiam.com/Product/Jewellery/5595/white45/center.jpg,ColourDiam,Apparel & Accessories > Jewelry,,1,,,,unisex,,,adult,,,,,,,,,GIA,Fine Jewelry
5596,0.51 cts Faint Pink SI1 18 k Ring : 3.03 gram WD: 62/ 0.125 MQ : 04/ 0.16,"0.51 cts Faint Pink SI1
18 k Ring : 3.03 gram
WD: 62/ 0.125
MQ : 04/ 0.16",in stock,new,8763.1 SGD,,https://www.colourdiam.com/Product/Jewellery/5596/white45/center.jpg,ColourDiam,Apparel & Accessories > Jewelry,,1,,,,unisex,,,adult,,,,,,,,,GIA,Fine Jewelry
5597,https://colourdiam.com/Product/Jewellery/Model%20images/5597/video.mp4,"0.32 cts Faint Pink VVS2
18 k ring : 4.5 gram 
WD - 118 pcs - 0.90 ct",in stock,new,5842.07 SGD,https://colourdiam.com/productdetail/5597,https://www.colourdiam.com/Product/Jewellery/5597/white45/center.jpg,ColourDiam,Apparel & Accessories > Jewelry,,1,,,,unisex,,,adult,,,,,,,,,GIA,Fine Jewelry
5610_5611,0.38 cts Faint Pink Vs1 0.32 cts Faint pink vvs2 18k-Earring : 2.91 gram MQ: 6/ 0.248 Pear:  12/ 0.398,"0.38 cts Faint Pink Vs1
0.32 cts Faint pink vvs2
18k-Earring : 2.91 gram
MQ: 6/ 0.248
Pear:  12/ 0.398",in stock,new,7302.59 SGD,https://colourdiam.com/productdetail/Menu/5610/5611,https://www.colourdiam.com/Product/Jewellery/5610_5611/white45/center.jpg,ColourDiam,Apparel & Accessories > Jewelry,,1,,,,unisex,,,adult,,,,,,,,,GIA,Fine Jewelry
5618_5658,3.25 CT FANCY GREEN VS1 18k-Ring : 3.80 gram Caddilac: 2/ 0.34,"https://colourdiam.com/Product/Jewellery/Model%20images/5618_5658/1.jpeg
https://colourdiam.com/Product/Jewellery/Model%20images/5618_5658/center.jpeg
https://colourdiam.com/Product/Jewellery/Model%20images/5618_5658/colour-diam-model-images-265.jpeg
https://colourdiam.com/Product/Jewellery/Model%20images/5618_5658/colour-diam-model-images-266.jpeg",in stock,new,30670.86 SGD,https://colourdiam.com/productdetail/Menu/5618/5658,https://www.colourdiam.com/Product/Jewellery/5618_5658/white45/center.jpg,ColourDiam,Apparel & Accessories > Jewelry,,1,,,,unisex,,,adult,,,,,,,,,AGL,Fine Jewelry
5661_5196,1.01 CT Fancy Brownish Greenish Yellow VS2 18 k Ring : 3.67 gram WD : 68/ 0.311 PD : 22/ 0.079 ASSCHER : 02/ 0.42,"1.01 CT Fancy Brownish Greenish Yellow VS2
18 k Ring : 3.67 gram
WD : 68/ 0.311
PD : 22/ 0.079
ASSCHER : 02/ 0.42",in stock,new,5111.81 SGD,https://colourdiam.com/productdetail/Menu/5661/5196,https://www.colourdiam.com/Product/Jewellery/5661_5196/white45/center.jpg,ColourDiam,Apparel & Accessories > Jewelry,,1,,,,unisex,,,adult,,,,,,,,,GIA,Fine Jewelry
5699,0.27 cts  Fancy Yellow  SI 18K: Ring: 3.424 gram WD: 30 / 0.468  YD: 14 / 0.133,"0.27 cts  Fancy Yellow  SI
18K: Ring: 3.424 gram
WD: 30 / 0.468 
YD: 14 / 0.133",in stock,new,2190.78 SGD,,https://www.colourdiam.com/Product/Jewellery/5699/white45/center.jpg,ColourDiam,Apparel & Accessories > Jewelry,,1,,,,unisex,,,adult,,,,,,,,,AGL,Fine Jewelry
5708,0.24 cts Fancy Yellow VS 18 k Pendant : 3.561 gram WD : 18/ 0.281 YD : 12/ 0.113,"https://colourdiam.com/Product/Jewellery/Model%20images/5708/5708.1.jpeg
https://colourdiam.com/Product/Jewellery/Model%20images/5708/center.jpeg
https://colourdiam.com/Product/Jewellery/Model%20images/5708/colour-diam-model-images-268.jpeg
https://colourdiam.com/Product/Jewellery/Model%20images/5708/colour-diam-model-images-269.jpeg",in stock,new,2409.85 SGD,https://colourdiam.com/productdetail/5708,https://www.colourdiam.com/Product/Jewellery/5708/white45/center.jpg,ColourDiam,Apparel & Accessories > Jewelry,,1,,,,unisex,,,adult,,,,,,,,,AGL,Fine Jewelry
5715,0.12 cts  Fancy Light Pink VS Main stone : 1 pcs - 0.12 cts  18K Pendant : 3.51 gram WD –  13 / 0.130 PD – 12 / 0.306,"0.12 cts  Fancy Light Pink VS
Main stone : 1 pcs - 0.12 cts 
18K Pendant : 3.51 gram
WD –  13 / 0.130
PD – 12 / 0.306",in stock,new,2190.78 SGD,,https://www.colourdiam.com/Product/Jewellery/5715/white45/center.jpg,ColourDiam,Apparel & Accessories > Jewelry,,1,,,,unisex,,,adult,,,,,,,,,AGL,Fine Jewelry
5730,2.21 CT Fancy  Grayish Yellowish Green SI2 18 k Ring: 6.01 gram WD : 114/ 0.64 PD : 28/ 0.085 MQ : 10/ 0.312,"2.21 CT Fancy  Grayish Yellowish Green SI2
18 k Ring: 6.01 gram
WD : 114/ 0.64
PD : 28/ 0.085
MQ : 10/ 0.312",in stock,new,15335.43 SGD,,https://www.colourdiam.com/Product/Jewellery/5730/white45/center.jpg,ColourDiam,Apparel & Accessories > Jewelry,,1,,,,unisex,,,adult,,,,,,,,,GIA,Fine Jewelry
5735,https://colourdiam.com/Product/Jewellery/Model%20images/5735/video.mp4,"0.50 F colour VS2
18 k Ring : 2.36 gram
WD : 44/0.36",in stock,new,2190.78 SGD,https://colourdiam.com/productdetail/5735,https://www.colourdiam.com/Product/Jewellery/5735/white45/center.jpg,ColourDiam,Apparel & Accessories > Jewelry,,1,,,,unisex,,,adult,,,,,,,,,GIA,Fine Jewelry
5766,https://colourdiam.com/Product/Jewellery/Model%20images/5766/video.mp4,"0.31 cts Faint Pink si1 
Main stone – 01 pcs 0.31 cts
18 K Ring:  2.70  gram 
WD : 45 / 0.53",in stock,new,1752.62 SGD,https://colourdiam.com/productdetail/5766,https://www.colourdiam.com/Product/Jewellery/5766/white45/center.jpg,ColourDiam,Apparel & Accessories > Jewelry,,1,,,,unisex,,,adult,,,,,,,,,CGL,Fine Jewelry
5769,https://colourdiam.com/Product/Jewellery/Model%20images/5769/video.mp4,"1.00 H colour VS2
18 k Ring : 3.85 gram
WD : 16 / 0.69",in stock,new,9493.36 SGD,https://colourdiam.com/productdetail/5769,https://www.colourdiam.com/Product/Jewellery/5769/white45/center.jpg,ColourDiam,Apparel & Accessories > Jewelry,,1,,,,unisex,,,adult,,,,,,,,,GIA,Fine Jewelry
5932,0.40 CT Very Light Pink SI2 18 k Ring: 3.188 gram WD : 208/ 0.647 PD : 18/ 0.068,https://colourdiam.com/Product/Jewellery/Model%20images/5932/5988141-20240720-115004.jpeg,in stock,new,7302.59 SGD,https://colourdiam.com/productdetail/5932,https://www.colourdiam.com/Product/Jewellery/5932/white45/center.jpg,ColourDiam,Apparel & Accessories > Jewelry,,1,,,,unisex,,,adult,,,,,,,,,GIA,Fine Jewelry
5982_5362,1.04 CT fancy  pink vs2 18k-Ring : 4.35 gram Y: 20/ 0.108 WD:  20/ 0.168 HALFMOON : 02 / 0.19,"1.04 CT fancy  pink vs2
18k-Ring : 4.35 gram
Y: 20/ 0.108
WD:  20/ 0.168
HALFMOON : 02 / 0.19",in stock,new,4381.55 SGD,https://colourdiam.com/productdetail/Menu/5982/5362,https://www.colourdiam.com/Product/Jewellery/5982_5362/white45/center.jpg,ColourDiam,Apparel & Accessories > Jewelry,,1,,,,unisex,,,adult,,,,,,,,,AGL,Fine Jewelry
5983,https://colourdiam.com/Product/Jewellery/Model%20images/5983/video.mp4,"1.01 Fancy Pink SI1 
18K ring : 8.43 gram 
WD : 270 / 0.739 
HEART :02 / 0.275",in stock,new,7302.59 SGD,https://colourdiam.com/productdetail/5983,https://www.colourdiam.com/Product/Jewellery/5983/white45/center.jpg,ColourDiam,Apparel & Accessories > Jewelry,,1,,,,unisex,,,adult,,,,,,,,,AGL,Fine Jewelry
5991,https://colourdiam.com/Product/Jewellery/Model%20images/5991/video.mov,https://colourdiam.com/Product/Jewellery/Model%20images/5991/84C8D2CA-23C8-47CD-A0A4-16B5BC7E19A7.JPEG,in stock,new,7302.59 SGD,https://colourdiam.com/productdetail/5991,https://www.colourdiam.com/Product/Jewellery/5991/white45/center.jpg,ColourDiam,Apparel & Accessories > Jewelry,,1,,,,unisex,,,adult,,,,,,,,,AGL,Fine Jewelry
5993,"1.00 cts  Fancy Pink VS Main stone – 1 pcs  1.00 cts 18k Ring : 6.753 gram  WD : 72 / 0.37 MQ : 22 / 0.979 PINK : 22 / 0.086","1.00 cts  Fancy Pink VS
Main stone – 1 pcs  1.00 cts
18k Ring : 6.753 gram 
WD : 72 / 0.37
MQ : 22 / 0.979
PINK : 22 / 0.086",in stock,new,8032.84 SGD,,https://www.colourdiam.com/Product/Jewellery/5993/white45/center.jpg,ColourDiam,Apparel & Accessories > Jewelry,,1,,,,unisex,,,adult,,,,,,,,,NON CERTIFIED,Fine Jewelry
6000,0.33 cts Faint Pink SI2 18 k Ring: 2.98 gram WD : 38/ 0.271 PD : 14/ 0.057,"0.33 cts Faint Pink SI2
18 k Ring: 2.98 gram
WD : 38/ 0.271
PD : 14/ 0.057",in stock,new,4381.55 SGD,,https://www.colourdiam.com/Product/Jewellery/6000/white45/center.jpg,ColourDiam,Apparel & Accessories > Jewelry,,1,,,,unisex,,,adult,,,,,,,,,GIA,Fine Jewelry
6001,https://colourdiam.com/Product/Jewellery/Model%20images/6001/video.mp4,"0.27 cts Faint Pink VS2 
18 k ring : 9.79 grams
WD - 106 pcs - 0.52 cts",in stock,new,4381.55 SGD,https://colourdiam.com/productdetail/6001,https://www.colourdiam.com/Product/Jewellery/6001/white45/center.jpg,ColourDiam,Apparel & Accessories > Jewelry,,1,,,,unisex,,,adult,,,,,,,,,GIA,Fine Jewelry
6002,https://colourdiam.com/Product/Jewellery/Model%20images/6002/video.mp4,"0.24 Fancy pink vs
18 k Ring: 2.624 gram
WD: 20/ 0.057
PEAR : 22/ 0.018",in stock,new,2190.78 SGD,https://colourdiam.com/productdetail/6002,https://www.colourdiam.com/Product/Jewellery/6002/white45/center.jpg,ColourDiam,Apparel & Accessories > Jewelry,,1,,,,unisex,,,adult,,,,,,,,,AGL,Fine Jewelry
6009,0.24 Fancy pink vs 18k-Ring : 2.515 gram Pink: 23/ 0.02 WD:  21/ 0.06,"https://colourdiam.com/Product/Jewellery/Model%20images/6009/center.jpeg
https://colourdiam.com/Product/Jewellery/Model%20images/6009/colour-diam-model-images-286.jpeg",in stock,new,2190.78 SGD,https://colourdiam.com/productdetail/6009,https://www.colourdiam.com/Product/Jewellery/6009/white45/center.jpg,ColourDiam,Apparel & Accessories > Jewelry,,1,,,,unisex,,,adult,,,,,,,,,AGL,Fine Jewelry
6060,https://colourdiam.com/Product/Jewellery/Model%20images/6060/video.mp4,"0.40 cts Faint Pinkish Brown
18 k ring: 4.52 gram 
White Diamond - 20 pcs / 0.11 cts
 baguette diamonds - 05 pcs / 0.73 cts",in stock,new,5330.89 SGD,https://colourdiam.com/productdetail/6060,https://www.colourdiam.com/Product/Jewellery/6060/white45/center.jpg,ColourDiam,Apparel & Accessories > Jewelry,,1,,,,unisex,,,adult,,,,,,,,,GIA,Fine Jewelry
6064,0.26 Faint Pink VS1 18 k Ring : 4.37 gram WD : 53/0.82 PINK : 20/0.08,"0.26 Faint Pink VS1
18 k Ring : 4.37 gram
WD : 53/0.82
PINK : 20/0.08",in stock,new,4381.55 SGD,,https://www.colourdiam.com/Product/Jewellery/6064/white45/center.jpg,ColourDiam,Apparel & Accessories > Jewelry,,1,,,,unisex,,,adult,,,,,,,,,GIA,Fine Jewelry
6065,https://colourdiam.com/Product/Jewellery/Model%20images/6065/video.mp4,"0.26 Faint Pink si1
18K ring : 4.42 gram
WD : 41 / 1.12
PINK : 16 / 0.06",in stock,new,4381.55 SGD,https://colourdiam.com/productdetail/6065,https://www.colourdiam.com/Product/Jewellery/6065/white45/center.jpg,ColourDiam,Apparel & Accessories > Jewelry,,1,,,,unisex,,,adult,,,,,,,,,GIA,Fine Jewelry
6109,https://colourdiam.com/Product/Jewellery/Model%20images/6109/video.mp4,"1.00 Fancy Greenish Yellow VS1
Main stone - 01 pcs - 1.00 cts
18k- Ring : 5.89 gram
WD : 46 / 0.32
PD : 95 / 0.414",in stock,new,9493.36 SGD,https://colourdiam.com/productdetail/6109,https://www.colourdiam.com/Product/Jewellery/6109/white45/center.jpg,ColourDiam,Apparel & Accessories > Jewelry,,1,,,,unisex,,,adult,,,,,,,,,GIA,Fine Jewelry
6111,0.60 cts Faint Pink Vs1 Main stone – 1 pcs 0.60 cts 18k Ring : 2.71 gram  WD : 66 / 0.252 MQ : 04 / 0.149,"0.60 cts Faint Pink Vs1
Main stone – 1 pcs 0.60 cts
18k Ring : 2.71 gram 
WD : 66 / 0.252
MQ : 04 / 0.149",in stock,new,7302.59 SGD,,https://www.colourdiam.com/Product/Jewellery/6111/white45/center.jpg,ColourDiam,Apparel & Accessories > Jewelry,,1,,,,unisex,,,adult,,,,,,,,,GIA,Fine Jewelry
6120,1.01 D Colour VS1 18 k Ring : 5.60 gram WD : 16/0.69,"1.01 D Colour VS1
18 k Ring : 5.60 gram
WD : 16/0.69",in stock,new,7762.65 SGD,,https://www.colourdiam.com/Product/Jewellery/6120/white45/center.jpg,ColourDiam,Apparel & Accessories > Jewelry,,1,,,,unisex,,,adult,,,,,,,,,GIA,Fine Jewelry
6126_5641,https://colourdiam.com/Product/Jewellery/Model%20images/6126_5641/video.mp4,https://colourdiam.com/Product/Jewellery/Model%20images/6126_5641/9082455-20240720-114132.jpeg,in stock,new,94933.62 SGD,https://colourdiam.com/productdetail/Menu/6126/5641,https://www.colourdiam.com/Product/Jewellery/6126_5641/white45/center.jpg,ColourDiam,Apparel & Accessories > Jewelry,,1,,,,unisex,,,adult,,,,,,,,,GIA,Fine Jewelry
6139,https://colourdiam.com/Product/Jewellery/Model%20images/6139/6139.mp4,"1.02 CT E colour  If 
18 K RING : 2.99 Gram
TRINAGLE : 2 pcs / 0.20 cts",in stock,new,8032.84 SGD,https://colourdiam.com/productdetail/6139,https://www.colourdiam.com/Product/Jewellery/6139/white45/center.jpg,ColourDiam,Apparel & Accessories > Jewelry,,1,,,,unisex,,,adult,,,,,,,,,GIA,Fine Jewelry
6141,1.01 D colour VS1 18 k Ring : 5.80 gram WD : 16 / 0.69,"1.01 D colour VS1
18 k Ring : 5.80 gram
WD : 16 / 0.69",in stock,new,8763.1 SGD,,https://www.colourdiam.com/Product/Jewellery/6141/white45/center.jpg,ColourDiam,Apparel & Accessories > Jewelry,,1,,,,unisex,,,adult,,,,,,,,,GIA,Fine Jewelry
6147,1.02 cts Fancy Pink SI 18k-Ring : 4.49 gram Y: 37/ 0.223 WD:  37/ 0.224,"1.02 cts Fancy Pink SI
18k-Ring : 4.49 gram
Y: 37/ 0.223
WD:  37/ 0.224",in stock,new,8032.84 SGD,,https://www.colourdiam.com/Product/Jewellery/6147/white45/center.jpg,ColourDiam,Apparel & Accessories > Jewelry,,1,,,,unisex,,,adult,,,,,,,,,AGL,Fine Jewelry
4564_6149,1.03 CT Fancy Pink Vs 18 k Ring: 3.528 gram TRAPEZOID : 02/ 0.38,"1.03 CT Fancy Pink Vs
18 k Ring: 3.528 gram
TRAPEZOID : 02/ 0.38",in stock,new,8763.1 SGD,https://colourdiam.com/productdetail/Menu/4564/6149,https://www.colourdiam.com/Product/Jewellery/4564_6149/white45/center.jpg,ColourDiam,Apparel & Accessories > Jewelry,,1,,,,unisex,,,adult,,,,,,,,,AGL,Fine Jewelry
6163,0.60 cts Faint Pink VVS2 18 k Ring & Pendant Convertible : 7.97 gram WD : 66/ 0.51,"0.60 cts Faint Pink VVS2
18 k Ring & Pendant Convertible : 7.97 gram
WD : 66/ 0.51",in stock,new,7302.59 SGD,,https://www.colourdiam.com/Product/Jewellery/6163/white45/center.jpg,ColourDiam,Apparel & Accessories > Jewelry,,1,,,,unisex,,,adult,,,,,,,,,GIA,Fine Jewelry
6166,https://colourdiam.com/Product/Jewellery/Model%20images/6166/video.mp4,"1.01 cts E colour Si1
18k-Ring : 3.97 gram
WD: 66/ 0.62",in stock,new,6572.33 SGD,https://colourdiam.com/productdetail/6166,https://www.colourdiam.com/Product/Jewellery/6166/white45/center.jpg,ColourDiam,Apparel & Accessories > Jewelry,,1,,,,unisex,,,adult,,,,,,,,,GIA,Fine Jewelry
6186,1.00 F Colour VS2 18 k Ring : 2.88 gram WD : 72/0.66,"1.00 F Colour VS2
18 k Ring : 2.88 gram
WD : 72/0.66",in stock,new,4848.92 SGD,,https://www.colourdiam.com/Product/Jewellery/6186/white45/center.jpg,ColourDiam,Apparel & Accessories > Jewelry,,1,,,,unisex,,,adult,,,,,,,,,GIA,Fine Jewelry
6193,3.01 cts Fancy Brownish Greenish Yellow SI2 18k-Ring : 6.85 gram Main stone - 1 pcs – 3.01 cts WD: 90 pcs - 1.253 cts PD: 88 pcs - 0.268 cts,"3.01 cts Fancy Brownish Greenish Yellow SI2
18k-Ring : 6.85 gram
Main stone - 1 pcs – 3.01 cts
WD: 90 pcs - 1.253 cts
PD: 88 pcs - 0.268 cts",in stock,new,23368.28 SGD,,https://www.colourdiam.com/Product/Jewellery/6193/white45/center.jpg,ColourDiam,Apparel & Accessories > Jewelry,,1,,,,unisex,,,adult,,,,,,,,,GIA,Fine Jewelry
6267,https://colourdiam.com/Product/Jewellery/Model%20images/6267/video.mp4,"0.51 cts I colour VVS1 clarity
18 k Ring: 2.21 gram
WD : 86/ 0.76",in stock,new,1898.67 SGD,https://colourdiam.com/productdetail/6267,https://www.colourdiam.com/Product/Jewellery/6267/white45/center.jpg,ColourDiam,Apparel & Accessories > Jewelry,,1,,,,unisex,,,adult,,,,,,,,,GIA,Fine Jewelry
6270,0.20 cts Faint Pinkish Brown VS2 18k-pendant : 3.69 gram Pink: 12/ 0.102 WD:  125/ 1.545,"0.20 cts Faint Pinkish Brown VS2
18k-pendant : 3.69 gram
Pink: 12/ 0.102
WD:  125/ 1.545",in stock,new,4381.55 SGD,,https://www.colourdiam.com/Product/Jewellery/6270/white45/center.jpg,ColourDiam,Apparel & Accessories > Jewelry,,1,,,,unisex,,,adult,,,,,,,,,GIA,Fine Jewelry
6279_6318,https://colourdiam.com/Product/Jewellery/Model%20images/6279_6318/video.mp4,https://colourdiam.com/Product/Jewellery/Model%20images/6279_6318/center.jpeg,in stock,new,10953.88 SGD,https://colourdiam.com/productdetail/Menu/6279/6318,https://www.colourdiam.com/Product/Jewellery/6279_6318/white45/center.jpg,ColourDiam,Apparel & Accessories > Jewelry,,1,,,,unisex,,,adult,,,,,,,,,GIA,Fine Jewelry
6280_6385,0.29 ct Faint Pink SI2/ 0.30 ct Faint Pink I2 18 k Ring: 3.16 gram PD : 30/ 0.17 WD : 16/ 0.28 MQ : 06/ 0.18,"0.29 ct Faint Pink SI2/
0.30 ct Faint Pink I2
18 k Ring: 3.16 gram
PD : 30/ 0.17
WD : 16/ 0.28
MQ : 06/ 0.18",in stock,new,7302.59 SGD,https://colourdiam.com/productdetail/Menu/6280/6385,https://www.colourdiam.com/Product/Jewellery/6280_6385/white45/center.jpg,ColourDiam,Apparel & Accessories > Jewelry,,1,,,,unisex,,,adult,,,,,,,,,GIA,Fine Jewelry
6283,https://colourdiam.com/Product/Jewellery/Model%20images/6283/video.mp4,"0.33 ct Faint Pink VS2
  18k-Ring : 3.82 gram
  WD: 118/ 0.212
  P: 20/ 0.038",in stock,new,4381.55 SGD,https://colourdiam.com/productdetail/6283,https://www.colourdiam.com/Product/Jewellery/6283/white45/center.jpg,ColourDiam,Apparel & Accessories > Jewelry,,1,,,,unisex,,,adult,,,,,,,,,GIA,Fine Jewelry
6313,https://colourdiam.com/Product/Jewellery/Model%20images/6313/video.mp4,"0.35 ct Faint pink VS1
18 k Ring: 9.15 gram
WD : 504/ 1.395
PD : 14/ 0.097",in stock,new,6572.33 SGD,https://colourdiam.com/productdetail/6313,https://www.colourdiam.com/Product/Jewellery/6313/white45/center.jpg,ColourDiam,Apparel & Accessories > Jewelry,,1,,,,unisex,,,adult,,,,,,,,,GIA,Fine Jewelry
6357,https://colourdiam.com/Product/Jewellery/Model%20images/6357/6357.mp4,"1.00 cts H colour VS2 
18 k ring : 5 gram 
WD - 74 pcs - 0.70 ct",in stock,new,6134.17 SGD,https://colourdiam.com/productdetail/6357,https://www.colourdiam.com/Product/Jewellery/6357/white45/center.jpg,ColourDiam,Apparel & Accessories > Jewelry,,1,,,,unisex,,,adult,,,,,,,,,IGI,Fine Jewelry
6373,https://colourdiam.com/Product/Jewellery/Model%20images/6373/video.mp4,"0.71 cts Faint Pink VS2
Main stone – 01 pcs  0.71 cts
18 K Ring & Pendant Convertible : 4.85 gram 
WD : 75 / 0.97
Pink: 16 / 0.11",in stock,new,12414.4 SGD,https://colourdiam.com/productdetail/6373,https://www.colourdiam.com/Product/Jewellery/6373/white45/center.jpg,ColourDiam,Apparel & Accessories > Jewelry,,1,,,,unisex,,,adult,,,,,,,,,GIA,Fine Jewelry
6374,https://colourdiam.com/Product/Jewellery/Model%20images/6374/6374.mp4,"1.00 cts  faint pinkish brown Si2
18k-Ring : 4.94 gram
main stone : 1 pcs – 1.00
WD:  107 pcs / 0.517
PEAR: 44 / 0.32
MQ: 07 / 0.191",in stock,new,13874.91 SGD,https://colourdiam.com/productdetail/6374,https://www.colourdiam.com/Product/Jewellery/6374/white45/center.jpg,ColourDiam,Apparel & Accessories > Jewelry,,1,,,,unisex,,,adult,,,,,,,,,GIA,Fine Jewelry
6400_1236,0.26 Faint intense Yellow Vs2/ 0.30 Faint Pink I1 18 k Ring: 4.91 gram PD : 38/ 0.097 WD : 41/ 0.321,"0.26 Faint intense Yellow Vs2/
0.30 Faint Pink I1
18 k Ring: 4.91 gram
PD : 38/ 0.097
WD : 41/ 0.321",in stock,new,11684.14 SGD,https://colourdiam.com/productdetail/Menu/6400/1236,https://www.colourdiam.com/Product/Jewellery/6400_1236/white45/center.jpg,ColourDiam,Apparel & Accessories > Jewelry,,1,,,,unisex,,,adult,,,,,,,,,GIA,Fine Jewelry
6639,2.21 cts  Fancy Pink Si 18K: EARRING: 14.317 gram WD: 376/ 2.00 P: 250/ 0.608,https://colourdiam.com/Product/Jewellery/Model%20images/6639/2.jpeg,in stock,new,21907.76 SGD,https://colourdiam.com/productdetail/6639,https://www.colourdiam.com/Product/Jewellery/6639/white45/center.jpg,ColourDiam,Apparel & Accessories > Jewelry,,1,,,,unisex,,,adult,,,,,,,,,AGL,Fine Jewelry
6626_6627,https://colourdiam.com/Product/Jewellery/Model%20images/6626_6627/video.mp4,https://colourdiam.com/Product/Jewellery/Model%20images/6626_6627/center.jpeg,in stock,new,6572.33 SGD,https://colourdiam.com/productdetail/Menu/6626/6627,https://www.colourdiam.com/Product/Jewellery/6626_6627/white45/center.jpg,ColourDiam,Apparel & Accessories > Jewelry,,1,,,,unisex,,,adult,,,,,,,,,AGL,Fine Jewelry
6686,0.30 Faint Pinkish Brown VS2 18 k Ring : 6.05 gram WD : 210/1.434,"0.30 Faint Pinkish Brown VS2
18 k Ring : 6.05 gram
WD : 210/1.434",in stock,new,5111.81 SGD,,https://www.colourdiam.com/Product/Jewellery/6686/white45/center.jpg,ColourDiam,Apparel & Accessories > Jewelry,,1,,,,unisex,,,adult,,,,,,,,,GIA,Fine Jewelry
6802,1.52 Fancy Green Yellow i1 18 k Ring: 5.30 gram WD : 180/ 1.036,"1.52 Fancy Green Yellow i1
18 k Ring: 5.30 gram
WD : 180/ 1.036",in stock,new,9493.36 SGD,,https://www.colourdiam.com/Product/Jewellery/6802/white45/center.jpg,ColourDiam,Apparel & Accessories > Jewelry,,1,,,,unisex,,,adult,,,,,,,,,GIA,Fine Jewelry
6843,https://colourdiam.com/Product/Jewellery/Model%20images/6843/video.mp4,"https://colourdiam.com/Product/Jewellery/Model%20images/6843/center.jpeg
https://colourdiam.com/Product/Jewellery/Model%20images/6843/colour-diam-model-images-313.jpeg",in stock,new,32131.38 SGD,https://colourdiam.com/productdetail/6843,https://www.colourdiam.com/Product/Jewellery/6843/white45/center.jpg,ColourDiam,Apparel & Accessories > Jewelry,,1,,,,unisex,,,adult,,,,,,,,,AGL,Fine Jewelry
6851,1.00 cts Very Light  Green Yellow SI1 18K: Ring: 6.50 gram WD: 58/ 0.276 P: 80/ 0.644,"https://colourdiam.com/Product/Jewellery/Model%20images/6851/center.jpeg
https://colourdiam.com/Product/Jewellery/Model%20images/6851/colour-diam-model-images-314.jpeg",in stock,new,9493.36 SGD,https://colourdiam.com/productdetail/6851,https://www.colourdiam.com/Product/Jewellery/6851/white45/center.jpg,ColourDiam,Apparel & Accessories > Jewelry,,1,,,,unisex,,,adult,,,,,,,,,GIA,Fine Jewelry
6865,https://colourdiam.com/Product/Jewellery/Model%20images/6865/video.mp4,"https://colourdiam.com/Product/Jewellery/Model%20images/6865/center.jpeg
https://colourdiam.com/Product/Jewellery/Model%20images/6865/colour-diam-model-images-315.jpeg",in stock,new,5842.07 SGD,https://colourdiam.com/productdetail/6865,https://www.colourdiam.com/Product/Jewellery/6865/white45/center.jpg,ColourDiam,Apparel & Accessories > Jewelry,,1,,,,unisex,,,adult,,,,,,,,,GIA,Fine Jewelry
6961,1.28 cts Fancy Light Yellowish Green I1 18K: Ring & pendant: 6.87 gram WD: 81/ 0.796 PINK: 18/ 1.417 Pear: 22/ 0.076,"1.28 cts Fancy Light Yellowish Green I1
18K: Ring & pendant: 6.87 gram
WD: 81/ 0.796
PINK: 18/ 1.417
Pear: 22/ 0.076",in stock,new,17526.21 SGD,,https://www.colourdiam.com/Product/Jewellery/6961/white45/center.jpg,ColourDiam,Apparel & Accessories > Jewelry,,1,,,,unisex,,,adult,,,,,,,,,GIA,Fine Jewelry
6964,https://colourdiam.com/Product/Jewellery/Model%20images/6964/6964.mp4,https://colourdiam.com/Product/Jewellery/Model%20images/6964/center.jpeg,in stock,new,6572.33 SGD,https://colourdiam.com/productdetail/6964,https://www.colourdiam.com/Product/Jewellery/6964/white45/center.jpg,ColourDiam,Apparel & Accessories > Jewelry,,1,,,,unisex,,,adult,,,,,,,,,AGL,Fine Jewelry
6967,https://colourdiam.com/Product/Jewellery/Model%20images/6967/video.mp4,"Yellow & White Diamond Eternity Ring 
Yellow Round Diamonds - 30 pcs - 1.21 cts
White side diamonds - 300 pcs - 0.88 cts                                     
9 k ring : 2.63 gram",in stock,new,3651.29 SGD,https://colourdiam.com/productdetail/6967,https://www.colourdiam.com/Product/Jewellery/6967/white45/center.jpg,ColourDiam,Apparel & Accessories > Jewelry,,1,,,,unisex,,,adult,,,,,,,,,NON CERTIFIED,Fine Jewelry
6975,1.00 Fancy Green VS 18 k ring : 5.266 gram WD : 142/ 1.004,"1.00 Fancy Green VS
18 k ring : 5.266 gram
WD : 142/ 1.004",in stock,new,7302.59 SGD,,https://www.colourdiam.com/Product/Jewellery/6975/white45/center.jpg,ColourDiam,Apparel & Accessories > Jewelry,,1,,,,unisex,,,adult,,,,,,,,,AGL,Fine Jewelry
7045,https://colourdiam.com/Product/Jewellery/Model%20images/7045/video.mp4,"0.26 Faint Pink VS1
18 k ring : 5.97 gram
WD : 210/ 1.434",in stock,new,5111.81 SGD,https://colourdiam.com/productdetail/7045,https://www.colourdiam.com/Product/Jewellery/7045/white45/center.jpg,ColourDiam,Apparel & Accessories > Jewelry,,1,,,,unisex,,,adult,,,,,,,,,GIA,Fine Jewelry
7051_7489_7597,"6.13 cts Fancy Light yellow VS2 18 k ring : 6.44  gram Heart : 02 / 1.25",https://colourdiam.com/Product/Jewellery/Model%20images/7051_7489_7597/4593710-20251219-120955.jpeg,in stock,new,75946.9 SGD,https://colourdiam.com/productdetail/Menu/7051/7489/7597,https://www.colourdiam.com/Product/Jewellery/7051_7489_7597/white45/center.jpg,ColourDiam,Apparel & Accessories > Jewelry,,1,,,,unisex,,,adult,,,,,,,,,GIA,Fine Jewelry
7057_5137,2.01 cts Fancy Light Brownish Pink VS 18 k Ring: 3.904 gram WD : 60/ 0.383 CADDILAC : 02/ 0.40,"2.01 cts Fancy Light Brownish Pink VS
18 k Ring: 3.904 gram
WD : 60/ 0.383
CADDILAC : 02/ 0.40",in stock,new,13874.91 SGD,https://colourdiam.com/productdetail/Menu/7057/5137,https://www.colourdiam.com/Product/Jewellery/7057_5137/white45/center.jpg,ColourDiam,Apparel & Accessories > Jewelry,,1,,,,unisex,,,adult,,,,,,,,,AGL,Fine Jewelry
7074,https://colourdiam.com/Product/Jewellery/Model%20images/7074/7752.mp4,"1.01 Fancy Green VS1
Main stone – 01 pcs 1.01 cts
18 K Ring: 6.38 gram 
WD : 92 / 0.444
PEAR : 24 / 0.589
PINK : 16 / 0.148",in stock,new,8032.84 SGD,https://colourdiam.com/productdetail/7074,https://www.colourdiam.com/Product/Jewellery/7074/white45/center.jpg,ColourDiam,Apparel & Accessories > Jewelry,,1,,,,unisex,,,adult,,,,,,,,,AGL,Fine Jewelry
7076,1.02 cts Fancy Green VS 18K: Ring: 6.715 grams WD : 190/ 1.119 PINK : 20/ 0.122,"1.02 cts Fancy Green VS
18K: Ring: 6.715 grams
WD : 190/ 1.119
PINK : 20/ 0.122",in stock,new,9493.36 SGD,,https://www.colourdiam.com/Product/Jewellery/7076/white45/center.jpg,ColourDiam,Apparel & Accessories > Jewelry,,1,,,,unisex,,,adult,,,,,,,,,AGL,Fine Jewelry
7078,https://colourdiam.com/Product/Jewellery/Model%20images/7078/video.mp4,"1.00 cts Fancy Green Vs
18K: Ring: 7.267 gra
Emerald : 1/ 0.143
Princess : 1/ 0.105
MQ: 4/ 0.231
pear : 8/0.79
WD : 103/0.955",in stock,new,8763.1 SGD,https://colourdiam.com/productdetail/7078,https://www.colourdiam.com/Product/Jewellery/7078/white45/center.jpg,ColourDiam,Apparel & Accessories > Jewelry,,1,,,,unisex,,,adult,,,,,,,,,AGL,Fine Jewelry
7081,https://colourdiam.com/Product/Jewellery/Model%20images/7081/video.mp4,"1.00 cts Fancy Green Vs
18K: Ring: 5.275 gra
MQ : 14/ 0.654
PEAR : 5/ 0.389
WD: 36/ 0.208",in stock,new,9493.36 SGD,https://colourdiam.com/productdetail/7081,https://www.colourdiam.com/Product/Jewellery/7081/white45/center.jpg,ColourDiam,Apparel & Accessories > Jewelry,,1,,,,unisex,,,adult,,,,,,,,,AGL,Fine Jewelry
7090,https://colourdiam.com/Product/Jewellery/Model%20images/7090/video.mp4,"1.01 Fancy Green VS 
18 k ring : 5.74 gram
 WD : 41 / 0.29
PINK : 43 / 0.50",in stock,new,8763.1 SGD,https://colourdiam.com/productdetail/7090,https://www.colourdiam.com/Product/Jewellery/7090/white45/center.jpg,ColourDiam,Apparel & Accessories > Jewelry,,1,,,,unisex,,,adult,,,,,,,,,AGL,Fine Jewelry
7093_7096_5646,2.00 – Fancy Green  VS/SI 18K: Earring: 8.328 gram oval: 24/ 1.677 BULLET : 2/ 0.25 PINK : 96/ 0.495 WD : 58/0.246,https://colourdiam.com/Product/Jewellery/Model%20images/7093_7096_5646/center.jpeg,in stock,new,22638.02 SGD,https://colourdiam.com/productdetail/Menu/7093/7096/5646,https://www.colourdiam.com/Product/Jewellery/7093_7096_5646/white45/center.jpg,ColourDiam,Apparel & Accessories > Jewelry,,1,,,,unisex,,,adult,,,,,,,,,AGL,Fine Jewelry
7120,https://colourdiam.com/Product/Jewellery/Model%20images/7120/video.mp4,"1.0 Fancy Intense Green VVS 
Main stone – 01 pcs 1.00 cts
18 K Earring: 9.11 gram 
WD: 293 / 1.6",in stock,new,10223.62 SGD,https://colourdiam.com/productdetail/7120,https://www.colourdiam.com/Product/Jewellery/7120/white45/center.jpg,ColourDiam,Apparel & Accessories > Jewelry,,1,,,,unisex,,,adult,,,,,,,,,AGL,Fine Jewelry
7169,"0.54 Fancy Light Yellow green VS2  18 k ring : 4.52 gram  PINK : 50 / 0.30  WD : 48 / 0.29","0.54 Fancy Light Yellow green VS2 
18 k ring : 4.52 gram 
PINK : 50 / 0.30 
WD : 48 / 0.29",in stock,new,6718.38 SGD,,https://www.colourdiam.com/Product/Jewellery/7169/white45/center.jpg,ColourDiam,Apparel & Accessories > Jewelry,,1,,,,unisex,,,adult,,,,,,,,,GIA,Fine Jewelry
7173,2.98 cts Light pinkish brown SI2 Main stone – 01 pcs 2.98 cts 18 K Ring: 5.21 gram  WD : 10 / 0.23 OVAL : 12 / 1.25 PINK : 28 / 0.16 cts,https://colourdiam.com/Product/Jewellery/Model%20images/7173/WhatsApp%20Image%202025-10-01%20at%2023.52.46_d0ee9fc5.jpeg,in stock,new,68644.31 SGD,https://colourdiam.com/productdetail/7173,https://www.colourdiam.com/Product/Jewellery/7173/white45/center.jpg,ColourDiam,Apparel & Accessories > Jewelry,,1,,,,unisex,,,adult,,,,,,,,,GIA,Fine Jewelry
7230,2.01 cts Faint Pink SI2 18 k ring : 5.56 gram  WD : 63 pcs / 0.229 cts TRAPEZOID  :12 pcs / 0.193 cts   PEAR  :12 pcs / 0.475 cts,https://colourdiam.com/Product/Jewellery/Model%20images/7230/WhatsApp%20Image%202025-10-01%20at%2023.52.48_683af3e2.jpeg,in stock,new,33591.9 SGD,https://colourdiam.com/productdetail/7230,https://www.colourdiam.com/Product/Jewellery/7230/white45/center.jpg,ColourDiam,Apparel & Accessories > Jewelry,,1,,,,unisex,,,adult,,,,,,,,,GIA,Fine Jewelry
7311,3.01 cts Fancy Light Brownish Greenish Yellow SI1  18 k ring : 6.32 gram    pink : 24 / 0.134  WD : 60 / 0.66,"3.01 cts Fancy Light Brownish Greenish Yellow SI1 
18 k ring : 6.32 gram  
 pink : 24 / 0.134 
WD : 60 / 0.66",in stock,new,31401.12 SGD,,https://www.colourdiam.com/Product/Jewellery/7311/white45/center.jpg,ColourDiam,Apparel & Accessories > Jewelry,,1,,,,unisex,,,adult,,,,,,,,,GIA,Fine Jewelry
7312,0.80 Faint Pinkish Brown si1 18 k ring : 4.08 gram  WD : 42  pcs / 0.35 cts PINK : 44  pcs / 0.487 cts,"0.80 Faint Pinkish Brown si1
18 k ring : 4.08 gram 
WD : 42  pcs / 0.35 cts
PINK : 44  pcs / 0.487 cts",in stock,new,8032.84 SGD,,https://www.colourdiam.com/Product/Jewellery/7312/white45/center.jpg,ColourDiam,Apparel & Accessories > Jewelry,,1,,,,unisex,,,adult,,,,,,,,,GIA,Fine Jewelry
7313,https://colourdiam.com/Product/Jewellery/Model%20images/7313/video.mp4,https://colourdiam.com/Product/Jewellery/Model%20images/7313/2890193-20250711-144314.jpeg,in stock,new,18256.47 SGD,https://colourdiam.com/productdetail/7313,https://www.colourdiam.com/Product/Jewellery/7313/white45/center.jpg,ColourDiam,Apparel & Accessories > Jewelry,,1,,,,unisex,,,adult,,,,,,,,,GIA,Fine Jewelry
7342,4.55 cts Ruby ring  Main stone – 01 pcs   4.55 cts 18K Ring:  5.69 gram  WD : 32 / 0.16,"4.55 cts Ruby ring 
Main stone – 01 pcs   4.55 cts
18K Ring:  5.69 gram 
WD : 32 / 0.16",in stock,new,2921.03 SGD,,https://www.colourdiam.com/Product/Jewellery/7342/white45/center.jpg,ColourDiam,Apparel & Accessories > Jewelry,,1,,,,unisex,,,adult,,,,,,,,,,Fine Jewelry
7344,4.49 cts Ruby ring  Main stone – 01 pcs   4.49 cts 18K Ring:  5.52 gram  WD : 32 / 0.16,"4.49 cts Ruby ring 
Main stone – 01 pcs   4.49 cts
18K Ring:  5.52 gram 
WD : 32 / 0.16",in stock,new,2570.51 SGD,,https://www.colourdiam.com/Product/Jewellery/7344/white45/center.jpg,ColourDiam,Apparel & Accessories > Jewelry,,1,,,,unisex,,,adult,,,,,,,,,,Fine Jewelry
7345,5.03 cts Ruby ring Main stone – 01 pcs   5.03 cts 18K Ring:  5.83 gram  WD : 32 / 0.13,"5.03 cts Ruby ring
Main stone – 01 pcs   5.03 cts
18K Ring:  5.83 gram 
WD : 32 / 0.13",in stock,new,1606.57 SGD,,https://www.colourdiam.com/Product/Jewellery/7345/white45/center.jpg,ColourDiam,Apparel & Accessories > Jewelry,,1,,,,unisex,,,adult,,,,,,,,,,Fine Jewelry
7346,0.81 cts sapphire ring  Main stone – 01 pcs   0.81 cts 18K Ring:  3.79 gram  WD : 20 / 0.10,"0.81 cts sapphire ring 
Main stone – 01 pcs   0.81 cts
18K Ring:  3.79 gram 
WD : 20 / 0.10",in stock,new,1548.15 SGD,,https://www.colourdiam.com/Product/Jewellery/7346/white45/center.jpg,ColourDiam,Apparel & Accessories > Jewelry,,1,,,,unisex,,,adult,,,,,,,,,,Fine Jewelry
7347,"0.80 cts sapphire ring  Main stone – 01 pcs   0.80 cts 18K Ring:  3.95 gram  WD : 20 / 0.09","0.80 cts sapphire ring 
Main stone – 01 pcs   0.80 cts
18K Ring:  3.95 gram 
WD : 20 / 0.09",in stock,new,1402.1 SGD,,https://www.colourdiam.com/Product/Jewellery/7347/white45/center.jpg,ColourDiam,Apparel & Accessories > Jewelry,,1,,,,unisex,,,adult,,,,,,,,,,Fine Jewelry
7348,"0.78 cts sapphire ring  Main stone – 01 pcs   0.78 cts 18K Ring:  3.71 gram  WD : 18 / 0.09","0.78 cts sapphire ring 
Main stone – 01 pcs   0.78 cts
18K Ring:  3.71 gram 
WD : 18 / 0.09",in stock,new,1190.32 SGD,,https://www.colourdiam.com/Product/Jewellery/7348/white45/center.jpg,ColourDiam,Apparel & Accessories > Jewelry,,1,,,,unisex,,,adult,,,,,,,,,,Fine Jewelry
7349,https://colourdiam.com/Product/Jewellery/Model%20images/7349/video.mp4,"0.94 cts sapphire ring 
Main stone – 01 pcs   0.94 cts
18K Ring:  4.03 gram 
WD : 20 / 0.09",in stock,new,1314.47 SGD,https://colourdiam.com/productdetail/7349,https://www.colourdiam.com/Product/Jewellery/7349/white45/center.jpg,ColourDiam,Apparel & Accessories > Jewelry,,1,,,,unisex,,,adult,,,,,,,,,,Fine Jewelry
7350,"0.97 cts sapphire ring  Main stone – 01 pcs   0.97 cts 18K Ring: 3.62 gram  WD : 18 / 0.09","0.97 cts sapphire ring 
Main stone – 01 pcs   0.97 cts
18K Ring: 3.62 gram 
WD : 18 / 0.09",in stock,new,1606.57 SGD,,https://www.colourdiam.com/Product/Jewellery/7350/white45/center.jpg,ColourDiam,Apparel & Accessories > Jewelry,,1,,,,unisex,,,adult,,,,,,,,,,Fine Jewelry
7351,"0.93 cts sapphire ring  Main stone – 01 pcs   0.93 cts 18K Ring:  3.97 gram  WD : 20 / 0.08","0.93 cts sapphire ring 
Main stone – 01 pcs   0.93 cts
18K Ring:  3.97 gram 
WD : 20 / 0.08",in stock,new,1577.36 SGD,,https://www.colourdiam.com/Product/Jewellery/7351/white45/center.jpg,ColourDiam,Apparel & Accessories > Jewelry,,1,,,,unisex,,,adult,,,,,,,,,,Fine Jewelry
7370,https://colourdiam.com/Product/Jewellery/Model%20images/7370/video.mp4,https://colourdiam.com/Product/Jewellery/Model%20images/7370/6762109-20250711-144742.jpeg,in stock,new,55499.66 SGD,https://colourdiam.com/productdetail/7370,https://www.colourdiam.com/Product/Jewellery/7370/white45/center.jpg,ColourDiam,Apparel & Accessories > Jewelry,,1,,,,unisex,,,adult,,,,,,,,,GIA,Fine Jewelry
7466,https://colourdiam.com/Product/Jewellery/Model%20images/7466/7466.mp4,"https://colourdiam.com/Product/Jewellery/Model%20images/7466/2.jpeg
https://colourdiam.com/Product/Jewellery/Model%20images/7466/center.jpeg
https://colourdiam.com/Product/Jewellery/Model%20images/7466/colour-diam-model-images-375.jpeg
https://colourdiam.com/Product/Jewellery/Model%20images/7466/colour-diam-model-images-376.jpeg",in stock,new,9493.36 SGD,https://colourdiam.com/productdetail/7466,https://www.colourdiam.com/Product/Jewellery/7466/white45/center.jpg,ColourDiam,Apparel & Accessories > Jewelry,,1,,,,unisex,,,adult,,,,,,,,,GIA,Fine Jewelry
7477,2.00 cts Fancy Green VS Main stone – 01 pcs   2.00 cts 18K Ring: 6.30 gram  WD : 47 / 0.35 HEART : 08 / 1.67 MARQUISE: 08 / 0.84,"2.00 cts Fancy Green VS
Main stone – 01 pcs   2.00 cts
18K Ring: 6.30 gram 
WD : 47 / 0.35
HEART : 08 / 1.67
MARQUISE: 08 / 0.84",in stock,new,14459.12 SGD,,https://www.colourdiam.com/Product/Jewellery/7477/white45/center.jpg,ColourDiam,Apparel & Accessories > Jewelry,,1,,,,unisex,,,adult,,,,,,,,,AGL,Fine Jewelry
7491,Full Eternity Diamond Ring 18 k ring : 3.13 gram   baguette Diamonds :18 pcs / 0.32                Round Diamonds : 18 pcs / 0.68   Diamond colour : F to G Diamond Clarity : VS to SI,"Full Eternity Diamond Ring
18 k ring : 3.13 gram 
 baguette Diamonds :18 pcs / 0.32 
              Round Diamonds : 18 pcs / 0.68  
Diamond colour : F to G
Diamond Clarity : VS to SI",in stock,new,1752.62 SGD,,https://www.colourdiam.com/Product/Jewellery/7491/white45/center.jpg,ColourDiam,Apparel & Accessories > Jewelry,,1,,,,unisex,,,adult,,,,,,,,,NON CERTIFIED,Fine Jewelry
7492,https://colourdiam.com/Product/Jewellery/Model%20images/7492/video.mp4,"Two diamond cross Eternity Diamond Ring
Main stone Colour - Round Diamonds - 16 pcs - 0.46 cts
18 k : ring : 2.31 gram
Diamond colour - F to G
Diamond Clarity - VS to SI",in stock,new,1168.41 SGD,https://colourdiam.com/productdetail/7492,https://www.colourdiam.com/Product/Jewellery/7492/white45/center.jpg,ColourDiam,Apparel & Accessories > Jewelry,,1,,,,unisex,F to G,,adult,,,,,,,,,NON CERTIFIED,Fine Jewelry
7513,https://colourdiam.com/Product/Jewellery/Model%20images/7513/VIDEO.mp4,"Yellow diamond ring 
Main stone - 0.31 fancy yellow Vs2      
Side Diamonds - 40 / 0.15 
Diamond colour - F to G
Diamond Clarity - VS to SI
18 k : ring : 2.48 gram",in stock,new,949.34 SGD,https://colourdiam.com/productdetail/7513,https://www.colourdiam.com/Product/Jewellery/7513/white45/center.jpg,ColourDiam,Apparel & Accessories > Jewelry,,1,,,,unisex,F to G,,adult,,,,,,,,,NON CERTIFIED,Fine Jewelry
7517,https://colourdiam.com/Product/Jewellery/Model%20images/7517/video.mp4,"Nine Diamonds Ring
Main Stone Colour - F To G
Main Stone Clarity – VS To VVS
18K: Ring : 2.61 gram
Main stone - 09 pcs - 0.44 cts",in stock,new,803.28 SGD,https://colourdiam.com/productdetail/7517,https://www.colourdiam.com/Product/Jewellery/7517/white45/center.jpg,ColourDiam,Apparel & Accessories > Jewelry,,1,,,,unisex,,,adult,,,,,,,,,NON CERTIFIED,Fine Jewelry
7569,1.20 cts Fancy Pink VS  Main stone – 01 pcs  1.20 cts 18 K Ring: 4.85 gram  WD : 10 / 0.19 PD: 20 / 0.15 CADILLAC : 02 / 0.45,"1.20 cts Fancy Pink VS 
Main stone – 01 pcs  1.20 cts
18 K Ring: 4.85 gram 
WD : 10 / 0.19
PD: 20 / 0.15
CADILLAC : 02 / 0.45",in stock,new,10223.62 SGD,,https://www.colourdiam.com/Product/Jewellery/7569/white45/center.jpg,ColourDiam,Apparel & Accessories > Jewelry,,1,,,,unisex,,,adult,,,,,,,,,AGL,Fine Jewelry
7539,https://colourdiam.com/Product/Jewellery/Model%20images/7539/video.mp4,"3.00 CT Fancy Green VVS
18 k ring : 6.598 gram 
WD : 70 pcs / 0.304 
P : 34 pcs / 0.108 
MQ : 13 pcs / 0.479",in stock,new,33591.9 SGD,https://colourdiam.com/productdetail/7539,https://www.colourdiam.com/Product/Jewellery/7539/white45/center.jpg,ColourDiam,Apparel & Accessories > Jewelry,,1,,,,unisex,,,adult,,,,,,,,,AGL,Fine Jewelry
7540,1.11 cts sapphire   18K ring : 3.76  gram WD : 12 / 0.39,"1.11 cts sapphire  
18K ring : 3.76  gram
WD : 12 / 0.39",in stock,new,1314.47 SGD,,https://www.colourdiam.com/Product/Jewellery/7540/white45/center.jpg,ColourDiam,Apparel & Accessories > Jewelry,,1,,,,unisex,,,adult,,,,,,,,,NON CERTIFIED,Fine Jewelry
7583,https://colourdiam.com/Product/Jewellery/Model%20images/7583/video.mp4,"3.03 Fancy Brownish Greenish Yellow VS1
Main stone – 01 pcs 3.03 cts
18 K Ring: 7.73 gram 
WD: 159/ 0.929
PINK: 64 / 0.48
MARQUISE: 7 / 0.35",in stock,new,38703.71 SGD,https://colourdiam.com/productdetail/7583,https://www.colourdiam.com/Product/Jewellery/7583/white45/center.jpg,ColourDiam,Apparel & Accessories > Jewelry,,1,,,,unisex,,,adult,,,,,,,,,GIA,Fine Jewelry
7592,"Yellow and White Diamond Eternity Ring  Yellow Round Diamonds - 13 pcs - 0.66 cts White side diamonds - 135 pcs - 0.39 cts                                  18 k ring : 2.63 gram","Yellow and White Diamond Eternity Ring 
Yellow Round Diamonds - 13 pcs - 0.66 cts
White side diamonds - 135 pcs - 0.39 cts                                 
18 k ring : 2.63 gram",in stock,new,2190.78 SGD,,https://www.colourdiam.com/Product/Jewellery/7592/white45/center.jpg,ColourDiam,Apparel & Accessories > Jewelry,,1,,,,unisex,,,adult,,,,,,,,,NON CERTIFIED,Fine Jewelry
6368_6367,18k-Earring : 4.40 gram ILLUSION ROUND SHAPE EARRING Earring Diameter- 12 mm Main stone -18 pcs – 3.80 cts,"18k-Earring : 4.40 gram
ILLUSION ROUND SHAPE EARRING
Earring Diameter- 12 mm
Main stone -18 pcs – 3.80 cts",in stock,new,12096 SGD,https://colourdiam.com/productdetail/Menu/6368/6367,https://www.colourdiam.com/Product/Jewellery/                6368_6367 /white45/center.jpg,ColourDiam,Apparel & Accessories > Jewelry,,1,,,,unisex,,,adult,,,,,,,,,NON CERTIFIED,Fine Jewelry
6365_6369,18k-Earring : 4.05 gram ILLUSION ROUND SHAPE EARRING Earring Diameter- 11.7 mm Main stone - 18 pcs – 4.00 cts,"18k-Earring : 4.05 gram
ILLUSION ROUND SHAPE EARRING
Earring Diameter- 11.7 mm
Main stone - 18 pcs – 4.00 cts",in stock,new,13144.66 SGD,https://colourdiam.com/productdetail/Menu/6365/6369,https://www.colourdiam.com/Product/Jewellery/6365_6369/white45/center.jpg,ColourDiam,Apparel & Accessories > Jewelry,,1,,,,unisex,,,adult,,,,,,,,,NON CERTIFIED,Fine Jewelry
6405_6406,18k-Earring : 4.05 gram ILLUSION EMERLAD SHAPE EARRING Earring Diameter- 11.3 mm Main stone - 18 pcs – 2.13 cts,"18k-Earring : 4.05 gram
ILLUSION EMERLAD SHAPE EARRING
Earring Diameter- 11.3 mm
Main stone - 18 pcs – 2.13 cts",in stock,new,8611.21 SGD,https://colourdiam.com/productdetail/Menu/6405/6406,"https://www.colourdiam.com/Product/Jewellery/         
                                   
                  6405_6406 /white45/center.jpg",ColourDiam,Apparel & Accessories > Jewelry,,1,,,,unisex,,,adult,,,,,,,,,NON CERTIFIED,Fine Jewelry
6413_6412,18k-Earring : 1.52 gram ILLUSION EMERLAD SHAPE EARRING Earring Diameter- 7.5 mm Main stone - 18 pcs – 0.65 cts,"18k-Earring : 1.52 gram
ILLUSION EMERLAD SHAPE EARRING
Earring Diameter- 7.5 mm
Main stone - 18 pcs – 0.65 cts",in stock,new,1752.62 SGD,https://colourdiam.com/productdetail/Menu/6413/6412,https://www.colourdiam.com/Product/Jewellery/6413_6412/white45/center.jpg,ColourDiam,Apparel & Accessories > Jewelry,,1,,,,unisex,,,adult,,,,,,,,,NON CERTIFIED,Fine Jewelry
6362_6363,18k-Earring : 3.69 gram ILLUSION ROUND SHAPE EARRING Earring Diameter- 11 mm Main stone - 18 pcs – 0.27 cts,"18k-Earring : 3.69 gram
ILLUSION ROUND SHAPE EARRING
Earring Diameter- 11 mm
Main stone - 18 pcs – 0.27 cts",in stock,new,9493.36 SGD,https://colourdiam.com/productdetail/Menu/6362/6363,https://www.colourdiam.com/Product/Jewellery/    6362_6363          /white45/center.jpg,ColourDiam,Apparel & Accessories > Jewelry,,1,,,,unisex,,,adult,,,,,,,,,NON CERTIFIED,Fine Jewelry
7616,2.01 cts Fancy Light Greenish Yellow VS2 Main stone – 01 pcs 2.01 cts 18k Ring : 6.26 gram  WD : 28 / 0.908 PEAR : 08 / 1.13 PINK : 20 / 0.13,"2.01 cts Fancy Light Greenish Yellow VS2
Main stone – 01 pcs 2.01 cts
18k Ring : 6.26 gram 
WD : 28 / 0.908
PEAR : 08 / 1.13
PINK : 20 / 0.13",in stock,new,18256.47 SGD,,https://www.colourdiam.com/Product/Jewellery/7616/white45/center.jpg,ColourDiam,Apparel & Accessories > Jewelry,,1,,,,unisex,,,adult,,,,,,,,,GIA,Fine Jewelry
7629,18 k ring : 3.81 gram  Main stone : 1 pcs / 0.34 cts  WD : 20 pcs / 0.16 cts,"18 k ring : 3.81 gram 
Main stone : 1 pcs / 0.34 cts 
WD : 20 pcs / 0.16 cts",in stock,new,2022.82 SGD,,https://www.colourdiam.com/Product/Jewellery/7629/white45/center.jpg,ColourDiam,Apparel & Accessories > Jewelry,,1,,,,unisex,,,adult,,,,,,,,,NON CERTIFIED,Fine Jewelry
7654,https://colourdiam.com/Product/Jewellery/Model%20images/7654/video.mp4,"2.00 cts Fancy Light Brownish Greenish yellow Si2
Main stone – 1 pcs  2.00 cts
18k Ring : 9.40 gram 
WD : 93 / 0.533
PEAR : 15 / 2.99
PINK : 18 / 0.254",in stock,new,14605.17 SGD,https://colourdiam.com/productdetail/7654,https://www.colourdiam.com/Product/Jewellery/7654/white45/center.jpg,ColourDiam,Apparel & Accessories > Jewelry,,1,,,,unisex,,,adult,,,,,,,,,GIA,Fine Jewelry
7671_7887_7837,3.19 cts fancy light yellow VS2  0.30 cts F colour SI1   0.30 cts F colour SI1  18 K RING : 5.604 gram PEAR: 2 pcs / cts,"3.19 cts fancy light yellow VS2
 0.30 cts F colour SI1 
 0.30 cts F colour SI1 
18 K RING : 5.604 gram
PEAR: 2 pcs / cts",in stock,new,37243.19 SGD,https://colourdiam.com/productdetail/Menu/7671/7887/7837,"https://www.colourdiam.com/Product/Jewellery/7671_7887_7837
/white45/center.jpg",ColourDiam,Apparel & Accessories > Jewelry,,1,,,,unisex,,,adult,,,,,,,,,GIA,Fine Jewelry
7689,https://colourdiam.com/Product/Jewellery/Model%20images/7689/video.mp4,"Main stone - 1 pcs - 0.45 cts
18k-Ring : 2.124 gram",in stock,new,730.26 SGD,https://colourdiam.com/productdetail/7689,https://www.colourdiam.com/Product/Jewellery/7689/white45/center.jpg,ColourDiam,Apparel & Accessories > Jewelry,,1,,,,unisex,,,adult,,,,,,,,,NON CERTIFIED,Fine Jewelry
7691,https://colourdiam.com/Product/Jewellery/Model%20images/7691/video.mp4,"0.85 G-H colour SI
18k Ring : 9.008 gram
sidestone- 0.20ct",in stock,new,584.21 SGD,https://colourdiam.com/productdetail/7691,https://www.colourdiam.com/Product/Jewellery/7691/white45/center.jpg,ColourDiam,Apparel & Accessories > Jewelry,,1,,,,unisex,,,adult,,,,,,,,,,Fine Jewelry
7692,https://colourdiam.com/Product/Jewellery/Model%20images/7692/video.mp4,"0.40 G-H colour SI
18 k Ring : 1.40 gram",in stock,new,584.21 SGD,https://colourdiam.com/productdetail/7692,https://www.colourdiam.com/Product/Jewellery/7692/white45/center.jpg,ColourDiam,Apparel & Accessories > Jewelry,,1,,,,unisex,,,adult,,,,,,,,,NON CERTIFIED,Fine Jewelry
7729,https://colourdiam.com/Product/Jewellery/Model%20images/7729/video.mp4,"0.40 G-H colour SI
18 k Ring : 1.40 gram",in stock,new,584.21 SGD,https://colourdiam.com/productdetail/7729,https://www.colourdiam.com/Product/Jewellery/7729/white45/center.jpg,ColourDiam,Apparel & Accessories > Jewelry,,1,,,,unisex,,,adult,,,,,,,,,NON CERTIFIED,Fine Jewelry
7730,https://colourdiam.com/Product/Jewellery/Model%20images/7730/video.mp4,"0.40 G-H colour SI
18 k Ring : 1.40 gram",in stock,new,584.21 SGD,https://colourdiam.com/productdetail/7730,https://www.colourdiam.com/Product/Jewellery/7730/white45/center.jpg,ColourDiam,Apparel & Accessories > Jewelry,,1,,,,unisex,,,adult,,,,,,,,,NON CERTIFIED,Fine Jewelry
7731,https://colourdiam.com/Product/Jewellery/Model%20images/7731/video.mp4,"0.40 G-H colour SI
18 k Ring : 1.40 gram",in stock,new,584.21 SGD,https://colourdiam.com/productdetail/7731,https://www.colourdiam.com/Product/Jewellery/7731/white45/center.jpg,ColourDiam,Apparel & Accessories > Jewelry,,1,,,,unisex,,,adult,,,,,,,,,NON CERTIFIED,Fine Jewelry
7732,https://colourdiam.com/Product/Jewellery/Model%20images/7732/video.mp4,"0.40 G-H colour SI
18 k Ring : 1.40 gram",in stock,new,584.21 SGD,https://colourdiam.com/productdetail/7732,https://www.colourdiam.com/Product/Jewellery/7732/white45/center.jpg,ColourDiam,Apparel & Accessories > Jewelry,,1,,,,unisex,,,adult,,,,,,,,,NON CERTIFIED,Fine Jewelry
7733,https://colourdiam.com/Product/Jewellery/Model%20images/7733/video.mp4,"0.40 G-H colour SI
18 k Ring : 1.40 gram",in stock,new,584.21 SGD,https://colourdiam.com/productdetail/7733,https://www.colourdiam.com/Product/Jewellery/7733/white45/center.jpg,ColourDiam,Apparel & Accessories > Jewelry,,1,,,,unisex,,,adult,,,,,,,,,NON CERTIFIED,Fine Jewelry
7734,https://colourdiam.com/Product/Jewellery/Model%20images/7734/7734.mp4,"Main stone - 1 pcs - 0.45 cts
18k-Ring : 2.124 gram",in stock,new,657.23 SGD,https://colourdiam.com/productdetail/7734,https://www.colourdiam.com/Product/Jewellery/7734/white45/center.jpg,ColourDiam,Apparel & Accessories > Jewelry,,1,,,,unisex,,,adult,,,,,,,,,NON CERTIFIED,Fine Jewelry
7735,https://colourdiam.com/Product/Jewellery/Model%20images/7735/video.mp4,"Main stone - 1 pcs - 0.45 cts
18k-Ring : 2.124 gram",in stock,new,657.23 SGD,https://colourdiam.com/productdetail/7735,https://www.colourdiam.com/Product/Jewellery/7735/white45/center.jpg,ColourDiam,Apparel & Accessories > Jewelry,,1,,,,unisex,,,adult,,,,,,,,,NON CERTIFIED,Fine Jewelry
7737,https://colourdiam.com/Product/Jewellery/Model%20images/7737/video.mp4,"Main stone - 1 pcs - 0.45 cts
18k-Ring : 2.124 gram",in stock,new,657.23 SGD,https://colourdiam.com/productdetail/7737,https://www.colourdiam.com/Product/Jewellery/7737/white45/center.jpg,ColourDiam,Apparel & Accessories > Jewelry,,1,,,,unisex,,,adult,,,,,,,,,NON CERTIFIED,Fine Jewelry
7738,https://colourdiam.com/Product/Jewellery/Model%20images/7738/video.mp4,"Main stone - 1 pcs - 0.45 cts
18k-Ring : 2.124 gram",in stock,new,657.23 SGD,https://colourdiam.com/productdetail/7738,https://www.colourdiam.com/Product/Jewellery/7738/white45/center.jpg,ColourDiam,Apparel & Accessories > Jewelry,,1,,,,unisex,,,adult,,,,,,,,,NON CERTIFIED,Fine Jewelry
7739,https://colourdiam.com/Product/Jewellery/Model%20images/7739/video.mp4,"Main stone - 1 pcs - 0.45 cts
18k-Ring : 2.124 gram",in stock,new,657.23 SGD,https://colourdiam.com/productdetail/7739,https://www.colourdiam.com/Product/Jewellery/7739/white45/center.jpg,ColourDiam,Apparel & Accessories > Jewelry,,1,,,,unisex,,,adult,,,,,,,,,NON CERTIFIED,Fine Jewelry
7740,https://colourdiam.com/Product/Jewellery/Model%20images/7740/video.mp4,"Main stone - 1 pcs - 0.45 cts
18k-Ring : 2.124 gram",in stock,new,657.23 SGD,https://colourdiam.com/productdetail/7740,https://www.colourdiam.com/Product/Jewellery/7740/white45/center.jpg,ColourDiam,Apparel & Accessories > Jewelry,,1,,,,unisex,,,adult,,,,,,,,,NON CERTIFIED,Fine Jewelry
7741,https://colourdiam.com/Product/Jewellery/Model%20images/7741/video.mp4,"Main stone - 1 pcs - 0.45 cts
18k-Ring : 2.124 gram",in stock,new,657.23 SGD,https://colourdiam.com/productdetail/7741,https://www.colourdiam.com/Product/Jewellery/7741/white45/center.jpg,ColourDiam,Apparel & Accessories > Jewelry,,1,,,,unisex,,,adult,,,,,,,,,NON CERTIFIED,Fine Jewelry
7742,https://colourdiam.com/Product/Jewellery/Model%20images/7742/video.mp4,"Main stone - 1 pcs - 0.45 cts
18k-Ring : 2.124 gram",in stock,new,657.23 SGD,https://colourdiam.com/productdetail/7742,https://www.colourdiam.com/Product/Jewellery/7742/white45/center.jpg,ColourDiam,Apparel & Accessories > Jewelry,,1,,,,unisex,,,adult,,,,,,,,,NON CERTIFIED,Fine Jewelry
7768,Main stone detail - 3.308 CT  18 k necklace : 18.16 gram  Main stone - 13 pcs - 3.308 cts mix fancy colour diamonds WD - 237 pcs - 3.183 cts   YD - 16 pcs - 0.10 cts,"https://colourdiam.com/Product/Jewellery/Model%20images/7768/center.jpeg
https://colourdiam.com/Product/Jewellery/Model%20images/7768/colour-diam-model-images-392.jpeg",in stock,new,22638.02 SGD,https://colourdiam.com/productdetail/7768,https://www.colourdiam.com/Product/Jewellery/7768/white45/center.jpg,ColourDiam,Apparel & Accessories > Jewelry,,1,,,,unisex,,,adult,,,,,,,,,,Fine Jewelry
7772,https://colourdiam.com/Product/Jewellery/Model%20images/7772/video.mp4,"1.58 Light Greenish Yellow VS2
Main stone – 01 pcs 1.58 cts
18 K Ring: 7.50 gram 
WD : 170 / 0.557
PINK : 16 / 0.20",in stock,new,11684.14 SGD,https://colourdiam.com/productdetail/7772,https://www.colourdiam.com/Product/Jewellery/7772/white45/center.jpg,ColourDiam,Apparel & Accessories > Jewelry,,1,,,,unisex,,,adult,,,,,,,,,GIA,Fine Jewelry
7778,https://colourdiam.com/Product/Jewellery/Model%20images/7778/1.mp4,"https://colourdiam.com/Product/Jewellery/Model%20images/7778/123.jpeg
https://colourdiam.com/Product/Jewellery/Model%20images/7778/center.jpeg
https://colourdiam.com/Product/Jewellery/Model%20images/7778/colour-diam-model-images-393.jpeg
https://colourdiam.com/Product/Jewellery/Model%20images/7778/colour-diam-model-images-394.jpeg",in stock,new,51118.1 SGD,https://colourdiam.com/productdetail/7778,https://www.colourdiam.com/Product/Jewellery/7778/white45/center.jpg,ColourDiam,Apparel & Accessories > Jewelry,,1,,,,unisex,,,adult,,,,,,,,,AGL,Fine Jewelry
7880,https://colourdiam.com/Product/Jewellery/Model%20images/7880/video.mp4,"Fancy Yellow cushion shape ring 
0.269 FANCY YELLOW DIAMOND 
18 k ring : 2.71 gram 
WD : 36 / 0.269
YD : 14 /0.08",in stock,new,2336.83 SGD,https://colourdiam.com/productdetail/7880,https://www.colourdiam.com/Product/Jewellery/7880/white45/center.jpg,ColourDiam,Apparel & Accessories > Jewelry,,1,,,,unisex,,,adult,,,,,,,,,AGL,Fine Jewelry
7881,Fancy Intense Yellow heart shape ring  0.435 FANCY INTENSE YELLOW DIAMOND  18 k ring : 2.43 gram  WD : 33 / 0.201,"Fancy Intense Yellow heart shape ring 
0.435 FANCY INTENSE YELLOW DIAMOND 
18 k ring : 2.43 gram 
WD : 33 / 0.201",in stock,new,2628.93 SGD,,https://www.colourdiam.com/Product/Jewellery/7881/white45/center.jpg,ColourDiam,Apparel & Accessories > Jewelry,,1,,,,unisex,,,adult,,,,,,,,,AGL,Fine Jewelry
7882,"Fancy Yellow Marquise shape ring  0.168 FANCY YELLOW DIAMOND  18 k ring : 2.31 gram  WD : 32 / 0.194","Fancy Yellow Marquise shape ring 
0.168 FANCY YELLOW DIAMOND 
18 k ring : 2.31 gram 
WD : 32 / 0.194",in stock,new,2190.78 SGD,,https://www.colourdiam.com/Product/Jewellery/7882/white45/center.jpg,ColourDiam,Apparel & Accessories > Jewelry,,1,,,,unisex,,,adult,,,,,,,,,AGL,Fine Jewelry
7883,Fancy Yellow Marquise shape ring  0.12 FANCY YELLOW DIAMOND  18 k ring : 2.87 gram  WD : 38 / 0.296 YD : 14 /0.78,"Fancy Yellow Marquise shape ring 
0.12 FANCY YELLOW DIAMOND 
18 k ring : 2.87 gram 
WD : 38 / 0.296
YD : 14 /0.78",in stock,new,2190.78 SGD,,https://www.colourdiam.com/Product/Jewellery/7883/white45/center.jpg,ColourDiam,Apparel & Accessories > Jewelry,,1,,,,unisex,,,adult,,,,,,,,,AGL,Fine Jewelry
7884_7885,https://colourdiam.com/Product/Jewellery/Model%20images/7884_7885/video.mp4,"https://colourdiam.com/Product/Jewellery/Model%20images/7884_7885/center.jpeg
https://colourdiam.com/Product/Jewellery/Model%20images/7884_7885/colour-diam-model-images-395.jpeg",in stock,new,2921.03 SGD,https://colourdiam.com/productdetail/Menu/7884/7885,https://www.colourdiam.com/Product/Jewellery/7884_7885/white45/center.jpg,ColourDiam,Apparel & Accessories > Jewelry,,1,,,,unisex,,,adult,,,,,,,,,AGL,Fine Jewelry
7891,"Multi colour Sapphire Bracelet Main stone detail – 60pcs - 11.22 cts 9K Bracelet : 11.98 gram","Multi colour Sapphire Bracelet
Main stone detail – 60pcs - 11.22 cts
9K Bracelet : 11.98 gram",in stock,new,3286.16 SGD,,https://www.colourdiam.com/Product/Jewellery/7891/white45/center.jpg,ColourDiam,Apparel & Accessories > Jewelry,,1,,,,unisex,,,adult,,,,,,,,,,Fine Jewelry
7915,0.11 CT Fancy Yellow VS 18 k ring : 2.59 gram  WD : 42 / 0.402,"0.11 CT Fancy Yellow VS
18 k ring : 2.59 gram 
WD : 42 / 0.402",in stock,new,1606.57 SGD,,https://www.colourdiam.com/Product/Jewellery/7915/white45/center.jpg,ColourDiam,Apparel & Accessories > Jewelry,,1,,,,unisex,,,adult,,,,,,,,,AGL,Fine Jewelry
7916,https://colourdiam.com/Product/Jewellery/Model%20images/7916/video.mp4,"0.098 CT Fancy yellow VS
18 k ring : 4.28 gram 
WD : 86  / 0.51  
YD :11 / 0.064",in stock,new,2044.72 SGD,https://colourdiam.com/productdetail/7916,https://www.colourdiam.com/Product/Jewellery/7916/white45/center.jpg,ColourDiam,Apparel & Accessories > Jewelry,,1,,,,unisex,,,adult,,,,,,,,,AGL,Fine Jewelry
7919,0.113 CT Fancy intense yellow VS  18 k ring : 2.86 gram  WD : 38 / 0.287   YD : 12 / 0.07,"0.113 CT Fancy intense yellow VS 
18 k ring : 2.86 gram 
WD : 38 / 0.287  
YD : 12 / 0.07",in stock,new,1752.62 SGD,,https://www.colourdiam.com/Product/Jewellery/7919/white45/center.jpg,ColourDiam,Apparel & Accessories > Jewelry,,1,,,,unisex,,,adult,,,,,,,,,AGL,Fine Jewelry
7920,0.51 CT Fancy intense yellow VS  Main stone – 01 pcs 0.51 cts 18 K Ring: 2.87 gram  WD : 36 / 0.226 YD : 16 / 0.059,"0.51 CT Fancy intense yellow VS 
Main stone – 01 pcs 0.51 cts
18 K Ring: 2.87 gram 
WD : 36 / 0.226
YD : 16 / 0.059",in stock,new,1168.41 SGD,,https://www.colourdiam.com/Product/Jewellery/7920/white45/center.jpg,ColourDiam,Apparel & Accessories > Jewelry,,1,,,,unisex,,,adult,,,,,,,,,AGL,Fine Jewelry
7921,https://colourdiam.com/Product/Jewellery/Model%20images/7921/VIDEO.mp4,"0.136 CT Fancy yellow VS 
18 k ring : 2.91 gram 
WD : 52 / 0.349",in stock,new,1460.52 SGD,https://colourdiam.com/productdetail/7921,https://www.colourdiam.com/Product/Jewellery/7921/white45/center.jpg,ColourDiam,Apparel & Accessories > Jewelry,,1,,,,unisex,,,adult,,,,,,,,,AGL,Fine Jewelry
7922,0.20 CT Fancy intense yellow VS  Main stone – 01 pcs 0.20 cts 18 K Ring: 2.13 gram  WD : 30 / 0.227,"0.20 CT Fancy intense yellow VS 
Main stone – 01 pcs 0.20 cts
18 K Ring: 2.13 gram 
WD : 30 / 0.227",in stock,new,1752.62 SGD,,https://www.colourdiam.com/Product/Jewellery/7922/white45/center.jpg,ColourDiam,Apparel & Accessories > Jewelry,,1,,,,unisex,,,adult,,,,,,,,,AGL,Fine Jewelry
7923,https://colourdiam.com/Product/Jewellery/Model%20images/7923/modelvideo.mp4,"0.243 CT Fancy intense yellow VS 
Main stone – 01 pcs 0.243 cts
18 K Ring: 2.85 gram 
WD : 50 / 0.363",in stock,new,1752.62 SGD,https://colourdiam.com/productdetail/7923,https://www.colourdiam.com/Product/Jewellery/7923/white45/center.jpg,ColourDiam,Apparel & Accessories > Jewelry,,1,,,,unisex,,,adult,,,,,,,,,AGL,Fine Jewelry
7924,https://colourdiam.com/Product/Jewellery/Model%20images/7924/video.mp4,"0.11 CT Fancy intense yellow VS 
Main stone – 01 pcs 0.11 cts
18 K Ring: 2.49 gram 
WD : 34 / 0.201
YD : 11 / 0.043",in stock,new,1241.44 SGD,https://colourdiam.com/productdetail/7924,https://www.colourdiam.com/Product/Jewellery/7924/white45/center.jpg,ColourDiam,Apparel & Accessories > Jewelry,,1,,,,unisex,,,adult,,,,,,,,,AGL,Fine Jewelry
7925,https://colourdiam.com/Product/Jewellery/Model%20images/7925/video.mp4,"0.156 CT Fancy yellow VS 
Main stone – 01 pcs 0.156 cts
18 K Ring: 3.12 gram 
WD : 42 / 0.278
YD :  14 / 0.064",in stock,new,1752.62 SGD,https://colourdiam.com/productdetail/7925,https://www.colourdiam.com/Product/Jewellery/7925/white45/center.jpg,ColourDiam,Apparel & Accessories > Jewelry,,1,,,,unisex,,,adult,,,,,,,,,AGL,Fine Jewelry
7926,0.137 CT Fancy yellow SI Main stone – 01 pcs 0.137 cts 18 K Ring: 2.37 gram  WD : 38 / 0.197 YD :  12 / 0.047,"0.137 CT Fancy yellow SI
Main stone – 01 pcs 0.137 cts
18 K Ring: 2.37 gram 
WD : 38 / 0.197
YD :  12 / 0.047",in stock,new,1460.52 SGD,,https://www.colourdiam.com/Product/Jewellery/7926/white45/center.jpg,ColourDiam,Apparel & Accessories > Jewelry,,1,,,,unisex,,,adult,,,,,,,,,AGL,Fine Jewelry
7927,https://colourdiam.com/Product/Jewellery/Model%20images/7927/VIDEO.mp4,"0.341 CT Fancy yellow SI 
18 k ring : 2.87 gram
WD : 40 / 0.238   
YD : 18 / 0.077",in stock,new,1752.62 SGD,https://colourdiam.com/productdetail/7927,https://www.colourdiam.com/Product/Jewellery/7927/white45/center.jpg,ColourDiam,Apparel & Accessories > Jewelry,,1,,,,unisex,,,adult,,,,,,,,,AGL,Fine Jewelry
7929,https://colourdiam.com/Product/Jewellery/Model%20images/7929/video.mp4,"0.101 CT Fancy Pink VS 
Main stone – 01 pcs 0.101 cts
18 K Ring: 2.96 gram 
WD : 48 / 0.348",in stock,new,1752.62 SGD,https://colourdiam.com/productdetail/7929,https://www.colourdiam.com/Product/Jewellery/7929/white45/center.jpg,ColourDiam,Apparel & Accessories > Jewelry,,1,,,,unisex,,,adult,,,,,,,,,AGL,Fine Jewelry
7930,0.16 CT Fancy yellow VS  Main stone – 01 pcs 0.16 cts 18 K Ring: 2.81 gram  WD : 50 / 0.372,"0.16 CT Fancy yellow VS 
Main stone – 01 pcs 0.16 cts
18 K Ring: 2.81 gram 
WD : 50 / 0.372",in stock,new,1752.62 SGD,,https://www.colourdiam.com/Product/Jewellery/7930/white45/center.jpg,ColourDiam,Apparel & Accessories > Jewelry,,1,,,,unisex,,,adult,,,,,,,,,AGL,Fine Jewelry
7934,https://colourdiam.com/Product/Jewellery/Model%20images/7934/video.mp4,"0.141 CT Fancy yellow VS 
Main stone - 01 pcs 0.141 cts
18K RING: 2.68 gram
WD : 42/ 0.442",in stock,new,1460.52 SGD,https://colourdiam.com/productdetail/7934,https://www.colourdiam.com/Product/Jewellery/7934/white45/center.jpg,ColourDiam,Apparel & Accessories > Jewelry,,1,,,,unisex,,,adult,,,,,,,,,AGL,Fine Jewelry
7935,https://colourdiam.com/Product/Jewellery/Model%20images/7935/video.mp4,"0.091 CT Fancy Brownish yellow 
18 k ring : 3.87 gram
WD : 88 / 0.517",in stock,new,1460.52 SGD,https://colourdiam.com/productdetail/7935,https://www.colourdiam.com/Product/Jewellery/7935/white45/center.jpg,ColourDiam,Apparel & Accessories > Jewelry,,1,,,,unisex,,,adult,,,,,,,,,AGL,Fine Jewelry
7936,0.32 CT Fancy Brownish yellow  18 k ring : 2.83 gram WD : 36 / 0.219   YD : 14 / 0.062,"0.32 CT Fancy Brownish yellow 
18 k ring : 2.83 gram
WD : 36 / 0.219  
YD : 14 / 0.062",in stock,new,1460.52 SGD,,https://www.colourdiam.com/Product/Jewellery/7936/white45/center.jpg,ColourDiam,Apparel & Accessories > Jewelry,,1,,,,unisex,,,adult,,,,,,,,,AGL,Fine Jewelry
7937,https://colourdiam.com/Product/Jewellery/Model%20images/7937/video.mp4,"0.125 CT Fancy intense yellow VS 
Main stone – 01 pcs 0.125 cts
18 K Ring: 2.78 gram 
WD : 50 / 0.37",in stock,new,1460.52 SGD,https://colourdiam.com/productdetail/7937,https://www.colourdiam.com/Product/Jewellery/7937/white45/center.jpg,ColourDiam,Apparel & Accessories > Jewelry,,1,,,,unisex,,,adult,,,,,,,,,AGL,Fine Jewelry
7938,https://colourdiam.com/Product/Jewellery/Model%20images/7938/video.mp4,"0.233 CT Fancy intense yellow VS 
Main stone – 01 pcs 0.233 cts
18 K Ring: 2.52 gram 
WD : 32 / 0.229
YD : 14 / 0.073",in stock,new,2190.78 SGD,https://colourdiam.com/productdetail/7938,https://www.colourdiam.com/Product/Jewellery/7938/white45/center.jpg,ColourDiam,Apparel & Accessories > Jewelry,,1,,,,unisex,,,adult,,,,,,,,,AGL,Fine Jewelry
7939_7940,0.38 CT Fancy intense yellow VS / 0.24 CT Fancy intense yellow VS   18 k ring : 3.08 gram  WD : 24 / 0.157,"https://colourdiam.com/Product/Jewellery/Model%20images/7939_7940/center.jpeg
https://colourdiam.com/Product/Jewellery/Model%20images/7939_7940/colour-diam-model-images-396.jpeg",in stock,new,2190.78 SGD,https://colourdiam.com/productdetail/Menu/7939/7940,https://www.colourdiam.com/Product/Jewellery/7939_7940/white45/center.jpg,ColourDiam,Apparel & Accessories > Jewelry,,1,,,,unisex,,,adult,,,,,,,,,AGL,Fine Jewelry
7941,0.098 CT Fancy Yellow VS  Main stone – 01 pcs 0.098 cts 18 K Ring: 2.78 gram  WD : 48 / 0.358,"0.098 CT Fancy Yellow VS 
Main stone – 01 pcs 0.098 cts
18 K Ring: 2.78 gram 
WD : 48 / 0.358",in stock,new,1752.62 SGD,,https://www.colourdiam.com/Product/Jewellery/7941/white45/center.jpg,ColourDiam,Apparel & Accessories > Jewelry,,1,,,,unisex,,,adult,,,,,,,,,AGL,Fine Jewelry
7944,0.344 CT Fancy Intense Yellow VS  Main stone - 01 pcs 0.344 cts 18K RING: 2.89 gram WD : 36/ 0.205 YD : 14 / 0.061,"0.344 CT Fancy Intense Yellow VS 
Main stone - 01 pcs 0.344 cts
18K RING: 2.89 gram
WD : 36/ 0.205
YD : 14 / 0.061",in stock,new,1752.62 SGD,,https://www.colourdiam.com/Product/Jewellery/7944/white45/center.jpg,ColourDiam,Apparel & Accessories > Jewelry,,1,,,,unisex,,,adult,,,,,,,,,AGL,Fine Jewelry
7945,0.068 CT Fancy Yellow VS  Main stone - 01 pcs 0.068 cts 18K RING: 3.01 gram WD : 52/ 0.378,"0.068 CT Fancy Yellow VS 
Main stone - 01 pcs 0.068 cts
18K RING: 3.01 gram
WD : 52/ 0.378",in stock,new,1460.52 SGD,,https://www.colourdiam.com/Product/Jewellery/7945/white45/center.jpg,ColourDiam,Apparel & Accessories > Jewelry,,1,,,,unisex,,,adult,,,,,,,,,AGL,Fine Jewelry
7947,0.147 CT Fancy Intense Yellow VS  18 k ring : 2.85 gram  WD : 47 / 0.312,"0.147 CT Fancy Intense Yellow VS 
18 k ring : 2.85 gram 
WD : 47 / 0.312",in stock,new,1752.62 SGD,,https://www.colourdiam.com/Product/Jewellery/7947/white45/center.jpg,ColourDiam,Apparel & Accessories > Jewelry,,1,,,,unisex,,,adult,,,,,,,,,AGL,Fine Jewelry
7948,"0.147 CT Fancy Intense Yellow VS  Main stone - 01 pcs 0.147 cts 18K RING: 3.09 gram WD : 54/ 0.347","0.147 CT Fancy Intense Yellow VS 
Main stone - 01 pcs 0.147 cts
18K RING: 3.09 gram
WD : 54/ 0.347",in stock,new,1314.47 SGD,,https://www.colourdiam.com/Product/Jewellery/7948/white45/center.jpg,ColourDiam,Apparel & Accessories > Jewelry,,1,,,,unisex,,,adult,,,,,,,,,AGL,Fine Jewelry
7950,0.149 CT Fancy yellow VS Main stone - 01 pcs 0.149 cts 18K RING: 2.59 gram WD : 42/ 0.422,"0.149 CT Fancy yellow VS
Main stone - 01 pcs 0.149 cts
18K RING: 2.59 gram
WD : 42/ 0.422",in stock,new,1752.62 SGD,,https://www.colourdiam.com/Product/Jewellery/7950/white45/center.jpg,ColourDiam,Apparel & Accessories > Jewelry,,1,,,,unisex,,,adult,,,,,,,,,AGL,Fine Jewelry
7951,0.251 CT Fancy intense yellow VS  18 k ring :  2.82 gram WD : 36 / 0.221  YD : 16 / 0.067,"0.251 CT Fancy intense yellow VS 
18 k ring :  2.82 gram
WD : 36 / 0.221 
YD : 16 / 0.067",in stock,new,1752.62 SGD,,https://www.colourdiam.com/Product/Jewellery/7951/white45/center.jpg,ColourDiam,Apparel & Accessories > Jewelry,,1,,,,unisex,,,adult,,,,,,,,,AGL,Fine Jewelry
7952,0.235 CT Fancy intense yellow VS Main stone - 01 pcs 0.235 cts 18K RING: 3.17 gram WD : 34/ 0.232 YD : 14 / 0.051,"0.235 CT Fancy intense yellow VS
Main stone - 01 pcs 0.235 cts
18K RING: 3.17 gram
WD : 34/ 0.232
YD : 14 / 0.051",in stock,new,1752.62 SGD,,https://www.colourdiam.com/Product/Jewellery/7952/white45/center.jpg,ColourDiam,Apparel & Accessories > Jewelry,,1,,,,unisex,,,adult,,,,,,,,,AGL,Fine Jewelry
7953,https://colourdiam.com/Product/Jewellery/Model%20images/7953/video.mp4,"0.203 CT Fancy Pink VS 
18 k ring : 2.9 gram
WD : 51 / 0.355",in stock,new,2190.78 SGD,https://colourdiam.com/productdetail/7953,https://www.colourdiam.com/Product/Jewellery/7953/white45/center.jpg,ColourDiam,Apparel & Accessories > Jewelry,,1,,,,unisex,,,adult,,,,,,,,,AGL,Fine Jewelry
7954,0.141 CT Fancy yellow VS  18 k pendant : 3.76 gram  WD : 17 / 0.154 YD : 12 / 0.07 cts,"0.141 CT Fancy yellow VS 
18 k pendant : 3.76 gram 
WD : 17 / 0.154
YD : 12 / 0.07 cts",in stock,new,1752.62 SGD,,https://www.colourdiam.com/Product/Jewellery/7954/white45/center.jpg,ColourDiam,Apparel & Accessories > Jewelry,,1,,,,unisex,,,adult,,,,,,,,,AGL,Fine Jewelry
7955,0.198 CT Fancy intense yellow VS  18 k ring : 3.76 gram  WD : 48 / 0.297   YD : 12 / 0.067,"0.198 CT Fancy intense yellow VS 
18 k ring : 3.76 gram 
WD : 48 / 0.297  
YD : 12 / 0.067",in stock,new,1898.67 SGD,,https://www.colourdiam.com/Product/Jewellery/7955/white45/center.jpg,ColourDiam,Apparel & Accessories > Jewelry,,1,,,,unisex,,,adult,,,,,,,,,AGL,Fine Jewelry
7956,https://colourdiam.com/Product/Jewellery/Model%20images/7956/video.mp4,"0.186 CT Fancy intense yellow VS 
18 k ring : 2.65 gram 
WD : 46 / 0.309",in stock,new,1752.62 SGD,https://colourdiam.com/productdetail/7956,https://www.colourdiam.com/Product/Jewellery/7956/white45/center.jpg,ColourDiam,Apparel & Accessories > Jewelry,,1,,,,unisex,,,adult,,,,,,,,,AGL,Fine Jewelry
7957,0.182 CT Fancy intense green VS  18 k ring : 2.83 gram WD : 50 / 0.361,"0.182 CT Fancy intense green VS 
18 k ring : 2.83 gram
WD : 50 / 0.361",in stock,new,2190.78 SGD,,https://www.colourdiam.com/Product/Jewellery/7957/white45/center.jpg,ColourDiam,Apparel & Accessories > Jewelry,,1,,,,unisex,,,adult,,,,,,,,,AGL,Fine Jewelry
7958,"0.184 CT Fancy yellow VS  Main stone - 01 pcs 0.184 cts 18K RING: 2.63 gram WD : 44/ 0.427","0.184 CT Fancy yellow VS 
Main stone - 01 pcs 0.184 cts
18K RING: 2.63 gram
WD : 44/ 0.427",in stock,new,1752.62 SGD,,https://www.colourdiam.com/Product/Jewellery/7958/white45/center.jpg,ColourDiam,Apparel & Accessories > Jewelry,,1,,,,unisex,,,adult,,,,,,,,,AGL,Fine Jewelry
7959,"0.142 CT Fancy yellow VS 18 k Pendant : 4.14 gram  WD : 39 / 0.283  YD : 12 / 0.049","0.142 CT Fancy yellow VS
18 k Pendant : 4.14 gram 
WD : 39 / 0.283 
YD : 12 / 0.049",in stock,new,1752.62 SGD,,https://www.colourdiam.com/Product/Jewellery/7959/white45/center.jpg,ColourDiam,Apparel & Accessories > Jewelry,,1,,,,unisex,,,adult,,,,,,,,,AGL,Fine Jewelry
7994,https://colourdiam.com/Product/Jewellery/Model%20images/7994/video.mp4,"0.12 CT Fancy Green VS2
18 K RING : 1.97 gram
WD : 28 pcs / 0.196 cts",in stock,new,1168.41 SGD,https://colourdiam.com/productdetail/7994,https://www.colourdiam.com/Product/Jewellery/7994/white45/center.jpg,ColourDiam,Apparel & Accessories > Jewelry,,1,,,,unisex,,,adult,,,,,,,,,AGL,Fine Jewelry
7999,0.203 CT Fancy Intense Pink SI 18 k Ring : 2.21 gram  WD : 16 / 0.109,"0.203 CT Fancy Intense Pink SI
18 k Ring : 2.21 gram 
WD : 16 / 0.109",in stock,new,2921.03 SGD,,https://www.colourdiam.com/Product/Jewellery/7999/white45/center.jpg,ColourDiam,Apparel & Accessories > Jewelry,,1,,,,unisex,,,adult,,,,,,,,,AGL,Fine Jewelry
8000,https://colourdiam.com/Product/Jewellery/Model%20images/8000/video.mp4,"0.505 CT Fancy Intense Green VVS 
18 K RING : 2.2 gram
WD : 18 / 0.13",in stock,new,1752.62 SGD,https://colourdiam.com/productdetail/8000,https://www.colourdiam.com/Product/Jewellery/8000/white45/center.jpg,ColourDiam,Apparel & Accessories > Jewelry,,1,,,,unisex,,,adult,,,,,,,,,AGL,Fine Jewelry
8001,https://colourdiam.com/Product/Jewellery/Model%20images/8001/video.mp4,"0.116 CT Fancy Yellow VS 
18 K RING : 2.53 gram
WD : 42 / 0.426",in stock,new,1460.52 SGD,https://colourdiam.com/productdetail/8001,https://www.colourdiam.com/Product/Jewellery/8001/white45/center.jpg,ColourDiam,Apparel & Accessories > Jewelry,,1,,,,unisex,,,adult,,,,,,,,,AGL,Fine Jewelry
8002,https://colourdiam.com/Product/Jewellery/Model%20images/8002/video.mp4,"0.113 CT Fancy Intense Green VS 
18 K RING : 1.98 gram
WD : 14 / 0.1",in stock,new,1168.41 SGD,https://colourdiam.com/productdetail/8002,https://www.colourdiam.com/Product/Jewellery/8002/white45/center.jpg,ColourDiam,Apparel & Accessories > Jewelry,,1,,,,unisex,,,adult,,,,,,,,,AGL,Fine Jewelry
8003,0.102 CT Fancy Intense Green SI  18 K RING : 1.96  gram WD : 14 / 0.107,"0.102 CT Fancy Intense Green SI 
18 K RING : 1.96  gram
WD : 14 / 0.107",in stock,new,1168.41 SGD,,https://www.colourdiam.com/Product/Jewellery/8003/white45/center.jpg,ColourDiam,Apparel & Accessories > Jewelry,,1,,,,unisex,,,adult,,,,,,,,,AGL,Fine Jewelry
8006,https://colourdiam.com/Product/Jewellery/Model%20images/8006/video.mp4,"0.156 CT Fancy Intense Pink  VS 
18 K RING : 2.07 gram
WD : 14/ 0.097",in stock,new,1168.41 SGD,https://colourdiam.com/productdetail/8006,https://www.colourdiam.com/Product/Jewellery/8006/white45/center.jpg,ColourDiam,Apparel & Accessories > Jewelry,,1,,,,unisex,,,adult,,,,,,,,,AGL,Fine Jewelry
8008,https://colourdiam.com/Product/Jewellery/Model%20images/8008/video.mp4,"0.324 CT Fancy Vivid Yellow VS
18 K RING : 1.84 gram
WD : 17 / 0.117",in stock,new,1752.62 SGD,https://colourdiam.com/productdetail/8008,https://www.colourdiam.com/Product/Jewellery/8008/white45/center.jpg,ColourDiam,Apparel & Accessories > Jewelry,,1,,,,unisex,,,adult,,,,,,,,,AGL,Fine Jewelry
8015,0.26 cts Fancy Green VS Main stone – 1 pcs  0.26 cts 18k Ring : 2.330 gram  WD : 113 / 0.213,"0.26 cts Fancy Green VS
Main stone – 1 pcs  0.26 cts
18k Ring : 2.330 gram 
WD : 113 / 0.213",in stock,new,4381.55 SGD,,https://www.colourdiam.com/Product/Jewellery/8015/white45/center.jpg,ColourDiam,Apparel & Accessories > Jewelry,,1,,,,unisex,,,adult,,,,,,,,,AGL,Fine Jewelry
8021,0.111 cts Fancy Intense green VVS1 Main stone – 1 pcs  0.111 cts 18k Pendant : 2.94 gram  WD : 30 / 0.194,"0.111 cts Fancy Intense green VVS1
Main stone – 1 pcs  0.111 cts
18k Pendant : 2.94 gram 
WD : 30 / 0.194",in stock,new,1168.41 SGD,,https://www.colourdiam.com/Product/Jewellery/8021/white45/center.jpg,ColourDiam,Apparel & Accessories > Jewelry,,1,,,,unisex,,,adult,,,,,,,,,AGL,Fine Jewelry
8022,https://colourdiam.com/Product/Jewellery/Model%20images/8022/video.mp4,https://colourdiam.com/Product/Jewellery/Model%20images/8022/center.jpeg,in stock,new,1460.52 SGD,https://colourdiam.com/productdetail/8022,https://www.colourdiam.com/Product/Jewellery/8022/white45/center.jpg,ColourDiam,Apparel & Accessories > Jewelry,,1,,,,unisex,,,adult,,,,,,,,,AGL,Fine Jewelry
8023,https://colourdiam.com/Product/Jewellery/Model%20images/8023/video.mp4,"https://colourdiam.com/Product/Jewellery/Model%20images/8023/center.jpeg
https://colourdiam.com/Product/Jewellery/Model%20images/8023/colour-diam-model-images-414.jpeg",in stock,new,1168.41 SGD,https://colourdiam.com/productdetail/8023,https://www.colourdiam.com/Product/Jewellery/8023/white45/center.jpg,ColourDiam,Apparel & Accessories > Jewelry,,1,,,,unisex,,,adult,,,,,,,,,AGL,Fine Jewelry
8024,0.106 cts Fancy Intense yellow I1 Main stone – 1 pcs  0.106 cts 18k Pendant : 3.6 gram  WD : 29 / 0.271,"0.106 cts Fancy Intense yellow I1
Main stone – 1 pcs  0.106 cts
18k Pendant : 3.6 gram 
WD : 29 / 0.271",in stock,new,1168.41 SGD,,https://www.colourdiam.com/Product/Jewellery/8024/white45/center.jpg,ColourDiam,Apparel & Accessories > Jewelry,,1,,,,unisex,,,adult,,,,,,,,,AGL,Fine Jewelry
8026,https://colourdiam.com/Product/Jewellery/Model%20images/8026/video.mp4,https://colourdiam.com/Product/Jewellery/Model%20images/8026/3.jpeg,in stock,new,1168.41 SGD,https://colourdiam.com/productdetail/8026,https://www.colourdiam.com/Product/Jewellery/8026/white45/center.jpg,ColourDiam,Apparel & Accessories > Jewelry,,1,,,,unisex,,,adult,,,,,,,,,AGL,Fine Jewelry
8027,0.285 cts Fancy pink VVS  Main stone – 1 pcs  0.285 cts 18k Bracelet : 2.25 gram  WD : 18 / 0.146,"0.285 cts Fancy pink VVS 
Main stone – 1 pcs  0.285 cts
18k Bracelet : 2.25 gram 
WD : 18 / 0.146",in stock,new,1752.62 SGD,,https://www.colourdiam.com/Product/Jewellery/8027/white45/center.jpg,ColourDiam,Apparel & Accessories > Jewelry,,1,,,,unisex,,,adult,,,,,,,,,AGL,Fine Jewelry
8028,0.243 cts Fancy purplish pink si1 Main stone – 1 pcs  0.243 cts 18k Bracelet : 2.3 gram  WD : 18 / 0.153,"0.243 cts Fancy purplish pink si1
Main stone – 1 pcs  0.243 cts
18k Bracelet : 2.3 gram 
WD : 18 / 0.153",in stock,new,1168.41 SGD,,https://www.colourdiam.com/Product/Jewellery/8028/white45/center.jpg,ColourDiam,Apparel & Accessories > Jewelry,,1,,,,unisex,,,adult,,,,,,,,,AGL,Fine Jewelry
8029,https://colourdiam.com/Product/Jewellery/Model%20images/8029/video.mp4,https://colourdiam.com/Product/Jewellery/Model%20images/8029/center.jpeg,in stock,new,1168.41 SGD,https://colourdiam.com/productdetail/8029,https://www.colourdiam.com/Product/Jewellery/8029/white45/center.jpg,ColourDiam,Apparel & Accessories > Jewelry,,1,,,,unisex,,,adult,,,,,,,,,AGL,Fine Jewelry
8054,0.145 cts Fancy Blue VS  Main stone – 1 pcs 0.145 cts 18k Pendant : 3.06 gram  WD : 26 / 0.161,"0.145 cts Fancy Blue VS 
Main stone – 1 pcs 0.145 cts
18k Pendant : 3.06 gram 
WD : 26 / 0.161",in stock,new,1460.52 SGD,,https://www.colourdiam.com/Product/Jewellery/8054/white45/center.jpg,ColourDiam,Apparel & Accessories > Jewelry,,1,,,,unisex,,,adult,,,,,,,,,AGL,Fine Jewelry
8057,0.115 cts Fancy Yellow SI1 Main stone – 1 pcs 0.115 cts 18k Bracelet : 2.07 gram  WD : 16 / 0.133,"0.115 cts Fancy Yellow SI1
Main stone – 1 pcs 0.115 cts
18k Bracelet : 2.07 gram 
WD : 16 / 0.133",in stock,new,1168.41 SGD,,https://www.colourdiam.com/Product/Jewellery/8057/white45/center.jpg,ColourDiam,Apparel & Accessories > Jewelry,,1,,,,unisex,,,adult,,,,,,,,,AGL,Fine Jewelry
8062,https://colourdiam.com/Product/Jewellery/Model%20images/8062/video.mp4,"0.179 cts Deep Yellow SI1
Main stone – 1 pcs 0.179 cts
18k Ring : 2.13 gram 
WD : 30 / 0.215",in stock,new,1168.41 SGD,https://colourdiam.com/productdetail/8062,https://www.colourdiam.com/Product/Jewellery/8062/white45/center.jpg,ColourDiam,Apparel & Accessories > Jewelry,,1,,,,unisex,,,adult,,,,,,,,,AGL,Fine Jewelry
8065,0.137 cts Fancy Blue SI  Main stone – 1 pcs  0.137 cts 18k Ring : 2.18 gram  WD : 16 / 0.132,"0.137 cts Fancy Blue SI 
Main stone – 1 pcs  0.137 cts
18k Ring : 2.18 gram 
WD : 16 / 0.132",in stock,new,1460.52 SGD,,https://www.colourdiam.com/Product/Jewellery/8065/white45/center.jpg,ColourDiam,Apparel & Accessories > Jewelry,,1,,,,unisex,,,adult,,,,,,,,,AGL,Fine Jewelry
8068,0.119 cts Fancy Intense Green SI  Main stone – 1 pcs 0.119 cts 18k Pendant : 3.43 gram  WD : 29 / 0.277,"0.119 cts Fancy Intense Green SI 
Main stone – 1 pcs 0.119 cts
18k Pendant : 3.43 gram 
WD : 29 / 0.277",in stock,new,1460.52 SGD,,https://www.colourdiam.com/Product/Jewellery/8068/white45/center.jpg,ColourDiam,Apparel & Accessories > Jewelry,,1,,,,unisex,,,adult,,,,,,,,,AGL,Fine Jewelry
8112,https://colourdiam.com/Product/Jewellery/Model%20images/8112/video.mp4,"https://colourdiam.com/Product/Jewellery/Model%20images/8112/1.jpeg
https://colourdiam.com/Product/Jewellery/Model%20images/8112/center.jpeg",in stock,new,3213.14 SGD,https://colourdiam.com/productdetail/8112,https://www.colourdiam.com/Product/Jewellery/8112/white45/center.jpg,ColourDiam,Apparel & Accessories > Jewelry,,1,,,,unisex,,,adult,,,,,,,,,,Fine Jewelry
8113,https://colourdiam.com/Product/Jewellery/Model%20images/8113/video.mp4,https://colourdiam.com/Product/Jewellery/Model%20images/8113/center.jpeg,in stock,new,3651.29 SGD,https://colourdiam.com/productdetail/8113,https://www.colourdiam.com/Product/Jewellery/8113/white45/center.jpg,ColourDiam,Apparel & Accessories > Jewelry,,1,,,,unisex,,,adult,,,,,,,,,AGL,Fine Jewelry
8141,"0.18 cts Fancy Pink Main stone – 1 pcs  0.18 cts 18k Ring : 2.50 gram  WD : 0.32 cts","0.18 cts Fancy Pink
Main stone – 1 pcs  0.18 cts
18k Ring : 2.50 gram 
WD : 0.32 cts",in stock,new,3651.29 SGD,,https://www.colourdiam.com/Product/Jewellery/8141/white45/center.jpg,ColourDiam,Apparel & Accessories > Jewelry,,1,,,,unisex,,,adult,,,,,,,,,,Fine Jewelry
8142,"0.22 cts Fancy Pink Main stone – 2 pcs  0.22 cts 18k EARRING : 2.40 gram  WD : 0.58 cts","0.22 cts Fancy Pink
Main stone – 2 pcs  0.22 cts
18k EARRING : 2.40 gram 
WD : 0.58 cts",in stock,new,"#N/A (Function REGEXEXTRACT parameter 2 value ""[0-9.]+"" does not match text of Function REGEXEXTRACT parameter 1 value """".)",,https://www.colourdiam.com/Product/Jewellery/8142/white45/center.jpg,ColourDiam,Apparel & Accessories > Jewelry,,1,,,,unisex,,,adult,,,,,,,,,,Fine Jewelry
8143,0.42 ct Emerald Main stone – 2 pcs 0.42 cts 18k Pendant: 6.08 gram  White: 0.14 cts,"0.42 ct Emerald
Main stone – 2 pcs 0.42 cts
18k Pendant: 6.08 gram 
White: 0.14 cts",in stock,new,949.34 SGD,,https://www.colourdiam.com/Product/Jewellery/8143/white45/center.jpg,ColourDiam,Apparel & Accessories > Jewelry,,1,,,,unisex,,,adult,,,,,,,,,,Fine Jewelry
8263,https://colourdiam.com/Product/Jewellery/Model%20images/8263/video.mp4,"0.235 cts Fancy green 
Main stone – 01 pcs 0.235 cts
18k Pendant : 3.70 gram 
WD : 29 / 0.262",in stock,new,1752.62 SGD,https://colourdiam.com/productdetail/8263,https://www.colourdiam.com/Product/Jewellery/8263/white45/center.jpg,ColourDiam,Apparel & Accessories > Jewelry,,1,,,,unisex,,,adult,,,,,,,,,,Fine Jewelry
8265,https://colourdiam.com/Product/Jewellery/Model%20images/8265/video.mp4,"0.950 ct Fancy Pink VS
Main stone – 05 pcs 0.950 cts
18k Ring : 6.430 gram 
WD : 275 / 0.678",in stock,new,8032.84 SGD,https://colourdiam.com/productdetail/8265,https://www.colourdiam.com/Product/Jewellery/8265/white45/center.jpg,ColourDiam,Apparel & Accessories > Jewelry,,1,,,,unisex,,,adult,,,,,,,,,AGL,Fine Jewelry
8266,0.137 cts Fancy Yellow VS Main stone – 01 pcs 0.137 cts 18k Bracelet : 2.30 gram  WD : 16/ 0.142,"0.137 cts Fancy Yellow VS
Main stone – 01 pcs 0.137 cts
18k Bracelet : 2.30 gram 
WD : 16/ 0.142",in stock,new,1752.62 SGD,,https://www.colourdiam.com/Product/Jewellery/8266/white45/center.jpg,ColourDiam,Apparel & Accessories > Jewelry,,1,,,,unisex,,,adult,,,,,,,,,AGL,Fine Jewelry
8273,0.144 cts Fancy Blue VS Main stone – 01 pcs 0.144 cts 18k Bracelet : 2.11 gram  WD : 16/ 0.135,"0.144 cts Fancy Blue VS
Main stone – 01 pcs 0.144 cts
18k Bracelet : 2.11 gram 
WD : 16/ 0.135",in stock,new,1752.62 SGD,,https://www.colourdiam.com/Product/Jewellery/8273/white45/center.jpg,ColourDiam,Apparel & Accessories > Jewelry,,1,,,,unisex,,,adult,,,,,,,,,AGL,Fine Jewelry
8269,0.092 cts Fancy Pink SI Main stone – 01 pcs 0.092 cts 18k Bracelet : 2.11 gram  WD : 16/ 0.132,"0.092 cts Fancy Pink SI
Main stone – 01 pcs 0.092 cts
18k Bracelet : 2.11 gram 
WD : 16/ 0.132",in stock,new,1752.62 SGD,,https://www.colourdiam.com/Product/Jewellery/8269/white45/center.jpg,ColourDiam,Apparel & Accessories > Jewelry,,1,,,,unisex,,,adult,,,,,,,,,AGL,Fine Jewelry
8270,0.12 cts Fancy Blue SI Main stone – 01 pcs 0.12 cts 18k Pendant : 0.87 gram  WD : 30 / 0.21,"0.12 cts Fancy Blue SI
Main stone – 01 pcs 0.12 cts
18k Pendant : 0.87 gram 
WD : 30 / 0.21",in stock,new,1168.41 SGD,,https://www.colourdiam.com/Product/Jewellery/8270/white45/center.jpg,ColourDiam,Apparel & Accessories > Jewelry,,1,,,,unisex,,,adult,,,,,,,,,AGL,Fine Jewelry
8272,https://colourdiam.com/Product/Jewellery/Model%20images/8272/video.mp4,https://colourdiam.com/Product/Jewellery/Model%20images/8272/3.jpeg,in stock,new,1752.62 SGD,https://colourdiam.com/productdetail/8272,https://www.colourdiam.com/Product/Jewellery/8272/white45/center.jpg,ColourDiam,Apparel & Accessories > Jewelry,,1,,,,unisex,,,adult,,,,,,,,,AGL,Fine Jewelry
8276,"0.18 cts Fancy Pink Main stone – 1 pcs  0.18 cts 18k Ring : 2.50 gram  WD : 0.32 cts","0.18 cts Fancy Pink
Main stone – 1 pcs  0.18 cts
18k Ring : 2.50 gram 
WD : 0.32 cts",in stock,new,3651.29 SGD,,https://www.colourdiam.com/Product/Jewellery/8276/white45/center.jpg,ColourDiam,Apparel & Accessories > Jewelry,,1,,,,unisex,,,adult,,,,,,,,,,Fine Jewelry
8277,0.20 cts Fancy Pink Main stone – 1 pcs  0.20 cts 18k Pendant : 2.80 gram  WD : 0.40 cts,"0.20 cts Fancy Pink
Main stone – 1 pcs  0.20 cts
18k Pendant : 2.80 gram 
WD : 0.40 cts",in stock,new,"#N/A (Function REGEXEXTRACT parameter 2 value ""[0-9.]+"" does not match text of Function REGEXEXTRACT parameter 1 value """".)",,https://www.colourdiam.com/Product/Jewellery/8277/white45/center.jpg,ColourDiam,Apparel & Accessories > Jewelry,,1,,,,unisex,,,adult,,,,,,,,,,Fine Jewelry
8278,0.22 cts Fancy Pink Main stone – 2 pcs  0.22 cts 18k EARRING : 2.40 gram  WD : 0.58 cts,"0.22 cts Fancy Pink
Main stone – 2 pcs  0.22 cts
18k EARRING : 2.40 gram 
WD : 0.58 cts",in stock,new,"#N/A (Function REGEXEXTRACT parameter 2 value ""[0-9.]+"" does not match text of Function REGEXEXTRACT parameter 1 value """".)",,https://www.colourdiam.com/Product/Jewellery/8278/white45/center.jpg,ColourDiam,Apparel & Accessories > Jewelry,,1,,,,unisex,,,adult,,,,,,,,,,Fine Jewelry
8580,2.30 cts Fancy Light Greenish Yellow VS2 Main Stone - 1 pcs - 2.30 cts 18k Ring & Pendant Convertible : 11.577 gram WD : 47 / 0.62 PINK : 37 / 0.14 PEAR : 14 / 1.40,https://colourdiam.com/Product/Jewellery/Model%20images/8580/center.jpeg,in stock,new,26289.31 SGD,https://colourdiam.com/productdetail/8580,https://www.colourdiam.com/Product/Jewellery/8580/white45/center.jpg,ColourDiam,Apparel & Accessories > Jewelry,,1,,,,unisex,,,adult,,,,,,,,,GIA,Fine Jewelry
7441,"0.12 cts bugget diamonds Si1 Main stone – 06 pcs 0.12 cts 18k Earring :  2.76 gram  WD : 12 / 0.08","https://colourdiam.com/Product/Jewellery/Model%20images/7441/center.jpeg
https://colourdiam.com/Product/Jewellery/Model%20images/7441/colour-diam-model-images-374.jpeg",in stock,new,547.69 SGD,https://colourdiam.com/productdetail/7441,https://www.colourdiam.com/Product/Jewellery/7441/white45/center.jpg,ColourDiam,Apparel & Accessories > Jewelry,,1,,,,unisex,,,adult,,,,,,,,,,Fine Jewelry
7504,https://colourdiam.com/Product/Jewellery/Model%20images/7504/video.mp4,https://colourdiam.com/Product/Jewellery/Model%20images/7504/center.jpg,in stock,new,876.31 SGD,https://colourdiam.com/productdetail/7504,https://www.colourdiam.com/Product/Jewellery/7504/white45/center.jpg,ColourDiam,Apparel & Accessories > Jewelry,,1,,,,unisex,,,adult,,,,,,,,,,Fine Jewelry
7502,https://colourdiam.com/Product/Jewellery/Model%20images/7502/video.mp4,https://colourdiam.com/Product/Jewellery/Model%20images/7502/3.jpeg,in stock,new,949.34 SGD,https://colourdiam.com/productdetail/7502,https://www.colourdiam.com/Product/Jewellery/7502/white45/center.jpg,ColourDiam,Apparel & Accessories > Jewelry,,1,,,,unisex,,,adult,,,,,,,,,,Fine Jewelry
7503,https://colourdiam.com/Product/Jewellery/Model%20images/7503/video.mp4,"https://colourdiam.com/Product/Jewellery/Model%20images/7503/2.jpeg
https://colourdiam.com/Product/Jewellery/Model%20images/7503/3.jpeg
https://colourdiam.com/Product/Jewellery/Model%20images/7503/4.jpeg
https://colourdiam.com/Product/Jewellery/Model%20images/7503/center.jpeg",in stock,new,3286.16 SGD,https://colourdiam.com/productdetail/7503,https://www.colourdiam.com/Product/Jewellery/7503/white45/center.jpg,ColourDiam,Apparel & Accessories > Jewelry,,1,,,,unisex,,,adult,,,,,,,,,,Fine Jewelry
2593,https://colourdiam.com/Product/Jewellery/Model%20images/2593/video.mp4,https://colourdiam.com/Product/Jewellery/Model%20images/2593/B58138C4-039A-4E40-A632-D80BF33BCB16.jpeg,in stock,new,9493.36 SGD,https://colourdiam.com/productdetail/2593,https://www.colourdiam.com/Product/Jewellery/2593/white45/center.jpg,ColourDiam,Apparel & Accessories > Jewelry,,1,,,,unisex,,,adult,,,,,,,,,GIA,Fine Jewelry
7514,https://colourdiam.com/Product/Jewellery/Model%20images/7514/video.mp4,"0.88 cts  Sapphire gem stone
Main stone detail – 01 pcs  0.88 cts  
18k Ring : 2.79 gram 
WD : 18 / 0.15",in stock,new,803.28 SGD,https://colourdiam.com/productdetail/7514,https://www.colourdiam.com/Product/Jewellery/7514/white45/center.jpg,ColourDiam,Apparel & Accessories > Jewelry,,1,,,,unisex,,,adult,,,,,,,,,,Fine Jewelry
7451,https://colourdiam.com/Product/Jewellery/Model%20images/7451/video.mp4,"18k Ring : 2.14 gram 
WD : 21/ 0.38",in stock,new,671.84 SGD,https://colourdiam.com/productdetail/7451,https://www.colourdiam.com/Product/Jewellery/7451/white45/center.jpg,ColourDiam,Apparel & Accessories > Jewelry,,1,,,,unisex,,,adult,,,,,,,,,,Fine Jewelry
7431,0.33 cts bugget diamonds vs 18 k Ring Gross weight 3.45 gram  Main stone - 8 pcs - 0.33 cts  Side white diamonds – 46  pcs – 0.54 cts,"0.33 cts bugget diamonds vs
18 k Ring
Gross weight 3.45 gram 
Main stone - 8 pcs - 0.33 cts 
Side white diamonds – 46  pcs – 0.54 cts",in stock,new,2117.75 SGD,,https://www.colourdiam.com/Product/Jewellery/7431/white45/center.jpg,ColourDiam,Apparel & Accessories > Jewelry,,1,,,,unisex,,,adult,,,,,,,,,,Fine Jewelry
7510,1.22 cts  sapphire gem stone 18 k ring   Gross weight 3.45 gram  Main stone - 1 pcs - 1.22 cts  Side Round White Diamonds - 12 pcs - 0.40 cts,"1.22 cts  sapphire gem stone
18 k ring  
Gross weight 3.45 gram 
Main stone - 1 pcs - 1.22 cts 
Side Round White Diamonds - 12 pcs - 0.40 cts",in stock,new,1314.47 SGD,,https://www.colourdiam.com/Product/Jewellery/7510/white45/center.jpg,ColourDiam,Apparel & Accessories > Jewelry,,1,,,,unisex,,,adult,,,,,,,,,,Fine Jewelry
7498,https://colourdiam.com/Product/Jewellery/Model%20images/7498/7451_7498.mp4,"Full Eternity  Diamond Ring
Main stone   - F To G
Main Stone Clarity - VS - VVS
18 k ring  
Gross weight 2.17gram 
Main stone - 26 pcs - 1.25 cts",in stock,new,1825.65 SGD,https://colourdiam.com/productdetail/7498,https://www.colourdiam.com/Product/Jewellery/7498/white45/center.jpg,ColourDiam,Apparel & Accessories > Jewelry,,1,,,,unisex,,,adult,,,,,,,,,,Fine Jewelry
7499,"Nine Diamond Ring Main stone detail – 09 pcs – 0.44 cts Diamond colour - F to G Diamond Clarity - VS to SI 18k Ring : 2.63gram","Nine Diamond Ring
Main stone detail – 09 pcs – 0.44 cts
Diamond colour - F to G
Diamond Clarity - VS to SI
18k Ring : 2.63gram",in stock,new,1168.41 SGD,,https://www.colourdiam.com/Product/Jewellery/7499/white45/center.jpg,ColourDiam,Apparel & Accessories > Jewelry,,1,,,,unisex,F to G,,adult,,,,,,,,,,Fine Jewelry
7501,https://colourdiam.com/Product/Jewellery/Model%20images/7501/video.mp4,"0.31 cts bugget diamonds Si1 
18 k Ring
Gross weight 2.91 gram 
Main stone - 39 pcs -0.31 cts 
Side white diamonds – 36  pcs – 0.28 cts",in stock,new,1095.39 SGD,https://colourdiam.com/productdetail/7501,https://www.colourdiam.com/Product/Jewellery/7501/white45/center.jpg,ColourDiam,Apparel & Accessories > Jewelry,,1,,,,unisex,,,adult,,,,,,,,,,Fine Jewelry
7496,18 k ring Gross weight 3.13 gram  Main stone   -  120 pcs   - 0.38 ct Diamond colour - F to G Diamond Clarity - VS to Si,"18 k ring
Gross weight 3.13 gram 
Main stone   -  120 pcs   - 0.38 ct
Diamond colour - F to G
Diamond Clarity - VS to Si",in stock,new,649.93 SGD,,https://www.colourdiam.com/Product/Jewellery/7496/white45/center.jpg,ColourDiam,Apparel & Accessories > Jewelry,,1,,,,unisex,F to G,,adult,,,,,,,,,,Fine Jewelry
7500,Half Eternity Diamond Ring Main stone Colour  - 11 pcs - 0.47 cts  18 k ring   Gross weight 3.12 gram  Main stone - 11 pcs - 0.47ct,"Half Eternity Diamond Ring
Main stone Colour  - 11 pcs - 0.47 cts 
18 k ring  
Gross weight 3.12 gram 
Main stone - 11 pcs - 0.47ct",in stock,new,803.28 SGD,,https://www.colourdiam.com/Product/Jewellery/7500/white45/center.jpg,ColourDiam,Apparel & Accessories > Jewelry,,1,,,,unisex,,,adult,,,,,,,,,,Fine Jewelry
3576_3578_3879_3577_3580,5 DIAMONDS RING  Main stone detail - 0.19 CTS  E VS2. IGI                                  0.19 CTS  E VS2. IGI                                  0.19 CTS  D VS2. IGI                                  0,"https://colourdiam.com/Product/Jewellery/Model%20images/3576_3578_3879_3577_3580/3577%202.jpeg
https://colourdiam.com/Product/Jewellery/Model%20images/3576_3578_3879_3577_3580/center.jpeg
https://colourdiam.com/Product/Jewellery/Model%20images/3576_3578_3879_3577_3580/colour-diam-model-images-100.jpeg
https://colourdiam.com/Product/Jewellery/Model%20images/3576_3578_3879_3577_3580/colour-diam-model-images-101.jpeg",in stock,new,2921.03 SGD,https://colourdiam.com/productdetail/Menu/3576/3578/3879/3577/3580,https://www.colourdiam.com/Product/Jewellery/3576_3578_3879_3577_3580/white45/center.jpg,ColourDiam,Apparel & Accessories > Jewelry,,1,,,,unisex,,,adult,,,,,,,,,IGI,Fine Jewelry
7523,https://colourdiam.com/Product/Jewellery/Model%20images/7523/video.mp4,"https://colourdiam.com/Product/Jewellery/Model%20images/7523/center.jpeg
https://colourdiam.com/Product/Jewellery/Model%20images/7523/colour-diam-model-images-389.jpeg",in stock,new,1095.39 SGD,https://colourdiam.com/productdetail/7523,https://www.colourdiam.com/Product/Jewellery/7523/white45/center.jpg,ColourDiam,Apparel & Accessories > Jewelry,,1,,,,unisex,F to G,,adult,,,,,,,,,,Fine Jewelry
7495,https://colourdiam.com/Product/Jewellery/Model%20images/7495/Video.mp4,"https://colourdiam.com/Product/Jewellery/Model%20images/7495/center.jpeg
https://colourdiam.com/Product/Jewellery/Model%20images/7495/colour-diam-model-images-378.jpeg",in stock,new,657.23 SGD,https://colourdiam.com/productdetail/7495,https://www.colourdiam.com/Product/Jewellery/7495/white45/center.jpg,ColourDiam,Apparel & Accessories > Jewelry,,1,,,,unisex,F to G,,adult,,,,,,,,,,Fine Jewelry
7493,Five  Diamond Ring Main stone Colour  -  Round Diamonds -  5 pcs   - 0.41 Diamond colour - F to G Diamond Clarity - VS to SI 18 k ring   Gross weight 3.57 gram,"https://colourdiam.com/Product/Jewellery/Model%20images/7493/center.jpeg
https://colourdiam.com/Product/Jewellery/Model%20images/7493/colour-diam-model-images-377.jpeg",in stock,new,1095.39 SGD,https://colourdiam.com/productdetail/7493,https://www.colourdiam.com/Product/Jewellery/7493/white45/center.jpg,ColourDiam,Apparel & Accessories > Jewelry,,1,,,,unisex,F to G,,adult,,,,,,,,,,Fine Jewelry
7521,Five  Diamond Ring Main stone Colour  -  Round Diamonds -  5 pcs   - 0.25 Diamond colour - D to F Diamond Clarity - VS to VVS 18 k ring   Gross weight 3.03gram,"Five  Diamond Ring
Main stone Colour  -  Round Diamonds -  5 pcs   - 0.25
Diamond colour - D to F
Diamond Clarity - VS to VVS
18 k ring  
Gross weight 3.03gram",in stock,new,1256.04 SGD,,https://www.colourdiam.com/Product/Jewellery/7521/white45/center.jpg,ColourDiam,Apparel & Accessories > Jewelry,,1,,,,unisex,D to F,,adult,,,,,,,,,,Fine Jewelry
7520,https://colourdiam.com/Product/Jewellery/Model%20images/7520/video.mp4,"Five Diamond Ring
Main stone Colour  - D to F
Main Stone Clarity - VS - VVS
18 k ring  
Gross weight 4.10 gram 
Main stone - 5 pcs - 0.36 cts",in stock,new,1095.39 SGD,https://colourdiam.com/productdetail/7520,https://www.colourdiam.com/Product/Jewellery/7520/white45/center.jpg,ColourDiam,Apparel & Accessories > Jewelry,,1,,,,unisex,,,adult,,,,,,,,,,Fine Jewelry
7497,https://colourdiam.com/Product/Jewellery/Model%20images/7497/video.mp4,"18 k ring  
Gross weight 4.49 gram 
White side diamonds - 29 pcs -0.25 ct",in stock,new,1387.49 SGD,https://colourdiam.com/productdetail/7497,https://www.colourdiam.com/Product/Jewellery/7497/white45/center.jpg,ColourDiam,Apparel & Accessories > Jewelry,,1,,,,unisex,,,adult,,,,,,,,,,Fine Jewelry
7439,https://colourdiam.com/Product/Jewellery/Model%20images/7439/video.mp4,"Main stone detail -0.88 sapphire  
18 k ring
Gross weight 2.71  gram 
Main stone - 1 pcs - 0.88cts 
Side white diamons – 16  pcs – 0.17 cts",in stock,new,876.31 SGD,https://colourdiam.com/productdetail/7439,https://www.colourdiam.com/Product/Jewellery/7439/white45/center.jpg,ColourDiam,Apparel & Accessories > Jewelry,,1,,,,unisex,,,adult,,,,,,,,,,Fine Jewelry
7494,1.19 cts  sapphire gem stone 18 k ring   Gross weight 2.67 gram  Main stone - 1 pcs - 1.19 cts  Side Round White Diamonds -16 pcs - 0.135 cts,"1.19 cts  sapphire gem stone
18 k ring  
Gross weight 2.67 gram 
Main stone - 1 pcs - 1.19 cts 
Side Round White Diamonds -16 pcs - 0.135 cts",in stock,new,949.34 SGD,,https://www.colourdiam.com/Product/Jewellery/7494/white45/center.jpg,ColourDiam,Apparel & Accessories > Jewelry,,1,,,,unisex,,,adult,,,,,,,,,,Fine Jewelry
7438,https://colourdiam.com/Product/Jewellery/Model%20images/7438/7438.mp4,"0.88  sapphire  
18 k ring
Gross weight 2.79  gram 
Main stone  - 1 pcs - 0.88 cts 
Side white diamons – 16  pcs – 0.17 cts",in stock,new,876.31 SGD,https://colourdiam.com/productdetail/7438,https://www.colourdiam.com/Product/Jewellery/7438/white45/center.jpg,ColourDiam,Apparel & Accessories > Jewelry,,1,,,,unisex,,,adult,,,,,,,,,,Fine Jewelry
7434,BRACELET 18K BRACELET 7.13 Gram WD - 77 - 1.98,"BRACELET
18K BRACELET 7.13 Gram
WD - 77 - 1.98",in stock,new,3140.11 SGD,,https://www.colourdiam.com/Product/Jewellery/7434/white45/center.jpg,ColourDiam,Apparel & Accessories > Jewelry,,1,,,,unisex,,,adult,,,,,,,,,,Fine Jewelry
7285,https://colourdiam.com/Product/Jewellery/Model%20images/7285/video.mp4,https://colourdiam.com/Product/Jewellery/Model%20images/7285/WhatsApp%20Image%202025-09-26%20at%2019.56.16_33cb33b8.jpeg,in stock,new,5842.07 SGD,https://colourdiam.com/productdetail/7285,https://www.colourdiam.com/Product/Jewellery/7285/white45/center.jpg,ColourDiam,Apparel & Accessories > Jewelry,,1,,,,unisex,,,adult,,,,,,,,,,Fine Jewelry
8612,https://colourdiam.com/Product/Jewellery/Model%20images/8612/video.mp4,https://colourdiam.com/Product/Jewellery/Model%20images/8612/center.jpg,in stock,new,3286.16 SGD,https://colourdiam.com/productdetail/8612,https://www.colourdiam.com/Product/Jewellery/8612/white45/center.jpg,ColourDiam,Apparel & Accessories > Jewelry,,1,,,,unisex,,,adult,,,,,,,,,,Fine Jewelry
6110,1.00 cts Faint Pinkish Brown VS2 Main stone detail – 01 pcs  1.00 cts   18k Ring : 5.968 gram  MQ : 08 / 0.890 WD : 47 / 0.34 HEART : 08 / 1.632,https://colourdiam.com/Product/Jewellery/Model%20images/6110/WhatsApp%20Image%202025-10-01%20at%2023.52.44_aef035e9.jpeg,in stock,new,26289.31 SGD,https://colourdiam.com/productdetail/6110,https://www.colourdiam.com/Product/Jewellery/6110/white45/center.jpg,ColourDiam,Apparel & Accessories > Jewelry,,1,,,,unisex,,,adult,,,,,,,,,GIA,Fine Jewelry
8473,https://colourdiam.com/Product/Jewellery/Model%20images/8473/video.mp4,"0.16 cts Yellow Gold Bracelet
Main stone detail – 20 pcs  0.16 cts  
9K Bracelet : 5.040 gram",in stock,new,985.85 SGD,https://colourdiam.com/productdetail/8473,https://www.colourdiam.com/Product/Jewellery/8473/white45/center.jpg,ColourDiam,Apparel & Accessories > Jewelry,,1,,,,unisex,,,adult,,,,,,,,,,Fine Jewelry
8474,https://colourdiam.com/Product/Jewellery/Model%20images/8474/video.mp4,"0.17 cts Yellow Gold Bracelet
Main stone detail – 20 pcs  0.17 cts  
9K Bracelet : 5.480 gram",in stock,new,985.85 SGD,https://colourdiam.com/productdetail/8474,https://www.colourdiam.com/Product/Jewellery/8474/white45/center.jpg,ColourDiam,Apparel & Accessories > Jewelry,,1,,,,unisex,,,adult,,,,,,,,,,Fine Jewelry
8477,https://colourdiam.com/Product/Jewellery/Model%20images/8477/video.mp4,"0.16 cts Yellow Gold Bracelet
Main stone detail – 20 pcs  0.16 cts  
9K Bracelet : 5.460 gram",in stock,new,985.85 SGD,https://colourdiam.com/productdetail/8477,https://www.colourdiam.com/Product/Jewellery/8477/white45/center.jpg,ColourDiam,Apparel & Accessories > Jewelry,,1,,,,unisex,,,adult,,,,,,,,,,Fine Jewelry
8480,0.16 cts Yellow Gold Bracelet Main stone detail – 20 pcs  0.16 cts   9K Bracelet : 5.180 gram,"0.16 cts Yellow Gold Bracelet
Main stone detail – 20 pcs  0.16 cts  
9K Bracelet : 5.180 gram",in stock,new,985.85 SGD,,https://www.colourdiam.com/Product/Jewellery/8480/white45/center.jpg,ColourDiam,Apparel & Accessories > Jewelry,,1,,,,unisex,,,adult,,,,,,,,,,Fine Jewelry
7284,"Multi Coloured Sapphire Tennis Bracelet Main stone detail – 44 pcs – 7.74 cts 925 Silver Bracelet : 12.03 gram","Multi Coloured Sapphire Tennis Bracelet
Main stone detail – 44 pcs – 7.74 cts
925 Silver Bracelet : 12.03 gram",in stock,new,642.63 SGD,,https://www.colourdiam.com/Product/Jewellery/7284/white45/center.jpg,ColourDiam,Apparel & Accessories > Jewelry,,1,,,,unisex,,,adult,,,,,,,,,,Fine Jewelry
3510_3507_3508_3509,0.40 CTS D SI2.      0.21  CTS E SI2  IGI     0.19. CTS E SI1. IGI    0.19  CTS D SI2  IGI    0.20 CTS F SI1. IGI Main stone detail –  5 pcs - 1.21 cts 18k Ring : 4.07 gram,"0.40 CTS D SI2. 
    0.21  CTS E SI2  IGI
    0.19. CTS E SI1. IGI
   0.19  CTS D SI2  IGI
   0.20 CTS F SI1. IGI
Main stone detail –  5 pcs - 1.21 cts
18k Ring : 4.07 gram",in stock,new,2190.78 SGD,https://colourdiam.com/productdetail/Menu/3510/3507/3508/3509,https://www.colourdiam.com/Product/Jewellery/3510_3507_3508_3509/white45/center.jpg,ColourDiam,Apparel & Accessories > Jewelry,,1,,,,unisex,,,adult,,,,,,,,,,Fine Jewelry
7581,https://colourdiam.com/Product/Jewellery/Model%20images/7581/Model%20Video.mp4,"https://colourdiam.com/Product/Jewellery/Model%20images/7581/center.jpeg
https://colourdiam.com/Product/Jewellery/Model%20images/7581/colour-diam-model-images-391.jpeg",in stock,new,51118.1 SGD,https://colourdiam.com/productdetail/7581,https://www.colourdiam.com/Product/Jewellery/7581/white45/center.jpg,ColourDiam,Apparel & Accessories > Jewelry,,1,,,,unisex,,,adult,,,,,,,,,GIA,Fine Jewelry
7573_7575_6515,2.00 FANCY BLUE VS 18 KT EARRING MAIN STONE 2 PCS-2.00 CTS GROSS WT 8.31   WD : 28 / 0.244  PEAR : 28 -1.19  PINK : 50 / 0.611  BULLET : 2 / 0.32,"2.00 FANCY BLUE VS
18 KT EARRING
MAIN STONE 2 PCS-2.00 CTS
GROSS WT 8.31  
WD : 28 / 0.244 
PEAR : 28 -1.19 
PINK : 50 / 0.611 
BULLET : 2 / 0.32",in stock,new,21907.76 SGD,https://colourdiam.com/productdetail/Menu/7573/7575/6515,https://www.colourdiam.com/Product/Jewellery/7573_7575_6515/white45/center.jpg,ColourDiam,Apparel & Accessories > Jewelry,,1,,,,unisex,,,adult,,,,,,,,,AGL,Fine Jewelry
7565,https://colourdiam.com/Product/Jewellery/Model%20images/7565/video.mp4,"1.73 cts Fancy Pink VS 
Main stone – 01 pcs   1.73 cts
18K Ring: 6.098 gram 
WD : 24 / 0.22
PEAR : 10 / 1.94
BAGUETTE: 10 / 0.21",in stock,new,14605.17 SGD,https://colourdiam.com/productdetail/7565,https://www.colourdiam.com/Product/Jewellery/7565/white45/center.jpg,ColourDiam,Apparel & Accessories > Jewelry,,1,,,,unisex,,,adult,,,,,,,,,AGL,Fine Jewelry
8409,0.61 Light Pink VVS2 Main stone – 01 pcs 2.01 cts 18K Necklace: 17.26 gram  PINK: 13 / 1.04 ROSE: 77 / 6.51,https://colourdiam.com/Product/Jewellery/Model%20images/8409/center.jpeg,in stock,new,36512.93 SGD,https://colourdiam.com/productdetail/8409,https://www.colourdiam.com/Product/Jewellery/8409/white45/center.jpg,ColourDiam,Apparel & Accessories > Jewelry,,1,,,,unisex,,,adult,,,,,,,,,GIA,Fine Jewelry
8417,https://colourdiam.com/Product/Jewellery/Model%20images/8417/VIDEO.mp4,"0.46 Fancy Green SI
Main stone – 01 pcs 0.46 cts
18k Ring: 4.05 gram 
WD: 64/ 0.48",in stock,new,5111.81 SGD,https://colourdiam.com/productdetail/8417,https://www.colourdiam.com/Product/Jewellery/8417/white45/center.jpg,ColourDiam,Apparel & Accessories > Jewelry,,1,,,,unisex,,,adult,,,,,,,,,AGL,Fine Jewelry
8400,31.60 ct Semi precious stone Main stone – 01 pcs  31.60 cts 18K Ring: 17.290 gram  WD : 483 / 2.18 BAGUETTE : 27 / 0.39,"31.60 ct Semi precious stone
Main stone – 01 pcs  31.60 cts
18K Ring: 17.290 gram
 WD : 483 / 2.18
BAGUETTE : 27 / 0.39",in stock,new,3213.14 SGD,,https://www.colourdiam.com/Product/Jewellery/8400/white45/center.jpg,ColourDiam,Apparel & Accessories > Jewelry,,1,,,,unisex,,,adult,,,,,,,,,,Fine Jewelry
8401,0.70 cts Blue Sapphire Main stone – 168 pcs  0.70 cts 18K Ring: 8.100 gram WD: 105 / 1.08,"0.70 cts Blue Sapphire
Main stone – 168 pcs  0.70 cts
18K Ring: 8.100 gram
WD: 105 / 1.08",in stock,new,3067.09 SGD,,https://www.colourdiam.com/Product/Jewellery/8401/white45/center.jpg,ColourDiam,Apparel & Accessories > Jewelry,,1,,,,unisex,,,adult,,,,,,,,,,Fine Jewelry
8402,0.16 cts Round Ruby Main stone – 36 pcs  0.16 cts 18K Ring: 2.870 gram WD: 97 / 0.38,"0.16 cts Round Ruby
Main stone – 36 pcs  0.16 cts
18K Ring: 2.870 gram
WD: 97 / 0.38",in stock,new,1095.39 SGD,,https://www.colourdiam.com/Product/Jewellery/8402/white45/center.jpg,ColourDiam,Apparel & Accessories > Jewelry,,1,,,,unisex,,,adult,,,,,,,,,,Fine Jewelry
8404,0.16 cts Round Blue Sapphire Main stone – 36 pcs  0.16 cts 18K Ring: 2.80 gram WD: 97 / 0.38,"0.16 cts Round Blue Sapphire
Main stone – 36 pcs  0.16 cts
18K Ring: 2.80 gram
WD: 97 / 0.38",in stock,new,1022.36 SGD,,https://www.colourdiam.com/Product/Jewellery/8404/white45/center.jpg,ColourDiam,Apparel & Accessories > Jewelry,,1,,,,unisex,,,adult,,,,,,,,,,Fine Jewelry
8424,Pink colour diamonds 18k Braclet : 6.454 gram  Main stone - 05 pcs / 0.55 cts  WD : 216 pcs / 0.88 cts,"Pink colour diamonds
18k Braclet : 6.454 gram 
Main stone - 05 pcs / 0.55 cts 
WD : 216 pcs / 0.88 cts",in stock,new,3030.57 SGD,,https://www.colourdiam.com/Product/Jewellery/8424/white45/center.jpg,ColourDiam,Apparel & Accessories > Jewelry,,1,,,,unisex,,,adult,,,,,,,,,AGL,Fine Jewelry
8425,https://colourdiam.com/Product/Jewellery/Model%20images/8425/video.mp4,"mix colour diamonds
18 k Braclet : 12.671 gram 
Main stone - 05 pcs / 0.58 cts 
WD : 186 pcs / 2.57 cts",in stock,new,6170.69 SGD,https://colourdiam.com/productdetail/8425,https://www.colourdiam.com/Product/Jewellery/8425/white45/center.jpg,ColourDiam,Apparel & Accessories > Jewelry,,1,,,,unisex,,,adult,,,,,,,,,,Fine Jewelry
7332,1.75 cts Blue Sapphire Natural Main stone – 01 pcs   1.75 cts 18K Ring: 4.11 gram WD: 65 / 0.55,"1.75 cts Blue Sapphire Natural
Main stone – 01 pcs   1.75 cts
18K Ring: 4.11 gram
WD: 65 / 0.55",in stock,new,3213.14 SGD,,https://www.colourdiam.com/Product/Jewellery/7332/white45/center.jpg,ColourDiam,Apparel & Accessories > Jewelry,,1,,,,unisex,,,adult,,,,,,,,,GII,Fine Jewelry
6102_6021,"3.01 CT U-V VS1 Main stone – 01 pcs  - 3.01 cts  18k Ring: 4.184 gram  Trapezoid: 02 / 0.45","3.01 CT U-V VS1
Main stone – 01 pcs  - 3.01 cts 
18k Ring: 4.184 gram 
Trapezoid: 02 / 0.45",in stock,new,17526.21 SGD,https://colourdiam.com/productdetail/Menu/6102/6021,https://www.colourdiam.com/Product/Jewellery/6102_6021/white45/center.jpg,ColourDiam,Apparel & Accessories > Jewelry,,1,,,,unisex,,,adult,,,,,,,,,GIA,Fine Jewelry
8012,https://colourdiam.com/Product/Jewellery/Model%20images/8012/video.mp4,"0.71 cts Faint Pinkish Brown VS2
Main stone - 01 pcs   0.71 cts
18K Ring : 7.67 gram
WD: 58 / 0.59
PEAR: 20 / 2.02
PINK: 22 / 0.12",in stock,new,17526.21 SGD,https://colourdiam.com/productdetail/8012,https://www.colourdiam.com/Product/Jewellery/8012/white45/center.jpg,ColourDiam,Apparel & Accessories > Jewelry,,1,,,,unisex,,,adult,,,,,,,,,GIA,Fine Jewelry
8481,https://colourdiam.com/Product/Jewellery/Model%20images/8481/video.mp4,"https://colourdiam.com/Product/Jewellery/Model%20images/8481/1.jpeg
https://colourdiam.com/Product/Jewellery/Model%20images/8481/center.jpeg",in stock,new,3213.14 SGD,https://colourdiam.com/productdetail/8481,https://www.colourdiam.com/Product/Jewellery/8481/white45/center.jpg,ColourDiam,Apparel & Accessories > Jewelry,,1,,,,unisex,,,adult,,,,,,,,,NON CERTIFIED,Fine Jewelry
8482,https://colourdiam.com/Product/Jewellery/Model%20images/8482/video.mp4,"https://colourdiam.com/Product/Jewellery/Model%20images/8482/1.jpeg
https://colourdiam.com/Product/Jewellery/Model%20images/8482/center.jpeg",in stock,new,3213.14 SGD,https://colourdiam.com/productdetail/8482,https://www.colourdiam.com/Product/Jewellery/8482/white45/center.jpg,ColourDiam,Apparel & Accessories > Jewelry,,1,,,,unisex,,,adult,,,,,,,,,NON CERTIFIED,Fine Jewelry
8483,https://colourdiam.com/Product/Jewellery/Model%20images/8483/video.mp4,"https://colourdiam.com/Product/Jewellery/Model%20images/8483/1.jpeg
https://colourdiam.com/Product/Jewellery/Model%20images/8483/center.jpeg",in stock,new,3213.14 SGD,https://colourdiam.com/productdetail/8483,https://www.colourdiam.com/Product/Jewellery/8483/white45/center.jpg,ColourDiam,Apparel & Accessories > Jewelry,,1,,,,unisex,,,adult,,,,,,,,,NON CERTIFIED,Fine Jewelry
8484,https://colourdiam.com/Product/Jewellery/Model%20images/8484/video.mp4,"https://colourdiam.com/Product/Jewellery/Model%20images/8484/1.jpeg
https://colourdiam.com/Product/Jewellery/Model%20images/8484/center.jpeg",in stock,new,3213.14 SGD,https://colourdiam.com/productdetail/8484,https://www.colourdiam.com/Product/Jewellery/8484/white45/center.jpg,ColourDiam,Apparel & Accessories > Jewelry,,1,,,,unisex,,,adult,,,,,,,,,NON CERTIFIED,Fine Jewelry
8485,"0.16 cts Fancy Pink Main stone – 1 pcs 0.16 cts 18k Ring : 4.0 gram  WD : 0.34",https://colourdiam.com/Product/Jewellery/Model%20images/8485/WhatsApp%20Image%202025-10-03%20at%2014.51.08_5dab0ce0.jpeg,in stock,new,3213.14 SGD,https://colourdiam.com/productdetail/8485,https://www.colourdiam.com/Product/Jewellery/8485/white45/center.jpg,ColourDiam,Apparel & Accessories > Jewelry,,1,,,,unisex,,,adult,,,,,,,,,,Fine Jewelry
8487,0.20 cts Fancy Pink  Main stone – 2 pcs 0.20 cts 18k Earring : 3.0 gram  WD : 0.50 cts,https://colourdiam.com/Product/Jewellery/Model%20images/8487/WhatsApp%20Image%202025-10-03%20at%2014.51.08_be550613.jpeg,in stock,new,0 SGD,https://colourdiam.com/productdetail/8487,https://www.colourdiam.com/Product/Jewellery/8487/white45/center.jpg,ColourDiam,Apparel & Accessories > Jewelry,,1,,,,unisex,,,adult,,,,,,,,,,Fine Jewelry
8489,0.16 cts Fancy Pink Main stone – 1 pcs 0.16 cts 18k Pendant : 3.9 gram  WD : 0.34,https://colourdiam.com/Product/Jewellery/Model%20images/8489/WhatsApp%20Image%202025-10-03%20at%2014.51.09_3f385574.jpeg,in stock,new,0 SGD,https://colourdiam.com/productdetail/8489,https://www.colourdiam.com/Product/Jewellery/8489/white45/center.jpg,ColourDiam,Apparel & Accessories > Jewelry,,1,,,,unisex,,,adult,,,,,,,,,,Fine Jewelry
8486,"0.16 cts Fancy Pink Main stone – 1 pcs 0.16 cts 18k Ring : 4.0 gram  WD : 0.34",https://colourdiam.com/Product/Jewellery/Model%20images/8486/WhatsApp%20Image%202025-10-03%20at%2014.51.08_5dab0ce0.jpeg,in stock,new,3213.14 SGD,https://colourdiam.com/productdetail/8486,https://www.colourdiam.com/Product/Jewellery/8486/white45/center.jpg,ColourDiam,Apparel & Accessories > Jewelry,,1,,,,unisex,,,adult,,,,,,,,,,Fine Jewelry
8488,0.20 cts Fancy Pink  Main stone – 2 pcs 0.20 cts 18k Earring : 3.0 gram  WD : 0.50 cts,https://colourdiam.com/Product/Jewellery/Model%20images/8488/WhatsApp%20Image%202025-10-03%20at%2014.51.08_be550613.jpeg,in stock,new,0 SGD,https://colourdiam.com/productdetail/8488,https://www.colourdiam.com/Product/Jewellery/8488/white45/center.jpg,ColourDiam,Apparel & Accessories > Jewelry,,1,,,,unisex,,,adult,,,,,,,,,,Fine Jewelry
8490,0.16 cts Fancy Pink Main stone – 1 pcs 0.16 cts 18k Pendant : 3.9 gram  WD : 0.34,https://colourdiam.com/Product/Jewellery/Model%20images/8490/WhatsApp%20Image%202025-10-03%20at%2014.51.09_3f385574.jpeg,in stock,new,0 SGD,https://colourdiam.com/productdetail/8490,https://www.colourdiam.com/Product/Jewellery/8490/white45/center.jpg,ColourDiam,Apparel & Accessories > Jewelry,,1,,,,unisex,,,adult,,,,,,,,,,Fine Jewelry
7179,4.49 cts  Faint Pink  VVS1 Main stone – 01 pcs 4.49 cts 18K Ring: 9.87 gram  WD : 56 / 0.49 PEAR: 16 / 1.64 PINK: 20 / 0.20,"https://colourdiam.com/Product/Jewellery/Model%20images/7179/123.jpeg
https://colourdiam.com/Product/Jewellery/Model%20images/7179/1616609-20250301-111507.jpeg
https://colourdiam.com/Product/Jewellery/Model%20images/7179/3844320-20250301-111508.jpeg
https://colourdiam.com/Product/Jewellery/Model%20images/7179/4345087-20250301-111508.jpeg
https://colourdiam.com/Product/Jewellery/Model%20images/7179/7544614-20250301-111508.jpeg
https://colourdiam.com/Product/Jewellery/Model%20images/7179/7888130-20250301-111507.jpeg
https://colourdiam.com/Product/Jewellery/Model%20images/7179/8045381-20250301-111508.jpeg
https://colourdiam.com/Product/Jewellery/Model%20images/7179/8516430-20250301-111508.jpeg
https://colourdiam.com/Product/Jewellery/Model%20images/7179/center.jpeg
https://colourdiam.com/Product/Jewellery/Model%20images/7179/colour-diam-model-images-343.jpeg
https://colourdiam.com/Product/Jewellery/Model%20images/7179/colour-diam-model-images-344.jpeg
https://colourdiam.com/Product/Jewellery/Model%20images/7179/colour-diam-model-images-345.jpeg
https://colourdiam.com/Product/Jewellery/Model%20images/7179/colour-diam-model-images-346.jpeg
https://colourdiam.com/Product/Jewellery/Model%20images/7179/colour-diam-model-images-347.jpeg
https://colourdiam.com/Product/Jewellery/Model%20images/7179/colour-diam-model-images-348.jpeg
https://colourdiam.com/Product/Jewellery/Model%20images/7179/colour-diam-model-images-349.jpeg
https://colourdiam.com/Product/Jewellery/Model%20images/7179/colour-diam-model-images-350.jpeg
https://colourdiam.com/Product/Jewellery/Model%20images/7179/colour-diam-model-images-351.jpeg",in stock,new,365129.31 SGD,,https://www.colourdiam.com/Product/Jewellery/7179/white45/center.jpg,ColourDiam,Apparel & Accessories > Jewelry,,1,,,,unisex,,,adult,,,,,,,,,GIA,Fine Jewelry
8363,0.22 cts Fancy Pink  Main stone – 01 pcs 0.22 cts 18k Ring & Pendant Convertible : 5.08 gram  PEAR: 1.50 cts ROUND: 18 cts,"https://colourdiam.com/Product/Jewellery/Model%20images/8363/2.jpeg
https://colourdiam.com/Product/Jewellery/Model%20images/8363/4.jpeg
https://colourdiam.com/Product/Jewellery/Model%20images/8363/5.jpeg
https://colourdiam.com/Product/Jewellery/Model%20images/8363/center.jpeg",in stock,new,1752.62 SGD,,https://www.colourdiam.com/Product/Jewellery/8363/white45/center.jpg,ColourDiam,Apparel & Accessories > Jewelry,,1,,,,unisex,,,adult,,,,,,,,,,Fine Jewelry
8098,https://colourdiam.com/Product/Jewellery/Model%20images/8098/video.mp4,https://colourdiam.com/Product/Jewellery/Model%20images/8098/4.jpeg,in stock,new,1752.62 SGD,https://colourdiam.com/productdetail/8098,https://www.colourdiam.com/Product/Jewellery/8098/white45/center.jpg,ColourDiam,Apparel & Accessories > Jewelry,,1,,,,unisex,,,adult,,,,,,,,,,Fine Jewelry
6158,1.01 cts  F COLOUR  VVS2 Main stone – 01 pcs 1.01 cts 18K Ring: 5.07 gram  WD : 66 / 0.80,"1.01 cts  F COLOUR  VVS2
Main stone – 01 pcs 1.01 cts
18K Ring: 5.07 gram 
WD : 66 / 0.80",in stock,new,6572.33 SGD,,https://www.colourdiam.com/Product/Jewellery/6158/white45/center.jpg,ColourDiam,Apparel & Accessories > Jewelry,,1,,,,unisex,,,adult,,,,,,,,,GIA,Fine Jewelry
6115,1.00 cts  F COLOUR  VS1 Main stone – 01 pcs 1.00 cts 18K Ring: 3.12 gram  WD : 54 / 0.43,"1.00 cts  F COLOUR  VS1
Main stone – 01 pcs 1.00 cts
18K Ring: 3.12 gram 
WD : 54 / 0.43",in stock,new,5257.86 SGD,,https://www.colourdiam.com/Product/Jewellery/6115/white45/center.jpg,ColourDiam,Apparel & Accessories > Jewelry,,1,,,,unisex,,,adult,,,,,,,,,GIA,Fine Jewelry
6160,1.00 cts  E COLOUR  VVS1 Main stone – 01 pcs 1.00 cts 18K Ring: 3.23 gram  WD : 66 / 0.49,"1.00 cts  E COLOUR  VVS1
Main stone – 01 pcs 1.00 cts
18K Ring: 3.23 gram 
WD : 66 / 0.49",in stock,new,6572.33 SGD,,https://www.colourdiam.com/Product/Jewellery/6160/white45/center.jpg,ColourDiam,Apparel & Accessories > Jewelry,,1,,,,unisex,,,adult,,,,,,,,,GIA,Fine Jewelry
5320,1.01 cts  H COLOUR  VS2 Main stone – 01 pcs 1.01 cts 18K Ring: 2.91 gram  WD : 48 / 0.59,"1.01 cts  H COLOUR  VS2
Main stone – 01 pcs 1.01 cts
18K Ring: 2.91 gram 
WD : 48 / 0.59",in stock,new,5403.91 SGD,,https://www.colourdiam.com/Product/Jewellery/5320/white45/center.jpg,ColourDiam,Apparel & Accessories > Jewelry,,1,,,,unisex,,,adult,,,,,,,,,GIA,Fine Jewelry
7352,0.82 cts sapphire ring  Main stone – 01 pcs   0.82 cts 18K Ring:  3.88 gram  WD : 20 / 0.09,"0.82 cts sapphire ring 
Main stone – 01 pcs   0.82 cts
18K Ring:  3.88 gram 
WD : 20 / 0.09",in stock,new,1241.44 SGD,,https://www.colourdiam.com/Product/Jewellery/7352/white45/center.jpg,ColourDiam,Apparel & Accessories > Jewelry,,1,,,,unisex,,,adult,,,,,,,,,,Fine Jewelry
7355,0.94 cts sapphire ring  Main stone – 01 pcs   0.94 cts 18K Ring:  3.79 gram  WD : 18 / 0.08,"0.94 cts sapphire ring 
Main stone – 01 pcs   0.94 cts
18K Ring:  3.79 gram 
WD : 18 / 0.08",in stock,new,1256.04 SGD,,https://www.colourdiam.com/Product/Jewellery/7355/white45/center.jpg,ColourDiam,Apparel & Accessories > Jewelry,,1,,,,unisex,,,adult,,,,,,,,,,Fine Jewelry
7356,0.79 cts sapphire ring  Main stone – 01 pcs   0.79 cts 18K Ring:  3.79 gram  WD : 18 / 0.08,"0.79 cts sapphire ring 
Main stone – 01 pcs   0.79 cts
18K Ring:  3.79 gram 
WD : 18 / 0.08",in stock,new,1212.23 SGD,,https://www.colourdiam.com/Product/Jewellery/7356/white45/center.jpg,ColourDiam,Apparel & Accessories > Jewelry,,1,,,,unisex,,,adult,,,,,,,,,,Fine Jewelry
7357,0.70 cts sapphire ring  Main stone – 01 pcs   0.70 cts 18K Ring:  3.68 gram  WD : 20 / 0.08,"0.70 cts sapphire ring 
Main stone – 01 pcs   0.70 cts
18K Ring:  3.68 gram 
WD : 20 / 0.08",in stock,new,1168.41 SGD,,https://www.colourdiam.com/Product/Jewellery/7357/white45/center.jpg,ColourDiam,Apparel & Accessories > Jewelry,,1,,,,unisex,,,adult,,,,,,,,,,Fine Jewelry
7358,https://colourdiam.com/Product/Jewellery/Model%20images/7358/VIDEO.mp4,"0.66 cts sapphire ring 
Main stone – 01 pcs   0.66 cts
18K Ring:  3.76 gram 
WD : 20 / 0.10",in stock,new,1175.72 SGD,https://colourdiam.com/productdetail/7358,https://www.colourdiam.com/Product/Jewellery/7358/white45/center.jpg,ColourDiam,Apparel & Accessories > Jewelry,,1,,,,unisex,,,adult,,,,,,,,,,Fine Jewelry
7359,https://colourdiam.com/Product/Jewellery/Model%20images/7359/video.mp4,"0.87 cts sapphire ring 
Main stone – 01 pcs   0.87 cts
18K Ring:  3.91 gram 
WD : 20 / 0.09",in stock,new,1241.44 SGD,https://colourdiam.com/productdetail/7359,https://www.colourdiam.com/Product/Jewellery/7359/white45/center.jpg,ColourDiam,Apparel & Accessories > Jewelry,,1,,,,unisex,,,adult,,,,,,,,,,Fine Jewelry
7360,https://colourdiam.com/Product/Jewellery/Model%20images/7360/video.mp4,"0.94 cts sapphire ring 
Main stone – 01 pcs   0.94 cts
18K Ring:  3.97 gram 
WD : 20 / 0.11",in stock,new,1299.86 SGD,https://colourdiam.com/productdetail/7360,https://www.colourdiam.com/Product/Jewellery/7360/white45/center.jpg,ColourDiam,Apparel & Accessories > Jewelry,,1,,,,unisex,,,adult,,,,,,,,,,Fine Jewelry
7361,https://colourdiam.com/Product/Jewellery/Model%20images/7361/video.mp4,"0.73 cts sapphire ring 
Main stone – 01 pcs   0.73 cts
18K Ring:  3.87 gram 
WD : 20 / 0.09",in stock,new,1218.07 SGD,https://colourdiam.com/productdetail/7361,https://www.colourdiam.com/Product/Jewellery/7361/white45/center.jpg,ColourDiam,Apparel & Accessories > Jewelry,,1,,,,unisex,,,adult,,,,,,,,,,Fine Jewelry
7362,https://colourdiam.com/Product/Jewellery/Model%20images/7362/video.mp4,"0.50 cts sapphire ring 
Main stone – 01 pcs   0.50 cts
18K Ring:  3.63 gram 
WD : 18 / 0.08",in stock,new,1095.39 SGD,https://colourdiam.com/productdetail/7362,https://www.colourdiam.com/Product/Jewellery/7362/white45/center.jpg,ColourDiam,Apparel & Accessories > Jewelry,,1,,,,unisex,,,adult,,,,,,,,,,Fine Jewelry
7363,0.75 cts sapphire ring  Main stone – 01 pcs   0.75 cts 18K Ring:  3.77 gram  WD : 18 / 0.09,"0.75 cts sapphire ring 
Main stone – 01 pcs   0.75 cts
18K Ring:  3.77 gram 
WD : 18 / 0.09",in stock,new,1197.62 SGD,,https://www.colourdiam.com/Product/Jewellery/7363/white45/center.jpg,ColourDiam,Apparel & Accessories > Jewelry,,1,,,,unisex,,,adult,,,,,,,,,,Fine Jewelry
7364,0.74 cts sapphire ring  Main stone – 01 pcs   0.74 cts 18K Ring:  3.71 gram  WD : 20 / 0.09,"0.74 cts sapphire ring 
Main stone – 01 pcs   0.74 cts
18K Ring:  3.71 gram 
WD : 20 / 0.09",in stock,new,1177.18 SGD,,https://www.colourdiam.com/Product/Jewellery/7364/white45/center.jpg,ColourDiam,Apparel & Accessories > Jewelry,,1,,,,unisex,,,adult,,,,,,,,,,Fine Jewelry
7365,0.74 cts sapphire ring  Main stone – 01 pcs   0.74 cts 18K Ring:  3.93 gram  WD : 20 / 0.10,"0.74 cts sapphire ring 
Main stone – 01 pcs   0.74 cts
18K Ring:  3.93 gram 
WD : 20 / 0.10",in stock,new,1460.52 SGD,,https://www.colourdiam.com/Product/Jewellery/7365/white45/center.jpg,ColourDiam,Apparel & Accessories > Jewelry,,1,,,,unisex,,,adult,,,,,,,,,,Fine Jewelry
7353,0.94 cts sapphire ring  Main stone – 01 pcs   0.94 cts 18K Ring:  3.79 gram  WD : 20 / 0.08,"0.94 cts sapphire ring 
Main stone – 01 pcs   0.94 cts
18K Ring:  3.79 gram 
WD : 20 / 0.08",in stock,new,1256.04 SGD,,https://www.colourdiam.com/Product/Jewellery/7353/white45/center.jpg,ColourDiam,Apparel & Accessories > Jewelry,,1,,,,unisex,,,adult,,,,,,,,,,Fine Jewelry
7354,0.94 cts sapphire ring  Main stone – 01 pcs   0.94 cts 18K Ring:  3.83 gram  WD : 20 / 0.09,"0.94 cts sapphire ring 
Main stone – 01 pcs   0.94 cts
18K Ring:  3.83 gram 
WD : 20 / 0.09",in stock,new,1256.04 SGD,,https://www.colourdiam.com/Product/Jewellery/7354/white45/center.jpg,ColourDiam,Apparel & Accessories > Jewelry,,1,,,,unisex,,,adult,,,,,,,,,,Fine Jewelry
8155,"0.235 CTS  Fancy  Brownish Yellow SI  Main stone – 01 pcs 0.235 cts 18K Ring: 1.73 gram  WD: 18 / 0.148","0.235 CTS  Fancy  Brownish Yellow SI 
Main stone – 01 pcs 0.235 cts
18K Ring: 1.73 gram 
WD: 18 / 0.148",in stock,new,1460.52 SGD,,https://www.colourdiam.com/Product/Jewellery/8155/white45/center.jpg,ColourDiam,Apparel & Accessories > Jewelry,,1,,,,unisex,,,adult,,,,,,,,,AGL,Fine Jewelry
8605,"0.30 cts G COLOUR  Main stone – 01 pcs  0.30 cts 18K Ring: 2.75 gram","0.30 cts G COLOUR 
Main stone – 01 pcs  0.30 cts
18K Ring: 2.75 gram",in stock,new,584.21 SGD,,https://www.colourdiam.com/Product/Jewellery/8605/white45/center.jpg,ColourDiam,Apparel & Accessories > Jewelry,,1,,,,unisex,,,adult,,,,,,,,,,Fine Jewelry
7453,0.50 cts bugget diamonds VS Main stone – 10 pcs  0.50 cts 18K Earring: 4.18 gram  WD : 60 / 0.48,"0.50 cts bugget diamonds VS
Main stone – 10 pcs  0.50 cts
18K Earring: 4.18 gram 
WD : 60 / 0.48",in stock,new,2190.78 SGD,,https://www.colourdiam.com/Product/Jewellery/7453/white45/center.jpg,ColourDiam,Apparel & Accessories > Jewelry,,1,,,,unisex,,,adult,,,,,,,,,,Fine Jewelry
7942,https://colourdiam.com/Product/Jewellery/Model%20images/7942/video.mp4,"0.185 CT Fancy Yellow VS 
Main stone – 01 pcs  0.185 cts
18K ring: 1.91 gram 
WD : 12 / 0.127",in stock,new,1460.52 SGD,https://colourdiam.com/productdetail/7942,https://www.colourdiam.com/Product/Jewellery/7942/white45/center.jpg,ColourDiam,Apparel & Accessories > Jewelry,,1,,,,unisex,,,adult,,,,,,,,,AGL,Fine Jewelry
8316,https://colourdiam.com/Product/Jewellery/Model%20images/8316/8316.mp4,"0.115 CT Fancy Pink
Main stone - 03 pcs    0.115 cts
18k ring : 5.994 gram
WD - 14 / 0.135",in stock,new,2190.78 SGD,https://colourdiam.com/productdetail/8316,https://www.colourdiam.com/Product/Jewellery/8316/white45/center.jpg,ColourDiam,Apparel & Accessories > Jewelry,,1,,,,unisex,,,adult,,,,,,,,,,Fine Jewelry
8613,0.35 Ct Blue Treated Ring Main stone- 10 pcs   0.35 cts 18k ring : 2.35 gram,"0.35 Ct Blue Treated Ring
Main stone- 10 pcs   0.35 cts
18k ring : 2.35 gram",in stock,new,657.23 SGD,,https://www.colourdiam.com/Product/Jewellery/8613/white45/center.jpg,ColourDiam,Apparel & Accessories > Jewelry,,1,,,,unisex,,,adult,,,,,,,,,,Fine Jewelry
7401_7402_7403_7405_7406,https://colourdiam.com/Product/Jewellery/Model%20images/7401_7402_7403_7405_7406/7401_7402.mp4,https://colourdiam.com/Product/Jewellery/Model%20images/7401_7402_7403_7405_7406/center.jpeg,in stock,new,13874.91 SGD,https://colourdiam.com/productdetail/Menu/7401/7402/7403/7405/7406,https://www.colourdiam.com/Product/Jewellery/7401_7402_7403_7405_7406/white45/center.jpg,ColourDiam,Apparel & Accessories > Jewelry,,1,,,,unisex,,,adult,,,,,,,,,GIA,Fine Jewelry
7942,https://colourdiam.com/Product/Jewellery/Model%20images/7942/video.mp4,"0.185 CT Fancy Yellow VS
Main stone – 01 pcs 0.185 cts
18 K Ring: 1.91 gram 
WD : 12 / 0.127",in stock,new,1314.47 SGD,https://colourdiam.com/productdetail/7942,https://www.colourdiam.com/Product/Jewellery/7942/white45/center.jpg,ColourDiam,Apparel & Accessories > Jewelry,,1,,,,unisex,,,adult,,,,,,,,,AGL,Fine Jewelry
5026,https://colourdiam.com/Product/Jewellery/Model%20images/5026/video.mp4,"1.00 cts F colour SI2
Main stone - 1 pcs  1.00 cts 
18k Ring : 2.81 gram
WD : 44 / 0.66",in stock,new,3651.29 SGD,https://colourdiam.com/productdetail/5026,https://www.colourdiam.com/Product/Jewellery/5026/white45/center.jpg,ColourDiam,Apparel & Accessories > Jewelry,,1,,,,unisex,,,adult,,,,,,,,,IGI,Fine Jewelry
7652,2.71 Fancy Brownish Greenish Yellow VVS2 Main stone – 01 pcs 2.71 cts 18 K Ring: 8.93 gram  WD: 190 / 0.81 PINK: 28 / 0.23 MARQUISE: 8 / 0.35,"2.71 Fancy Brownish Greenish Yellow VVS2
Main stone – 01 pcs 2.71 cts
18 K Ring: 8.93 gram 
WD: 190 / 0.81
PINK: 28 / 0.23
MARQUISE: 8 / 0.35",in stock,new,26289.31 SGD,,https://www.colourdiam.com/Product/Jewellery/7652/white45/center.jpg,ColourDiam,Apparel & Accessories > Jewelry,,1,,,,unisex,,,adult,,,,,,,,,GIA,Fine Jewelry
8607,0.36 CTS PENDANT 18k pendant : 3.75 gram Mainstone : 49 pcs 0.36 cts,"0.36 CTS PENDANT
18k pendant : 3.75 gram
Mainstone : 49 pcs 0.36 cts",in stock,new,1168.41 SGD,,https://www.colourdiam.com/Product/Jewellery/8607/white45/center.jpg,ColourDiam,Apparel & Accessories > Jewelry,,1,,,,unisex,,,adult,,,,,,,,,,Fine Jewelry
5616,https://colourdiam.com/Product/Jewellery/Model%20images/5616/video.mp4,"0.56 CTS LIGHT PINK VS1
Main stone – 01 pcs 0.56 cts
18 K Ring: 3.186 gram 
WD: 34 / 0.39
PINK: 20 / 0.09",in stock,new,10953.88 SGD,https://colourdiam.com/productdetail/5616,https://www.colourdiam.com/Product/Jewellery/5616/white45/center.jpg,ColourDiam,Apparel & Accessories > Jewelry,,1,,,,unisex,,,adult,,,,,,,,,GIA,Fine Jewelry
5420,0.57 CTS LIGHT BLUE (UNDERTERMINED) VVS2 Main stone – 01 pcs 0.57 cts 18 K Ring: 3.21 gram  WD: 54 / 0.76 PINK: 21 / 0.10,"0.57 CTS LIGHT BLUE (UNDERTERMINED) VVS2
Main stone – 01 pcs 0.57 cts
18 K Ring: 3.21 gram 
WD: 54 / 0.76
PINK: 21 / 0.10",in stock,new,7302.59 SGD,,https://www.colourdiam.com/Product/Jewellery/5420/white45/center.jpg,ColourDiam,Apparel & Accessories > Jewelry,,1,,,,unisex,,,adult,,,,,,,,,GIA,Fine Jewelry
8364,https://colourdiam.com/Product/Jewellery/Model%20images/8364/video.mp4,"https://colourdiam.com/Product/Jewellery/Model%20images/8364/1.jpeg
https://colourdiam.com/Product/Jewellery/Model%20images/8364/center.jpeg",in stock,new,1460.52 SGD,https://colourdiam.com/productdetail/8364,https://www.colourdiam.com/Product/Jewellery/8364/white45/center.jpg,ColourDiam,Apparel & Accessories > Jewelry,,1,,,,unisex,,,adult,,,,,,,,,,Fine Jewelry
8366,"0.4 cts Fancy Pink  Main stone –  0.4 cts 18k Pendant : 2.0 gram","0.4 cts Fancy Pink 
Main stone –  0.4 cts
18k Pendant : 2.0 gram",in stock,new,0 SGD,,https://www.colourdiam.com/Product/Jewellery/8366/white45/center.jpg,ColourDiam,Apparel & Accessories > Jewelry,,1,,,,unisex,,,adult,,,,,,,,,,Fine Jewelry
7047,8.01 U to V Range VS2 18 k Ring : 8.47 gram WD : 66 / 0.582 MQ : 12 / 1.145 PEAR : 12 / 1.663,https://colourdiam.com/Product/Jewellery/Model%20images/7047/7074309-20240720-122242.jpeg,in stock,new,87631.04 SGD,https://colourdiam.com/productdetail/7047,https://www.colourdiam.com/Product/Jewellery/7047/white45/center.jpg,ColourDiam,Apparel & Accessories > Jewelry,,1,,,,unisex,,,adult,,,,,,,,,GIA,Fine Jewelry
1385,https://colourdiam.com/Product/Jewellery/Model%20images/1385/video.mp4,"2.00 cts Fancy Yellowish Green SI2
Main stone – 01 pcs 2.00 cts
18 K Ring: 7.62 gram 
WD: 36 / 0.52
PINK: 64 / 0.31
MQ - 16 / 2.06",in stock,new,65723.28 SGD,https://colourdiam.com/productdetail/1385,https://www.colourdiam.com/Product/Jewellery/1385/white45/center.jpg,ColourDiam,Apparel & Accessories > Jewelry,,1,,,,unisex,,,adult,,,,,,,,,GIA,Fine Jewelry
5440,0.33 cts Light Blue (Undetermined) SI1 Main stone – 01 pcs 0.33 cts 18 K Ring: 3.00 gram  WD: 27 / 0.39 PRINCESS : 2 / 0.11,https://colourdiam.com/Product/Jewellery/Model%20images/5440/9834524-20250711-153329.jpeg,in stock,new,5842.07 SGD,https://colourdiam.com/productdetail/5440,https://www.colourdiam.com/Product/Jewellery/5440/white45/center.jpg,ColourDiam,Apparel & Accessories > Jewelry,,1,,,,unisex,,,adult,,,,,,,,,GIA,Fine Jewelry
5421,0.53 cts Faint Blue (Undetermined)  VS2 Main stone – 01 pcs 0.53 cts 18 K Ring: 3.36 gram  WD: 39 / 0.57,"0.53 cts Faint Blue (Undetermined)  VS2
Main stone – 01 pcs 0.53 cts
18 K Ring: 3.36 gram 
WD: 39 / 0.57",in stock,new,6572.33 SGD,,https://www.colourdiam.com/Product/Jewellery/5421/white45/center.jpg,ColourDiam,Apparel & Accessories > Jewelry,,1,,,,unisex,,,adult,,,,,,,,,GIA,Fine Jewelry
4748,https://colourdiam.com/Product/Jewellery/Model%20images/4748/video.mp4,"https://colourdiam.com/Product/Jewellery/Model%20images/4748/center.jpeg
https://colourdiam.com/Product/Jewellery/Model%20images/4748/colour-diam-model-images-207.jpeg",in stock,new,6572.33 SGD,https://colourdiam.com/productdetail/4748,https://www.colourdiam.com/Product/Jewellery/4748/white45/center.jpg,ColourDiam,Apparel & Accessories > Jewelry,,1,,,,unisex,,,adult,,,,,,,,,GIA,Fine Jewelry
8507,1.00 cts Fancy Green VS Main Stone - 01 pcs - 1.00 cts 18k Ring : 4.15 gram WD : 28 / 0.45,"1.00 cts Fancy Green VS
Main Stone - 01 pcs - 1.00 cts
18k Ring : 4.15 gram
WD : 28 / 0.45",in stock,new,7302.59 SGD,,https://www.colourdiam.com/Product/Jewellery/8507/white45/center.jpg,ColourDiam,Apparel & Accessories > Jewelry,,1,,,,unisex,,,adult,,,,,,,,,AGL,Fine Jewelry
8508,1.51 cts Fancy Green VS Main Stone - 01 pcs - 1.51 cts 18k Ring : 3.15 gram WD : 34 / 0.42 PINK : 20 /0.13,"1.51 cts Fancy Green VS
Main Stone - 01 pcs - 1.51 cts
18k Ring : 3.15 gram
WD : 34 / 0.42
PINK : 20 /0.13",in stock,new,10953.88 SGD,,https://www.colourdiam.com/Product/Jewellery/8508/white45/center.jpg,ColourDiam,Apparel & Accessories > Jewelry,,1,,,,unisex,,,adult,,,,,,,,,AGL,Fine Jewelry
5431,0.39 cts Very light Blue (Undetermined) Vs1 Main stone - 01 - 0.39 cts 18k Ring : 3.84 gram WD : 79 / 0.52 PINK : 17 / 0.13,"0.39 cts Very light Blue (Undetermined) Vs1
Main stone - 01 - 0.39 cts
18k Ring : 3.84 gram
WD : 79 / 0.52
PINK : 17 / 0.13",in stock,new,8032.84 SGD,,https://www.colourdiam.com/Product/Jewellery/5431/white45/center.jpg,ColourDiam,Apparel & Accessories > Jewelry,,1,,,,unisex,,,adult,,,,,,,,,GIA,Fine Jewelry
8512,1.03 cts Fancy Green VS Main Stone - 01 pcs - 1.03 cts 18k Ring : 5.08 gram WD : 113 / 0.69,"1.03 cts Fancy Green VS
Main Stone - 01 pcs - 1.03 cts
18k Ring : 5.08 gram
WD : 113 / 0.69",in stock,new,7302.59 SGD,,https://www.colourdiam.com/Product/Jewellery/8512/white45/center.jpg,ColourDiam,Apparel & Accessories > Jewelry,,1,,,,unisex,,,adult,,,,,,,,,AGL,Fine Jewelry
8510,1.00 cts Fancy Green VS Main Stone - 01 pcs - 1.00 cts 18k Ring : 3.73 gram WD : 80 / 0.53 PINK : 18 / 0.15,"1.00 cts Fancy Green VS
Main Stone - 01 pcs - 1.00 cts
18k Ring : 3.73 gram
WD : 80 / 0.53
PINK : 18 / 0.15",in stock,new,7302.59 SGD,,https://www.colourdiam.com/Product/Jewellery/8510/white45/center.jpg,ColourDiam,Apparel & Accessories > Jewelry,,1,,,,unisex,,,adult,,,,,,,,,AGL,Fine Jewelry
8503,1.51 cts Fancy Intense Green SI1 Main Stone - 01 pcs - 1.51 cts 18k Ring : 3.97 gram WD : 20 / 0.51 BAGUETTE : 04 / 0.23,"1.51 cts Fancy Intense Green SI1
Main Stone - 01 pcs - 1.51 cts
18k Ring : 3.97 gram
WD : 20 / 0.51
BAGUETTE : 04 / 0.23",in stock,new,12414.4 SGD,,https://www.colourdiam.com/Product/Jewellery/8503/white45/center.jpg,ColourDiam,Apparel & Accessories > Jewelry,,1,,,,unisex,,,adult,,,,,,,,,AGL,Fine Jewelry
5422,0.35 cts Light Blue (Undetermined) SI2 Main Stone - 01 pcs - 0.35 cts 18k Ring : 3.26 gram WD : 48 / 0.23 MARQUISE : 11 / 0.14 PINK : 16 / 0.10,"0.35 cts Light Blue (Undetermined) SI2
Main Stone - 01 pcs - 0.35 cts
18k Ring : 3.26 gram
WD : 48 / 0.23
MARQUISE : 11 / 0.14
PINK : 16 / 0.10",in stock,new,7302.59 SGD,,https://www.colourdiam.com/Product/Jewellery/5422/white45/center.jpg,ColourDiam,Apparel & Accessories > Jewelry,,1,,,,unisex,,,adult,,,,,,,,,GIA,Fine Jewelry
4254,1.02 cts  Fancy Green SI Main Stone - 01 pcs - 1.02 cts 18k Ring : 4.051 gram WD : 66 / 0.254 PINK : 24 / 0.077 MQ : 07 / 0.287,"1.02 cts  Fancy Green SI
Main Stone - 01 pcs - 1.02 cts
18k Ring : 4.051 gram
WD : 66 / 0.254
PINK : 24 / 0.077
MQ : 07 / 0.287",in stock,new,5111.81 SGD,,https://www.colourdiam.com/Product/Jewellery/4254/white45/center.jpg,ColourDiam,Apparel & Accessories > Jewelry,,1,,,,unisex,,,adult,,,,,,,,,AGL,Fine Jewelry
8505,https://colourdiam.com/Product/Jewellery/Model%20images/8505/video.mp4,https://colourdiam.com/Product/Jewellery/Model%20images/8505/center.jpeg,in stock,new,9493.36 SGD,https://colourdiam.com/productdetail/8505,https://www.colourdiam.com/Product/Jewellery/8505/white45/center.jpg,ColourDiam,Apparel & Accessories > Jewelry,,1,,,,unisex,,,adult,,,,,,,,,AGL,Fine Jewelry
8509,https://colourdiam.com/Product/Jewellery/Model%20images/8509/video.mp4,"1.01 cts  Fancy Green SI
Main Stone - 01 pcs - 1.01 cts
18k Ring : 6.56 gram
WD : 2.13 cts",in stock,new,7302.59 SGD,https://colourdiam.com/productdetail/8509,https://www.colourdiam.com/Product/Jewellery/8509/white45/center.jpg,ColourDiam,Apparel & Accessories > Jewelry,,1,,,,unisex,,,adult,,,,,,,,,AGL,Fine Jewelry
4744_4858,0.61 cts Light Blue SI2 / (Undetermined) 0.50 cts Fancy Light Green VS2 (Undetermined)  Main Stone - 02 pcs - 1.11 cts 18 k Ring : 4.83 gram WD : 50 / 0.47,"https://colourdiam.com/Product/Jewellery/Model%20images/4744_4858/1.jpg
https://colourdiam.com/Product/Jewellery/Model%20images/4744_4858/UN-0656_1.jpg",in stock,new,13874.91 SGD,https://colourdiam.com/productdetail/Menu/4744/4858,https://www.colourdiam.com/Product/Jewellery/4744_4858/white45/center.jpg,ColourDiam,Apparel & Accessories > Jewelry,,1,,,,unisex,,,adult,,,,,,,,,GIA,Fine Jewelry
7988,4.23 cts Emerald  Main Stone - 02 pcs - 4.23 cts 18k Earring : 9.42 gram GREEN : 02 / 0.84 cts RED : 06 / 1.29 GREEN EMERALD : 12 / 1.05,"4.23 cts Emerald 
Main Stone - 02 pcs - 4.23 cts
18k Earring : 9.42 gram
GREEN : 02 / 0.84 cts
RED : 06 / 1.29
GREEN EMERALD : 12 / 1.05",in stock,new,0 SGD,,https://www.colourdiam.com/Product/Jewellery/7988/white45/center.jpg,ColourDiam,Apparel & Accessories > Jewelry,,1,,,,unisex,,,adult,,,,,,,,,,Fine Jewelry
7989,20.91 cts Oval RED Main Stone - 02 pcs - 20.91 cts 18k Earring : 10.29 gram ORANGY RED : 72 / 0.660,"20.91 cts Oval RED
Main Stone - 02 pcs - 20.91 cts
18k Earring : 10.29 gram
ORANGY RED : 72 / 0.660",in stock,new,0 SGD,,https://www.colourdiam.com/Product/Jewellery/7989/white45/center.jpg,ColourDiam,Apparel & Accessories > Jewelry,,1,,,,unisex,,,adult,,,,,,,,,,Fine Jewelry
7990,24.03 cts Emerald Main Stone - 01 pcs - 24.03 cts 18k Pendant : 10.83 gram WD : 83 / 0.697,"24.03 cts Emerald
Main Stone - 01 pcs - 24.03 cts
18k Pendant : 10.83 gram
WD : 83 / 0.697",in stock,new,0 SGD,,https://www.colourdiam.com/Product/Jewellery/7990/white45/center.jpg,ColourDiam,Apparel & Accessories > Jewelry,,1,,,,unisex,,,adult,,,,,,,,,,Fine Jewelry
8511,https://colourdiam.com/Product/Jewellery/Model%20images/8511/video.mp4,"1.50 cts Fancy Green SI
Main Stone - 01 pcs - 1.50 cts
18k Ring : 5.35 gram
WD : 38 / 0.74
PINK : 27 / 0.12",in stock,new,10953.88 SGD,https://colourdiam.com/productdetail/8511,https://www.colourdiam.com/Product/Jewellery/8511/white45/center.jpg,ColourDiam,Apparel & Accessories > Jewelry,,1,,,,unisex,,,adult,,,,,,,,,AGL,Fine Jewelry
8551,1.51 cts Fancy Brownish Greenish Yellow VS2 Main Stone - 01 pcs - 1.51 cts 18k Ring : 3.22 gram WD : 54 / 0.404 PINK : 28 / 0.084,"1.51 cts Fancy Brownish Greenish Yellow VS2
Main Stone - 01 pcs - 1.51 cts
18k Ring : 3.22 gram
WD : 54 / 0.404
PINK : 28 / 0.084",in stock,new,12414.4 SGD,,https://www.colourdiam.com/Product/Jewellery/8551/white45/center.jpg,ColourDiam,Apparel & Accessories > Jewelry,,1,,,,unisex,,,adult,,,,,,,,,GIA,Fine Jewelry
8678,0.90 ct Fancy Vivid Yellow(Treated) I1 Mainstone - 01 - 0.90 cts 18k Ring : 6.420 gram WD : 12 / 0.30,"0.90 ct Fancy Vivid Yellow(Treated) I1
Mainstone - 01 - 0.90 cts
18k Ring : 6.420 gram
WD : 12 / 0.30",in stock,new,1898.67 SGD,,https://www.colourdiam.com/Product/Jewellery/8678/white45/center.jpg,ColourDiam,Apparel & Accessories > Jewelry,,1,,,,unisex,,,adult,,,,,,,,,GIA,Fine Jewelry
4706,0.65 cts Light Blue (Undetermined) SI1 Main Stone - 01 pcs - 0.65 cts 18k Ring : 5.47 gram WD : 33 / 0.33 PEAR : 10 / 0.79 PINK : 18 / 0.10,"0.65 cts Light Blue (Undetermined) SI1
Main Stone - 01 pcs - 0.65 cts
18k Ring : 5.47 gram
WD : 33 / 0.33
PEAR : 10 / 0.79
PINK : 18 / 0.10",in stock,new,9493.36 SGD,,https://www.colourdiam.com/Product/Jewellery/4706/white45/center.jpg,ColourDiam,Apparel & Accessories > Jewelry,,1,,,,unisex,,,adult,,,,,,,,,GIA,Fine Jewelry
4750,0.69 cts Light Green (Undetermined) VS1 Main Stone - 01 pcs - 0.69 cts 18k Ring : 6.19 gram WD : 100 / 0.75,"0.69 cts Light Green (Undetermined) VS1
Main Stone - 01 pcs - 0.69 cts
18k Ring : 6.19 gram
WD : 100 / 0.75",in stock,new,8032.84 SGD,,https://www.colourdiam.com/Product/Jewellery/4750/white45/center.jpg,ColourDiam,Apparel & Accessories > Jewelry,,1,,,,unisex,,,adult,,,,,,,,,GIA,Fine Jewelry
7127,0.55 cts Faint Pink SI2 Mainstone - 01 pcs - 0.55 cts 18k Ring : 9.55 gram PEAR : 04 / 0.72 PRINCESS : 04 / 0.44 WD : 177 / 1.23,"0.55 cts Faint Pink SI2
Mainstone - 01 pcs - 0.55 cts
18k Ring : 9.55 gram
PEAR : 04 / 0.72
PRINCESS : 04 / 0.44
WD : 177 / 1.23",in stock,new,9493.36 SGD,,https://www.colourdiam.com/Product/Jewellery/7127/white45/center.jpg,ColourDiam,Apparel & Accessories > Jewelry,,1,,,,unisex,,,adult,,,,,,,,,GIA,Fine Jewelry
6185,1.50 cts D Colour VS1  Mainstone - 01 pcs - 1.50 cts 18k Ring : 5.92 Gram WD : 66 /1.06,"1.50 cts D Colour VS1
 Mainstone - 01 pcs - 1.50 cts
18k Ring : 5.92 Gram
WD : 66 /1.06",in stock,new,14605.17 SGD,,https://www.colourdiam.com/Product/Jewellery/6185/white45/center.jpg,ColourDiam,Apparel & Accessories > Jewelry,,1,,,,unisex,,,adult,,,,,,,,,GIA,Fine Jewelry
3832,1.00 cts G Colour Si2  Mainstone - 01 pcs - 1.00 cts 18k Ring : 2.19 Gram WD : 12 / 0.123,"1.00 cts G Colour Si2
 Mainstone - 01 pcs - 1.00 cts
18k Ring : 2.19 Gram
WD : 12 / 0.123",in stock,new,4089.45 SGD,,https://www.colourdiam.com/Product/Jewellery/3832/white45/center.jpg,ColourDiam,Apparel & Accessories > Jewelry,,1,,,,unisex,,,adult,,,,,,,,,IGI,Fine Jewelry
8765_8762,0.610 cts  H colour SI1 18k-Earring : 1.33 gram Main stone - 2 pcs – 0.610 cts,"0.610 cts  H colour SI1
18k-Earring : 1.33 gram
Main stone - 2 pcs – 0.610 cts",in stock,new,657.23 SGD,https://colourdiam.com/productdetail/Menu/8765/8762,"https://www.colourdiam.com/Product/Jewellery/8765_8762
/white45/center.jpg",ColourDiam,Apparel & Accessories > Jewelry,,1,,,,unisex,,,adult,,,,,,,,,IGI,Fine Jewelry
5564_6916,0.70 cts Faint Pink SI2/  0.70 cts Faint Pink SI1 18k-Earring : 8.134 gram Main stone - 2 pcs – 1.40 cts WD : 112 / 1.11 PEAR : 24 / 2.38,"0.70 cts Faint Pink SI2/
 0.70 cts Faint Pink SI1
18k-Earring : 8.134 gram
Main stone - 2 pcs – 1.40 cts
WD : 112 / 1.11
PEAR : 24 / 2.38",in stock,new,14605.17 SGD,https://colourdiam.com/productdetail/Menu/5564/6916,https://www.colourdiam.com/Product/Jewellery/5564_6916/white45/center.jpg,ColourDiam,Apparel & Accessories > Jewelry,,1,,,,unisex,,,adult,,,,,,,,,GIA,Fine Jewelry
7233,1.25 cts Faint Pink SI2 Mainstone - 01 pcs - 1.25 cts 18k Ring : 6.92 gram PEAR : 10 / 1.74 WD: 74 / 0.95,"https://colourdiam.com/Product/Jewellery/Model%20images/7233/center.jpeg
https://colourdiam.com/Product/Jewellery/Model%20images/7233/colour-diam-model-images-357.jpeg",in stock,new,21907.76 SGD,,https://www.colourdiam.com/Product/Jewellery/7233/white45/center.jpg,ColourDiam,Apparel & Accessories > Jewelry,,1,,,,unisex,,,adult,,,,,,,,,GIA,Fine Jewelry
4732_4745,0.50 cts Faint Blue SI1/ 0.55 cts Very Light Green VS2 Mainstone - 02 pcs - 1.05 cts 18k Ring : 4.80 gram WD: 52 / 0.49,"https://colourdiam.com/Product/Jewellery/Model%20images/4732_4745/center.jpeg
https://colourdiam.com/Product/Jewellery/Model%20images/4732_4745/colour-diam-model-images-204.jpeg",in stock,new,14459.12 SGD,https://colourdiam.com/productdetail/Menu/4732/4745,https://www.colourdiam.com/Product/Jewellery/4732_4745/white45/center.jpg,ColourDiam,Apparel & Accessories > Jewelry,,1,,,,unisex,,,adult,,,,,,,,,GIA,Fine Jewelry
8334,https://colourdiam.com/Product/Jewellery/Model%20images/8334/video.mp4,https://colourdiam.com/Product/Jewellery/Model%20images/8334/center.jpeg,in stock,new,26289.31 SGD,https://colourdiam.com/productdetail/8334,https://www.colourdiam.com/Product/Jewellery/8334/white45/center.jpg,ColourDiam,Apparel & Accessories > Jewelry,,1,,,,unisex,,,adult,,,,,,,,,GIA,Fine Jewelry
7475,https://colourdiam.com/Product/Jewellery/Model%20images/7475/video.mp4,"2.23 cts Fancy Green SI ( Convertiable)
Mainstone - 01 pcs - 2.23 cts
18k Ring : 8.59 gram
WD: 104 / 0.75
PEAR: 10 / 1.84
PINK : 26 / 0.14",in stock,new,21177.5 SGD,https://colourdiam.com/productdetail/7475,https://www.colourdiam.com/Product/Jewellery/7475/white45/center.jpg,ColourDiam,Apparel & Accessories > Jewelry,,1,,,,unisex,,,adult,,,,,,,,,AGL,Fine Jewelry
7369,3.50 CT Fancy Brownish Greenish Yellow Vs2 Mainstone - 01 pcs - 3.60 cts 18k Ring : 8.674 gram WD: 85 / 0.48 PEAR : 16 / 0.59,"3.50 CT Fancy Brownish Greenish Yellow Vs2
Mainstone - 01 pcs - 3.60 cts
18k Ring : 8.674 gram
WD: 85 / 0.48
PEAR : 16 / 0.59",in stock,new,36512.93 SGD,,https://www.colourdiam.com/Product/Jewellery/7369/white45/center.jpg,ColourDiam,Apparel & Accessories > Jewelry,,1,,,,unisex,,,adult,,,,,,,,,GIA,Fine Jewelry
4723,https://colourdiam.com/Product/Jewellery/Model%20images/4723/video.mp4,"https://colourdiam.com/Product/Jewellery/Model%20images/4723/center.jpeg
https://colourdiam.com/Product/Jewellery/Model%20images/4723/colour-diam-model-images-203.jpeg",in stock,new,8032.84 SGD,https://colourdiam.com/productdetail/4723,https://www.colourdiam.com/Product/Jewellery/4723/white45/center.jpg,ColourDiam,Apparel & Accessories > Jewelry,,1,,,,unisex,,,adult,,,,,,,,,GIA,Fine Jewelry
6278,0.70 CT Very Light Pink SI2 Mainstone - 01 pcs - 0.70 cts 18k Ring : 6.344 gram WD: 66 / 0.67,"0.70 CT Very Light Pink SI2
Mainstone - 01 pcs - 0.70 cts
18k Ring : 6.344 gram
WD: 66 / 0.67",in stock,new,11684.14 SGD,,https://www.colourdiam.com/Product/Jewellery/6278/white45/center.jpg,ColourDiam,Apparel & Accessories > Jewelry,,1,,,,unisex,,,adult,,,,,,,,,GIA,Fine Jewelry
5437,https://colourdiam.com/Product/Jewellery/Model%20images/5437/video.mp4,"0.66 CT Fancy Light Green VVS2(undetermined)
Mainstone - 01 pcs - 0.66 cts
18k Ring : 4.310 gram
WD: 37/ 0.54",in stock,new,8032.84 SGD,https://colourdiam.com/productdetail/5437,https://www.colourdiam.com/Product/Jewellery/5437/white45/center.jpg,ColourDiam,Apparel & Accessories > Jewelry,,1,,,,unisex,,,adult,,,,,,,,,GIA,Fine Jewelry
8513,1.00 CT Fancy Green VS Mainstone - 01 pcs - 1.00 cts 18k Ring : 3.437 gram WD: 44 / 0.62,"1.00 CT Fancy Green VS
Mainstone - 01 pcs - 1.00 cts
18k Ring : 3.437 gram
WD: 44 / 0.62",in stock,new,4381.55 SGD,,https://www.colourdiam.com/Product/Jewellery/8513/white45/center.jpg,ColourDiam,Apparel & Accessories > Jewelry,,1,,,,unisex,,,adult,,,,,,,,,AGL,Fine Jewelry
8694,1.19 Ct Light Green Yellow VS1 Mainstone - 01 pcs - 1.19 cts 18k Ring : 4.27 gram WD: 38/ 0.15 PINK : 19 / 0.19 MQ : 16 / 1.04,"1.19 Ct Light Green Yellow VS1
Mainstone - 01 pcs - 1.19 cts
18k Ring : 4.27 gram
WD: 38/ 0.15
PINK : 19 / 0.19
MQ : 16 / 1.04",in stock,new,11684.14 SGD,,https://www.colourdiam.com/Product/Jewellery/8694/white45/center.jpg,ColourDiam,Apparel & Accessories > Jewelry,,1,,,,unisex,,,adult,,,,,,,,,GIA,Fine Jewelry
8696,1.10 Ct Fancy Light Greenish Yellow VVS2 Mainstone - 01 pcs - 1.10 cts 18k Ring : 4.336 gram WD: 38/ 0.15 PINK : 19 / 0.19 MQ : 16 / 1.04,"1.10 Ct Fancy Light Greenish Yellow VVS2
Mainstone - 01 pcs - 1.10 cts
18k Ring : 4.336 gram
WD: 38/ 0.15
PINK : 19 / 0.19
MQ : 16 / 1.04",in stock,new,13144.66 SGD,,https://www.colourdiam.com/Product/Jewellery/8696/white45/center.jpg,ColourDiam,Apparel & Accessories > Jewelry,,1,,,,unisex,,,adult,,,,,,,,,GIA,Fine Jewelry
8380,https://colourdiam.com/Product/Jewellery/Model%20images/8380/video.mp4,"1.74 Ct Fancy Brownish Greenish Yellow VS2
Mainstone - 01 pcs - 1.74 cts
18k Ring : 4.78 gram
WD: 34 / 0.240
MQ : 14 / 1.08",in stock,new,13144.66 SGD,https://colourdiam.com/productdetail/8380,https://www.colourdiam.com/Product/Jewellery/8380/white45/center.jpg,ColourDiam,Apparel & Accessories > Jewelry,,1,,,,unisex,,,adult,,,,,,,,,GIA,Fine Jewelry
8550,https://colourdiam.com/Product/Jewellery/Model%20images/8550/video.mp4,"3.030 Fancy Dark Brown Greenish Yellow SI2
Mainstone - 01 pcs - 3.030 cts
18k Ring : 5.97 gram
WD: 32 / 0.256
MQ : 14 / 2.540",in stock,new,26289.31 SGD,https://colourdiam.com/productdetail/8550,https://www.colourdiam.com/Product/Jewellery/8550/white45/center.jpg,ColourDiam,Apparel & Accessories > Jewelry,,1,,,,unisex,,,adult,,,,,,,,,GIA,Fine Jewelry
7589,3.01 Fancy Pink VS Mainstone - 01 pcs - 3.01 cts 18k Ring : 6.524 gram WD: 38 / 0.15 Pink : 22 / 0.33 Oval : 12 / 1.91,"3.01 Fancy Pink VS
Mainstone - 01 pcs - 3.01 cts
18k Ring : 6.524 gram
WD: 38 / 0.15
Pink : 22 / 0.33
Oval : 12 / 1.91",in stock,new,43815.52 SGD,,https://www.colourdiam.com/Product/Jewellery/7589/white45/center.jpg,ColourDiam,Apparel & Accessories > Jewelry,,1,,,,unisex,,,adult,,,,,,,,,AGL,Fine Jewelry
7745,0.53 Faint Pink SI2 Mainstone - 01 pcs - 0.53 cts 18k Ring : 2.81 gram WD: 36 / 0.234,"0.53 Faint Pink SI2
Mainstone - 01 pcs - 0.53 cts
18k Ring : 2.81 gram
WD: 36 / 0.234",in stock,new,8763.1 SGD,,https://www.colourdiam.com/Product/Jewellery/7745/white45/center.jpg,ColourDiam,Apparel & Accessories > Jewelry,,1,,,,unisex,,,adult,,,,,,,,,GIA,Fine Jewelry
7746,0.51 Faint Pink SI1 Mainstone - 01 pcs - 0.51 cts 18k Ring : 4.157 gram WD: 73 / 1.08 PINK : 15 / 0.135,"0.51 Faint Pink SI1
Mainstone - 01 pcs - 0.51 cts
18k Ring : 4.157 gram
WD: 73 / 1.08
PINK : 15 / 0.135",in stock,new,10223.62 SGD,,https://www.colourdiam.com/Product/Jewellery/7746/white45/center.jpg,ColourDiam,Apparel & Accessories > Jewelry,,1,,,,unisex,,,adult,,,,,,,,,GIA,Fine Jewelry
7819,0.53 Light Pink SI2 Mainstone - 01 pcs - 0.53 cts 18k Ring : 4.157 gram WD: 73 / 1.08 PINK: 15 /  0.135,"0.53 Light Pink SI2
Mainstone - 01 pcs - 0.53 cts
18k Ring : 4.157 gram
WD: 73 / 1.08
PINK: 15 /  0.135",in stock,new,11684.14 SGD,,https://www.colourdiam.com/Product/Jewellery/7819/white45/center.jpg,ColourDiam,Apparel & Accessories > Jewelry,,1,,,,unisex,,,adult,,,,,,,,,GIA,Fine Jewelry
7800,0.50 Faint Pink VS1 Mainstone - 01 pcs - 0.50 cts 18k Ring : 4.15 gram WD: 74 / 1.09 PINK: 16 /  0.144,"0.50 Faint Pink VS1
Mainstone - 01 pcs - 0.50 cts
18k Ring : 4.15 gram
WD: 74 / 1.09
PINK: 16 /  0.144",in stock,new,11684.14 SGD,,https://www.colourdiam.com/Product/Jewellery/7800/white45/center.jpg,ColourDiam,Apparel & Accessories > Jewelry,,1,,,,unisex,,,adult,,,,,,,,,GIA,Fine Jewelry
8013,1.01 Faint Yellow Green VS1 Mainstone - 01 pcs - 1.01 cts 18k Ring : 4.325 gram WD: 58 / 0.23 PINK: 20 / 0.18 MQ : 10 / 0.25,"1.01 Faint Yellow Green VS1
Mainstone - 01 pcs - 1.01 cts
18k Ring : 4.325 gram
WD: 58 / 0.23
PINK: 20 / 0.18
MQ : 10 / 0.25",in stock,new,10223.62 SGD,,https://www.colourdiam.com/Product/Jewellery/8013/white45/center.jpg,ColourDiam,Apparel & Accessories > Jewelry,,1,,,,unisex,,,adult,,,,,,,,,GIA,Fine Jewelry
8587,1.00 Fancy Light Brownish Greenish Yellow SI2 Mainstone - 01 pcs - 1.00 cts 18k Ring : 4.403 gram WD: 69 / 0.308 PEAR : 08 / 1.04,"1.00 Fancy Light Brownish Greenish Yellow SI2
Mainstone - 01 pcs - 1.00 cts
18k Ring : 4.403 gram
WD: 69 / 0.308
PEAR : 08 / 1.04",in stock,new,9493.36 SGD,,https://www.colourdiam.com/Product/Jewellery/8587/white45/center.jpg,ColourDiam,Apparel & Accessories > Jewelry,,1,,,,unisex,,,adult,,,,,,,,,GIA,Fine Jewelry
7170,0.70 Fancy Green Yellow SI1(undetermined) Mainstone - 01 pcs - 1.00 cts 18k Ring : 4.403 gram WD: 40 / 0.27,"0.70 Fancy Green Yellow SI1(undetermined)
Mainstone - 01 pcs - 1.00 cts
18k Ring : 4.403 gram
WD: 40 / 0.27",in stock,new,5842.07 SGD,,https://www.colourdiam.com/Product/Jewellery/7170/white45/center.jpg,ColourDiam,Apparel & Accessories > Jewelry,,1,,,,unisex,,,adult,,,,,,,,,GIA,Fine Jewelry
6955_7700,0.36 cts Light Yellow Green SI1/ 0.50 cts Faint Yellow Green VS2 Mainstone - 02 pcs - 0.86 cts 18k Ring : 6.645 gram Pear : 08 / 0.49 MQ : 12 / 0.96,"0.36 cts Light Yellow Green SI1/
0.50 cts Faint Yellow Green VS2
Mainstone - 02 pcs - 0.86 cts
18k Ring : 6.645 gram
Pear : 08 / 0.49
MQ : 12 / 0.96",in stock,new,11684.14 SGD,,https://www.colourdiam.com/Product/Jewellery/6955_7700/white45/center.jpg,ColourDiam,Apparel & Accessories > Jewelry,,1,,,,unisex,,,adult,,,,,,,,,GIA,Fine Jewelry
7984,0.54 Very Light Pink VS2 Mainstone - 01 pcs - 0.54 cts 18k Ring : 5.096 gram WD: 128 / 0.512 MQ: 10 / 0.80 PINK: 16 / 0.144,"https://colourdiam.com/Product/Jewellery/Model%20images/7984/colour-diam-model-images-409.jpeg
https://colourdiam.com/Product/Jewellery/Model%20images/7984/model.jpeg",in stock,new,12852.55 SGD,https://colourdiam.com/productdetail/7984,https://www.colourdiam.com/Product/Jewellery/7984/white45/center.jpg,ColourDiam,Apparel & Accessories > Jewelry,,1,,,,unisex,,,adult,,,,,,,,,GIA,Fine Jewelry
8693_8690,1.51 Ct Fancy Light Greenish Yellow SI1/ 1.51 Ct Light Greenish Yellow VS2 18k-Earring : 4.848 gram Main stone - 2 pcs – 3.02 cts WD : 02 / 0.22  MQ : 14 / 1.34,"1.51 Ct Fancy Light Greenish Yellow SI1/
1.51 Ct Light Greenish Yellow VS2
18k-Earring : 4.848 gram
Main stone - 2 pcs – 3.02 cts
WD : 02 / 0.22 
MQ : 14 / 1.34",in stock,new,21907.76 SGD,https://colourdiam.com/productdetail/Menu/8693/8690,https://www.colourdiam.com/Product/Jewellery/8693_8690/white45/center.jpg,ColourDiam,Apparel & Accessories > Jewelry,,1,,,,unisex,,,adult,,,,,,,,,GIA,Fine Jewelry
8585,1.01 cts Fancy Brownish Greenish Yellow Si2 Mainstone - 01 pcs - 1.01 cts 18k Ring : 3.63 gram WD: 64 / 0.336,"1.01 cts Fancy Brownish Greenish Yellow Si2
Mainstone - 01 pcs - 1.01 cts
18k Ring : 3.63 gram
WD: 64 / 0.336",in stock,new,10223.62 SGD,https://colourdiam.com/productdetail/8585,https://www.colourdiam.com/Product/Jewellery/8585/white45/center.jpg,ColourDiam,Apparel & Accessories > Jewelry,,1,,,,unisex,,,adult,,,,,,,,,GIA,Fine Jewelry
7983,0.61 cts Faint Pink VS2 Mainstone - 01 pcs - 0.61 cts 18k Ring : 3.535 gram WD: 57 / 0.228 PINK : 15 / 0.135 MQ : 08 / 0.20,"https://colourdiam.com/Product/Jewellery/Model%20images/7983/123.jpeg
https://colourdiam.com/Product/Jewellery/Model%20images/7983/center.jpeg
https://colourdiam.com/Product/Jewellery/Model%20images/7983/colour-diam-model-images-407.jpeg
https://colourdiam.com/Product/Jewellery/Model%20images/7983/colour-diam-model-images-408.jpeg",in stock,new,13874.91 SGD,https://colourdiam.com/productdetail/7983,https://www.colourdiam.com/Product/Jewellery/7983/white45/center.jpg,ColourDiam,Apparel & Accessories > Jewelry,,1,,,,unisex,,,adult,,,,,,,,,GIA,Fine Jewelry
8692_8697,1.24 Ct Fancy Light Greenish Yellow VS1/ 1.21 Ct Light Greenish Yellow SI1 18k-Earring : 9.106 gram Main stone - 2 pcs – 2.45 cts WD : 110 / 2.14  PINK : 34 / 0.51,"1.24 Ct Fancy Light Greenish Yellow VS1/
1.21 Ct Light Greenish Yellow SI1
18k-Earring : 9.106 gram
Main stone - 2 pcs – 2.45 cts
WD : 110 / 2.14 
PINK : 34 / 0.51",in stock,new,26289.31 SGD,https://colourdiam.com/productdetail/Menu/8692/8697,https://www.colourdiam.com/Product/Jewellery/8692_8697/white45/center.jpg,ColourDiam,Apparel & Accessories > Jewelry,,1,,,,unisex,,,adult,,,,,,,,,GIA,Fine Jewelry
7699,0.72 cts Faint Pink I1 Mainstone - 01 pcs - 0.72 cts 18k Ring : 3.301 gram WD: 90 / 0.33,"0.72 cts Faint Pink I1
Mainstone - 01 pcs - 0.72 cts
18k Ring : 3.301 gram
WD: 90 / 0.33",in stock,new,9493.36 SGD,https://colourdiam.com/productdetail/7699,https://www.colourdiam.com/Product/Jewellery/7699/white45/center.jpg,ColourDiam,Apparel & Accessories > Jewelry,,1,,,,unisex,,,adult,,,,,,,,,GIA,Fine Jewelry
7049_5653,5.01 cts Y-Z Colour Si2  18 k ring :  5.79 gram  Cadillac : 02 / 0.72,"5.01 cts Y-Z Colour Si2 
18 k ring :  5.79 gram
 Cadillac : 02 / 0.72",in stock,new,43815.52 SGD,,https://www.colourdiam.com/Product/Jewellery/7049_5653/white45/center.jpg,ColourDiam,Apparel & Accessories > Jewelry,,1,,,,unisex,,,adult,,,,,,,,,GIA,Fine Jewelry
8844_8848,https://colourdiam.com/Product/Jewellery/Model%20images/8844_8848/9287.mp4,https://colourdiam.com/Product/Jewellery/Model%20images/8844_8848/center.jpeg,in stock,new,803.28 SGD,https://colourdiam.com/productdetail/Menu/8844/8848,https://www.colourdiam.com/Product/Jewellery/8844_8848/white45/center.jpg,ColourDiam,Apparel & Accessories > Jewelry,,1,,,,unisex,,,adult,,,,,,,,,GIA,Fine Jewelry
8838,0.40 cts Fancy Pink Diamond Earring Mainstone - 02 pcs - 0.40 cts 18k Earring : 11.496 gram PRINCESS WD : 262 / 2.71 Blue Gemstone : 126 / 0.82,"0.40 cts Fancy Pink Diamond Earring
Mainstone - 02 pcs - 0.40 cts
18k Earring : 11.496 gram
PRINCESS WD : 262 / 2.71
Blue Gemstone : 126 / 0.82",in stock,new,3312.45 SGD,https://colourdiam.com/productdetail/8838,https://www.colourdiam.com/Product/Jewellery/8838/white45/center.jpg,ColourDiam,Apparel & Accessories > Jewelry,,1,,,,unisex,,,adult,,,,,,,,,,Fine Jewelry
6066,https://colourdiam.com/Product/Jewellery/Model%20images/6066/video.mp4,"0.28 cts Faint Pink Si1
Mainstone - 01 pcs - 0.28 cts
18k Ring : 5.578 gram
WD: 32 / 0.46
PEAR: 01 / 0.25",in stock,new,8763.1 SGD,https://colourdiam.com/productdetail/6066,https://www.colourdiam.com/Product/Jewellery/6066/white45/center.jpg,ColourDiam,Apparel & Accessories > Jewelry,,1,,,,unisex,,,adult,,,,,,,,,GIA,Fine Jewelry
7566_7571_4668,1.50 ct Fancy Pink SI2 1.40 ct Fancy Pink SI2 Main stone – 2 pcs 2.90 cts 18k Earring: 9.50 gram  WD : 32 / 0.28 PINK : 56 / 0.665 PEAR : 32 / 1.17 BULLET : 02 / 0.46,"1.50 ct Fancy Pink SI2
1.40 ct Fancy Pink SI2
Main stone – 2 pcs 2.90 cts
18k Earring: 9.50 gram 
WD : 32 / 0.28
PINK : 56 / 0.665
PEAR : 32 / 1.17
BULLET : 02 / 0.46",in stock,new,29210.35 SGD,https://colourdiam.com/productdetail/Menu/7566/7571/4668,https://www.colourdiam.com/Product/Jewellery/7566_7571_4668/white45/center.jpg,ColourDiam,Apparel & Accessories > Jewelry,,1,,,,unisex,,,adult,,,,,,,,,AGL,Fine Jewelry
4903,1.03 cts Fancy Yellow Green SI1 Mainstone - 01 pcs - 1.03 cts 18k Ring : 3.69 gram HEART : 02 / 0.36 PINK:  0.19,"1.03 cts Fancy Yellow Green SI1
Mainstone - 01 pcs - 1.03 cts
18k Ring : 3.69 gram
HEART : 02 / 0.36
PINK:  0.19",in stock,new,6572.33 SGD,https://colourdiam.com/productdetail/4903,https://www.colourdiam.com/Product/Jewellery/4903/white45/center.jpg,ColourDiam,Apparel & Accessories > Jewelry,,1,,,,unisex,,,adult,,,,,,,,,GIA,Fine Jewelry
5416,0.47 cts Fancy Light Bluish Green VS1 Mainstone - 01 pcs - 0.47 cts 18k Ring : 4.175 gram WHITE : 40 / 0.44 PINK:  18 / 0.09 OVAL : 02 / 0.29,"0.47 cts Fancy Light Bluish Green VS1
Mainstone - 01 pcs - 0.47 cts
18k Ring : 4.175 gram
WHITE : 40 / 0.44
PINK:  18 / 0.09
OVAL : 02 / 0.29",in stock,new,7302.59 SGD,,https://www.colourdiam.com/Product/Jewellery/5416/white45/center.jpg,ColourDiam,Apparel & Accessories > Jewelry,,1,,,,unisex,,,adult,,,,,,,,,GIA,Fine Jewelry
5435,https://colourdiam.com/Product/Jewellery/Model%20images/5435/video.mp4,"0.50cts Fancy Light Blue Green VS1
Mainstone - 01 pcs - 0.50 cts
18k Ring : 4.70 gram
WHITE : 54 / 0.34
PINK:  18 / 0.09",in stock,new,7302.59 SGD,https://colourdiam.com/productdetail/5435,https://www.colourdiam.com/Product/Jewellery/5435/white45/center.jpg,ColourDiam,Apparel & Accessories > Jewelry,,1,,,,unisex,,,adult,,,,,,,,,GIA,Fine Jewelry
8549_8559,https://colourdiam.com/Product/Jewellery/Model%20images/8549_8559/model.mp4,"1.50 cts Fancy Brownish Greenish Yellow VS1/
1.51 cts Fancy Brownish Greenish Yellow SI1
18k-Earring : 7.745 gram
Main stone - 2 pcs – 3.01 cts
MQ : 06 / 1.120
PINK : 36 / 0.30
PEAR : 06 / 1.130",in stock,new,24098.53 SGD,https://colourdiam.com/productdetail/Menu/8549/8559,https://www.colourdiam.com/Product/Jewellery/8549_8559/white45/center.jpg,ColourDiam,Apparel & Accessories > Jewelry,,1,,,,unisex,,,adult,,,,,,,,,GIA,Fine Jewelry
8554_7272,0.25 cts Light Pink SI1/ 1.00 cts Fancy Brownish Greenish Yellow SI2 Mainstone - 02 pcs - 1.25 cts 18k Ring : 5.435 gram WD : 12 / 0.35 MQ : 06 / 0.85 PINK : 37 / 0.14,"0.25 cts Light Pink SI1/
1.00 cts Fancy Brownish Greenish Yellow SI2
Mainstone - 02 pcs - 1.25 cts
18k Ring : 5.435 gram
WD : 12 / 0.35
MQ : 06 / 0.85
PINK : 37 / 0.14",in stock,new,17526.21 SGD,https://colourdiam.com/productdetail/Menu/8554/7272,https://www.colourdiam.com/Product/Jewellery/8554_7272/white45/center.jpg,ColourDiam,Apparel & Accessories > Jewelry,,1,,,,unisex,,,adult,,,,,,,,,GIA,Fine Jewelry
8665,1.07 cts  Fancy Brownish Greenish Yellow SI2 Mainstone - 01 pcs - 1.07 cts 18k Ring :5.796 gram WHITE : 50 / 0.38 PINK:  26 / 0.12 MQ : 08 / 0.66,"1.07 cts  Fancy Brownish Greenish Yellow SI2
Mainstone - 01 pcs - 1.07 cts
18k Ring :5.796 gram
WHITE : 50 / 0.38
PINK:  26 / 0.12
MQ : 08 / 0.66",in stock,new,12414.4 SGD,https://colourdiam.com/productdetail/8665,https://www.colourdiam.com/Product/Jewellery/8665/white45/center.jpg,ColourDiam,Apparel & Accessories > Jewelry,,1,,,,unisex,,,adult,,,,,,,,,GIA,Fine Jewelry
9143,2.505 cts Fancy Yellow Mix shape 18k-Earring : 11.45 gram Main stone - 16 pcs – 2.505 cts WD : 459 / 2.04 cts,"2.505 cts Fancy Yellow Mix shape
18k-Earring : 11.45 gram
Main stone - 16 pcs – 2.505 cts
WD : 459 / 2.04 cts",in stock,new,10953.88 SGD,,https://www.colourdiam.com/Product/Jewellery/9143/white45/center.jpg,ColourDiam,Apparel & Accessories > Jewelry,,1,,,,unisex,,,adult,,,,,,,,,AGL,Fine Jewelry
8539,22.55 cts Ruby 18k-Earring/Pendant : 11.52 gram Main stone - 03 pcs – 22.55 cts WD : 166 / 1.65 cts,"22.55 cts Ruby
18k-Earring/Pendant : 11.52 gram
Main stone - 03 pcs – 22.55 cts
WD : 166 / 1.65 cts",in stock,new,0 SGD,,https://www.colourdiam.com/Product/Jewellery/8539/white45/center.jpg,ColourDiam,Apparel & Accessories > Jewelry,,1,,,,unisex,,,adult,,,,,,,,,,Fine Jewelry
7152_7268,0.40 cts Very Light Pink I1/ 0.74 cts Very Light Pink SI2 Mainstone - 02 pcs - 1.14 cts 18k Ring : 7.625 gram WD : 71 / 0.31 PINK : 27 / 0.31,"0.40 cts Very Light Pink I1/
0.74 cts Very Light Pink SI2
Mainstone - 02 pcs - 1.14 cts
18k Ring : 7.625 gram
WD : 71 / 0.31
PINK : 27 / 0.31",in stock,new,21907.76 SGD,,https://www.colourdiam.com/Product/Jewellery/7152_7268/white45/center.jpg,ColourDiam,Apparel & Accessories > Jewelry,,1,,,,unisex,,,adult,,,,,,,,,GIA,Fine Jewelry
8555,https://colourdiam.com/Product/Jewellery/Model%20images/8555/Model%20Video%20.mp4,"1.00 cts Fancy Brownish Greenish Yellow VS2
Mainstone - 01 pcs - 1.00 cts
18k Ring : 3.238 gram
WHITE : 32 / 0.36",in stock,new,8763.1 SGD,https://colourdiam.com/productdetail/8555,https://www.colourdiam.com/Product/Jewellery/8555/white45/center.jpg,ColourDiam,Apparel & Accessories > Jewelry,,1,,,,unisex,,,adult,,,,,,,,,GIA,Fine Jewelry
8898,1.63 cts Fancy Yellow VS Mainstone - 01 pcs - 1.63 cts 18k Earring : 3.716 gram WHITE : 48 / 1.63,"1.63 cts Fancy Yellow VS
Mainstone - 01 pcs - 1.63 cts
18k Earring : 3.716 gram
WHITE : 48 / 1.63",in stock,new,1752.62 SGD,https://colourdiam.com/productdetail/8898,https://www.colourdiam.com/Product/Jewellery/8898/white45/center.jpg,ColourDiam,Apparel & Accessories > Jewelry,,1,,,,unisex,,,adult,,,,,,,,,,Fine Jewelry
8179_5668,https://colourdiam.com/Product/Jewellery/Model%20images/8179_5668/video.mp4,"1.71 cts Fancy Light Greenish Yellow Si1
Mainstone - 01 pcs - 1.71 cts
18k Ring : 4.45 gram
WHITE : 40 / 0.566
HALFMOON : 02 / 0.17
PINK : 18 / 0.20",in stock,new,21907.76 SGD,https://colourdiam.com/productdetail/Menu/8179/5668,https://www.colourdiam.com/Product/Jewellery/8179_5668/white45/center.jpg,ColourDiam,Apparel & Accessories > Jewelry,,1,,,,unisex,,,adult,,,,,,,,,GIA,Fine Jewelry
9131_9132,9.73 cts Ruby Light  Mainstone - 04 pcs - 9.73 cts Silver Earring/Pendant : 8.92 gram Yellow : 94 / 0.95,"9.73 cts Ruby Light 
Mainstone - 04 pcs - 9.73 cts
Silver Earring/Pendant : 8.92 gram
Yellow : 94 / 0.95",in stock,new,949.34 SGD,https://colourdiam.com/productdetail/Menu/9131/9132,https://www.colourdiam.com/Product/Jewellery/9131_9132/white45/center.jpg,ColourDiam,Apparel & Accessories > Jewelry,,1,,,,unisex,,,adult,,,,,,,,,,Fine Jewelry
9133,,,in stock,new,0 SGD,https://colourdiam.com/productdetail/9133,https://www.colourdiam.com/Product/Jewellery/9133/white45/center.jpg,ColourDiam,Apparel & Accessories > Jewelry,,1,,,,unisex,,,adult,,,,,,,,,,Fine Jewelry
6156,https://colourdiam.com/Product/Jewellery/Model%20images/6156/video.mp4,"1.01 cts D VS1
Mainstone - 01 pcs - 1.01 cts
18k Ring : 2.81 gram
WHITE : 35 / 0.26",in stock,new,6572.33 SGD,https://colourdiam.com/productdetail/6156,https://www.colourdiam.com/Product/Jewellery/6156/white45/center.jpg,ColourDiam,Apparel & Accessories > Jewelry,,1,,,,unisex,,,adult,,,,,,,,,GIA,Fine Jewelry
6665,1.17 cts Fancy Pinkish Brown Si2 Mainstone - 01 pcs - 1.17 cts 18k Ring : 3.01 gram WHITE : 88 / 0.39,"1.17 cts Fancy Pinkish Brown Si2
Mainstone - 01 pcs - 1.17 cts
18k Ring : 3.01 gram
WHITE : 88 / 0.39",in stock,new,9493.36 SGD,https://colourdiam.com/productdetail/6665,https://www.colourdiam.com/Product/Jewellery/6665/white45/center.jpg,ColourDiam,Apparel & Accessories > Jewelry,,1,,,,unisex,,,adult,,,,,,,,,GIA,Fine Jewelry
7557,https://colourdiam.com/Product/Jewellery/Model%20images/7557/7557.mp4,"https://colourdiam.com/Product/Jewellery/Model%20images/7557/center.jpeg
https://colourdiam.com/Product/Jewellery/Model%20images/7557/colour-diam-model-images-390.jpeg",in stock,new,32861.64 SGD,https://colourdiam.com/productdetail/7557,https://www.colourdiam.com/Product/Jewellery/7557/white45/center.jpg,ColourDiam,Apparel & Accessories > Jewelry,,1,,,,unisex,,,adult,,,,,,,,,GIA,Fine Jewelry
9148,3.36 cts Ruby Light Mainstone - 01 pcs - 3.36 cts Silver Earring : 3.75 gram Yellow : 64 / 0.32,"3.36 cts Ruby Light
Mainstone - 01 pcs - 3.36 cts
Silver Earring : 3.75 gram
Yellow : 64 / 0.32",in stock,new,211.78 SGD,https://colourdiam.com/productdetail/9148,https://www.colourdiam.com/Product/Jewellery/9148/white45/center.jpg,ColourDiam,Apparel & Accessories > Jewelry,,1,,,,unisex,,,adult,,,,,,,,,,Fine Jewelry
5425,0.43 cts Fancy Light Greenish Blue Vs2 (Undetermined) Mainstone - 01 pcs - 0.43 18k Ring : 4.27 gram WHITE : 97 / 0.73,"0.43 cts Fancy Light Greenish Blue Vs2 (Undetermined)
Mainstone - 01 pcs - 0.43
18k Ring : 4.27 gram
WHITE : 97 / 0.73",in stock,new,8032.84 SGD,,https://www.colourdiam.com/Product/Jewellery/5425/white45/center.jpg,ColourDiam,Apparel & Accessories > Jewelry,,1,,,,unisex,,,adult,,,,,,,,,GIA,Fine Jewelry
6952,0.40 cts Faint Pink Si2 Mainstone - 01 pcs - 0.40 18k Ring : 4.05 gram WHITE : 17 /0.18 PEAR : 08 / 0.60,"0.40 cts Faint Pink Si2
Mainstone - 01 pcs - 0.40
18k Ring : 4.05 gram
WHITE : 17 /0.18
PEAR : 08 / 0.60",in stock,new,6572.33 SGD,,https://www.colourdiam.com/Product/Jewellery/6952/white45/center.jpg,ColourDiam,Apparel & Accessories > Jewelry,,1,,,,unisex,,,adult,,,,,,,,,GIA,Fine Jewelry
3605,1.11 Fancy Yellow VVS Mainstone - 01 pcs - 1.11 18k Ring : 4.77 gram YELLOW : 34 / 0.296 WHITE : 34 / 0.277,"1.11 Fancy Yellow VVS
Mainstone - 01 pcs - 1.11
18k Ring : 4.77 gram
YELLOW : 34 / 0.296
WHITE : 34 / 0.277",in stock,new,5842.07 SGD,,https://www.colourdiam.com/Product/Jewellery/3605/white45/center.jpg,ColourDiam,Apparel & Accessories > Jewelry,,1,,,,unisex,,,adult,,,,,,,,,AGL,Fine Jewelry
8178,1.20 cts Light Green Yellow VS1 Mainstone - 01 pcs - 1.20 18k Ring :  3.710 gram Baguettes  : 04 / 0.21 Round WHITE : 32 / 0.66,"1.20 cts Light Green Yellow VS1
Mainstone - 01 pcs - 1.20
18k Ring :  3.710 gram
Baguettes  : 04 / 0.21
Round WHITE : 32 / 0.66",in stock,new,10953.88 SGD,,https://www.colourdiam.com/Product/Jewellery/8178/white45/center.jpg,ColourDiam,Apparel & Accessories > Jewelry,,1,,,,unisex,,,adult,,,,,,,,,GIA,Fine Jewelry
1980,https://colourdiam.com/Product/Jewellery/Model%20images/1980/video.mp4,"0.75 cts Fancy Deep Yellowish Orange SI2
Mainstone - 01 pcs - 0.75
18k Ring : 2.560 gram
Round WHITE : 16 / 0.14",in stock,new,5842.07 SGD,https://colourdiam.com/productdetail/1980,https://www.colourdiam.com/Product/Jewellery/1980/white45/center.jpg,ColourDiam,Apparel & Accessories > Jewelry,,1,,,,unisex,,,adult,,,,,,,,,GIA,Fine Jewelry
4728,https://colourdiam.com/Product/Jewellery/Model%20images/4728/video.mp4,"0.80 cts Fancy Light Green VVS2
Mainstone - 01 pcs - 0.80
18k Ring : 4.34 gram
WHITE : 46 / 0.52
PINK : 0.10
TRAPEZOID : 02 / 0.15",in stock,new,8032.84 SGD,https://colourdiam.com/productdetail/4728,https://www.colourdiam.com/Product/Jewellery/4728/white45/center.jpg,ColourDiam,Apparel & Accessories > Jewelry,,1,,,,unisex,,,adult,,,,,,,,,GIA,Fine Jewelry
9156,0.44 Ct Blue Sapphire 18K  Earring : 5.782 gram Main Stone - 70 Pcs - 0.44 Cts WHITE : 138 / 0.66,"0.44 Ct Blue Sapphire
18K  Earring : 5.782 gram
Main Stone - 70 Pcs - 0.44 Cts
WHITE : 138 / 0.66",in stock,new,0 SGD,https://colourdiam.com/productdetail/9156,https://www.colourdiam.com/Product/Jewellery/9156/white45/center.jpg,ColourDiam,Apparel & Accessories > Jewelry,,1,,,,unisex,,,adult,,,,,,,,,,Fine Jewelry
9026_9024,"0.3 Ct G SI1 0.3 Ct G SI1 18K - Earring : 1.067 gram Main Stone - 2 Pcs 0.60 Cts","0.3 Ct G SI1
0.3 Ct G SI1
18K - Earring : 1.067 gram
Main Stone - 2 Pcs 0.60 Cts",in stock,new,803.28 SGD,,https://www.colourdiam.com/Product/Jewellery/9026_9024/white45/center.jpg,ColourDiam,Apparel & Accessories > Jewelry,,1,,,,unisex,,,adult,,,,,,,,,IGI,Fine Jewelry
9028_9121,https://colourdiam.com/Product/Jewellery/Model%20images/9028_9121/9028.mp4,https://colourdiam.com/Product/Jewellery/Model%20images/9028_9121/center.jpeg,in stock,new,803.28 SGD,https://colourdiam.com/productdetail/Menu/9028/9121,https://www.colourdiam.com/Product/Jewellery/9028_9121/white45/center.jpg,ColourDiam,Apparel & Accessories > Jewelry,,1,,,,unisex,,,adult,,,,,,,,,IGI,Fine Jewelry
9029_9056,"0.3 Ct G SI1  0.3 Ct G SI1  18K - Earring : 1.069 gram  Main Stone - 2 Pcs 0.60 Cts","0.3 Ct G SI1 
0.3 Ct G SI1 
18K - Earring : 1.069 gram 
Main Stone - 2 Pcs 0.60 Cts",in stock,new,803.28 SGD,https://colourdiam.com/productdetail/Menu/9029/9056,https://www.colourdiam.com/Product/Jewellery/9029_9056/white45/center.jpg,ColourDiam,Apparel & Accessories > Jewelry,,1,,,,unisex,,,adult,,,,,,,,,IGI,Fine Jewelry
9030_9048,https://colourdiam.com/Product/Jewellery/Model%20images/9030_9048/9287.mp4,https://colourdiam.com/Product/Jewellery/Model%20images/9030_9048/center.jpeg,in stock,new,803.28 SGD,https://colourdiam.com/productdetail/Menu/9030/9048,https://www.colourdiam.com/Product/Jewellery/9030_9048/white45/center.jpg,ColourDiam,Apparel & Accessories > Jewelry,,1,,,,unisex,,,adult,,,,,,,,,IGI,Fine Jewelry
9031_9071,"0.3 Ct G SI1 0.3 Ct G SI1 18K - Earring : 1.034 gram Main Stone - 2 Pcs 0.60 Cts","0.3 Ct G SI1
0.3 Ct G SI1
18K - Earring : 1.034 gram
Main Stone - 2 Pcs 0.60 Cts",in stock,new,803.28 SGD,https://colourdiam.com/productdetail/Menu/9031/9071,https://www.colourdiam.com/Product/Jewellery/9031_9071/white45/center.jpg,ColourDiam,Apparel & Accessories > Jewelry,,1,,,,unisex,,,adult,,,,,,,,,IGI,Fine Jewelry
9032_9087,"0.3 Ct E SI1 0.3 Ct G SI1 18K - Earring : 1.027 gram Main Stone - 2 Pcs 0.60 Cts","0.3 Ct E SI1
0.3 Ct G SI1
18K - Earring : 1.027 gram
Main Stone - 2 Pcs 0.60 Cts",in stock,new,803.28 SGD,https://colourdiam.com/productdetail/Menu/9032/9087,https://www.colourdiam.com/Product/Jewellery/9032_9087/white45/center.jpg,ColourDiam,Apparel & Accessories > Jewelry,,1,,,,unisex,,,adult,,,,,,,,,IGI,Fine Jewelry
9034_9120,"0.3 Ct F SI1 0.3 Ct G SI1 18K - Earring : 1.036 gram Main Stone - 2 Pcs 0.60 Cts","0.3 Ct F SI1
0.3 Ct G SI1
18K - Earring : 1.036 gram
Main Stone - 2 Pcs 0.60 Cts",in stock,new,803.28 SGD,https://colourdiam.com/productdetail/Menu/9034/9120,https://www.colourdiam.com/Product/Jewellery/9034_9120/white45/center.jpg,ColourDiam,Apparel & Accessories > Jewelry,,1,,,,unisex,,,adult,,,,,,,,,IGI,Fine Jewelry
9037_9055,"0.3 Ct G SI1 0.3 Ct G SI1 18K - Earring : 1.029 gram Main Stone - 2 Pcs 0.60 Cts","0.3 Ct G SI1
0.3 Ct G SI1
18K - Earring : 1.029 gram
Main Stone - 2 Pcs 0.60 Cts",in stock,new,803.28 SGD,https://colourdiam.com/productdetail/Menu/9037/9055,https://www.colourdiam.com/Product/Jewellery/9037_9055/white45/center.jpg,ColourDiam,Apparel & Accessories > Jewelry,,1,,,,unisex,,,adult,,,,,,,,,IGI,Fine Jewelry
9040_9089,"0.3 Ct G SI1 0.3 Ct G SI1 18K - Earring : 1.102 gram Main Stone - 2 Pcs 0.60 Cts","0.3 Ct G SI1
0.3 Ct G SI1
18K - Earring : 1.102 gram
Main Stone - 2 Pcs 0.60 Cts",in stock,new,803.28 SGD,https://colourdiam.com/productdetail/Menu/9040/9089,https://www.colourdiam.com/Product/Jewellery/9040_9089/white45/center.jpg,ColourDiam,Apparel & Accessories > Jewelry,,1,,,,unisex,,,adult,,,,,,,,,IGI,Fine Jewelry
9041_9067,https://colourdiam.com/Product/Jewellery/Model%20images/9041_9067/9287.mp4,https://colourdiam.com/Product/Jewellery/Model%20images/9041_9067/center.jpeg,in stock,new,803.28 SGD,https://colourdiam.com/productdetail/Menu/9041/9067,https://www.colourdiam.com/Product/Jewellery/9041_9067/white45/center.jpg,ColourDiam,Apparel & Accessories > Jewelry,,1,,,,unisex,,,adult,,,,,,,,,IGI,Fine Jewelry
9042_9075,https://colourdiam.com/Product/Jewellery/Model%20images/9042_9075/9287.mp4,https://colourdiam.com/Product/Jewellery/Model%20images/9042_9075/center.jpeg,in stock,new,803.28 SGD,https://colourdiam.com/productdetail/Menu/9042/9075,https://www.colourdiam.com/Product/Jewellery/9042_9075/white45/center.jpg,ColourDiam,Apparel & Accessories > Jewelry,,1,,,,unisex,,,adult,,,,,,,,,IGI,Fine Jewelry
9044_9049,"0.3 Ct G SI1 0.3 Ct G SI1 18K - Earring : 1.020 gram Main Stone - 2 Pcs 0.60 Cts","0.3 Ct G SI1
0.3 Ct G SI1
18K - Earring : 1.020 gram
Main Stone - 2 Pcs 0.60 Cts",in stock,new,803.28 SGD,https://colourdiam.com/productdetail/Menu/9044/9049,https://www.colourdiam.com/Product/Jewellery/9044_9049/white45/center.jpg,ColourDiam,Apparel & Accessories > Jewelry,,1,,,,unisex,,,adult,,,,,,,,,IGI,Fine Jewelry
9045_9061,"0.3 Ct G SI1 0.3 Ct G SI1 18K - Earring : 1.104 gram Main Stone - 2 Pcs 0.60 Cts","0.3 Ct G SI1
0.3 Ct G SI1
18K - Earring : 1.104 gram
Main Stone - 2 Pcs 0.60 Cts",in stock,new,803.28 SGD,https://colourdiam.com/productdetail/Menu/9045/9061,https://www.colourdiam.com/Product/Jewellery/9045_9061/white45/center.jpg,ColourDiam,Apparel & Accessories > Jewelry,,1,,,,unisex,,,adult,,,,,,,,,IGI,Fine Jewelry
9046_9107,"0.3 Ct G SI1 0.3 Ct F SI1 18K - Earring : 1.015 gram Main Stone - 2 Pcs 0.60 Cts","0.3 Ct G SI1
0.3 Ct F SI1
18K - Earring : 1.015 gram
Main Stone - 2 Pcs 0.60 Cts",in stock,new,803.28 SGD,https://colourdiam.com/productdetail/Menu/9046/9107,https://www.colourdiam.com/Product/Jewellery/9046_9107/white45/center.jpg,ColourDiam,Apparel & Accessories > Jewelry,,1,,,,unisex,,,adult,,,,,,,,,IGI,Fine Jewelry
9047_9108,https://colourdiam.com/Product/Jewellery/Model%20images/9047_9108/9287.mp4,https://colourdiam.com/Product/Jewellery/Model%20images/9047_9108/center.jpeg,in stock,new,803.28 SGD,https://colourdiam.com/productdetail/Menu/9047/9108,https://www.colourdiam.com/Product/Jewellery/9047_9108/white45/center.jpg,ColourDiam,Apparel & Accessories > Jewelry,,1,,,,unisex,,,adult,,,,,,,,,IGI,Fine Jewelry
9050_9127,https://colourdiam.com/Product/Jewellery/Model%20images/9050_9127/model%20video.mp4,https://colourdiam.com/Product/Jewellery/Model%20images/9050_9127/center.jpeg,in stock,new,803.28 SGD,https://colourdiam.com/productdetail/Menu/9050/9127,https://www.colourdiam.com/Product/Jewellery/9050_9127/white45/center.jpg,ColourDiam,Apparel & Accessories > Jewelry,,1,,,,unisex,,,adult,,,,,,,,,IGI,Fine Jewelry
9060_9077,"0.3 Ct G SI1 0.3 Ct G SI1 18K - Earring : 1.037 gram Main Stone - 2 Pcs 0.60 Cts","0.3 Ct G SI1
0.3 Ct G SI1
18K - Earring : 1.037 gram
Main Stone - 2 Pcs 0.60 Cts",in stock,new,803.28 SGD,https://colourdiam.com/productdetail/Menu/9060/9077,https://www.colourdiam.com/Product/Jewellery/9060_9077/white45/center.jpg,ColourDiam,Apparel & Accessories > Jewelry,,1,,,,unisex,,,adult,,,,,,,,,IGI,Fine Jewelry
9062_9078,"0.3 Ct G SI1 0.3 Ct G SI1 18K - Earring : 1.023 gram Main Stone - 2 Pcs 0.60 Cts","0.3 Ct G SI1
0.3 Ct G SI1
18K - Earring : 1.023 gram
Main Stone - 2 Pcs 0.60 Cts",in stock,new,803.28 SGD,https://colourdiam.com/productdetail/Menu/9062/9078,https://www.colourdiam.com/Product/Jewellery/9062_9078/white45/center.jpg,ColourDiam,Apparel & Accessories > Jewelry,,1,,,,unisex,,,adult,,,,,,,,,IGI,Fine Jewelry
9063_9074,"0.3 Ct G SI1 0.3 Ct G SI1 18K - Earring : 1.101 gram Main Stone - 2 Pcs 0.60 Cts","0.3 Ct G SI1
0.3 Ct G SI1
18K - Earring : 1.101 gram
Main Stone - 2 Pcs 0.60 Cts",in stock,new,803.28 SGD,https://colourdiam.com/productdetail/Menu/9063/9074,https://www.colourdiam.com/Product/Jewellery/9063_9074/white45/center.jpg,ColourDiam,Apparel & Accessories > Jewelry,,1,,,,unisex,,,adult,,,,,,,,,IGI,Fine Jewelry
9064_9103,"0.3 Ct G SI1 0.3 Ct F SI1 18K - Earring : 1.027 gram Main Stone - 2 Pcs 0.60 Cts","0.3 Ct G SI1
0.3 Ct F SI1
18K - Earring : 1.027 gram
Main Stone - 2 Pcs 0.60 Cts",in stock,new,73.03 SGD,https://colourdiam.com/productdetail/Menu/9064/9103,https://www.colourdiam.com/Product/Jewellery/9064_9103/white45/center.jpg,ColourDiam,Apparel & Accessories > Jewelry,,1,,,,unisex,,,adult,,,,,,,,,IGI,Fine Jewelry
9065_9113,https://colourdiam.com/Product/Jewellery/Model%20images/9065_9113/9287.mp4,https://colourdiam.com/Product/Jewellery/Model%20images/9065_9113/center.jpeg,in stock,new,803.28 SGD,https://colourdiam.com/productdetail/Menu/9065/9113,https://www.colourdiam.com/Product/Jewellery/9065_9113/white45/center.jpg,ColourDiam,Apparel & Accessories > Jewelry,,1,,,,unisex,,,adult,,,,,,,,,IGI,Fine Jewelry
9066_9124,"0.3 Ct G SI1 0.3 Ct G SI1 18K - Earring : 1.064 gram Main Stone - 2 Pcs 0.60 Cts","0.3 Ct G SI1
0.3 Ct G SI1
18K - Earring : 1.064 gram
Main Stone - 2 Pcs 0.60 Cts",in stock,new,803.28 SGD,https://colourdiam.com/productdetail/Menu/9066/9124,https://www.colourdiam.com/Product/Jewellery/9066_9124/white45/center.jpg,ColourDiam,Apparel & Accessories > Jewelry,,1,,,,unisex,,,adult,,,,,,,,,IGI,Fine Jewelry
9068_9102,"0.3 Ct G SI1 0.3 Ct F SI1 18K - Earring : 1.037 gram Main Stone - 2 Pcs 0.60 Cts","0.3 Ct G SI1
0.3 Ct F SI1
18K - Earring : 1.037 gram
Main Stone - 2 Pcs 0.60 Cts",in stock,new,803.28 SGD,https://colourdiam.com/productdetail/Menu/9068/9102,https://www.colourdiam.com/Product/Jewellery/9068_9102/white45/center.jpg,ColourDiam,Apparel & Accessories > Jewelry,,1,,,,unisex,,,adult,,,,,,,,,IGI,Fine Jewelry
9069_9079,"0.3 Ct G SI1 0.3 Ct G SI1 18K - Earring : 1.019 gram Main Stone - 2 Pcs 0.60 Cts","0.3 Ct G SI1
0.3 Ct G SI1
18K - Earring : 1.019 gram
Main Stone - 2 Pcs 0.60 Cts",in stock,new,803.28 SGD,https://colourdiam.com/productdetail/Menu/9069/9079,https://www.colourdiam.com/Product/Jewellery/9069_9079/white45/center.jpg,ColourDiam,Apparel & Accessories > Jewelry,,1,,,,unisex,,,adult,,,,,,,,,IGI,Fine Jewelry
9072_9100,https://colourdiam.com/Product/Jewellery/Model%20images/9072_9100/9287.mp4,https://colourdiam.com/Product/Jewellery/Model%20images/9072_9100/center.jpeg,in stock,new,803.28 SGD,https://colourdiam.com/productdetail/Menu/9072/9100,https://www.colourdiam.com/Product/Jewellery/9072_9100/white45/center.jpg,ColourDiam,Apparel & Accessories > Jewelry,,1,,,,unisex,,,adult,,,,,,,,,IGI,Fine Jewelry
9088_9118,"0.3 Ct G SI1 0.3 Ct G SI1 18K - Earring : 1.028 gram Main Stone - 2 Pcs 0.60 Cts","0.3 Ct G SI1
0.3 Ct G SI1
18K - Earring : 1.028 gram
Main Stone - 2 Pcs 0.60 Cts",in stock,new,803.28 SGD,https://colourdiam.com/productdetail/Menu/9088/9118,https://www.colourdiam.com/Product/Jewellery/9088_9118/white45/center.jpg,ColourDiam,Apparel & Accessories > Jewelry,,1,,,,unisex,,,adult,,,,,,,,,IGI,Fine Jewelry
9092_9110,https://colourdiam.com/Product/Jewellery/Model%20images/9092_9110/9287.mp4,https://colourdiam.com/Product/Jewellery/Model%20images/9092_9110/center.jpeg,in stock,new,803.28 SGD,https://colourdiam.com/productdetail/Menu/9092/9110,https://www.colourdiam.com/Product/Jewellery/9092_9110/white45/center.jpg,ColourDiam,Apparel & Accessories > Jewelry,,1,,,,unisex,,,adult,,,,,,,,,IGI,Fine Jewelry
9104_9033,"0.3 Ct F SI1 0.3 Ct F SI1 18K - Earring : 1.027 gram Main Stone - 2 Pcs 0.60 Cts","0.3 Ct F SI1
0.3 Ct F SI1
18K - Earring : 1.027 gram
Main Stone - 2 Pcs 0.60 Cts",in stock,new,803.28 SGD,https://colourdiam.com/productdetail/Menu/9101/9051,https://www.colourdiam.com/Product/Jewellery/9101_9051/white45/center.jpg,ColourDiam,Apparel & Accessories > Jewelry,,1,,,,unisex,,,adult,,,,,,,,,IGI,Fine Jewelry
9106_9128,"0.3 Ct F SI1 0.3 Ct G SI1 18K - Earring : 1.072 gram Main Stone - 2 Pcs 0.60 Cts","0.3 Ct F SI1
0.3 Ct G SI1
18K - Earring : 1.072 gram
Main Stone - 2 Pcs 0.60 Cts",in stock,new,803.28 SGD,https://colourdiam.com/productdetail/Menu/9104/9033,https://www.colourdiam.com/Product/Jewellery/9104_9033/white45/center.jpg,ColourDiam,Apparel & Accessories > Jewelry,,1,,,,unisex,,,adult,,,,,,,,,IGI,Fine Jewelry
9116_9123,"0.3 Ct G SI1 0.3 Ct G SI1 18K - Earring : 1.024 gram Main Stone - 2 Pcs 0.60 Cts","0.3 Ct G SI1
0.3 Ct G SI1
18K - Earring : 1.024 gram
Main Stone - 2 Pcs 0.60 Cts",in stock,new,803.28 SGD,https://colourdiam.com/productdetail/Menu/9106/9128,https://www.colourdiam.com/Product/Jewellery/9106_9128/white45/center.jpg,ColourDiam,Apparel & Accessories > Jewelry,,1,,,,unisex,,,adult,,,,,,,,,IGI,Fine Jewelry
9122_9126,https://colourdiam.com/Product/Jewellery/Model%20images/9122_9126/9287.mp4,https://colourdiam.com/Product/Jewellery/Model%20images/9122_9126/center.jpeg,in stock,new,803.28 SGD,https://colourdiam.com/productdetail/Menu/9116/9123,https://www.colourdiam.com/Product/Jewellery/9116_9123/white45/center.jpg,ColourDiam,Apparel & Accessories > Jewelry,,1,,,,unisex,,,adult,,,,,,,,,IGI,Fine Jewelry
9025_9027,https://colourdiam.com/Product/Jewellery/Model%20images/9025_9027/9025.mp4,https://colourdiam.com/Product/Jewellery/Model%20images/9025_9027/center.jpeg,in stock,new,803.28 SGD,https://colourdiam.com/productdetail/Menu/9122/9126,https://www.colourdiam.com/Product/Jewellery/9122_9126/white45/center.jpg,ColourDiam,Apparel & Accessories > Jewelry,,1,,,,unisex,,,adult,,,,,,,,,IGI,Fine Jewelry
9035_9109,"0.3 Ct F SI1 0.3 Ct F SI1 18K - Earring : 1.019 gram Main Stone - 2 Pcs 0.60 Cts","0.3 Ct F SI1
0.3 Ct F SI1
18K - Earring : 1.019 gram
Main Stone - 2 Pcs 0.60 Cts",in stock,new,803.28 SGD,https://colourdiam.com/productdetail/Menu/9025/9027,https://www.colourdiam.com/Product/Jewellery/9025_9027/white45/center.jpg,ColourDiam,Apparel & Accessories > Jewelry,,1,,,,unisex,,,adult,,,,,,,,,IGI,Fine Jewelry
9036_9119,0.3 Ct F SI1 0.3 Ct G SI1 18K - Earring : 1.039 gram Main Stone - 2 Pcs 0.60 Cts,"0.3 Ct F SI1
0.3 Ct G SI1
18K - Earring : 1.039 gram
Main Stone - 2 Pcs 0.60 Cts",in stock,new,803.28 SGD,https://colourdiam.com/productdetail/Menu/9035/9109,https://www.colourdiam.com/Product/Jewellery/9035_9109/white45/center.jpg,ColourDiam,Apparel & Accessories > Jewelry,,1,,,,unisex,,,adult,,,,,,,,,IGI,Fine Jewelry
9039_9043,"0.3 Ct G SI1 0.3 Ct G SI1 18K - Earring : 1.012 gram Main Stone - 2 Pcs 0.60 Cts","0.3 Ct G SI1
0.3 Ct G SI1
18K - Earring : 1.012 gram
Main Stone - 2 Pcs 0.60 Cts",in stock,new,803.28 SGD,https://colourdiam.com/productdetail/Menu/9036/9119,https://www.colourdiam.com/Product/Jewellery/9036_9119/white45/center.jpg,ColourDiam,Apparel & Accessories > Jewelry,,1,,,,unisex,,,adult,,,,,,,,,IGI,Fine Jewelry
5424_8731,0.55 cts Faint Blue (Undetermined) Vs1 Mainstone - 01 pcs - 0.55 cts 18k Ring : 4.186 gram WHITE : 90 / 0.40,"0.55 cts Faint Blue (Undetermined) Vs1
Mainstone - 01 pcs - 0.55 cts
18k Ring : 4.186 gram
WHITE : 90 / 0.40",in stock,new,8032.84 SGD,https://colourdiam.com/productdetail/Menu/9039/9043,https://www.colourdiam.com/Product/Jewellery/9039_9043/white45/center.jpg,ColourDiam,Apparel & Accessories > Jewelry,,1,,,,unisex,,,adult,,,,,,,,,GIA,Fine Jewelry
9150,2.04 cts F VS2 18K  Ring : 2.900 gram Main Stone - 1 pcs - 2.04 Cts,"2.04 cts F VS2
18K  Ring : 2.900 gram
Main Stone - 1 pcs - 2.04 Cts",in stock,new,1460.52 SGD,https://colourdiam.com/productdetail/Menu/5424/8731,https://www.colourdiam.com/Product/Jewellery/5424_8731/white45/center.jpg,ColourDiam,Apparel & Accessories > Jewelry,,1,,,,unisex,,,adult,,,,,,,,,IGI,Fine Jewelry
8553,https://colourdiam.com/Product/Jewellery/Model%20images/8553/video.mp4,"1.24 cts Fancy Brownish Greenish Yellow VS2
Mainstone - 01 pcs - 1.24 cts
18k Ring : 3.477 gram
WHITE : 32 / 0.48",in stock,new,8763.1 SGD,https://colourdiam.com/productdetail/9150,https://www.colourdiam.com/Product/Jewellery/9150/white45/center.jpg,ColourDiam,Apparel & Accessories > Jewelry,,1,,,,unisex,,,adult,,,,,,,,,GIA,Fine Jewelry
9176,https://colourdiam.com/Product/Jewellery/Model%20images/9176/9176.mp4,"0.10 cts Fancy Pink VS
Mainstone -  18 pcs - 0.10 cts
18k Pendant :  1.261 gram
WHITE :  30 / 0.204",in stock,new,3651.29 SGD,https://colourdiam.com/productdetail/8553,https://www.colourdiam.com/Product/Jewellery/8553/white45/center.jpg,ColourDiam,Apparel & Accessories > Jewelry,,1,,,,unisex,,,adult,,,,,,,,,,Fine Jewelry
5754_6998,https://colourdiam.com/Product/Jewellery/Model%20images/5754_6998/video.mp4,https://colourdiam.com/Product/Jewellery/Model%20images/5754_6998/center.jpeg,in stock,new,26289.31 SGD,https://colourdiam.com/productdetail/9176,https://www.colourdiam.com/Product/Jewellery/9176/white45/center.jpg,ColourDiam,Apparel & Accessories > Jewelry,,1,,,,unisex,,,adult,,,,,,,,,GIA,Fine Jewelry
8716,0.60 cts Light  Yellow Green SI1 18k Ring : 5.324 gram Main Stone - 1 Pcs - 0.66 cts MQ : 08 / 0.47 WHITE : 66 / 0.44,https://colourdiam.com/Product/Jewellery/Model%20images/8716/center.jpeg,in stock,new,11684.14 SGD,https://colourdiam.com/productdetail/Menu/5754/6998,https://www.colourdiam.com/Product/Jewellery/5754_6998/white45/center.jpg,ColourDiam,Apparel & Accessories > Jewelry,,1,,,,unisex,,,adult,,,,,,,,,GIA,Fine Jewelry
5478,2.01 cts Fancy Light Brownish  Yellow I1 18k Ring : 6.533 gram Main Stone - 1 pcs - 2.01 cts WHITE : 80 / 0.82,"2.01 cts Fancy Light Brownish  Yellow I1
18k Ring : 6.533 gram
Main Stone - 1 pcs - 2.01 cts
WHITE : 80 / 0.82",in stock,new,11684.14 SGD,https://colourdiam.com/productdetail/8716,https://www.colourdiam.com/Product/Jewellery/8716/white45/center.jpg,ColourDiam,Apparel & Accessories > Jewelry,,1,,,,unisex,,,adult,,,,,,,,,GIA,Fine Jewelry
8392_5662,1.82 cts Fancy Light Brownish  Yellow Vs2 18k Ring : 5.066 gram Main Stone - 1 pcs - 1.82 cts HALFMOON : 02 / 0.16 WHITE : 50 / 0.54,"1.82 cts Fancy Light Brownish  Yellow Vs2
18k Ring : 5.066 gram
Main Stone - 1 pcs - 1.82 cts
HALFMOON : 02 / 0.16
WHITE : 50 / 0.54",in stock,new,9493.36 SGD,https://colourdiam.com/productdetail/5478,https://www.colourdiam.com/Product/Jewellery/5478/white45/center.jpg,ColourDiam,Apparel & Accessories > Jewelry,,1,,,,unisex,,,adult,,,,,,,,,GIA,Fine Jewelry
8556,1.35 cts Fancy Light Brownish Greenish Yellow Vs2 18k Ring : 6.23 gram Main Stone - 1 pcs - 1.35 cts PEAR : 08 / 1.28 WHITE : 34 / 0.68,"1.35 cts Fancy Light Brownish Greenish Yellow Vs2
18k Ring : 6.23 gram
Main Stone - 1 pcs - 1.35 cts
PEAR : 08 / 1.28
WHITE : 34 / 0.68",in stock,new,13144.66 SGD,https://colourdiam.com/productdetail/Menu/8392/5662,https://www.colourdiam.com/Product/Jewellery/8392_5662/white45/center.jpg,ColourDiam,Apparel & Accessories > Jewelry,,1,,,,unisex,,,adult,,,,,,,,,GIA,Fine Jewelry
7476,2 cts Fancy Brownish Yellow SI1 18K Ring : 4.095 gram Main Stone - 1 Pcs - 2.00 Cts WHITE : 39 / 0.44,"2 cts Fancy Brownish Yellow SI1
18K Ring : 4.095 gram
Main Stone - 1 Pcs - 2.00 Cts
WHITE : 39 / 0.44",in stock,new,12414.4 SGD,,https://www.colourdiam.com/Product/Jewellery/8556/white45/center.jpg,ColourDiam,Apparel & Accessories > Jewelry,,1,,,,unisex,,,adult,,,,,,,,,GIA,Fine Jewelry
7070,1.01 Ct Fancy Green SI 18K Ring : 5.037 gram Main Stone - 1 Pcs - 1.01 Cts WHITE : 18 / 1.37,"1.01 Ct Fancy Green SI
18K Ring : 5.037 gram
Main Stone - 1 Pcs - 1.01 Cts
WHITE : 18 / 1.37",in stock,new,7302.59 SGD,,https://www.colourdiam.com/Product/Jewellery/7476/white45/center.jpg,ColourDiam,Apparel & Accessories > Jewelry,,1,,,,unisex,,,adult,,,,,,,,,AGL,Fine Jewelry
6325,1.01 Ct H SI2 18K Ring : 2.440 gram Main Stone - 1 Pcs - 1.01 Cts WHITE : 154 / 0.70,"1.01 Ct H SI2
18K Ring : 2.440 gram
Main Stone - 1 Pcs - 1.01 Cts
WHITE : 154 / 0.70",in stock,new,5842.07 SGD,https://colourdiam.com/productdetail/7070,https://www.colourdiam.com/Product/Jewellery/7070/white45/center.jpg,ColourDiam,Apparel & Accessories > Jewelry,,1,,,,unisex,,,adult,,,,,,,,,HRD,Fine Jewelry
3485,https://colourdiam.com/Product/Jewellery/Model%20images/3485/video.mp4,"1.71 cts Fancy Green Ring VS
18 k : 3.623 gram 
Main Stone - 1 Pcs - 1.71Cts
WD : 18 / 0.19
TRILLION : 2 / 0.27",in stock,new,12414.4 SGD,,https://www.colourdiam.com/Product/Jewellery/6325/white45/center.jpg,ColourDiam,Apparel & Accessories > Jewelry,,1,,,,unisex,,,adult,,,,,,,,,AGL,Fine Jewelry
8552,1.2 Ct Fancy Brownish Greenish Yellow SI2 18K - Ring : 2.867 gram Main Stone - 1 Pcs - 1.20 Cts WHITE 32 / 0.36,"1.2 Ct Fancy Brownish Greenish Yellow SI2
18K - Ring : 2.867 gram
Main Stone - 1 Pcs - 1.20 Cts
WHITE 32 / 0.36",in stock,new,11684.14 SGD,https://colourdiam.com/productdetail/3485,https://www.colourdiam.com/Product/Jewellery/3485/white45/center.jpg,ColourDiam,Apparel & Accessories > Jewelry,,1,,,,unisex,,,adult,,,,,,,,,GIA,Fine Jewelry
8584,1.04 Cts Faint Green I2 18K  Ring : 4.908 gram Main Stone - 1 Pcs - 1.04 Cts WHITE : 89 / 0.44,"1.04 Cts Faint Green I2
18K  Ring : 4.908 gram
Main Stone - 1 Pcs - 1.04 Cts
WHITE : 89 / 0.44",in stock,new,9493.36 SGD,,https://www.colourdiam.com/Product/Jewellery/8552/white45/center.jpg,ColourDiam,Apparel & Accessories > Jewelry,,1,,,,unisex,,,adult,,,,,,,,,GIA,Fine Jewelry
8673,0.43 Ct Faint Pink VS1 18K - Ring : 3.223 gram Main Stone - 1 Pcs - 0.43 Cts BAGUETTES :14 / 0.28  WHITE : 58 / 0.25,"0.43 Ct Faint Pink VS1
18K - Ring : 3.223 gram
Main Stone - 1 Pcs - 0.43 Cts
BAGUETTES :14 / 0.28 
WHITE : 58 / 0.25",in stock,new,9493.36 SGD,https://colourdiam.com/productdetail/8584,https://www.colourdiam.com/Product/Jewellery/8584/white45/center.jpg,ColourDiam,Apparel & Accessories > Jewelry,,1,,,,unisex,,,adult,,,,,,,,,GIA,Fine Jewelry
8821_8769,1.01 CtS Light Yellow Green VS2 / 1.04 CtS Light Green Yellow SI2 18K Ring : 4.655 gram Main Stone - 2 Pcs - 2.05 Cts BAHUETTES : 20 / 0.49,"1.01 CtS Light Yellow Green VS2 /
1.04 CtS Light Green Yellow SI2
18K Ring : 4.655 gram
Main Stone - 2 Pcs - 2.05 Cts
BAHUETTES : 20 / 0.49",in stock,new,17526.21 SGD,https://colourdiam.com/productdetail/8673,https://www.colourdiam.com/Product/Jewellery/8673/white45/center.jpg,ColourDiam,Apparel & Accessories > Jewelry,,1,,,,unisex,,,adult,,,,,,,,,GIA,Fine Jewelry
8738_8534,1 CtS Faint Green VS2 / 1.06 CtS Faint Pink VS1 18K Ring : 5.179 gram Main Stone - 2 Pcs - 2.06 Cts WHITE : 102 / 0.78,"1 CtS Faint Green VS2 /
1.06 CtS Faint Pink VS1
18K Ring : 5.179 gram
Main Stone - 2 Pcs - 2.06 Cts
WHITE : 102 / 0.78",in stock,new,36512.93 SGD,,https://www.colourdiam.com/Product/Jewellery/8821_8769/white45/center.jpg,ColourDiam,Apparel & Accessories > Jewelry,,1,,,,unisex,,,adult,,,,,,,,,GIA,Fine Jewelry
8558,1.03 CtS Fancy Brownish Greenish Yellow VS1 18K Ring : 3.782 gram Main Stone - 1 Pcs - 1.03 Cts WHITE : 28 / 0.14,"1.03 CtS Fancy Brownish Greenish Yellow VS1
18K Ring : 3.782 gram
Main Stone - 1 Pcs - 1.03 Cts
WHITE : 28 / 0.14",in stock,new,10223.62 SGD,,https://www.colourdiam.com/Product/Jewellery/8738_8534/white45/center.jpg,ColourDiam,Apparel & Accessories > Jewelry,,1,,,,unisex,,,adult,,,,,,,,,GIA,Fine Jewelry
8945,"1.13 Ct U-V VS1 18K Ring : 5.500 gram Main Stone - 1 Pcs - 1.13 Cts MARQUISE : 4 / 0.74 OVAL : 4 / 0.96  WHITE 14 / 0.21 YELLOW : 17 / 0.18","1.13 Ct U-V VS1
18K Ring : 5.500 gram
Main Stone - 1 Pcs - 1.13 Cts
MARQUISE : 4 / 0.74
OVAL : 4 / 0.96
 WHITE 14 / 0.21
YELLOW : 17 / 0.18",in stock,new,8032.84 SGD,,https://www.colourdiam.com/Product/Jewellery/8558/white45/center.jpg,ColourDiam,Apparel & Accessories > Jewelry,,1,,,,unisex,,,adult,,,,,,,,,GIA,Fine Jewelry
9220,"0.4 Ct Fancy Intense Yellow VS 18K Ring : 1.723 gram Main Stone - 1 Pcs - 0.40 Cts WHITE : 40 / 0.19","0.4 Ct Fancy Intense Yellow VS
18K Ring : 1.723 gram
Main Stone - 1 Pcs - 0.40 Cts
WHITE : 40 / 0.19",in stock,new,1168.41 SGD,https://colourdiam.com/productdetail/8945,https://www.colourdiam.com/Product/Jewellery/8945/white45/center.jpg,ColourDiam,Apparel & Accessories > Jewelry,,1,,,,unisex,,,adult,,,,,,,,,AGL,Fine Jewelry
8840,"1.6 Ct Fancy Light Brownish Greenish Yellow VS1 18K Ring : 4.817 gram Main Stone - 1 Pcs - 1.60 Cts PEAR : 8 / 0.75  WHITE : 4 / 0.10  PINK : 54 / 0.28","1.6 Ct Fancy Light Brownish Greenish Yellow VS1
18K Ring : 4.817 gram
Main Stone - 1 Pcs - 1.60 Cts
PEAR : 8 / 0.75 
WHITE : 4 / 0.10 
PINK : 54 / 0.28",in stock,new,10953.88 SGD,https://colourdiam.com/productdetail/9220,https://www.colourdiam.com/Product/Jewellery/9220/white45/center.jpg,ColourDiam,Apparel & Accessories > Jewelry,,1,,,,unisex,,,adult,,,,,,,,,GIA,Fine Jewelry
9147,"3.58 Ct Fancy Green VS 18K  Bracelet : 9.395 gram Main Stone - 5 Pcs - 3.58 Cts WHITE : 89 / 1.25","3.58 Ct Fancy Green VS
18K  Bracelet : 9.395 gram
Main Stone - 5 Pcs - 3.58 Cts
WHITE : 89 / 1.25",in stock,new,21907.76 SGD,,https://www.colourdiam.com/Product/Jewellery/8840/white45/center.jpg,ColourDiam,Apparel & Accessories > Jewelry,,1,,,,unisex,,,adult,,,,,,,,,AGL,Fine Jewelry
7801,0.4 Ct Very Light Yellow Green VS2 18K  Ring : 3.290 gram Main Stone - 1 Pcs - 0.40 Cts WHITE : 42 / 0.24  PINK : 20 / 0.10,"0.4 Ct Very Light Yellow Green VS2
18K  Ring : 3.290 gram
Main Stone - 1 Pcs - 0.40 Cts
WHITE : 42 / 0.24 
PINK : 20 / 0.10",in stock,new,6572.33 SGD,,https://www.colourdiam.com/Product/Jewellery/9147/white45/center.jpg,ColourDiam,Apparel & Accessories > Jewelry,,1,,,,unisex,,,adult,,,,,,,,,GIA,Fine Jewelry
8195_8191_8187_8189_8193_8190,"0.5 Ct 0.7 Ct 0.7 Ct 0.7 Ct 0.8 Ct Fancy Green VS 0.89 Ct 18K - Pendant : 6.130 gram Main Stone - 6 Pcs 4.29 Cts","0.5 Ct
0.7 Ct
0.7 Ct
0.7 Ct
0.8 Ct Fancy Green VS
0.89 Ct
18K - Pendant : 6.130 gram
Main Stone - 6 Pcs 4.29 Cts",in stock,new,21907.76 SGD,,https://www.colourdiam.com/Product/Jewellery/7801/white45/center.jpg,ColourDiam,Apparel & Accessories > Jewelry,,1,,,,unisex,,,adult,,,,,,,,,AGL,Fine Jewelry
9170,1.07 Ct MIX FANCY COLOR 18K  Bracelet : 6.481 gram Main Stone - 5 Pcs - 1.07 Cts WHITE : 200 / 0.83 PINK : 16 / 0.05 YELLOW : 32 / 0.11,"1.07 Ct MIX FANCY COLOR
18K  Bracelet : 6.481 gram
Main Stone - 5 Pcs - 1.07 Cts
WHITE : 200 / 0.83
PINK : 16 / 0.05
YELLOW : 32 / 0.11",in stock,new,2921.03 SGD,,https://www.colourdiam.com/Product/Jewellery/8195_8191_8187_8189_8193_8190/white45/center.jpg,ColourDiam,Apparel & Accessories > Jewelry,,1,,,,unisex,,,adult,,,,,,,,,,Fine Jewelry
9172,1.07 Ct MIX FANCY COLOR 18K  Bracelet : 6.790 gram Main Stone - 5 Pcs - 1.07 Cts WHITE : 200 / 0.81 PINK : 16 / 0.05 YELLOW : 32 / 0.10,"1.07 Ct MIX FANCY COLOR
18K  Bracelet : 6.790 gram
Main Stone - 5 Pcs - 1.07 Cts
WHITE : 200 / 0.81
PINK : 16 / 0.05
YELLOW : 32 / 0.10",in stock,new,2921.03 SGD,,https://www.colourdiam.com/Product/Jewellery/9170/white45/center.jpg,ColourDiam,Apparel & Accessories > Jewelry,,1,,,,unisex,,,adult,,,,,,,,,,Fine Jewelry
9173,1.07 Ct MIX FANCY COLOR 18K  Bracelet : 6.745 gram Main Stone - 5 Pcs - 1.07 Cts WHITE : 200 / 0.79 PINK : 16 / 0.05 YELLOW : 32 / 0.11,"1.07 Ct MIX FANCY COLOR
18K  Bracelet : 6.745 gram
Main Stone - 5 Pcs - 1.07 Cts
WHITE : 200 / 0.79
PINK : 16 / 0.05
YELLOW : 32 / 0.11",in stock,new,2921.03 SGD,,https://www.colourdiam.com/Product/Jewellery/9172/white45/center.jpg,ColourDiam,Apparel & Accessories > Jewelry,,1,,,,unisex,,,adult,,,,,,,,,,Fine Jewelry
9175,1.07 Ct MIX FANCY COLOR 18K  Bracelet : 6.773 gram Main Stone - 5 Pcs - 1.07 Cts WHITE : 200 / 0.80 PINK : 16 / 0.05 YELLOW : 32 / 0.11,"1.07 Ct MIX FANCY COLOR
18K  Bracelet : 6.773 gram
Main Stone - 5 Pcs - 1.07 Cts
WHITE : 200 / 0.80
PINK : 16 / 0.05
YELLOW : 32 / 0.11",in stock,new,2921.03 SGD,https://colourdiam.com/productdetail/9173,https://www.colourdiam.com/Product/Jewellery/9173/white45/center.jpg,ColourDiam,Apparel & Accessories > Jewelry,,1,,,,unisex,,,adult,,,,,,,,,,Fine Jewelry
9178,"2.61 Ct Multi Colour Sapphire 18K  Bracelet : 6.926 gram Main Stone - 20 Pcs - 2.61 Cts","2.61 Ct Multi Colour Sapphire
18K  Bracelet : 6.926 gram
Main Stone - 20 Pcs - 2.61 Cts",in stock,new,2409.85 SGD,,https://www.colourdiam.com/Product/Jewellery/9175/white45/center.jpg,ColourDiam,Apparel & Accessories > Jewelry,,1,,,,unisex,,,adult,,,,,,,,,,Fine Jewelry
9206,"2.78 Ct Multi Colour Sapphire 18K  Bracelet : 6.940 gram Main Stone - 20 Pcs - 2.78 Cts","2.78 Ct Multi Colour Sapphire
18K  Bracelet : 6.940 gram
Main Stone - 20 Pcs - 2.78 Cts",in stock,new,2409.85 SGD,,https://www.colourdiam.com/Product/Jewellery/9178/white45/center.jpg,ColourDiam,Apparel & Accessories > Jewelry,,1,,,,unisex,,,adult,,,,,,,,,,Fine Jewelry
9215,"2.59 Ct Multi Colour Sapphire 18K  Bracelet : 6.998 gram Main Stone - 20 Pcs - 2.59 Cts","2.59 Ct Multi Colour Sapphire
18K  Bracelet : 6.998 gram
Main Stone - 20 Pcs - 2.59 Cts",in stock,new,2409.85 SGD,,https://www.colourdiam.com/Product/Jewellery/9206/white45/center.jpg,ColourDiam,Apparel & Accessories > Jewelry,,1,,,,unisex,,,adult,,,,,,,,,,Fine Jewelry
9248,1.03 Ct MIX FANCY COLOR VS 18K  Bracelet : 8.105 gram Main Stone - 5 Pcs - 1.03 Cts WHITE : 243 / 1.67 YELLOW : 24 / 0.17 PINK : 15 / 0.09,"1.03 Ct MIX FANCY COLOR VS
18K  Bracelet : 8.105 gram
Main Stone - 5 Pcs - 1.03 Cts
WHITE : 243 / 1.67
YELLOW : 24 / 0.17
PINK : 15 / 0.09",in stock,new,3286.16 SGD,,https://www.colourdiam.com/Product/Jewellery/9215/white45/center.jpg,ColourDiam,Apparel & Accessories > Jewelry,,1,,,,unisex,,,adult,,,,,,,,,,Fine Jewelry
9254,https://colourdiam.com/Product/Jewellery/Model%20images/9254/video.mp4,"1.08 Ct MIX FANCY COLOR VS
18K  Bracelet : 6.86 gram
Main Stone - 5 Pcs - 1.08 Cts
WHITE : 200 / 0.80
 PINK : 16 / 0.05
YELLOW : 32 / 0.11",in stock,new,2921.03 SGD,,https://www.colourdiam.com/Product/Jewellery/9248/white45/center.jpg,ColourDiam,Apparel & Accessories > Jewelry,,1,,,,unisex,,,adult,,,,,,,,,,Fine Jewelry
9225,0.11 Ct Fancy Intense Pink VS 18K  Pendant : 3.770 gram Main Stone - 1 Pcs - 0.11 Cts WHITE : 28 / 0.34,"0.11 Ct Fancy Intense Pink VS
18K  Pendant : 3.770 gram
Main Stone - 1 Pcs - 0.11 Cts
WHITE : 28 / 0.34",in stock,new,2190.78 SGD,https://colourdiam.com/productdetail/9254,https://www.colourdiam.com/Product/Jewellery/9254/white45/center.jpg,ColourDiam,Apparel & Accessories > Jewelry,,1,,,,unisex,,,adult,,,,,,,,,AGL,Fine Jewelry
8712,"0.31 Ct Faint Pink VS2 18K  Ring : 3.705 gram Main Stone - 1 Pcs - 0.31 Cts Marquise : 8 / 0.44 WHITE : 38 / 0.24 PINK : 16 / 0.11","0.31 Ct Faint Pink VS2
18K  Ring : 3.705 gram
Main Stone - 1 Pcs - 0.31 Cts
Marquise : 8 / 0.44
WHITE : 38 / 0.24
PINK : 16 / 0.11",in stock,new,7302.59 SGD,,https://www.colourdiam.com/Product/Jewellery/9225/white45/center.jpg,ColourDiam,Apparel & Accessories > Jewelry,,1,,,,unisex,,,adult,,,,,,,,,GIA,Fine Jewelry
7813,0.31 Ct Faint Pink SI2 18K  Ring : 4.295 gram Main Stone - 1 Pcs - 0.31 Cts PEAR : 10 / 1.11  Tappers : 10 / 0.11 WHITE : 10 / 0.14 PINK : 18 / 0.11,"0.31 Ct Faint Pink SI2
18K  Ring : 4.295 gram
Main Stone - 1 Pcs - 0.31 Cts
PEAR : 10 / 1.11 
Tappers : 10 / 0.11
WHITE : 10 / 0.14
PINK : 18 / 0.11",in stock,new,9493.36 SGD,https://colourdiam.com/productdetail/8712,https://www.colourdiam.com/Product/Jewellery/8712/white45/center.jpg,ColourDiam,Apparel & Accessories > Jewelry,,1,,,,unisex,,,adult,,,,,,,,,GIA,Fine Jewelry
3748,https://colourdiam.com/Product/Jewellery/Model%20images/3748/video.mp4,"1 Ct Fancy Deep Brownish Yellow VVS2
18K  Ring : 6.464 gram
Main Stone - 1 Pcs - 1.00 Cts
WHITE : 73 / 1.42
PINK : 18 / 0.15",in stock,new,9493.36 SGD,https://colourdiam.com/productdetail/7813,https://www.colourdiam.com/Product/Jewellery/7813/white45/center.jpg,ColourDiam,Apparel & Accessories > Jewelry,,1,,,,unisex,,,adult,,,,,,,,,GIA,Fine Jewelry
5739,https://colourdiam.com/Product/Jewellery/Model%20images/5739/video.mp4,"1.58 Ct Faint Green VS2
18K - Ring : 5.837 gram
Main Stone - 1 Pcs 1.58 Cts
WHITE : 26 / 1.09
PINK : 12 / 0.28",in stock,new,32861.64 SGD,https://colourdiam.com/productdetail/3748,https://www.colourdiam.com/Product/Jewellery/3748/white45/center.jpg,ColourDiam,Apparel & Accessories > Jewelry,,1,,,,unisex,,,adult,,,,,,,,,GIA,Fine Jewelry
9256,0.6 Ct Fancy Blue VS / 0.74 Ct Fancy Pink VS 18K  Ring : 4.730 gram Main Stone - 2 Pcs - 1.34 Cts WHITE : 14 / 0.20 Shield :  2 / 0.45,"0.6 Ct Fancy Blue VS /
0.74 Ct Fancy Pink VS
18K  Ring : 4.730 gram
Main Stone - 2 Pcs - 1.34 Cts
WHITE : 14 / 0.20
Shield :  2 / 0.45",in stock,new,11684.14 SGD,https://colourdiam.com/productdetail/5739,https://www.colourdiam.com/Product/Jewellery/5739/white45/center.jpg,ColourDiam,Apparel & Accessories > Jewelry,,1,,,,unisex,,,adult,,,,,,,,,AGL,Fine Jewelry
1990,"0.41 Ct Fancy Brownish Pink I1 18K  Ring : 3.460 gram Main Stone - 1 Pcs - 0.41 Cts WHITE : 48 / 0.28 PINK : 15 / 0.09","0.41 Ct Fancy Brownish Pink I1
18K  Ring : 3.460 gram
Main Stone - 1 Pcs - 0.41 Cts
WHITE : 48 / 0.28
PINK : 15 / 0.09",in stock,new,8032.84 SGD,https://colourdiam.com/productdetail/9256,https://www.colourdiam.com/Product/Jewellery/9256/white45/center.jpg,ColourDiam,Apparel & Accessories > Jewelry,,1,,,,unisex,,,adult,,,,,,,,,GIA,Fine Jewelry
9149,"1.96 Ct D - F 18K  Bracelet : 13.022 gram Main Stone - 23 Pcs 1.96 Cts","1.96 Ct D - F
18K  Bracelet : 13.022 gram
Main Stone - 23 Pcs 1.96 Cts",in stock,new,8763.1 SGD,https://colourdiam.com/productdetail/1990,https://www.colourdiam.com/Product/Jewellery/1990/white45/center.jpg,ColourDiam,Apparel & Accessories > Jewelry,,1,,,,unisex,,,adult,,,,,,,,,,Fine Jewelry
5559,0.4 Ct Fancy Brown Pink VS1 18K  Ring : 3.281 gram Main Stone - 1 Pcs - 0.40 Cts WHITE 22 / 0.17 PINK : 16 / 0.09,"https://colourdiam.com/Product/Jewellery/Model%20images/5559/center.jpeg
https://colourdiam.com/Product/Jewellery/Model%20images/5559/colour-diam-model-images-256.jpeg",in stock,new,7302.59 SGD,https://colourdiam.com/productdetail/9149,https://www.colourdiam.com/Product/Jewellery/9149/white45/center.jpg,ColourDiam,Apparel & Accessories > Jewelry,,1,,,,unisex,,,adult,,,,,,,,,GIA,Fine Jewelry
9282,https://colourdiam.com/Product/Jewellery/Model%20images/9282/video.mp4,"0.22 Ct Fancy Blue VS
18K  Ring : 5.080 gram
Main Stone - 1 Pcs - 0.22 Cts
PEAR :  12 / 1.50 
WHITE : 0.18",in stock,new,2190.78 SGD,https://colourdiam.com/productdetail/5559,https://www.colourdiam.com/Product/Jewellery/5559/white45/center.jpg,ColourDiam,Apparel & Accessories > Jewelry,,1,,,,unisex,,,adult,,,,,,,,,,Fine Jewelry
9283,https://colourdiam.com/Product/Jewellery/Model%20images/9283/video.mp4,"0.22 Ct Fancy Blue VS
18K  Ring : 5.080 gram
Main Stone - 1 Pcs - 0.22 Cts
PEAR :  12 / 1.50 
WHITE : 0.18",in stock,new,2190.78 SGD,https://colourdiam.com/productdetail/9282,https://www.colourdiam.com/Product/Jewellery/9282/white45/center.jpg,ColourDiam,Apparel & Accessories > Jewelry,,1,,,,unisex,,,adult,,,,,,,,,,Fine Jewelry
9284,https://colourdiam.com/Product/Jewellery/Model%20images/9284/video.mp4,"0.22 Ct Fancy Blue VS
18K  Ring : 5.080 gram
Main Stone - 1 Pcs - 0.22 Cts
PEAR :  12 / 1.50 
WHITE : 0.18",in stock,new,2190.78 SGD,https://colourdiam.com/productdetail/9283,https://www.colourdiam.com/Product/Jewellery/9283/white45/center.jpg,ColourDiam,Apparel & Accessories > Jewelry,,1,,,,unisex,,,adult,,,,,,,,,,Fine Jewelry
9285,https://colourdiam.com/Product/Jewellery/Model%20images/9285/video.mp4,"0.22 Ct Fancy Blue VS
18K  Ring : 5.080 gram
Main Stone - 1 Pcs - 0.22 Cts
PEAR :  12 / 1.50 
WHITE : 0.18",in stock,new,2190.78 SGD,https://colourdiam.com/productdetail/9284,https://www.colourdiam.com/Product/Jewellery/9284/white45/center.jpg,ColourDiam,Apparel & Accessories > Jewelry,,1,,,,unisex,,,adult,,,,,,,,,,Fine Jewelry
9286,https://colourdiam.com/Product/Jewellery/Model%20images/9286/video.mp4,"0.22 Ct Fancy Blue VS
18K  Ring : 5.080 gram
Main Stone - 1 Pcs - 0.22 Cts
PEAR :  12 / 1.50 
WHITE : 0.18",in stock,new,2190.78 SGD,https://colourdiam.com/productdetail/9285,https://www.colourdiam.com/Product/Jewellery/9285/white45/center.jpg,ColourDiam,Apparel & Accessories > Jewelry,,1,,,,unisex,,,adult,,,,,,,,,,Fine Jewelry
8593,11.88 CT - 9pcs - Amethyst Main stone – 09 pcs  11.88 cts 18 K Bracelet: 14.58 gram  YD : 136 / 1.10,"11.88 CT - 9pcs - Amethyst
Main stone – 09 pcs  11.88 cts
18 K Bracelet: 14.58 gram 
YD : 136 / 1.10",in stock,new,3651.29 SGD,https://colourdiam.com/productdetail/9286,https://www.colourdiam.com/Product/Jewellery/9286/white45/center.jpg,ColourDiam,Apparel & Accessories > Jewelry,,1,,,,unisex,,,adult,,,,,,,,,,Fine Jewelry
9280,1.05 Ct Fancy Green VS 18K  Earring : 7.111 gram Main Stone - 2 Pcs - 1.05 Cts WHITE : 172 / 1.31 PINK : 16 / 0.06,https://colourdiam.com/Product/Jewellery/Model%20images/9280/center.jpeg,in stock,new,6572.33 SGD,https://colourdiam.com/productdetail/8593,https://www.colourdiam.com/Product/Jewellery/8593/white45/center.jpg,ColourDiam,Apparel & Accessories > Jewelry,,1,,,,unisex,,,adult,,,,,,,,,AGL,Fine Jewelry
9217,0.11 Ct Fancy Intense Pink VS 18K  Ring : 1.795 gram Main Stone - 1 Pcs - 0.11 Cts WHITE : 54 / 0.27,"0.11 Ct Fancy Intense Pink VS
18K  Ring : 1.795 gram
Main Stone - 1 Pcs - 0.11 Cts
WHITE : 54 / 0.27",in stock,new,1168.41 SGD,https://colourdiam.com/productdetail/9280,https://www.colourdiam.com/Product/Jewellery/9280/white45/center.jpg,ColourDiam,Apparel & Accessories > Jewelry,,1,,,,unisex,,,adult,,,,,,,,,AGL,Fine Jewelry
9218,0.28 Ct Fancy Intense Green VS 18K  Ring : 1.876 gram Main Stone - 1 Pcs - 0.28 Cts WHITE : 22 / 0.11,"0.28 Ct Fancy Intense Green VS
18K  Ring : 1.876 gram
Main Stone - 1 Pcs - 0.28 Cts
WHITE : 22 / 0.11",in stock,new,1168.41 SGD,https://colourdiam.com/productdetail/9217,https://www.colourdiam.com/Product/Jewellery/9217/white45/center.jpg,ColourDiam,Apparel & Accessories > Jewelry,,1,,,,unisex,,,adult,,,,,,,,,AGL,Fine Jewelry
8936,https://colourdiam.com/Product/Jewellery/Model%20images/8936/model%20video.mp4,"0.5 Ct F VS2
18K  Ring : 2.446 gram
Main Stone - 1 Pcs - 0.50 Cts
WHITE : 30 / 0.36",in stock,new,2921.03 SGD,https://colourdiam.com/productdetail/9218,https://www.colourdiam.com/Product/Jewellery/9218/white45/center.jpg,ColourDiam,Apparel & Accessories > Jewelry,,1,,,,unisex,,,adult,,,,,,,,,GIA,Fine Jewelry
4709,0.45 Ct Light Blue SI1 (Undetermined) 18K  Ring : 4.450 gram Main Stone - 1 Pcs - 0.45 Cts WHITE : 68 / 0.81 PINK : 16 / 0.11,"https://colourdiam.com/Product/Jewellery/Model%20images/4709/1.jpeg
https://colourdiam.com/Product/Jewellery/Model%20images/4709/center.jpeg
https://colourdiam.com/Product/Jewellery/Model%20images/4709/colour-diam-model-images-201.jpeg
https://colourdiam.com/Product/Jewellery/Model%20images/4709/colour-diam-model-images-202.jpeg",in stock,new,8032.84 SGD,https://colourdiam.com/productdetail/8936,https://www.colourdiam.com/Product/Jewellery/8936/white45/center.jpg,ColourDiam,Apparel & Accessories > Jewelry,,1,,,,unisex,,,adult,,,,,,,,,GIA,Fine Jewelry
7143,1.51 Ct Fancy Yellow VVS2 18K  Ring : 4.981 gram Main Stone - 1 Pcs - 1.51 Cts Pear : 8 / 0.74 WHITE : 4 / 0.10 YELLOW : 52 / 0.23,"1.51 Ct Fancy Yellow VVS2
18K  Ring : 4.981 gram
Main Stone - 1 Pcs - 1.51 Cts
Pear : 8 / 0.74
WHITE : 4 / 0.10
YELLOW : 52 / 0.23",in stock,new,11684.14 SGD,https://colourdiam.com/productdetail/4709,https://www.colourdiam.com/Product/Jewellery/4709/white45/center.jpg,ColourDiam,Apparel & Accessories > Jewelry,,1,,,,unisex,,,adult,,,,,,,,,GIA,Fine Jewelry
7263,"3.02 Ct U-V VS2 18K  Ring : 6.225 gram Main Stone - 1 Pcs - 3.02 Cts Pear : 21 / 0.73 WHITE : 22 / 0.18","3.02 Ct U-V VS2
18K  Ring : 6.225 gram
Main Stone - 1 Pcs - 3.02 Cts
Pear : 21 / 0.73
WHITE : 22 / 0.18",in stock,new,29210.35 SGD,https://colourdiam.com/productdetail/7143,https://www.colourdiam.com/Product/Jewellery/7143/white45/center.jpg,ColourDiam,Apparel & Accessories > Jewelry,,1,,,,unisex,,,adult,,,,,,,,,GIA,Fine Jewelry
9335,https://colourdiam.com/Product/Jewellery/Model%20images/9335/video.mp4,"0.41 Ct Fancy Intense Pink VS
18K  Ring : 2.330 gram
Main Stone - 1 Pcs - 0.41 Cts
WHITE : 22 / 0.11",in stock,new,1460.52 SGD,https://colourdiam.com/productdetail/7263,https://www.colourdiam.com/Product/Jewellery/7263/white45/center.jpg,ColourDiam,Apparel & Accessories > Jewelry,,1,,,,unisex,,,adult,,,,,,,,,AGL,Fine Jewelry
5194,0.70 cts  Light Pinkish Brown Vs1  18K  Ring : 3.26 gram Main Stone - 1 Pcs - 0.70 Cts WHITE : 14 / 0.076 PINK : 04 / 0.045 PEAR : 06 / 0.241 OVAL : 04 / 0.163,"https://colourdiam.com/Product/Jewellery/Model%20images/5194/center.jpeg
https://colourdiam.com/Product/Jewellery/Model%20images/5194/colour-diam-model-images-222.jpeg",in stock,new,9493.36 SGD,https://colourdiam.com/productdetail/9335,https://www.colourdiam.com/Product/Jewellery/9335/white45/center.jpg,ColourDiam,Apparel & Accessories > Jewelry,,1,,,,unisex,,,adult,,,,,,,,,GIA,Fine Jewelry
9360,"0.94 Ct WHITE 9K  Bracelet : 13.000 gram Main Stone - 212 Pcs - 0.94 Cts","0.94 Ct WHITE
9K  Bracelet : 13.000 gram
Main Stone - 212 Pcs - 0.94 Cts",in stock,new,2044.72 SGD,https://colourdiam.com/productdetail/5194,https://www.colourdiam.com/Product/Jewellery/5194/white45/center.jpg,ColourDiam,Apparel & Accessories > Jewelry,,1,,,,unisex,,,adult,,,,,,,,,,Fine Jewelry
9378,"0.98 Ct WHITE I1 9K  Bracelet : 12.330 gram Main Stone - 212 Pcs - 0.98 Cts","0.98 Ct WHITE I1
9K  Bracelet : 12.330 gram
Main Stone - 212 Pcs - 0.98 Cts",in stock,new,2044.72 SGD,https://colourdiam.com/productdetail/9360,https://www.colourdiam.com/Product/Jewellery/9360/white45/center.jpg,ColourDiam,Apparel & Accessories > Jewelry,,1,,,,unisex,,,adult,,,,,,,,,,Fine Jewelry
9379,"0.98 Ct WHITE I1 9K  Bracelet : 12.250 gram Main Stone - 212 Pcs - 0.98 Cts","0.98 Ct WHITE I1
9K  Bracelet : 12.250 gram
Main Stone - 212 Pcs - 0.98 Cts",in stock,new,2044.72 SGD,https://colourdiam.com/productdetail/9378,https://www.colourdiam.com/Product/Jewellery/9378/white45/center.jpg,ColourDiam,Apparel & Accessories > Jewelry,,1,,,,unisex,,,adult,,,,,,,,,,Fine Jewelry
9380,"0.98 Ct WHITE I1 9K  Bracelet : 12.550 gram Main Stone - 212 Pcs - 0.98 Cts","0.98 Ct WHITE I1
9K  Bracelet : 12.550 gram
Main Stone - 212 Pcs - 0.98 Cts",in stock,new,2044.72 SGD,https://colourdiam.com/productdetail/9379,https://www.colourdiam.com/Product/Jewellery/9379/white45/center.jpg,ColourDiam,Apparel & Accessories > Jewelry,,1,,,,unisex,,,adult,,,,,,,,,,Fine Jewelry
9381,"0.98 Ct WHITE I1 9K  Bracelet : 12.370 gram Main Stone - 212 Pcs - 0.98 Cts","0.98 Ct WHITE I1
9K  Bracelet : 12.370 gram
Main Stone - 212 Pcs - 0.98 Cts",in stock,new,2044.72 SGD,,https://www.colourdiam.com/Product/Jewellery/9380/white45/center.jpg,ColourDiam,Apparel & Accessories > Jewelry,,1,,,,unisex,,,adult,,,,,,,,,,Fine Jewelry
4293,1.52 Ct Fancy Green SI2 18K  Ring : 5.540 gram Main Stone - 1 Pcs - 1.52 Cts PINK : 50 / 0.53 WHITE : 42 / 0.28,"1.52 Ct Fancy Green SI2
18K  Ring : 5.540 gram
Main Stone - 1 Pcs - 1.52 Cts
PINK : 50 / 0.53
WHITE : 42 / 0.28",in stock,new,10223.62 SGD,,https://www.colourdiam.com/Product/Jewellery/9381/white45/center.jpg,ColourDiam,Apparel & Accessories > Jewelry,,1,,,,unisex,,,adult,,,,,,,,,AGL,Fine Jewelry
5613_5653,5.52 cts Fancy Intense Green VVS2 18K Ring : 6.95 gram Main Stone - 1pcs - 5.52 cts CADDILAC : 02 / 0.72,"https://colourdiam.com/Product/Jewellery/Model%20images/5613_5653/1.jpeg
https://colourdiam.com/Product/Jewellery/Model%20images/5613_5653/center.jpeg
https://colourdiam.com/Product/Jewellery/Model%20images/5613_5653/colour-diam-model-images-263.jpeg
https://colourdiam.com/Product/Jewellery/Model%20images/5613_5653/colour-diam-model-images-264.jpeg",in stock,new,65723.28 SGD,,https://www.colourdiam.com/Product/Jewellery/4293/white45/center.jpg,ColourDiam,Apparel & Accessories > Jewelry,,1,,,,unisex,,,adult,,,,,,,,,AGL,Fine Jewelry
5436,0.76 Ct Fancy Blue Green SI1 (Undetermined) 18K  Ring : 4.900 gram Main Stone - 1 Pcs - 0.76 Cts Oval : 11 / 0.81 PINK : 19 / 0.13 WHITE : 37 / 0.29,"https://colourdiam.com/Product/Jewellery/Model%20images/5436/center%5D.jpeg
https://colourdiam.com/Product/Jewellery/Model%20images/5436/colour-diam-model-images-228.jpeg",in stock,new,9493.36 SGD,https://colourdiam.com/productdetail/Menu/5613/5653,https://www.colourdiam.com/Product/Jewellery/5613_5653/white45/center.jpg,ColourDiam,Apparel & Accessories > Jewelry,,1,,,,unisex,,,adult,,,,,,,,,GIA,Fine Jewelry
9287_9312,https://colourdiam.com/Product/Jewellery/Model%20images/9287_9312/9827.mp4,https://colourdiam.com/Product/Jewellery/Model%20images/9287_9312/center.jpeg,in stock,new,803.28 SGD,https://colourdiam.com/productdetail/5436,https://www.colourdiam.com/Product/Jewellery/5436/white45/center.jpg,ColourDiam,Apparel & Accessories > Jewelry,,1,,,,unisex,,,adult,,,,,,,,,IGI,Fine Jewelry
9288_9313,https://colourdiam.com/Product/Jewellery/Model%20images/9288_9313/9288.mp4,https://colourdiam.com/Product/Jewellery/Model%20images/9288_9313/center.jpeg,in stock,new,803.28 SGD,https://colourdiam.com/productdetail/Menu/9287/9312,https://www.colourdiam.com/Product/Jewellery/9287_9312/white45/center.jpg,ColourDiam,Apparel & Accessories > Jewelry,,1,,,,unisex,,,adult,,,,,,,,,IGI,Fine Jewelry
9289_9309,https://colourdiam.com/Product/Jewellery/Model%20images/9289_9309/9289.mp4,https://colourdiam.com/Product/Jewellery/Model%20images/9289_9309/center.jpeg,in stock,new,803.28 SGD,https://colourdiam.com/productdetail/Menu/9288/9313,https://www.colourdiam.com/Product/Jewellery/9288_9313/white45/center.jpg,ColourDiam,Apparel & Accessories > Jewelry,,1,,,,unisex,,,adult,,,,,,,,,IGI,Fine Jewelry
9291_9311,https://colourdiam.com/Product/Jewellery/Model%20images/9291_9311/9291.mp4,https://colourdiam.com/Product/Jewellery/Model%20images/9291_9311/center.jpeg,in stock,new,803.28 SGD,https://colourdiam.com/productdetail/Menu/9289/9309,https://www.colourdiam.com/Product/Jewellery/9289_9309/white45/center.jpg,ColourDiam,Apparel & Accessories > Jewelry,,1,,,,unisex,,,adult,,,,,,,,,IGI,Fine Jewelry
9292_9319,https://colourdiam.com/Product/Jewellery/Model%20images/9292_9319/9292.mp4,https://colourdiam.com/Product/Jewellery/Model%20images/9292_9319/center.jpeg,in stock,new,803.28 SGD,https://colourdiam.com/productdetail/Menu/9291/9311,https://www.colourdiam.com/Product/Jewellery/9291_9311/white45/center.jpg,ColourDiam,Apparel & Accessories > Jewelry,,1,,,,unisex,,,adult,,,,,,,,,IGI,Fine Jewelry
9293_9327,https://colourdiam.com/Product/Jewellery/Model%20images/9293_9327/9293.mp4,https://colourdiam.com/Product/Jewellery/Model%20images/9293_9327/center.jpeg,in stock,new,803.28 SGD,https://colourdiam.com/productdetail/Menu/9292/9319,https://www.colourdiam.com/Product/Jewellery/9292_9319/white45/center.jpg,ColourDiam,Apparel & Accessories > Jewelry,,1,,,,unisex,,,adult,,,,,,,,,IGI,Fine Jewelry
9294_9308,https://colourdiam.com/Product/Jewellery/Model%20images/9294_9308/9294.mp4,https://colourdiam.com/Product/Jewellery/Model%20images/9294_9308/center.jpeg,in stock,new,803.28 SGD,https://colourdiam.com/productdetail/Menu/9293/9327,https://www.colourdiam.com/Product/Jewellery/9293_9327/white45/center.jpg,ColourDiam,Apparel & Accessories > Jewelry,,1,,,,unisex,,,adult,,,,,,,,,IGI,Fine Jewelry
9295_9324,https://colourdiam.com/Product/Jewellery/Model%20images/9295_9324/9295.mp4,https://colourdiam.com/Product/Jewellery/Model%20images/9295_9324/center.jpeg,in stock,new,803.28 SGD,https://colourdiam.com/productdetail/Menu/9294/9308,https://www.colourdiam.com/Product/Jewellery/9294_9308/white45/center.jpg,ColourDiam,Apparel & Accessories > Jewelry,,1,,,,unisex,,,adult,,,,,,,,,IGI,Fine Jewelry
9296_9323,https://colourdiam.com/Product/Jewellery/Model%20images/9296_9323/9296.mp4,https://colourdiam.com/Product/Jewellery/Model%20images/9296_9323/center.jpeg,in stock,new,803.28 SGD,https://colourdiam.com/productdetail/Menu/9295/9324,https://www.colourdiam.com/Product/Jewellery/9295_9324/white45/center.jpg,ColourDiam,Apparel & Accessories > Jewelry,,1,,,,unisex,,,adult,,,,,,,,,IGI,Fine Jewelry
9297_9299,https://colourdiam.com/Product/Jewellery/Model%20images/9297_9299/9297.mp4,https://colourdiam.com/Product/Jewellery/Model%20images/9297_9299/center.jpeg,in stock,new,803.28 SGD,https://colourdiam.com/productdetail/Menu/9296/9323,https://www.colourdiam.com/Product/Jewellery/9296_9323/white45/center.jpg,ColourDiam,Apparel & Accessories > Jewelry,,1,,,,unisex,,,adult,,,,,,,,,IGI,Fine Jewelry
9298_9316,https://colourdiam.com/Product/Jewellery/Model%20images/9298_9316/9298.mp4,https://colourdiam.com/Product/Jewellery/Model%20images/9298_9316/center.jpeg,in stock,new,803.28 SGD,https://colourdiam.com/productdetail/Menu/9297/9299,https://www.colourdiam.com/Product/Jewellery/9297_9299/white45/center.jpg,ColourDiam,Apparel & Accessories > Jewelry,,1,,,,unisex,,,adult,,,,,,,,,IGI,Fine Jewelry
9300_9328,https://colourdiam.com/Product/Jewellery/Model%20images/9300_9328/9300.mp4,https://colourdiam.com/Product/Jewellery/Model%20images/9300_9328/center.jpeg,in stock,new,803.28 SGD,https://colourdiam.com/productdetail/Menu/9298/9316,https://www.colourdiam.com/Product/Jewellery/9298_9316/white45/center.jpg,ColourDiam,Apparel & Accessories > Jewelry,,1,,,,unisex,,,adult,,,,,,,,,IGI,Fine Jewelry
9302_9304,https://colourdiam.com/Product/Jewellery/Model%20images/9302_9304/9302.mp4,https://colourdiam.com/Product/Jewellery/Model%20images/9302_9304/center.jpeg,in stock,new,803.28 SGD,https://colourdiam.com/productdetail/Menu/9300/9328,https://www.colourdiam.com/Product/Jewellery/9300_9328/white45/center.jpg,ColourDiam,Apparel & Accessories > Jewelry,,1,,,,unisex,,,adult,,,,,,,,,IGI,Fine Jewelry
9305_9329,https://colourdiam.com/Product/Jewellery/Model%20images/9305_9329/9305.mp4,https://colourdiam.com/Product/Jewellery/Model%20images/9305_9329/center.jpeg,in stock,new,803.28 SGD,https://colourdiam.com/productdetail/Menu/9302/9304,https://www.colourdiam.com/Product/Jewellery/9302_9304/white45/center.jpg,ColourDiam,Apparel & Accessories > Jewelry,,1,,,,unisex,,,adult,,,,,,,,,IGI,Fine Jewelry
9306_9322,https://colourdiam.com/Product/Jewellery/Model%20images/9306_9322/9306.mp4,https://colourdiam.com/Product/Jewellery/Model%20images/9306_9322/center.jpeg,in stock,new,803.28 SGD,https://colourdiam.com/productdetail/Menu/9305/9329,https://www.colourdiam.com/Product/Jewellery/9305_9329/white45/center.jpg,ColourDiam,Apparel & Accessories > Jewelry,,1,,,,unisex,,,adult,,,,,,,,,IGI,Fine Jewelry
9307_9320,https://colourdiam.com/Product/Jewellery/Model%20images/9307_9320/9307.mp4,https://colourdiam.com/Product/Jewellery/Model%20images/9307_9320/center.jpeg,in stock,new,803.28 SGD,https://colourdiam.com/productdetail/Menu/9306/9322,https://www.colourdiam.com/Product/Jewellery/9306_9322/white45/center.jpg,ColourDiam,Apparel & Accessories > Jewelry,,1,,,,unisex,,,adult,,,,,,,,,IGI,Fine Jewelry
9310_9330,https://colourdiam.com/Product/Jewellery/Model%20images/9310_9330/9310.mp4,https://colourdiam.com/Product/Jewellery/Model%20images/9310_9330/center.jpeg,in stock,new,803.28 SGD,https://colourdiam.com/productdetail/Menu/9307/9320,https://www.colourdiam.com/Product/Jewellery/9307_9320/white45/center.jpg,ColourDiam,Apparel & Accessories > Jewelry,,1,,,,unisex,,,adult,,,,,,,,,IGI,Fine Jewelry
9317_9325,https://colourdiam.com/Product/Jewellery/Model%20images/9317_9325/9317.mp4,https://colourdiam.com/Product/Jewellery/Model%20images/9317_9325/center.jpeg,in stock,new,803.28 SGD,https://colourdiam.com/productdetail/Menu/9310/9330,https://www.colourdiam.com/Product/Jewellery/9310_9330/white45/center.jpg,ColourDiam,Apparel & Accessories > Jewelry,,1,,,,unisex,,,adult,,,,,,,,,IGI,Fine Jewelry
9318_9314,https://colourdiam.com/Product/Jewellery/Model%20images/9318_9314/9318.mp4,https://colourdiam.com/Product/Jewellery/Model%20images/9318_9314/center.jpeg,in stock,new,803.28 SGD,https://colourdiam.com/productdetail/Menu/9317/9325,https://www.colourdiam.com/Product/Jewellery/9317_9325/white45/center.jpg,ColourDiam,Apparel & Accessories > Jewelry,,1,,,,unisex,,,adult,,,,,,,,,IGI,Fine Jewelry
9301_9303,https://colourdiam.com/Product/Jewellery/Model%20images/9301_9303/9301.mp4,https://colourdiam.com/Product/Jewellery/Model%20images/9301_9303/center.jpeg,in stock,new,803.28 SGD,https://colourdiam.com/productdetail/Menu/9318/9314,https://www.colourdiam.com/Product/Jewellery/9318_9314/white45/center.jpg,ColourDiam,Apparel & Accessories > Jewelry,,1,,,,unisex,,,adult,,,,,,,,,IGI,Fine Jewelry
9321_9326,https://colourdiam.com/Product/Jewellery/Model%20images/9321_9326/9321.mp4,https://colourdiam.com/Product/Jewellery/Model%20images/9321_9326/center.jpeg,in stock,new,803.28 SGD,https://colourdiam.com/productdetail/Menu/9301/9303,https://www.colourdiam.com/Product/Jewellery/9301_9303/white45/center.jpg,ColourDiam,Apparel & Accessories > Jewelry,,1,,,,unisex,,,adult,,,,,,,,,IGI,Fine Jewelry
9290_9315,https://colourdiam.com/Product/Jewellery/Model%20images/9290_9315/9290.mp4,https://colourdiam.com/Product/Jewellery/Model%20images/9290_9315/center.jpeg,in stock,new,803.28 SGD,https://colourdiam.com/productdetail/Menu/9321/9326,https://www.colourdiam.com/Product/Jewellery/9321_9326/white45/center.jpg,ColourDiam,Apparel & Accessories > Jewelry,,1,,,,unisex,,,adult,,,,,,,,,IGI,Fine Jewelry
9484,"0.12 Ct Fancy Blue VS 18K  Pendant : 3.499 gram Main Stone - 1 Pcs - 0.12 Cts WHITE : 27 / 0.28","0.12 Ct Fancy Blue VS
18K  Pendant : 3.499 gram
Main Stone - 1 Pcs - 0.12 Cts
WHITE : 27 / 0.28",in stock,new,2190.78 SGD,https://colourdiam.com/productdetail/Menu/9290/9315,https://www.colourdiam.com/Product/Jewellery/9290_9315/white45/center.jpg,ColourDiam,Apparel & Accessories > Jewelry,,1,,,,unisex,,,adult,,,,,,,,,AGL,Fine Jewelry
4317,https://colourdiam.com/Product/Jewellery/Model%20images/4317/video.mp4,"0.70 Ct Light Pinkish Brown SI2
18K  Ring : 4.56 gram
Main Stone - 1 Pcs - 0.70 Cts
PINK : 43 / 0.48
WHITE : 43 / 0.35",in stock,new,9493.36 SGD,https://colourdiam.com/productdetail/9484,https://www.colourdiam.com/Product/Jewellery/9484/white45/center.jpg,ColourDiam,Apparel & Accessories > Jewelry,,1,,,,unisex,,,adult,,,,,,,,,GIA,Fine Jewelry
6101,https://colourdiam.com/Product/Jewellery/Model%20images/6101/video.mp4,"https://colourdiam.com/Product/Jewellery/Model%20images/6101/1.jpeg
https://colourdiam.com/Product/Jewellery/Model%20images/6101/center.jpeg",in stock,new,21907.76 SGD,https://colourdiam.com/productdetail/4317,https://www.colourdiam.com/Product/Jewellery/4317/white45/center.jpg,ColourDiam,Apparel & Accessories > Jewelry,,1,,,,unisex,,,adult,,,,,,,,,GIA,Fine Jewelry
5429,https://colourdiam.com/Product/Jewellery/Model%20images/5429/video.mp4,"0.38 Ct  Fancy Light Blueish Green SI2 (undetermined)
18K  Ring : 5.62 gram
Main Stone - 1 Pcs - 0.38 Cts
PEAR : 05 / 0.49
WHITE : 40 / 0.36
BAGUETTES : 17 /  0.36",in stock,new,9493.36 SGD,https://colourdiam.com/productdetail/6101,https://www.colourdiam.com/Product/Jewellery/6101/white45/center.jpg,ColourDiam,Apparel & Accessories > Jewelry,,1,,,,unisex,,,adult,,,,,,,,,GIA,Fine Jewelry
5573,0.43 cts Faint Brown Pink si1  Main stone – 01 pcs 0.43 cts 18 K Ring:  4.07 gram  WD : 52 / 0.52 Pink : 14 / 0.10,"https://colourdiam.com/Product/Jewellery/Model%20images/5573/center.jpeg
https://colourdiam.com/Product/Jewellery/Model%20images/5573/colour-diam-model-images-257.jpeg",in stock,new,9493.36 SGD,https://colourdiam.com/productdetail/5429,https://www.colourdiam.com/Product/Jewellery/5429/white45/center.jpg,ColourDiam,Apparel & Accessories > Jewelry,,1,,,,unisex,,,adult,,,,,,,,,GIA,Fine Jewelry
9550,https://colourdiam.com/Product/Jewellery/Model%20images/9550/video.mp4,"0.42 cts Fancy Intense Pink VS1 
Main stone – 01 pcs 0.42 cts
18 K Ring: 2.49 gram 
WD : 22 / 0.11",in stock,new,1752.62 SGD,https://colourdiam.com/productdetail/5573,https://www.colourdiam.com/Product/Jewellery/5573/white45/center.jpg,ColourDiam,Apparel & Accessories > Jewelry,,1,,,,unisex,,,adult,,,,,,,,,AGL,Fine Jewelry
7232/6528/5445,1.32 cts Fancy Pink Brown I1/  1.34 cts Fancy Pinkish Brown I1 18k-Earring : 6.53 gram Main stone - 2 pcs – 2.66 cts Bullet : 02 / 0.69,"1.32 cts Fancy Pink Brown I1/
 1.34 cts Fancy Pinkish Brown I1
18k-Earring : 6.53 gram
Main stone - 2 pcs – 2.66 cts
Bullet : 02 / 0.69",in stock,new,0 SGD,https://colourdiam.com/productdetail/9550,https://www.colourdiam.com/Product/Jewellery/9550/white45/center.jpg,ColourDiam,Apparel & Accessories > Jewelry,,1,,,,unisex,,,adult,,,,,,,,,GIA,Fine Jewelry
7462,0.70 cts Very light pink Si1 Main stone – 01 pcs 0.70 cts 18 K Ring: 5.51 gram  WD : 112 / 0.76 PINK : 16 / 0.24,"0.70 cts Very light pink Si1
Main stone – 01 pcs 0.70 cts
18 K Ring: 5.51 gram 
WD : 112 / 0.76
PINK : 16 / 0.24",in stock,new,10223.62 SGD,https://colourdiam.com/productdetail/Menu/7232/6528/5445,https://www.colourdiam.com/Product/Jewellery/7232/6528/5445/white45/center.jpg,ColourDiam,Apparel & Accessories > Jewelry,,1,,,,unisex,,,adult,,,,,,,,,GIA,Fine Jewelry
7572,1.110 cts  Fancy Green Si1 Main stone – 01 pcs 1.110 cts 18 K Ring: 5.990 gram  WD : 44 / 0.270 PINK : 20 / 0.150 Pear : 13 / 1.190,"https://colourdiam.com/Product/Jewellery/Model%20images/7572/center.jpeg
https://colourdiam.com/Product/Jewellery/Model%20images/7572/MODEL1.jpeg",in stock,new,0 SGD,https://colourdiam.com/productdetail/7462,https://www.colourdiam.com/Product/Jewellery/7462/white45/center.jpg,ColourDiam,Apparel & Accessories > Jewelry,,1,,,,unisex,,,adult,,,,,,,,,AGL,Fine Jewelry
7471,2.05 cts  Fancy Green VS2 Main stone – 01 pcs  2.05 cts 18 K Ring: 6.00 gram  WD : 37 / 0.49 PINK : 26 / 0.13 Pear : 13 / 1.25,"2.05 cts  Fancy Green VS2
Main stone – 01 pcs  2.05 cts
18 K Ring: 6.00 gram 
WD : 37 / 0.49
PINK : 26 / 0.13
Pear : 13 / 1.25",in stock,new,18694.62 SGD,https://colourdiam.com/productdetail/7572,https://www.colourdiam.com/Product/Jewellery/7572/white45/center.jpg,ColourDiam,Apparel & Accessories > Jewelry,,1,,,,unisex,,,adult,,,,,,,,,AGL,Fine Jewelry
9596,1.38 cts  Blue Sapphire Ring Platinum ring   Gross weight 5.10 gram  Main stone - 1 pcs - 1.38cts  Side Marquise Diamonds  0.20 cts,"1.38 cts  Blue Sapphire Ring
Platinum ring  
Gross weight 5.10 gram 
Main stone - 1 pcs - 1.38cts 
Side Marquise Diamonds  0.20 cts",in stock,new,1545.23 SGD,https://colourdiam.com/productdetail/7462,https://www.colourdiam.com/Product/Jewellery//white45/center.jpg,ColourDiam,Apparel & Accessories > Jewelry,,1,,,,unisex,,,adult,,,,,,,,,,Fine Jewelry
9597,7.25 cts  Blue Sapphire Ring( No Heat Cylon) Platinum ring   Gross weight  10.10 gram  Main stone - 1 pcs - 7.25 cts  Side White Diamonds  0.77 cts,"7.25 cts  Blue Sapphire Ring( No Heat Cylon)
Platinum ring  
Gross weight  10.10 gram 
Main stone - 1 pcs - 7.25 cts 
Side White Diamonds  0.77 cts",in stock,new,10648.63 SGD,,https://colourdiam.com/Product/Jewellery/9596/black360/ae1530_5.jpg,ColourDiam,Apparel & Accessories > Jewelry,,1,,,,unisex,,,adult,,,,,,,,,,Fine Jewelry
9598,3.61 cts  Emerald Ring (COLUMBIAN) Platinum ring   Gross weight  5.79 gram  Main stone - 1 pcs - 3.61 cts  Side White Diamonds  0.62 cts,"3.61 cts  Emerald Ring (COLUMBIAN)
Platinum ring  
Gross weight  5.79 gram 
Main stone - 1 pcs - 3.61 cts 
Side White Diamonds  0.62 cts",in stock,new,3643.99 SGD,,https://colourdiam.com/Product/Jewellery/9597/black360/center.jpg,ColourDiam,Apparel & Accessories > Jewelry,,1,,,,unisex,,,adult,,,,,,,,,,Fine Jewelry
9599,6.016 cts  Emerald Ring (COLUMBIAN) Platinum ring   Gross weight  12.5 gram  Main stone - 1 pcs - 6.016 cts  Side White Diamonds  1.61 cts,"6.016 cts  Emerald Ring (COLUMBIAN)
Platinum ring  
Gross weight  12.5 gram 
Main stone - 1 pcs - 6.016 cts 
Side White Diamonds  1.61 cts",in stock,new,6638.05 SGD,,https://colourdiam.com/Product/Jewellery/9598/black360/center.jpg,ColourDiam,Apparel & Accessories > Jewelry,,1,,,,unisex,,,adult,,,,,,,,,,Fine Jewelry
9600,2.60 cts  Emerald Ring (COLUMBIAN) Platinum ring   Gross weight  4.60 gram  Main stone - 1 pcs - 2.60 cts  Side Princess/Round Diamonds  1.20 cts,"2.60 cts  Emerald Ring (COLUMBIAN)
Platinum ring  
Gross weight  4.60 gram 
Main stone - 1 pcs - 2.60 cts 
Side Princess/Round Diamonds  1.20 cts",in stock,new,6806.01 SGD,,https://colourdiam.com/Product/Jewellery/9599/black360/center.jpg,ColourDiam,Apparel & Accessories > Jewelry,,1,,,,unisex,,,adult,,,,,,,,,,Fine Jewelry
9601,2.15 cts  Ruby Ring Platinum ring   Gross weight  12.40 gram  Main stone - 1 pcs - 2.15 cts  Side White Diamonds - 2.11 cts,"2.15 cts  Ruby Ring
Platinum ring  
Gross weight  12.40 gram 
Main stone - 1 pcs - 2.15 cts 
Side White Diamonds - 2.11 cts",in stock,new,8397.97 SGD,,https://colourdiam.com/Product/Jewellery/9600/black360/center.jpg,ColourDiam,Apparel & Accessories > Jewelry,,1,,,,unisex,,,adult,,,,,,,,,,Fine Jewelry
9602,6.76 cts  Green Sapphire Ring (COLUMBIAN) Platinum ring   Gross weight  11.10 gram  Main stone - 1 pcs - 6.76 cts  Side  Marquise/Baguettes Diamonds - 1.33 cts,"6.76 cts  Green Sapphire Ring (COLUMBIAN)
Platinum ring  
Gross weight  11.10 gram 
Main stone - 1 pcs - 6.76 cts 
Side  Marquise/Baguettes Diamonds - 1.33 cts",in stock,new,0 SGD,,https://colourdiam.com/Product/Jewellery/9601/black360/center.jpg,ColourDiam,Apparel & Accessories > Jewelry,,1,,,,unisex,,,adult,,,,,,,,,,Fine Jewelry
9603,1.83 cts  Blue Sapphire Ring Platinum ring   Gross weight 7.00 gram  Main stone - 1 pcs - 1.83 cts  Side Baguettes / Marquise Diamonds - 0.50 cts,"1.83 cts  Blue Sapphire Ring
Platinum ring  
Gross weight 7.00 gram 
Main stone - 1 pcs - 1.83 cts 
Side Baguettes / Marquise Diamonds - 0.50 cts",in stock,new,0 SGD,,https://colourdiam.com/Product/Jewellery/9602/black360/center.jpg,ColourDiam,Apparel & Accessories > Jewelry,,1,,,,unisex,,,adult,,,,,,,,,,Fine Jewelry
9604,0.87 cts  Blue Sapphire Ring Platinum ring   Gross weight  5.80 gram  Main stone - 1 pcs - 0.87 cts  Side  Marquise/Baguettes Diamonds - 1.33 cts,"0.87 cts  Blue Sapphire Ring
Platinum ring  
Gross weight  5.80 gram 
Main stone - 1 pcs - 0.87 cts 
Side  Marquise/Baguettes Diamonds - 1.33 cts",in stock,new,"#N/A (Function REGEXEXTRACT parameter 2 value ""[0-9.]+"" does not match text of Function REGEXEXTRACT parameter 1 value """".)",,https://colourdiam.com/Product/Jewellery/9604/black360/ae5343_5.jpg,ColourDiam,Apparel & Accessories > Jewelry,,1,,,,unisex,,,adult,,,,,,,,,,Fine Jewelry
9605,1.00 cts  Blue Sapphire Ring Platinum ring   Gross weight  4.40 gram  Main stone - 1 pcs -  1.00 cts  Side  Baguettes/Round  Diamonds - 0.40 cts,"1.00 cts  Blue Sapphire Ring
Platinum ring  
Gross weight  4.40 gram 
Main stone - 1 pcs -  1.00 cts 
Side  Baguettes/Round  Diamonds - 0.40 cts",in stock,new,"#N/A (Function REGEXEXTRACT parameter 2 value ""[0-9.]+"" does not match text of Function REGEXEXTRACT parameter 1 value """".)",,https://colourdiam.com/Product/Jewellery/9605/black360/ae675_10.jpg,ColourDiam,Apparel & Accessories > Jewelry,,1,,,,unisex,,,adult,,,,,,,,,,Fine Jewelry
9608,2.80 cts  Emerald Ring (COLUMBIAN) Platinum ring   Gross weight  12.20 gram  Main stone - 1 pcs - 2.80 cts  Side  Baguettes/Round  Diamonds - 1.25 cts,"2.80 cts  Emerald Ring (COLUMBIAN)
Platinum ring  
Gross weight  12.20 gram 
Main stone - 1 pcs - 2.80 cts 
Side  Baguettes/Round  Diamonds - 1.25 cts",in stock,new,"#N/A (Function REGEXEXTRACT parameter 2 value ""[0-9.]+"" does not match text of Function REGEXEXTRACT parameter 1 value """".)",,https://colourdiam.com/Product/Jewellery/9603/black360/ae5789_5.jpg,ColourDiam,Apparel & Accessories > Jewelry,,1,,,,unisex,,,adult,,,,,,,,,GIA,Fine Jewelry
9609,4.74 cts  Emerald Ring (COLUMBIAN) Platinum ring   Gross weight  9.80 gram  Main stone - 1 pcs - 4.74 cts  Side  Baguettes/Round  Diamonds - 0.70 cts,"4.74 cts  Emerald Ring (COLUMBIAN)
Platinum ring  
Gross weight  9.80 gram 
Main stone - 1 pcs - 4.74 cts 
Side  Baguettes/Round  Diamonds - 0.70 cts",in stock,new,"#N/A (Function REGEXEXTRACT parameter 2 value ""[0-9.]+"" does not match text of Function REGEXEXTRACT parameter 1 value """".)",,https://colourdiam.com/Product/Jewellery/9609/black360/center.jpg,ColourDiam,Apparel & Accessories > Jewelry,,1,,,,unisex,,,adult,,,,,,,,,,Fine Jewelry
9610,2.42 cts  Emerald Ring (COLUMBIAN) Platinum ring   Gross weight  11.70 gram  Main stone - 1 pcs - 2.42 cts  Side  Baguettes/Round  Diamonds - 1.83 cts,"2.42 cts  Emerald Ring (COLUMBIAN)
Platinum ring  
Gross weight  11.70 gram 
Main stone - 1 pcs - 2.42 cts 
Side  Baguettes/Round  Diamonds - 1.83 cts",in stock,new,"#N/A (Function REGEXEXTRACT parameter 2 value ""[0-9.]+"" does not match text of Function REGEXEXTRACT parameter 1 value """".)",,https://colourdiam.com/Product/Jewellery/9610/black360/center.jpg,ColourDiam,Apparel & Accessories > Jewelry,,1,,,,unisex,,,adult,,,,,,,,,GRS,Fine Jewelry
9611,1.24 cts  Emerald Ring (COLUMBIAN) Platinum ring   Gross weight 5.80 gram  Main stone - 1 pcs - 1.24 cts  Side  Marquise  Diamonds - 0.46 cts,"1.24 cts  Emerald Ring (COLUMBIAN)
Platinum ring  
Gross weight 5.80 gram 
Main stone - 1 pcs - 1.24 cts 
Side  Marquise  Diamonds - 0.46 cts",in stock,new,"#N/A (Function REGEXEXTRACT parameter 2 value ""[0-9.]+"" does not match text of Function REGEXEXTRACT parameter 1 value """".)",,https://colourdiam.com/Product/Jewellery/9611/black360/center.jpg,ColourDiam,Apparel & Accessories > Jewelry,,1,,,,unisex,,,adult,,,,,,,,,,Fine Jewelry
9612,3.66 cts  Emerald Ring Platinum ring   Gross weight 8.99 gram  Main stone - 1 pcs - 3.66 cts  Side Round Diamonds - 1.62 cts,"3.66 cts  Emerald Ring
Platinum ring  
Gross weight 8.99 gram 
Main stone - 1 pcs - 3.66 cts 
Side Round Diamonds - 1.62 cts",in stock,new,"#N/A (Function REGEXEXTRACT parameter 2 value ""[0-9.]+"" does not match text of Function REGEXEXTRACT parameter 1 value """".)",,https://colourdiam.com/Product/Jewellery/9612/black360/center.jpg,ColourDiam,Apparel & Accessories > Jewelry,,1,,,,unisex,,,adult,,,,,,,,,,Fine Jewelry
7820,3.26 cts  Light Greenish Yellow VS2 18k ring   Gross weight 7.51 gram  Main stone - 1 pcs - 3.26 cts  Side Pear Diamonds - 02 pcs  -  1.62 cts Side Pear Diamonds - 94 pcs  -  0.65 cts,"3.26 cts  Light Greenish Yellow VS2
18k ring  
Gross weight 7.51 gram 
Main stone - 1 pcs - 3.26 cts 
Side Pear Diamonds - 02 pcs  -  1.62 cts
Side Pear Diamonds - 94 pcs  -  0.65 cts",in stock,new,"#N/A (Function REGEXEXTRACT parameter 2 value ""[0-9.]+"" does not match text of Function REGEXEXTRACT parameter 1 value """".)",,https://colourdiam.com/Product/Jewellery/7820/white45/7820_6.jpg,ColourDiam,Apparel & Accessories > Jewelry,,1,,,,unisex,,,adult,,,,,,,,,GIA,Fine Jewelry
9468,Sku - 9468 Weight - 6.11 Colour - Fancy Brownish Greenish Yellow Shape - Pear Clarity - I1 Measurements - 14.66 x 9.19 x 6.31 Fluoresence - Fnt Polish - EX Symmetry - GD No Of Diamonds - 1,"Sku - 9468
Weight - 6.11
Colour - Fancy Brownish Greenish Yellow
Shape - Pear
Clarity - I1
Measurements - 14.66 x 9.19 x 6.31
Fluoresence - Fnt
Polish - EX
Symmetry - GD
No Of Diamonds - 1",in stock,new,16062.77 SGD,https://colourdiam.com/diamonddetails/Menu/9468,https://www.colourdiam.com/Product/Diamond/9468/still.jpg,ColourDiam,Apparel & Accessories > Jewelry,,1,,,,unisex,,,adult,,,,,,,,,GIA,Fine Jewelry
9582,Sku - 9582 Weight - 4.09 Colour - D Shape - Asscher Clarity - VVS2 Measurements - 8.96 x 8.49 x 5.50 Fluoresence - None Polish - EX Symmetry - EX No Of Diamonds - 1,"Sku - 9582
Weight - 4.09
Colour - D
Shape - Asscher
Clarity - VVS2
Measurements - 8.96 x 8.49 x 5.50
Fluoresence - None
Polish - EX
Symmetry - EX
No Of Diamonds - 1",in stock,new,0 SGD,https://colourdiam.com/diamonddetails/Menu/9582,https://www.colourdiam.com/Product/Diamond/9582/still.jpg,ColourDiam,Apparel & Accessories > Jewelry,,1,,,,unisex,,,adult,,,,,,,,,IGI,Fine Jewelry
9583,Sku - 9583 Weight - 4.07 Colour - D Shape - Asscher Clarity - VVS2 Measurements - 9.00 x 8.52 x 5.70 Fluoresence - None Polish - EX Symmetry - EX No Of Diamonds - 1,"Sku - 9583
Weight - 4.07
Colour - D
Shape - Asscher
Clarity - VVS2
Measurements - 9.00 x 8.52 x 5.70
Fluoresence - None
Polish - EX
Symmetry - EX
No Of Diamonds - 1",in stock,new,0 SGD,https://colourdiam.com/diamonddetails/Menu/9583,https://www.colourdiam.com/Product/Diamond/9583/still.jpg,ColourDiam,Apparel & Accessories > Jewelry,,1,,,,unisex,,,adult,,,,,,,,,IGI,Fine Jewelry
8732,Sku - 8732 Weight - 3.52 Colour - U-V Shape - Radiant Clarity - SI2 Measurements - 8.81 x 7.52 x 5.22 Fluoresence - None Polish - VG Symmetry - VG No Of Diamonds - 1,"Sku - 8732
Weight - 3.52
Colour - U-V
Shape - Radiant
Clarity - SI2
Measurements - 8.81 x 7.52 x 5.22
Fluoresence - None
Polish - VG
Symmetry - VG
No Of Diamonds - 1",in stock,new,10282.04 SGD,https://colourdiam.com/diamonddetails/Menu/8732,https://www.colourdiam.com/Product/Diamond/8732/still.jpg,ColourDiam,Apparel & Accessories > Jewelry,,1,,,,unisex,,,adult,,,,,,,,,GIA,Fine Jewelry
7670,Sku - 7670 Weight - 3.19 Colour - Fancy Light Yellow Shape - Pear Clarity - VS1 Measurements - 12.13X7.49X4.86 Fluoresence - Fnt Polish - EX Symmetry - EX No Of Diamonds - 1,"Sku - 7670
Weight - 3.19
Colour - Fancy Light Yellow
Shape - Pear
Clarity - VS1
Measurements - 12.13X7.49X4.86
Fluoresence - Fnt
Polish - EX
Symmetry - EX
No Of Diamonds - 1",in stock,new,25624.78 SGD,https://colourdiam.com/diamonddetails/Menu/7670,https://www.colourdiam.com/Product/Diamond/7670/still.jpg,ColourDiam,Apparel & Accessories > Jewelry,,1,,,,unisex,,,adult,,,,,,,,,GIA,Fine Jewelry
9577,Sku - 9577 Weight - 3.02 Colour - H Shape - Round Clarity - VS2 Measurements - 9.24 - 9.30 x 5.75 Fluoresence - None Polish - EX Symmetry - EX No Of Diamonds - 1,"Sku - 9577
Weight - 3.02
Colour - H
Shape - Round
Clarity - VS2
Measurements - 9.24 - 9.30 x 5.75
Fluoresence - None
Polish - EX
Symmetry - EX
No Of Diamonds - 1",in stock,new,0 SGD,https://colourdiam.com/diamonddetails/Menu/9577,https://www.colourdiam.com/Product/Diamond/9577/still.jpg,ColourDiam,Apparel & Accessories > Jewelry,,1,,,,unisex,,,adult,,,,,,,,,GIA,Fine Jewelry
9581,Sku - 9581 Weight - 3.01 Colour - Faint Pinkish Brown Shape - Round Clarity - VS2 Measurements - 9.00 - 9.07 X 5.81 Fluoresence - Fnt Polish - EX Symmetry - VG No Of Diamonds - 1,"Sku - 9581
Weight - 3.01
Colour - Faint Pinkish Brown
Shape - Round
Clarity - VS2
Measurements - 9.00 - 9.07 X 5.81
Fluoresence - Fnt
Polish - EX
Symmetry - VG
No Of Diamonds - 1",in stock,new,30773.1 SGD,https://colourdiam.com/diamonddetails/Menu/9581,https://www.colourdiam.com/Product/Diamond/9581/still.jpg,ColourDiam,Apparel & Accessories > Jewelry,,1,,,,unisex,,,adult,,,,,,,,,GIA,Fine Jewelry
6282,Sku - 6282 Weight - 3.01 Colour - H Shape - Cushion Clarity - VVS2 Measurements - 8.06 X 7.27 X 5.50 Fluoresence - SLIGHT Polish - EX Symmetry - EX No Of Diamonds - 1,"Sku - 6282
Weight - 3.01
Colour - H
Shape - Cushion
Clarity - VVS2
Measurements - 8.06 X 7.27 X 5.50
Fluoresence - SLIGHT
Polish - EX
Symmetry - EX
No Of Diamonds - 1",in stock,new,30315.89 SGD,https://colourdiam.com/diamonddetails/Menu/6282,https://www.colourdiam.com/Product/Diamond/6282/still.jpg,ColourDiam,Apparel & Accessories > Jewelry,,1,,,,unisex,,,adult,,,,,,,,,HRD,Fine Jewelry
6796,Sku - 6796 Weight - 3 Colour - Fancy Yellow Shape - Pear Clarity - VS2 Measurements - 11.56 X 7.52 X 4.63 Fluoresence - None Polish - VG Symmetry - GD No Of Diamonds - 1,"Sku - 6796
Weight - 3
Colour - Fancy Yellow
Shape - Pear
Clarity - VS2
Measurements - 11.56 X 7.52 X 4.63
Fluoresence - None
Polish - VG
Symmetry - GD
No Of Diamonds - 1",in stock,new,30670.86 SGD,https://colourdiam.com/diamonddetails/Menu/6796,https://www.colourdiam.com/Product/Diamond/6796/still.jpg,ColourDiam,Apparel & Accessories > Jewelry,,1,,,,unisex,,,adult,,,,,,,,,GIA,Fine Jewelry
9504,Sku - 9504 Weight - 3 Colour - Fancy Brownish Greenish Yellow Shape - Cushion Clarity - SI1 Measurements - 8.38X7.33X5.21 Fluoresence - None Polish - EX Symmetry - EX No Of Diamonds - 1,"Sku - 9504
Weight - 3
Colour - Fancy Brownish Greenish Yellow
Shape - Cushion
Clarity - SI1
Measurements - 8.38X7.33X5.21
Fluoresence - None
Polish - EX
Symmetry - EX
No Of Diamonds - 1",in stock,new,10953.88 SGD,https://colourdiam.com/diamonddetails/Menu/9504,https://www.colourdiam.com/Product/Diamond/9504/still.jpg,ColourDiam,Apparel & Accessories > Jewelry,,1,,,,unisex,,,adult,,,,,,,,,GIA,Fine Jewelry
3070,Sku - 3070 Weight - 2.52 Colour - Fancy Deep Pink Shape - Emerald Clarity - SI1 Measurements - 9.26X6.33X4.16 Fluoresence - Fnt Polish - EX Symmetry - GD No Of Diamonds - 1,"Sku - 3070
Weight - 2.52
Colour - Fancy Deep Pink
Shape - Emerald
Clarity - SI1
Measurements - 9.26X6.33X4.16
Fluoresence - Fnt
Polish - EX
Symmetry - GD
No Of Diamonds - 1",in stock,new,9201.26 SGD,https://colourdiam.com/diamonddetails/Menu/3070,https://www.colourdiam.com/Product/Diamond/3070/still.jpg,ColourDiam,Apparel & Accessories > Jewelry,,1,,,,unisex,,,adult,,,,,,,,,GIA,Fine Jewelry
9545,Sku - 9545 Weight - 2.5 Colour - Fancy Grayish Yellowish Green Shape - Oval Clarity - SI2 Measurements - 10.66 x 7.37 x 4.68 Fluoresence - STG Polish - EX Symmetry - EX No Of Diamonds - 1,"Sku - 9545
Weight - 2.5
Colour - Fancy Grayish Yellowish Green
Shape - Oval
Clarity - SI2
Measurements - 10.66 x 7.37 x 4.68
Fluoresence - STG
Polish - EX
Symmetry - EX
No Of Diamonds - 1",in stock,new,16430.82 SGD,https://colourdiam.com/diamonddetails/Menu/9545,https://www.colourdiam.com/Product/Diamond/9545/still.jpg,ColourDiam,Apparel & Accessories > Jewelry,,1,,,,unisex,,,adult,,,,,,,,,GIA,Fine Jewelry
7669,Sku - 7669 Weight - 2.5 Colour - Fancy Brownish Greenish Yellow Shape - Cushion Clarity - VS2 Measurements - 7.66 x 7.13 x 4.98 Fluoresence - None Polish - VG Symmetry - VG No Of Diamonds - 1,"Sku - 7669
Weight - 2.5
Colour - Fancy Brownish Greenish Yellow
Shape - Cushion
Clarity - VS2
Measurements - 7.66 x 7.13 x 4.98
Fluoresence - None
Polish - VG
Symmetry - VG
No Of Diamonds - 1",in stock,new,8397.97 SGD,https://colourdiam.com/diamonddetails/Menu/7669,https://www.colourdiam.com/Product/Diamond/7669/still.jpg,ColourDiam,Apparel & Accessories > Jewelry,,1,,,,unisex,,,adult,,,,,,,,,GIA,Fine Jewelry
7295,Sku - 7295 Weight - 2.5 Colour - Fancy Brownish Greenish Yellow Shape - Cushion Clarity - SI2 Measurements - 7.31 x 7.11 x 4.89 Fluoresence - None Polish - VG Symmetry - VG No Of Diamonds - 1,"Sku - 7295
Weight - 2.5
Colour - Fancy Brownish Greenish Yellow
Shape - Cushion
Clarity - SI2
Measurements - 7.31 x 7.11 x 4.89
Fluoresence - None
Polish - VG
Symmetry - VG
No Of Diamonds - 1",in stock,new,5476.94 SGD,https://colourdiam.com/diamonddetails/Menu/7295,https://www.colourdiam.com/Product/Diamond/7295/still.jpg,ColourDiam,Apparel & Accessories > Jewelry,,1,,,,unisex,,,adult,,,,,,,,,GIA,Fine Jewelry
9549,Sku - 9549 Weight - 2.3 Colour - F Shape - Pear Clarity - VS2 Measurements - 10.43 x 6.52 x 4.37 Fluoresence - None Polish - VG Symmetry - VG No Of Diamonds - 1,"Sku - 9549
Weight - 2.3
Colour - F
Shape - Pear
Clarity - VS2
Measurements - 10.43 x 6.52 x 4.37
Fluoresence - None
Polish - VG
Symmetry - VG
No Of Diamonds - 1",in stock,new,41989.87 SGD,https://colourdiam.com/diamonddetails/Menu/9549,https://www.colourdiam.com/Product/Diamond/9549/still.jpg,ColourDiam,Apparel & Accessories > Jewelry,,1,,,,unisex,,,adult,,,,,,,,,GIA,Fine Jewelry
4143,Sku - 4143 Weight - 2.24 Colour - G Shape - Shield Clarity - I1 Measurements - 8.31*15.76*2.45 Fluoresence - None Polish - G Symmetry - VG No Of Diamonds - 1,"Sku - 4143
Weight - 2.24
Colour - G
Shape - Shield
Clarity - I1
Measurements - 8.31*15.76*2.45
Fluoresence - None
Polish - G
Symmetry - VG
No Of Diamonds - 1",in stock,new,7851.74 SGD,https://colourdiam.com/diamonddetails/Menu/4143,https://www.colourdiam.com/Product/Diamond/4143/still.jpg,ColourDiam,Apparel & Accessories > Jewelry,,1,,,,unisex,,,adult,,,,,,,,,GIA,Fine Jewelry
7651,Sku - 7651 Weight - 2.02 Colour - Faint Pink Shape - Cushion Clarity - SI2 Measurements - 7.38 X 6.80 X 4.55 Fluoresence - None Polish - EX Symmetry - EX No Of Diamonds - 1,"Sku - 7651
Weight - 2.02
Colour - Faint Pink
Shape - Cushion
Clarity - SI2
Measurements - 7.38 X 6.80 X 4.55
Fluoresence - None
Polish - EX
Symmetry - EX
No Of Diamonds - 1",in stock,new,39828.31 SGD,https://colourdiam.com/diamonddetails/Menu/7651,https://www.colourdiam.com/Product/Diamond/7651/still.jpg,ColourDiam,Apparel & Accessories > Jewelry,,1,,,,unisex,,,adult,,,,,,,,,GIA,Fine Jewelry
6032,Sku - 6032 Weight - 2.02 Colour - E Shape - Round Clarity - VVS1 Measurements - 8.31 x 8.37 x 4.85 Fluoresence - None Polish - EX Symmetry - EX No Of Diamonds - 1,"Sku - 6032
Weight - 2.02
Colour - E
Shape - Round
Clarity - VVS1
Measurements - 8.31 x 8.37 x 4.85
Fluoresence - None
Polish - EX
Symmetry - EX
No Of Diamonds - 1",in stock,new,53104.41 SGD,https://colourdiam.com/diamonddetails/Menu/6032,https://www.colourdiam.com/Product/Diamond/6032/still.jpg,ColourDiam,Apparel & Accessories > Jewelry,,1,,,,unisex,,,adult,,,,,,,,,GIA,Fine Jewelry
8491,Sku - 8491 Weight - 2.01 Colour - Fancy Vivid Yellow Shape - Heart Clarity - SI2 Measurements - 6.89X7.66X4.71 Fluoresence - None Polish - EX Symmetry - VG No Of Diamonds - 1,"Sku - 8491
Weight - 2.01
Colour - Fancy Vivid Yellow
Shape - Heart
Clarity - SI2
Measurements - 6.89X7.66X4.71
Fluoresence - None
Polish - EX
Symmetry - VG
No Of Diamonds - 1",in stock,new,21136.61 SGD,https://colourdiam.com/diamonddetails/Menu/8491,https://www.colourdiam.com/Product/Diamond/8491/still.jpg,ColourDiam,Apparel & Accessories > Jewelry,,1,,,,unisex,,,adult,,,,,,,,,GIA,Fine Jewelry
9219,Sku - 9219 Weight - 2.01 Colour - Fancy Light Greenish Yellow Shape - Cushion Clarity - SI2 Measurements - 6.85 x 6.66 x 4.63 Fluoresence - Fnt Polish - VG Symmetry - VG No Of Diamonds - 1,"Sku - 9219
Weight - 2.01
Colour - Fancy Light Greenish Yellow
Shape - Cushion
Clarity - SI2
Measurements - 6.85 x 6.66 x 4.63
Fluoresence - Fnt
Polish - VG
Symmetry - VG
No Of Diamonds - 1",in stock,new,10568.3 SGD,https://colourdiam.com/diamonddetails/Menu/9219,https://www.colourdiam.com/Product/Diamond/9219/still.jpg,ColourDiam,Apparel & Accessories > Jewelry,,1,,,,unisex,,,adult,,,,,,,,,GIA,Fine Jewelry
6918,Sku - 6918 Weight - 2.01 Colour - Very Light Pink Shape - Oval Clarity - SI2 Measurements - 9.70 x 6.85 x 4.56 Fluoresence - Fnt Polish - EX Symmetry - VG No Of Diamonds - 1,"Sku - 6918
Weight - 2.01
Colour - Very Light Pink
Shape - Oval
Clarity - SI2
Measurements - 9.70 x 6.85 x 4.56
Fluoresence - Fnt
Polish - EX
Symmetry - VG
No Of Diamonds - 1",in stock,new,65235.78 SGD,https://colourdiam.com/diamonddetails/Menu/6918,https://www.colourdiam.com/Product/Diamond/6918/still.jpg,ColourDiam,Apparel & Accessories > Jewelry,,1,,,,unisex,,,adult,,,,,,,,,GIA,Fine Jewelry
5484,Sku - 5484 Weight - 2 Colour - Fancy Brownish Purplish Pink Shape - Cushion Clarity - SI1 Measurements - 7.58X6.88X4.41 Fluoresence - None Polish - EX Symmetry - GD No Of Diamonds - 1,"Sku - 5484
Weight - 2
Colour - Fancy Brownish Purplish Pink
Shape - Cushion
Clarity - SI1
Measurements - 7.58X6.88X4.41
Fluoresence - None
Polish - EX
Symmetry - GD
No Of Diamonds - 1",in stock,new,73025.86 SGD,https://colourdiam.com/diamonddetails/Menu/5484,https://www.colourdiam.com/Product/Diamond/5484/still.jpg,ColourDiam,Apparel & Accessories > Jewelry,,1,,,,unisex,,,adult,,,,,,,,,GIA,Fine Jewelry
9409,Sku - 9409 Weight - 2 Colour - Fancy Yellow Green Shape - Pear Clarity - VVS2 Measurements - 10.85 x 6.95 x 4.43 Fluoresence - None Polish - EX Symmetry - VG No Of Diamonds - 1,"Sku - 9409
Weight - 2
Colour - Fancy Yellow Green
Shape - Pear
Clarity - VVS2
Measurements - 10.85 x 6.95 x 4.43
Fluoresence - None
Polish - EX
Symmetry - VG
No Of Diamonds - 1",in stock,new,17526.21 SGD,https://colourdiam.com/diamonddetails/Menu/9409,https://www.colourdiam.com/Product/Diamond/9409/still.jpg,ColourDiam,Apparel & Accessories > Jewelry,,1,,,,unisex,,,adult,,,,,,,,,GIA,Fine Jewelry
7698,Sku - 7698 Weight - 2 Colour - Fancy Yellow Shape - Cushion Clarity - VS1 Measurements - 7.54X6.75X4.56 Fluoresence - Med Polish - VG Symmetry - VG No Of Diamonds - 1,"Sku - 7698
Weight - 2
Colour - Fancy Yellow
Shape - Cushion
Clarity - VS1
Measurements - 7.54X6.75X4.56
Fluoresence - Med
Polish - VG
Symmetry - VG
No Of Diamonds - 1",in stock,new,10515.72 SGD,https://colourdiam.com/diamonddetails/Menu/7698,https://www.colourdiam.com/Product/Diamond/7698/still.jpg,ColourDiam,Apparel & Accessories > Jewelry,,1,,,,unisex,,,adult,,,,,,,,,GIA,Fine Jewelry
484,Sku - 484 Weight - 2 Colour - Fancy Yellow Shape - Radiant Clarity - VS1 Measurements - 7.29X6.86X4.74 Fluoresence - None Polish - EX Symmetry - GD No Of Diamonds - 1,"Sku - 484
Weight - 2
Colour - Fancy Yellow
Shape - Radiant
Clarity - VS1
Measurements - 7.29X6.86X4.74
Fluoresence - None
Polish - EX
Symmetry - GD
No Of Diamonds - 1",in stock,new,11684.14 SGD,https://colourdiam.com/diamonddetails/Menu/484,https://www.colourdiam.com/Product/Diamond/484/still.jpg,ColourDiam,Apparel & Accessories > Jewelry,,1,,,,unisex,,,adult,,,,,,,,,GIA,Fine Jewelry
5693,Sku - 5693 Weight - 2 Colour - W-X Shape - Cushion Clarity - VVS1 Measurements - 9X77 x 6.72 x 4.68 Fluoresence -  Polish - EX Symmetry -  No Of Diamonds - 1,"Sku - 5693
Weight - 2
Colour - W-X
Shape - Cushion
Clarity - VVS1
Measurements - 9X77 x 6.72 x 4.68
Fluoresence - 
Polish - EX
Symmetry - 
No Of Diamonds - 1",in stock,new,6426.28 SGD,https://colourdiam.com/diamonddetails/Menu/5693,https://www.colourdiam.com/Product/Diamond/5693/still.jpg,ColourDiam,Apparel & Accessories > Jewelry,,1,,,,unisex,,,adult,,,,,,,,,GIA,Fine Jewelry
358,Sku - 358 Weight - 1.86 Colour - Fancy White Shape - Other Clarity -  Measurements - 13.52 x 5.17 x 3.32 Fluoresence - None Polish -  Symmetry -  No Of Diamonds - 1,"Sku - 358
Weight - 1.86
Colour - Fancy White
Shape - Other
Clarity - 
Measurements - 13.52 x 5.17 x 3.32
Fluoresence - None
Polish - 
Symmetry - 
No Of Diamonds - 1",in stock,new,8149.69 SGD,https://colourdiam.com/diamonddetails/Menu/358,https://www.colourdiam.com/Product/Diamond/358/still.jpg,ColourDiam,Apparel & Accessories > Jewelry,,1,,,,unisex,,,adult,,,,,,,,,GIA,Fine Jewelry
6076,Sku - 6076 Weight - 1.78 Colour - M Shape - Oval Clarity - SI2 Measurements - 8.31 X 6.04 X 4.35 Fluoresence - Vst Polish - VG Symmetry - VG No Of Diamonds - 1,"Sku - 6076
Weight - 1.78
Colour - M
Shape - Oval
Clarity - SI2
Measurements - 8.31 X 6.04 X 4.35
Fluoresence - Vst
Polish - VG
Symmetry - VG
No Of Diamonds - 1",in stock,new,2888.29 SGD,https://colourdiam.com/diamonddetails/Menu/6076,https://www.colourdiam.com/Product/Diamond/6076/still.jpg,ColourDiam,Apparel & Accessories > Jewelry,,1,,,,unisex,,,adult,,,,,,,,,IGI,Fine Jewelry
2983,Sku - 2983 Weight - 1.72 Colour - Fancy Yellow Green Shape - Round Clarity - SI1 Measurements - 7.87X6.76X3.45 Fluoresence - None Polish -  Symmetry -  No Of Diamonds - 1,"Sku - 2983
Weight - 1.72
Colour - Fancy Yellow Green
Shape - Round
Clarity - SI1
Measurements - 7.87X6.76X3.45
Fluoresence - None
Polish - 
Symmetry - 
No Of Diamonds - 1",in stock,new,2532.18 SGD,https://colourdiam.com/diamonddetails/Menu/2983,https://www.colourdiam.com/Product/Diamond/2983/still.jpg,ColourDiam,Apparel & Accessories > Jewelry,,1,,,,unisex,,,adult,,,,,,,,,CGL,Fine Jewelry
2848,Sku - 2848 Weight - 1.7 Colour - Fancy Deep Brownish Orangy Yellow Shape - Pear Clarity - I2 Measurements - 9.05X5.95X4.22 Fluoresence - None Polish - VG Symmetry - GD No Of Diamonds - 1,"Sku - 2848
Weight - 1.7
Colour - Fancy Deep Brownish Orangy Yellow
Shape - Pear
Clarity - I2
Measurements - 9.05X5.95X4.22
Fluoresence - None
Polish - VG
Symmetry - GD
No Of Diamonds - 1",in stock,new,2234.59 SGD,https://colourdiam.com/diamonddetails/Menu/2848,https://www.colourdiam.com/Product/Diamond/2848/still.jpg,ColourDiam,Apparel & Accessories > Jewelry,,1,,,,unisex,,,adult,,,,,,,,,GIA,Fine Jewelry
2552,Sku - 2552 Weight - 1.69 Colour - Fancy Yellowish Brown Shape - Round Clarity - SI2 Measurements - 7.4*5.64*4.62 Fluoresence - None Polish -  Symmetry -  No Of Diamonds - 1,"Sku - 2552
Weight - 1.69
Colour - Fancy Yellowish Brown
Shape - Round
Clarity - SI2
Measurements - 7.4*5.64*4.62
Fluoresence - None
Polish - 
Symmetry - 
No Of Diamonds - 1",in stock,new,3208.76 SGD,https://colourdiam.com/diamonddetails/Menu/2552,https://www.colourdiam.com/Product/Diamond/2552/still.jpg,ColourDiam,Apparel & Accessories > Jewelry,,1,,,,unisex,,,adult,,,,,,,,,CGL,Fine Jewelry
2550,Sku - 2550 Weight - 1.66 Colour - Fancy Greenish Yellow Shape - Round Clarity - I1 Measurements - XX Fluoresence - None Polish -  Symmetry -  No Of Diamonds - 1,"Sku - 2550
Weight - 1.66
Colour - Fancy Greenish Yellow
Shape - Round
Clarity - I1
Measurements - XX
Fluoresence - None
Polish - 
Symmetry - 
No Of Diamonds - 1",in stock,new,2424.46 SGD,https://colourdiam.com/diamonddetails/Menu/2550,https://www.colourdiam.com/Product/Diamond/2550/still.jpg,ColourDiam,Apparel & Accessories > Jewelry,,1,,,,unisex,,,adult,,,,,,,,,CGL,Fine Jewelry
9508,Sku - 9508 Weight - 1.64 Colour - Fancy Light Grayish Greenish Yellow Shape - Pear Clarity - VS1 Measurements - 9.32 x 5.83 x 3.95 Fluoresence - None Polish - EX Symmetry - EX No Of Diamonds - 1,"Sku - 9508
Weight - 1.64
Colour - Fancy Light Grayish Greenish Yellow
Shape - Pear
Clarity - VS1
Measurements - 9.32 x 5.83 x 3.95
Fluoresence - None
Polish - EX
Symmetry - EX
No Of Diamonds - 1",in stock,new,3353.35 SGD,https://colourdiam.com/diamonddetails/Menu/9508,https://www.colourdiam.com/Product/Diamond/9508/still.jpg,ColourDiam,Apparel & Accessories > Jewelry,,1,,,,unisex,,,adult,,,,,,,,,GIA,Fine Jewelry
9559,Sku - 9559 Weight - 1.56 Colour - Light Greenish Yellow Shape - Pear Clarity - SI1 Measurements - 8.86 X 5.61 X 3.91 Fluoresence - None Polish - EX Symmetry - VG No Of Diamonds - 1,"Sku - 9559
Weight - 1.56
Colour - Light Greenish Yellow
Shape - Pear
Clarity - SI1
Measurements - 8.86 X 5.61 X 3.91
Fluoresence - None
Polish - EX
Symmetry - VG
No Of Diamonds - 1",in stock,new,3759.37 SGD,https://colourdiam.com/diamonddetails/Menu/9559,https://www.colourdiam.com/Product/Diamond/9559/still.jpg,ColourDiam,Apparel & Accessories > Jewelry,,1,,,,unisex,,,adult,,,,,,,,,GIA,Fine Jewelry
9520,Sku - 9520 Weight - 1.56 Colour - Fancy Brownish Greenish Yellow Shape - Radiant Clarity - VS2 Measurements - 7.23 X 5.64 X 3.93 Fluoresence - None Polish - EX Symmetry - EX No Of Diamonds - 1,"Sku - 9520
Weight - 1.56
Colour - Fancy Brownish Greenish Yellow
Shape - Radiant
Clarity - VS2
Measurements - 7.23 X 5.64 X 3.93
Fluoresence - None
Polish - EX
Symmetry - EX
No Of Diamonds - 1",in stock,new,2848.01 SGD,https://colourdiam.com/diamonddetails/Menu/9520,https://www.colourdiam.com/Product/Diamond/9520/still.jpg,ColourDiam,Apparel & Accessories > Jewelry,,1,,,,unisex,,,adult,,,,,,,,,GIA,Fine Jewelry
9557,Sku - 9557 Weight - 1.55 Colour - Fancy Yellow Green Shape - Pear Clarity - SI1 Measurements - 9.22 X 5.71 X 3.92 Fluoresence - None Polish - EX Symmetry - VG No Of Diamonds - 1,"Sku - 9557
Weight - 1.55
Colour - Fancy Yellow Green
Shape - Pear
Clarity - SI1
Measurements - 9.22 X 5.71 X 3.92
Fluoresence - None
Polish - EX
Symmetry - VG
No Of Diamonds - 1",in stock,new,12450.91 SGD,https://colourdiam.com/diamonddetails/Menu/9557,https://www.colourdiam.com/Product/Diamond/9557/still.jpg,ColourDiam,Apparel & Accessories > Jewelry,,1,,,,unisex,,,adult,,,,,,,,,GIA,Fine Jewelry
9514,Sku - 9514 Weight - 1.54 Colour - Fancy Light Greenish Yellow Shape - Pear Clarity - SI1 Measurements - 9.25 X 5.71 X 3.93 Fluoresence - None Polish - EX Symmetry - EX No Of Diamonds - 1,"Sku - 9514
Weight - 1.54
Colour - Fancy Light Greenish Yellow
Shape - Pear
Clarity - SI1
Measurements - 9.25 X 5.71 X 3.93
Fluoresence - None
Polish - EX
Symmetry - EX
No Of Diamonds - 1",in stock,new,3598.71 SGD,https://colourdiam.com/diamonddetails/Menu/9514,https://www.colourdiam.com/Product/Diamond/9514/still.jpg,ColourDiam,Apparel & Accessories > Jewelry,,1,,,,unisex,,,adult,,,,,,,,,GIA,Fine Jewelry
191,Sku - 191 Weight - 1.54 Colour - Fancy Black Shape - Emerald Clarity -  Measurements - 6.78 x 6.72 x 3.34 Fluoresence - None Polish -  Symmetry -  No Of Diamonds - 1,"Sku - 191
Weight - 1.54
Colour - Fancy Black
Shape - Emerald
Clarity - 
Measurements - 6.78 x 6.72 x 3.34
Fluoresence - None
Polish - 
Symmetry - 
No Of Diamonds - 1",in stock,new,2699.04 SGD,https://colourdiam.com/diamonddetails/Menu/191,https://www.colourdiam.com/Product/Diamond/191/still.jpg,ColourDiam,Apparel & Accessories > Jewelry,,1,,,,unisex,,,adult,,,,,,,,,GIA,Fine Jewelry
9517,Sku - 9517 Weight - 1.53 Colour - Light Greenish Yellow Shape - Pear Clarity - VS2 Measurements - 9.51 X 5.59 X 3.89 Fluoresence - None Polish - EX Symmetry - VG No Of Diamonds - 1,"Sku - 9517
Weight - 1.53
Colour - Light Greenish Yellow
Shape - Pear
Clarity - VS2
Measurements - 9.51 X 5.59 X 3.89
Fluoresence - None
Polish - EX
Symmetry - VG
No Of Diamonds - 1",in stock,new,3575.35 SGD,https://colourdiam.com/diamonddetails/Menu/9517,https://www.colourdiam.com/Product/Diamond/9517/still.jpg,ColourDiam,Apparel & Accessories > Jewelry,,1,,,,unisex,,,adult,,,,,,,,,GIA,Fine Jewelry
8709,Sku - 8709 Weight - 1.52 Colour - Fancy Brownish Greenish Yellow Shape - Cut cornered square Clarity - VS1 Measurements - 6.05 x 6.01 x 4.15 Fluoresence - None Polish - EX Symmetry - VG No Of Diamonds,"Sku - 8709
Weight - 1.52
Colour - Fancy Brownish Greenish Yellow
Shape - Cut cornered square
Clarity - VS1
Measurements - 6.05 x 6.01 x 4.15
Fluoresence - None
Polish - EX
Symmetry - VG
No Of Diamonds - 1",in stock,new,3329.98 SGD,https://colourdiam.com/diamonddetails/Menu/8709,https://www.colourdiam.com/Product/Diamond/8709/still.jpg,ColourDiam,Apparel & Accessories > Jewelry,,1,,,,unisex,,,adult,,,,,,,,,GIA,Fine Jewelry
2511,Sku - 2511 Weight - 1.52 Colour - Fancy Brownish Greenish Yellow Shape - Round Clarity - SI1 Measurements -  Fluoresence - None Polish -  Symmetry -  No Of Diamonds - 1,"Sku - 2511
Weight - 1.52
Colour - Fancy Brownish Greenish Yellow
Shape - Round
Clarity - SI1
Measurements - 
Fluoresence - None
Polish - 
Symmetry - 
No Of Diamonds - 1",in stock,new,2219.99 SGD,https://colourdiam.com/diamonddetails/Menu/2511,https://www.colourdiam.com/Product/Diamond/2511/still.jpg,ColourDiam,Apparel & Accessories > Jewelry,,1,,,,unisex,,,adult,,,,,,,,,CGL,Fine Jewelry
5566,Sku - 5566 Weight - 1.52 Colour - Very Light Pink Shape - Cushion Clarity - SI2 Measurements - 6.30X6.11X4.25 Fluoresence - Med Polish - VG Symmetry - EX No Of Diamonds - 1,"Sku - 5566
Weight - 1.52
Colour - Very Light Pink
Shape - Cushion
Clarity - SI2
Measurements - 6.30X6.11X4.25
Fluoresence - Med
Polish - VG
Symmetry - EX
No Of Diamonds - 1",in stock,new,26639.83 SGD,https://colourdiam.com/diamonddetails/Menu/5566,https://www.colourdiam.com/Product/Diamond/5566/still.jpg,ColourDiam,Apparel & Accessories > Jewelry,,1,,,,unisex,,,adult,,,,,,,,,GIA,Fine Jewelry
4584,Sku - 4584 Weight - 1.51 Colour - Fancy Pink Brown Shape - Pear Clarity - I1 Measurements - 9.40*6.02*3.31 Fluoresence - None Polish - EX Symmetry - EX No Of Diamonds - 1,"Sku - 4584
Weight - 1.51
Colour - Fancy Pink Brown
Shape - Pear
Clarity - I1
Measurements - 9.40*6.02*3.31
Fluoresence - None
Polish - EX
Symmetry - EX
No Of Diamonds - 1",in stock,new,7350.53 SGD,https://colourdiam.com/diamonddetails/Menu/4584,https://www.colourdiam.com/Product/Diamond/4584/still.jpg,ColourDiam,Apparel & Accessories > Jewelry,,1,,,,unisex,,,adult,,,,,,,,,GIA,Fine Jewelry
4904,Sku - 4904 Weight - 1.51 Colour - Fancy Light Green Yellow Shape - Heart Clarity - VS1 Measurements - 6.46*7.30*4.08 Fluoresence - Fnt Polish - EX Symmetry - VG No Of Diamonds - 1,"Sku - 4904
Weight - 1.51
Colour - Fancy Light Green Yellow
Shape - Heart
Clarity - VS1
Measurements - 6.46*7.30*4.08
Fluoresence - Fnt
Polish - EX
Symmetry - VG
No Of Diamonds - 1",in stock,new,8821.52 SGD,https://colourdiam.com/diamonddetails/Menu/4904,https://www.colourdiam.com/Product/Diamond/4904/still.jpg,ColourDiam,Apparel & Accessories > Jewelry,,1,,,,unisex,,,adult,,,,,,,,,GIA,Fine Jewelry
9281,Sku - 9281 Weight - 1.51 Colour - Light Pink Shape - Round Clarity - SI2 Measurements - 7.11 - 7.19 x 4.59 Fluoresence - None Polish - EX Symmetry - VG No Of Diamonds - 1,"Sku - 9281
Weight - 1.51
Colour - Light Pink
Shape - Round
Clarity - SI2
Measurements - 7.11 - 7.19 x 4.59
Fluoresence - None
Polish - EX
Symmetry - VG
No Of Diamonds - 1",in stock,new,39696.86 SGD,https://colourdiam.com/diamonddetails/Menu/9281,https://www.colourdiam.com/Product/Diamond/9281/still.jpg,ColourDiam,Apparel & Accessories > Jewelry,,1,,,,unisex,,,adult,,,,,,,,,GIA,Fine Jewelry
9529,Sku - 9529 Weight - 1.51 Colour - Fancy Brown Greenish Yellow Shape - Heart Clarity - SI2 Measurements - 6.75X7.39X4.03 Fluoresence - None Polish - EX Symmetry - VG No Of Diamonds - 1,"Sku - 9529
Weight - 1.51
Colour - Fancy Brown Greenish Yellow
Shape - Heart
Clarity - SI2
Measurements - 6.75X7.39X4.03
Fluoresence - None
Polish - EX
Symmetry - VG
No Of Diamonds - 1",in stock,new,2205.38 SGD,https://colourdiam.com/diamonddetails/Menu/9529,https://www.colourdiam.com/Product/Diamond/9529/still.jpg,ColourDiam,Apparel & Accessories > Jewelry,,1,,,,unisex,,,adult,,,,,,,,,GIA,Fine Jewelry
9515,Sku - 9515 Weight - 1.5 Colour - Fancy Light Grayish Greenish Yellow Shape - Cushion Clarity - VS2 Measurements - 7..16 X 5.70 X 3.97 Fluoresence - None Polish - EX Symmetry - VG No Of Diamonds - 1,"Sku - 9515
Weight - 1.5
Colour - Fancy Light Grayish Greenish Yellow
Shape - Cushion
Clarity - VS2
Measurements - 7..16 X 5.70 X 3.97
Fluoresence - None
Polish - EX
Symmetry - VG
No Of Diamonds - 1",in stock,new,3067.09 SGD,https://colourdiam.com/diamonddetails/Menu/9515,https://www.colourdiam.com/Product/Diamond/9515/still.jpg,ColourDiam,Apparel & Accessories > Jewelry,,1,,,,unisex,,,adult,,,,,,,,,GIA,Fine Jewelry
9572,Sku - 9572 Weight - 1.5 Colour - Fancy Yellow Shape - Round Clarity - SI2 Measurements - 6.99 X 7.08 X 4.66 Fluoresence - Med Polish - EX Symmetry - VG No Of Diamonds - 1,"Sku - 9572
Weight - 1.5
Colour - Fancy Yellow
Shape - Round
Clarity - SI2
Measurements - 6.99 X 7.08 X 4.66
Fluoresence - Med
Polish - EX
Symmetry - VG
No Of Diamonds - 1",in stock,new,0 SGD,https://colourdiam.com/diamonddetails/Menu/9572,https://www.colourdiam.com/Product/Diamond/9572/still.jpg,ColourDiam,Apparel & Accessories > Jewelry,,1,,,,unisex,,,adult,,,,,,,,,GIA,Fine Jewelry
9509,Sku - 9509 Weight - 1.5 Colour - Fancy Brownish Greenish Yellow Shape - Oval Clarity - VS2 Measurements - 8.17 X 5.81 X 3.94 Fluoresence - None Polish - EX Symmetry - VG No Of Diamonds - 1,"Sku - 9509
Weight - 1.5
Colour - Fancy Brownish Greenish Yellow
Shape - Oval
Clarity - VS2
Measurements - 8.17 X 5.81 X 3.94
Fluoresence - None
Polish - EX
Symmetry - VG
No Of Diamonds - 1",in stock,new,2738.47 SGD,https://colourdiam.com/diamonddetails/Menu/9509,https://www.colourdiam.com/Product/Diamond/9509/still.jpg,ColourDiam,Apparel & Accessories > Jewelry,,1,,,,unisex,,,adult,,,,,,,,,GIA,Fine Jewelry
727,Sku - 727 Weight - 1.5 Colour - Fancy Vivid Yellow Shape - Round Clarity - VS1 Measurements - 7.22X7.18X4.52 Fluoresence - None Polish - VG Symmetry - VG No Of Diamonds - 1,"Sku - 727
Weight - 1.5
Colour - Fancy Vivid Yellow
Shape - Round
Clarity - VS1
Measurements - 7.22X7.18X4.52
Fluoresence - None
Polish - VG
Symmetry - VG
No Of Diamonds - 1",in stock,new,76677.16 SGD,https://colourdiam.com/diamonddetails/Menu/727,https://www.colourdiam.com/Product/Diamond/727/still.jpg,ColourDiam,Apparel & Accessories > Jewelry,,1,,,,unisex,,,adult,,,,,,,,,GIA,Fine Jewelry
3743,Sku - 3743 Weight - 1.41 Colour - Fancy Brown Pink Shape - Radiant Clarity - I2 Measurements - 6.39x6.27x3.98 Fluoresence - None Polish -  Symmetry -  No Of Diamonds - 1,"Sku - 3743
Weight - 1.41
Colour - Fancy Brown Pink
Shape - Radiant
Clarity - I2
Measurements - 6.39x6.27x3.98
Fluoresence - None
Polish - 
Symmetry - 
No Of Diamonds - 1",in stock,new,28830.61 SGD,https://colourdiam.com/diamonddetails/Menu/3743,https://www.colourdiam.com/Product/Diamond/3743/still.jpg,ColourDiam,Apparel & Accessories > Jewelry,,1,,,,unisex,,,adult,,,,,,,,,GIA,Fine Jewelry
5605,Sku - 5605 Weight - 1.4 Colour - Fancy Grayish Yellowish Green Shape - Radiant Clarity - SI1 Measurements - 6.40 x 6.35 x 3.94 Fluoresence - None Polish - EX Symmetry - VG No Of Diamonds - 1,"Sku - 5605
Weight - 1.4
Colour - Fancy Grayish Yellowish Green
Shape - Radiant
Clarity - SI1
Measurements - 6.40 x 6.35 x 3.94
Fluoresence - None
Polish - EX
Symmetry - VG
No Of Diamonds - 1",in stock,new,5316.28 SGD,https://colourdiam.com/diamonddetails/Menu/5605,https://www.colourdiam.com/Product/Diamond/5605/still.jpg,ColourDiam,Apparel & Accessories > Jewelry,,1,,,,unisex,,,adult,,,,,,,,,GIA,Fine Jewelry
6070,Sku - 6070 Weight - 1.4 Colour - Fancy Brown Pink Shape - Radiant Clarity - SI2 Measurements - 6.98 X 5.46 X 3.66 Fluoresence - STG Polish - G Symmetry - GD No Of Diamonds - 1,"Sku - 6070
Weight - 1.4
Colour - Fancy Brown Pink
Shape - Radiant
Clarity - SI2
Measurements - 6.98 X 5.46 X 3.66
Fluoresence - STG
Polish - G
Symmetry - GD
No Of Diamonds - 1",in stock,new,21469.6 SGD,https://colourdiam.com/diamonddetails/Menu/6070,https://www.colourdiam.com/Product/Diamond/6070/still.jpg,ColourDiam,Apparel & Accessories > Jewelry,,1,,,,unisex,,,adult,,,,,,,,,GIA,Fine Jewelry
268,Sku - 268 Weight - 1.38 Colour - Fancy White Shape - Round Clarity -  Measurements - 7.07 x 7.10 x 4.22 Fluoresence - None Polish -  Symmetry -  No Of Diamonds - 1,"Sku - 268
Weight - 1.38
Colour - Fancy White
Shape - Round
Clarity - 
Measurements - 7.07 x 7.10 x 4.22
Fluoresence - None
Polish - 
Symmetry - 
No Of Diamonds - 1",in stock,new,6046.54 SGD,https://colourdiam.com/diamonddetails/Menu/268,https://www.colourdiam.com/Product/Diamond/268/still.jpg,ColourDiam,Apparel & Accessories > Jewelry,,1,,,,unisex,,,adult,,,,,,,,,GIA,Fine Jewelry
2208,Sku - 2208 Weight - 1.36 Colour - Fancy Light Green Shape - Radiant Clarity - SI1 Measurements - 6.04 x 5.94 x 4.16 Fluoresence - STG Polish - VG Symmetry - GD No Of Diamonds - 1,"Sku - 2208
Weight - 1.36
Colour - Fancy Light Green
Shape - Radiant
Clarity - SI1
Measurements - 6.04 x 5.94 x 4.16
Fluoresence - STG
Polish - VG
Symmetry - GD
No Of Diamonds - 1",in stock,new,35753.46 SGD,https://colourdiam.com/diamonddetails/Menu/2208,https://www.colourdiam.com/Product/Diamond/2208/still.jpg,ColourDiam,Apparel & Accessories > Jewelry,,1,,,,unisex,,,adult,,,,,,,,,GIA,Fine Jewelry
1524,Sku - 1524 Weight - 1.35 Colour - Fancy White Shape - Round Clarity -  Measurements - 6.63X6.69X4.71 Fluoresence - None Polish -  Symmetry -  No Of Diamonds - 1,"Sku - 1524
Weight - 1.35
Colour - Fancy White
Shape - Round
Clarity - 
Measurements - 6.63X6.69X4.71
Fluoresence - None
Polish - 
Symmetry - 
No Of Diamonds - 1",in stock,new,5915.09 SGD,https://colourdiam.com/diamonddetails/Menu/1524,https://www.colourdiam.com/Product/Diamond/1524/still.jpg,ColourDiam,Apparel & Accessories > Jewelry,,1,,,,unisex,,,adult,,,,,,,,,GIA,Fine Jewelry
317,Sku - 317 Weight - 1.33 Colour - Fancy Intense Purple Pink Shape - Cut cornered square Clarity - I1 Measurements - 6.16X6.08X4.44 Fluoresence - STG Polish - VG Symmetry - GD No Of Diamonds - 1,"Sku - 317
Weight - 1.33
Colour - Fancy Intense Purple Pink
Shape - Cut cornered square
Clarity - I1
Measurements - 6.16X6.08X4.44
Fluoresence - STG
Polish - VG
Symmetry - GD
No Of Diamonds - 1",in stock,new,135974.16 SGD,https://colourdiam.com/diamonddetails/Menu/317,https://www.colourdiam.com/Product/Diamond/317/still.jpg,ColourDiam,Apparel & Accessories > Jewelry,,1,,,,unisex,,,adult,,,,,,,,,GIA,Fine Jewelry
7279,Sku - 7279 Weight - 1.33 Colour - S-T Shape - Cushion Clarity - VVS2 Measurements - 5.95 X 5.94 X 4.10 Fluoresence - Med Polish - EX Symmetry - VG No Of Diamonds - 1,"Sku - 7279
Weight - 1.33
Colour - S-T
Shape - Cushion
Clarity - VVS2
Measurements - 5.95 X 5.94 X 4.10
Fluoresence - Med
Polish - EX
Symmetry - VG
No Of Diamonds - 1",in stock,new,2719.48 SGD,https://colourdiam.com/diamonddetails/Menu/7279,https://www.colourdiam.com/Product/Diamond/7279/still.jpg,ColourDiam,Apparel & Accessories > Jewelry,,1,,,,unisex,,,adult,,,,,,,,,GIA,Fine Jewelry
9575,Sku - 9575 Weight - 1.32 Colour - F Shape - Round Clarity - SI1 Measurements - 6.99 - 7.03 x 4.28 Fluoresence - None Polish - VG Symmetry - VG No Of Diamonds - 1,"Sku - 9575
Weight - 1.32
Colour - F
Shape - Round
Clarity - SI1
Measurements - 6.99 - 7.03 x 4.28
Fluoresence - None
Polish - VG
Symmetry - VG
No Of Diamonds - 1",in stock,new,4337.74 SGD,https://colourdiam.com/diamonddetails/Menu/9575,https://www.colourdiam.com/Product/Diamond/9575/still.jpg,ColourDiam,Apparel & Accessories > Jewelry,,1,,,,unisex,,,adult,,,,,,,,,GIA,Fine Jewelry
5731,Sku - 5731 Weight - 1.31 Colour - Fancy Greenish Yellow Shape - Pear Clarity - SI1 Measurements - 8.25x6.05x3.71 Fluoresence - STG Polish - VG Symmetry - GD No Of Diamonds - 1,"Sku - 5731
Weight - 1.31
Colour - Fancy Greenish Yellow
Shape - Pear
Clarity - SI1
Measurements - 8.25x6.05x3.71
Fluoresence - STG
Polish - VG
Symmetry - GD
No Of Diamonds - 1",in stock,new,5548.51 SGD,https://colourdiam.com/diamonddetails/Menu/5731,https://www.colourdiam.com/Product/Diamond/5731/still.jpg,ColourDiam,Apparel & Accessories > Jewelry,,1,,,,unisex,,,adult,,,,,,,,,GIA,Fine Jewelry
8730,Sku - 8730 Weight - 1.31 Colour - Fancy Light Yellow Green Shape - Cushion Clarity - VS1 Measurements - 6.86 x 5.39 x 3.72 Fluoresence - Vst Polish - VG Symmetry - VG No Of Diamonds - 1,"Sku - 8730
Weight - 1.31
Colour - Fancy Light Yellow Green
Shape - Cushion
Clarity - VS1
Measurements - 6.86 x 5.39 x 3.72
Fluoresence - Vst
Polish - VG
Symmetry - VG
No Of Diamonds - 1",in stock,new,8609.75 SGD,https://colourdiam.com/diamonddetails/Menu/8730,https://www.colourdiam.com/Product/Diamond/8730/still.jpg,ColourDiam,Apparel & Accessories > Jewelry,,1,,,,unisex,,,adult,,,,,,,,,GIA,Fine Jewelry
8889,Sku - 8889 Weight - 1.3 Colour - Fancy Light Yellow Green Shape - Marquise Clarity - SI1 Measurements - 10.93x5.82x3.59 Fluoresence - None Polish - VG Symmetry - VG No Of Diamonds - 1,"Sku - 8889
Weight - 1.3
Colour - Fancy Light Yellow Green
Shape - Marquise
Clarity - SI1
Measurements - 10.93x5.82x3.59
Fluoresence - None
Polish - VG
Symmetry - VG
No Of Diamonds - 1",in stock,new,12341.37 SGD,https://colourdiam.com/diamonddetails/Menu/8889,https://www.colourdiam.com/Product/Diamond/8889/still.jpg,ColourDiam,Apparel & Accessories > Jewelry,,1,,,,unisex,,,adult,,,,,,,,,GIA,Fine Jewelry
4914,Sku - 4914 Weight - 1.28 Colour - Light Pink Shape - Radiant Clarity - IF Measurements - 6.63 x 5.67 x 3.70 Fluoresence - None Polish - G Symmetry - GD No Of Diamonds - 1,"Sku - 4914
Weight - 1.28
Colour - Light Pink
Shape - Radiant
Clarity - IF
Measurements - 6.63 x 5.67 x 3.70
Fluoresence - None
Polish - G
Symmetry - GD
No Of Diamonds - 1",in stock,new,37389.24 SGD,https://colourdiam.com/diamonddetails/Menu/4914,https://www.colourdiam.com/Product/Diamond/4914/still.jpg,ColourDiam,Apparel & Accessories > Jewelry,,1,,,,unisex,,,adult,,,,,,,,,GIA,Fine Jewelry
9525,Sku - 9525 Weight - 1.27 Colour - Fancy Dark Brown Greenish Yellow Shape - Pear Clarity - VVS2 Measurements - 9.04X5.31X3.62 Fluoresence - None Polish - VG Symmetry - VG No Of Diamonds - 1,"Sku - 9525
Weight - 1.27
Colour - Fancy Dark Brown Greenish Yellow
Shape - Pear
Clarity - VVS2
Measurements - 9.04X5.31X3.62
Fluoresence - None
Polish - VG
Symmetry - VG
No Of Diamonds - 1",in stock,new,2040.34 SGD,https://colourdiam.com/diamonddetails/Menu/9525,https://www.colourdiam.com/Product/Diamond/9525/still.jpg,ColourDiam,Apparel & Accessories > Jewelry,,1,,,,unisex,,,adult,,,,,,,,,GIA,Fine Jewelry
9526,Sku - 9526 Weight - 1.26 Colour - Fancy Brownish Greenish Yellow Shape - Heart Clarity - VS1 Measurements - 6.23X7.33X3.62 Fluoresence - None Polish - EX Symmetry - EX No Of Diamonds - 1,"Sku - 9526
Weight - 1.26
Colour - Fancy Brownish Greenish Yellow
Shape - Heart
Clarity - VS1
Measurements - 6.23X7.33X3.62
Fluoresence - None
Polish - EX
Symmetry - EX
No Of Diamonds - 1",in stock,new,2116.29 SGD,https://colourdiam.com/diamonddetails/Menu/9526,https://www.colourdiam.com/Product/Diamond/9526/still.jpg,ColourDiam,Apparel & Accessories > Jewelry,,1,,,,unisex,,,adult,,,,,,,,,GIA,Fine Jewelry
9519,Sku - 9519 Weight - 1.23 Colour - Fancy Light Brownish Greenish Yellow Shape - Radiant Clarity - VS1 Measurements - 6.72 X 5.24 X 3.60 Fluoresence - None Polish - EX Symmetry - VG No Of Diamonds - 1,"Sku - 9519
Weight - 1.23
Colour - Fancy Light Brownish Greenish Yellow
Shape - Radiant
Clarity - VS1
Measurements - 6.72 X 5.24 X 3.60
Fluoresence - None
Polish - EX
Symmetry - VG
No Of Diamonds - 1",in stock,new,2155.72 SGD,https://colourdiam.com/diamonddetails/Menu/9519,https://www.colourdiam.com/Product/Diamond/9519/still.jpg,ColourDiam,Apparel & Accessories > Jewelry,,1,,,,unisex,,,adult,,,,,,,,,GIA,Fine Jewelry
7122,Sku - 7122 Weight - 1.23 Colour - Faint Pink Shape - Round Clarity - VS1 Measurements - 6.83*6.89*4.24 Fluoresence - None Polish - EX Symmetry - EX No Of Diamonds - 1,"Sku - 7122
Weight - 1.23
Colour - Faint Pink
Shape - Round
Clarity - VS1
Measurements - 6.83*6.89*4.24
Fluoresence - None
Polish - EX
Symmetry - EX
No Of Diamonds - 1",in stock,new,10778.62 SGD,https://colourdiam.com/diamonddetails/Menu/7122,https://www.colourdiam.com/Product/Diamond/7122/still.jpg,ColourDiam,Apparel & Accessories > Jewelry,,1,,,,unisex,,,adult,,,,,,,,,GIA,Fine Jewelry
8833,Sku - 8833 Weight - 1.23 Colour - Light Greenish Yellow Shape - Cushion Clarity - SI1 Measurements - 5.89 x 5.84 x 3.99 Fluoresence - Vst Polish - G Symmetry - VG No Of Diamonds - 1,"Sku - 8833
Weight - 1.23
Colour - Light Greenish Yellow
Shape - Cushion
Clarity - SI1
Measurements - 5.89 x 5.84 x 3.99
Fluoresence - Vst
Polish - G
Symmetry - VG
No Of Diamonds - 1",in stock,new,3592.87 SGD,https://colourdiam.com/diamonddetails/Menu/8833,https://www.colourdiam.com/Product/Diamond/8833/still.jpg,ColourDiam,Apparel & Accessories > Jewelry,,1,,,,unisex,,,adult,,,,,,,,,GIA,Fine Jewelry
9578,Sku - 9578 Weight - 1.22 Colour - Fancy Green Shape - Cushion Clarity - SI2 Measurements - 5.89 X 5.82 X 4.00 Fluoresence - None Polish - G Symmetry - GD No Of Diamonds - 1,"Sku - 9578
Weight - 1.22
Colour - Fancy Green
Shape - Cushion
Clarity - SI2
Measurements - 5.89 X 5.82 X 4.00
Fluoresence - None
Polish - G
Symmetry - GD
No Of Diamonds - 1",in stock,new,53454.93 SGD,https://colourdiam.com/diamonddetails/Menu/9578,https://www.colourdiam.com/Product/Diamond/9578/still.jpg,ColourDiam,Apparel & Accessories > Jewelry,,1,,,,unisex,,,adult,,,,,,,,,GIA,Fine Jewelry
8717,Sku - 8717 Weight - 1.21 Colour - Light Green Yellow Shape - Marquise Clarity - VVS2 Measurements - 10.48x5.58x3.41 Fluoresence - STG Polish - EX Symmetry - EX No Of Diamonds - 1,"Sku - 8717
Weight - 1.21
Colour - Light Green Yellow
Shape - Marquise
Clarity - VVS2
Measurements - 10.48x5.58x3.41
Fluoresence - STG
Polish - EX
Symmetry - EX
No Of Diamonds - 1",in stock,new,6362.01 SGD,https://colourdiam.com/diamonddetails/Menu/8717,https://www.colourdiam.com/Product/Diamond/8717/still.jpg,ColourDiam,Apparel & Accessories > Jewelry,,1,,,,unisex,,,adult,,,,,,,,,GIA,Fine Jewelry
9476,Sku - 9476 Weight - 1.2 Colour - Light Green Yellow Shape - Oval Clarity - VVS2 Measurements - 8.64 x 5.75 x 3.59 Fluoresence - None Polish - EX Symmetry - EX No Of Diamonds - 1,"Sku - 9476
Weight - 1.2
Colour - Light Green Yellow
Shape - Oval
Clarity - VVS2
Measurements - 8.64 x 5.75 x 3.59
Fluoresence - None
Polish - EX
Symmetry - EX
No Of Diamonds - 1",in stock,new,3505.24 SGD,https://colourdiam.com/diamonddetails/Menu/9476,https://www.colourdiam.com/Product/Diamond/9476/still.jpg,ColourDiam,Apparel & Accessories > Jewelry,,1,,,,unisex,,,adult,,,,,,,,,GIA,Fine Jewelry
7803,Sku - 7803 Weight - 1.2 Colour - Fancy Intense Yellow Shape - Pear Clarity - VS2 Measurements - 8.86 X 5.73 X 3.38 Fluoresence - Med Polish - EX Symmetry - VG No Of Diamonds - 1,"Sku - 7803
Weight - 1.2
Colour - Fancy Intense Yellow
Shape - Pear
Clarity - VS2
Measurements - 8.86 X 5.73 X 3.38
Fluoresence - Med
Polish - EX
Symmetry - VG
No Of Diamonds - 1",in stock,new,6309.43 SGD,https://colourdiam.com/diamonddetails/Menu/7803,https://www.colourdiam.com/Product/Diamond/7803/still.jpg,ColourDiam,Apparel & Accessories > Jewelry,,1,,,,unisex,,,adult,,,,,,,,,GIA,Fine Jewelry
105,Sku - 105 Weight - 1.16 Colour - Fancy Pink Purple Shape - Cushion Clarity - VS1 Measurements - 5.76 X 5.49 X 3.98 Fluoresence - None Polish - G Symmetry - GD No Of Diamonds - 1,"Sku - 105
Weight - 1.16
Colour - Fancy Pink Purple
Shape - Cushion
Clarity - VS1
Measurements - 5.76 X 5.49 X 3.98
Fluoresence - None
Polish - G
Symmetry - GD
No Of Diamonds - 1",in stock,new,152478 SGD,https://colourdiam.com/diamonddetails/Menu/105,https://www.colourdiam.com/Product/Diamond/105/still.jpg,ColourDiam,Apparel & Accessories > Jewelry,,1,,,,unisex,,,adult,,,,,,,,,GIA,Fine Jewelry
9536,Sku - 9536 Weight - 1.15 Colour - N Shape - Pear Clarity - VS2 Measurements - 8.85 X 5.11 X 3.49 Fluoresence - STG Polish - VG Symmetry - VG No Of Diamonds - 1,"Sku - 9536
Weight - 1.15
Colour - N
Shape - Pear
Clarity - VS2
Measurements - 8.85 X 5.11 X 3.49
Fluoresence - STG
Polish - VG
Symmetry - VG
No Of Diamonds - 1",in stock,new,1259.7 SGD,https://colourdiam.com/diamonddetails/Menu/9536,https://www.colourdiam.com/Product/Diamond/9536/still.jpg,ColourDiam,Apparel & Accessories > Jewelry,,1,,,,unisex,,,adult,,,,,,,,,GIA,Fine Jewelry
9165,Sku - 9165 Weight - 1.14 Colour - Fancy Light Yellow Green Shape - Round Clarity - SI2 Measurements - 6.69 - 6.74 x 4.13 Fluoresence - STG Polish - G Symmetry - GD No Of Diamonds - 1,"Sku - 9165
Weight - 1.14
Colour - Fancy Light Yellow Green
Shape - Round
Clarity - SI2
Measurements - 6.69 - 6.74 x 4.13
Fluoresence - STG
Polish - G
Symmetry - GD
No Of Diamonds - 1",in stock,new,9989.94 SGD,https://colourdiam.com/diamonddetails/Menu/9165,https://www.colourdiam.com/Product/Diamond/9165/still.jpg,ColourDiam,Apparel & Accessories > Jewelry,,1,,,,unisex,,,adult,,,,,,,,,GIA,Fine Jewelry
4386,Sku - 4386 Weight - 1.12 Colour - Fancy Light Yellow Shape - Cushion Clarity - I3 Measurements - 6.01*5.64*3.83 Fluoresence - Fnt Polish - VG Symmetry - VG No Of Diamonds - 1,"Sku - 4386
Weight - 1.12
Colour - Fancy Light Yellow
Shape - Cushion
Clarity - I3
Measurements - 6.01*5.64*3.83
Fluoresence - Fnt
Polish - VG
Symmetry - VG
No Of Diamonds - 1",in stock,new,981.47 SGD,https://colourdiam.com/diamonddetails/Menu/4386,https://www.colourdiam.com/Product/Diamond/4386/still.jpg,ColourDiam,Apparel & Accessories > Jewelry,,1,,,,unisex,,,adult,,,,,,,,,GIA,Fine Jewelry
9542,Sku - 9542 Weight - 1.12 Colour - M Shape - Pear Clarity - SI1 Measurements - 8.49 X 4.99 X 3.48 Fluoresence - None Polish - VG Symmetry - VG No Of Diamonds - 1,"Sku - 9542
Weight - 1.12
Colour - M
Shape - Pear
Clarity - SI1
Measurements - 8.49 X 4.99 X 3.48
Fluoresence - None
Polish - VG
Symmetry - VG
No Of Diamonds - 1",in stock,new,981.47 SGD,https://colourdiam.com/diamonddetails/Menu/9542,https://www.colourdiam.com/Product/Diamond/9542/still.jpg,ColourDiam,Apparel & Accessories > Jewelry,,1,,,,unisex,,,adult,,,,,,,,,GIA,Fine Jewelry
4662,Sku - 4662 Weight - 1.11 Colour - Fancy Light Brownish Yellow Shape - Cushion Clarity - VS2 Measurements - 6.01 x 5.62 x 3.60 Fluoresence - Fnt Polish - EX Symmetry - VG No Of Diamonds - 1,"Sku - 4662
Weight - 1.11
Colour - Fancy Light Brownish Yellow
Shape - Cushion
Clarity - VS2
Measurements - 6.01 x 5.62 x 3.60
Fluoresence - Fnt
Polish - EX
Symmetry - VG
No Of Diamonds - 1",in stock,new,1621.17 SGD,https://colourdiam.com/diamonddetails/Menu/4662,https://www.colourdiam.com/Product/Diamond/4662/still.jpg,ColourDiam,Apparel & Accessories > Jewelry,,1,,,,unisex,,,adult,,,,,,,,,GIA,Fine Jewelry
7550,Sku - 7550 Weight - 1.11 Colour - Fancy Yellow Green Shape - Radiant Clarity - SI2 Measurements - 6.36 X 5.05 X 3.52 Fluoresence - STG Polish - EX Symmetry - EX No Of Diamonds - 1,"Sku - 7550
Weight - 1.11
Colour - Fancy Yellow Green
Shape - Radiant
Clarity - SI2
Measurements - 6.36 X 5.05 X 3.52
Fluoresence - STG
Polish - EX
Symmetry - EX
No Of Diamonds - 1",in stock,new,12607.87 SGD,https://colourdiam.com/diamonddetails/Menu/7550,https://www.colourdiam.com/Product/Diamond/7550/still.jpg,ColourDiam,Apparel & Accessories > Jewelry,,1,,,,unisex,,,adult,,,,,,,,,GIA,Fine Jewelry
5788,Sku - 5788 Weight - 1.11 Colour - Fancy Intense Purplish Pink Shape - Round Clarity - I1 Measurements - 6.65*6.72*4.08 Fluoresence - Med Polish - VG Symmetry - GD No Of Diamonds - 1,"Sku - 5788
Weight - 1.11
Colour - Fancy Intense Purplish Pink
Shape - Round
Clarity - I1
Measurements - 6.65*6.72*4.08
Fluoresence - Med
Polish - VG
Symmetry - GD
No Of Diamonds - 1",in stock,new,340446.57 SGD,https://colourdiam.com/diamonddetails/Menu/5788,https://www.colourdiam.com/Product/Diamond/5788/still.jpg,ColourDiam,Apparel & Accessories > Jewelry,,1,,,,unisex,,,adult,,,,,,,,,CGL,Fine Jewelry
9560,Sku - 9560 Weight - 1.1 Colour - Fancy Light Greenish Yellow Shape - Pear Clarity - VS2 Measurements - 8.19 X 5.13 X 3.48 Fluoresence - None Polish - EX Symmetry - VG No Of Diamonds - 1,"Sku - 9560
Weight - 1.1
Colour - Fancy Light Greenish Yellow
Shape - Pear
Clarity - VS2
Measurements - 8.19 X 5.13 X 3.48
Fluoresence - None
Polish - EX
Symmetry - VG
No Of Diamonds - 1",in stock,new,2891.82 SGD,https://colourdiam.com/diamonddetails/Menu/9560,https://www.colourdiam.com/Product/Diamond/9560/still.jpg,ColourDiam,Apparel & Accessories > Jewelry,,1,,,,unisex,,,adult,,,,,,,,,GIA,Fine Jewelry
9516,Sku - 9516 Weight - 1.09 Colour - Light Greenish Yellow Shape - Pear Clarity - VS2 Measurements - 8.30 X 5.14 X 3.48 Fluoresence - None Polish - EX Symmetry - EX No Of Diamonds - 1,"Sku - 9516
Weight - 1.09
Colour - Light Greenish Yellow
Shape - Pear
Clarity - VS2
Measurements - 8.30 X 5.14 X 3.48
Fluoresence - None
Polish - EX
Symmetry - EX
No Of Diamonds - 1",in stock,new,2387.95 SGD,https://colourdiam.com/diamonddetails/Menu/9516,https://www.colourdiam.com/Product/Diamond/9516/still.jpg,ColourDiam,Apparel & Accessories > Jewelry,,1,,,,unisex,,,adult,,,,,,,,,GIA,Fine Jewelry
9512,Sku - 9512 Weight - 1.09 Colour - Light Greenish Yellow Shape - Cushion Clarity - VS2 Measurements - 5.53 X 5.52 X 3.72 Fluoresence - None Polish - EX Symmetry - VG No Of Diamonds - 1,"Sku - 9512
Weight - 1.09
Colour - Light Greenish Yellow
Shape - Cushion
Clarity - VS2
Measurements - 5.53 X 5.52 X 3.72
Fluoresence - None
Polish - EX
Symmetry - VG
No Of Diamonds - 1",in stock,new,2387.95 SGD,https://colourdiam.com/diamonddetails/Menu/9512,https://www.colourdiam.com/Product/Diamond/9512/still.jpg,ColourDiam,Apparel & Accessories > Jewelry,,1,,,,unisex,,,adult,,,,,,,,,GIA,Fine Jewelry
6913,Sku - 6913 Weight - 1.09 Colour - Fancy Deep Bluish Green Shape - Pear Clarity - I1 Measurements - 7.12 X 5.86 X 3.48 Fluoresence - None Polish - VG Symmetry - GD No Of Diamonds - 1,"Sku - 6913
Weight - 1.09
Colour - Fancy Deep Bluish Green
Shape - Pear
Clarity - I1
Measurements - 7.12 X 5.86 X 3.48
Fluoresence - None
Polish - VG
Symmetry - GD
No Of Diamonds - 1",in stock,new,477589.14 SGD,https://colourdiam.com/diamonddetails/Menu/6913,https://www.colourdiam.com/Product/Diamond/6913/still.jpg,ColourDiam,Apparel & Accessories > Jewelry,,1,,,,unisex,,,adult,,,,,,,,,GIA,Fine Jewelry
5466,Sku - 5466 Weight - 1.09 Colour - Fancy Brown Pink Shape - Oval Clarity - I1 Measurements - 7.19X 5.38X 3.43 Fluoresence - None Polish - VG Symmetry - GD No Of Diamonds - 1,"Sku - 5466
Weight - 1.09
Colour - Fancy Brown Pink
Shape - Oval
Clarity - I1
Measurements - 7.19X 5.38X 3.43
Fluoresence - None
Polish - VG
Symmetry - GD
No Of Diamonds - 1",in stock,new,7163.84 SGD,https://colourdiam.com/diamonddetails/Menu/5466,https://www.colourdiam.com/Product/Diamond/5466/still.jpg,ColourDiam,Apparel & Accessories > Jewelry,,1,,,,unisex,,,adult,,,,,,,,,GIA,Fine Jewelry
734,Sku - 734 Weight - 1.08 Colour - Fancy White Shape - Heart Clarity -  Measurements - 6.17 x 7.39 x 3.64 Fluoresence -  Polish -  Symmetry -  No Of Diamonds - 1,"Sku - 734
Weight - 1.08
Colour - Fancy White
Shape - Heart
Clarity - 
Measurements - 6.17 x 7.39 x 3.64
Fluoresence - 
Polish - 
Symmetry - 
No Of Diamonds - 1",in stock,new,2366.04 SGD,https://colourdiam.com/diamonddetails/Menu/734,https://www.colourdiam.com/Product/Diamond/734/still.jpg,ColourDiam,Apparel & Accessories > Jewelry,,1,,,,unisex,,,adult,,,,,,,,,GIA,Fine Jewelry
6187,Sku - 6187 Weight - 1.08 Colour - D Shape - Emerald Clarity - VVS2 Measurements - 6.97 X 5.02 X 3.38 Fluoresence - None Polish - VG Symmetry - VG No Of Diamonds - 1,"Sku - 6187
Weight - 1.08
Colour - D
Shape - Emerald
Clarity - VVS2
Measurements - 6.97 X 5.02 X 3.38
Fluoresence - None
Polish - VG
Symmetry - VG
No Of Diamonds - 1",in stock,new,8896.3 SGD,https://colourdiam.com/diamonddetails/Menu/6187,https://www.colourdiam.com/Product/Diamond/6187/still.jpg,ColourDiam,Apparel & Accessories > Jewelry,,1,,,,unisex,,,adult,,,,,,,,,GIA,Fine Jewelry
6033,Sku - 6033 Weight - 1.08 Colour - F Shape - Round Clarity - VVS1 Measurements - 6.76 x 6.73 x 3.97 Fluoresence - None Polish - EX Symmetry - EX No Of Diamonds - 1,"Sku - 6033
Weight - 1.08
Colour - F
Shape - Round
Clarity - VVS1
Measurements - 6.76 x 6.73 x 3.97
Fluoresence - None
Polish - EX
Symmetry - EX
No Of Diamonds - 1",in stock,new,14984.91 SGD,https://colourdiam.com/diamonddetails/Menu/6033,https://www.colourdiam.com/Product/Diamond/6033/still.jpg,ColourDiam,Apparel & Accessories > Jewelry,,1,,,,unisex,,,adult,,,,,,,,,GIA,Fine Jewelry
6415,Sku - 6415 Weight - 1.07 Colour - O-P Shape - Round Clarity - SI2 Measurements - 6.53 x 6.65 x 4.04 Fluoresence - None Polish - VG Symmetry - F No Of Diamonds - 1,"Sku - 6415
Weight - 1.07
Colour - O-P
Shape - Round
Clarity - SI2
Measurements - 6.53 x 6.65 x 4.04
Fluoresence - None
Polish - VG
Symmetry - F
No Of Diamonds - 1",in stock,new,3906.88 SGD,https://colourdiam.com/diamonddetails/Menu/6415,https://www.colourdiam.com/Product/Diamond/6415/still.jpg,ColourDiam,Apparel & Accessories > Jewelry,,1,,,,unisex,,,adult,,,,,,,,,GIA,Fine Jewelry
6190,Sku - 6190 Weight - 1.07 Colour - G Shape - Pear Clarity - VVS2 Measurements - 8.62 X 5.74 X 3.74 Fluoresence - Fnt Polish - VG Symmetry - VG No Of Diamonds - 1,"Sku - 6190
Weight - 1.07
Colour - G
Shape - Pear
Clarity - VVS2
Measurements - 8.62 X 5.74 X 3.74
Fluoresence - Fnt
Polish - VG
Symmetry - VG
No Of Diamonds - 1",in stock,new,6844.86 SGD,https://colourdiam.com/diamonddetails/Menu/6190,https://www.colourdiam.com/Product/Diamond/6190/still.jpg,ColourDiam,Apparel & Accessories > Jewelry,,1,,,,unisex,,,adult,,,,,,,,,GIA,Fine Jewelry
8686,Sku - 8686 Weight - 1.07 Colour - Fancy Purplish Pink Shape - Pear Clarity - VS2 Measurements - 8.47 x 5.08 x 3.44 Fluoresence - None Polish - EX Symmetry - VG No Of Diamonds - 1,"Sku - 8686
Weight - 1.07
Colour - Fancy Purplish Pink
Shape - Pear
Clarity - VS2
Measurements - 8.47 x 5.08 x 3.44
Fluoresence - None
Polish - EX
Symmetry - VG
No Of Diamonds - 1",in stock,new,125020.28 SGD,https://colourdiam.com/diamonddetails/Menu/8686,https://www.colourdiam.com/Product/Diamond/8686/still.jpg,ColourDiam,Apparel & Accessories > Jewelry,,1,,,,unisex,,,adult,,,,,,,,,GIA,Fine Jewelry
8398,Sku - 8398 Weight - 1.07 Colour - Faint Pink Shape - Round Clarity - VS2 Measurements - 6.53 - 6.56 x 4.07 Fluoresence - None Polish - EX Symmetry - EX No Of Diamonds - 1,"Sku - 8398
Weight - 1.07
Colour - Faint Pink
Shape - Round
Clarity - VS2
Measurements - 6.53 - 6.56 x 4.07
Fluoresence - None
Polish - EX
Symmetry - EX
No Of Diamonds - 1",in stock,new,10157.9 SGD,https://colourdiam.com/diamonddetails/Menu/8398,https://www.colourdiam.com/Product/Diamond/8398/still.jpg,ColourDiam,Apparel & Accessories > Jewelry,,1,,,,unisex,,,adult,,,,,,,,,GIA,Fine Jewelry
2049,Sku - 2049 Weight - 1.06 Colour - Fancy Intense Pink Shape - Other Clarity -  Measurements - 5.90 x 7.16 x 3.94 Fluoresence - None Polish -  Symmetry -  No Of Diamonds - 1,"Sku - 2049
Weight - 1.06
Colour - Fancy Intense Pink
Shape - Other
Clarity - 
Measurements - 5.90 x 7.16 x 3.94
Fluoresence - None
Polish - 
Symmetry - 
No Of Diamonds - 1",in stock,new,185777.79 SGD,https://colourdiam.com/diamonddetails/Menu/2049,https://www.colourdiam.com/Product/Diamond/2049/still.jpg,ColourDiam,Apparel & Accessories > Jewelry,,1,,,,unisex,,,adult,,,,,,,,,GIA,Fine Jewelry
8171,Sku - 8171 Weight - 1.06 Colour - Fancy Deep Brownish Greenish Yellow Shape - Oval Clarity - SI1 Measurements - 7.51 x 5.12 x 3.37 Fluoresence - STG Polish - EX Symmetry - VG No Of Diamonds - 1,"Sku - 8171
Weight - 1.06
Colour - Fancy Deep Brownish Greenish Yellow
Shape - Oval
Clarity - SI1
Measurements - 7.51 x 5.12 x 3.37
Fluoresence - STG
Polish - EX
Symmetry - VG
No Of Diamonds - 1",in stock,new,4644.44 SGD,https://colourdiam.com/diamonddetails/Menu/8171,https://www.colourdiam.com/Product/Diamond/8171/still.jpg,ColourDiam,Apparel & Accessories > Jewelry,,1,,,,unisex,,,adult,,,,,,,,,GIA,Fine Jewelry
6192,Sku - 6192 Weight - 1.06 Colour - E Shape - Pear Clarity - VVS2 Measurements - 9.02 X 5.81 X 3.67 Fluoresence - None Polish - VG Symmetry - VG No Of Diamonds - 1,"Sku - 6192
Weight - 1.06
Colour - E
Shape - Pear
Clarity - VVS2
Measurements - 9.02 X 5.81 X 3.67
Fluoresence - None
Polish - VG
Symmetry - VG
No Of Diamonds - 1",in stock,new,9158.84 SGD,https://colourdiam.com/diamonddetails/Menu/6192,https://www.colourdiam.com/Product/Diamond/6192/still.jpg,ColourDiam,Apparel & Accessories > Jewelry,,1,,,,unisex,,,adult,,,,,,,,,GIA,Fine Jewelry
6039,Sku - 6039 Weight - 1.06 Colour - Q-R Shape - Round Clarity - I2 Measurements - 6.18 X 6.12 X 4.37 Fluoresence - None Polish - G Symmetry - GD No Of Diamonds - 1,"Sku - 6039
Weight - 1.06
Colour - Q-R
Shape - Round
Clarity - I2
Measurements - 6.18 X 6.12 X 4.37
Fluoresence - None
Polish - G
Symmetry - GD
No Of Diamonds - 1",in stock,new,1202.91 SGD,https://colourdiam.com/diamonddetails/Menu/6039,https://www.colourdiam.com/Product/Diamond/6039/still.jpg,ColourDiam,Apparel & Accessories > Jewelry,,1,,,,unisex,,,adult,,,,,,,,,GIA,Fine Jewelry
9511,Sku - 9511 Weight - 1.06 Colour - Fancy Light Greenish Yellow Shape - Pear Clarity - VS1 Measurements - 8.36 X 5.08 X 3.38 Fluoresence - None Polish - EX Symmetry - EX No Of Diamonds - 1,"Sku - 9511
Weight - 1.06
Colour - Fancy Light Greenish Yellow
Shape - Pear
Clarity - VS1
Measurements - 8.36 X 5.08 X 3.38
Fluoresence - None
Polish - EX
Symmetry - EX
No Of Diamonds - 1",in stock,new,2477.04 SGD,https://colourdiam.com/diamonddetails/Menu/9511,https://www.colourdiam.com/Product/Diamond/9511/still.jpg,ColourDiam,Apparel & Accessories > Jewelry,,1,,,,unisex,,,adult,,,,,,,,,GIA,Fine Jewelry
9540,Sku - 9540 Weight - 1.05 Colour - N Shape - Pear Clarity - SI1 Measurements - 8.38 x 4.93 x 3.41 Fluoresence - STG Polish - VG Symmetry - GD No Of Diamonds - 1,"Sku - 9540
Weight - 1.05
Colour - N
Shape - Pear
Clarity - SI1
Measurements - 8.38 x 4.93 x 3.41
Fluoresence - STG
Polish - VG
Symmetry - GD
No Of Diamonds - 1",in stock,new,920.13 SGD,https://colourdiam.com/diamonddetails/Menu/9540,https://www.colourdiam.com/Product/Diamond/9540/still.jpg,ColourDiam,Apparel & Accessories > Jewelry,,1,,,,unisex,,,adult,,,,,,,,,GIA,Fine Jewelry
6188,Sku - 6188 Weight - 1.05 Colour - G Shape - Princess Clarity - VVS1 Measurements - 5.64 x 5.53 x 3.98 Fluoresence - None Polish - VG Symmetry - GD No Of Diamonds - 1,"Sku - 6188
Weight - 1.05
Colour - G
Shape - Princess
Clarity - VVS1
Measurements - 5.64 x 5.53 x 3.98
Fluoresence - None
Polish - VG
Symmetry - GD
No Of Diamonds - 1",in stock,new,10940.3 SGD,https://colourdiam.com/diamonddetails/Menu/6188,https://www.colourdiam.com/Product/Diamond/6188/still.jpg,ColourDiam,Apparel & Accessories > Jewelry,,1,,,,unisex,,,adult,,,,,,,,,GIA,Fine Jewelry
9531,Sku - 9531 Weight - 1.05 Colour - M Shape - Heart Clarity - SI1 Measurements - 5.79 X 6.31 X 3.68 Fluoresence - None Polish - VG Symmetry - VG No Of Diamonds - 1,"Sku - 9531
Weight - 1.05
Colour - M
Shape - Heart
Clarity - SI1
Measurements - 5.79 X 6.31 X 3.68
Fluoresence - None
Polish - VG
Symmetry - VG
No Of Diamonds - 1",in stock,new,1073.48 SGD,https://colourdiam.com/diamonddetails/Menu/9531,https://www.colourdiam.com/Product/Diamond/9531/still.jpg,ColourDiam,Apparel & Accessories > Jewelry,,1,,,,unisex,,,adult,,,,,,,,,GIA,Fine Jewelry
5762,Sku - 5762 Weight - 1.04 Colour - Fancy Light Yellow Shape - Round Clarity - I2 Measurements - 6.18 X 6.11X 4.06 Fluoresence - None Polish - VG Symmetry - VG No Of Diamonds - 1,"Sku - 5762
Weight - 1.04
Colour - Fancy Light Yellow
Shape - Round
Clarity - I2
Measurements - 6.18 X 6.11X 4.06
Fluoresence - None
Polish - VG
Symmetry - VG
No Of Diamonds - 1",in stock,new,1898.67 SGD,https://colourdiam.com/diamonddetails/Menu/5762,https://www.colourdiam.com/Product/Diamond/5762/still.jpg,ColourDiam,Apparel & Accessories > Jewelry,,1,,,,unisex,,,adult,,,,,,,,,GIA,Fine Jewelry
9532,Sku - 9532 Weight - 1.04 Colour - Light Green Yellow Shape - Pear Clarity - SI2 Measurements - 8.38 X5.05 X 3.41 Fluoresence - Vst Polish - VG Symmetry - GD No Of Diamonds - 1,"Sku - 9532
Weight - 1.04
Colour - Light Green Yellow
Shape - Pear
Clarity - SI2
Measurements - 8.38 X5.05 X 3.41
Fluoresence - Vst
Polish - VG
Symmetry - GD
No Of Diamonds - 1",in stock,new,2430.3 SGD,https://colourdiam.com/diamonddetails/Menu/9532,https://www.colourdiam.com/Product/Diamond/9532/still.jpg,ColourDiam,Apparel & Accessories > Jewelry,,1,,,,unisex,,,adult,,,,,,,,,GIA,Fine Jewelry
6077,Sku - 6077 Weight - 1.04 Colour - Q-R Shape - Pear Clarity - SI1 Measurements - 8.13 X 5.13 X 3.30 Fluoresence - Vst Polish - VG Symmetry - VG No Of Diamonds - 1,"Sku - 6077
Weight - 1.04
Colour - Q-R
Shape - Pear
Clarity - SI1
Measurements - 8.13 X 5.13 X 3.30
Fluoresence - Vst
Polish - VG
Symmetry - VG
No Of Diamonds - 1",in stock,new,1670.83 SGD,https://colourdiam.com/diamonddetails/Menu/6077,https://www.colourdiam.com/Product/Diamond/6077/still.jpg,ColourDiam,Apparel & Accessories > Jewelry,,1,,,,unisex,,,adult,,,,,,,,,IGI,Fine Jewelry
8590,Sku - 8590 Weight - 1.04 Colour - Fancy White Shape - Radiant Clarity - I2 Measurements - 6.27 x 5.01 x 3.77 Fluoresence - Med Polish - VG Symmetry - GD No Of Diamonds - 1,"Sku - 8590
Weight - 1.04
Colour - Fancy White
Shape - Radiant
Clarity - I2
Measurements - 6.27 x 5.01 x 3.77
Fluoresence - Med
Polish - VG
Symmetry - GD
No Of Diamonds - 1",in stock,new,2278.41 SGD,https://colourdiam.com/diamonddetails/Menu/8590,https://www.colourdiam.com/Product/Diamond/8590/still.jpg,ColourDiam,Apparel & Accessories > Jewelry,,1,,,,unisex,,,adult,,,,,,,,,GIA,Fine Jewelry
9534,Sku - 9534 Weight - 1.03 Colour - M Shape - Heart Clarity - SI1 Measurements - 5.93 X 6.95  X 3.22 Fluoresence - None Polish - VG Symmetry - VG No Of Diamonds - 1,"Sku - 9534
Weight - 1.03
Colour - M
Shape - Heart
Clarity - SI1
Measurements - 5.93 X 6.95  X 3.22
Fluoresence - None
Polish - VG
Symmetry - VG
No Of Diamonds - 1",in stock,new,1053.03 SGD,https://colourdiam.com/diamonddetails/Menu/9534,https://www.colourdiam.com/Product/Diamond/9534/still.jpg,ColourDiam,Apparel & Accessories > Jewelry,,1,,,,unisex,,,adult,,,,,,,,,GIA,Fine Jewelry
9543,Sku - 9543 Weight - 1.03 Colour - M Shape - Pear Clarity - VS1 Measurements - 8.09 X 5.11 X 3.38 Fluoresence - None Polish - VG Symmetry - VG No Of Diamonds - 1,"Sku - 9543
Weight - 1.03
Colour - M
Shape - Pear
Clarity - VS1
Measurements - 8.09 X 5.11 X 3.38
Fluoresence - None
Polish - VG
Symmetry - VG
No Of Diamonds - 1",in stock,new,1301.24 SGD,https://colourdiam.com/diamonddetails/Menu/9543,https://www.colourdiam.com/Product/Diamond/9543/still.jpg,ColourDiam,Apparel & Accessories > Jewelry,,1,,,,unisex,,,adult,,,,,,,,,GIA,Fine Jewelry
9544,Sku - 9544 Weight - 1.03 Colour - K Shape - Oval Clarity - VS1 Measurements - 7.55 X 5.24 X 3.4 Fluoresence - None Polish - VG Symmetry - VG No Of Diamonds - 1,"Sku - 9544
Weight - 1.03
Colour - K
Shape - Oval
Clarity - VS1
Measurements - 7.55 X 5.24 X 3.4
Fluoresence - None
Polish - VG
Symmetry - VG
No Of Diamonds - 1",in stock,new,1203.47 SGD,https://colourdiam.com/diamonddetails/Menu/9544,https://www.colourdiam.com/Product/Diamond/9544/still.jpg,ColourDiam,Apparel & Accessories > Jewelry,,1,,,,unisex,,,adult,,,,,,,,,GIA,Fine Jewelry
8913,Sku - 8913 Weight - 1.03 Colour - Faint Pink Shape - Round Clarity - VS1 Measurements - 6.46 - 6.48 x 4.01 Fluoresence - None Polish - EX Symmetry - EX No Of Diamonds - 1,"Sku - 8913
Weight - 1.03
Colour - Faint Pink
Shape - Round
Clarity - VS1
Measurements - 6.46 - 6.48 x 4.01
Fluoresence - None
Polish - EX
Symmetry - EX
No Of Diamonds - 1",in stock,new,9778.16 SGD,https://colourdiam.com/diamonddetails/Menu/8913,https://www.colourdiam.com/Product/Diamond/8913/still.jpg,ColourDiam,Apparel & Accessories > Jewelry,,1,,,,unisex,,,adult,,,,,,,,,GIA,Fine Jewelry
6040,Sku - 6040 Weight - 1.03 Colour - Fancy Brownish Yellow Shape - Round Clarity - I1 Measurements - 6.18 X 6.24 X 4.07 Fluoresence - Med Polish - G Symmetry - GD No Of Diamonds - 1,"Sku - 6040
Weight - 1.03
Colour - Fancy Brownish Yellow
Shape - Round
Clarity - I1
Measurements - 6.18 X 6.24 X 4.07
Fluoresence - Med
Polish - G
Symmetry - GD
No Of Diamonds - 1",in stock,new,1335.85 SGD,https://colourdiam.com/diamonddetails/Menu/6040,https://www.colourdiam.com/Product/Diamond/6040/still.jpg,ColourDiam,Apparel & Accessories > Jewelry,,1,,,,unisex,,,adult,,,,,,,,,GIA,Fine Jewelry
6041,Sku - 6041 Weight - 1.03 Colour - Fancy Dark Brown Greenish Yellow Shape - Round Clarity - I2 Measurements - 6.46X 6.44 X 4.02 Fluoresence - Fnt Polish - G Symmetry - VG No Of Diamonds - 1,"Sku - 6041
Weight - 1.03
Colour - Fancy Dark Brown Greenish Yellow
Shape - Round
Clarity - I2
Measurements - 6.46X 6.44 X 4.02
Fluoresence - Fnt
Polish - G
Symmetry - VG
No Of Diamonds - 1",in stock,new,1335.85 SGD,https://colourdiam.com/diamonddetails/Menu/6041,https://www.colourdiam.com/Product/Diamond/6041/still.jpg,ColourDiam,Apparel & Accessories > Jewelry,,1,,,,unisex,,,adult,,,,,,,,,GIA,Fine Jewelry
4753,Sku - 4753 Weight - 1.03 Colour - Fancy Light Yellow Shape - Emerald Clarity - I1 Measurements - 6.88*4.85*3.04 Fluoresence - Med Polish - EX Symmetry - VG No Of Diamonds - 1,"Sku - 4753
Weight - 1.03
Colour - Fancy Light Yellow
Shape - Emerald
Clarity - I1
Measurements - 6.88*4.85*3.04
Fluoresence - Med
Polish - EX
Symmetry - VG
No Of Diamonds - 1",in stock,new,1053.03 SGD,https://colourdiam.com/diamonddetails/Menu/4753,https://www.colourdiam.com/Product/Diamond/4753/still.jpg,ColourDiam,Apparel & Accessories > Jewelry,,1,,,,unisex,,,adult,,,,,,,,,GIA,Fine Jewelry
6949,Sku - 6949 Weight - 1.03 Colour - Faint Pink Shape - Pear Clarity - VVS1 Measurements - 9.61 x 4.97 x 2.96 Fluoresence - Med Polish - EX Symmetry - VG No Of Diamonds - 1,"Sku - 6949
Weight - 1.03
Colour - Faint Pink
Shape - Pear
Clarity - VVS1
Measurements - 9.61 x 4.97 x 2.96
Fluoresence - Med
Polish - EX
Symmetry - VG
No Of Diamonds - 1",in stock,new,19105.03 SGD,https://colourdiam.com/diamonddetails/Menu/6949,https://www.colourdiam.com/Product/Diamond/6949/still.jpg,ColourDiam,Apparel & Accessories > Jewelry,,1,,,,unisex,,,adult,,,,,,,,,GIA,Fine Jewelry
4845,Sku - 4845 Weight - 1.03 Colour - Fancy Light Greenish Yellow Shape - Pear Clarity - I2 Measurements - 8.28*5.11*3.35 Fluoresence - None Polish - VG Symmetry - GD No Of Diamonds - 1,"Sku - 4845
Weight - 1.03
Colour - Fancy Light Greenish Yellow
Shape - Pear
Clarity - I2
Measurements - 8.28*5.11*3.35
Fluoresence - None
Polish - VG
Symmetry - GD
No Of Diamonds - 1",in stock,new,3384.76 SGD,https://colourdiam.com/diamonddetails/Menu/4845,https://www.colourdiam.com/Product/Diamond/4845/still.jpg,ColourDiam,Apparel & Accessories > Jewelry,,1,,,,unisex,,,adult,,,,,,,,,GIA,Fine Jewelry
4141,Sku - 4141 Weight - 1.03 Colour - Fancy Brownish Greenish Yellow Shape - Round Clarity - I1 Measurements - 6.41*6.45*3.97 Fluoresence - STG Polish - VG Symmetry - VG No Of Diamonds - 1,"Sku - 4141
Weight - 1.03
Colour - Fancy Brownish Greenish Yellow
Shape - Round
Clarity - I1
Measurements - 6.41*6.45*3.97
Fluoresence - STG
Polish - VG
Symmetry - VG
No Of Diamonds - 1",in stock,new,2707.8 SGD,https://colourdiam.com/diamonddetails/Menu/4141,https://www.colourdiam.com/Product/Diamond/4141/still.jpg,ColourDiam,Apparel & Accessories > Jewelry,,1,,,,unisex,,,adult,,,,,,,,,GIA,Fine Jewelry
5747,Sku - 5747 Weight - 1.03 Colour - Fancy Dark Yellowish Green Gray Shape - Round Clarity - I3 Measurements - 6.27X6.32X3.96 Fluoresence - STG Polish - G Symmetry - F No Of Diamonds - 1,"Sku - 5747
Weight - 1.03
Colour - Fancy Dark Yellowish Green Gray
Shape - Round
Clarity - I3
Measurements - 6.27X6.32X3.96
Fluoresence - STG
Polish - G
Symmetry - F
No Of Diamonds - 1",in stock,new,1504.33 SGD,https://colourdiam.com/diamonddetails/Menu/5747,https://www.colourdiam.com/Product/Diamond/5747/still.jpg,ColourDiam,Apparel & Accessories > Jewelry,,1,,,,unisex,,,adult,,,,,,,,,GIA,Fine Jewelry
2375,Sku - 2375 Weight - 1.03 Colour - Faint Pink Shape - Other Clarity - I1 Measurements - 5.94x6.09x4.18 Fluoresence - None Polish -  Symmetry -  No Of Diamonds - 1,"Sku - 2375
Weight - 1.03
Colour - Faint Pink
Shape - Other
Clarity - I1
Measurements - 5.94x6.09x4.18
Fluoresence - None
Polish - 
Symmetry - 
No Of Diamonds - 1",in stock,new,2406.93 SGD,https://colourdiam.com/diamonddetails/Menu/2375,https://www.colourdiam.com/Product/Diamond/2375/still.jpg,ColourDiam,Apparel & Accessories > Jewelry,,1,,,,unisex,,,adult,,,,,,,,,CGL,Fine Jewelry
5485,Sku - 5485 Weight - 1.02 Colour - Light Pink Shape - Cushion Clarity - VS1 Measurements - 5.74X5.17X3.75 Fluoresence - None Polish - EX Symmetry - VG No Of Diamonds - 1,"Sku - 5485
Weight - 1.02
Colour - Light Pink
Shape - Cushion
Clarity - VS1
Measurements - 5.74X5.17X3.75
Fluoresence - None
Polish - EX
Symmetry - VG
No Of Diamonds - 1",in stock,new,29794.55 SGD,https://colourdiam.com/diamonddetails/Menu/5485,https://www.colourdiam.com/Product/Diamond/5485/still.jpg,ColourDiam,Apparel & Accessories > Jewelry,,1,,,,unisex,,,adult,,,,,,,,,GIA,Fine Jewelry
7549,Sku - 7549 Weight - 1.02 Colour - Fancy Yellow Green Shape - Radiant Clarity - SI2 Measurements - 5.69 X 5.15 X 3.57 Fluoresence - STG Polish - EX Symmetry - VG No Of Diamonds - 1,"Sku - 7549
Weight - 1.02
Colour - Fancy Yellow Green
Shape - Radiant
Clarity - SI2
Measurements - 5.69 X 5.15 X 3.57
Fluoresence - STG
Polish - EX
Symmetry - VG
No Of Diamonds - 1",in stock,new,11585.61 SGD,https://colourdiam.com/diamonddetails/Menu/7549,https://www.colourdiam.com/Product/Diamond/7549/still.jpg,ColourDiam,Apparel & Accessories > Jewelry,,1,,,,unisex,,,adult,,,,,,,,,GIA,Fine Jewelry
2677,Sku - 2677 Weight - 1.02 Colour - Fancy Dark Violetish Gray Shape - Pear Clarity - I3 Measurements - 7.88X5.23X3.60 Fluoresence - Med Polish - VG Symmetry - GD No Of Diamonds - 1,"Sku - 2677
Weight - 1.02
Colour - Fancy Dark Violetish Gray
Shape - Pear
Clarity - I3
Measurements - 7.88X5.23X3.60
Fluoresence - Med
Polish - VG
Symmetry - GD
No Of Diamonds - 1",in stock,new,16552.36 SGD,https://colourdiam.com/diamonddetails/Menu/2677,https://www.colourdiam.com/Product/Diamond/2677/still.jpg,ColourDiam,Apparel & Accessories > Jewelry,,1,,,,unisex,,,adult,,,,,,,,,GIA,Fine Jewelry
9538,Sku - 9538 Weight - 1.02 Colour - M Shape - Heart Clarity - SI1 Measurements - 5.74 X 6.51 X 3.45 Fluoresence - None Polish - VG Symmetry - VG No Of Diamonds - 1,"Sku - 9538
Weight - 1.02
Colour - M
Shape - Heart
Clarity - SI1
Measurements - 5.74 X 6.51 X 3.45
Fluoresence - None
Polish - VG
Symmetry - VG
No Of Diamonds - 1",in stock,new,1042.81 SGD,https://colourdiam.com/diamonddetails/Menu/9538,https://www.colourdiam.com/Product/Diamond/9538/still.jpg,ColourDiam,Apparel & Accessories > Jewelry,,1,,,,unisex,,,adult,,,,,,,,,GIA,Fine Jewelry
9539,Sku - 9539 Weight - 1.02 Colour - S-T Shape - Oval Clarity - SI1 Measurements - 7.48 X 5 .00 X 3.35 Fluoresence - None Polish - VG Symmetry - VG No Of Diamonds - 1,"Sku - 9539
Weight - 1.02
Colour - S-T
Shape - Oval
Clarity - SI1
Measurements - 7.48 X 5 .00 X 3.35
Fluoresence - None
Polish - VG
Symmetry - VG
No Of Diamonds - 1",in stock,new,1340.75 SGD,https://colourdiam.com/diamonddetails/Menu/9539,https://www.colourdiam.com/Product/Diamond/9539/still.jpg,ColourDiam,Apparel & Accessories > Jewelry,,1,,,,unisex,,,adult,,,,,,,,,GIA,Fine Jewelry
9541,Sku - 9541 Weight - 1.02 Colour - L Shape - Oval Clarity - VS2 Measurements - 7.16 X 5.07 X 3.5 Fluoresence - None Polish - VG Symmetry - VG No Of Diamonds - 1,"Sku - 9541
Weight - 1.02
Colour - L
Shape - Oval
Clarity - VS2
Measurements - 7.16 X 5.07 X 3.5
Fluoresence - None
Polish - VG
Symmetry - VG
No Of Diamonds - 1",in stock,new,1072.6 SGD,https://colourdiam.com/diamonddetails/Menu/9541,https://www.colourdiam.com/Product/Diamond/9541/still.jpg,ColourDiam,Apparel & Accessories > Jewelry,,1,,,,unisex,,,adult,,,,,,,,,GIA,Fine Jewelry
3915,Sku - 3915 Weight - 1.02 Colour - H Shape - Radiant Clarity - SI2 Measurements - 6.60*5.07*3.39 Fluoresence - None Polish - VG Symmetry - VG No Of Diamonds - 1,"Sku - 3915
Weight - 1.02
Colour - H
Shape - Radiant
Clarity - SI2
Measurements - 6.60*5.07*3.39
Fluoresence - None
Polish - VG
Symmetry - VG
No Of Diamonds - 1",in stock,new,2756 SGD,https://colourdiam.com/diamonddetails/Menu/3915,https://www.colourdiam.com/Product/Diamond/3915/still.jpg,ColourDiam,Apparel & Accessories > Jewelry,,1,,,,unisex,,,adult,,,,,,,,,IGI,Fine Jewelry
9372,Sku - 9372 Weight - 1.02 Colour - L Shape - Pear Clarity - SI2 Measurements - 8.64 X 5.49 X 3.58 Fluoresence - STG Polish - VG Symmetry - EX No Of Diamonds - 1,"Sku - 9372
Weight - 1.02
Colour - L
Shape - Pear
Clarity - SI2
Measurements - 8.64 X 5.49 X 3.58
Fluoresence - STG
Polish - VG
Symmetry - EX
No Of Diamonds - 1",in stock,new,1042.81 SGD,https://colourdiam.com/diamonddetails/Menu/9372,https://www.colourdiam.com/Product/Diamond/9372/still.jpg,ColourDiam,Apparel & Accessories > Jewelry,,1,,,,unisex,,,adult,,,,,,,,,GIA,Fine Jewelry
95,Sku - 95 Weight - 1.02 Colour - H Shape - Round Clarity - SI2 Measurements - 6.32X6.22X4.12 Fluoresence - None Polish - G Symmetry - F No Of Diamonds - 1,"Sku - 95
Weight - 1.02
Colour - H
Shape - Round
Clarity - SI2
Measurements - 6.32X6.22X4.12
Fluoresence - None
Polish - G
Symmetry - F
No Of Diamonds - 1",in stock,new,5214.05 SGD,https://colourdiam.com/diamonddetails/Menu/95,https://www.colourdiam.com/Product/Diamond/95/still.jpg,ColourDiam,Apparel & Accessories > Jewelry,,1,,,,unisex,,,adult,,,,,,,,,GIA,Fine Jewelry
6037,Sku - 6037 Weight - 1.02 Colour - Q-R Shape - Round Clarity - I2 Measurements - 6.12 X 6.09 X 4.24 Fluoresence - Fnt Polish - G Symmetry - VG No Of Diamonds - 1,"Sku - 6037
Weight - 1.02
Colour - Q-R
Shape - Round
Clarity - I2
Measurements - 6.12 X 6.09 X 4.24
Fluoresence - Fnt
Polish - G
Symmetry - VG
No Of Diamonds - 1",in stock,new,1157.52 SGD,https://colourdiam.com/diamonddetails/Menu/6037,https://www.colourdiam.com/Product/Diamond/6037/still.jpg,ColourDiam,Apparel & Accessories > Jewelry,,1,,,,unisex,,,adult,,,,,,,,,GIA,Fine Jewelry
6162,Sku - 6162 Weight - 1.02 Colour - D Shape - Cushion Clarity - VVS2 Measurements - 5.69 X 5.40X 3.76 Fluoresence - STG Polish - EX Symmetry - VG No Of Diamonds - 1,"Sku - 6162
Weight - 1.02
Colour - D
Shape - Cushion
Clarity - VVS2
Measurements - 5.69 X 5.40X 3.76
Fluoresence - STG
Polish - EX
Symmetry - VG
No Of Diamonds - 1",in stock,new,5660.96 SGD,https://colourdiam.com/diamonddetails/Menu/6162,https://www.colourdiam.com/Product/Diamond/6162/still.jpg,ColourDiam,Apparel & Accessories > Jewelry,,1,,,,unisex,,,adult,,,,,,,,,GIA,Fine Jewelry
6269,Sku - 6269 Weight - 1.02 Colour - G Shape - Cushion Clarity - SI2 Measurements - 5.80 x 5.25 x 3.71 Fluoresence - None Polish - EX Symmetry - VG No Of Diamonds - 1,"Sku - 6269
Weight - 1.02
Colour - G
Shape - Cushion
Clarity - SI2
Measurements - 5.80 x 5.25 x 3.71
Fluoresence - None
Polish - EX
Symmetry - VG
No Of Diamonds - 1",in stock,new,3620.04 SGD,https://colourdiam.com/diamonddetails/Menu/6269,https://www.colourdiam.com/Product/Diamond/6269/still.jpg,ColourDiam,Apparel & Accessories > Jewelry,,1,,,,unisex,,,adult,,,,,,,,,GIA,Fine Jewelry
9527,Sku - 9527 Weight - 1.02 Colour - Fancy Brownish Greenish Yellow Shape - Pear Clarity - VS2 Measurements - 8.20 X 4.98 X 3.40 Fluoresence - None Polish - EX Symmetry - VG No Of Diamonds - 1,"Sku - 9527
Weight - 1.02
Colour - Fancy Brownish Greenish Yellow
Shape - Pear
Clarity - VS2
Measurements - 8.20 X 4.98 X 3.40
Fluoresence - None
Polish - EX
Symmetry - VG
No Of Diamonds - 1",in stock,new,1787.67 SGD,https://colourdiam.com/diamonddetails/Menu/9527,https://www.colourdiam.com/Product/Diamond/9527/still.jpg,ColourDiam,Apparel & Accessories > Jewelry,,1,,,,unisex,,,adult,,,,,,,,,GIA,Fine Jewelry
9275,Sku - 9275 Weight - 1.02 Colour - Fancy Light Green Yellow Shape - Pear Clarity - SI1 Measurements - 7.85 x 5.09 x 3.35 Fluoresence - Fnt Polish - VG Symmetry - VG No Of Diamonds - 1,"Sku - 9275
Weight - 1.02
Colour - Fancy Light Green Yellow
Shape - Pear
Clarity - SI1
Measurements - 7.85 x 5.09 x 3.35
Fluoresence - Fnt
Polish - VG
Symmetry - VG
No Of Diamonds - 1",in stock,new,3724.32 SGD,https://colourdiam.com/diamonddetails/Menu/9275,https://www.colourdiam.com/Product/Diamond/9275/still.jpg,ColourDiam,Apparel & Accessories > Jewelry,,1,,,,unisex,,,adult,,,,,,,,,GIA,Fine Jewelry
4768,Sku - 4768 Weight - 1.02 Colour - Fancy Light Orangy Pink Shape - Oval Clarity - SI2 Measurements - 7.46 x 5.11 x 3.35 Fluoresence - Med Polish - EX Symmetry - EX No Of Diamonds - 1,"Sku - 4768
Weight - 1.02
Colour - Fancy Light Orangy Pink
Shape - Oval
Clarity - SI2
Measurements - 7.46 x 5.11 x 3.35
Fluoresence - Med
Polish - EX
Symmetry - EX
No Of Diamonds - 1",in stock,new,37243.19 SGD,https://colourdiam.com/diamonddetails/Menu/4768,https://www.colourdiam.com/Product/Diamond/4768/still.jpg,ColourDiam,Apparel & Accessories > Jewelry,,1,,,,unisex,,,adult,,,,,,,,,GIA,Fine Jewelry
9195,Sku - 9195 Weight - 1.01 Colour - Faint Green Shape - Radiant Clarity - VS1 Measurements - 5.54 x 5.53 x 3.53 Fluoresence - STG Polish - VG Symmetry - VG No Of Diamonds - 1,"Sku - 9195
Weight - 1.01
Colour - Faint Green
Shape - Radiant
Clarity - VS1
Measurements - 5.54 x 5.53 x 3.53
Fluoresence - STG
Polish - VG
Symmetry - VG
No Of Diamonds - 1",in stock,new,2950.24 SGD,https://colourdiam.com/diamonddetails/Menu/9195,https://www.colourdiam.com/Product/Diamond/9195/still.jpg,ColourDiam,Apparel & Accessories > Jewelry,,1,,,,unisex,,,adult,,,,,,,,,GIA,Fine Jewelry
9182,Sku - 9182 Weight - 1.01 Colour - Very Light Green Yellow Shape - Round Clarity - SI1 Measurements - 6.35 - 6.39 x 3.99 Fluoresence - Fnt Polish - EX Symmetry - EX No Of Diamonds - 1,"Sku - 9182
Weight - 1.01
Colour - Very Light Green Yellow
Shape - Round
Clarity - SI1
Measurements - 6.35 - 6.39 x 3.99
Fluoresence - Fnt
Polish - EX
Symmetry - EX
No Of Diamonds - 1",in stock,new,2950.24 SGD,https://colourdiam.com/diamonddetails/Menu/9182,https://www.colourdiam.com/Product/Diamond/9182/still.jpg,ColourDiam,Apparel & Accessories > Jewelry,,1,,,,unisex,,,adult,,,,,,,,,GIA,Fine Jewelry
9584,Sku - 9584 Weight - 1.01 Colour - Faint Pink Shape - Princess Clarity - VS1 Measurements - 5.72 X 5.65 X 3.82 Fluoresence - None Polish - EX Symmetry - VG No Of Diamonds - 1,"Sku - 9584
Weight - 1.01
Colour - Faint Pink
Shape - Princess
Clarity - VS1
Measurements - 5.72 X 5.65 X 3.82
Fluoresence - None
Polish - EX
Symmetry - VG
No Of Diamonds - 1",in stock,new,10325.86 SGD,https://colourdiam.com/diamonddetails/Menu/9584,https://www.colourdiam.com/Product/Diamond/9584/still.jpg,ColourDiam,Apparel & Accessories > Jewelry,,1,,,,unisex,,,adult,,,,,,,,,GIA,Fine Jewelry
9585,Sku - 9585 Weight - 1.01 Colour - Light Greenish Yellow Shape - Pear Clarity - VS1 Measurements - 8.17 x 5.08 x 3.38 Fluoresence - STG Polish - VG Symmetry - VG No Of Diamonds - 1,"Sku - 9585
Weight - 1.01
Colour - Light Greenish Yellow
Shape - Pear
Clarity - VS1
Measurements - 8.17 x 5.08 x 3.38
Fluoresence - STG
Polish - VG
Symmetry - VG
No Of Diamonds - 1",in stock,new,2360.2 SGD,https://colourdiam.com/diamonddetails/Menu/9585,https://www.colourdiam.com/Product/Diamond/9585/still.jpg,ColourDiam,Apparel & Accessories > Jewelry,,1,,,,unisex,,,adult,,,,,,,,,GIA,Fine Jewelry
9528,Sku - 9528 Weight - 1.01 Colour - Fancy Dark Brown Greenish Yellow Shape - Pear Clarity - SI1 Measurements - 8.08 X 4.98 X 3.40 Fluoresence - None Polish - VG Symmetry - VG No Of Diamonds - 1,"Sku - 9528
Weight - 1.01
Colour - Fancy Dark Brown Greenish Yellow
Shape - Pear
Clarity - SI1
Measurements - 8.08 X 4.98 X 3.40
Fluoresence - None
Polish - VG
Symmetry - VG
No Of Diamonds - 1",in stock,new,1622.63 SGD,https://colourdiam.com/diamonddetails/Menu/9528,https://www.colourdiam.com/Product/Diamond/9528/still.jpg,ColourDiam,Apparel & Accessories > Jewelry,,1,,,,unisex,,,adult,,,,,,,,,GIA,Fine Jewelry
9524,Sku - 9524 Weight - 1.01 Colour - Fancy Brown Greenish Yellow Shape - Heart Clarity - VS2 Measurements - 5.89 X6.35 X 3.60 Fluoresence - None Polish - VG Symmetry - VG No Of Diamonds - 1,"Sku - 9524
Weight - 1.01
Colour - Fancy Brown Greenish Yellow
Shape - Heart
Clarity - VS2
Measurements - 5.89 X6.35 X 3.60
Fluoresence - None
Polish - VG
Symmetry - VG
No Of Diamonds - 1",in stock,new,1696.4 SGD,https://colourdiam.com/diamonddetails/Menu/9524,https://www.colourdiam.com/Product/Diamond/9524/still.jpg,ColourDiam,Apparel & Accessories > Jewelry,,1,,,,unisex,,,adult,,,,,,,,,GIA,Fine Jewelry
9513,Sku - 9513 Weight - 1.01 Colour - Fancy Light Grayish Greenish Yellow Shape - Pear Clarity - VS1 Measurements - 7.90 X 4.98 X 3.38 Fluoresence - None Polish - EX Symmetry - VG No Of Diamonds - 1,"Sku - 9513
Weight - 1.01
Colour - Fancy Light Grayish Greenish Yellow
Shape - Pear
Clarity - VS1
Measurements - 7.90 X 4.98 X 3.38
Fluoresence - None
Polish - EX
Symmetry - VG
No Of Diamonds - 1",in stock,new,1991.42 SGD,https://colourdiam.com/diamonddetails/Menu/9513,https://www.colourdiam.com/Product/Diamond/9513/still.jpg,ColourDiam,Apparel & Accessories > Jewelry,,1,,,,unisex,,,adult,,,,,,,,,GIA,Fine Jewelry
9510,Sku - 9510 Weight - 1.01 Colour - Fancy Light Green Yellow Shape - Cushion Clarity - SI2 Measurements - 5.46 X 5.34 X 3.69 Fluoresence - Med Polish - EX Symmetry - VG No Of Diamonds - 1,"Sku - 9510
Weight - 1.01
Colour - Fancy Light Green Yellow
Shape - Cushion
Clarity - SI2
Measurements - 5.46 X 5.34 X 3.69
Fluoresence - Med
Polish - EX
Symmetry - VG
No Of Diamonds - 1",in stock,new,4425.37 SGD,https://colourdiam.com/diamonddetails/Menu/9510,https://www.colourdiam.com/Product/Diamond/9510/still.jpg,ColourDiam,Apparel & Accessories > Jewelry,,1,,,,unisex,,,adult,,,,,,,,,GIA,Fine Jewelry
6184,Sku - 6184 Weight - 1.01 Colour - D Shape - Cushion Clarity - VVS2 Measurements - 5.99 X 5.26 X 3.63 Fluoresence - Med Polish - EX Symmetry - VG No Of Diamonds - 1,"Sku - 6184
Weight - 1.01
Colour - D
Shape - Cushion
Clarity - VVS2
Measurements - 5.99 X 5.26 X 3.63
Fluoresence - Med
Polish - EX
Symmetry - VG
No Of Diamonds - 1",in stock,new,5252.91 SGD,https://colourdiam.com/diamonddetails/Menu/6184,https://www.colourdiam.com/Product/Diamond/6184/still.jpg,ColourDiam,Apparel & Accessories > Jewelry,,1,,,,unisex,,,adult,,,,,,,,,GIA,Fine Jewelry
6170,Sku - 6170 Weight - 1.01 Colour - J Shape - Radiant Clarity - VS1 Measurements - 7.12 x 4.93 x 3.40 Fluoresence - None Polish - EX Symmetry - VG No Of Diamonds - 1,"Sku - 6170
Weight - 1.01
Colour - J
Shape - Radiant
Clarity - VS1
Measurements - 7.12 x 4.93 x 3.40
Fluoresence - None
Polish - EX
Symmetry - VG
No Of Diamonds - 1",in stock,new,2802.73 SGD,https://colourdiam.com/diamonddetails/Menu/6170,https://www.colourdiam.com/Product/Diamond/6170/still.jpg,ColourDiam,Apparel & Accessories > Jewelry,,1,,,,unisex,,,adult,,,,,,,,,IGI,Fine Jewelry
6142,Sku - 6142 Weight - 1.01 Colour - D Shape - Cushion Clarity - VS1 Measurements - 5.75 x 5.61 x 3.92 Fluoresence - STG Polish - EX Symmetry - VG No Of Diamonds - 1,"Sku - 6142
Weight - 1.01
Colour - D
Shape - Cushion
Clarity - VS1
Measurements - 5.75 x 5.61 x 3.92
Fluoresence - STG
Polish - EX
Symmetry - VG
No Of Diamonds - 1",in stock,new,4720.39 SGD,https://colourdiam.com/diamonddetails/Menu/6142,https://www.colourdiam.com/Product/Diamond/6142/still.jpg,ColourDiam,Apparel & Accessories > Jewelry,,1,,,,unisex,,,adult,,,,,,,,,GIA,Fine Jewelry
5770,Sku - 5770 Weight - 1.01 Colour - G Shape - Round Clarity - SI1 Measurements - 6.45 x 6.48 x 3.95 Fluoresence - None Polish - EX Symmetry - EX No Of Diamonds - 1,"Sku - 5770
Weight - 1.01
Colour - G
Shape - Round
Clarity - SI1
Measurements - 6.45 x 6.48 x 3.95
Fluoresence - None
Polish - EX
Symmetry - EX
No Of Diamonds - 1",in stock,new,8850.73 SGD,https://colourdiam.com/diamonddetails/Menu/5770,https://www.colourdiam.com/Product/Diamond/5770/still.jpg,ColourDiam,Apparel & Accessories > Jewelry,,1,,,,unisex,,,adult,,,,,,,,,GIA,Fine Jewelry
9535,Sku - 9535 Weight - 1.01 Colour - M Shape - Heart Clarity - SI1 Measurements - 5.77 X 6.36 X 3.49 Fluoresence - None Polish - VG Symmetry - VG No Of Diamonds - 1,"Sku - 9535
Weight - 1.01
Colour - M
Shape - Heart
Clarity - SI1
Measurements - 5.77 X 6.36 X 3.49
Fluoresence - None
Polish - VG
Symmetry - VG
No Of Diamonds - 1",in stock,new,1032.59 SGD,https://colourdiam.com/diamonddetails/Menu/9535,https://www.colourdiam.com/Product/Diamond/9535/still.jpg,ColourDiam,Apparel & Accessories > Jewelry,,1,,,,unisex,,,adult,,,,,,,,,GIA,Fine Jewelry
9537,Sku - 9537 Weight - 1.01 Colour - L Shape - Pear Clarity - VS1 Measurements - 8.32 X 4.89 X 3.3 Fluoresence - None Polish - EX Symmetry - VG No Of Diamonds - 1,"Sku - 9537
Weight - 1.01
Colour - L
Shape - Pear
Clarity - VS1
Measurements - 8.32 X 4.89 X 3.3
Fluoresence - None
Polish - EX
Symmetry - VG
No Of Diamonds - 1",in stock,new,1180.1 SGD,https://colourdiam.com/diamonddetails/Menu/9537,https://www.colourdiam.com/Product/Diamond/9537/still.jpg,ColourDiam,Apparel & Accessories > Jewelry,,1,,,,unisex,,,adult,,,,,,,,,GIA,Fine Jewelry
3916,Sku - 3916 Weight - 1.01 Colour - H Shape - Radiant Clarity - SI2 Measurements - 6.28*5.02*3.52 Fluoresence - None Polish - VG Symmetry - VG No Of Diamonds - 1,"Sku - 3916
Weight - 1.01
Colour - H
Shape - Radiant
Clarity - SI2
Measurements - 6.28*5.02*3.52
Fluoresence - None
Polish - VG
Symmetry - VG
No Of Diamonds - 1",in stock,new,2728.98 SGD,https://colourdiam.com/diamonddetails/Menu/3916,https://www.colourdiam.com/Product/Diamond/3916/still.jpg,ColourDiam,Apparel & Accessories > Jewelry,,1,,,,unisex,,,adult,,,,,,,,,IGI,Fine Jewelry
5323,Sku - 5323 Weight - 1.01 Colour - W-X Shape - Heart Clarity - SI1 Measurements - 5.85X6.32X3.41 Fluoresence - Fnt Polish - EX Symmetry - VG No Of Diamonds - 1,"Sku - 5323
Weight - 1.01
Colour - W-X
Shape - Heart
Clarity - SI1
Measurements - 5.85X6.32X3.41
Fluoresence - Fnt
Polish - EX
Symmetry - VG
No Of Diamonds - 1",in stock,new,1475.12 SGD,https://colourdiam.com/diamonddetails/Menu/5323,https://www.colourdiam.com/Product/Diamond/5323/still.jpg,ColourDiam,Apparel & Accessories > Jewelry,,1,,,,unisex,,,adult,,,,,,,,,GIA,Fine Jewelry
6015,Sku - 6015 Weight - 1.01 Colour - Y-Z Shape - Round Clarity - SI1 Measurements - 6.42 X 6.42 X 3.99 Fluoresence - Fnt Polish - EX Symmetry - EX No Of Diamonds - 1,"Sku - 6015
Weight - 1.01
Colour - Y-Z
Shape - Round
Clarity - SI1
Measurements - 6.42 X 6.42 X 3.99
Fluoresence - Fnt
Polish - EX
Symmetry - EX
No Of Diamonds - 1",in stock,new,1604.93 SGD,https://colourdiam.com/diamonddetails/Menu/6015,https://www.colourdiam.com/Product/Diamond/6015/still.jpg,ColourDiam,Apparel & Accessories > Jewelry,,1,,,,unisex,,,adult,,,,,,,,,GIA,Fine Jewelry
7576,Sku - 7576 Weight - 1.01 Colour - M Shape - Oval Clarity - SI2 Measurements - 8.29X5.46X3.47 Fluoresence - Med Polish - EX Symmetry - EX No Of Diamonds - 1,"Sku - 7576
Weight - 1.01
Colour - M
Shape - Oval
Clarity - SI2
Measurements - 8.29X5.46X3.47
Fluoresence - Med
Polish - EX
Symmetry - EX
No Of Diamonds - 1",in stock,new,1187.48 SGD,https://colourdiam.com/diamonddetails/Menu/7576,https://www.colourdiam.com/Product/Diamond/7576/still.jpg,ColourDiam,Apparel & Accessories > Jewelry,,1,,,,unisex,,,adult,,,,,,,,,GIA,Fine Jewelry
83,Sku - 83 Weight - 1.01 Colour - Fancy Intense Greenish Yellow Shape - Pear Clarity - VS1 Measurements - 6.67X5.30X3.59 Fluoresence - STG Polish - G Symmetry - GD No Of Diamonds - 1,"Sku - 83
Weight - 1.01
Colour - Fancy Intense Greenish Yellow
Shape - Pear
Clarity - VS1
Measurements - 6.67X5.30X3.59
Fluoresence - STG
Polish - G
Symmetry - GD
No Of Diamonds - 1",in stock,new,5162.93 SGD,https://colourdiam.com/diamonddetails/Menu/83,https://www.colourdiam.com/Product/Diamond/83/still.jpg,ColourDiam,Apparel & Accessories > Jewelry,,1,,,,unisex,,,adult,,,,,,,,,GIA,Fine Jewelry
137,Sku - 137 Weight - 1.01 Colour - Fancy Deep Yellow Shape - Pear Clarity -  Measurements - 9.13 x 5.36 x 3.20 Fluoresence - None Polish -  Symmetry -  No Of Diamonds - 1,"Sku - 137
Weight - 1.01
Colour - Fancy Deep Yellow
Shape - Pear
Clarity - 
Measurements - 9.13 x 5.36 x 3.20
Fluoresence - None
Polish - 
Symmetry - 
No Of Diamonds - 1",in stock,new,7375.61 SGD,https://colourdiam.com/diamonddetails/Menu/137,https://www.colourdiam.com/Product/Diamond/137/still.jpg,ColourDiam,Apparel & Accessories > Jewelry,,1,,,,unisex,,,adult,,,,,,,,,GIA,Fine Jewelry
7871,Sku - 7871 Weight - 1.01 Colour - Fancy Light Purplish Pink Shape - Cushion Clarity - SI1 Measurements - 5.37 x 5.32 x 3.86 Fluoresence - None Polish - VG Symmetry - GD No Of Diamonds - 1,"Sku - 7871
Weight - 1.01
Colour - Fancy Light Purplish Pink
Shape - Cushion
Clarity - SI1
Measurements - 5.37 x 5.32 x 3.86
Fluoresence - None
Polish - VG
Symmetry - GD
No Of Diamonds - 1",in stock,new,29502.45 SGD,https://colourdiam.com/diamonddetails/Menu/7871,https://www.colourdiam.com/Product/Diamond/7871/still.jpg,ColourDiam,Apparel & Accessories > Jewelry,,1,,,,unisex,,,adult,,,,,,,,,GIA,Fine Jewelry
8689,Sku - 8689 Weight - 1.01 Colour - Fancy Light Greenish Yellow Shape - Pear Clarity - VS1 Measurements - 8.04 x 5.06 x 3.30 Fluoresence - None Polish - EX Symmetry - VG No Of Diamonds - 1,"Sku - 8689
Weight - 1.01
Colour - Fancy Light Greenish Yellow
Shape - Pear
Clarity - VS1
Measurements - 8.04 x 5.06 x 3.30
Fluoresence - None
Polish - EX
Symmetry - VG
No Of Diamonds - 1",in stock,new,4277.86 SGD,https://colourdiam.com/diamonddetails/Menu/8689,https://www.colourdiam.com/Product/Diamond/8689/still.jpg,ColourDiam,Apparel & Accessories > Jewelry,,1,,,,unisex,,,adult,,,,,,,,,GIA,Fine Jewelry
8695,Sku - 8695 Weight - 1.01 Colour - Fancy Light Greenish Yellow Shape - Pear Clarity - SI1 Measurements - 8.02 x 5.00 x 3.44 Fluoresence - STG Polish - VG Symmetry - VG No Of Diamonds - 1,"Sku - 8695
Weight - 1.01
Colour - Fancy Light Greenish Yellow
Shape - Pear
Clarity - SI1
Measurements - 8.02 x 5.00 x 3.44
Fluoresence - STG
Polish - VG
Symmetry - VG
No Of Diamonds - 1",in stock,new,3982.83 SGD,https://colourdiam.com/diamonddetails/Menu/8695,https://www.colourdiam.com/Product/Diamond/8695/still.jpg,ColourDiam,Apparel & Accessories > Jewelry,,1,,,,unisex,,,adult,,,,,,,,,GIA,Fine Jewelry
5516,Sku - 5516 Weight - 1.01 Colour - Fancy Light Purplish Pink Shape - Heart Clarity - I1 Measurements - 5.63X 6.63X 3.56 Fluoresence - Med Polish - VG Symmetry - VG No Of Diamonds - 1,"Sku - 5516
Weight - 1.01
Colour - Fancy Light Purplish Pink
Shape - Heart
Clarity - I1
Measurements - 5.63X 6.63X 3.56
Fluoresence - Med
Polish - VG
Symmetry - VG
No Of Diamonds - 1",in stock,new,27289.76 SGD,https://colourdiam.com/diamonddetails/Menu/5516,https://www.colourdiam.com/Product/Diamond/5516/still.jpg,ColourDiam,Apparel & Accessories > Jewelry,,1,,,,unisex,,,adult,,,,,,,,,GIA,Fine Jewelry
4596,Sku - 4596 Weight - 1.01 Colour - Fancy Deep Brown Orange Shape - Pear Clarity - I1 Measurements - 8.22*5.43*3.14XX Fluoresence - None Polish - EX Symmetry - GD No Of Diamonds - 1,"Sku - 4596
Weight - 1.01
Colour - Fancy Deep Brown Orange
Shape - Pear
Clarity - I1
Measurements - 8.22*5.43*3.14XX
Fluoresence - None
Polish - EX
Symmetry - GD
No Of Diamonds - 1",in stock,new,1770.15 SGD,https://colourdiam.com/diamonddetails/Menu/4596,https://www.colourdiam.com/Product/Diamond/4596/still.jpg,ColourDiam,Apparel & Accessories > Jewelry,,1,,,,unisex,,,adult,,,,,,,,,GIA,Fine Jewelry
2700,Sku - 2700 Weight - 1.01 Colour - Fancy White Shape - Pear Clarity -  Measurements - 8.36 x 4.99 x 3.33 Fluoresence - None Polish -  Symmetry -  No Of Diamonds - 1,"Sku - 2700
Weight - 1.01
Colour - Fancy White
Shape - Pear
Clarity - 
Measurements - 8.36 x 4.99 x 3.33
Fluoresence - None
Polish - 
Symmetry - 
No Of Diamonds - 1",in stock,new,4425.37 SGD,https://colourdiam.com/diamonddetails/Menu/2700,https://www.colourdiam.com/Product/Diamond/2700/still.jpg,ColourDiam,Apparel & Accessories > Jewelry,,1,,,,unisex,,,adult,,,,,,,,,GIA,Fine Jewelry
2497,Sku - 2497 Weight - 1.01 Colour - Fancy Light Yellow Shape - Round Clarity - I1 Measurements -  Fluoresence -  Polish -  Symmetry -  No Of Diamonds - 1,"Sku - 2497
Weight - 1.01
Colour - Fancy Light Yellow
Shape - Round
Clarity - I1
Measurements - 
Fluoresence - 
Polish - 
Symmetry - 
No Of Diamonds - 1",in stock,new,0 SGD,https://colourdiam.com/diamonddetails/Menu/2497,https://www.colourdiam.com/Product/Diamond/2497/still.jpg,ColourDiam,Apparel & Accessories > Jewelry,,1,,,,unisex,,,adult,,,,,,,,,CGL,Fine Jewelry
8614,Sku - 8614 Weight - 1.01 Colour - Faint Pink Shape - Oval Clarity - VS2 Measurements - 8.62 x 5.84 x 3.10 Fluoresence - Med Polish - VG Symmetry - GD No Of Diamonds - 1,"Sku - 8614
Weight - 1.01
Colour - Faint Pink
Shape - Oval
Clarity - VS2
Measurements - 8.62 x 5.84 x 3.10
Fluoresence - Med
Polish - VG
Symmetry - GD
No Of Diamonds - 1",in stock,new,10325.86 SGD,https://colourdiam.com/diamonddetails/Menu/8614,https://www.colourdiam.com/Product/Diamond/8614/still.jpg,ColourDiam,Apparel & Accessories > Jewelry,,1,,,,unisex,,,adult,,,,,,,,,GIA,Fine Jewelry
6042,Sku - 6042 Weight - 1.01 Colour - Fancy Light Brownish Greenish Yellow Shape - Round Clarity - I2 Measurements - 6.09X 6.06 X 4.17 Fluoresence - Fnt Polish - G Symmetry - GD No Of Diamonds - 1,"Sku - 6042
Weight - 1.01
Colour - Fancy Light Brownish Greenish Yellow
Shape - Round
Clarity - I2
Measurements - 6.09X 6.06 X 4.17
Fluoresence - Fnt
Polish - G
Symmetry - GD
No Of Diamonds - 1",in stock,new,1180.1 SGD,https://colourdiam.com/diamonddetails/Menu/6042,https://www.colourdiam.com/Product/Diamond/6042/still.jpg,ColourDiam,Apparel & Accessories > Jewelry,,1,,,,unisex,,,adult,,,,,,,,,GIA,Fine Jewelry
6059,Sku - 6059 Weight - 1.01 Colour - Fancy Light Brown Pink Shape - Cushion Clarity - SI2 Measurements - 5.54 X 5.39 X 3.57 Fluoresence - None Polish - VG Symmetry - VG No Of Diamonds - 1,"Sku - 6059
Weight - 1.01
Colour - Fancy Light Brown Pink
Shape - Cushion
Clarity - SI2
Measurements - 5.54 X 5.39 X 3.57
Fluoresence - None
Polish - VG
Symmetry - VG
No Of Diamonds - 1",in stock,new,14013.66 SGD,https://colourdiam.com/diamonddetails/Menu/6059,https://www.colourdiam.com/Product/Diamond/6059/still.jpg,ColourDiam,Apparel & Accessories > Jewelry,,1,,,,unisex,,,adult,,,,,,,,,GIA,Fine Jewelry
7399,Sku - 7399 Weight - 1.01 Colour - Fancy Brownish Yellow Shape - Round Clarity - I2 Measurements - 6.34 X 6.39 X 4.01 Fluoresence - Med Polish - EX Symmetry - VG No Of Diamonds - 1,"Sku - 7399
Weight - 1.01
Colour - Fancy Brownish Yellow
Shape - Round
Clarity - I2
Measurements - 6.34 X 6.39 X 4.01
Fluoresence - Med
Polish - EX
Symmetry - VG
No Of Diamonds - 1",in stock,new,889.49 SGD,https://colourdiam.com/diamonddetails/Menu/7399,https://www.colourdiam.com/Product/Diamond/7399/still.jpg,ColourDiam,Apparel & Accessories > Jewelry,,1,,,,unisex,,,adult,,,,,,,,,GIA,Fine Jewelry
5198,Sku - 5198 Weight - 1.01 Colour - Fancy Deep Brown Orange Shape - Other Clarity - I2 Measurements - 5.59X7.34X4.04 Fluoresence - None Polish - VG Symmetry - GD No Of Diamonds - 1,"Sku - 5198
Weight - 1.01
Colour - Fancy Deep Brown Orange
Shape - Other
Clarity - I2
Measurements - 5.59X7.34X4.04
Fluoresence - None
Polish - VG
Symmetry - GD
No Of Diamonds - 1",in stock,new,2950.24 SGD,https://colourdiam.com/diamonddetails/Menu/5198,https://www.colourdiam.com/Product/Diamond/5198/still.jpg,ColourDiam,Apparel & Accessories > Jewelry,,1,,,,unisex,,,adult,,,,,,,,,GIA,Fine Jewelry
2551,Sku - 2551 Weight - 1.01 Colour - Faint Pink Shape - Round Clarity - I1 Measurements - 5.89*6.04*4.04 Fluoresence - Med Polish -  Symmetry -  No Of Diamonds - 1,"Sku - 2551
Weight - 1.01
Colour - Faint Pink
Shape - Round
Clarity - I1
Measurements - 5.89*6.04*4.04
Fluoresence - Med
Polish - 
Symmetry - 
No Of Diamonds - 1",in stock,new,4130.34 SGD,https://colourdiam.com/diamonddetails/Menu/2551,https://www.colourdiam.com/Product/Diamond/2551/still.jpg,ColourDiam,Apparel & Accessories > Jewelry,,1,,,,unisex,,,adult,,,,,,,,,CGL,Fine Jewelry
6049,Sku - 6049 Weight - 1 Colour - Very Light Pinkish Brown Shape - Round Clarity - SI2 Measurements - 6.06 X 6.13 X 4.08 Fluoresence - None Polish - EX Symmetry - VG No Of Diamonds - 1,"Sku - 6049
Weight - 1
Colour - Very Light Pinkish Brown
Shape - Round
Clarity - SI2
Measurements - 6.06 X 6.13 X 4.08
Fluoresence - None
Polish - EX
Symmetry - VG
No Of Diamonds - 1",in stock,new,3213.14 SGD,https://colourdiam.com/diamonddetails/Menu/6049,https://www.colourdiam.com/Product/Diamond/6049/still.jpg,ColourDiam,Apparel & Accessories > Jewelry,,1,,,,unisex,,,adult,,,,,,,,,GIA,Fine Jewelry
5966,Sku - 5966 Weight - 1 Colour - Fancy Pink Brown Shape -  Clarity - VS2 Measurements - 5.87 x 6.84 x 4.20 Fluoresence - None Polish - EX Symmetry - VG No Of Diamonds - 1,"Sku - 5966
Weight - 1
Colour - Fancy Pink Brown
Shape - 
Clarity - VS2
Measurements - 5.87 x 6.84 x 4.20
Fluoresence - None
Polish - EX
Symmetry - VG
No Of Diamonds - 1",in stock,new,16211.74 SGD,https://colourdiam.com/diamonddetails/Menu/5966,https://www.colourdiam.com/Product/Diamond/5966/still.jpg,ColourDiam,Apparel & Accessories > Jewelry,,1,,,,unisex,,,adult,,,,,,,,,GIA,Fine Jewelry
4597,Sku - 4597 Weight - 1 Colour - Fancy Deep Brown Orange Shape - Pear Clarity - I1 Measurements - 7.74*5.27*3.37XX Fluoresence - None Polish - EX Symmetry - GD No Of Diamonds - 1,"Sku - 4597
Weight - 1
Colour - Fancy Deep Brown Orange
Shape - Pear
Clarity - I1
Measurements - 7.74*5.27*3.37XX
Fluoresence - None
Polish - EX
Symmetry - GD
No Of Diamonds - 1",in stock,new,1752.62 SGD,https://colourdiam.com/diamonddetails/Menu/4597,https://www.colourdiam.com/Product/Diamond/4597/still.jpg,ColourDiam,Apparel & Accessories > Jewelry,,1,,,,unisex,,,adult,,,,,,,,,GIA,Fine Jewelry
2779,Sku - 2779 Weight - 1 Colour - Fancy Blue Shape - Round Clarity - VVS1 Measurements - 6.21X6.18X4.04 Fluoresence - None Polish - VG Symmetry - GD No Of Diamonds - 1,"Sku - 2779
Weight - 1
Colour - Fancy Blue
Shape - Round
Clarity - VVS1
Measurements - 6.21X6.18X4.04
Fluoresence - None
Polish - VG
Symmetry - GD
No Of Diamonds - 1",in stock,new,554996.56 SGD,https://colourdiam.com/diamonddetails/Menu/2779,https://www.colourdiam.com/Product/Diamond/2779/still.jpg,ColourDiam,Apparel & Accessories > Jewelry,,1,,,,unisex,,,adult,,,,,,,,,GIA,Fine Jewelry
2699,Sku - 2699 Weight - 1 Colour - Fancy White Shape - Heart Clarity -  Measurements - 5.46 x 6.53 x 3.62 Fluoresence - None Polish -  Symmetry -  No Of Diamonds - 1,"Sku - 2699
Weight - 1
Colour - Fancy White
Shape - Heart
Clarity - 
Measurements - 5.46 x 6.53 x 3.62
Fluoresence - None
Polish - 
Symmetry - 
No Of Diamonds - 1",in stock,new,4381.55 SGD,https://colourdiam.com/diamonddetails/Menu/2699,https://www.colourdiam.com/Product/Diamond/2699/still.jpg,ColourDiam,Apparel & Accessories > Jewelry,,1,,,,unisex,,,adult,,,,,,,,,GIA,Fine Jewelry
2701,Sku - 2701 Weight - 1 Colour - Fancy White Shape - Pear Clarity -  Measurements - 7.75 x 4.72 x 3.25 Fluoresence - None Polish -  Symmetry -  No Of Diamonds - 1,"Sku - 2701
Weight - 1
Colour - Fancy White
Shape - Pear
Clarity - 
Measurements - 7.75 x 4.72 x 3.25
Fluoresence - None
Polish - 
Symmetry - 
No Of Diamonds - 1",in stock,new,4381.55 SGD,https://colourdiam.com/diamonddetails/Menu/2701,https://www.colourdiam.com/Product/Diamond/2701/still.jpg,ColourDiam,Apparel & Accessories > Jewelry,,1,,,,unisex,,,adult,,,,,,,,,GIA,Fine Jewelry
7281,Sku - 7281 Weight - 1 Colour - Faint Pink Shape - Cushion Clarity - VS1 Measurements - 6.00 x 5.02 x 3.49 Fluoresence - STG Polish - EX Symmetry - VG No Of Diamonds - 1,"Sku - 7281
Weight - 1
Colour - Faint Pink
Shape - Cushion
Clarity - VS1
Measurements - 6.00 x 5.02 x 3.49
Fluoresence - STG
Polish - EX
Symmetry - VG
No Of Diamonds - 1",in stock,new,14603.71 SGD,https://colourdiam.com/diamonddetails/Menu/7281,https://www.colourdiam.com/Product/Diamond/7281/still.jpg,ColourDiam,Apparel & Accessories > Jewelry,,1,,,,unisex,,,adult,,,,,,,,,GIA,Fine Jewelry
7297,Sku - 7297 Weight - 1 Colour - Fancy Light Yellow Green Shape - Cushion Clarity - IF Measurements - 5.74 x 5.48 x 3.69 Fluoresence - STG Polish - EX Symmetry - EX No Of Diamonds - 1,"Sku - 7297
Weight - 1
Colour - Fancy Light Yellow Green
Shape - Cushion
Clarity - IF
Measurements - 5.74 x 5.48 x 3.69
Fluoresence - STG
Polish - EX
Symmetry - EX
No Of Diamonds - 1",in stock,new,10223.62 SGD,https://colourdiam.com/diamonddetails/Menu/7297,https://www.colourdiam.com/Product/Diamond/7297/still.jpg,ColourDiam,Apparel & Accessories > Jewelry,,1,,,,unisex,,,adult,,,,,,,,,GIA,Fine Jewelry
7334,Sku - 7334 Weight - 1 Colour - Very Light Green Shape - Heart Clarity - VS1 Measurements - 5.77 x 6.91 x 4.14 Fluoresence - STG Polish - EX Symmetry - VG No Of Diamonds - 1,"Sku - 7334
Weight - 1
Colour - Very Light Green
Shape - Heart
Clarity - VS1
Measurements - 5.77 x 6.91 x 4.14
Fluoresence - STG
Polish - EX
Symmetry - VG
No Of Diamonds - 1",in stock,new,4381.55 SGD,https://colourdiam.com/diamonddetails/Menu/7334,https://www.colourdiam.com/Product/Diamond/7334/still.jpg,ColourDiam,Apparel & Accessories > Jewelry,,1,,,,unisex,,,adult,,,,,,,,,GIA,Fine Jewelry
84,Sku - 84 Weight - 1 Colour - Fancy Greenish Yellow Shape - Pear Clarity - VS2 Measurements - 6.47X5.26X3.79 Fluoresence - STG Polish - G Symmetry - GD No Of Diamonds - 1,"Sku - 84
Weight - 1
Colour - Fancy Greenish Yellow
Shape - Pear
Clarity - VS2
Measurements - 6.47X5.26X3.79
Fluoresence - STG
Polish - G
Symmetry - GD
No Of Diamonds - 1",in stock,new,4381.55 SGD,https://colourdiam.com/diamonddetails/Menu/84,https://www.colourdiam.com/Product/Diamond/84/still.jpg,ColourDiam,Apparel & Accessories > Jewelry,,1,,,,unisex,,,adult,,,,,,,,,GIA,Fine Jewelry
5458,Sku - 5458 Weight - 1 Colour - Fancy Light Yellow Green Shape - Oval Clarity - SI2 Measurements - 6.74 X 5.26 X 3.09 Fluoresence - None Polish - VG Symmetry - F No Of Diamonds - 1,"Sku - 5458
Weight - 1
Colour - Fancy Light Yellow Green
Shape - Oval
Clarity - SI2
Measurements - 6.74 X 5.26 X 3.09
Fluoresence - None
Polish - VG
Symmetry - F
No Of Diamonds - 1",in stock,new,2482.88 SGD,https://colourdiam.com/diamonddetails/Menu/5458,https://www.colourdiam.com/Product/Diamond/5458/still.jpg,ColourDiam,Apparel & Accessories > Jewelry,,1,,,,unisex,,,adult,,,,,,,,,GIA,Fine Jewelry
5543,Sku - 5543 Weight - 1 Colour - Fancy Deep Green Shape - Oval Clarity - I1 Measurements - 7.13 x 5.44 x 3.14 Fluoresence - Fnt Polish - EX Symmetry - F No Of Diamonds - 1,"Sku - 5543
Weight - 1
Colour - Fancy Deep Green
Shape - Oval
Clarity - I1
Measurements - 7.13 x 5.44 x 3.14
Fluoresence - Fnt
Polish - EX
Symmetry - F
No Of Diamonds - 1",in stock,new,184025.17 SGD,https://colourdiam.com/diamonddetails/Menu/5543,https://www.colourdiam.com/Product/Diamond/5543/still.jpg,ColourDiam,Apparel & Accessories > Jewelry,,1,,,,unisex,,,adult,,,,,,,,,GIA,Fine Jewelry
4514,Sku - 4514 Weight - 1 Colour - Fancy Light Yellow Shape - Heart Clarity - SI2 Measurements - 5.86*6.64*3.45 Fluoresence - Med Polish - VG Symmetry - VG No Of Diamonds - 1,"Sku - 4514
Weight - 1
Colour - Fancy Light Yellow
Shape - Heart
Clarity - SI2
Measurements - 5.86*6.64*3.45
Fluoresence - Med
Polish - VG
Symmetry - VG
No Of Diamonds - 1",in stock,new,1752.62 SGD,https://colourdiam.com/diamonddetails/Menu/4514,https://www.colourdiam.com/Product/Diamond/4514/still.jpg,ColourDiam,Apparel & Accessories > Jewelry,,1,,,,unisex,,,adult,,,,,,,,,GIA,Fine Jewelry
7087,Sku - 7087 Weight - 1 Colour - Fancy Intense Greenish Yellow Shape - Pear Clarity - I1 Measurements - 7.91 X 5.07 X 3.39 Fluoresence - STG Polish - G Symmetry - GD No Of Diamonds - 1,"Sku - 7087
Weight - 1
Colour - Fancy Intense Greenish Yellow
Shape - Pear
Clarity - I1
Measurements - 7.91 X 5.07 X 3.39
Fluoresence - STG
Polish - G
Symmetry - GD
No Of Diamonds - 1",in stock,new,3245.27 SGD,https://colourdiam.com/diamonddetails/Menu/7087,https://www.colourdiam.com/Product/Diamond/7087/still.jpg,ColourDiam,Apparel & Accessories > Jewelry,,1,,,,unisex,,,adult,,,,,,,,,GIA,Fine Jewelry
5567,Sku - 5567 Weight - 1 Colour - Faint Pink Shape - Pear Clarity - VVS1 Measurements - 7.15X5.14X3.59 Fluoresence - None Polish - VG Symmetry - VG No Of Diamonds - 1,"Sku - 5567
Weight - 1
Colour - Faint Pink
Shape - Pear
Clarity - VVS1
Measurements - 7.15X5.14X3.59
Fluoresence - None
Polish - VG
Symmetry - VG
No Of Diamonds - 1",in stock,new,16065.69 SGD,https://colourdiam.com/diamonddetails/Menu/5567,https://www.colourdiam.com/Product/Diamond/5567/still.jpg,ColourDiam,Apparel & Accessories > Jewelry,,1,,,,unisex,,,adult,,,,,,,,,GIA,Fine Jewelry
176,Sku - 176 Weight - 1 Colour - Fancy Light Pink Shape - Radiant Clarity - VS1 Measurements - 8.41X3.89X2.99 Fluoresence - None Polish -  Symmetry -  No Of Diamonds - 1,"Sku - 176
Weight - 1
Colour - Fancy Light Pink
Shape - Radiant
Clarity - VS1
Measurements - 8.41X3.89X2.99
Fluoresence - None
Polish - 
Symmetry - 
No Of Diamonds - 1",in stock,new,65723.28 SGD,https://colourdiam.com/diamonddetails/Menu/176,https://www.colourdiam.com/Product/Diamond/176/still.jpg,ColourDiam,Apparel & Accessories > Jewelry,,1,,,,unisex,,,adult,,,,,,,,,CGL,Fine Jewelry
5534,Sku - 5534 Weight - 1 Colour - Fancy Brown Greenish Yellow Shape - Round Clarity - SI2 Measurements - 5.91 X 6.00 X 4.18 Fluoresence - Fnt Polish - G Symmetry - GD No Of Diamonds - 1,"Sku - 5534
Weight - 1
Colour - Fancy Brown Greenish Yellow
Shape - Round
Clarity - SI2
Measurements - 5.91 X 6.00 X 4.18
Fluoresence - Fnt
Polish - G
Symmetry - GD
No Of Diamonds - 1",in stock,new,1241.44 SGD,https://colourdiam.com/diamonddetails/Menu/5534,https://www.colourdiam.com/Product/Diamond/5534/still.jpg,ColourDiam,Apparel & Accessories > Jewelry,,1,,,,unisex,,,adult,,,,,,,,,GIA,Fine Jewelry
4555,Sku - 4555 Weight - 1 Colour - Fancy Brownish Yellow Shape - Cushion Clarity - SI2 Measurements - 5.60*5.23*3.77 Fluoresence - Med Polish - G Symmetry - GD No Of Diamonds - 1,"Sku - 4555
Weight - 1
Colour - Fancy Brownish Yellow
Shape - Cushion
Clarity - SI2
Measurements - 5.60*5.23*3.77
Fluoresence - Med
Polish - G
Symmetry - GD
No Of Diamonds - 1",in stock,new,1314.47 SGD,https://colourdiam.com/diamonddetails/Menu/4555,https://www.colourdiam.com/Product/Diamond/4555/still.jpg,ColourDiam,Apparel & Accessories > Jewelry,,1,,,,unisex,,,adult,,,,,,,,,GIA,Fine Jewelry
6117,Sku - 6117 Weight - 1 Colour - Fancy Yellow Shape - Heart Clarity - VS2 Measurements - 5.68 x 6.70 x 3.32 Fluoresence - None Polish - EX Symmetry - VG No Of Diamonds - 1,"Sku - 6117
Weight - 1
Colour - Fancy Yellow
Shape - Heart
Clarity - VS2
Measurements - 5.68 x 6.70 x 3.32
Fluoresence - None
Polish - EX
Symmetry - VG
No Of Diamonds - 1",in stock,new,3651.29 SGD,https://colourdiam.com/diamonddetails/Menu/6117,https://www.colourdiam.com/Product/Diamond/6117/still.jpg,ColourDiam,Apparel & Accessories > Jewelry,,1,,,,unisex,,,adult,,,,,,,,,GIA,Fine Jewelry
6121,Sku - 6121 Weight - 1 Colour - Fancy Light Yellow Shape - Heart Clarity - VS1 Measurements - 5.54 x 6.28 x 3.50 Fluoresence - None Polish - EX Symmetry - VG No Of Diamonds - 1,"Sku - 6121
Weight - 1
Colour - Fancy Light Yellow
Shape - Heart
Clarity - VS1
Measurements - 5.54 x 6.28 x 3.50
Fluoresence - None
Polish - EX
Symmetry - VG
No Of Diamonds - 1",in stock,new,2848.01 SGD,https://colourdiam.com/diamonddetails/Menu/6121,https://www.colourdiam.com/Product/Diamond/6121/still.jpg,ColourDiam,Apparel & Accessories > Jewelry,,1,,,,unisex,,,adult,,,,,,,,,GIA,Fine Jewelry
6261,Sku - 6261 Weight - 1 Colour - Fancy Brownish Pink Shape - Cushion Clarity - I2 Measurements - 5.73 X 5.44 X 3.51 Fluoresence - None Polish - EX Symmetry - GD No Of Diamonds - 1,"Sku - 6261
Weight - 1
Colour - Fancy Brownish Pink
Shape - Cushion
Clarity - I2
Measurements - 5.73 X 5.44 X 3.51
Fluoresence - None
Polish - EX
Symmetry - GD
No Of Diamonds - 1",in stock,new,5257.86 SGD,https://colourdiam.com/diamonddetails/Menu/6261,https://www.colourdiam.com/Product/Diamond/6261/still.jpg,ColourDiam,Apparel & Accessories > Jewelry,,1,,,,unisex,,,adult,,,,,,,,,GIA,Fine Jewelry
7048,Sku - 7048 Weight - 1 Colour - Fancy Intense Yellow Shape - Cushion Clarity - SI2 Measurements - 6.04X5.15X3.6 Fluoresence - None Polish - VG Symmetry - GD No Of Diamonds - 1,"Sku - 7048
Weight - 1
Colour - Fancy Intense Yellow
Shape - Cushion
Clarity - SI2
Measurements - 6.04X5.15X3.6
Fluoresence - None
Polish - VG
Symmetry - GD
No Of Diamonds - 1",in stock,new,5257.86 SGD,https://colourdiam.com/diamonddetails/Menu/7048,https://www.colourdiam.com/Product/Diamond/7048/still.jpg,ColourDiam,Apparel & Accessories > Jewelry,,1,,,,unisex,,,adult,,,,,,,,,GIA,Fine Jewelry
7578,Sku - 7578 Weight - 1 Colour - Y-Z Shape - Oval Clarity - SI2 Measurements - 8.43X5.34X3.38 Fluoresence - STG Polish - EX Symmetry - VG No Of Diamonds - 1,"Sku - 7578
Weight - 1
Colour - Y-Z
Shape - Oval
Clarity - SI2
Measurements - 8.43X5.34X3.38
Fluoresence - STG
Polish - EX
Symmetry - VG
No Of Diamonds - 1",in stock,new,1175.72 SGD,https://colourdiam.com/diamonddetails/Menu/7578,https://www.colourdiam.com/Product/Diamond/7578/still.jpg,ColourDiam,Apparel & Accessories > Jewelry,,1,,,,unisex,,,adult,,,,,,,,,GIA,Fine Jewelry
8317,Sku - 8317 Weight - 1 Colour - J Shape - Pear Clarity - SI1 Measurements - 8.79 x 5.74 x 3.21 Fluoresence - None Polish - VG Symmetry - VG No Of Diamonds - 1,"Sku - 8317
Weight - 1
Colour - J
Shape - Pear
Clarity - SI1
Measurements - 8.79 x 5.74 x 3.21
Fluoresence - None
Polish - VG
Symmetry - VG
No Of Diamonds - 1",in stock,new,1314.47 SGD,https://colourdiam.com/diamonddetails/Menu/8317,https://www.colourdiam.com/Product/Diamond/8317/still.jpg,ColourDiam,Apparel & Accessories > Jewelry,,1,,,,unisex,,,adult,,,,,,,,,IGI,Fine Jewelry
7046,Sku - 7046 Weight - 1 Colour - U-V Shape - Pear Clarity - VVS2 Measurements - 9.08X5.19X2.94 Fluoresence - None Polish - VG Symmetry - GD No Of Diamonds - 1,"Sku - 7046
Weight - 1
Colour - U-V
Shape - Pear
Clarity - VVS2
Measurements - 9.08X5.19X2.94
Fluoresence - None
Polish - VG
Symmetry - GD
No Of Diamonds - 1",in stock,new,1825.65 SGD,https://colourdiam.com/diamonddetails/Menu/7046,https://www.colourdiam.com/Product/Diamond/7046/still.jpg,ColourDiam,Apparel & Accessories > Jewelry,,1,,,,unisex,,,adult,,,,,,,,,GIA,Fine Jewelry
3402,Sku - 3402 Weight - 1 Colour - I Shape - Radiant Clarity - SI2 Measurements - 6.12*4.96*3.46 Fluoresence - None Polish - EX Symmetry - VG No Of Diamonds - 1,"Sku - 3402
Weight - 1
Colour - I
Shape - Radiant
Clarity - SI2
Measurements - 6.12*4.96*3.46
Fluoresence - None
Polish - EX
Symmetry - VG
No Of Diamonds - 1",in stock,new,2519.39 SGD,https://colourdiam.com/diamonddetails/Menu/3402,https://www.colourdiam.com/Product/Diamond/3402/still.jpg,ColourDiam,Apparel & Accessories > Jewelry,,1,,,,unisex,,,adult,,,,,,,,,HRD,Fine Jewelry
9530,Sku - 9530 Weight - 1 Colour - L Shape - Oval Clarity - VS1 Measurements - 7.25 X 5.1 X 3.48 Fluoresence - None Polish - EX Symmetry - VG No Of Diamonds - 1,"Sku - 9530
Weight - 1
Colour - L
Shape - Oval
Clarity - VS1
Measurements - 7.25 X 5.1 X 3.48
Fluoresence - None
Polish - EX
Symmetry - VG
No Of Diamonds - 1",in stock,new,1022.36 SGD,https://colourdiam.com/diamonddetails/Menu/9530,https://www.colourdiam.com/Product/Diamond/9530/still.jpg,ColourDiam,Apparel & Accessories > Jewelry,,1,,,,unisex,,,adult,,,,,,,,,GIA,Fine Jewelry
8589,Sku - 8589 Weight - 1 Colour - W-X Shape - Oval Clarity - I1 Measurements - 7.81 x 5.75 x 3.27 Fluoresence - Fnt Polish - VG Symmetry - VG No Of Diamonds - 1,"Sku - 8589
Weight - 1
Colour - W-X
Shape - Oval
Clarity - I1
Measurements - 7.81 x 5.75 x 3.27
Fluoresence - Fnt
Polish - VG
Symmetry - VG
No Of Diamonds - 1",in stock,new,1460.52 SGD,https://colourdiam.com/diamonddetails/Menu/8589,https://www.colourdiam.com/Product/Diamond/8589/still.jpg,ColourDiam,Apparel & Accessories > Jewelry,,1,,,,unisex,,,adult,,,,,,,,,GIA,Fine Jewelry
6045,Sku - 6045 Weight - 1 Colour - Q-R Shape - Round Clarity - I2 Measurements - 6.35 X 6.29 X 3.84 Fluoresence - STG Polish - G Symmetry - GD No Of Diamonds - 1,"Sku - 6045
Weight - 1
Colour - Q-R
Shape - Round
Clarity - I2
Measurements - 6.35 X 6.29 X 3.84
Fluoresence - STG
Polish - G
Symmetry - GD
No Of Diamonds - 1",in stock,new,1314.47 SGD,https://colourdiam.com/diamonddetails/Menu/6045,https://www.colourdiam.com/Product/Diamond/6045/still.jpg,ColourDiam,Apparel & Accessories > Jewelry,,1,,,,unisex,,,adult,,,,,,,,,GIA,Fine Jewelry
6161,Sku - 6161 Weight - 1 Colour - E Shape - Cushion Clarity - VVS1 Measurements - 6.08 X 5.55 X 3.40 Fluoresence - Med Polish - EX Symmetry - EX No Of Diamonds - 1,"Sku - 6161
Weight - 1
Colour - E
Shape - Cushion
Clarity - VVS1
Measurements - 6.08 X 5.55 X 3.40
Fluoresence - Med
Polish - EX
Symmetry - EX
No Of Diamonds - 1",in stock,new,5549.97 SGD,https://colourdiam.com/diamonddetails/Menu/6161,https://www.colourdiam.com/Product/Diamond/6161/still.jpg,ColourDiam,Apparel & Accessories > Jewelry,,1,,,,unisex,,,adult,,,,,,,,,GIA,Fine Jewelry
9533,Sku - 9533 Weight - 1 Colour - N Shape - Oval Clarity - SI1 Measurements - 7.5 X 5.11 X 3.27 Fluoresence - None Polish - EX Symmetry - VG No Of Diamonds - 1,"Sku - 9533
Weight - 1
Colour - N
Shape - Oval
Clarity - SI1
Measurements - 7.5 X 5.11 X 3.27
Fluoresence - None
Polish - EX
Symmetry - VG
No Of Diamonds - 1",in stock,new,920.13 SGD,https://colourdiam.com/diamonddetails/Menu/9533,https://www.colourdiam.com/Product/Diamond/9533/still.jpg,ColourDiam,Apparel & Accessories > Jewelry,,1,,,,unisex,,,adult,,,,,,,,,GIA,Fine Jewelry
9137,Sku - 9137 Weight - 1 Colour - Fancy Light Green Yellow Shape - Oval Clarity - SI2 Measurements - 7.14 X5.00 X 3.42 Fluoresence - STG Polish - EX Symmetry - VG No Of Diamonds - 1,"Sku - 9137
Weight - 1
Colour - Fancy Light Green Yellow
Shape - Oval
Clarity - SI2
Measurements - 7.14 X5.00 X 3.42
Fluoresence - STG
Polish - EX
Symmetry - VG
No Of Diamonds - 1",in stock,new,3651.29 SGD,https://colourdiam.com/diamonddetails/Menu/9137,https://www.colourdiam.com/Product/Diamond/9137/still.jpg,ColourDiam,Apparel & Accessories > Jewelry,,1,,,,unisex,,,adult,,,,,,,,,GIA,Fine Jewelry
9261,Sku - 9261 Weight - 1 Colour - Very Light Pink Shape - Marquise Clarity - SI2 Measurements - 9.32 x 5.16 x 3.53 Fluoresence - None Polish - EX Symmetry - VG No Of Diamonds - 1,"Sku - 9261
Weight - 1
Colour - Very Light Pink
Shape - Marquise
Clarity - SI2
Measurements - 9.32 x 5.16 x 3.53
Fluoresence - None
Polish - EX
Symmetry - VG
No Of Diamonds - 1",in stock,new,14605.17 SGD,https://colourdiam.com/diamonddetails/Menu/9261,https://www.colourdiam.com/Product/Diamond/9261/still.jpg,ColourDiam,Apparel & Accessories > Jewelry,,1,,,,unisex,,,adult,,,,,,,,,GIA,Fine Jewelry
9332,Sku - 9332 Weight - 1 Colour - Fancy Light Pinkish Brown Shape - Oval Clarity - SI2 Measurements - 6.98 x 5.37 x 3.39 Fluoresence - None Polish - G Symmetry - GD No Of Diamonds - 1,"Sku - 9332
Weight - 1
Colour - Fancy Light Pinkish Brown
Shape - Oval
Clarity - SI2
Measurements - 6.98 x 5.37 x 3.39
Fluoresence - None
Polish - G
Symmetry - GD
No Of Diamonds - 1",in stock,new,3245.27 SGD,https://colourdiam.com/diamonddetails/Menu/9332,https://www.colourdiam.com/Product/Diamond/9332/still.jpg,ColourDiam,Apparel & Accessories > Jewelry,,1,,,,unisex,,,adult,,,,,,,,,GIA,Fine Jewelry
9475,Sku - 9475 Weight - 1 Colour - Light Pink Shape - Round Clarity - IF Measurements - 6.46 x 6.48 x 3.94 Fluoresence - None Polish - EX Symmetry - VG No Of Diamonds - 1,"Sku - 9475
Weight - 1
Colour - Light Pink
Shape - Round
Clarity - IF
Measurements - 6.46 x 6.48 x 3.94
Fluoresence - None
Polish - EX
Symmetry - VG
No Of Diamonds - 1",in stock,new,70104.83 SGD,https://colourdiam.com/diamonddetails/Menu/9475,https://www.colourdiam.com/Product/Diamond/9475/still.jpg,ColourDiam,Apparel & Accessories > Jewelry,,1,,,,unisex,,,adult,,,,,,,,,GIA,Fine Jewelry
9505,Sku - 9505 Weight - 1 Colour - Fancy Brownish Greenish Yellow Shape - Radiant Clarity - VS2 Measurements - 6.23x4.85x3.40 Fluoresence - None Polish - VG Symmetry - GD No Of Diamonds - 1,"Sku - 9505
Weight - 1
Colour - Fancy Brownish Greenish Yellow
Shape - Radiant
Clarity - VS2
Measurements - 6.23x4.85x3.40
Fluoresence - None
Polish - VG
Symmetry - GD
No Of Diamonds - 1",in stock,new,2263.8 SGD,https://colourdiam.com/diamonddetails/Menu/9505,https://www.colourdiam.com/Product/Diamond/9505/still.jpg,ColourDiam,Apparel & Accessories > Jewelry,,1,,,,unisex,,,adult,,,,,,,,,GIA,Fine Jewelry
9551,Sku - 9551 Weight - 1 Colour - Faint Pink Shape - Round Clarity - SI2 Measurements - 6.33 - 6.37 x 4.01 Fluoresence - Med Polish - EX Symmetry - EX No Of Diamonds - 1,"Sku - 9551
Weight - 1
Colour - Faint Pink
Shape - Round
Clarity - SI2
Measurements - 6.33 - 6.37 x 4.01
Fluoresence - Med
Polish - EX
Symmetry - EX
No Of Diamonds - 1",in stock,new,5842.07 SGD,https://colourdiam.com/diamonddetails/Menu/9551,https://www.colourdiam.com/Product/Diamond/9551/still.jpg,ColourDiam,Apparel & Accessories > Jewelry,,1,,,,unisex,,,adult,,,,,,,,,GIA,Fine Jewelry
6018,Sku - 6018 Weight - 0.96 Colour - Very Light Pinkish Brown Shape - Round Clarity - SI2 Measurements - 6.31 X 6.32 X 3.90 Fluoresence - None Polish - EX Symmetry - EX No Of Diamonds - 1,"Sku - 6018
Weight - 0.96
Colour - Very Light Pinkish Brown
Shape - Round
Clarity - SI2
Measurements - 6.31 X 6.32 X 3.90
Fluoresence - None
Polish - EX
Symmetry - EX
No Of Diamonds - 1",in stock,new,2313.46 SGD,https://colourdiam.com/diamonddetails/Menu/6018,https://www.colourdiam.com/Product/Diamond/6018/still.jpg,ColourDiam,Apparel & Accessories > Jewelry,,1,,,,unisex,,,adult,,,,,,,,,GIA,Fine Jewelry
3365,Sku - 3365 Weight - 0.96 Colour - Fancy Deep Yellow Shape - Cushion Clarity - I1 Measurements - 5.48*5.33*3.57 Fluoresence - Med Polish - VG Symmetry - VG No Of Diamonds - 1,"Sku - 3365
Weight - 0.96
Colour - Fancy Deep Yellow
Shape - Cushion
Clarity - I1
Measurements - 5.48*5.33*3.57
Fluoresence - Med
Polish - VG
Symmetry - VG
No Of Diamonds - 1",in stock,new,1400.7 SGD,https://colourdiam.com/diamonddetails/Menu/3365,https://www.colourdiam.com/Product/Diamond/3365/still.jpg,ColourDiam,Apparel & Accessories > Jewelry,,1,,,,unisex,,,adult,,,,,,,,,GIA,Fine Jewelry
6043,Sku - 6043 Weight - 0.94 Colour - M Shape - Round Clarity - I2 Measurements - 5.90 X 5.94 X 4.09 Fluoresence - None Polish - G Symmetry - GD No Of Diamonds - 1,"Sku - 6043
Weight - 0.94
Colour - M
Shape - Round
Clarity - I2
Measurements - 5.90 X 5.94 X 4.09
Fluoresence - None
Polish - G
Symmetry - GD
No Of Diamonds - 1",in stock,new,1066.74 SGD,https://colourdiam.com/diamonddetails/Menu/6043,https://www.colourdiam.com/Product/Diamond/6043/still.jpg,ColourDiam,Apparel & Accessories > Jewelry,,1,,,,unisex,,,adult,,,,,,,,,GIA,Fine Jewelry
6046,Sku - 6046 Weight - 0.93 Colour - U-V Shape - Round Clarity - I3 Measurements - 5.90 X 5.80 X 4.07 Fluoresence - Fnt Polish - G Symmetry - F No Of Diamonds - 1,"Sku - 6046
Weight - 0.93
Colour - U-V
Shape - Round
Clarity - I3
Measurements - 5.90 X 5.80 X 4.07
Fluoresence - Fnt
Polish - G
Symmetry - F
No Of Diamonds - 1",in stock,new,1055.38 SGD,https://colourdiam.com/diamonddetails/Menu/6046,https://www.colourdiam.com/Product/Diamond/6046/still.jpg,ColourDiam,Apparel & Accessories > Jewelry,,1,,,,unisex,,,adult,,,,,,,,,GIA,Fine Jewelry
2113,Sku - 2113 Weight - 0.92 Colour - Fancy Light Bluish Green Shape - Radiant Clarity - VS1 Measurements - 5.98X5.36X3.54 Fluoresence - STG Polish - G Symmetry - GD No Of Diamonds - 1,"Sku - 2113
Weight - 0.92
Colour - Fancy Light Bluish Green
Shape - Radiant
Clarity - VS1
Measurements - 5.98X5.36X3.54
Fluoresence - STG
Polish - G
Symmetry - GD
No Of Diamonds - 1",in stock,new,24186.17 SGD,https://colourdiam.com/diamonddetails/Menu/2113,https://www.colourdiam.com/Product/Diamond/2113/still.jpg,ColourDiam,Apparel & Accessories > Jewelry,,1,,,,unisex,,,adult,,,,,,,,,GIA,Fine Jewelry
5532,Sku - 5532 Weight - 0.92 Colour - Fancy Light Brownish Greenish Yellow Shape - Round Clarity - SI1 Measurements - 5.84-5.94x4.01 Fluoresence - Fnt Polish - VG Symmetry - GD No Of Diamonds - 1,"Sku - 5532
Weight - 0.92
Colour - Fancy Light Brownish Greenish Yellow
Shape - Round
Clarity - SI1
Measurements - 5.84-5.94x4.01
Fluoresence - Fnt
Polish - VG
Symmetry - GD
No Of Diamonds - 1",in stock,new,1343.68 SGD,https://colourdiam.com/diamonddetails/Menu/5532,https://www.colourdiam.com/Product/Diamond/5532/still.jpg,ColourDiam,Apparel & Accessories > Jewelry,,1,,,,unisex,,,adult,,,,,,,,,GIA,Fine Jewelry
5746,Sku - 5746 Weight - 0.92 Colour - Fancy Gray Greenish Yellow Shape - Round Clarity - I3 Measurements - 6.00X6.07X3.87 Fluoresence - STG Polish - G Symmetry - F No Of Diamonds - 1,"Sku - 5746
Weight - 0.92
Colour - Fancy Gray Greenish Yellow
Shape - Round
Clarity - I3
Measurements - 6.00X6.07X3.87
Fluoresence - STG
Polish - G
Symmetry - F
No Of Diamonds - 1",in stock,new,1343.68 SGD,https://colourdiam.com/diamonddetails/Menu/5746,https://www.colourdiam.com/Product/Diamond/5746/still.jpg,ColourDiam,Apparel & Accessories > Jewelry,,1,,,,unisex,,,adult,,,,,,,,,GIA,Fine Jewelry
5024,Sku - 5024 Weight - 0.91 Colour - S-T Shape - Emerald Clarity - SI2 Measurements - 6.85*4.47*2.94 Fluoresence - Med Polish - EX Symmetry - GD No Of Diamonds - 1,"Sku - 5024
Weight - 0.91
Colour - S-T
Shape - Emerald
Clarity - SI2
Measurements - 6.85*4.47*2.94
Fluoresence - Med
Polish - EX
Symmetry - GD
No Of Diamonds - 1",in stock,new,996.81 SGD,https://colourdiam.com/diamonddetails/Menu/5024,https://www.colourdiam.com/Product/Diamond/5024/still.jpg,ColourDiam,Apparel & Accessories > Jewelry,,1,,,,unisex,,,adult,,,,,,,,,GIA,Fine Jewelry
9080,Sku - 9080 Weight - 0.91 Colour - Very Light Pink Shape - Cushion Clarity - VS1 Measurements - 5.23 x 5.06 x 3.54 Fluoresence - None Polish - EX Symmetry - VG No Of Diamonds - 1,"Sku - 9080
Weight - 0.91
Colour - Very Light Pink
Shape - Cushion
Clarity - VS1
Measurements - 5.23 x 5.06 x 3.54
Fluoresence - None
Polish - EX
Symmetry - VG
No Of Diamonds - 1",in stock,new,13290.71 SGD,https://colourdiam.com/diamonddetails/Menu/9080,https://www.colourdiam.com/Product/Diamond/9080/still.jpg,ColourDiam,Apparel & Accessories > Jewelry,,1,,,,unisex,,,adult,,,,,,,,,GIA,Fine Jewelry
3604,Sku - 3604 Weight - 0.91 Colour - Fancy Brownish Yellow Shape - Round Clarity - I1 Measurements - 6.02X6.04 x 3.89 Fluoresence - Med Polish - VG Symmetry - VG No Of Diamonds - 1,"Sku - 3604
Weight - 0.91
Colour - Fancy Brownish Yellow
Shape - Round
Clarity - I1
Measurements - 6.02X6.04 x 3.89
Fluoresence - Med
Polish - VG
Symmetry - VG
No Of Diamonds - 1",in stock,new,11812.78 SGD,https://colourdiam.com/diamonddetails/Menu/3604,https://www.colourdiam.com/Product/Diamond/3604/still.jpg,ColourDiam,Apparel & Accessories > Jewelry,,1,,,,unisex,,,adult,,,,,,,,,GIA,Fine Jewelry
462,Sku - 462 Weight - 0.9 Colour - Fancy Yellow Shape - Cushion Clarity - SI2 Measurements - 5.61X5.09X3.62 Fluoresence - Med Polish - G Symmetry - GD No Of Diamonds - 1,"Sku - 462
Weight - 0.9
Colour - Fancy Yellow
Shape - Cushion
Clarity - SI2
Measurements - 5.61X5.09X3.62
Fluoresence - Med
Polish - G
Symmetry - GD
No Of Diamonds - 1",in stock,new,1971.7 SGD,https://colourdiam.com/diamonddetails/Menu/462,https://www.colourdiam.com/Product/Diamond/462/still.jpg,ColourDiam,Apparel & Accessories > Jewelry,,1,,,,unisex,,,adult,,,,,,,,,GIA,Fine Jewelry
3664,Sku - 3664 Weight - 0.9 Colour - Fancy Light Yellow Shape - Radiant Clarity - SI2 Measurements - 4.85X5.28X3.59 Fluoresence - None Polish - EX Symmetry - EX No Of Diamonds - 1,"Sku - 3664
Weight - 0.9
Colour - Fancy Light Yellow
Shape - Radiant
Clarity - SI2
Measurements - 4.85X5.28X3.59
Fluoresence - None
Polish - EX
Symmetry - EX
No Of Diamonds - 1",in stock,new,1511.64 SGD,https://colourdiam.com/diamonddetails/Menu/3664,https://www.colourdiam.com/Product/Diamond/3664/still.jpg,ColourDiam,Apparel & Accessories > Jewelry,,1,,,,unisex,,,adult,,,,,,,,,GIA,Fine Jewelry
9591,Sku - 9591 Weight - 0.9 Colour - D Shape - Cushion Clarity - VS1 Measurements - 5.40 - 5.44 X 3.64 Fluoresence - None Polish - EX Symmetry - EX No Of Diamonds - 1,"Sku - 9591
Weight - 0.9
Colour - D
Shape - Cushion
Clarity - VS1
Measurements - 5.40 - 5.44 X 3.64
Fluoresence - None
Polish - EX
Symmetry - EX
No Of Diamonds - 1",in stock,new,0 SGD,https://colourdiam.com/diamonddetails/Menu/9591,https://www.colourdiam.com/Product/Diamond/9591/still.jpg,ColourDiam,Apparel & Accessories > Jewelry,,1,,,,unisex,,,adult,,,,,,,,,GIA,Fine Jewelry
3351,Sku - 3351 Weight - 0.89 Colour - Fancy Intense Orangy Yellow Shape - Pear Clarity - I1 Measurements - 7.62X5.15X3.19 Fluoresence - STG Polish - VG Symmetry - VG No Of Diamonds - 1,"Sku - 3351
Weight - 0.89
Colour - Fancy Intense Orangy Yellow
Shape - Pear
Clarity - I1
Measurements - 7.62X5.15X3.19
Fluoresence - STG
Polish - VG
Symmetry - VG
No Of Diamonds - 1",in stock,new,1949.79 SGD,https://colourdiam.com/diamonddetails/Menu/3351,https://www.colourdiam.com/Product/Diamond/3351/still.jpg,ColourDiam,Apparel & Accessories > Jewelry,,1,,,,unisex,,,adult,,,,,,,,,GIA,Fine Jewelry
4716,Sku - 4716 Weight - 0.88 Colour - Light Green Shape - Pear Clarity - SI1 Measurements - 7.77X5.23X3.06 Fluoresence - Fnt Polish - VG Symmetry - VG No Of Diamonds - 1,"Sku - 4716
Weight - 0.88
Colour - Light Green
Shape - Pear
Clarity - SI1
Measurements - 7.77X5.23X3.06
Fluoresence - Fnt
Polish - VG
Symmetry - VG
No Of Diamonds - 1",in stock,new,4498.39 SGD,https://colourdiam.com/diamonddetails/Menu/4716,https://www.colourdiam.com/Product/Diamond/4716/still.jpg,ColourDiam,Apparel & Accessories > Jewelry,,1,,,,unisex,,,adult,,,,,,,,,GIA,Fine Jewelry
4746,Sku - 4746 Weight - 0.86 Colour - Fancy Light Yellowish Green Shape - Pear Clarity - SI1 Measurements - 7.21X5.41X3.1 Fluoresence - Fnt Polish - VG Symmetry - VG No Of Diamonds - 1,"Sku - 4746
Weight - 0.86
Colour - Fancy Light Yellowish Green
Shape - Pear
Clarity - SI1
Measurements - 7.21X5.41X3.1
Fluoresence - Fnt
Polish - VG
Symmetry - VG
No Of Diamonds - 1",in stock,new,4396.16 SGD,https://colourdiam.com/diamonddetails/Menu/4746,https://www.colourdiam.com/Product/Diamond/4746/still.jpg,ColourDiam,Apparel & Accessories > Jewelry,,1,,,,unisex,,,adult,,,,,,,,,GIA,Fine Jewelry
4749,Sku - 4749 Weight - 0.82 Colour - Fancy Yellowish Green Shape - Pear Clarity - SI2 Measurements - 8.41X6.05X2.43 Fluoresence - None Polish - G Symmetry - GD No Of Diamonds - 1,"Sku - 4749
Weight - 0.82
Colour - Fancy Yellowish Green
Shape - Pear
Clarity - SI2
Measurements - 8.41X6.05X2.43
Fluoresence - None
Polish - G
Symmetry - GD
No Of Diamonds - 1",in stock,new,4191.68 SGD,https://colourdiam.com/diamonddetails/Menu/4749,https://www.colourdiam.com/Product/Diamond/4749/still.jpg,ColourDiam,Apparel & Accessories > Jewelry,,1,,,,unisex,,,adult,,,,,,,,,GIA,Fine Jewelry
8740,Sku - 8740 Weight - 0.81 Colour - Fancy Purple Pink Shape - Heart Clarity - VS2 Measurements - 5.59x6.26x3.28 Fluoresence - None Polish - VG Symmetry - VG No Of Diamonds - 1,"Sku - 8740
Weight - 0.81
Colour - Fancy Purple Pink
Shape - Heart
Clarity - VS2
Measurements - 5.59x6.26x3.28
Fluoresence - None
Polish - VG
Symmetry - VG
No Of Diamonds - 1",in stock,new,47320.76 SGD,https://colourdiam.com/diamonddetails/Menu/8740,https://www.colourdiam.com/Product/Diamond/8740/still.jpg,ColourDiam,Apparel & Accessories > Jewelry,,1,,,,unisex,,,adult,,,,,,,,,GIA,Fine Jewelry
9246,Sku - 9246 Weight - 0.8 Colour - Faint Pinkish Brown Shape - Pear Clarity - SI1 Measurements - 7.86 X 5.09 X 3.19 Fluoresence - None Polish - EX Symmetry - EX No Of Diamonds - 1,"Sku - 9246
Weight - 0.8
Colour - Faint Pinkish Brown
Shape - Pear
Clarity - SI1
Measurements - 7.86 X 5.09 X 3.19
Fluoresence - None
Polish - EX
Symmetry - EX
No Of Diamonds - 1",in stock,new,2103.14 SGD,https://colourdiam.com/diamonddetails/Menu/9246,https://www.colourdiam.com/Product/Diamond/9246/still.jpg,ColourDiam,Apparel & Accessories > Jewelry,,1,,,,unisex,,,adult,,,,,,,,,GIA,Fine Jewelry
4726,Sku - 4726 Weight - 0.8 Colour - Faint Green Shape - Radiant Clarity - VS1 Measurements - 6.67X4.3X2.95 Fluoresence - None Polish - G Symmetry - VG No Of Diamonds - 1,"Sku - 4726
Weight - 0.8
Colour - Faint Green
Shape - Radiant
Clarity - VS1
Measurements - 6.67X4.3X2.95
Fluoresence - None
Polish - G
Symmetry - VG
No Of Diamonds - 1",in stock,new,3505.24 SGD,https://colourdiam.com/diamonddetails/Menu/4726,https://www.colourdiam.com/Product/Diamond/4726/still.jpg,ColourDiam,Apparel & Accessories > Jewelry,,1,,,,unisex,,,adult,,,,,,,,,GIA,Fine Jewelry
2418,Sku - 2418 Weight - 0.8 Colour - Faint Pink Shape - Round Clarity - SI2 Measurements - 5.95X5.91X3.73 Fluoresence - Fnt Polish - EX Symmetry - EX No Of Diamonds - 1,"Sku - 2418
Weight - 0.8
Colour - Faint Pink
Shape - Round
Clarity - SI2
Measurements - 5.95X5.91X3.73
Fluoresence - Fnt
Polish - EX
Symmetry - EX
No Of Diamonds - 1",in stock,new,3505.24 SGD,https://colourdiam.com/diamonddetails/Menu/2418,https://www.colourdiam.com/Product/Diamond/2418/still.jpg,ColourDiam,Apparel & Accessories > Jewelry,,1,,,,unisex,,,adult,,,,,,,,,GIA,Fine Jewelry
5718,Sku - 5718 Weight - 0.78 Colour - Fancy Yellow Shape - Oval Clarity - I1 Measurements - 6.54x4.77x3.25 Fluoresence - Med Polish - G Symmetry - GD No Of Diamonds - 1,"Sku - 5718
Weight - 0.78
Colour - Fancy Yellow
Shape - Oval
Clarity - I1
Measurements - 6.54x4.77x3.25
Fluoresence - Med
Polish - G
Symmetry - GD
No Of Diamonds - 1",in stock,new,854.4 SGD,https://colourdiam.com/diamonddetails/Menu/5718,https://www.colourdiam.com/Product/Diamond/5718/still.jpg,ColourDiam,Apparel & Accessories > Jewelry,,1,,,,unisex,,,adult,,,,,,,,,GIA,Fine Jewelry
667,Sku - 667 Weight - 0.77 Colour - Light Pink Shape - Pear Clarity -  Measurements - 7.29 x 5.10 x 3.27 Fluoresence - None Polish -  Symmetry -  No Of Diamonds - 1,"Sku - 667
Weight - 0.77
Colour - Light Pink
Shape - Pear
Clarity - 
Measurements - 7.29 x 5.10 x 3.27
Fluoresence - None
Polish - 
Symmetry - 
No Of Diamonds - 1",in stock,new,16868.97 SGD,https://colourdiam.com/diamonddetails/Menu/667,https://www.colourdiam.com/Product/Diamond/667/still.jpg,ColourDiam,Apparel & Accessories > Jewelry,,1,,,,unisex,,,adult,,,,,,,,,GIA,Fine Jewelry
7902,Sku - 7902 Weight - 0.76 Colour - Fancy White Shape - Cushion Clarity -  Measurements - 5.12 x 5.07 x 3.59 Fluoresence -  Polish -  Symmetry -  No Of Diamonds - 1,"Sku - 7902
Weight - 0.76
Colour - Fancy White
Shape - Cushion
Clarity - 
Measurements - 5.12 x 5.07 x 3.59
Fluoresence - 
Polish - 
Symmetry - 
No Of Diamonds - 1",in stock,new,1331.99 SGD,https://colourdiam.com/diamonddetails/Menu/7902,https://www.colourdiam.com/Product/Diamond/7902/still.jpg,ColourDiam,Apparel & Accessories > Jewelry,,1,,,,unisex,,,adult,,,,,,,,,GIA,Fine Jewelry
4721,Sku - 4721 Weight - 0.75 Colour - Light Green Shape - Pear Clarity - SI1 Measurements - 7.66X4.88X2.9 Fluoresence - Fnt Polish - G Symmetry - GD No Of Diamonds - 1,"Sku - 4721
Weight - 0.75
Colour - Light Green
Shape - Pear
Clarity - SI1
Measurements - 7.66X4.88X2.9
Fluoresence - Fnt
Polish - G
Symmetry - GD
No Of Diamonds - 1",in stock,new,3833.86 SGD,https://colourdiam.com/diamonddetails/Menu/4721,https://www.colourdiam.com/Product/Diamond/4721/still.jpg,ColourDiam,Apparel & Accessories > Jewelry,,1,,,,unisex,,,adult,,,,,,,,,GIA,Fine Jewelry
5907,Sku - 5907 Weight - 0.74 Colour - Fancy Light Yellow Brown Shape - Pear Clarity - SI1 Measurements - 7.32 X 4.92 X 2.93 Fluoresence - Fnt Polish - VG Symmetry - F No Of Diamonds - 1,"Sku - 5907
Weight - 0.74
Colour - Fancy Light Yellow Brown
Shape - Pear
Clarity - SI1
Measurements - 7.32 X 4.92 X 2.93
Fluoresence - Fnt
Polish - VG
Symmetry - F
No Of Diamonds - 1",in stock,new,756.55 SGD,https://colourdiam.com/diamonddetails/Menu/5907,https://www.colourdiam.com/Product/Diamond/5907/still.jpg,ColourDiam,Apparel & Accessories > Jewelry,,1,,,,unisex,,,adult,,,,,,,,,GIA,Fine Jewelry
1448,Sku - 1448 Weight - 0.73 Colour - Fancy Deep Yellow Orange Shape - Marquise Clarity - I1 Measurements - 8.81X4.82X2.99 Fluoresence - Fnt Polish - G Symmetry - GD No Of Diamonds - 1,"Sku - 1448
Weight - 0.73
Colour - Fancy Deep Yellow Orange
Shape - Marquise
Clarity - I1
Measurements - 8.81X4.82X2.99
Fluoresence - Fnt
Polish - G
Symmetry - GD
No Of Diamonds - 1",in stock,new,3731.62 SGD,https://colourdiam.com/diamonddetails/Menu/1448,https://www.colourdiam.com/Product/Diamond/1448/still.jpg,ColourDiam,Apparel & Accessories > Jewelry,,1,,,,unisex,,,adult,,,,,,,,,GIA,Fine Jewelry
360,Sku - 360 Weight - 0.73 Colour - Fancy White Shape - Round Clarity -  Measurements - 5.53 x 5.56 x 3.78 Fluoresence - None Polish -  Symmetry -  No Of Diamonds - 1,"Sku - 360
Weight - 0.73
Colour - Fancy White
Shape - Round
Clarity - 
Measurements - 5.53 x 5.56 x 3.78
Fluoresence - None
Polish - 
Symmetry - 
No Of Diamonds - 1",in stock,new,3198.53 SGD,https://colourdiam.com/diamonddetails/Menu/360,https://www.colourdiam.com/Product/Diamond/360/still.jpg,ColourDiam,Apparel & Accessories > Jewelry,,1,,,,unisex,,,adult,,,,,,,,,GIA,Fine Jewelry
9181,Sku - 9181 Weight - 0.72 Colour - Faint Pink Shape - Round Clarity - SI1 Measurements - 5.70 - 5.72 x 3.58 Fluoresence - None Polish - EX Symmetry - EX No Of Diamonds - 1,"Sku - 9181
Weight - 0.72
Colour - Faint Pink
Shape - Round
Clarity - SI1
Measurements - 5.70 - 5.72 x 3.58
Fluoresence - None
Polish - EX
Symmetry - EX
No Of Diamonds - 1",in stock,new,3154.72 SGD,https://colourdiam.com/diamonddetails/Menu/9181,https://www.colourdiam.com/Product/Diamond/9181/still.jpg,ColourDiam,Apparel & Accessories > Jewelry,,1,,,,unisex,,,adult,,,,,,,,,GIA,Fine Jewelry
6165,Sku - 6165 Weight - 0.72 Colour - F Shape - Radiant Clarity - VVS1 Measurements - 5.47 x 4.42 x 3.15 Fluoresence - STG Polish - EX Symmetry - EX No Of Diamonds - 1,"Sku - 6165
Weight - 0.72
Colour - F
Shape - Radiant
Clarity - VVS1
Measurements - 5.47 x 4.42 x 3.15
Fluoresence - STG
Polish - EX
Symmetry - EX
No Of Diamonds - 1",in stock,new,2313.46 SGD,https://colourdiam.com/diamonddetails/Menu/6165,https://www.colourdiam.com/Product/Diamond/6165/still.jpg,ColourDiam,Apparel & Accessories > Jewelry,,1,,,,unisex,,,adult,,,,,,,,,GIA,Fine Jewelry
6685,Sku - 6685 Weight - 0.72 Colour - Faint Pink Shape - Round Clarity - SI2 Measurements - 5.68-5.72*3.57 Fluoresence - None Polish - EX Symmetry - EX No Of Diamonds - 1,"Sku - 6685
Weight - 0.72
Colour - Faint Pink
Shape - Round
Clarity - SI2
Measurements - 5.68-5.72*3.57
Fluoresence - None
Polish - EX
Symmetry - EX
No Of Diamonds - 1",in stock,new,3680.5 SGD,https://colourdiam.com/diamonddetails/Menu/6685,https://www.colourdiam.com/Product/Diamond/6685/still.jpg,ColourDiam,Apparel & Accessories > Jewelry,,1,,,,unisex,,,adult,,,,,,,,,GIA,Fine Jewelry
7168,Sku - 7168 Weight - 0.72 Colour - Fancy Intense Yellow Shape - Round Clarity - SI2 Measurements - 5.90 x 5.95 x 3.41 Fluoresence - None Polish - VG Symmetry - VG No Of Diamonds - 1,"Sku - 7168
Weight - 0.72
Colour - Fancy Intense Yellow
Shape - Round
Clarity - SI2
Measurements - 5.90 x 5.95 x 3.41
Fluoresence - None
Polish - VG
Symmetry - VG
No Of Diamonds - 1",in stock,new,9346.37 SGD,https://colourdiam.com/diamonddetails/Menu/7168,https://www.colourdiam.com/Product/Diamond/7168/still.jpg,ColourDiam,Apparel & Accessories > Jewelry,,1,,,,unisex,,,adult,,,,,,,,,GIA,Fine Jewelry
4698,Sku - 4698 Weight - 0.71 Colour - Fancy Light Grayish Green Shape - Cushion Clarity - VS2 Measurements - 5.12X4.6X3.22 Fluoresence - None Polish - VG Symmetry - VG No Of Diamonds - 1,"Sku - 4698
Weight - 0.71
Colour - Fancy Light Grayish Green
Shape - Cushion
Clarity - VS2
Measurements - 5.12X4.6X3.22
Fluoresence - None
Polish - VG
Symmetry - VG
No Of Diamonds - 1",in stock,new,2592.42 SGD,https://colourdiam.com/diamonddetails/Menu/4698,https://www.colourdiam.com/Product/Diamond/4698/still.jpg,ColourDiam,Apparel & Accessories > Jewelry,,1,,,,unisex,,,adult,,,,,,,,,GIA,Fine Jewelry
7178,Sku - 7178 Weight - 0.71 Colour - Fancy Purplish Pink Shape - Oval Clarity - SI2 Measurements - 7.31 X 4.50 X 2.70 Fluoresence - None Polish - VG Symmetry - VG No Of Diamonds - 1,"Sku - 7178
Weight - 0.71
Colour - Fancy Purplish Pink
Shape - Oval
Clarity - SI2
Measurements - 7.31 X 4.50 X 2.70
Fluoresence - None
Polish - VG
Symmetry - VG
No Of Diamonds - 1",in stock,new,29553.57 SGD,https://colourdiam.com/diamonddetails/Menu/7178,https://www.colourdiam.com/Product/Diamond/7178/still.jpg,ColourDiam,Apparel & Accessories > Jewelry,,1,,,,unisex,,,adult,,,,,,,,,GIA,Fine Jewelry
5233,Sku - 5233 Weight - 0.71 Colour - Light Pink Shape - Heart Clarity - SI2 Measurements - 4.96 x 5.74 x 3.29 Fluoresence - None Polish - G Symmetry - GD No Of Diamonds - 1,"Sku - 5233
Weight - 0.71
Colour - Light Pink
Shape - Heart
Clarity - SI2
Measurements - 4.96 x 5.74 x 3.29
Fluoresence - None
Polish - G
Symmetry - GD
No Of Diamonds - 1",in stock,new,7258.77 SGD,https://colourdiam.com/diamonddetails/Menu/5233,https://www.colourdiam.com/Product/Diamond/5233/still.jpg,ColourDiam,Apparel & Accessories > Jewelry,,1,,,,unisex,,,adult,,,,,,,,,GIA,Fine Jewelry
8752,Sku - 8752 Weight - 0.7 Colour - Faint Pink Shape - Round Clarity - I1 Measurements - 5.65 - 5.67 x 3.32 Fluoresence - STG Polish - VG Symmetry - EX No Of Diamonds - 1,"Sku - 8752
Weight - 0.7
Colour - Faint Pink
Shape - Round
Clarity - I1
Measurements - 5.65 - 5.67 x 3.32
Fluoresence - STG
Polish - VG
Symmetry - EX
No Of Diamonds - 1",in stock,new,2044.72 SGD,https://colourdiam.com/diamonddetails/Menu/8752,https://www.colourdiam.com/Product/Diamond/8752/still.jpg,ColourDiam,Apparel & Accessories > Jewelry,,1,,,,unisex,,,adult,,,,,,,,,GIA,Fine Jewelry
2472,Sku - 2472 Weight - 0.7 Colour - Fancy Pink Shape - Cushion Clarity - VS2 Measurements - 4.88X4.66X3.28 Fluoresence - Fnt Polish - G Symmetry - GD No Of Diamonds - 1,"Sku - 2472
Weight - 0.7
Colour - Fancy Pink
Shape - Cushion
Clarity - VS2
Measurements - 4.88X4.66X3.28
Fluoresence - Fnt
Polish - G
Symmetry - GD
No Of Diamonds - 1",in stock,new,71565.35 SGD,https://colourdiam.com/diamonddetails/Menu/2472,https://www.colourdiam.com/Product/Diamond/2472/still.jpg,ColourDiam,Apparel & Accessories > Jewelry,,1,,,,unisex,,,adult,,,,,,,,,GIA,Fine Jewelry
7618,Sku - 7618 Weight - 0.7 Colour - Fancy Purplish Pink Shape - Radiant Clarity - VS2 Measurements - 5.90 X 4.35 X 2.83 Fluoresence - Fnt Polish - VG Symmetry - VG No Of Diamonds - 1,"Sku - 7618
Weight - 0.7
Colour - Fancy Purplish Pink
Shape - Radiant
Clarity - VS2
Measurements - 5.90 X 4.35 X 2.83
Fluoresence - Fnt
Polish - VG
Symmetry - VG
No Of Diamonds - 1",in stock,new,55207.55 SGD,https://colourdiam.com/diamonddetails/Menu/7618,https://www.colourdiam.com/Product/Diamond/7618/still.jpg,ColourDiam,Apparel & Accessories > Jewelry,,1,,,,unisex,,,adult,,,,,,,,,GIA,Fine Jewelry
2477,Sku - 2477 Weight - 0.7 Colour - Fancy Brown Pink Shape - Heart Clarity - I2 Measurements - 5.41X6.22X3.55 Fluoresence - STG Polish - VG Symmetry - GD No Of Diamonds - 1,"Sku - 2477
Weight - 0.7
Colour - Fancy Brown Pink
Shape - Heart
Clarity - I2
Measurements - 5.41X6.22X3.55
Fluoresence - STG
Polish - VG
Symmetry - GD
No Of Diamonds - 1",in stock,new,6134.17 SGD,https://colourdiam.com/diamonddetails/Menu/2477,https://www.colourdiam.com/Product/Diamond/2477/still.jpg,ColourDiam,Apparel & Accessories > Jewelry,,1,,,,unisex,,,adult,,,,,,,,,GIA,Fine Jewelry
7274,Sku - 7274 Weight - 0.7 Colour - Fancy Brownish Purplish Pink Shape - Cushion Clarity - I1 Measurements - 5.06 x 4.51 x 3.31 Fluoresence - None Polish - EX Symmetry - VG No Of Diamonds - 1,"Sku - 7274
Weight - 0.7
Colour - Fancy Brownish Purplish Pink
Shape - Cushion
Clarity - I1
Measurements - 5.06 x 4.51 x 3.31
Fluoresence - None
Polish - EX
Symmetry - VG
No Of Diamonds - 1",in stock,new,2412.77 SGD,https://colourdiam.com/diamonddetails/Menu/7274,https://www.colourdiam.com/Product/Diamond/7274/still.jpg,ColourDiam,Apparel & Accessories > Jewelry,,1,,,,unisex,,,adult,,,,,,,,,GIA,Fine Jewelry
5721,Sku - 5721 Weight - 0.7 Colour - Fancy Light Yellow Shape - Pear Clarity - I1 Measurements - 6.72x4.97x2.90 Fluoresence - Fnt Polish - EX Symmetry - GD No Of Diamonds - 1,"Sku - 5721
Weight - 0.7
Colour - Fancy Light Yellow
Shape - Pear
Clarity - I1
Measurements - 6.72x4.97x2.90
Fluoresence - Fnt
Polish - EX
Symmetry - GD
No Of Diamonds - 1",in stock,new,818.92 SGD,https://colourdiam.com/diamonddetails/Menu/5721,https://www.colourdiam.com/Product/Diamond/5721/still.jpg,ColourDiam,Apparel & Accessories > Jewelry,,1,,,,unisex,,,adult,,,,,,,,,GIA,Fine Jewelry
5407,Sku - 5407 Weight - 0.7 Colour - Very Light Pink Shape - Round Clarity - I1 Measurements - 5.52 X 5.61 X 3.53 Fluoresence - Med Polish - G Symmetry - F No Of Diamonds - 1,"Sku - 5407
Weight - 0.7
Colour - Very Light Pink
Shape - Round
Clarity - I1
Measurements - 5.52 X 5.61 X 3.53
Fluoresence - Med
Polish - G
Symmetry - F
No Of Diamonds - 1",in stock,new,2295.21 SGD,https://colourdiam.com/diamonddetails/Menu/5407,https://www.colourdiam.com/Product/Diamond/5407/still.jpg,ColourDiam,Apparel & Accessories > Jewelry,,1,,,,unisex,,,adult,,,,,,,,,GIA,Fine Jewelry
3321,Sku - 3321 Weight - 0.7 Colour - N Shape - Round Clarity - SI2 Measurements - 5.60 X 5.64 X 3.56 Fluoresence - Fnt Polish - EX Symmetry - VG No Of Diamonds - 1,"Sku - 3321
Weight - 0.7
Colour - N
Shape - Round
Clarity - SI2
Measurements - 5.60 X 5.64 X 3.56
Fluoresence - Fnt
Polish - EX
Symmetry - VG
No Of Diamonds - 1",in stock,new,2044.72 SGD,https://colourdiam.com/diamonddetails/Menu/3321,https://www.colourdiam.com/Product/Diamond/3321/still.jpg,ColourDiam,Apparel & Accessories > Jewelry,,1,,,,unisex,,,adult,,,,,,,,,GIA,Fine Jewelry
3603,Sku - 3603 Weight - 0.7 Colour - Fancy Brown Orange Shape - Other Clarity - VS1 Measurements - 9.04 x 3.92 x 2.40 Fluoresence - None Polish -  Symmetry -  No Of Diamonds - 1,"Sku - 3603
Weight - 0.7
Colour - Fancy Brown Orange
Shape - Other
Clarity - VS1
Measurements - 9.04 x 3.92 x 2.40
Fluoresence - None
Polish - 
Symmetry - 
No Of Diamonds - 1",in stock,new,0 SGD,https://colourdiam.com/diamonddetails/Menu/3603,https://www.colourdiam.com/Product/Diamond/3603/still.jpg,ColourDiam,Apparel & Accessories > Jewelry,,1,,,,unisex,,,adult,,,,,,,,,GIA,Fine Jewelry
6956,Sku - 6956 Weight - 0.7 Colour - Light Greenish Yellow Shape - Cushion Clarity - SI1 Measurements - 4.77 x 4.50 x 3.37 Fluoresence - Med Polish - VG Symmetry - GD No Of Diamonds - 1,"Sku - 6956
Weight - 0.7
Colour - Light Greenish Yellow
Shape - Cushion
Clarity - SI1
Measurements - 4.77 x 4.50 x 3.37
Fluoresence - Med
Polish - VG
Symmetry - GD
No Of Diamonds - 1",in stock,new,2862.61 SGD,https://colourdiam.com/diamonddetails/Menu/6956,https://www.colourdiam.com/Product/Diamond/6956/still.jpg,ColourDiam,Apparel & Accessories > Jewelry,,1,,,,unisex,,,adult,,,,,,,,,GIA,Fine Jewelry
2211,Sku - 2211 Weight - 0.7 Colour - Fancy Pink Shape - Round Clarity - SI2 Measurements - 5.86X5.80X3.36 Fluoresence - STG Polish - G Symmetry - VG No Of Diamonds - 1,"Sku - 2211
Weight - 0.7
Colour - Fancy Pink
Shape - Round
Clarity - SI2
Measurements - 5.86X5.80X3.36
Fluoresence - STG
Polish - G
Symmetry - VG
No Of Diamonds - 1",in stock,new,86900.78 SGD,https://colourdiam.com/diamonddetails/Menu/2211,https://www.colourdiam.com/Product/Diamond/2211/still.jpg,ColourDiam,Apparel & Accessories > Jewelry,,1,,,,unisex,,,adult,,,,,,,,,GIA,Fine Jewelry
6144,Sku - 6144 Weight - 0.7 Colour - D Shape - Radiant Clarity - SI1 Measurements - 5.80 X 4.75 X 2.95 Fluoresence - STG Polish - EX Symmetry - EX No Of Diamonds - 1,"Sku - 6144
Weight - 0.7
Colour - D
Shape - Radiant
Clarity - SI1
Measurements - 5.80 X 4.75 X 2.95
Fluoresence - STG
Polish - EX
Symmetry - EX
No Of Diamonds - 1",in stock,new,2002.81 SGD,https://colourdiam.com/diamonddetails/Menu/6144,https://www.colourdiam.com/Product/Diamond/6144/still.jpg,ColourDiam,Apparel & Accessories > Jewelry,,1,,,,unisex,,,adult,,,,,,,,,GIA,Fine Jewelry
7118,Sku - 7118 Weight - 0.7 Colour - Fancy Vivid Orange Yellow Shape - Cushion Clarity - SI2 Measurements - 5.62 X 4.49 X 3.01 Fluoresence - Med Polish - VG Symmetry - VG No Of Diamonds - 1,"Sku - 7118
Weight - 0.7
Colour - Fancy Vivid Orange Yellow
Shape - Cushion
Clarity - SI2
Measurements - 5.62 X 4.49 X 3.01
Fluoresence - Med
Polish - VG
Symmetry - VG
No Of Diamonds - 1",in stock,new,5622.99 SGD,https://colourdiam.com/diamonddetails/Menu/7118,https://www.colourdiam.com/Product/Diamond/7118/still.jpg,ColourDiam,Apparel & Accessories > Jewelry,,1,,,,unisex,,,adult,,,,,,,,,GIA,Fine Jewelry
9507,Sku - 9507 Weight - 0.7 Colour - Faint Pink Shape - Pear Clarity - I1 Measurements - 7.60 x 4.91 x 3.14 Fluoresence - None Polish - VG Symmetry - VG No Of Diamonds - 1,"Sku - 9507
Weight - 0.7
Colour - Faint Pink
Shape - Pear
Clarity - I1
Measurements - 7.60 x 4.91 x 3.14
Fluoresence - None
Polish - VG
Symmetry - VG
No Of Diamonds - 1",in stock,new,1789.13 SGD,https://colourdiam.com/diamonddetails/Menu/9507,https://www.colourdiam.com/Product/Diamond/9507/still.jpg,ColourDiam,Apparel & Accessories > Jewelry,,1,,,,unisex,,,adult,,,,,,,,,GIA,Fine Jewelry
2950,Sku - 2950 Weight - 0.7 Colour - E Shape - Round Clarity - SI1 Measurements - 5.80X5.76X3.50 Fluoresence - None Polish - EX Symmetry - EX No Of Diamonds - 1,"Sku - 2950
Weight - 0.7
Colour - E
Shape - Round
Clarity - SI1
Measurements - 5.80X5.76X3.50
Fluoresence - None
Polish - EX
Symmetry - EX
No Of Diamonds - 1",in stock,new,4089.45 SGD,https://colourdiam.com/diamonddetails/Menu/2950,https://www.colourdiam.com/Product/Diamond/2950/still.jpg,ColourDiam,Apparel & Accessories > Jewelry,,1,,,,unisex,,,adult,,,,,,,,,GIA,Fine Jewelry
7684,Sku - 7684 Weight - 0.69 Colour - Fancy Vivid Orange Yellow Shape - Marquise Clarity - I1 Measurements - 9.40 X 4.25 X 2.68 Fluoresence - STG Polish - VG Symmetry - F No Of Diamonds - 1,"Sku - 7684
Weight - 0.69
Colour - Fancy Vivid Orange Yellow
Shape - Marquise
Clarity - I1
Measurements - 9.40 X 4.25 X 2.68
Fluoresence - STG
Polish - VG
Symmetry - F
No Of Diamonds - 1",in stock,new,4031.03 SGD,https://colourdiam.com/diamonddetails/Menu/7684,https://www.colourdiam.com/Product/Diamond/7684/still.jpg,ColourDiam,Apparel & Accessories > Jewelry,,1,,,,unisex,,,adult,,,,,,,,,GIA,Fine Jewelry
1545,Sku - 1545 Weight - 0.66 Colour - Fancy Purplish Pink Shape - Round Clarity - I2 Measurements - 5.60X5.56X3.48 Fluoresence - Med Polish - VG Symmetry - VG No Of Diamonds - 1,"Sku - 1545
Weight - 0.66
Colour - Fancy Purplish Pink
Shape - Round
Clarity - I2
Measurements - 5.60X5.56X3.48
Fluoresence - Med
Polish - VG
Symmetry - VG
No Of Diamonds - 1",in stock,new,28918.24 SGD,https://colourdiam.com/diamonddetails/Menu/1545,https://www.colourdiam.com/Product/Diamond/1545/still.jpg,ColourDiam,Apparel & Accessories > Jewelry,,1,,,,unisex,,,adult,,,,,,,,,GIA,Fine Jewelry
6056,Sku - 6056 Weight - 0.65 Colour - Light Pink Shape - Cushion Clarity - VS2 Measurements - 4.56X4.47X3.21 Fluoresence - None Polish - VG Symmetry - GD No Of Diamonds - 1,"Sku - 6056
Weight - 0.65
Colour - Light Pink
Shape - Cushion
Clarity - VS2
Measurements - 4.56X4.47X3.21
Fluoresence - None
Polish - VG
Symmetry - GD
No Of Diamonds - 1",in stock,new,8354.16 SGD,https://colourdiam.com/diamonddetails/Menu/6056,https://www.colourdiam.com/Product/Diamond/6056/still.jpg,ColourDiam,Apparel & Accessories > Jewelry,,1,,,,unisex,,,adult,,,,,,,,,GIA,Fine Jewelry
5232,Sku - 5232 Weight - 0.65 Colour - Fancy Light Pink Shape - Cushion Clarity - SI2 Measurements - 4.94X4.72X3.13 Fluoresence - None Polish - EX Symmetry - GD No Of Diamonds - 1,"Sku - 5232
Weight - 0.65
Colour - Fancy Light Pink
Shape - Cushion
Clarity - SI2
Measurements - 4.94X4.72X3.13
Fluoresence - None
Polish - EX
Symmetry - GD
No Of Diamonds - 1",in stock,new,13765.38 SGD,https://colourdiam.com/diamonddetails/Menu/5232,https://www.colourdiam.com/Product/Diamond/5232/still.jpg,ColourDiam,Apparel & Accessories > Jewelry,,1,,,,unisex,,,adult,,,,,,,,,GIA,Fine Jewelry
6647,Sku - 6647 Weight - 0.63 Colour - G Shape - Round Clarity - VS1 Measurements - 5.46 x 5.49 x 3.41 Fluoresence - None Polish - EX Symmetry - EX No Of Diamonds - 1,"Sku - 6647
Weight - 0.63
Colour - G
Shape - Round
Clarity - VS1
Measurements - 5.46 x 5.49 x 3.41
Fluoresence - None
Polish - EX
Symmetry - EX
No Of Diamonds - 1",in stock,new,2760.38 SGD,https://colourdiam.com/diamonddetails/Menu/6647,https://www.colourdiam.com/Product/Diamond/6647/still.jpg,ColourDiam,Apparel & Accessories > Jewelry,,1,,,,unisex,,,adult,,,,,,,,,GIA,Fine Jewelry
1931,Sku - 1931 Weight - 0.63 Colour - Fancy Brownish Purplish Pink Shape - Radiant Clarity - I1 Measurements - 4.81 X 4.54 X 3.23 Fluoresence - STG Polish - G Symmetry - GD No Of Diamonds - 1,"Sku - 1931
Weight - 0.63
Colour - Fancy Brownish Purplish Pink
Shape - Radiant
Clarity - I1
Measurements - 4.81 X 4.54 X 3.23
Fluoresence - STG
Polish - G
Symmetry - GD
No Of Diamonds - 1",in stock,new,8281.13 SGD,https://colourdiam.com/diamonddetails/Menu/1931,https://www.colourdiam.com/Product/Diamond/1931/still.jpg,ColourDiam,Apparel & Accessories > Jewelry,,1,,,,unisex,,,adult,,,,,,,,,GIA,Fine Jewelry
4915,Sku - 4915 Weight - 0.61 Colour - Fancy Intense Blue Shape - Marquise Clarity - VS1 Measurements - 9.97x4.36x2.08 Fluoresence - None Polish - VG Symmetry - GD No Of Diamonds - 1,"Sku - 4915
Weight - 0.61
Colour - Fancy Intense Blue
Shape - Marquise
Clarity - VS1
Measurements - 9.97x4.36x2.08
Fluoresence - None
Polish - VG
Symmetry - GD
No Of Diamonds - 1",in stock,new,197981.03 SGD,https://colourdiam.com/diamonddetails/Menu/4915,https://www.colourdiam.com/Product/Diamond/4915/still.jpg,ColourDiam,Apparel & Accessories > Jewelry,,1,,,,unisex,,,adult,,,,,,,,,GIA,Fine Jewelry
2372,Sku - 2372 Weight - 0.61 Colour - Fancy Intense Purplish Pink Shape - Oval Clarity -  Measurements - 6.33x4.58x3.27 Fluoresence - None Polish -  Symmetry -  No Of Diamonds - 1,"Sku - 2372
Weight - 0.61
Colour - Fancy Intense Purplish Pink
Shape - Oval
Clarity - 
Measurements - 6.33x4.58x3.27
Fluoresence - None
Polish - 
Symmetry - 
No Of Diamonds - 1",in stock,new,49000.35 SGD,https://colourdiam.com/diamonddetails/Menu/2372,https://www.colourdiam.com/Product/Diamond/2372/still.jpg,ColourDiam,Apparel & Accessories > Jewelry,,1,,,,unisex,,,adult,,,,,,,,,GIA,Fine Jewelry
6346,Sku - 6346 Weight - 0.61 Colour - Fancy Pinkish Brown Shape - Cushion Clarity - SI1 Measurements - 5.39 x 4.15 x 3.04 Fluoresence - None Polish - G Symmetry - GD No Of Diamonds - 1,"Sku - 6346
Weight - 0.61
Colour - Fancy Pinkish Brown
Shape - Cushion
Clarity - SI1
Measurements - 5.39 x 4.15 x 3.04
Fluoresence - None
Polish - G
Symmetry - GD
No Of Diamonds - 1",in stock,new,1781.83 SGD,https://colourdiam.com/diamonddetails/Menu/6346,https://www.colourdiam.com/Product/Diamond/6346/still.jpg,ColourDiam,Apparel & Accessories > Jewelry,,1,,,,unisex,,,adult,,,,,,,,,GIA,Fine Jewelry
6958,Sku - 6958 Weight - 0.6 Colour - Very Light Green Yellow Shape - Heart Clarity - SI1 Measurements - 5.29 x 5.79 x 3.32 Fluoresence - Vst Polish - VG Symmetry - VG No Of Diamonds - 1,"Sku - 6958
Weight - 0.6
Colour - Very Light Green Yellow
Shape - Heart
Clarity - SI1
Measurements - 5.29 x 5.79 x 3.32
Fluoresence - Vst
Polish - VG
Symmetry - VG
No Of Diamonds - 1",in stock,new,2453.67 SGD,https://colourdiam.com/diamonddetails/Menu/6958,https://www.colourdiam.com/Product/Diamond/6958/still.jpg,ColourDiam,Apparel & Accessories > Jewelry,,1,,,,unisex,,,adult,,,,,,,,,GIA,Fine Jewelry
6087,Sku - 6087 Weight - 0.6 Colour - Fancy Intense Yellow Shape - Pear Clarity - SI2 Measurements - 6.76 X 4.50 X 2.85 Fluoresence - STG Polish - VG Symmetry - GD No Of Diamonds - 1,"Sku - 6087
Weight - 0.6
Colour - Fancy Intense Yellow
Shape - Pear
Clarity - SI2
Measurements - 6.76 X 4.50 X 2.85
Fluoresence - STG
Polish - VG
Symmetry - GD
No Of Diamonds - 1",in stock,new,973.58 SGD,https://colourdiam.com/diamonddetails/Menu/6087,https://www.colourdiam.com/Product/Diamond/6087/still.jpg,ColourDiam,Apparel & Accessories > Jewelry,,1,,,,unisex,,,adult,,,,,,,,,GIA,Fine Jewelry
6078,Sku - 6078 Weight - 0.6 Colour - U-V Shape - Cushion Clarity - SI2 Measurements - 5.03 X 4.41 X 3.07 Fluoresence - None Polish - VG Symmetry - VG No Of Diamonds - 1,"Sku - 6078
Weight - 0.6
Colour - U-V
Shape - Cushion
Clarity - SI2
Measurements - 5.03 X 4.41 X 3.07
Fluoresence - None
Polish - VG
Symmetry - VG
No Of Diamonds - 1",in stock,new,876.31 SGD,https://colourdiam.com/diamonddetails/Menu/6078,https://www.colourdiam.com/Product/Diamond/6078/still.jpg,ColourDiam,Apparel & Accessories > Jewelry,,1,,,,unisex,,,adult,,,,,,,,,GIA,Fine Jewelry
9129,Sku - 9129 Weight - 0.59 Colour - Faint Pink Shape - Round Clarity - SI1 Measurements - 5.43 - 5.45 x 3.29 Fluoresence - None Polish - EX Symmetry - EX No Of Diamonds - 1,"Sku - 9129
Weight - 0.59
Colour - Faint Pink
Shape - Round
Clarity - SI1
Measurements - 5.43 - 5.45 x 3.29
Fluoresence - None
Polish - EX
Symmetry - EX
No Of Diamonds - 1",in stock,new,1551.07 SGD,https://colourdiam.com/diamonddetails/Menu/9129,https://www.colourdiam.com/Product/Diamond/9129/still.jpg,ColourDiam,Apparel & Accessories > Jewelry,,1,,,,unisex,,,adult,,,,,,,,,GIA,Fine Jewelry
1755,Sku - 1755 Weight - 0.58 Colour - Light Pink Shape - Heart Clarity -  Measurements - 5.12 x 5.66 x 3.10 Fluoresence - None Polish -  Symmetry -  No Of Diamonds - 1,"Sku - 1755
Weight - 0.58
Colour - Light Pink
Shape - Heart
Clarity - 
Measurements - 5.12 x 5.66 x 3.10
Fluoresence - None
Polish - 
Symmetry - 
No Of Diamonds - 1",in stock,new,6776.8 SGD,https://colourdiam.com/diamonddetails/Menu/1755,https://www.colourdiam.com/Product/Diamond/1755/still.jpg,ColourDiam,Apparel & Accessories > Jewelry,,1,,,,unisex,,,adult,,,,,,,,,GIA,Fine Jewelry
648,Sku - 648 Weight - 0.58 Colour - Light Pink Shape - Heart Clarity - I1 Measurements - 4.81X6.19X3.15 Fluoresence - STG Polish - VG Symmetry - GD No Of Diamonds - 1,"Sku - 648
Weight - 0.58
Colour - Light Pink
Shape - Heart
Clarity - I1
Measurements - 4.81X6.19X3.15
Fluoresence - STG
Polish - VG
Symmetry - GD
No Of Diamonds - 1",in stock,new,4235.5 SGD,https://colourdiam.com/diamonddetails/Menu/648,https://www.colourdiam.com/Product/Diamond/648/still.jpg,ColourDiam,Apparel & Accessories > Jewelry,,1,,,,unisex,,,adult,,,,,,,,,GIA,Fine Jewelry
6268,Sku - 6268 Weight - 0.58 Colour - E Shape - Radiant Clarity - IF Measurements - 5.39 x 4.06 x 2.89 Fluoresence - None Polish - EX Symmetry - VG No Of Diamonds - 1,"Sku - 6268
Weight - 0.58
Colour - E
Shape - Radiant
Clarity - IF
Measurements - 5.39 x 4.06 x 2.89
Fluoresence - None
Polish - EX
Symmetry - VG
No Of Diamonds - 1",in stock,new,1310.46 SGD,https://colourdiam.com/diamonddetails/Menu/6268,https://www.colourdiam.com/Product/Diamond/6268/still.jpg,ColourDiam,Apparel & Accessories > Jewelry,,1,,,,unisex,,,adult,,,,,,,,,GIA,Fine Jewelry
1584,Sku - 1584 Weight - 0.57 Colour - Fancy Purple Pink Shape - Radiant Clarity - I2 Measurements - 4.69X4.03X3.30 Fluoresence - None Polish - VG Symmetry - GD No Of Diamonds - 1,"Sku - 1584
Weight - 0.57
Colour - Fancy Purple Pink
Shape - Radiant
Clarity - I2
Measurements - 4.69X4.03X3.30
Fluoresence - None
Polish - VG
Symmetry - GD
No Of Diamonds - 1",in stock,new,12903.67 SGD,https://colourdiam.com/diamonddetails/Menu/1584,https://www.colourdiam.com/Product/Diamond/1584/still.jpg,ColourDiam,Apparel & Accessories > Jewelry,,1,,,,unisex,,,adult,,,,,,,,,GIA,Fine Jewelry
7126,Sku - 7126 Weight - 0.56 Colour - Light Pink Shape - Cushion Clarity - SI2 Measurements - 4.48X4.48X3.1 Fluoresence - Fnt Polish - VG Symmetry - GD No Of Diamonds - 1,"Sku - 7126
Weight - 0.56
Colour - Light Pink
Shape - Cushion
Clarity - SI2
Measurements - 4.48X4.48X3.1
Fluoresence - Fnt
Polish - VG
Symmetry - GD
No Of Diamonds - 1",in stock,new,4089.45 SGD,https://colourdiam.com/diamonddetails/Menu/7126,https://www.colourdiam.com/Product/Diamond/7126/still.jpg,ColourDiam,Apparel & Accessories > Jewelry,,1,,,,unisex,,,adult,,,,,,,,,GIA,Fine Jewelry
7208,Sku - 7208 Weight - 0.56 Colour - Faint Pinkish Brown Shape - Pear Clarity - VS2 Measurements - 7.02 x 4.25 x 2.66 Fluoresence - None Polish - VG Symmetry - VG No Of Diamonds - 1,"Sku - 7208
Weight - 0.56
Colour - Faint Pinkish Brown
Shape - Pear
Clarity - VS2
Measurements - 7.02 x 4.25 x 2.66
Fluoresence - None
Polish - VG
Symmetry - VG
No Of Diamonds - 1",in stock,new,2048.81 SGD,https://colourdiam.com/diamonddetails/Menu/7208,https://www.colourdiam.com/Product/Diamond/7208/still.jpg,ColourDiam,Apparel & Accessories > Jewelry,,1,,,,unisex,,,adult,,,,,,,,,GIA,Fine Jewelry
4969,Sku - 4969 Weight - 0.56 Colour - Fancy Yellowish Green Shape - Radiant Clarity - SI1 Measurements - 5.30 x 3.97 x 2.82 Fluoresence - None Polish - VG Symmetry - GD No Of Diamonds - 1,"Sku - 4969
Weight - 0.56
Colour - Fancy Yellowish Green
Shape - Radiant
Clarity - SI1
Measurements - 5.30 x 3.97 x 2.82
Fluoresence - None
Polish - VG
Symmetry - GD
No Of Diamonds - 1",in stock,new,654.31 SGD,https://colourdiam.com/diamonddetails/Menu/4969,https://www.colourdiam.com/Product/Diamond/4969/still.jpg,ColourDiam,Apparel & Accessories > Jewelry,,1,,,,unisex,,,adult,,,,,,,,,GIA,Fine Jewelry
4971,Sku - 4971 Weight - 0.56 Colour - Fancy Light Yellowish Green Shape - Radiant Clarity - SI1 Measurements - 5.63 x 3.84 x 2.70 Fluoresence - None Polish - VG Symmetry - GD No Of Diamonds - 1,"Sku - 4971
Weight - 0.56
Colour - Fancy Light Yellowish Green
Shape - Radiant
Clarity - SI1
Measurements - 5.63 x 3.84 x 2.70
Fluoresence - None
Polish - VG
Symmetry - GD
No Of Diamonds - 1",in stock,new,654.31 SGD,https://colourdiam.com/diamonddetails/Menu/4971,https://www.colourdiam.com/Product/Diamond/4971/still.jpg,ColourDiam,Apparel & Accessories > Jewelry,,1,,,,unisex,,,adult,,,,,,,,,GIA,Fine Jewelry
6331,Sku - 6331 Weight - 0.56 Colour - G Shape - Other Clarity - VVS2 Measurements - 4.80 X 4.78 X 3.44 Fluoresence - None Polish - EX Symmetry - VG No Of Diamonds - 1,"Sku - 6331
Weight - 0.56
Colour - G
Shape - Other
Clarity - VVS2
Measurements - 4.80 X 4.78 X 3.44
Fluoresence - None
Polish - EX
Symmetry - VG
No Of Diamonds - 1",in stock,new,2944.4 SGD,https://colourdiam.com/diamonddetails/Menu/6331,https://www.colourdiam.com/Product/Diamond/6331/still.jpg,ColourDiam,Apparel & Accessories > Jewelry,,1,,,,unisex,,,adult,,,,,,,,,GIA,Fine Jewelry
719,Sku - 719 Weight - 0.55 Colour - Fancy Vivid Orangy Yellow Shape - Emerald Clarity - SI1 Measurements - 4.87X4.30X3.31 Fluoresence - None Polish - VG Symmetry - GD No Of Diamonds - 1,"Sku - 719
Weight - 0.55
Colour - Fancy Vivid Orangy Yellow
Shape - Emerald
Clarity - SI1
Measurements - 4.87X4.30X3.31
Fluoresence - None
Polish - VG
Symmetry - GD
No Of Diamonds - 1",in stock,new,4819.71 SGD,https://colourdiam.com/diamonddetails/Menu/719,https://www.colourdiam.com/Product/Diamond/719/still.jpg,ColourDiam,Apparel & Accessories > Jewelry,,1,,,,unisex,,,adult,,,,,,,,,GIA,Fine Jewelry
6086,Sku - 6086 Weight - 0.55 Colour - Very Light Brown Shape - Cushion Clarity - I1 Measurements - 4.70 X 4.54 X 2.93 Fluoresence - None Polish - VG Symmetry - GD No Of Diamonds - 1,"Sku - 6086
Weight - 0.55
Colour - Very Light Brown
Shape - Cushion
Clarity - I1
Measurements - 4.70 X 4.54 X 2.93
Fluoresence - None
Polish - VG
Symmetry - GD
No Of Diamonds - 1",in stock,new,803.28 SGD,https://colourdiam.com/diamonddetails/Menu/6086,https://www.colourdiam.com/Product/Diamond/6086/still.jpg,ColourDiam,Apparel & Accessories > Jewelry,,1,,,,unisex,,,adult,,,,,,,,,GIA,Fine Jewelry
1801,Sku - 1801 Weight - 0.55 Colour - Fancy Light Gray Blue Shape - Cut cornered square Clarity - I1 Measurements - 4.84X4.81X3.09 Fluoresence - None Polish - G Symmetry - GD No Of Diamonds - 1,"Sku - 1801
Weight - 0.55
Colour - Fancy Light Gray Blue
Shape - Cut cornered square
Clarity - I1
Measurements - 4.84X4.81X3.09
Fluoresence - None
Polish - G
Symmetry - GD
No Of Diamonds - 1",in stock,new,16065.69 SGD,https://colourdiam.com/diamonddetails/Menu/1801,https://www.colourdiam.com/Product/Diamond/1801/still.jpg,ColourDiam,Apparel & Accessories > Jewelry,,1,,,,unisex,,,adult,,,,,,,,,GIA,Fine Jewelry
7314,Sku - 7314 Weight - 0.55 Colour - Fancy Pink Shape - Radiant Clarity - I2 Measurements - 5.05 X 4.07 X 2.94 Fluoresence - Fnt Polish - G Symmetry - GD No Of Diamonds - 1,"Sku - 7314
Weight - 0.55
Colour - Fancy Pink
Shape - Radiant
Clarity - I2
Measurements - 5.05 X 4.07 X 2.94
Fluoresence - Fnt
Polish - G
Symmetry - GD
No Of Diamonds - 1",in stock,new,10041.06 SGD,https://colourdiam.com/diamonddetails/Menu/7314,https://www.colourdiam.com/Product/Diamond/7314/still.jpg,ColourDiam,Apparel & Accessories > Jewelry,,1,,,,unisex,,,adult,,,,,,,,,GIA,Fine Jewelry
445,Sku - 445 Weight - 0.54 Colour - Fancy Light Grayish Yellowish Green Shape - Radiant Clarity - VVS2 Measurements - 4.94X4.88X2.82 Fluoresence - None Polish - VG Symmetry - GD No Of Diamonds - 1,"Sku - 445
Weight - 0.54
Colour - Fancy Light Grayish Yellowish Green
Shape - Radiant
Clarity - VVS2
Measurements - 4.94X4.88X2.82
Fluoresence - None
Polish - VG
Symmetry - GD
No Of Diamonds - 1",in stock,new,1577.36 SGD,https://colourdiam.com/diamonddetails/Menu/445,https://www.colourdiam.com/Product/Diamond/445/still.jpg,ColourDiam,Apparel & Accessories > Jewelry,,1,,,,unisex,,,adult,,,,,,,,,GIA,Fine Jewelry
652,Sku - 652 Weight - 0.53 Colour - Light Pink Shape - Cut cornered square Clarity - SI2 Measurements - 4.69 x 4.68 x 2.86 Fluoresence - STG Polish - VG Symmetry - GD No Of Diamonds - 1,"Sku - 652
Weight - 0.53
Colour - Light Pink
Shape - Cut cornered square
Clarity - SI2
Measurements - 4.69 x 4.68 x 2.86
Fluoresence - STG
Polish - VG
Symmetry - GD
No Of Diamonds - 1",in stock,new,4644.44 SGD,https://colourdiam.com/diamonddetails/Menu/652,https://www.colourdiam.com/Product/Diamond/652/still.jpg,ColourDiam,Apparel & Accessories > Jewelry,,1,,,,unisex,,,adult,,,,,,,,,GIA,Fine Jewelry
6271,Sku - 6271 Weight - 0.53 Colour - E Shape - Radiant Clarity - IF Measurements - 5.10 x 4.08 x 2.90 Fluoresence - None Polish - EX Symmetry - VG No Of Diamonds - 1,"Sku - 6271
Weight - 0.53
Colour - E
Shape - Radiant
Clarity - IF
Measurements - 5.10 x 4.08 x 2.90
Fluoresence - None
Polish - EX
Symmetry - VG
No Of Diamonds - 1",in stock,new,1213.75 SGD,https://colourdiam.com/diamonddetails/Menu/6271,https://www.colourdiam.com/Product/Diamond/6271/still.jpg,ColourDiam,Apparel & Accessories > Jewelry,,1,,,,unisex,,,adult,,,,,,,,,GIA,Fine Jewelry
4204,Sku - 4204 Weight - 0.53 Colour - Fancy Intense Yellow Shape - Oval Clarity - SI2 Measurements - 5.82*4.28*2.81 Fluoresence - Fnt Polish - VG Symmetry - GD No Of Diamonds - 1,"Sku - 4204
Weight - 0.53
Colour - Fancy Intense Yellow
Shape - Oval
Clarity - SI2
Measurements - 5.82*4.28*2.81
Fluoresence - Fnt
Polish - VG
Symmetry - GD
No Of Diamonds - 1",in stock,new,967.6 SGD,https://colourdiam.com/diamonddetails/Menu/4204,https://www.colourdiam.com/Product/Diamond/4204/still.jpg,ColourDiam,Apparel & Accessories > Jewelry,,1,,,,unisex,,,adult,,,,,,,,,GIA,Fine Jewelry
2054,Sku - 2054 Weight - 0.53 Colour - Very Light Pink Shape - Other Clarity - SI1 Measurements - 4.99x5.03x3.37 Fluoresence - None Polish -  Symmetry -  No Of Diamonds - 1,"Sku - 2054
Weight - 0.53
Colour - Very Light Pink
Shape - Other
Clarity - SI1
Measurements - 4.99x5.03x3.37
Fluoresence - None
Polish - 
Symmetry - 
No Of Diamonds - 1",in stock,new,3870.37 SGD,https://colourdiam.com/diamonddetails/Menu/2054,https://www.colourdiam.com/Product/Diamond/2054/still.jpg,ColourDiam,Apparel & Accessories > Jewelry,,1,,,,unisex,,,adult,,,,,,,,,CGL,Fine Jewelry
5237,Sku - 5237 Weight - 0.53 Colour - Fancy Light Orangy Pink Shape - Radiant Clarity - SI2 Measurements - 5.10 x 3.77 x 2.79 Fluoresence - STG Polish - EX Symmetry - GD No Of Diamonds - 1,"Sku - 5237
Weight - 0.53
Colour - Fancy Light Orangy Pink
Shape - Radiant
Clarity - SI2
Measurements - 5.10 x 3.77 x 2.79
Fluoresence - STG
Polish - EX
Symmetry - GD
No Of Diamonds - 1",in stock,new,8600.73 SGD,https://colourdiam.com/diamonddetails/Menu/5237,https://www.colourdiam.com/Product/Diamond/5237/still.jpg,ColourDiam,Apparel & Accessories > Jewelry,,1,,,,unisex,,,adult,,,,,,,,,GIA,Fine Jewelry
3347,Sku - 3347 Weight - 0.52 Colour - Fancy Deep Brownish Yellow Shape - Heart Clarity - I2 Measurements - 4.84X5.20X2.87 Fluoresence - Med Polish - EX Symmetry - GD No Of Diamonds - 1,"Sku - 3347
Weight - 0.52
Colour - Fancy Deep Brownish Yellow
Shape - Heart
Clarity - I2
Measurements - 4.84X5.20X2.87
Fluoresence - Med
Polish - EX
Symmetry - GD
No Of Diamonds - 1",in stock,new,379.73 SGD,https://colourdiam.com/diamonddetails/Menu/3347,https://www.colourdiam.com/Product/Diamond/3347/still.jpg,ColourDiam,Apparel & Accessories > Jewelry,,1,,,,unisex,,,adult,,,,,,,,,GIA,Fine Jewelry
4712,Sku - 4712 Weight - 0.52 Colour - Light Blue Shape - Pear Clarity - SI2 Measurements - 6.81X4.11X2.54 Fluoresence - Med Polish - G Symmetry - VG No Of Diamonds - 1,"Sku - 4712
Weight - 0.52
Colour - Light Blue
Shape - Pear
Clarity - SI2
Measurements - 6.81X4.11X2.54
Fluoresence - Med
Polish - G
Symmetry - VG
No Of Diamonds - 1",in stock,new,3417.61 SGD,https://colourdiam.com/diamonddetails/Menu/4712,https://www.colourdiam.com/Product/Diamond/4712/still.jpg,ColourDiam,Apparel & Accessories > Jewelry,,1,,,,unisex,,,adult,,,,,,,,,GIA,Fine Jewelry
7207,Sku - 7207 Weight - 0.52 Colour - Very Light Pinkish Brown Shape - Pear Clarity - VS2 Measurements - 7.01 x 4.39 x 2.49 Fluoresence - None Polish - G Symmetry - GD No Of Diamonds - 1,"Sku - 7207
Weight - 0.52
Colour - Very Light Pinkish Brown
Shape - Pear
Clarity - VS2
Measurements - 7.01 x 4.39 x 2.49
Fluoresence - None
Polish - G
Symmetry - GD
No Of Diamonds - 1",in stock,new,1936.65 SGD,https://colourdiam.com/diamonddetails/Menu/7207,https://www.colourdiam.com/Product/Diamond/7207/still.jpg,ColourDiam,Apparel & Accessories > Jewelry,,1,,,,unisex,,,adult,,,,,,,,,GIA,Fine Jewelry
2965,Sku - 2965 Weight - 0.52 Colour - Light Pinkish Brown Shape - Pear Clarity - SI1 Measurements - 5.63*4.21*2.87 Fluoresence - None Polish -  Symmetry -  No Of Diamonds - 1,"Sku - 2965
Weight - 0.52
Colour - Light Pinkish Brown
Shape - Pear
Clarity - SI1
Measurements - 5.63*4.21*2.87
Fluoresence - None
Polish - 
Symmetry - 
No Of Diamonds - 1",in stock,new,0 SGD,https://colourdiam.com/diamonddetails/Menu/2965,https://www.colourdiam.com/Product/Diamond/2965/still.jpg,ColourDiam,Apparel & Accessories > Jewelry,,1,,,,unisex,,,adult,,,,,,,,,CGL,Fine Jewelry
6343,Sku - 6343 Weight - 0.52 Colour - Faint Pink Shape - Round Clarity - SI2 Measurements - 5.22 X 5.23 X 3.14 Fluoresence - Med Polish - EX Symmetry - EX No Of Diamonds - 1,"Sku - 6343
Weight - 0.52
Colour - Faint Pink
Shape - Round
Clarity - SI2
Measurements - 5.22 X 5.23 X 3.14
Fluoresence - Med
Polish - EX
Symmetry - EX
No Of Diamonds - 1",in stock,new,1860.7 SGD,https://colourdiam.com/diamonddetails/Menu/6343,https://www.colourdiam.com/Product/Diamond/6343/still.jpg,ColourDiam,Apparel & Accessories > Jewelry,,1,,,,unisex,,,adult,,,,,,,,,GIA,Fine Jewelry
4544,Sku - 4544 Weight - 0.52 Colour - Fancy Brownish Orangy Pink Shape - Radiant Clarity - VS2 Measurements - 4.58*4.15*2.86 Fluoresence - Fnt Polish - EX Symmetry - VG No Of Diamonds - 1,"Sku - 4544
Weight - 0.52
Colour - Fancy Brownish Orangy Pink
Shape - Radiant
Clarity - VS2
Measurements - 4.58*4.15*2.86
Fluoresence - Fnt
Polish - EX
Symmetry - VG
No Of Diamonds - 1",in stock,new,6750.16 SGD,https://colourdiam.com/diamonddetails/Menu/4544,https://www.colourdiam.com/Product/Diamond/4544/still.jpg,ColourDiam,Apparel & Accessories > Jewelry,,1,,,,unisex,,,adult,,,,,,,,,GIA,Fine Jewelry
5231,Sku - 5231 Weight - 0.52 Colour - Faint Gray Shape - Round Clarity - SI1 Measurements - 5.10X5.12X3.22 Fluoresence - None Polish - EX Symmetry - EX No Of Diamonds - 1,"Sku - 5231
Weight - 0.52
Colour - Faint Gray
Shape - Round
Clarity - SI1
Measurements - 5.10X5.12X3.22
Fluoresence - None
Polish - EX
Symmetry - EX
No Of Diamonds - 1",in stock,new,911.36 SGD,https://colourdiam.com/diamonddetails/Menu/5231,https://www.colourdiam.com/Product/Diamond/5231/still.jpg,ColourDiam,Apparel & Accessories > Jewelry,,1,,,,unisex,,,adult,,,,,,,,,GIA,Fine Jewelry
2009,Sku - 2009 Weight - 0.52 Colour - Fancy Orangy Pink Shape - Pear Clarity - I2 Measurements - 6.72X4.57X2.37 Fluoresence - Med Polish - VG Symmetry - GD No Of Diamonds - 1,"Sku - 2009
Weight - 0.52
Colour - Fancy Orangy Pink
Shape - Pear
Clarity - I2
Measurements - 6.72X4.57X2.37
Fluoresence - Med
Polish - VG
Symmetry - GD
No Of Diamonds - 1",in stock,new,1822.73 SGD,https://colourdiam.com/diamonddetails/Menu/2009,https://www.colourdiam.com/Product/Diamond/2009/still.jpg,ColourDiam,Apparel & Accessories > Jewelry,,1,,,,unisex,,,adult,,,,,,,,,GIA,Fine Jewelry
6687,Sku - 6687 Weight - 0.52 Colour - Fancy Grayish Greenish Yellow Shape - Cushion Clarity - SI2 Measurements - 4.53 X 4.42 X 2.91 Fluoresence - Med Polish - VG Symmetry - GD No Of Diamonds - 1,"Sku - 6687
Weight - 0.52
Colour - Fancy Grayish Greenish Yellow
Shape - Cushion
Clarity - SI2
Measurements - 4.53 X 4.42 X 2.91
Fluoresence - Med
Polish - VG
Symmetry - GD
No Of Diamonds - 1",in stock,new,843.77 SGD,https://colourdiam.com/diamonddetails/Menu/6687,https://www.colourdiam.com/Product/Diamond/6687/still.jpg,ColourDiam,Apparel & Accessories > Jewelry,,1,,,,unisex,,,adult,,,,,,,,,GIA,Fine Jewelry
9523,Sku - 9523 Weight - 0.52 Colour - Fancy Light Green Yellow Shape - Pear Clarity - SI2 Measurements - 6.87 X 4.16 X 2.54 Fluoresence - STG Polish - G Symmetry - GD No Of Diamonds - 1,"Sku - 9523
Weight - 0.52
Colour - Fancy Light Green Yellow
Shape - Pear
Clarity - SI2
Measurements - 6.87 X 4.16 X 2.54
Fluoresence - STG
Polish - G
Symmetry - GD
No Of Diamonds - 1",in stock,new,2278.41 SGD,https://colourdiam.com/diamonddetails/Menu/9523,https://www.colourdiam.com/Product/Diamond/9523/still.jpg,ColourDiam,Apparel & Accessories > Jewelry,,1,,,,unisex,,,adult,,,,,,,,,GIA,Fine Jewelry
179,Sku - 179 Weight - 0.51 Colour - Fancy Purple Pink Shape - Cushion Clarity - SI2 Measurements - 4.80X4.34X2.75 Fluoresence - None Polish - VG Symmetry - GD No Of Diamonds - 1,"Sku - 179
Weight - 0.51
Colour - Fancy Purple Pink
Shape - Cushion
Clarity - SI2
Measurements - 4.80X4.34X2.75
Fluoresence - None
Polish - VG
Symmetry - GD
No Of Diamonds - 1",in stock,new,13407.55 SGD,https://colourdiam.com/diamonddetails/Menu/179,https://www.colourdiam.com/Product/Diamond/179/still.jpg,ColourDiam,Apparel & Accessories > Jewelry,,1,,,,unisex,,,adult,,,,,,,,,GIA,Fine Jewelry
7111,Sku - 7111 Weight - 0.51 Colour - Fancy Vivid Yellow Orange Shape - Cushion Clarity - I1 Measurements - 4.36 X 4.32 X 3.01 Fluoresence - STG Polish - EX Symmetry - GD No Of Diamonds - 1,"Sku - 7111
Weight - 0.51
Colour - Fancy Vivid Yellow Orange
Shape - Cushion
Clarity - I1
Measurements - 4.36 X 4.32 X 3.01
Fluoresence - STG
Polish - EX
Symmetry - GD
No Of Diamonds - 1",in stock,new,6620.35 SGD,https://colourdiam.com/diamonddetails/Menu/7111,https://www.colourdiam.com/Product/Diamond/7111/still.jpg,ColourDiam,Apparel & Accessories > Jewelry,,1,,,,unisex,,,adult,,,,,,,,,GIA,Fine Jewelry
2522,Sku - 2522 Weight - 0.51 Colour - Fancy Purplish Pink Shape - Radiant Clarity - I2 Measurements - 4.98 x 4.49 x 2.69 Fluoresence - None Polish - G Symmetry - GD No Of Diamonds - 1,"Sku - 2522
Weight - 0.51
Colour - Fancy Purplish Pink
Shape - Radiant
Clarity - I2
Measurements - 4.98 x 4.49 x 2.69
Fluoresence - None
Polish - G
Symmetry - GD
No Of Diamonds - 1",in stock,new,9683.23 SGD,https://colourdiam.com/diamonddetails/Menu/2522,https://www.colourdiam.com/Product/Diamond/2522/still.jpg,ColourDiam,Apparel & Accessories > Jewelry,,1,,,,unisex,,,adult,,,,,,,,,GIA,Fine Jewelry
4322,Sku - 4322 Weight - 0.51 Colour - Fancy Intense Yellow Shape - Oval Clarity - SI2 Measurements - 5.70*4.29*2.75 Fluoresence - None Polish - VG Symmetry - GD No Of Diamonds - 1,"Sku - 4322
Weight - 0.51
Colour - Fancy Intense Yellow
Shape - Oval
Clarity - SI2
Measurements - 5.70*4.29*2.75
Fluoresence - None
Polish - VG
Symmetry - GD
No Of Diamonds - 1",in stock,new,931.09 SGD,https://colourdiam.com/diamonddetails/Menu/4322,https://www.colourdiam.com/Product/Diamond/4322/still.jpg,ColourDiam,Apparel & Accessories > Jewelry,,1,,,,unisex,,,adult,,,,,,,,,GIA,Fine Jewelry
6179,Sku - 6179 Weight - 0.51 Colour - Fancy Yellow Shape - Cushion Clarity - SI2 Measurements - 4.52 X 4.11 X 2.89 Fluoresence - Fnt Polish - VG Symmetry - GD No Of Diamonds - 1,"Sku - 6179
Weight - 0.51
Colour - Fancy Yellow
Shape - Cushion
Clarity - SI2
Measurements - 4.52 X 4.11 X 2.89
Fluoresence - Fnt
Polish - VG
Symmetry - GD
No Of Diamonds - 1",in stock,new,893.84 SGD,https://colourdiam.com/diamonddetails/Menu/6179,https://www.colourdiam.com/Product/Diamond/6179/still.jpg,ColourDiam,Apparel & Accessories > Jewelry,,1,,,,unisex,,,adult,,,,,,,,,GIA,Fine Jewelry
6106,Sku - 6106 Weight - 0.51 Colour - Light Pink Shape - Cushion Clarity - VS2 Measurements - 4.77x4.73x2.74 Fluoresence - None Polish - VG Symmetry - VG No Of Diamonds - 1,"Sku - 6106
Weight - 0.51
Colour - Light Pink
Shape - Cushion
Clarity - VS2
Measurements - 4.77x4.73x2.74
Fluoresence - None
Polish - VG
Symmetry - VG
No Of Diamonds - 1",in stock,new,5363.02 SGD,https://colourdiam.com/diamonddetails/Menu/6106,https://www.colourdiam.com/Product/Diamond/6106/still.jpg,ColourDiam,Apparel & Accessories > Jewelry,,1,,,,unisex,,,adult,,,,,,,,,GIA,Fine Jewelry
5607,Sku - 5607 Weight - 0.51 Colour - Light Pink Shape - Pear Clarity - SI1 Measurements - 4.31X 6.07X 2.69 Fluoresence - None Polish - VG Symmetry - GD No Of Diamonds - 1,"Sku - 5607
Weight - 0.51
Colour - Light Pink
Shape - Pear
Clarity - SI1
Measurements - 4.31X 6.07X 2.69
Fluoresence - None
Polish - VG
Symmetry - GD
No Of Diamonds - 1",in stock,new,4096.75 SGD,https://colourdiam.com/diamonddetails/Menu/5607,https://www.colourdiam.com/Product/Diamond/5607/still.jpg,ColourDiam,Apparel & Accessories > Jewelry,,1,,,,unisex,,,adult,,,,,,,,,GIA,Fine Jewelry
6055,Sku - 6055 Weight - 0.51 Colour - Light Pink Shape - Cushion Clarity - VS2 Measurements - 4.19x4.00x2.94 Fluoresence - None Polish - VG Symmetry - VG No Of Diamonds - 1,"Sku - 6055
Weight - 0.51
Colour - Light Pink
Shape - Cushion
Clarity - VS2
Measurements - 4.19x4.00x2.94
Fluoresence - None
Polish - VG
Symmetry - VG
No Of Diamonds - 1",in stock,new,5958.91 SGD,https://colourdiam.com/diamonddetails/Menu/6055,https://www.colourdiam.com/Product/Diamond/6055/still.jpg,ColourDiam,Apparel & Accessories > Jewelry,,1,,,,unisex,,,adult,,,,,,,,,GIA,Fine Jewelry
8967,Sku - 8967 Weight - 0.51 Colour - Fancy Light Green Shape - Heart Clarity - SI1 Measurements - 5.44 x 5.75 x 2.51 Fluoresence - STG Polish - VG Symmetry - GD No Of Diamonds - 1,"Sku - 8967
Weight - 0.51
Colour - Fancy Light Green
Shape - Heart
Clarity - SI1
Measurements - 5.44 x 5.75 x 2.51
Fluoresence - STG
Polish - VG
Symmetry - GD
No Of Diamonds - 1",in stock,new,4096.75 SGD,https://colourdiam.com/diamonddetails/Menu/8967,https://www.colourdiam.com/Product/Diamond/8967/still.jpg,ColourDiam,Apparel & Accessories > Jewelry,,1,,,,unisex,,,adult,,,,,,,,,GIA,Fine Jewelry
5439,Sku - 5439 Weight - 0.51 Colour - Light Blue Shape - Pear Clarity - SI2 Measurements - 6.74X 4.65X 2.45 Fluoresence - Med Polish - VG Symmetry - F No Of Diamonds - 1,"Sku - 5439
Weight - 0.51
Colour - Light Blue
Shape - Pear
Clarity - SI2
Measurements - 6.74X 4.65X 2.45
Fluoresence - Med
Polish - VG
Symmetry - F
No Of Diamonds - 1",in stock,new,3500.86 SGD,https://colourdiam.com/diamonddetails/Menu/5439,https://www.colourdiam.com/Product/Diamond/5439/still.jpg,ColourDiam,Apparel & Accessories > Jewelry,,1,,,,unisex,,,adult,,,,,,,,,GIA,Fine Jewelry
1067,Sku - 1067 Weight - 0.51 Colour - Fancy Light Pink Shape - Oval Clarity - SI2 Measurements - 5.90X4.41X2.54 Fluoresence - Fnt Polish - G Symmetry - GD No Of Diamonds - 1,"Sku - 1067
Weight - 0.51
Colour - Fancy Light Pink
Shape - Oval
Clarity - SI2
Measurements - 5.90X4.41X2.54
Fluoresence - Fnt
Polish - G
Symmetry - GD
No Of Diamonds - 1",in stock,new,11172.96 SGD,https://colourdiam.com/diamonddetails/Menu/1067,https://www.colourdiam.com/Product/Diamond/1067/still.jpg,ColourDiam,Apparel & Accessories > Jewelry,,1,,,,unisex,,,adult,,,,,,,,,GIA,Fine Jewelry
7055,Sku - 7055 Weight - 0.51 Colour - Fancy Intense Orange Yellow Shape - Pear Clarity - SI2 Measurements - 6.08 x 4.00 x 2.78 Fluoresence - Med Polish - G Symmetry - GD No Of Diamonds - 1,"Sku - 7055
Weight - 0.51
Colour - Fancy Intense Orange Yellow
Shape - Pear
Clarity - SI2
Measurements - 6.08 x 4.00 x 2.78
Fluoresence - Med
Polish - G
Symmetry - GD
No Of Diamonds - 1",in stock,new,2681.51 SGD,https://colourdiam.com/diamonddetails/Menu/7055,https://www.colourdiam.com/Product/Diamond/7055/still.jpg,ColourDiam,Apparel & Accessories > Jewelry,,1,,,,unisex,,,adult,,,,,,,,,GIA,Fine Jewelry
2013,Sku - 2013 Weight - 0.5 Colour - Fancy Brown Pink Shape - Heart Clarity - SI2 Measurements - 4.49X5.37X2.72 Fluoresence - Med Polish - VG Symmetry - VG No Of Diamonds - 1,"Sku - 2013
Weight - 0.5
Colour - Fancy Brown Pink
Shape - Heart
Clarity - SI2
Measurements - 4.49X5.37X2.72
Fluoresence - Med
Polish - VG
Symmetry - VG
No Of Diamonds - 1",in stock,new,2044.72 SGD,https://colourdiam.com/diamonddetails/Menu/2013,https://www.colourdiam.com/Product/Diamond/2013/still.jpg,ColourDiam,Apparel & Accessories > Jewelry,,1,,,,unisex,,,adult,,,,,,,,,GIA,Fine Jewelry
7423,Sku - 7423 Weight - 0.5 Colour - Fancy Light Purplish Pink Shape - Oval Clarity - SI2 Measurements - 5.96 X 4.33 X 2.47 Fluoresence - None Polish - VG Symmetry - GD No Of Diamonds - 1,"Sku - 7423
Weight - 0.5
Colour - Fancy Light Purplish Pink
Shape - Oval
Clarity - SI2
Measurements - 5.96 X 4.33 X 2.47
Fluoresence - None
Polish - VG
Symmetry - GD
No Of Diamonds - 1",in stock,new,10953.88 SGD,https://colourdiam.com/diamonddetails/Menu/7423,https://www.colourdiam.com/Product/Diamond/7423/still.jpg,ColourDiam,Apparel & Accessories > Jewelry,,1,,,,unisex,,,adult,,,,,,,,,GIA,Fine Jewelry
5438,Sku - 5438 Weight - 0.5 Colour - Very Light Blue Shape - Pear Clarity - SI2 Measurements - 6.60X 4.50X 2.38 Fluoresence - STG Polish - VG Symmetry - VG No Of Diamonds - 1,"Sku - 5438
Weight - 0.5
Colour - Very Light Blue
Shape - Pear
Clarity - SI2
Measurements - 6.60X 4.50X 2.38
Fluoresence - STG
Polish - VG
Symmetry - VG
No Of Diamonds - 1",in stock,new,3432.22 SGD,https://colourdiam.com/diamonddetails/Menu/5438,https://www.colourdiam.com/Product/Diamond/5438/still.jpg,ColourDiam,Apparel & Accessories > Jewelry,,1,,,,unisex,,,adult,,,,,,,,,GIA,Fine Jewelry
5410,Sku - 5410 Weight - 0.5 Colour - Light Pink Shape - Cushion Clarity - SI2 Measurements - 4.48 x 4.23 x 2.92 Fluoresence - None Polish - EX Symmetry - VG No Of Diamonds - 1,"Sku - 5410
Weight - 0.5
Colour - Light Pink
Shape - Cushion
Clarity - SI2
Measurements - 4.48 x 4.23 x 2.92
Fluoresence - None
Polish - EX
Symmetry - VG
No Of Diamonds - 1",in stock,new,4016.42 SGD,https://colourdiam.com/diamonddetails/Menu/5410,https://www.colourdiam.com/Product/Diamond/5410/still.jpg,ColourDiam,Apparel & Accessories > Jewelry,,1,,,,unisex,,,adult,,,,,,,,,GIA,Fine Jewelry
6113,Sku - 6113 Weight - 0.5 Colour - Light Pinkish Brown Shape - Oval Clarity - VS2 Measurements - 5.27 X 3.98. X 2.87 Fluoresence - None Polish - EX Symmetry - VG No Of Diamonds - 1,"Sku - 6113
Weight - 0.5
Colour - Light Pinkish Brown
Shape - Oval
Clarity - VS2
Measurements - 5.27 X 3.98. X 2.87
Fluoresence - None
Polish - EX
Symmetry - VG
No Of Diamonds - 1",in stock,new,2190.78 SGD,https://colourdiam.com/diamonddetails/Menu/6113,https://www.colourdiam.com/Product/Diamond/6113/still.jpg,ColourDiam,Apparel & Accessories > Jewelry,,1,,,,unisex,,,adult,,,,,,,,,GIA,Fine Jewelry
5541,Sku - 5541 Weight - 0.5 Colour - Light Pinkish Brown Shape - Radiant Clarity - VS2 Measurements - 4.26 x 4.22 x 2.97 Fluoresence - None Polish - EX Symmetry - VG No Of Diamonds - 1,"Sku - 5541
Weight - 0.5
Colour - Light Pinkish Brown
Shape - Radiant
Clarity - VS2
Measurements - 4.26 x 4.22 x 2.97
Fluoresence - None
Polish - EX
Symmetry - VG
No Of Diamonds - 1",in stock,new,2263.8 SGD,https://colourdiam.com/diamonddetails/Menu/5541,https://www.colourdiam.com/Product/Diamond/5541/still.jpg,ColourDiam,Apparel & Accessories > Jewelry,,1,,,,unisex,,,adult,,,,,,,,,GIA,Fine Jewelry
6336,Sku - 6336 Weight - 0.5 Colour - Very Light Pink Shape - Pear Clarity - I1 Measurements - 6.41 X 4.40 X 2.61 Fluoresence - None Polish - G Symmetry - F No Of Diamonds - 1,"Sku - 6336
Weight - 0.5
Colour - Very Light Pink
Shape - Pear
Clarity - I1
Measurements - 6.41 X 4.40 X 2.61
Fluoresence - None
Polish - G
Symmetry - F
No Of Diamonds - 1",in stock,new,1918.4 SGD,https://colourdiam.com/diamonddetails/Menu/6336,https://www.colourdiam.com/Product/Diamond/6336/still.jpg,ColourDiam,Apparel & Accessories > Jewelry,,1,,,,unisex,,,adult,,,,,,,,,GIA,Fine Jewelry
6342,Sku - 6342 Weight - 0.5 Colour - Faint Pink Shape - Round Clarity - I1 Measurements - 5.02 X 5.05 X 3.17 Fluoresence - None Polish - EX Symmetry - VG No Of Diamonds - 1,"Sku - 6342
Weight - 0.5
Colour - Faint Pink
Shape - Round
Clarity - I1
Measurements - 5.02 X 5.05 X 3.17
Fluoresence - None
Polish - EX
Symmetry - VG
No Of Diamonds - 1",in stock,new,1314.47 SGD,https://colourdiam.com/diamonddetails/Menu/6342,https://www.colourdiam.com/Product/Diamond/6342/still.jpg,ColourDiam,Apparel & Accessories > Jewelry,,1,,,,unisex,,,adult,,,,,,,,,GIA,Fine Jewelry
7101,Sku - 7101 Weight - 0.5 Colour - Light Pink Shape - Radiant Clarity - SI1 Measurements - 4.61 x 4.43 x 2.88 Fluoresence - None Polish - VG Symmetry - GD No Of Diamonds - 1,"Sku - 7101
Weight - 0.5
Colour - Light Pink
Shape - Radiant
Clarity - SI1
Measurements - 4.61 x 4.43 x 2.88
Fluoresence - None
Polish - VG
Symmetry - GD
No Of Diamonds - 1",in stock,new,5038.78 SGD,https://colourdiam.com/diamonddetails/Menu/7101,https://www.colourdiam.com/Product/Diamond/7101/still.jpg,ColourDiam,Apparel & Accessories > Jewelry,,1,,,,unisex,,,adult,,,,,,,,,GIA,Fine Jewelry
7108,Sku - 7108 Weight - 0.5 Colour - Fancy Vivid Yellow Orange Shape - Cushion Clarity - I1 Measurements - 4.98 X 3.81 X 2.94 Fluoresence - Med Polish - VG Symmetry - GD No Of Diamonds - 1,"Sku - 7108
Weight - 0.5
Colour - Fancy Vivid Yellow Orange
Shape - Cushion
Clarity - I1
Measurements - 4.98 X 3.81 X 2.94
Fluoresence - Med
Polish - VG
Symmetry - GD
No Of Diamonds - 1",in stock,new,7302.59 SGD,https://colourdiam.com/diamonddetails/Menu/7108,https://www.colourdiam.com/Product/Diamond/7108/still.jpg,ColourDiam,Apparel & Accessories > Jewelry,,1,,,,unisex,,,adult,,,,,,,,,GIA,Fine Jewelry
5032,Sku - 5032 Weight - 0.5 Colour - Fancy Yellow Shape - Oval Clarity - I1 Measurements - 5.85*4.42*2.76 Fluoresence - Fnt Polish - G Symmetry - GD No Of Diamonds - 1,"Sku - 5032
Weight - 0.5
Colour - Fancy Yellow
Shape - Oval
Clarity - I1
Measurements - 5.85*4.42*2.76
Fluoresence - Fnt
Polish - G
Symmetry - GD
No Of Diamonds - 1",in stock,new,474.67 SGD,https://colourdiam.com/diamonddetails/Menu/5032,https://www.colourdiam.com/Product/Diamond/5032/still.jpg,ColourDiam,Apparel & Accessories > Jewelry,,1,,,,unisex,,,adult,,,,,,,,,GIA,Fine Jewelry
1360,Sku - 1360 Weight - 0.5 Colour - Fancy Intense Orangy Yellow Shape - Marquise Clarity -  Measurements - 7.31 x 4.13 x 2.62 Fluoresence - None Polish -  Symmetry -  No Of Diamonds - 1,"Sku - 1360
Weight - 0.5
Colour - Fancy Intense Orangy Yellow
Shape - Marquise
Clarity - 
Measurements - 7.31 x 4.13 x 2.62
Fluoresence - None
Polish - 
Symmetry - 
No Of Diamonds - 1",in stock,new,4016.42 SGD,https://colourdiam.com/diamonddetails/Menu/1360,https://www.colourdiam.com/Product/Diamond/1360/still.jpg,ColourDiam,Apparel & Accessories > Jewelry,,1,,,,unisex,,,adult,,,,,,,,,GIA,Fine Jewelry
7269,Sku - 7269 Weight - 0.5 Colour - Very Light Pink Shape - Pear Clarity - VS1 Measurements - 6.73 x 4.46 x 2.78 Fluoresence - None Polish - EX Symmetry - VG No Of Diamonds - 1,"Sku - 7269
Weight - 0.5
Colour - Very Light Pink
Shape - Pear
Clarity - VS1
Measurements - 6.73 x 4.46 x 2.78
Fluoresence - None
Polish - EX
Symmetry - VG
No Of Diamonds - 1",in stock,new,4235.5 SGD,https://colourdiam.com/diamonddetails/Menu/7269,https://www.colourdiam.com/Product/Diamond/7269/still.jpg,ColourDiam,Apparel & Accessories > Jewelry,,1,,,,unisex,,,adult,,,,,,,,,GIA,Fine Jewelry
7680,Sku - 7680 Weight - 0.5 Colour - Faint Pinkish Brown Shape - Princess Clarity - VS2 Measurements - 4.36X4.24X3.12 Fluoresence - None Polish - EX Symmetry - EX No Of Diamonds - 1,"Sku - 7680
Weight - 0.5
Colour - Faint Pinkish Brown
Shape - Princess
Clarity - VS2
Measurements - 4.36X4.24X3.12
Fluoresence - None
Polish - EX
Symmetry - EX
No Of Diamonds - 1",in stock,new,1825.65 SGD,https://colourdiam.com/diamonddetails/Menu/7680,https://www.colourdiam.com/Product/Diamond/7680/still.jpg,ColourDiam,Apparel & Accessories > Jewelry,,1,,,,unisex,,,adult,,,,,,,,,GIA,Fine Jewelry
7798,Sku - 7798 Weight - 0.5 Colour - Faint Pinkish Brown Shape - Heart Clarity - SI2 Measurements - 4.93X5.41X3.07 Fluoresence - None Polish - EX Symmetry - VG No Of Diamonds - 1,"Sku - 7798
Weight - 0.5
Colour - Faint Pinkish Brown
Shape - Heart
Clarity - SI2
Measurements - 4.93X5.41X3.07
Fluoresence - None
Polish - EX
Symmetry - VG
No Of Diamonds - 1",in stock,new,1241.44 SGD,https://colourdiam.com/diamonddetails/Menu/7798,https://www.colourdiam.com/Product/Diamond/7798/still.jpg,ColourDiam,Apparel & Accessories > Jewelry,,1,,,,unisex,,,adult,,,,,,,,,GIA,Fine Jewelry
8335,Sku - 8335 Weight - 0.5 Colour - Fancy Purple Pink Shape - Cushion Clarity - SI2 Measurements - 4.79 x 4.09 x 2.82 Fluoresence - Fnt Polish - EX Symmetry - VG No Of Diamonds - 1,"Sku - 8335
Weight - 0.5
Colour - Fancy Purple Pink
Shape - Cushion
Clarity - SI2
Measurements - 4.79 x 4.09 x 2.82
Fluoresence - Fnt
Polish - EX
Symmetry - VG
No Of Diamonds - 1",in stock,new,16430.82 SGD,https://colourdiam.com/diamonddetails/Menu/8335,https://www.colourdiam.com/Product/Diamond/8335/still.jpg,ColourDiam,Apparel & Accessories > Jewelry,,1,,,,unisex,,,adult,,,,,,,,,GIA,Fine Jewelry
2012,Sku - 2012 Weight - 0.5 Colour - Fancy Brown Pink Shape - Cut cornered square Clarity - I2 Measurements - 4.15X4.07X3.27 Fluoresence - Fnt Polish - EX Symmetry - GD No Of Diamonds - 1,"Sku - 2012
Weight - 0.5
Colour - Fancy Brown Pink
Shape - Cut cornered square
Clarity - I2
Measurements - 4.15X4.07X3.27
Fluoresence - Fnt
Polish - EX
Symmetry - GD
No Of Diamonds - 1",in stock,new,1643.08 SGD,https://colourdiam.com/diamonddetails/Menu/2012,https://www.colourdiam.com/Product/Diamond/2012/still.jpg,ColourDiam,Apparel & Accessories > Jewelry,,1,,,,unisex,,,adult,,,,,,,,,GIA,Fine Jewelry
4973,Sku - 4973 Weight - 0.49 Colour - Fancy Brown Pink Shape - Pear Clarity - SI1 Measurements - 7.46X4.84X1.60 Fluoresence - None Polish - G Symmetry - F No Of Diamonds - 1,"Sku - 4973
Weight - 0.49
Colour - Fancy Brown Pink
Shape - Pear
Clarity - SI1
Measurements - 7.46X4.84X1.60
Fluoresence - None
Polish - G
Symmetry - F
No Of Diamonds - 1",in stock,new,1431.31 SGD,https://colourdiam.com/diamonddetails/Menu/4973,https://www.colourdiam.com/Product/Diamond/4973/still.jpg,ColourDiam,Apparel & Accessories > Jewelry,,1,,,,unisex,,,adult,,,,,,,,,GIA,Fine Jewelry
1049,Sku - 1049 Weight - 0.49 Colour - Faint Green Shape - Round Clarity -  Measurements - 5.08x5.15x3.08 Fluoresence - None Polish -  Symmetry -  No Of Diamonds - 1,"Sku - 1049
Weight - 0.49
Colour - Faint Green
Shape - Round
Clarity - 
Measurements - 5.08x5.15x3.08
Fluoresence - None
Polish - 
Symmetry - 
No Of Diamonds - 1",in stock,new,1431.31 SGD,https://colourdiam.com/diamonddetails/Menu/1049,https://www.colourdiam.com/Product/Diamond/1049/still.jpg,ColourDiam,Apparel & Accessories > Jewelry,,1,,,,unisex,,,adult,,,,,,,,,GIA,Fine Jewelry
7100,Sku - 7100 Weight - 0.49 Colour - Fancy Dark Gray Yellowish Green Shape - Cushion Clarity - I1 Measurements - 4.62 x 4.57 x 2.65 Fluoresence - STG Polish - G Symmetry - GD No Of Diamonds - 1,"Sku - 7100
Weight - 0.49
Colour - Fancy Dark Gray Yellowish Green
Shape - Cushion
Clarity - I1
Measurements - 4.62 x 4.57 x 2.65
Fluoresence - STG
Polish - G
Symmetry - GD
No Of Diamonds - 1",in stock,new,1436.31 SGD,https://colourdiam.com/diamonddetails/Menu/7100,https://www.colourdiam.com/Product/Diamond/7100/still.jpg,ColourDiam,Apparel & Accessories > Jewelry,,1,,,,unisex,,,adult,,,,,,,,,GIA,Fine Jewelry
1381,Sku - 1381 Weight - 0.48 Colour - Fancy Vivid Yellow Shape - Cushion Clarity - SI1 Measurements - 5.04X4.24X2.75 Fluoresence - None Polish - EX Symmetry - VG No Of Diamonds - 1,"Sku - 1381
Weight - 0.48
Colour - Fancy Vivid Yellow
Shape - Cushion
Clarity - SI1
Measurements - 5.04X4.24X2.75
Fluoresence - None
Polish - EX
Symmetry - VG
No Of Diamonds - 1",in stock,new,3154.72 SGD,https://colourdiam.com/diamonddetails/Menu/1381,https://www.colourdiam.com/Product/Diamond/1381/still.jpg,ColourDiam,Apparel & Accessories > Jewelry,,1,,,,unisex,,,adult,,,,,,,,,GIA,Fine Jewelry
4730,Sku - 4730 Weight - 0.48 Colour - Fancy Light Greenish Blue Shape - Pear Clarity - SI1 Measurements - 5.9X4.33X2.56 Fluoresence - None Polish - G Symmetry - GD No Of Diamonds - 1,"Sku - 4730
Weight - 0.48
Colour - Fancy Light Greenish Blue
Shape - Pear
Clarity - SI1
Measurements - 5.9X4.33X2.56
Fluoresence - None
Polish - G
Symmetry - GD
No Of Diamonds - 1",in stock,new,3154.72 SGD,https://colourdiam.com/diamonddetails/Menu/4730,https://www.colourdiam.com/Product/Diamond/4730/still.jpg,ColourDiam,Apparel & Accessories > Jewelry,,1,,,,unisex,,,adult,,,,,,,,,GIA,Fine Jewelry
8698,Sku - 8698 Weight - 0.48 Colour - Fancy Light Yellow Green Shape - Radiant Clarity - SI2 Measurements - 4.36x4.34x2.86 Fluoresence - Vst Polish - VG Symmetry - GD No Of Diamonds - 1,"Sku - 8698
Weight - 0.48
Colour - Fancy Light Yellow Green
Shape - Radiant
Clarity - SI2
Measurements - 4.36x4.34x2.86
Fluoresence - Vst
Polish - VG
Symmetry - GD
No Of Diamonds - 1",in stock,new,2804.19 SGD,https://colourdiam.com/diamonddetails/Menu/8698,https://www.colourdiam.com/Product/Diamond/8698/still.jpg,ColourDiam,Apparel & Accessories > Jewelry,,1,,,,unisex,,,adult,,,,,,,,,GIA,Fine Jewelry
2963,Sku - 2963 Weight - 0.47 Colour - Light Yellowish Gray Shape - Heart Clarity - SI2 Measurements - 4.46*5.07*2.87 Fluoresence - None Polish -  Symmetry -  No Of Diamonds - 1,"Sku - 2963
Weight - 0.47
Colour - Light Yellowish Gray
Shape - Heart
Clarity - SI2
Measurements - 4.46*5.07*2.87
Fluoresence - None
Polish - 
Symmetry - 
No Of Diamonds - 1",in stock,new,0 SGD,https://colourdiam.com/diamonddetails/Menu/2963,https://www.colourdiam.com/Product/Diamond/2963/still.jpg,ColourDiam,Apparel & Accessories > Jewelry,,1,,,,unisex,,,adult,,,,,,,,,CGL,Fine Jewelry
1348,Sku - 1348 Weight - 0.46 Colour - Fancy Light Gray Shape - Radiant Clarity - I2 Measurements - 4.61*4.48*2.85 Fluoresence - None Polish - G Symmetry - GD No Of Diamonds - 1,"Sku - 1348
Weight - 0.46
Colour - Fancy Light Gray
Shape - Radiant
Clarity - I2
Measurements - 4.61*4.48*2.85
Fluoresence - None
Polish - G
Symmetry - GD
No Of Diamonds - 1",in stock,new,1478.04 SGD,https://colourdiam.com/diamonddetails/Menu/1348,https://www.colourdiam.com/Product/Diamond/1348/still.jpg,ColourDiam,Apparel & Accessories > Jewelry,,1,,,,unisex,,,adult,,,,,,,,,GIA,Fine Jewelry
7107,Sku - 7107 Weight - 0.46 Colour - Fancy Vivid Yellow Orange Shape - Cushion Clarity - SI2 Measurements - 4.85 X 3.75 X 2.72 Fluoresence - None Polish - VG Symmetry - VG No Of Diamonds - 1,"Sku - 7107
Weight - 0.46
Colour - Fancy Vivid Yellow Orange
Shape - Cushion
Clarity - SI2
Measurements - 4.85 X 3.75 X 2.72
Fluoresence - None
Polish - VG
Symmetry - VG
No Of Diamonds - 1",in stock,new,5971.29 SGD,https://colourdiam.com/diamonddetails/Menu/7107,https://www.colourdiam.com/Product/Diamond/7107/still.jpg,ColourDiam,Apparel & Accessories > Jewelry,,1,,,,unisex,,,adult,,,,,,,,,GIA,Fine Jewelry
5537,Sku - 5537 Weight - 0.46 Colour - Fancy Brownish Pink Shape - Radiant Clarity - SI2 Measurements - 4.04 x 4.01 x 2.99 Fluoresence - None Polish - EX Symmetry - GD No Of Diamonds - 1,"Sku - 5537
Weight - 0.46
Colour - Fancy Brownish Pink
Shape - Radiant
Clarity - SI2
Measurements - 4.04 x 4.01 x 2.99
Fluoresence - None
Polish - EX
Symmetry - GD
No Of Diamonds - 1",in stock,new,2418.62 SGD,https://colourdiam.com/diamonddetails/Menu/5537,https://www.colourdiam.com/Product/Diamond/5537/still.jpg,ColourDiam,Apparel & Accessories > Jewelry,,1,,,,unisex,,,adult,,,,,,,,,GIA,Fine Jewelry
7794,Sku - 7794 Weight - 0.46 Colour - Faint Pink Shape - Round Clarity - VS2 Measurements - 5.02 x 5.03 X 2.98 Fluoresence - None Polish - EX Symmetry - EX No Of Diamonds - 1,"Sku - 7794
Weight - 0.46
Colour - Faint Pink
Shape - Round
Clarity - VS2
Measurements - 5.02 x 5.03 X 2.98
Fluoresence - None
Polish - EX
Symmetry - EX
No Of Diamonds - 1",in stock,new,1276.49 SGD,https://colourdiam.com/diamonddetails/Menu/7794,https://www.colourdiam.com/Product/Diamond/7794/still.jpg,ColourDiam,Apparel & Accessories > Jewelry,,1,,,,unisex,,,adult,,,,,,,,,GIA,Fine Jewelry
5723,Sku - 5723 Weight - 0.46 Colour - Fancy Yellow Shape - Cushion Clarity - SI1 Measurements - 4.38x4.02x2.84 Fluoresence - Fnt Polish - EX Symmetry - GD No Of Diamonds - 1,"Sku - 5723
Weight - 0.46
Colour - Fancy Yellow
Shape - Cushion
Clarity - SI1
Measurements - 4.38x4.02x2.84
Fluoresence - Fnt
Polish - EX
Symmetry - GD
No Of Diamonds - 1",in stock,new,671.84 SGD,https://colourdiam.com/diamonddetails/Menu/5723,https://www.colourdiam.com/Product/Diamond/5723/still.jpg,ColourDiam,Apparel & Accessories > Jewelry,,1,,,,unisex,,,adult,,,,,,,,,GIA,Fine Jewelry
4970,Sku - 4970 Weight - 0.46 Colour - Fancy Yellow Green Shape - Pear Clarity - I1 Measurements - 6.26 x 3.88 x 2.45 Fluoresence - None Polish - G Symmetry - VG No Of Diamonds - 1,"Sku - 4970
Weight - 0.46
Colour - Fancy Yellow Green
Shape - Pear
Clarity - I1
Measurements - 6.26 x 3.88 x 2.45
Fluoresence - None
Polish - G
Symmetry - VG
No Of Diamonds - 1",in stock,new,537.47 SGD,https://colourdiam.com/diamonddetails/Menu/4970,https://www.colourdiam.com/Product/Diamond/4970/still.jpg,ColourDiam,Apparel & Accessories > Jewelry,,1,,,,unisex,,,adult,,,,,,,,,GIA,Fine Jewelry
99,Sku - 99 Weight - 0.46 Colour - Fancy Light Purplish Pink Shape - Round Clarity -  Measurements - 4.94 X 4.99 X 3.02 Fluoresence - None Polish -  Symmetry -  No Of Diamonds - 1,"Sku - 99
Weight - 0.46
Colour - Fancy Light Purplish Pink
Shape - Round
Clarity - 
Measurements - 4.94 X 4.99 X 3.02
Fluoresence - None
Polish - 
Symmetry - 
No Of Diamonds - 1",in stock,new,12093.08 SGD,https://colourdiam.com/diamonddetails/Menu/99,https://www.colourdiam.com/Product/Diamond/99/still.jpg,ColourDiam,Apparel & Accessories > Jewelry,,1,,,,unisex,,,adult,,,,,,,,,GIA,Fine Jewelry
2309,Sku - 2309 Weight - 0.46 Colour - W-X Shape - Round Clarity - SI2 Measurements - 4.97X4.91X3.09 Fluoresence - Fnt Polish - G Symmetry - GD No Of Diamonds - 1,"Sku - 2309
Weight - 0.46
Colour - W-X
Shape - Round
Clarity - SI2
Measurements - 4.97X4.91X3.09
Fluoresence - Fnt
Polish - G
Symmetry - GD
No Of Diamonds - 1",in stock,new,1007.76 SGD,https://colourdiam.com/diamonddetails/Menu/2309,https://www.colourdiam.com/Product/Diamond/2309/still.jpg,ColourDiam,Apparel & Accessories > Jewelry,,1,,,,unisex,,,adult,,,,,,,,,GIA,Fine Jewelry
9259,Sku - 9259 Weight - 0.45 Colour - Faint Pink Shape - Round Clarity - I1 Measurements - 4.93 - 4.95 x 2.99 Fluoresence - None Polish - EX Symmetry - EX No Of Diamonds - 1,"Sku - 9259
Weight - 0.45
Colour - Faint Pink
Shape - Round
Clarity - I1
Measurements - 4.93 - 4.95 x 2.99
Fluoresence - None
Polish - EX
Symmetry - EX
No Of Diamonds - 1",in stock,new,657.23 SGD,https://colourdiam.com/diamonddetails/Menu/9259,https://www.colourdiam.com/Product/Diamond/9259/still.jpg,ColourDiam,Apparel & Accessories > Jewelry,,1,,,,unisex,,,adult,,,,,,,,,GIA,Fine Jewelry
9258,Sku - 9258 Weight - 0.45 Colour - Faint Pink Shape - Round Clarity - SI2 Measurements - 4.87 - 4.90 x 3.00 Fluoresence - None Polish - EX Symmetry - EX No Of Diamonds - 1,"Sku - 9258
Weight - 0.45
Colour - Faint Pink
Shape - Round
Clarity - SI2
Measurements - 4.87 - 4.90 x 3.00
Fluoresence - None
Polish - EX
Symmetry - EX
No Of Diamonds - 1",in stock,new,985.85 SGD,https://colourdiam.com/diamonddetails/Menu/9258,https://www.colourdiam.com/Product/Diamond/9258/still.jpg,ColourDiam,Apparel & Accessories > Jewelry,,1,,,,unisex,,,adult,,,,,,,,,GIA,Fine Jewelry
4161,Sku - 4161 Weight - 0.45 Colour - Fancy Intense Yellow Shape - Pear Clarity - SI1 Measurements - 6.97*4.38*1.97 Fluoresence - None Polish - G Symmetry - GD No Of Diamonds - 1,"Sku - 4161
Weight - 0.45
Colour - Fancy Intense Yellow
Shape - Pear
Clarity - SI1
Measurements - 6.97*4.38*1.97
Fluoresence - None
Polish - G
Symmetry - GD
No Of Diamonds - 1",in stock,new,1183.02 SGD,https://colourdiam.com/diamonddetails/Menu/4161,https://www.colourdiam.com/Product/Diamond/4161/still.jpg,ColourDiam,Apparel & Accessories > Jewelry,,1,,,,unisex,,,adult,,,,,,,,,GIA,Fine Jewelry
7112,Sku - 7112 Weight - 0.45 Colour - Fancy Vivid Yellow Orange Shape - Cushion Clarity - I1 Measurements - 4.57 X 3.94 X 2.90 Fluoresence - Med Polish - EX Symmetry - GD No Of Diamonds - 1,"Sku - 7112
Weight - 0.45
Colour - Fancy Vivid Yellow Orange
Shape - Cushion
Clarity - I1
Measurements - 4.57 X 3.94 X 2.90
Fluoresence - Med
Polish - EX
Symmetry - GD
No Of Diamonds - 1",in stock,new,5841.48 SGD,https://colourdiam.com/diamonddetails/Menu/7112,https://www.colourdiam.com/Product/Diamond/7112/still.jpg,ColourDiam,Apparel & Accessories > Jewelry,,1,,,,unisex,,,adult,,,,,,,,,GIA,Fine Jewelry
4657,Sku - 4657 Weight - 0.45 Colour - Fancy Light Purplish Pink Shape - Cushion Clarity - I1 Measurements - 4.75*3.99*2.65 Fluoresence - None Polish - EX Symmetry - VG No Of Diamonds - 1,"Sku - 4657
Weight - 0.45
Colour - Fancy Light Purplish Pink
Shape - Cushion
Clarity - I1
Measurements - 4.75*3.99*2.65
Fluoresence - None
Polish - EX
Symmetry - VG
No Of Diamonds - 1",in stock,new,3549.06 SGD,https://colourdiam.com/diamonddetails/Menu/4657,https://www.colourdiam.com/Product/Diamond/4657/still.jpg,ColourDiam,Apparel & Accessories > Jewelry,,1,,,,unisex,,,adult,,,,,,,,,GIA,Fine Jewelry
7683,Sku - 7683 Weight - 0.44 Colour - Fancy Intense Orangy Yellow Shape - Marquise Clarity - I1 Measurements - 6.82 x 3.88 x 2.44 Fluoresence - STG Polish - VG Symmetry - F No Of Diamonds - 1,"Sku - 7683
Weight - 0.44
Colour - Fancy Intense Orangy Yellow
Shape - Marquise
Clarity - I1
Measurements - 6.82 x 3.88 x 2.44
Fluoresence - STG
Polish - VG
Symmetry - F
No Of Diamonds - 1",in stock,new,1799.36 SGD,https://colourdiam.com/diamonddetails/Menu/7683,https://www.colourdiam.com/Product/Diamond/7683/still.jpg,ColourDiam,Apparel & Accessories > Jewelry,,1,,,,unisex,,,adult,,,,,,,,,GIA,Fine Jewelry
5760,Sku - 5760 Weight - 0.44 Colour - Fancy Deep Purplish Pink Shape - Pear Clarity - I1 Measurements - 6.81 X 3.99 Fluoresence - Med Polish -  Symmetry -  No Of Diamonds - 1,"Sku - 5760
Weight - 0.44
Colour - Fancy Deep Purplish Pink
Shape - Pear
Clarity - I1
Measurements - 6.81 X 3.99
Fluoresence - Med
Polish - 
Symmetry - 
No Of Diamonds - 1",in stock,new,9639.41 SGD,https://colourdiam.com/diamonddetails/Menu/5760,https://www.colourdiam.com/Product/Diamond/5760/still.jpg,ColourDiam,Apparel & Accessories > Jewelry,,1,,,,unisex,,,adult,,,,,,,,,AGT,Fine Jewelry
8741,Sku - 8741 Weight - 0.44 Colour - Fancy Grayish Yellowish Green Shape - Round Clarity - SI1 Measurements - 4.91 - 4.93 X 2.97 Fluoresence - None Polish - G Symmetry - GD No Of Diamonds - 1,"Sku - 8741
Weight - 0.44
Colour - Fancy Grayish Yellowish Green
Shape - Round
Clarity - SI1
Measurements - 4.91 - 4.93 X 2.97
Fluoresence - None
Polish - G
Symmetry - GD
No Of Diamonds - 1",in stock,new,1156.73 SGD,https://colourdiam.com/diamonddetails/Menu/8741,https://www.colourdiam.com/Product/Diamond/8741/still.jpg,ColourDiam,Apparel & Accessories > Jewelry,,1,,,,unisex,,,adult,,,,,,,,,GIA,Fine Jewelry
1055,Sku - 1055 Weight - 0.44 Colour - F Shape - Round Clarity - VVS2 Measurements - 4.89X4.85X3.04 Fluoresence - Fnt Polish - VG Symmetry - VG No Of Diamonds - 1,"Sku - 1055
Weight - 0.44
Colour - F
Shape - Round
Clarity - VVS2
Measurements - 4.89X4.85X3.04
Fluoresence - Fnt
Polish - VG
Symmetry - VG
No Of Diamonds - 1",in stock,new,1285.26 SGD,https://colourdiam.com/diamonddetails/Menu/1055,https://www.colourdiam.com/Product/Diamond/1055/still.jpg,ColourDiam,Apparel & Accessories > Jewelry,,1,,,,unisex,,,adult,,,,,,,,,GIA,Fine Jewelry
4511,Sku - 4511 Weight - 0.43 Colour - Fancy Light Pinkish Purple Shape - Cushion Clarity - SI2 Measurements - 4.22*4.11*2.81 Fluoresence - None Polish - VG Symmetry - VG No Of Diamonds - 1,"Sku - 4511
Weight - 0.43
Colour - Fancy Light Pinkish Purple
Shape - Cushion
Clarity - SI2
Measurements - 4.22*4.11*2.81
Fluoresence - None
Polish - VG
Symmetry - VG
No Of Diamonds - 1",in stock,new,4710.17 SGD,https://colourdiam.com/diamonddetails/Menu/4511,https://www.colourdiam.com/Product/Diamond/4511/still.jpg,ColourDiam,Apparel & Accessories > Jewelry,,1,,,,unisex,,,adult,,,,,,,,,GIA,Fine Jewelry
5757,Sku - 5757 Weight - 0.43 Colour - Fancy Pinkish Purple Shape - Heart Clarity -  Measurements - 4.85 X 5.06 X 2.74 Fluoresence - None Polish -  Symmetry -  No Of Diamonds - 1,"Sku - 5757
Weight - 0.43
Colour - Fancy Pinkish Purple
Shape - Heart
Clarity - 
Measurements - 4.85 X 5.06 X 2.74
Fluoresence - None
Polish - 
Symmetry - 
No Of Diamonds - 1",in stock,new,4521.76 SGD,https://colourdiam.com/diamonddetails/Menu/5757,https://www.colourdiam.com/Product/Diamond/5757/still.jpg,ColourDiam,Apparel & Accessories > Jewelry,,1,,,,unisex,,,adult,,,,,,,,,GIA,Fine Jewelry
5033,Sku - 5033 Weight - 0.43 Colour - Fancy Intense Yellow Shape - Oval Clarity - SI1 Measurements - 5.41*4.08*2.53 Fluoresence - Fnt Polish - VG Symmetry - F No Of Diamonds - 1,"Sku - 5033
Weight - 0.43
Colour - Fancy Intense Yellow
Shape - Oval
Clarity - SI1
Measurements - 5.41*4.08*2.53
Fluoresence - Fnt
Polish - VG
Symmetry - F
No Of Diamonds - 1",in stock,new,942.03 SGD,https://colourdiam.com/diamonddetails/Menu/5033,https://www.colourdiam.com/Product/Diamond/5033/still.jpg,ColourDiam,Apparel & Accessories > Jewelry,,1,,,,unisex,,,adult,,,,,,,,,GIA,Fine Jewelry
4656,Sku - 4656 Weight - 0.43 Colour - Fancy Light Orangy Pink Shape - Cushion Clarity - SI1 Measurements - 4.29.4.09*2.66 Fluoresence - None Polish - VG Symmetry - GD No Of Diamonds - 1,"Sku - 4656
Weight - 0.43
Colour - Fancy Light Orangy Pink
Shape - Cushion
Clarity - SI1
Measurements - 4.29.4.09*2.66
Fluoresence - None
Polish - VG
Symmetry - GD
No Of Diamonds - 1",in stock,new,4521.76 SGD,https://colourdiam.com/diamonddetails/Menu/4656,https://www.colourdiam.com/Product/Diamond/4656/still.jpg,ColourDiam,Apparel & Accessories > Jewelry,,1,,,,unisex,,,adult,,,,,,,,,GIA,Fine Jewelry
4309,Sku - 4309 Weight - 0.43 Colour - Fancy Vivid Yellow Shape - Oval Clarity - VS1 Measurements - 4.96*3.88*2.72 Fluoresence - None Polish - G Symmetry - GD No Of Diamonds - 1,"Sku - 4309
Weight - 0.43
Colour - Fancy Vivid Yellow
Shape - Oval
Clarity - VS1
Measurements - 4.96*3.88*2.72
Fluoresence - None
Polish - G
Symmetry - GD
No Of Diamonds - 1",in stock,new,1884.07 SGD,https://colourdiam.com/diamonddetails/Menu/4309,https://www.colourdiam.com/Product/Diamond/4309/still.jpg,ColourDiam,Apparel & Accessories > Jewelry,,1,,,,unisex,,,adult,,,,,,,,,GIA,Fine Jewelry
2238,Sku - 2238 Weight - 0.43 Colour - Fancy Pink Purple Shape - Cushion Clarity - I2 Measurements - 4.49X3.98X2.73 Fluoresence - Med Polish - EX Symmetry - GD No Of Diamonds - 1,"Sku - 2238
Weight - 0.43
Colour - Fancy Pink Purple
Shape - Cushion
Clarity - I2
Measurements - 4.49X3.98X2.73
Fluoresence - Med
Polish - EX
Symmetry - GD
No Of Diamonds - 1",in stock,new,5024.18 SGD,https://colourdiam.com/diamonddetails/Menu/2238,https://www.colourdiam.com/Product/Diamond/2238/still.jpg,ColourDiam,Apparel & Accessories > Jewelry,,1,,,,unisex,,,adult,,,,,,,,,GIA,Fine Jewelry
6181,Sku - 6181 Weight - 0.42 Colour - Fancy Yellow Shape - Cushion Clarity - SI2 Measurements - 4.83 X 3.63 X 2.50 Fluoresence - None Polish - EX Symmetry - VG No Of Diamonds - 1,"Sku - 6181
Weight - 0.42
Colour - Fancy Yellow
Shape - Cushion
Clarity - SI2
Measurements - 4.83 X 3.63 X 2.50
Fluoresence - None
Polish - EX
Symmetry - VG
No Of Diamonds - 1",in stock,new,736.1 SGD,https://colourdiam.com/diamonddetails/Menu/6181,https://www.colourdiam.com/Product/Diamond/6181/still.jpg,ColourDiam,Apparel & Accessories > Jewelry,,1,,,,unisex,,,adult,,,,,,,,,GIA,Fine Jewelry
5160,Sku - 5160 Weight - 0.42 Colour - Light Pink Shape - Cushion Clarity - I2 Measurements - 4.42X4.13X2.67 Fluoresence - Med Polish - VG Symmetry - GD No Of Diamonds - 1,"Sku - 5160
Weight - 0.42
Colour - Light Pink
Shape - Cushion
Clarity - I2
Measurements - 4.42X4.13X2.67
Fluoresence - Med
Polish - VG
Symmetry - GD
No Of Diamonds - 1",in stock,new,1656.23 SGD,https://colourdiam.com/diamonddetails/Menu/5160,https://www.colourdiam.com/Product/Diamond/5160/still.jpg,ColourDiam,Apparel & Accessories > Jewelry,,1,,,,unisex,,,adult,,,,,,,,,GIA,Fine Jewelry
7129,Sku - 7129 Weight - 0.42 Colour - Very Light Pink Shape - Pear Clarity - I1 Measurements - 6.45X3.94X2.6 Fluoresence - None Polish - VG Symmetry - GD No Of Diamonds - 1,"Sku - 7129
Weight - 0.42
Colour - Very Light Pink
Shape - Pear
Clarity - I1
Measurements - 6.45X3.94X2.6
Fluoresence - None
Polish - VG
Symmetry - GD
No Of Diamonds - 1",in stock,new,1594.88 SGD,https://colourdiam.com/diamonddetails/Menu/7129,https://www.colourdiam.com/Product/Diamond/7129/still.jpg,ColourDiam,Apparel & Accessories > Jewelry,,1,,,,unisex,,,adult,,,,,,,,,GIA,Fine Jewelry
118,Sku - 118 Weight - 0.42 Colour - Fancy Intense Purple Pink Shape - Radiant Clarity - I2 Measurements - 4.19X3.80X2.75 Fluoresence - Fnt Polish - VG Symmetry - GD No Of Diamonds - 1,"Sku - 118
Weight - 0.42
Colour - Fancy Intense Purple Pink
Shape - Radiant
Clarity - I2
Measurements - 4.19X3.80X2.75
Fluoresence - Fnt
Polish - VG
Symmetry - GD
No Of Diamonds - 1",in stock,new,12268.34 SGD,https://colourdiam.com/diamonddetails/Menu/118,https://www.colourdiam.com/Product/Diamond/118/still.jpg,ColourDiam,Apparel & Accessories > Jewelry,,1,,,,unisex,,,adult,,,,,,,,,GIA,Fine Jewelry
330,Sku - 330 Weight - 0.42 Colour - Fancy Pink Purple Shape - Marquise Clarity - SI2 Measurements - 6.73X3.62X2.62 Fluoresence - Med Polish - G Symmetry - GD No Of Diamonds - 1,"Sku - 330
Weight - 0.42
Colour - Fancy Pink Purple
Shape - Marquise
Clarity - SI2
Measurements - 6.73X3.62X2.62
Fluoresence - Med
Polish - G
Symmetry - GD
No Of Diamonds - 1",in stock,new,14108.6 SGD,https://colourdiam.com/diamonddetails/Menu/330,https://www.colourdiam.com/Product/Diamond/330/still.jpg,ColourDiam,Apparel & Accessories > Jewelry,,1,,,,unisex,,,adult,,,,,,,,,GIA,Fine Jewelry
6034,Sku - 6034 Weight - 0.42 Colour - Light Pink Brown Shape - Oval Clarity - SI2 Measurements - 5.28 X 3.88 X 2.57 Fluoresence - Fnt Polish - VG Symmetry - VG No Of Diamonds - 1,"Sku - 6034
Weight - 0.42
Colour - Light Pink Brown
Shape - Oval
Clarity - SI2
Measurements - 5.28 X 3.88 X 2.57
Fluoresence - Fnt
Polish - VG
Symmetry - VG
No Of Diamonds - 1",in stock,new,1656.23 SGD,https://colourdiam.com/diamonddetails/Menu/6034,https://www.colourdiam.com/Product/Diamond/6034/still.jpg,ColourDiam,Apparel & Accessories > Jewelry,,1,,,,unisex,,,adult,,,,,,,,,GIA,Fine Jewelry
2975,Sku - 2975 Weight - 0.42 Colour - Fancy Intense Pink Shape - Oval Clarity - I1 Measurements - 6.19X4.10X2.46 Fluoresence - None Polish -  Symmetry -  No Of Diamonds - 1,"Sku - 2975
Weight - 0.42
Colour - Fancy Intense Pink
Shape - Oval
Clarity - I1
Measurements - 6.19X4.10X2.46
Fluoresence - None
Polish - 
Symmetry - 
No Of Diamonds - 1",in stock,new,27603.78 SGD,https://colourdiam.com/diamonddetails/Menu/2975,https://www.colourdiam.com/Product/Diamond/2975/still.jpg,ColourDiam,Apparel & Accessories > Jewelry,,1,,,,unisex,,,adult,,,,,,,,,AGT,Fine Jewelry
2109,Sku - 2109 Weight - 0.42 Colour - Fancy Light Gray Blue Shape - Round Clarity - SI2 Measurements - 4.80X4.72X2.95 Fluoresence - None Polish - G Symmetry - GD No Of Diamonds - 1,"Sku - 2109
Weight - 0.42
Colour - Fancy Light Gray Blue
Shape - Round
Clarity - SI2
Measurements - 4.80X4.72X2.95
Fluoresence - None
Polish - G
Symmetry - GD
No Of Diamonds - 1",in stock,new,18402.52 SGD,https://colourdiam.com/diamonddetails/Menu/2109,https://www.colourdiam.com/Product/Diamond/2109/still.jpg,ColourDiam,Apparel & Accessories > Jewelry,,1,,,,unisex,,,adult,,,,,,,,,GIA,Fine Jewelry
9498,Sku - 9498 Weight - 0.42 Colour - Fancy Intense Pink Shape - Radiant Clarity -  Measurements - 4.15 x 4.01 x 2.69 Fluoresence -  Polish -  Symmetry -  No Of Diamonds - 1,"Sku - 9498
Weight - 0.42
Colour - Fancy Intense Pink
Shape - Radiant
Clarity - 
Measurements - 4.15 x 4.01 x 2.69
Fluoresence - 
Polish - 
Symmetry - 
No Of Diamonds - 1",in stock,new,0 SGD,https://colourdiam.com/diamonddetails/Menu/9498,https://www.colourdiam.com/Product/Diamond/9498/still.jpg,ColourDiam,Apparel & Accessories > Jewelry,,1,,,,unisex,,,adult,,,,,,,,,GIA,Fine Jewelry
6629,Sku - 6629 Weight - 0.41 Colour - F Shape - Radiant Clarity - IF Measurements - 5.05 x 3.72 x 2.63 Fluoresence - None Polish - EX Symmetry - VG No Of Diamonds - 1,"Sku - 6629
Weight - 0.41
Colour - F
Shape - Radiant
Clarity - IF
Measurements - 5.05 x 3.72 x 2.63
Fluoresence - None
Polish - EX
Symmetry - VG
No Of Diamonds - 1",in stock,new,718.57 SGD,https://colourdiam.com/diamonddetails/Menu/6629,https://www.colourdiam.com/Product/Diamond/6629/still.jpg,ColourDiam,Apparel & Accessories > Jewelry,,1,,,,unisex,,,adult,,,,,,,,,GIA,Fine Jewelry
1896,Sku - 1896 Weight - 0.41 Colour - Fancy Intense Yellow Shape - Cushion Clarity - SI1 Measurements - 4.59X3.93X2.62 Fluoresence - Fnt Polish - EX Symmetry - GD No Of Diamonds - 1,"Sku - 1896
Weight - 0.41
Colour - Fancy Intense Yellow
Shape - Cushion
Clarity - SI1
Measurements - 4.59X3.93X2.62
Fluoresence - Fnt
Polish - EX
Symmetry - GD
No Of Diamonds - 1",in stock,new,808.4 SGD,https://colourdiam.com/diamonddetails/Menu/1896,https://www.colourdiam.com/Product/Diamond/1896/still.jpg,ColourDiam,Apparel & Accessories > Jewelry,,1,,,,unisex,,,adult,,,,,,,,,GIA,Fine Jewelry
7235,Sku - 7235 Weight - 0.41 Colour - Fancy Pinkish Purple Shape - Cushion Clarity - VVS2 Measurements - 4.39 x 4.35 x 2.63 Fluoresence - None Polish - VG Symmetry - GD No Of Diamonds - 1,"Sku - 7235
Weight - 0.41
Colour - Fancy Pinkish Purple
Shape - Cushion
Clarity - VVS2
Measurements - 4.39 x 4.35 x 2.63
Fluoresence - None
Polish - VG
Symmetry - GD
No Of Diamonds - 1",in stock,new,14970.3 SGD,https://colourdiam.com/diamonddetails/Menu/7235,https://www.colourdiam.com/Product/Diamond/7235/still.jpg,ColourDiam,Apparel & Accessories > Jewelry,,1,,,,unisex,,,adult,,,,,,,,,GIA,Fine Jewelry
2340,Sku - 2340 Weight - 0.41 Colour - Fancy Light Bluish Green Shape - Round Clarity - VVS2 Measurements - 4.79X4.75X2.91 Fluoresence - None Polish - VG Symmetry - VG No Of Diamonds - 1,"Sku - 2340
Weight - 0.41
Colour - Fancy Light Bluish Green
Shape - Round
Clarity - VVS2
Measurements - 4.79X4.75X2.91
Fluoresence - None
Polish - VG
Symmetry - VG
No Of Diamonds - 1",in stock,new,9880.4 SGD,https://colourdiam.com/diamonddetails/Menu/2340,https://www.colourdiam.com/Product/Diamond/2340/still.jpg,ColourDiam,Apparel & Accessories > Jewelry,,1,,,,unisex,,,adult,,,,,,,,,GIA,Fine Jewelry
4139,Sku - 4139 Weight - 0.41 Colour - Light Pink Shape - Cushion Clarity - SI2 Measurements - 4.25 X 4.25 X 2.58 Fluoresence - None Polish - VG Symmetry - GD No Of Diamonds - 1,"Sku - 4139
Weight - 0.41
Colour - Light Pink
Shape - Cushion
Clarity - SI2
Measurements - 4.25 X 4.25 X 2.58
Fluoresence - None
Polish - VG
Symmetry - GD
No Of Diamonds - 1",in stock,new,2694.65 SGD,https://colourdiam.com/diamonddetails/Menu/4139,https://www.colourdiam.com/Product/Diamond/4139/still.jpg,ColourDiam,Apparel & Accessories > Jewelry,,1,,,,unisex,,,adult,,,,,,,,,GIA,Fine Jewelry
7679,Sku - 7679 Weight - 0.41 Colour - Faint Pink Shape - Pear Clarity - VS2 Measurements - 6.84X4.05X2.4 Fluoresence - None Polish - VG Symmetry - VG No Of Diamonds - 1,"Sku - 7679
Weight - 0.41
Colour - Faint Pink
Shape - Pear
Clarity - VS2
Measurements - 6.84X4.05X2.4
Fluoresence - None
Polish - VG
Symmetry - VG
No Of Diamonds - 1",in stock,new,2335.37 SGD,https://colourdiam.com/diamonddetails/Menu/7679,https://www.colourdiam.com/Product/Diamond/7679/still.jpg,ColourDiam,Apparel & Accessories > Jewelry,,1,,,,unisex,,,adult,,,,,,,,,GIA,Fine Jewelry
80,Sku - 80 Weight - 0.41 Colour - Fancy Blue Gray Shape - Radiant Clarity - SI1 Measurements - 4.14X3.92X3.17 Fluoresence - None Polish - G Symmetry - F No Of Diamonds - 1,"Sku - 80
Weight - 0.41
Colour - Fancy Blue Gray
Shape - Radiant
Clarity - SI1
Measurements - 4.14X3.92X3.17
Fluoresence - None
Polish - G
Symmetry - F
No Of Diamonds - 1",in stock,new,11976.24 SGD,https://colourdiam.com/diamonddetails/Menu/80,https://www.colourdiam.com/Product/Diamond/80/still.jpg,ColourDiam,Apparel & Accessories > Jewelry,,1,,,,unisex,,,adult,,,,,,,,,GIA,Fine Jewelry
7130,Sku - 7130 Weight - 0.41 Colour - Light Pink Shape - Pear Clarity - I1 Measurements - 6.06X3.85X2.4 Fluoresence - Fnt Polish - G Symmetry - GD No Of Diamonds - 1,"Sku - 7130
Weight - 0.41
Colour - Light Pink
Shape - Pear
Clarity - I1
Measurements - 6.06X3.85X2.4
Fluoresence - Fnt
Polish - G
Symmetry - GD
No Of Diamonds - 1",in stock,new,1800.03 SGD,https://colourdiam.com/diamonddetails/Menu/7130,https://www.colourdiam.com/Product/Diamond/7130/still.jpg,ColourDiam,Apparel & Accessories > Jewelry,,1,,,,unisex,,,adult,,,,,,,,,GIA,Fine Jewelry
6387,Sku - 6387 Weight - 0.41 Colour - Light Pink Shape - Pear Clarity - VS2 Measurements - 6.04 x 3.87 x 2.49 Fluoresence - None Polish - VG Symmetry - GD No Of Diamonds - 1,"Sku - 6387
Weight - 0.41
Colour - Light Pink
Shape - Pear
Clarity - VS2
Measurements - 6.04 x 3.87 x 2.49
Fluoresence - None
Polish - VG
Symmetry - GD
No Of Diamonds - 1",in stock,new,2395.25 SGD,https://colourdiam.com/diamonddetails/Menu/6387,https://www.colourdiam.com/Product/Diamond/6387/still.jpg,ColourDiam,Apparel & Accessories > Jewelry,,1,,,,unisex,,,adult,,,,,,,,,GIA,Fine Jewelry
6315,Sku - 6315 Weight - 0.41 Colour - Light Pink Shape - Cushion Clarity - I1 Measurements - 4.55 x 3.78 x 2.57 Fluoresence - None Polish - VG Symmetry - VG No Of Diamonds - 1,"Sku - 6315
Weight - 0.41
Colour - Light Pink
Shape - Cushion
Clarity - I1
Measurements - 4.55 x 3.78 x 2.57
Fluoresence - None
Polish - VG
Symmetry - VG
No Of Diamonds - 1",in stock,new,3592.87 SGD,https://colourdiam.com/diamonddetails/Menu/6315,https://www.colourdiam.com/Product/Diamond/6315/still.jpg,ColourDiam,Apparel & Accessories > Jewelry,,1,,,,unisex,,,adult,,,,,,,,,GIA,Fine Jewelry
5408,Sku - 5408 Weight - 0.41 Colour - Fancy Light Pinkish Purple Shape - Pear Clarity - VS2 Measurements - 5.96 X 3.63 X 2.59 Fluoresence - Fnt Polish - G Symmetry - GD No Of Diamonds - 1,"Sku - 5408
Weight - 0.41
Colour - Fancy Light Pinkish Purple
Shape - Pear
Clarity - VS2
Measurements - 5.96 X 3.63 X 2.59
Fluoresence - Fnt
Polish - G
Symmetry - GD
No Of Diamonds - 1",in stock,new,8083.96 SGD,https://colourdiam.com/diamonddetails/Menu/5408,https://www.colourdiam.com/Product/Diamond/5408/still.jpg,ColourDiam,Apparel & Accessories > Jewelry,,1,,,,unisex,,,adult,,,,,,,,,GIA,Fine Jewelry
5733,Sku - 5733 Weight - 0.41 Colour - Fancy Yellow Shape - Radiant Clarity - I1 Measurements - 4.07x3.90x2.69 Fluoresence - Med Polish - VG Symmetry - VG No Of Diamonds - 1,"Sku - 5733
Weight - 0.41
Colour - Fancy Yellow
Shape - Radiant
Clarity - I1
Measurements - 4.07x3.90x2.69
Fluoresence - Med
Polish - VG
Symmetry - VG
No Of Diamonds - 1",in stock,new,538.93 SGD,https://colourdiam.com/diamonddetails/Menu/5733,https://www.colourdiam.com/Product/Diamond/5733/still.jpg,ColourDiam,Apparel & Accessories > Jewelry,,1,,,,unisex,,,adult,,,,,,,,,GIA,Fine Jewelry
7110,Sku - 7110 Weight - 0.41 Colour - Fancy Vivid Yellow Orange Shape - Cushion Clarity - SI2 Measurements - 4.37 X 3.81 X 2.65 Fluoresence - Med Polish - VG Symmetry - VG No Of Diamonds - 1,"Sku - 7110
Weight - 0.41
Colour - Fancy Vivid Yellow Orange
Shape - Cushion
Clarity - SI2
Measurements - 4.37 X 3.81 X 2.65
Fluoresence - Med
Polish - VG
Symmetry - VG
No Of Diamonds - 1",in stock,new,5322.24 SGD,https://colourdiam.com/diamonddetails/Menu/7110,https://www.colourdiam.com/Product/Diamond/7110/still.jpg,ColourDiam,Apparel & Accessories > Jewelry,,1,,,,unisex,,,adult,,,,,,,,,GIA,Fine Jewelry
7116,Sku - 7116 Weight - 0.4 Colour - Fancy Light Purplish Pink Shape - Cushion Clarity - SI2 Measurements - 4.14 X 3.99 X 2.72 Fluoresence - Med Polish - G Symmetry - F No Of Diamonds - 1,"Sku - 7116
Weight - 0.4
Colour - Fancy Light Purplish Pink
Shape - Cushion
Clarity - SI2
Measurements - 4.14 X 3.99 X 2.72
Fluoresence - Med
Polish - G
Symmetry - F
No Of Diamonds - 1",in stock,new,5192.43 SGD,https://colourdiam.com/diamonddetails/Menu/7116,https://www.colourdiam.com/Product/Diamond/7116/still.jpg,ColourDiam,Apparel & Accessories > Jewelry,,1,,,,unisex,,,adult,,,,,,,,,GIA,Fine Jewelry
6075,Sku - 6075 Weight - 0.4 Colour - Fancy Brownish Greenish Yellow Shape - Oval Clarity - SI2 Measurements - 5.35 X 3.91 X 2.45 Fluoresence - Med Polish - VG Symmetry - GD No Of Diamonds - 1,"Sku - 6075
Weight - 0.4
Colour - Fancy Brownish Greenish Yellow
Shape - Oval
Clarity - SI2
Measurements - 5.35 X 3.91 X 2.45
Fluoresence - Med
Polish - VG
Symmetry - GD
No Of Diamonds - 1",in stock,new,584.21 SGD,https://colourdiam.com/diamonddetails/Menu/6075,https://www.colourdiam.com/Product/Diamond/6075/still.jpg,ColourDiam,Apparel & Accessories > Jewelry,,1,,,,unisex,,,adult,,,,,,,,,GIA,Fine Jewelry
6401,Sku - 6401 Weight - 0.4 Colour - Light Pink Shape - Cushion Clarity - I1 Measurements - 4.44 x 3.83 x 2.59 Fluoresence - Fnt Polish - VG Symmetry - VG No Of Diamonds - 1,"Sku - 6401
Weight - 0.4
Colour - Light Pink
Shape - Cushion
Clarity - I1
Measurements - 4.44 x 3.83 x 2.59
Fluoresence - Fnt
Polish - VG
Symmetry - VG
No Of Diamonds - 1",in stock,new,3505.24 SGD,https://colourdiam.com/diamonddetails/Menu/6401,https://www.colourdiam.com/Product/Diamond/6401/still.jpg,ColourDiam,Apparel & Accessories > Jewelry,,1,,,,unisex,,,adult,,,,,,,,,GIA,Fine Jewelry
7722,Sku - 7722 Weight - 0.4 Colour - Fancy Pink Purple Shape - Radiant Clarity - VS1 Measurements - 4.62 X 3.64 X 2.44 Fluoresence - None Polish - EX Symmetry - VG No Of Diamonds - 1,"Sku - 7722
Weight - 0.4
Colour - Fancy Pink Purple
Shape - Radiant
Clarity - VS1
Measurements - 4.62 X 3.64 X 2.44
Fluoresence - None
Polish - EX
Symmetry - VG
No Of Diamonds - 1",in stock,new,10807.83 SGD,https://colourdiam.com/diamonddetails/Menu/7722,https://www.colourdiam.com/Product/Diamond/7722/still.jpg,ColourDiam,Apparel & Accessories > Jewelry,,1,,,,unisex,,,adult,,,,,,,,,GIA,Fine Jewelry
8923,Sku - 8923 Weight - 0.4 Colour - F Shape - Pear Clarity - VS2 Measurements - 6.53 x 4.01 x 2.48 Fluoresence - None Polish - VG Symmetry - F No Of Diamonds - 1,"Sku - 8923
Weight - 0.4
Colour - F
Shape - Pear
Clarity - VS2
Measurements - 6.53 x 4.01 x 2.48
Fluoresence - None
Polish - VG
Symmetry - F
No Of Diamonds - 1",in stock,new,555 SGD,https://colourdiam.com/diamonddetails/Menu/8923,https://www.colourdiam.com/Product/Diamond/8923/still.jpg,ColourDiam,Apparel & Accessories > Jewelry,,1,,,,unisex,,,adult,,,,,,,,,GIA,Fine Jewelry
9368,Sku - 9368 Weight - 0.4 Colour - F Shape - Pear Clarity - VVS2 Measurements - 6.49 x 4.06 x 2.60 Fluoresence - None Polish - EX Symmetry - VG No Of Diamonds - 1,"Sku - 9368
Weight - 0.4
Colour - F
Shape - Pear
Clarity - VVS2
Measurements - 6.49 x 4.06 x 2.60
Fluoresence - None
Polish - EX
Symmetry - VG
No Of Diamonds - 1",in stock,new,642.63 SGD,https://colourdiam.com/diamonddetails/Menu/9368,https://www.colourdiam.com/Product/Diamond/9368/still.jpg,ColourDiam,Apparel & Accessories > Jewelry,,1,,,,unisex,,,adult,,,,,,,,,GIA,Fine Jewelry
3771,Sku - 3771 Weight - 0.4 Colour - O-P Shape - Round Clarity - SI2 Measurements - 4.7*4.74*2.96 Fluoresence - Fnt Polish - EX Symmetry - VG No Of Diamonds - 1,"Sku - 3771
Weight - 0.4
Colour - O-P
Shape - Round
Clarity - SI2
Measurements - 4.7*4.74*2.96
Fluoresence - Fnt
Polish - EX
Symmetry - VG
No Of Diamonds - 1",in stock,new,496.58 SGD,https://colourdiam.com/diamonddetails/Menu/3771,https://www.colourdiam.com/Product/Diamond/3771/still.jpg,ColourDiam,Apparel & Accessories > Jewelry,,1,,,,unisex,,,adult,,,,,,,,,GIA,Fine Jewelry
6272,Sku - 6272 Weight - 0.4 Colour - Fancy Light Pink Shape - Cushion Clarity - SI2 Measurements - 4.29 X 3.87 X 2.44 Fluoresence - None Polish - G Symmetry - F No Of Diamonds - 1,"Sku - 6272
Weight - 0.4
Colour - Fancy Light Pink
Shape - Cushion
Clarity - SI2
Measurements - 4.29 X 3.87 X 2.44
Fluoresence - None
Polish - G
Symmetry - F
No Of Diamonds - 1",in stock,new,5192.43 SGD,https://colourdiam.com/diamonddetails/Menu/6272,https://www.colourdiam.com/Product/Diamond/6272/still.jpg,ColourDiam,Apparel & Accessories > Jewelry,,1,,,,unisex,,,adult,,,,,,,,,GIA,Fine Jewelry
6175,Sku - 6175 Weight - 0.4 Colour - E Shape - Emerald Clarity - VVS1 Measurements - 4.54 X 3.62 X 2.78 Fluoresence - None Polish - G Symmetry - GD No Of Diamonds - 1,"Sku - 6175
Weight - 0.4
Colour - E
Shape - Emerald
Clarity - VVS1
Measurements - 4.54 X 3.62 X 2.78
Fluoresence - None
Polish - G
Symmetry - GD
No Of Diamonds - 1",in stock,new,668.92 SGD,https://colourdiam.com/diamonddetails/Menu/6175,https://www.colourdiam.com/Product/Diamond/6175/still.jpg,ColourDiam,Apparel & Accessories > Jewelry,,1,,,,unisex,,,adult,,,,,,,,,GIA,Fine Jewelry
6058,Sku - 6058 Weight - 0.4 Colour - Fancy Light Pink Shape - Cushion Clarity - SI2 Measurements - 4.28 X 3.88 X 2.65 Fluoresence - None Polish - VG Symmetry - VG No Of Diamonds - 1,"Sku - 6058
Weight - 0.4
Colour - Fancy Light Pink
Shape - Cushion
Clarity - SI2
Measurements - 4.28 X 3.88 X 2.65
Fluoresence - None
Polish - VG
Symmetry - VG
No Of Diamonds - 1",in stock,new,5783.65 SGD,https://colourdiam.com/diamonddetails/Menu/6058,https://www.colourdiam.com/Product/Diamond/6058/still.jpg,ColourDiam,Apparel & Accessories > Jewelry,,1,,,,unisex,,,adult,,,,,,,,,GIA,Fine Jewelry
5415,Sku - 5415 Weight - 0.4 Colour - Fancy Light Bluish Green Shape - Cushion Clarity - VVS1 Measurements - 4.23X 3.94X 2.62 Fluoresence - Fnt Polish - G Symmetry - GD No Of Diamonds - 1,"Sku - 5415
Weight - 0.4
Colour - Fancy Light Bluish Green
Shape - Cushion
Clarity - VVS1
Measurements - 4.23X 3.94X 2.62
Fluoresence - Fnt
Polish - G
Symmetry - GD
No Of Diamonds - 1",in stock,new,2745.77 SGD,https://colourdiam.com/diamonddetails/Menu/5415,https://www.colourdiam.com/Product/Diamond/5415/still.jpg,ColourDiam,Apparel & Accessories > Jewelry,,1,,,,unisex,,,adult,,,,,,,,,GIA,Fine Jewelry
9374,Sku - 9374 Weight - 0.4 Colour - Fancy Pink Shape - Pear Clarity - VVS1 Measurements - 5.73 X 3.98 X 2.48 Fluoresence - None Polish - EX Symmetry - VG No Of Diamonds - 1,"Sku - 9374
Weight - 0.4
Colour - Fancy Pink
Shape - Pear
Clarity - VVS1
Measurements - 5.73 X 3.98 X 2.48
Fluoresence - None
Polish - EX
Symmetry - VG
No Of Diamonds - 1",in stock,new,10515.72 SGD,https://colourdiam.com/diamonddetails/Menu/9374,https://www.colourdiam.com/Product/Diamond/9374/still.jpg,ColourDiam,Apparel & Accessories > Jewelry,,1,,,,unisex,,,adult,,,,,,,,,GIA,Fine Jewelry
9216,Sku - 9216 Weight - 0.4 Colour - Faint Pink Shape - Round Clarity - VS2 Measurements - 4.50 - 4.54 X 2.97 Fluoresence - None Polish - EX Symmetry - VG No Of Diamonds - 1,"Sku - 9216
Weight - 0.4
Colour - Faint Pink
Shape - Round
Clarity - VS2
Measurements - 4.50 - 4.54 X 2.97
Fluoresence - None
Polish - EX
Symmetry - VG
No Of Diamonds - 1",in stock,new,1168.41 SGD,https://colourdiam.com/diamonddetails/Menu/9216,https://www.colourdiam.com/Product/Diamond/9216/still.jpg,ColourDiam,Apparel & Accessories > Jewelry,,1,,,,unisex,,,adult,,,,,,,,,GIA,Fine Jewelry
258,Sku - 258 Weight - 0.39 Colour - Fancy Intense Orange Yellow Shape - Cushion Clarity - I1 Measurements - 5.45X3.97X2.29 Fluoresence - STG Polish - G Symmetry - GD No Of Diamonds - 1,"Sku - 258
Weight - 0.39
Colour - Fancy Intense Orange Yellow
Shape - Cushion
Clarity - I1
Measurements - 5.45X3.97X2.29
Fluoresence - STG
Polish - G
Symmetry - GD
No Of Diamonds - 1",in stock,new,1993.61 SGD,https://colourdiam.com/diamonddetails/Menu/258,https://www.colourdiam.com/Product/Diamond/258/still.jpg,ColourDiam,Apparel & Accessories > Jewelry,,1,,,,unisex,,,adult,,,,,,,,,GIA,Fine Jewelry
6182,Sku - 6182 Weight - 0.39 Colour - Fancy Intense Yellow Shape - Cushion Clarity - SI1 Measurements - 4.16 X 3.89 X 2.69 Fluoresence - None Polish - VG Symmetry - VG No Of Diamonds - 1,"Sku - 6182
Weight - 0.39
Colour - Fancy Intense Yellow
Shape - Cushion
Clarity - SI1
Measurements - 4.16 X 3.89 X 2.69
Fluoresence - None
Polish - VG
Symmetry - VG
No Of Diamonds - 1",in stock,new,1025.28 SGD,https://colourdiam.com/diamonddetails/Menu/6182,https://www.colourdiam.com/Product/Diamond/6182/still.jpg,ColourDiam,Apparel & Accessories > Jewelry,,1,,,,unisex,,,adult,,,,,,,,,GIA,Fine Jewelry
213,Sku - 213 Weight - 0.38 Colour - Fancy Light Purplish Pink Shape - Other Clarity - SI2 Measurements - XX Fluoresence - None Polish -  Symmetry -  No Of Diamonds - 1,"Sku - 213
Weight - 0.38
Colour - Fancy Light Purplish Pink
Shape - Other
Clarity - SI2
Measurements - XX
Fluoresence - None
Polish - 
Symmetry - 
No Of Diamonds - 1",in stock,new,13874.91 SGD,https://colourdiam.com/diamonddetails/Menu/213,https://www.colourdiam.com/Product/Diamond/213/still.jpg,ColourDiam,Apparel & Accessories > Jewelry,,1,,,,unisex,,,adult,,,,,,,,,CGL,Fine Jewelry
1398,Sku - 1398 Weight - 0.37 Colour - Fancy Purplish Pink Shape - Round Clarity - I1 Measurements - 4.64X4.56X2.90 Fluoresence - Med Polish - G Symmetry - F No Of Diamonds - 1,"Sku - 1398
Weight - 0.37
Colour - Fancy Purplish Pink
Shape - Round
Clarity - I1
Measurements - 4.64X4.56X2.90
Fluoresence - Med
Polish - G
Symmetry - F
No Of Diamonds - 1",in stock,new,8376.07 SGD,https://colourdiam.com/diamonddetails/Menu/1398,https://www.colourdiam.com/Product/Diamond/1398/still.jpg,ColourDiam,Apparel & Accessories > Jewelry,,1,,,,unisex,,,adult,,,,,,,,,GIA,Fine Jewelry
149,Sku - 149 Weight - 0.37 Colour - Fancy Light Purplish Pink Shape - Oval Clarity - SI2 Measurements - 4.93X3.42X2.74 Fluoresence - Med Polish - G Symmetry - GD No Of Diamonds - 1,"Sku - 149
Weight - 0.37
Colour - Fancy Light Purplish Pink
Shape - Oval
Clarity - SI2
Measurements - 4.93X3.42X2.74
Fluoresence - Med
Polish - G
Symmetry - GD
No Of Diamonds - 1",in stock,new,4052.94 SGD,https://colourdiam.com/diamonddetails/Menu/149,https://www.colourdiam.com/Product/Diamond/149/still.jpg,ColourDiam,Apparel & Accessories > Jewelry,,1,,,,unisex,,,adult,,,,,,,,,GIA,Fine Jewelry
1325,Sku - 1325 Weight - 0.37 Colour - Fancy Deep Pink Shape - Pear Clarity - I1 Measurements - 5.54x3.79x2.47 Fluoresence - Fnt Polish -  Symmetry -  No Of Diamonds - 1,"Sku - 1325
Weight - 0.37
Colour - Fancy Deep Pink
Shape - Pear
Clarity - I1
Measurements - 5.54x3.79x2.47
Fluoresence - Fnt
Polish - 
Symmetry - 
No Of Diamonds - 1",in stock,new,13509.78 SGD,https://colourdiam.com/diamonddetails/Menu/1325,https://www.colourdiam.com/Product/Diamond/1325/still.jpg,ColourDiam,Apparel & Accessories > Jewelry,,1,,,,unisex,,,adult,,,,,,,,,CGL,Fine Jewelry
5756,Sku - 5756 Weight - 0.37 Colour - Fancy Light Orangy Pink Shape - Marquise Clarity - VS2 Measurements - 7.41 X 3.64 X 2.29 Fluoresence - None Polish - VG Symmetry - VG No Of Diamonds - 1,"Sku - 5756
Weight - 0.37
Colour - Fancy Light Orangy Pink
Shape - Marquise
Clarity - VS2
Measurements - 7.41 X 3.64 X 2.29
Fluoresence - None
Polish - VG
Symmetry - VG
No Of Diamonds - 1",in stock,new,3242.35 SGD,https://colourdiam.com/diamonddetails/Menu/5756,https://www.colourdiam.com/Product/Diamond/5756/still.jpg,ColourDiam,Apparel & Accessories > Jewelry,,1,,,,unisex,,,adult,,,,,,,,,GIA,Fine Jewelry
5737,Sku - 5737 Weight - 0.37 Colour - Fancy Light Pink Brown Shape - Pear Clarity - SI2 Measurements - 6.20X4.22X2.20 Fluoresence - None Polish - G Symmetry - F No Of Diamonds - 1,"Sku - 5737
Weight - 0.37
Colour - Fancy Light Pink Brown
Shape - Pear
Clarity - SI2
Measurements - 6.20X4.22X2.20
Fluoresence - None
Polish - G
Symmetry - F
No Of Diamonds - 1",in stock,new,1675.21 SGD,https://colourdiam.com/diamonddetails/Menu/5737,https://www.colourdiam.com/Product/Diamond/5737/still.jpg,ColourDiam,Apparel & Accessories > Jewelry,,1,,,,unisex,,,adult,,,,,,,,,GIA,Fine Jewelry
7686,Sku - 7686 Weight - 0.36 Colour - Fancy Intense Orange Yellow Shape - Marquise Clarity - VS2 Measurements - 5.86 X 3.64 X 2.43 Fluoresence - None Polish - G Symmetry - F No Of Diamonds - 1,"Sku - 7686
Weight - 0.36
Colour - Fancy Intense Orange Yellow
Shape - Marquise
Clarity - VS2
Measurements - 5.86 X 3.64 X 2.43
Fluoresence - None
Polish - G
Symmetry - F
No Of Diamonds - 1",in stock,new,1577.36 SGD,https://colourdiam.com/diamonddetails/Menu/7686,https://www.colourdiam.com/Product/Diamond/7686/still.jpg,ColourDiam,Apparel & Accessories > Jewelry,,1,,,,unisex,,,adult,,,,,,,,,GIA,Fine Jewelry
9590,Sku - 9590 Weight - 0.36 Colour - E Shape - Round Clarity - VVS1 Measurements - 4.57 - 4.59 x 2.87 Fluoresence - None Polish - EX Symmetry - EX No Of Diamonds - 1,"Sku - 9590
Weight - 0.36
Colour - E
Shape - Round
Clarity - VVS1
Measurements - 4.57 - 4.59 x 2.87
Fluoresence - None
Polish - EX
Symmetry - EX
No Of Diamonds - 1",in stock,new,0 SGD,https://colourdiam.com/diamonddetails/Menu/9590,https://www.colourdiam.com/Product/Diamond/9590/still.jpg,ColourDiam,Apparel & Accessories > Jewelry,,1,,,,unisex,,,adult,,,,,,,,,GIA,Fine Jewelry
2308,Sku - 2308 Weight - 0.35 Colour - U-V Shape - Round Clarity - VS1 Measurements - 4.45X4.40X2.83 Fluoresence - Fnt Polish - VG Symmetry - VG No Of Diamonds - 1,"Sku - 2308
Weight - 0.35
Colour - U-V
Shape - Round
Clarity - VS1
Measurements - 4.45X4.40X2.83
Fluoresence - Fnt
Polish - VG
Symmetry - VG
No Of Diamonds - 1",in stock,new,766.77 SGD,https://colourdiam.com/diamonddetails/Menu/2308,https://www.colourdiam.com/Product/Diamond/2308/still.jpg,ColourDiam,Apparel & Accessories > Jewelry,,1,,,,unisex,,,adult,,,,,,,,,GIA,Fine Jewelry
5608,Sku - 5608 Weight - 0.35 Colour - Fancy Purple Pink Shape - Cushion Clarity - VS2 Measurements - 4.85 x 3.39 x 2.28 Fluoresence - None Polish - VG Symmetry - GD No Of Diamonds - 1,"Sku - 5608
Weight - 0.35
Colour - Fancy Purple Pink
Shape - Cushion
Clarity - VS2
Measurements - 4.85 x 3.39 x 2.28
Fluoresence - None
Polish - VG
Symmetry - GD
No Of Diamonds - 1",in stock,new,7156.53 SGD,https://colourdiam.com/diamonddetails/Menu/5608,https://www.colourdiam.com/Product/Diamond/5608/still.jpg,ColourDiam,Apparel & Accessories > Jewelry,,1,,,,unisex,,,adult,,,,,,,,,GIA,Fine Jewelry
7799,Sku - 7799 Weight - 0.35 Colour - Faint Pinkish Brown Shape - Heart Clarity - VS2 Measurements - 4.18 X 4.87 X 2.90 Fluoresence - None Polish - EX Symmetry - VG No Of Diamonds - 1,"Sku - 7799
Weight - 0.35
Colour - Faint Pinkish Brown
Shape - Heart
Clarity - VS2
Measurements - 4.18 X 4.87 X 2.90
Fluoresence - None
Polish - EX
Symmetry - VG
No Of Diamonds - 1",in stock,new,1022.36 SGD,https://colourdiam.com/diamonddetails/Menu/7799,https://www.colourdiam.com/Product/Diamond/7799/still.jpg,ColourDiam,Apparel & Accessories > Jewelry,,1,,,,unisex,,,adult,,,,,,,,,GIA,Fine Jewelry
7132,Sku - 7132 Weight - 0.35 Colour - Faint Pink Shape - Round Clarity - VVS2 Measurements - 4.54X4.5X2.8 Fluoresence - None Polish - EX Symmetry - EX No Of Diamonds - 1,"Sku - 7132
Weight - 0.35
Colour - Faint Pink
Shape - Round
Clarity - VVS2
Measurements - 4.54X4.5X2.8
Fluoresence - None
Polish - EX
Symmetry - EX
No Of Diamonds - 1",in stock,new,920.13 SGD,https://colourdiam.com/diamonddetails/Menu/7132,https://www.colourdiam.com/Product/Diamond/7132/still.jpg,ColourDiam,Apparel & Accessories > Jewelry,,1,,,,unisex,,,adult,,,,,,,,,GIA,Fine Jewelry
2052,Sku - 2052 Weight - 0.35 Colour - Light Purplish Pink Shape - Other Clarity - I1 Measurements - 4.31x4.36x2.80 Fluoresence - None Polish -  Symmetry -  No Of Diamonds - 1,"Sku - 2052
Weight - 0.35
Colour - Light Purplish Pink
Shape - Other
Clarity - I1
Measurements - 4.31x4.36x2.80
Fluoresence - None
Polish - 
Symmetry - 
No Of Diamonds - 1",in stock,new,1277.95 SGD,https://colourdiam.com/diamonddetails/Menu/2052,https://www.colourdiam.com/Product/Diamond/2052/still.jpg,ColourDiam,Apparel & Accessories > Jewelry,,1,,,,unisex,,,adult,,,,,,,,,CGL,Fine Jewelry
8832,Sku - 8832 Weight - 0.35 Colour - Faint Pinkish Brown Shape - Round Clarity - SI1 Measurements - 4.58 - 4.60 x 2.83 Fluoresence - Fnt Polish - VG Symmetry - EX No Of Diamonds - 1,"Sku - 8832
Weight - 0.35
Colour - Faint Pinkish Brown
Shape - Round
Clarity - SI1
Measurements - 4.58 - 4.60 x 2.83
Fluoresence - Fnt
Polish - VG
Symmetry - EX
No Of Diamonds - 1",in stock,new,408.94 SGD,https://colourdiam.com/diamonddetails/Menu/8832,https://www.colourdiam.com/Product/Diamond/8832/still.jpg,ColourDiam,Apparel & Accessories > Jewelry,,1,,,,unisex,,,adult,,,,,,,,,GIA,Fine Jewelry
3442,Sku - 3442 Weight - 0.35 Colour - Fancy Vivid Purplish Pink Shape - Pear Clarity -  Measurements - 5.95 x 3.79 x 2.38 Fluoresence - None Polish -  Symmetry -  No Of Diamonds - 1,"Sku - 3442
Weight - 0.35
Colour - Fancy Vivid Purplish Pink
Shape - Pear
Clarity - 
Measurements - 5.95 x 3.79 x 2.38
Fluoresence - None
Polish - 
Symmetry - 
No Of Diamonds - 1",in stock,new,51118.1 SGD,https://colourdiam.com/diamonddetails/Menu/3442,https://www.colourdiam.com/Product/Diamond/3442/still.jpg,ColourDiam,Apparel & Accessories > Jewelry,,1,,,,unisex,,,adult,,,,,,,,,GIA,Fine Jewelry
2545,Sku - 2545 Weight - 0.34 Colour - Very Light Gray Shape - Round Clarity - VVS2 Measurements - 4.50X4.48X2.78 Fluoresence - None Polish - VG Symmetry - EX No Of Diamonds - 1,"Sku - 2545
Weight - 0.34
Colour - Very Light Gray
Shape - Round
Clarity - VVS2
Measurements - 4.50X4.48X2.78
Fluoresence - None
Polish - VG
Symmetry - EX
No Of Diamonds - 1",in stock,new,645.55 SGD,https://colourdiam.com/diamonddetails/Menu/2545,https://www.colourdiam.com/Product/Diamond/2545/still.jpg,ColourDiam,Apparel & Accessories > Jewelry,,1,,,,unisex,,,adult,,,,,,,,,GIA,Fine Jewelry
6073,Sku - 6073 Weight - 0.34 Colour - Fancy Light Pinkish Brown Shape - Pear Clarity - SI2 Measurements - 6.20 X 3.67 X 2.27 Fluoresence - None Polish - EX Symmetry - VG No Of Diamonds - 1,"Sku - 6073
Weight - 0.34
Colour - Fancy Light Pinkish Brown
Shape - Pear
Clarity - SI2
Measurements - 6.20 X 3.67 X 2.27
Fluoresence - None
Polish - EX
Symmetry - VG
No Of Diamonds - 1",in stock,new,1241.44 SGD,https://colourdiam.com/diamonddetails/Menu/6073,https://www.colourdiam.com/Product/Diamond/6073/still.jpg,ColourDiam,Apparel & Accessories > Jewelry,,1,,,,unisex,,,adult,,,,,,,,,GIA,Fine Jewelry
2236,Sku - 2236 Weight - 0.34 Colour - Fancy Purplish Pink Shape - Pear Clarity - I2 Measurements - 6.37X3.72X2.08 Fluoresence - None Polish - EX Symmetry - VG No Of Diamonds - 1,"Sku - 2236
Weight - 0.34
Colour - Fancy Purplish Pink
Shape - Pear
Clarity - I2
Measurements - 6.37X3.72X2.08
Fluoresence - None
Polish - EX
Symmetry - VG
No Of Diamonds - 1",in stock,new,3972.61 SGD,https://colourdiam.com/diamonddetails/Menu/2236,https://www.colourdiam.com/Product/Diamond/2236/still.jpg,ColourDiam,Apparel & Accessories > Jewelry,,1,,,,unisex,,,adult,,,,,,,,,GIA,Fine Jewelry
6335,Sku - 6335 Weight - 0.34 Colour - Fancy Light Pink Shape - Oval Clarity - SI1 Measurements - 4.94 x 3.41 x 2.62 Fluoresence - None Polish - G Symmetry - GD No Of Diamonds - 1,"Sku - 6335
Weight - 0.34
Colour - Fancy Light Pink
Shape - Oval
Clarity - SI1
Measurements - 4.94 x 3.41 x 2.62
Fluoresence - None
Polish - G
Symmetry - GD
No Of Diamonds - 1",in stock,new,3376.72 SGD,https://colourdiam.com/diamonddetails/Menu/6335,https://www.colourdiam.com/Product/Diamond/6335/still.jpg,ColourDiam,Apparel & Accessories > Jewelry,,1,,,,unisex,,,adult,,,,,,,,,GIA,Fine Jewelry
7133,Sku - 7133 Weight - 0.34 Colour - Very Light Pink Shape - Pear Clarity - VS1 Measurements - 5.29X3.74X2.4 Fluoresence - None Polish - G Symmetry - GD No Of Diamonds - 1,"Sku - 7133
Weight - 0.34
Colour - Very Light Pink
Shape - Pear
Clarity - VS1
Measurements - 5.29X3.74X2.4
Fluoresence - None
Polish - G
Symmetry - GD
No Of Diamonds - 1",in stock,new,1986.3 SGD,https://colourdiam.com/diamonddetails/Menu/7133,https://www.colourdiam.com/Product/Diamond/7133/still.jpg,ColourDiam,Apparel & Accessories > Jewelry,,1,,,,unisex,,,adult,,,,,,,,,GIA,Fine Jewelry
6012,Sku - 6012 Weight - 0.34 Colour - H Shape - Oval Clarity - VS1 Measurements - 4.74 x 3.74 x 2.42 Fluoresence - None Polish - G Symmetry - GD No Of Diamonds - 1,"Sku - 6012
Weight - 0.34
Colour - H
Shape - Oval
Clarity - VS1
Measurements - 4.74 x 3.74 x 2.42
Fluoresence - None
Polish - G
Symmetry - GD
No Of Diamonds - 1",in stock,new,491.61 SGD,https://colourdiam.com/diamonddetails/Menu/6012,https://www.colourdiam.com/Product/Diamond/6012/still.jpg,ColourDiam,Apparel & Accessories > Jewelry,,1,,,,unisex,,,adult,,,,,,,,,GIA,Fine Jewelry
7797,Sku - 7797 Weight - 0.34 Colour - Faint Pink Shape - Heart Clarity - VVS2 Measurements - 4.41 X 5.00 X 2.77 Fluoresence - None Polish - EX Symmetry - VG No Of Diamonds - 1,"Sku - 7797
Weight - 0.34
Colour - Faint Pink
Shape - Heart
Clarity - VVS2
Measurements - 4.41 X 5.00 X 2.77
Fluoresence - None
Polish - EX
Symmetry - VG
No Of Diamonds - 1",in stock,new,1489.73 SGD,https://colourdiam.com/diamonddetails/Menu/7797,https://www.colourdiam.com/Product/Diamond/7797/still.jpg,ColourDiam,Apparel & Accessories > Jewelry,,1,,,,unisex,,,adult,,,,,,,,,GIA,Fine Jewelry
9500,Sku - 9500 Weight - 0.34 Colour - F Shape - Heart Clarity - VS2 Measurements - 4.33 X 4.79 X 2.74 Fluoresence - None Polish - VG Symmetry - VG No Of Diamonds - 1,"Sku - 9500
Weight - 0.34
Colour - F
Shape - Heart
Clarity - VS2
Measurements - 4.33 X 4.79 X 2.74
Fluoresence - None
Polish - VG
Symmetry - VG
No Of Diamonds - 1",in stock,new,0 SGD,https://colourdiam.com/diamonddetails/Menu/9500,https://www.colourdiam.com/Product/Diamond/9500/still.jpg,ColourDiam,Apparel & Accessories > Jewelry,,1,,,,unisex,,,adult,,,,,,,,,IGI,Fine Jewelry
3166,Sku - 3166 Weight - 0.33 Colour - L Shape - Marquise Clarity - VS1 Measurements - 6.36*3.47*2.43 Fluoresence - None Polish - G Symmetry - GD No Of Diamonds - 1,"Sku - 3166
Weight - 0.33
Colour - L
Shape - Marquise
Clarity - VS1
Measurements - 6.36*3.47*2.43
Fluoresence - None
Polish - G
Symmetry - GD
No Of Diamonds - 1",in stock,new,289.18 SGD,https://colourdiam.com/diamonddetails/Menu/3166,https://www.colourdiam.com/Product/Diamond/3166/still.jpg,ColourDiam,Apparel & Accessories > Jewelry,,1,,,,unisex,,,adult,,,,,,,,,IGI,Fine Jewelry
4966,Sku - 4966 Weight - 0.33 Colour - M Shape - Radiant Clarity - I1 Measurements - 4.66X3.30X2.26 Fluoresence - None Polish - VG Symmetry - VG No Of Diamonds - 1,"Sku - 4966
Weight - 0.33
Colour - M
Shape - Radiant
Clarity - I1
Measurements - 4.66X3.30X2.26
Fluoresence - None
Polish - VG
Symmetry - VG
No Of Diamonds - 1",in stock,new,240.99 SGD,https://colourdiam.com/diamonddetails/Menu/4966,https://www.colourdiam.com/Product/Diamond/4966/still.jpg,ColourDiam,Apparel & Accessories > Jewelry,,1,,,,unisex,,,adult,,,,,,,,,GIA,Fine Jewelry
7338,Sku - 7338 Weight - 0.33 Colour - Light Pink Shape - Round Clarity - I1 Measurements - 4.38 X 4.36 X 2.7 Fluoresence - None Polish - VG Symmetry - VG No Of Diamonds - 1,"Sku - 7338
Weight - 0.33
Colour - Light Pink
Shape - Round
Clarity - I1
Measurements - 4.38 X 4.36 X 2.7
Fluoresence - None
Polish - VG
Symmetry - VG
No Of Diamonds - 1",in stock,new,1686.9 SGD,https://colourdiam.com/diamonddetails/Menu/7338,https://www.colourdiam.com/Product/Diamond/7338/still.jpg,ColourDiam,Apparel & Accessories > Jewelry,,1,,,,unisex,,,adult,,,,,,,,,GIA,Fine Jewelry
257,Sku - 257 Weight - 0.33 Colour - Fancy Brownish Orangy Pink Shape - Pear Clarity -  Measurements - 5.36 x 3.70 x 2.32 Fluoresence - None Polish -  Symmetry -  No Of Diamonds - 1,"Sku - 257
Weight - 0.33
Colour - Fancy Brownish Orangy Pink
Shape - Pear
Clarity - 
Measurements - 5.36 x 3.70 x 2.32
Fluoresence - None
Polish - 
Symmetry - 
No Of Diamonds - 1",in stock,new,3373.79 SGD,https://colourdiam.com/diamonddetails/Menu/257,https://www.colourdiam.com/Product/Diamond/257/still.jpg,ColourDiam,Apparel & Accessories > Jewelry,,1,,,,unisex,,,adult,,,,,,,,,GIA,Fine Jewelry
4610,Sku - 4610 Weight - 0.33 Colour - Fancy Intense Blue Shape - Pear Clarity - VS2 Measurements - 6.47*3.91*2.02 Fluoresence - None Polish - G Symmetry - F No Of Diamonds - 1,"Sku - 4610
Weight - 0.33
Colour - Fancy Intense Blue
Shape - Pear
Clarity - VS2
Measurements - 6.47*3.91*2.02
Fluoresence - None
Polish - G
Symmetry - F
No Of Diamonds - 1",in stock,new,86754.72 SGD,https://colourdiam.com/diamonddetails/Menu/4610,https://www.colourdiam.com/Product/Diamond/4610/still.jpg,ColourDiam,Apparel & Accessories > Jewelry,,1,,,,unisex,,,adult,,,,,,,,,GIA,Fine Jewelry
7106,Sku - 7106 Weight - 0.33 Colour - Fancy Intense Yellow Orange Shape - Cushion Clarity - I1 Measurements - 4.19 X 3.60 X 2.39 Fluoresence - STG Polish - G Symmetry - F No Of Diamonds - 1,"Sku - 7106
Weight - 0.33
Colour - Fancy Intense Yellow Orange
Shape - Cushion
Clarity - I1
Measurements - 4.19 X 3.60 X 2.39
Fluoresence - STG
Polish - G
Symmetry - F
No Of Diamonds - 1",in stock,new,1735.09 SGD,https://colourdiam.com/diamonddetails/Menu/7106,https://www.colourdiam.com/Product/Diamond/7106/still.jpg,ColourDiam,Apparel & Accessories > Jewelry,,1,,,,unisex,,,adult,,,,,,,,,GIA,Fine Jewelry
7102,Sku - 7102 Weight - 0.33 Colour - Fancy Dark Gray Yellowish Green Shape - Cushion Clarity - SI2 Measurements - 4.35 x 4.12 x 2.43 Fluoresence - STG Polish - VG Symmetry - GD No Of Diamonds - 1,"Sku - 7102
Weight - 0.33
Colour - Fancy Dark Gray Yellowish Green
Shape - Cushion
Clarity - SI2
Measurements - 4.35 x 4.12 x 2.43
Fluoresence - STG
Polish - VG
Symmetry - GD
No Of Diamonds - 1",in stock,new,1397.72 SGD,https://colourdiam.com/diamonddetails/Menu/7102,https://www.colourdiam.com/Product/Diamond/7102/still.jpg,ColourDiam,Apparel & Accessories > Jewelry,,1,,,,unisex,,,adult,,,,,,,,,GIA,Fine Jewelry
6273,Sku - 6273 Weight - 0.32 Colour - Fancy Brownish Pink Shape - Oval Clarity - SI1 Measurements - 4.79 X 3.62 X 2.38 Fluoresence - None Polish - G Symmetry - F No Of Diamonds - 1,"Sku - 6273
Weight - 0.32
Colour - Fancy Brownish Pink
Shape - Oval
Clarity - SI1
Measurements - 4.79 X 3.62 X 2.38
Fluoresence - None
Polish - G
Symmetry - F
No Of Diamonds - 1",in stock,new,1869.46 SGD,https://colourdiam.com/diamonddetails/Menu/6273,https://www.colourdiam.com/Product/Diamond/6273/still.jpg,ColourDiam,Apparel & Accessories > Jewelry,,1,,,,unisex,,,adult,,,,,,,,,GIA,Fine Jewelry
6696,Sku - 6696 Weight - 0.32 Colour - Fancy Vivid Yellow Orange Shape - Cushion Clarity - SI2 Measurements - 4.10 X 3.60 X 2.39 Fluoresence - Med Polish - VG Symmetry - VG No Of Diamonds - 1,"Sku - 6696
Weight - 0.32
Colour - Fancy Vivid Yellow Orange
Shape - Cushion
Clarity - SI2
Measurements - 4.10 X 3.60 X 2.39
Fluoresence - Med
Polish - VG
Symmetry - VG
No Of Diamonds - 1",in stock,new,2596.22 SGD,https://colourdiam.com/diamonddetails/Menu/6696,https://www.colourdiam.com/Product/Diamond/6696/still.jpg,ColourDiam,Apparel & Accessories > Jewelry,,1,,,,unisex,,,adult,,,,,,,,,GIA,Fine Jewelry
2385,Sku - 2385 Weight - 0.32 Colour - Fancy Vivid Yellow Shape - Radiant Clarity - SI2 Measurements - 3.95X3.51X2.65 Fluoresence - None Polish - VG Symmetry - GD No Of Diamonds - 1,"Sku - 2385
Weight - 0.32
Colour - Fancy Vivid Yellow
Shape - Radiant
Clarity - SI2
Measurements - 3.95X3.51X2.65
Fluoresence - None
Polish - VG
Symmetry - GD
No Of Diamonds - 1",in stock,new,1308.62 SGD,https://colourdiam.com/diamonddetails/Menu/2385,https://www.colourdiam.com/Product/Diamond/2385/still.jpg,ColourDiam,Apparel & Accessories > Jewelry,,1,,,,unisex,,,adult,,,,,,,,,GIA,Fine Jewelry
333,Sku - 333 Weight - 0.32 Colour - Fancy Pink Shape - Oval Clarity - I1 Measurements - 5.26X3.70X2.45 Fluoresence - Med Polish - G Symmetry - GD No Of Diamonds - 1,"Sku - 333
Weight - 0.32
Colour - Fancy Pink
Shape - Oval
Clarity - I1
Measurements - 5.26X3.70X2.45
Fluoresence - Med
Polish - G
Symmetry - GD
No Of Diamonds - 1",in stock,new,18694.62 SGD,https://colourdiam.com/diamonddetails/Menu/333,https://www.colourdiam.com/Product/Diamond/333/still.jpg,ColourDiam,Apparel & Accessories > Jewelry,,1,,,,unisex,,,adult,,,,,,,,,GIA,Fine Jewelry
2992,Sku - 2992 Weight - 0.32 Colour - M Shape - Pear Clarity - VS2 Measurements - 6.31X4.13X2.21 Fluoresence - Fnt Polish - G Symmetry - GD No Of Diamonds - 1,"Sku - 2992
Weight - 0.32
Colour - M
Shape - Pear
Clarity - VS2
Measurements - 6.31X4.13X2.21
Fluoresence - Fnt
Polish - G
Symmetry - GD
No Of Diamonds - 1",in stock,new,373.89 SGD,https://colourdiam.com/diamonddetails/Menu/2992,https://www.colourdiam.com/Product/Diamond/2992/still.jpg,ColourDiam,Apparel & Accessories > Jewelry,,1,,,,unisex,,,adult,,,,,,,,,GIA,Fine Jewelry
2056,Sku - 2056 Weight - 0.31 Colour - Fancy Intense Purplish Pink Shape - Round Clarity -  Measurements - 4.31 x 4.34 x 2.67 Fluoresence - None Polish -  Symmetry -  No Of Diamonds - 1,"Sku - 2056
Weight - 0.31
Colour - Fancy Intense Purplish Pink
Shape - Round
Clarity - 
Measurements - 4.31 x 4.34 x 2.67
Fluoresence - None
Polish - 
Symmetry - 
No Of Diamonds - 1",in stock,new,14941.09 SGD,https://colourdiam.com/diamonddetails/Menu/2056,https://www.colourdiam.com/Product/Diamond/2056/still.jpg,ColourDiam,Apparel & Accessories > Jewelry,,1,,,,unisex,,,adult,,,,,,,,,GIA,Fine Jewelry
1464,Sku - 1464 Weight - 0.31 Colour - Fancy Brownish Purplish Pink Shape - Radiant Clarity - I2 Measurements - 3.77 x 3.51 x 2.70 Fluoresence - None Polish -  Symmetry -  No Of Diamonds - 1,"Sku - 1464
Weight - 0.31
Colour - Fancy Brownish Purplish Pink
Shape - Radiant
Clarity - I2
Measurements - 3.77 x 3.51 x 2.70
Fluoresence - None
Polish - 
Symmetry - 
No Of Diamonds - 1",in stock,new,2037.42 SGD,https://colourdiam.com/diamonddetails/Menu/1464,https://www.colourdiam.com/Product/Diamond/1464/still.jpg,ColourDiam,Apparel & Accessories > Jewelry,,1,,,,unisex,,,adult,,,,,,,,,GIA,Fine Jewelry
5787,Sku - 5787 Weight - 0.31 Colour - Fancy Pink Shape - Heart Clarity - SI2 Measurements - 4.11X4.37X2.38 Fluoresence - None Polish -  Symmetry -  No Of Diamonds - 1,"Sku - 5787
Weight - 0.31
Colour - Fancy Pink
Shape - Heart
Clarity - SI2
Measurements - 4.11X4.37X2.38
Fluoresence - None
Polish - 
Symmetry - 
No Of Diamonds - 1",in stock,new,8376.07 SGD,https://colourdiam.com/diamonddetails/Menu/5787,https://www.colourdiam.com/Product/Diamond/5787/still.jpg,ColourDiam,Apparel & Accessories > Jewelry,,1,,,,unisex,,,adult,,,,,,,,,CGL,Fine Jewelry
6072,Sku - 6072 Weight - 0.31 Colour - Light Pinkish Brown Shape - Pear Clarity - SI2 Measurements - 5.50 X 3.40 X 2.39 Fluoresence - None Polish - VG Symmetry - VG No Of Diamonds - 1,"Sku - 6072
Weight - 0.31
Colour - Light Pinkish Brown
Shape - Pear
Clarity - SI2
Measurements - 5.50 X 3.40 X 2.39
Fluoresence - None
Polish - VG
Symmetry - VG
No Of Diamonds - 1",in stock,new,1131.9 SGD,https://colourdiam.com/diamonddetails/Menu/6072,https://www.colourdiam.com/Product/Diamond/6072/still.jpg,ColourDiam,Apparel & Accessories > Jewelry,,1,,,,unisex,,,adult,,,,,,,,,GIA,Fine Jewelry
6404,Sku - 6404 Weight - 0.31 Colour - Very Light Pink Shape - Pear Clarity - I1 Measurements - 5.48 X 3.56 X 2.30 Fluoresence - None Polish - VG Symmetry - VG No Of Diamonds - 1,"Sku - 6404
Weight - 0.31
Colour - Very Light Pink
Shape - Pear
Clarity - I1
Measurements - 5.48 X 3.56 X 2.30
Fluoresence - None
Polish - VG
Symmetry - VG
No Of Diamonds - 1",in stock,new,1131.9 SGD,https://colourdiam.com/diamonddetails/Menu/6404,https://www.colourdiam.com/Product/Diamond/6404/still.jpg,ColourDiam,Apparel & Accessories > Jewelry,,1,,,,unisex,,,adult,,,,,,,,,GIA,Fine Jewelry
5771,Sku - 5771 Weight - 0.31 Colour - Faint Pinkish Brown Shape - Heart Clarity - VS1 Measurements - 4.00 X 4.77 X 2.74 Fluoresence - None Polish - EX Symmetry - GD No Of Diamonds - 1,"Sku - 5771
Weight - 0.31
Colour - Faint Pinkish Brown
Shape - Heart
Clarity - VS1
Measurements - 4.00 X 4.77 X 2.74
Fluoresence - None
Polish - EX
Symmetry - GD
No Of Diamonds - 1",in stock,new,814.97 SGD,https://colourdiam.com/diamonddetails/Menu/5771,https://www.colourdiam.com/Product/Diamond/5771/still.jpg,ColourDiam,Apparel & Accessories > Jewelry,,1,,,,unisex,,,adult,,,,,,,,,GIA,Fine Jewelry
3746,Sku - 3746 Weight - 0.31 Colour - Fancy Deep Yellow Orange Shape - Oval Clarity - SI2 Measurements - 5.34 x 3.47 x 2.24 Fluoresence - Fnt Polish - G Symmetry - GD No Of Diamonds - 1,"Sku - 3746
Weight - 0.31
Colour - Fancy Deep Yellow Orange
Shape - Oval
Clarity - SI2
Measurements - 5.34 x 3.47 x 2.24
Fluoresence - Fnt
Polish - G
Symmetry - GD
No Of Diamonds - 1",in stock,new,1358.28 SGD,https://colourdiam.com/diamonddetails/Menu/3746,https://www.colourdiam.com/Product/Diamond/3746/still.jpg,ColourDiam,Apparel & Accessories > Jewelry,,1,,,,unisex,,,adult,,,,,,,,,GIA,Fine Jewelry
5522,Sku - 5522 Weight - 0.31 Colour - Fancy Deep Orangy Pink Shape - Pear Clarity - I3 Measurements - 5.14X 3.60X 2.28 Fluoresence - Fnt Polish - VG Symmetry - GD No Of Diamonds - 1,"Sku - 5522
Weight - 0.31
Colour - Fancy Deep Orangy Pink
Shape - Pear
Clarity - I3
Measurements - 5.14X 3.60X 2.28
Fluoresence - Fnt
Polish - VG
Symmetry - GD
No Of Diamonds - 1",in stock,new,22638.02 SGD,https://colourdiam.com/diamonddetails/Menu/5522,https://www.colourdiam.com/Product/Diamond/5522/still.jpg,ColourDiam,Apparel & Accessories > Jewelry,,1,,,,unisex,,,adult,,,,,,,,,GIA,Fine Jewelry
7153,Sku - 7153 Weight - 0.3 Colour - Fancy Brownish Purple Pink Shape - Heart Clarity - SI1 Measurements - 3.75 X 4.68 X 2.41 Fluoresence - None Polish - G Symmetry - GD No Of Diamonds - 1,"Sku - 7153
Weight - 0.3
Colour - Fancy Brownish Purple Pink
Shape - Heart
Clarity - SI1
Measurements - 3.75 X 4.68 X 2.41
Fluoresence - None
Polish - G
Symmetry - GD
No Of Diamonds - 1",in stock,new,3505.24 SGD,https://colourdiam.com/diamonddetails/Menu/7153,https://www.colourdiam.com/Product/Diamond/7153/still.jpg,ColourDiam,Apparel & Accessories > Jewelry,,1,,,,unisex,,,adult,,,,,,,,,GIA,Fine Jewelry
2557,Sku - 2557 Weight - 0.3 Colour - Fancy Brown Pink Shape - Cushion Clarity -  Measurements - 4.15 x 4.13 x 2.43 Fluoresence - None Polish -  Symmetry -  No Of Diamonds - 1,"Sku - 2557
Weight - 0.3
Colour - Fancy Brown Pink
Shape - Cushion
Clarity - 
Measurements - 4.15 x 4.13 x 2.43
Fluoresence - None
Polish - 
Symmetry - 
No Of Diamonds - 1",in stock,new,1314.47 SGD,https://colourdiam.com/diamonddetails/Menu/2557,https://www.colourdiam.com/Product/Diamond/2557/still.jpg,ColourDiam,Apparel & Accessories > Jewelry,,1,,,,unisex,,,adult,,,,,,,,,GIA,Fine Jewelry
7135,Sku - 7135 Weight - 0.3 Colour - Very Light Pink Shape - Radiant Clarity - SI1 Measurements - 3.78 X 3.62 X 2.5 Fluoresence - None Polish - VG Symmetry - VG No Of Diamonds - 1,"Sku - 7135
Weight - 0.3
Colour - Very Light Pink
Shape - Radiant
Clarity - SI1
Measurements - 3.78 X 3.62 X 2.5
Fluoresence - None
Polish - VG
Symmetry - VG
No Of Diamonds - 1",in stock,new,920.13 SGD,https://colourdiam.com/diamonddetails/Menu/7135,https://www.colourdiam.com/Product/Diamond/7135/still.jpg,ColourDiam,Apparel & Accessories > Jewelry,,1,,,,unisex,,,adult,,,,,,,,,GIA,Fine Jewelry
1483,Sku - 1483 Weight - 0.3 Colour - Fancy Deep Orangy Pink Shape - Cushion Clarity - I1 Measurements - 4.71 x 3.78 x 2.28 Fluoresence - Fnt Polish -  Symmetry -  No Of Diamonds - 1,"Sku - 1483
Weight - 0.3
Colour - Fancy Deep Orangy Pink
Shape - Cushion
Clarity - I1
Measurements - 4.71 x 3.78 x 2.28
Fluoresence - Fnt
Polish - 
Symmetry - 
No Of Diamonds - 1",in stock,new,15335.43 SGD,https://colourdiam.com/diamonddetails/Menu/1483,https://www.colourdiam.com/Product/Diamond/1483/still.jpg,ColourDiam,Apparel & Accessories > Jewelry,,1,,,,unisex,,,adult,,,,,,,,,GIA,Fine Jewelry
3380,Sku - 3380 Weight - 0.3 Colour - N Shape - Emerald Clarity - VS1 Measurements - 4.55*3.34*2.17 Fluoresence - Fnt Polish - EX Symmetry - VG No Of Diamonds - 1,"Sku - 3380
Weight - 0.3
Colour - N
Shape - Emerald
Clarity - VS1
Measurements - 4.55*3.34*2.17
Fluoresence - Fnt
Polish - EX
Symmetry - VG
No Of Diamonds - 1",in stock,new,350.52 SGD,https://colourdiam.com/diamonddetails/Menu/3380,https://www.colourdiam.com/Product/Diamond/3380/still.jpg,ColourDiam,Apparel & Accessories > Jewelry,,1,,,,unisex,,,adult,,,,,,,,,GIA,Fine Jewelry
2539,Sku - 2539 Weight - 0.3 Colour - Faint Pink Shape - Cushion Clarity - VS2 Measurements - 3.93*3.91*2.32 Fluoresence - None Polish -  Symmetry -  No Of Diamonds - 1,"Sku - 2539
Weight - 0.3
Colour - Faint Pink
Shape - Cushion
Clarity - VS2
Measurements - 3.93*3.91*2.32
Fluoresence - None
Polish - 
Symmetry - 
No Of Diamonds - 1",in stock,new,616.49 SGD,https://colourdiam.com/diamonddetails/Menu/2539,https://www.colourdiam.com/Product/Diamond/2539/still.jpg,ColourDiam,Apparel & Accessories > Jewelry,,1,,,,unisex,,,adult,,,,,,,,,CGL,Fine Jewelry
2967,Sku - 2967 Weight - 0.3 Colour - Light Yellowish Gray Shape - Marquise Clarity -  Measurements - 7.32*3.30*2.08 Fluoresence - None Polish -  Symmetry -  No Of Diamonds - 1,"Sku - 2967
Weight - 0.3
Colour - Light Yellowish Gray
Shape - Marquise
Clarity - 
Measurements - 7.32*3.30*2.08
Fluoresence - None
Polish - 
Symmetry - 
No Of Diamonds - 1",in stock,new,0 SGD,https://colourdiam.com/diamonddetails/Menu/2967,https://www.colourdiam.com/Product/Diamond/2967/still.jpg,ColourDiam,Apparel & Accessories > Jewelry,,1,,,,unisex,,,adult,,,,,,,,,CGL,Fine Jewelry
1836,Sku - 1836 Weight - 0.3 Colour - Fancy Light Brownish Yellow Shape - Pear Clarity - SI2 Measurements - 5.55X3.52X2.51 Fluoresence - Fnt Polish - VG Symmetry - GD No Of Diamonds - 1,"Sku - 1836
Weight - 0.3
Colour - Fancy Light Brownish Yellow
Shape - Pear
Clarity - SI2
Measurements - 5.55X3.52X2.51
Fluoresence - Fnt
Polish - VG
Symmetry - GD
No Of Diamonds - 1",in stock,new,240.99 SGD,https://colourdiam.com/diamonddetails/Menu/1836,https://www.colourdiam.com/Product/Diamond/1836/still.jpg,ColourDiam,Apparel & Accessories > Jewelry,,1,,,,unisex,,,adult,,,,,,,,,GIA,Fine Jewelry
6395,Sku - 6395 Weight - 0.3 Colour - Light Pink Shape - Marquise Clarity - SI1 Measurements - 7.06 X 3.28 X 1.97 Fluoresence - None Polish - G Symmetry - GD No Of Diamonds - 1,"Sku - 6395
Weight - 0.3
Colour - Light Pink
Shape - Marquise
Clarity - SI1
Measurements - 7.06 X 3.28 X 1.97
Fluoresence - None
Polish - G
Symmetry - GD
No Of Diamonds - 1",in stock,new,1664.99 SGD,https://colourdiam.com/diamonddetails/Menu/6395,https://www.colourdiam.com/Product/Diamond/6395/still.jpg,ColourDiam,Apparel & Accessories > Jewelry,,1,,,,unisex,,,adult,,,,,,,,,GIA,Fine Jewelry
7109,Sku - 7109 Weight - 0.3 Colour - Fancy Vivid Orange Yellow Shape - Cushion Clarity - SI2 Measurements - 4.37 X 3.36 X 2.37 Fluoresence - Med Polish - G Symmetry - VG No Of Diamonds - 1,"Sku - 7109
Weight - 0.3
Colour - Fancy Vivid Orange Yellow
Shape - Cushion
Clarity - SI2
Measurements - 4.37 X 3.36 X 2.37
Fluoresence - Med
Polish - G
Symmetry - VG
No Of Diamonds - 1",in stock,new,2920.74 SGD,https://colourdiam.com/diamonddetails/Menu/7109,https://www.colourdiam.com/Product/Diamond/7109/still.jpg,ColourDiam,Apparel & Accessories > Jewelry,,1,,,,unisex,,,adult,,,,,,,,,GIA,Fine Jewelry
7134,Sku - 7134 Weight - 0.3 Colour - Faint Pink Shape - Round Clarity - VS1 Measurements - 4.33X4.31X2.7 Fluoresence - None Polish - EX Symmetry - EX No Of Diamonds - 1,"Sku - 7134
Weight - 0.3
Colour - Faint Pink
Shape - Round
Clarity - VS1
Measurements - 4.33X4.31X2.7
Fluoresence - None
Polish - EX
Symmetry - EX
No Of Diamonds - 1",in stock,new,788.68 SGD,https://colourdiam.com/diamonddetails/Menu/7134,https://www.colourdiam.com/Product/Diamond/7134/still.jpg,ColourDiam,Apparel & Accessories > Jewelry,,1,,,,unisex,,,adult,,,,,,,,,GIA,Fine Jewelry
7337,Sku - 7337 Weight - 0.3 Colour - Very Light Pinkish Brown Shape - Round Clarity - SI2 Measurements - 4.08 X 4.06 X 2.8 Fluoresence - Med Polish - VG Symmetry - GD No Of Diamonds - 1,"Sku - 7337
Weight - 0.3
Colour - Very Light Pinkish Brown
Shape - Round
Clarity - SI2
Measurements - 4.08 X 4.06 X 2.8
Fluoresence - Med
Polish - VG
Symmetry - GD
No Of Diamonds - 1",in stock,new,876.31 SGD,https://colourdiam.com/diamonddetails/Menu/7337,https://www.colourdiam.com/Product/Diamond/7337/still.jpg,ColourDiam,Apparel & Accessories > Jewelry,,1,,,,unisex,,,adult,,,,,,,,,GIA,Fine Jewelry
6322,Sku - 6322 Weight - 0.3 Colour - Faint Pink Shape - Pear Clarity - SI1 Measurements - 5.56 x 3.56 x 2.23 Fluoresence - None Polish - VG Symmetry - GD No Of Diamonds - 1,"Sku - 6322
Weight - 0.3
Colour - Faint Pink
Shape - Pear
Clarity - SI1
Measurements - 5.56 x 3.56 x 2.23
Fluoresence - None
Polish - VG
Symmetry - GD
No Of Diamonds - 1",in stock,new,1489.73 SGD,https://colourdiam.com/diamonddetails/Menu/6322,https://www.colourdiam.com/Product/Diamond/6322/still.jpg,ColourDiam,Apparel & Accessories > Jewelry,,1,,,,unisex,,,adult,,,,,,,,,GIA,Fine Jewelry
9257,Sku - 9257 Weight - 0.3 Colour - Faint Yellow Green Shape - Round Clarity - VS2 Measurements - 4.24 - 4.26 x 2.65 Fluoresence - STG Polish - EX Symmetry - VG No Of Diamonds - 1,"Sku - 9257
Weight - 0.3
Colour - Faint Yellow Green
Shape - Round
Clarity - VS2
Measurements - 4.24 - 4.26 x 2.65
Fluoresence - STG
Polish - EX
Symmetry - VG
No Of Diamonds - 1",in stock,new,438.16 SGD,https://colourdiam.com/diamonddetails/Menu/9257,https://www.colourdiam.com/Product/Diamond/9257/still.jpg,ColourDiam,Apparel & Accessories > Jewelry,,1,,,,unisex,,,adult,,,,,,,,,GIA,Fine Jewelry
9189,Sku - 9189 Weight - 0.3 Colour - Very Light Green Yellow Shape - Pear Clarity - SI1 Measurements - 5.97 x 3.58 x 2.35 Fluoresence - STG Polish - EX Symmetry - VG No Of Diamonds - 1,"Sku - 9189
Weight - 0.3
Colour - Very Light Green Yellow
Shape - Pear
Clarity - SI1
Measurements - 5.97 x 3.58 x 2.35
Fluoresence - STG
Polish - EX
Symmetry - VG
No Of Diamonds - 1",in stock,new,788.68 SGD,https://colourdiam.com/diamonddetails/Menu/9189,https://www.colourdiam.com/Product/Diamond/9189/still.jpg,ColourDiam,Apparel & Accessories > Jewelry,,1,,,,unisex,,,adult,,,,,,,,,GIA,Fine Jewelry
9245,Sku - 9245 Weight - 0.3 Colour - Faint Pinkish Brown Shape - Marquise Clarity - SI1 Measurements - 7.38 X 3.56 X 2.06 Fluoresence - None Polish - G Symmetry - GD No Of Diamonds - 1,"Sku - 9245
Weight - 0.3
Colour - Faint Pinkish Brown
Shape - Marquise
Clarity - SI1
Measurements - 7.38 X 3.56 X 2.06
Fluoresence - None
Polish - G
Symmetry - GD
No Of Diamonds - 1",in stock,new,657.23 SGD,https://colourdiam.com/diamonddetails/Menu/9245,https://www.colourdiam.com/Product/Diamond/9245/still.jpg,ColourDiam,Apparel & Accessories > Jewelry,,1,,,,unisex,,,adult,,,,,,,,,GIA,Fine Jewelry
7105,Sku - 7105 Weight - 0.3 Colour - Fancy Vivid Yellowish Orange Shape - Cushion Clarity - SI2 Measurements -  Fluoresence - Med Polish - VG Symmetry - VG No Of Diamonds - 1,"Sku - 7105
Weight - 0.3
Colour - Fancy Vivid Yellowish Orange
Shape - Cushion
Clarity - SI2
Measurements - 
Fluoresence - Med
Polish - VG
Symmetry - VG
No Of Diamonds - 1",in stock,new,3894.32 SGD,https://colourdiam.com/diamonddetails/Menu/7105,https://www.colourdiam.com/Product/Diamond/7105/still.jpg,ColourDiam,Apparel & Accessories > Jewelry,,1,,,,unisex,,,adult,,,,,,,,,GIA,Fine Jewelry
9191,Sku - 9191 Weight - 0.3 Colour - Faint Yellow Green Shape - Round Clarity - VS2 Measurements - 4.21 - 4.24 x 2.71 Fluoresence - None Polish - EX Symmetry - EX No Of Diamonds - 1,"Sku - 9191
Weight - 0.3
Colour - Faint Yellow Green
Shape - Round
Clarity - VS2
Measurements - 4.21 - 4.24 x 2.71
Fluoresence - None
Polish - EX
Symmetry - EX
No Of Diamonds - 1",in stock,new,438.16 SGD,https://colourdiam.com/diamonddetails/Menu/9191,https://www.colourdiam.com/Product/Diamond/9191/still.jpg,ColourDiam,Apparel & Accessories > Jewelry,,1,,,,unisex,,,adult,,,,,,,,,GIA,Fine Jewelry
3164,Sku - 3164 Weight - 0.3 Colour - L Shape - Pear Clarity - VS2 Measurements - 5.71 x 3.70 x 2.31 Fluoresence - Med Polish - VG Symmetry - GD No Of Diamonds - 1,"Sku - 3164
Weight - 0.3
Colour - L
Shape - Pear
Clarity - VS2
Measurements - 5.71 x 3.70 x 2.31
Fluoresence - Med
Polish - VG
Symmetry - GD
No Of Diamonds - 1",in stock,new,350.52 SGD,https://colourdiam.com/diamonddetails/Menu/3164,https://www.colourdiam.com/Product/Diamond/3164/still.jpg,ColourDiam,Apparel & Accessories > Jewelry,,1,,,,unisex,,,adult,,,,,,,,,GIA,Fine Jewelry
6287,Sku - 6287 Weight - 0.3 Colour - Q-R Shape - Round Clarity - VS2 Measurements - 4.02 X 4.06 X 2.73 Fluoresence - STG Polish - EX Symmetry - GD No Of Diamonds - 1,"Sku - 6287
Weight - 0.3
Colour - Q-R
Shape - Round
Clarity - VS2
Measurements - 4.02 X 4.06 X 2.73
Fluoresence - STG
Polish - EX
Symmetry - GD
No Of Diamonds - 1",in stock,new,438.16 SGD,https://colourdiam.com/diamonddetails/Menu/6287,https://www.colourdiam.com/Product/Diamond/6287/still.jpg,ColourDiam,Apparel & Accessories > Jewelry,,1,,,,unisex,,,adult,,,,,,,,,IGI,Fine Jewelry
3194,Sku - 3194 Weight - 0.3 Colour - D Shape - Round Clarity - IF Measurements - 4.27 X 4.29 X2.65 Fluoresence - None Polish - EX Symmetry - EX No Of Diamonds - 1,"Sku - 3194
Weight - 0.3
Colour - D
Shape - Round
Clarity - IF
Measurements - 4.27 X 4.29 X2.65
Fluoresence - None
Polish - EX
Symmetry - EX
No Of Diamonds - 1",in stock,new,1226.83 SGD,https://colourdiam.com/diamonddetails/Menu/3194,https://www.colourdiam.com/Product/Diamond/3194/still.jpg,ColourDiam,Apparel & Accessories > Jewelry,,1,,,,unisex,,,adult,,,,,,,,,GIA,Fine Jewelry
7685,Sku - 7685 Weight - 0.29 Colour - Fancy Intense Yellow Orange Shape - Marquise Clarity - I1 Measurements - 6.30 X 2.99 X 2.22 Fluoresence - Med Polish - VG Symmetry - GD No Of Diamonds - 1,"Sku - 7685
Weight - 0.29
Colour - Fancy Intense Yellow Orange
Shape - Marquise
Clarity - I1
Measurements - 6.30 X 2.99 X 2.22
Fluoresence - Med
Polish - VG
Symmetry - GD
No Of Diamonds - 1",in stock,new,1270.65 SGD,https://colourdiam.com/diamonddetails/Menu/7685,https://www.colourdiam.com/Product/Diamond/7685/still.jpg,ColourDiam,Apparel & Accessories > Jewelry,,1,,,,unisex,,,adult,,,,,,,,,GIA,Fine Jewelry
6128,Sku - 6128 Weight - 0.28 Colour - Fancy Pink Purple Shape - Radiant Clarity - SI2 Measurements - 4.08 x 3.03 x 2.30 Fluoresence - None Polish - VG Symmetry - GD No Of Diamonds - 1,"Sku - 6128
Weight - 0.28
Colour - Fancy Pink Purple
Shape - Radiant
Clarity - SI2
Measurements - 4.08 x 3.03 x 2.30
Fluoresence - None
Polish - VG
Symmetry - GD
No Of Diamonds - 1",in stock,new,2863.43 SGD,https://colourdiam.com/diamonddetails/Menu/6128,https://www.colourdiam.com/Product/Diamond/6128/still.jpg,ColourDiam,Apparel & Accessories > Jewelry,,1,,,,unisex,,,adult,,,,,,,,,GIA,Fine Jewelry
1318,Sku - 1318 Weight - 0.28 Colour - Light Orangy Pink Shape - Round Clarity - SI2 Measurements - 4.04x4.11x2.59 Fluoresence - Med Polish -  Symmetry -  No Of Diamonds - 1,"Sku - 1318
Weight - 0.28
Colour - Light Orangy Pink
Shape - Round
Clarity - SI2
Measurements - 4.04x4.11x2.59
Fluoresence - Med
Polish - 
Symmetry - 
No Of Diamonds - 1",in stock,new,5520.76 SGD,https://colourdiam.com/diamonddetails/Menu/1318,https://www.colourdiam.com/Product/Diamond/1318/still.jpg,ColourDiam,Apparel & Accessories > Jewelry,,1,,,,unisex,,,adult,,,,,,,,,CGL,Fine Jewelry
2977,Sku - 2977 Weight - 0.28 Colour - Fancy Brownish Orangy Pink Shape - Round Clarity - I3 Measurements - XX Fluoresence - None Polish -  Symmetry -  No Of Diamonds - 1,"Sku - 2977
Weight - 0.28
Colour - Fancy Brownish Orangy Pink
Shape - Round
Clarity - I3
Measurements - XX
Fluoresence - None
Polish - 
Symmetry - 
No Of Diamonds - 1",in stock,new,204.47 SGD,https://colourdiam.com/diamonddetails/Menu/2977,https://www.colourdiam.com/Product/Diamond/2977/still.jpg,ColourDiam,Apparel & Accessories > Jewelry,,1,,,,unisex,,,adult,,,,,,,,,AGT,Fine Jewelry
6189,Sku - 6189 Weight - 0.28 Colour - Y-Z Shape - Cushion Clarity - VS1 Measurements - 3.70 X 3.22 X 2.42 Fluoresence - Vst Polish - G Symmetry - GD No Of Diamonds - 1,"Sku - 6189
Weight - 0.28
Colour - Y-Z
Shape - Cushion
Clarity - VS1
Measurements - 3.70 X 3.22 X 2.42
Fluoresence - Vst
Polish - G
Symmetry - GD
No Of Diamonds - 1",in stock,new,327.16 SGD,https://colourdiam.com/diamonddetails/Menu/6189,https://www.colourdiam.com/Product/Diamond/6189/still.jpg,ColourDiam,Apparel & Accessories > Jewelry,,1,,,,unisex,,,adult,,,,,,,,,IGI,Fine Jewelry
6067,Sku - 6067 Weight - 0.28 Colour - Fancy Brown Pink Shape - Radiant Clarity - SI2 Measurements - 4.15 X 3.34 X 2.18 Fluoresence - Fnt Polish - G Symmetry - GD No Of Diamonds - 1,"Sku - 6067
Weight - 0.28
Colour - Fancy Brown Pink
Shape - Radiant
Clarity - SI2
Measurements - 4.15 X 3.34 X 2.18
Fluoresence - Fnt
Polish - G
Symmetry - GD
No Of Diamonds - 1",in stock,new,1615.33 SGD,https://colourdiam.com/diamonddetails/Menu/6067,https://www.colourdiam.com/Product/Diamond/6067/still.jpg,ColourDiam,Apparel & Accessories > Jewelry,,1,,,,unisex,,,adult,,,,,,,,,GIA,Fine Jewelry
6096,Sku - 6096 Weight - 0.27 Colour - E Shape - Pear Clarity - SI1 Measurements - 5.67 X 3.48 X 1.94 Fluoresence - None Polish - VG Symmetry - GD No Of Diamonds - 1,"Sku - 6096
Weight - 0.27
Colour - E
Shape - Pear
Clarity - SI1
Measurements - 5.67 X 3.48 X 1.94
Fluoresence - None
Polish - VG
Symmetry - GD
No Of Diamonds - 1",in stock,new,1035.14 SGD,https://colourdiam.com/diamonddetails/Menu/6096,https://www.colourdiam.com/Product/Diamond/6096/still.jpg,ColourDiam,Apparel & Accessories > Jewelry,,1,,,,unisex,,,adult,,,,,,,,,GIA,Fine Jewelry
606,Sku - 606 Weight - 0.27 Colour - Fancy Brownish Pink Shape - Pear Clarity - I1 Measurements - 5.19X3.51X2.32 Fluoresence - Med Polish - VG Symmetry - GD No Of Diamonds - 1,"Sku - 606
Weight - 0.27
Colour - Fancy Brownish Pink
Shape - Pear
Clarity - I1
Measurements - 5.19X3.51X2.32
Fluoresence - Med
Polish - VG
Symmetry - GD
No Of Diamonds - 1",in stock,new,3154.72 SGD,https://colourdiam.com/diamonddetails/Menu/606,https://www.colourdiam.com/Product/Diamond/606/still.jpg,ColourDiam,Apparel & Accessories > Jewelry,,1,,,,unisex,,,adult,,,,,,,,,GIA,Fine Jewelry
5461,Sku - 5461 Weight - 0.27 Colour - Fancy Dark Gray Green Shape - Oval Clarity - SI1 Measurements - 4.64X 3.36X 2.20 Fluoresence - None Polish - G Symmetry - GD No Of Diamonds - 1,"Sku - 5461
Weight - 0.27
Colour - Fancy Dark Gray Green
Shape - Oval
Clarity - SI1
Measurements - 4.64X 3.36X 2.20
Fluoresence - None
Polish - G
Symmetry - GD
No Of Diamonds - 1",in stock,new,22990 SGD,https://colourdiam.com/diamonddetails/Menu/5461,https://www.colourdiam.com/Product/Diamond/5461/still.jpg,ColourDiam,Apparel & Accessories > Jewelry,,1,,,,unisex,,,adult,,,,,,,,,GIA,Fine Jewelry
2237,Sku - 2237 Weight - 0.27 Colour - Fancy Purple Pink Shape - Cushion Clarity - I1 Measurements - 3.91X3.41X2.31 Fluoresence - Med Polish - VG Symmetry - GD No Of Diamonds - 1,"Sku - 2237
Weight - 0.27
Colour - Fancy Purple Pink
Shape - Cushion
Clarity - I1
Measurements - 3.91X3.41X2.31
Fluoresence - Med
Polish - VG
Symmetry - GD
No Of Diamonds - 1",in stock,new,2839.25 SGD,https://colourdiam.com/diamonddetails/Menu/2237,https://www.colourdiam.com/Product/Diamond/2237/still.jpg,ColourDiam,Apparel & Accessories > Jewelry,,1,,,,unisex,,,adult,,,,,,,,,GIA,Fine Jewelry
2960,Sku - 2960 Weight - 0.27 Colour - Fancy Light Yellowish Gray Shape - Marquise Clarity - SI2 Measurements - 6.96*3.09*2.03 Fluoresence - None Polish -  Symmetry -  No Of Diamonds - 1,"Sku - 2960
Weight - 0.27
Colour - Fancy Light Yellowish Gray
Shape - Marquise
Clarity - SI2
Measurements - 6.96*3.09*2.03
Fluoresence - None
Polish - 
Symmetry - 
No Of Diamonds - 1",in stock,new,0 SGD,https://colourdiam.com/diamonddetails/Menu/2960,https://www.colourdiam.com/Product/Diamond/2960/still.jpg,ColourDiam,Apparel & Accessories > Jewelry,,1,,,,unisex,,,adult,,,,,,,,,CGL,Fine Jewelry
2494,Sku - 2494 Weight - 0.26 Colour - Fancy Light Brownish Pink Shape - Marquise Clarity - I1 Measurements -  Fluoresence - None Polish -  Symmetry -  No Of Diamonds - 1,"Sku - 2494
Weight - 0.26
Colour - Fancy Light Brownish Pink
Shape - Marquise
Clarity - I1
Measurements - 
Fluoresence - None
Polish - 
Symmetry - 
No Of Diamonds - 1",in stock,new,759.47 SGD,https://colourdiam.com/diamonddetails/Menu/2494,https://www.colourdiam.com/Product/Diamond/2494/still.jpg,ColourDiam,Apparel & Accessories > Jewelry,,1,,,,unisex,,,adult,,,,,,,,,CGL,Fine Jewelry
1321,Sku - 1321 Weight - 0.26 Colour - Fancy Deep Pink Shape - Oval Clarity - SI2 Measurements - 4.42x3.43x2.15 Fluoresence - Fnt Polish -  Symmetry -  No Of Diamonds - 1,"Sku - 1321
Weight - 0.26
Colour - Fancy Deep Pink
Shape - Oval
Clarity - SI2
Measurements - 4.42x3.43x2.15
Fluoresence - Fnt
Polish - 
Symmetry - 
No Of Diamonds - 1",in stock,new,5126.42 SGD,https://colourdiam.com/diamonddetails/Menu/1321,https://www.colourdiam.com/Product/Diamond/1321/still.jpg,ColourDiam,Apparel & Accessories > Jewelry,,1,,,,unisex,,,adult,,,,,,,,,CGL,Fine Jewelry
423,Sku - 423 Weight - 0.26 Colour - Fancy Deep Brownish Orangy Pink Shape - Cushion Clarity - VS2 Measurements - 3.29X3.19X2.58 Fluoresence - None Polish - VG Symmetry - GD No Of Diamonds - 1,"Sku - 423
Weight - 0.26
Colour - Fancy Deep Brownish Orangy Pink
Shape - Cushion
Clarity - VS2
Measurements - 3.29X3.19X2.58
Fluoresence - None
Polish - VG
Symmetry - GD
No Of Diamonds - 1",in stock,new,7594.69 SGD,https://colourdiam.com/diamonddetails/Menu/423,https://www.colourdiam.com/Product/Diamond/423/still.jpg,ColourDiam,Apparel & Accessories > Jewelry,,1,,,,unisex,,,adult,,,,,,,,,GIA,Fine Jewelry
2529,Sku - 2529 Weight - 0.26 Colour - Fancy Light Blue Shape - Radiant Clarity - VS2 Measurements - 3.80X3.47X2.35 Fluoresence - None Polish - VG Symmetry - VG No Of Diamonds - 1,"Sku - 2529
Weight - 0.26
Colour - Fancy Light Blue
Shape - Radiant
Clarity - VS2
Measurements - 3.80X3.47X2.35
Fluoresence - None
Polish - VG
Symmetry - VG
No Of Diamonds - 1",in stock,new,13290.71 SGD,https://colourdiam.com/diamonddetails/Menu/2529,https://www.colourdiam.com/Product/Diamond/2529/still.jpg,ColourDiam,Apparel & Accessories > Jewelry,,1,,,,unisex,,,adult,,,,,,,,,GIA,Fine Jewelry
2666,Sku - 2666 Weight - 0.25 Colour - Fancy Orangy Pink Shape - Round Clarity - I1 Measurements - 3.87X3.93X2.52 Fluoresence - None Polish -  Symmetry -  No Of Diamonds - 1,"Sku - 2666
Weight - 0.25
Colour - Fancy Orangy Pink
Shape - Round
Clarity - I1
Measurements - 3.87X3.93X2.52
Fluoresence - None
Polish - 
Symmetry - 
No Of Diamonds - 1",in stock,new,2738.47 SGD,https://colourdiam.com/diamonddetails/Menu/2666,https://www.colourdiam.com/Product/Diamond/2666/still.jpg,ColourDiam,Apparel & Accessories > Jewelry,,1,,,,unisex,,,adult,,,,,,,,,CGL,Fine Jewelry
6071,Sku - 6071 Weight - 0.25 Colour - Fancy Pinkish Brown Shape - Pear Clarity - SI2 Measurements - 5.65 X 3.41 X 2.01 Fluoresence - None Polish - G Symmetry - GD No Of Diamonds - 1,"Sku - 6071
Weight - 0.25
Colour - Fancy Pinkish Brown
Shape - Pear
Clarity - SI2
Measurements - 5.65 X 3.41 X 2.01
Fluoresence - None
Polish - G
Symmetry - GD
No Of Diamonds - 1",in stock,new,912.82 SGD,https://colourdiam.com/diamonddetails/Menu/6071,https://www.colourdiam.com/Product/Diamond/6071/still.jpg,ColourDiam,Apparel & Accessories > Jewelry,,1,,,,unisex,,,adult,,,,,,,,,GIA,Fine Jewelry
7157,Sku - 7157 Weight - 0.25 Colour - Fancy Brownish Pink Shape - Oval Clarity - VS2 Measurements - 4.72 X 3.31 X 2.01 Fluoresence - None Polish - G Symmetry - GD No Of Diamonds - 1,"Sku - 7157
Weight - 0.25
Colour - Fancy Brownish Pink
Shape - Oval
Clarity - VS2
Measurements - 4.72 X 3.31 X 2.01
Fluoresence - None
Polish - G
Symmetry - GD
No Of Diamonds - 1",in stock,new,1424 SGD,https://colourdiam.com/diamonddetails/Menu/7157,https://www.colourdiam.com/Product/Diamond/7157/still.jpg,ColourDiam,Apparel & Accessories > Jewelry,,1,,,,unisex,,,adult,,,,,,,,,GIA,Fine Jewelry
7155,Sku - 7155 Weight - 0.25 Colour - Fancy Deep Brownish Orangy Pink Shape - Emerald Clarity - SI2 Measurements - 4.09 X 3.09 X 1.98 Fluoresence - Fnt Polish - VG Symmetry - GD No Of Diamonds - 1,"Sku - 7155
Weight - 0.25
Colour - Fancy Deep Brownish Orangy Pink
Shape - Emerald
Clarity - SI2
Measurements - 4.09 X 3.09 X 1.98
Fluoresence - Fnt
Polish - VG
Symmetry - GD
No Of Diamonds - 1",in stock,new,3651.29 SGD,https://colourdiam.com/diamonddetails/Menu/7155,https://www.colourdiam.com/Product/Diamond/7155/still.jpg,ColourDiam,Apparel & Accessories > Jewelry,,1,,,,unisex,,,adult,,,,,,,,,GIA,Fine Jewelry
7154,Sku - 7154 Weight - 0.25 Colour - Fancy Brownish Orangy Pink Shape - Pear Clarity - VS2 Measurements - 5.12 X 3.17 X 2.06 Fluoresence - Med Polish - G Symmetry - VG No Of Diamonds - 1,"Sku - 7154
Weight - 0.25
Colour - Fancy Brownish Orangy Pink
Shape - Pear
Clarity - VS2
Measurements - 5.12 X 3.17 X 2.06
Fluoresence - Med
Polish - G
Symmetry - VG
No Of Diamonds - 1",in stock,new,3651.29 SGD,https://colourdiam.com/diamonddetails/Menu/7154,https://www.colourdiam.com/Product/Diamond/7154/still.jpg,ColourDiam,Apparel & Accessories > Jewelry,,1,,,,unisex,,,adult,,,,,,,,,GIA,Fine Jewelry
2887,Sku - 2887 Weight - 0.25 Colour - Fancy Gray Blue Shape - Cushion Clarity - SI2 Measurements - 3.63X3.60X2.22 Fluoresence - Med Polish - EX Symmetry - VG No Of Diamonds - 1,"Sku - 2887
Weight - 0.25
Colour - Fancy Gray Blue
Shape - Cushion
Clarity - SI2
Measurements - 3.63X3.60X2.22
Fluoresence - Med
Polish - EX
Symmetry - VG
No Of Diamonds - 1",in stock,new,7302.59 SGD,https://colourdiam.com/diamonddetails/Menu/2887,https://www.colourdiam.com/Product/Diamond/2887/still.jpg,ColourDiam,Apparel & Accessories > Jewelry,,1,,,,unisex,,,adult,,,,,,,,,GIA,Fine Jewelry
1583,Sku - 1583 Weight - 0.25 Colour - Fancy Pinkish Purple Shape - Radiant Clarity - I2 Measurements - 4.02X3.25X2.09 Fluoresence - None Polish - VG Symmetry - VG No Of Diamonds - 1,"Sku - 1583
Weight - 0.25
Colour - Fancy Pinkish Purple
Shape - Radiant
Clarity - I2
Measurements - 4.02X3.25X2.09
Fluoresence - None
Polish - VG
Symmetry - VG
No Of Diamonds - 1",in stock,new,5294.38 SGD,https://colourdiam.com/diamonddetails/Menu/1583,https://www.colourdiam.com/Product/Diamond/1583/still.jpg,ColourDiam,Apparel & Accessories > Jewelry,,1,,,,unisex,,,adult,,,,,,,,,GIA,Fine Jewelry
7156,Sku - 7156 Weight - 0.25 Colour - Fancy Purple Pink Shape - Pear Clarity - SI2 Measurements - 5.01 X 3.34 X 2.15 Fluoresence - None Polish - VG Symmetry - VG No Of Diamonds - 1,"Sku - 7156
Weight - 0.25
Colour - Fancy Purple Pink
Shape - Pear
Clarity - SI2
Measurements - 5.01 X 3.34 X 2.15
Fluoresence - None
Polish - VG
Symmetry - VG
No Of Diamonds - 1",in stock,new,3650.92 SGD,https://colourdiam.com/diamonddetails/Menu/7156,https://www.colourdiam.com/Product/Diamond/7156/still.jpg,ColourDiam,Apparel & Accessories > Jewelry,,1,,,,unisex,,,adult,,,,,,,,,GIA,Fine Jewelry
7098,Sku - 7098 Weight - 0.25 Colour - Faint Yellow Green Shape - Round Clarity - SI1 Measurements - 4.21 x 4.23 x 2.37 Fluoresence - None Polish - G Symmetry - VG No Of Diamonds - 1,"Sku - 7098
Weight - 0.25
Colour - Faint Yellow Green
Shape - Round
Clarity - SI1
Measurements - 4.21 x 4.23 x 2.37
Fluoresence - None
Polish - G
Symmetry - VG
No Of Diamonds - 1",in stock,new,255.59 SGD,https://colourdiam.com/diamonddetails/Menu/7098,https://www.colourdiam.com/Product/Diamond/7098/still.jpg,ColourDiam,Apparel & Accessories > Jewelry,,1,,,,unisex,,,adult,,,,,,,,,GIA,Fine Jewelry
5601,Sku - 5601 Weight - 0.25 Colour - Very Light Pink Shape - Cushion Clarity - VS1 Measurements - 4.07X2.80X2.22 Fluoresence - None Polish - VG Symmetry - VG No Of Diamonds - 1,"Sku - 5601
Weight - 0.25
Colour - Very Light Pink
Shape - Cushion
Clarity - VS1
Measurements - 4.07X2.80X2.22
Fluoresence - None
Polish - VG
Symmetry - VG
No Of Diamonds - 1",in stock,new,1277.95 SGD,https://colourdiam.com/diamonddetails/Menu/5601,https://www.colourdiam.com/Product/Diamond/5601/still.jpg,ColourDiam,Apparel & Accessories > Jewelry,,1,,,,unisex,,,adult,,,,,,,,,GIA,Fine Jewelry
1327,Sku - 1327 Weight - 0.25 Colour - Fancy Light Pink Shape - Round Clarity - VS2 Measurements - 4.04X4.01X2.51 Fluoresence - Fnt Polish - EX Symmetry - EX No Of Diamonds - 1,"Sku - 1327
Weight - 0.25
Colour - Fancy Light Pink
Shape - Round
Clarity - VS2
Measurements - 4.04X4.01X2.51
Fluoresence - Fnt
Polish - EX
Symmetry - EX
No Of Diamonds - 1",in stock,new,5476.94 SGD,https://colourdiam.com/diamonddetails/Menu/1327,https://www.colourdiam.com/Product/Diamond/1327/still.jpg,ColourDiam,Apparel & Accessories > Jewelry,,1,,,,unisex,,,adult,,,,,,,,,GIA,Fine Jewelry
314,Sku - 314 Weight - 0.25 Colour - Fancy Brownish Orangy Pink Shape - Pear Clarity - SI2 Measurements - 4.51X3.61X2.06 Fluoresence - Med Polish - G Symmetry - GD No Of Diamonds - 1,"Sku - 314
Weight - 0.25
Colour - Fancy Brownish Orangy Pink
Shape - Pear
Clarity - SI2
Measurements - 4.51X3.61X2.06
Fluoresence - Med
Polish - G
Symmetry - GD
No Of Diamonds - 1",in stock,new,4381.55 SGD,https://colourdiam.com/diamonddetails/Menu/314,https://www.colourdiam.com/Product/Diamond/314/still.jpg,ColourDiam,Apparel & Accessories > Jewelry,,1,,,,unisex,,,adult,,,,,,,,,GIA,Fine Jewelry
5755,Sku - 5755 Weight - 0.25 Colour - Fancy Pinkish Purple Shape - Cushion Clarity - SI1 Measurements - 3.38 X 3.30 X 2.50 Fluoresence - None Polish - G Symmetry - GD No Of Diamonds - 1,"Sku - 5755
Weight - 0.25
Colour - Fancy Pinkish Purple
Shape - Cushion
Clarity - SI1
Measurements - 3.38 X 3.30 X 2.50
Fluoresence - None
Polish - G
Symmetry - GD
No Of Diamonds - 1",in stock,new,6572.33 SGD,https://colourdiam.com/diamonddetails/Menu/5755,https://www.colourdiam.com/Product/Diamond/5755/still.jpg,ColourDiam,Apparel & Accessories > Jewelry,,1,,,,unisex,,,adult,,,,,,,,,GIA,Fine Jewelry
1460,Sku - 1460 Weight - 0.24 Colour - Fancy Deep Orangy Pink Shape - Radiant Clarity -  Measurements - 4.01 x 3.26 x 2.31 Fluoresence - None Polish -  Symmetry -  No Of Diamonds - 1,"Sku - 1460
Weight - 0.24
Colour - Fancy Deep Orangy Pink
Shape - Radiant
Clarity - 
Measurements - 4.01 x 3.26 x 2.31
Fluoresence - None
Polish - 
Symmetry - 
No Of Diamonds - 1",in stock,new,7010.48 SGD,https://colourdiam.com/diamonddetails/Menu/1460,https://www.colourdiam.com/Product/Diamond/1460/still.jpg,ColourDiam,Apparel & Accessories > Jewelry,,1,,,,unisex,,,adult,,,,,,,,,GIA,Fine Jewelry
6289,Sku - 6289 Weight - 0.24 Colour - M Shape - Round Clarity - VVS2 Measurements - 3.99-4.00x2.51 Fluoresence - Fnt Polish - VG Symmetry - VG No Of Diamonds - 1,"Sku - 6289
Weight - 0.24
Colour - M
Shape - Round
Clarity - VVS2
Measurements - 3.99-4.00x2.51
Fluoresence - Fnt
Polish - VG
Symmetry - VG
No Of Diamonds - 1",in stock,new,350.52 SGD,https://colourdiam.com/diamonddetails/Menu/6289,https://www.colourdiam.com/Product/Diamond/6289/still.jpg,ColourDiam,Apparel & Accessories > Jewelry,,1,,,,unisex,,,adult,,,,,,,,,GIA,Fine Jewelry
2964,Sku - 2964 Weight - 0.23 Colour - Fancy Light Brown Pink Shape - Round Clarity - I1 Measurements - 3.61x3.22x2.26 Fluoresence - None Polish -  Symmetry -  No Of Diamonds - 1,"Sku - 2964
Weight - 0.23
Colour - Fancy Light Brown Pink
Shape - Round
Clarity - I1
Measurements - 3.61x3.22x2.26
Fluoresence - None
Polish - 
Symmetry - 
No Of Diamonds - 1",in stock,new,0 SGD,https://colourdiam.com/diamonddetails/Menu/2964,https://www.colourdiam.com/Product/Diamond/2964/still.jpg,ColourDiam,Apparel & Accessories > Jewelry,,1,,,,unisex,,,adult,,,,,,,,,CGL,Fine Jewelry
2558,Sku - 2558 Weight - 0.23 Colour - Fancy Light Grayish Blue Shape - Pear Clarity - VS1 Measurements - 4.56X3.20X2.21 Fluoresence - None Polish - G Symmetry - F No Of Diamonds - 1,"Sku - 2558
Weight - 0.23
Colour - Fancy Light Grayish Blue
Shape - Pear
Clarity - VS1
Measurements - 4.56X3.20X2.21
Fluoresence - None
Polish - G
Symmetry - F
No Of Diamonds - 1",in stock,new,6046.54 SGD,https://colourdiam.com/diamonddetails/Menu/2558,https://www.colourdiam.com/Product/Diamond/2558/still.jpg,ColourDiam,Apparel & Accessories > Jewelry,,1,,,,unisex,,,adult,,,,,,,,,GIA,Fine Jewelry
6852,Sku - 6852 Weight - 0.23 Colour - Fancy Deep Orangy Pink Shape - Shield Clarity - SI2 Measurements - 3.84 X 5.19 X 1.80 Fluoresence - Med Polish - G Symmetry - VG No Of Diamonds - 1,"Sku - 6852
Weight - 0.23
Colour - Fancy Deep Orangy Pink
Shape - Shield
Clarity - SI2
Measurements - 3.84 X 5.19 X 1.80
Fluoresence - Med
Polish - G
Symmetry - VG
No Of Diamonds - 1",in stock,new,1679.59 SGD,https://colourdiam.com/diamonddetails/Menu/6852,https://www.colourdiam.com/Product/Diamond/6852/still.jpg,ColourDiam,Apparel & Accessories > Jewelry,,1,,,,unisex,,,adult,,,,,,,,,GIA,Fine Jewelry
6856,Sku - 6856 Weight - 0.23 Colour - Fancy Intense Pink Shape - Radiant Clarity - SI2 Measurements - 3.55X3.54X2.15 Fluoresence - None Polish - VG Symmetry - GD No Of Diamonds - 1,"Sku - 6856
Weight - 0.23
Colour - Fancy Intense Pink
Shape - Radiant
Clarity - SI2
Measurements - 3.55X3.54X2.15
Fluoresence - None
Polish - VG
Symmetry - GD
No Of Diamonds - 1",in stock,new,15116.35 SGD,https://colourdiam.com/diamonddetails/Menu/6856,https://www.colourdiam.com/Product/Diamond/6856/still.jpg,ColourDiam,Apparel & Accessories > Jewelry,,1,,,,unisex,,,adult,,,,,,,,,GIA,Fine Jewelry
6330,Sku - 6330 Weight - 0.22 Colour - E Shape - Other Clarity - VVS2 Measurements - 3.56 X 3.51 X 2.51 Fluoresence - None Polish - EX Symmetry - VG No Of Diamonds - 1,"Sku - 6330
Weight - 0.22
Colour - E
Shape - Other
Clarity - VVS2
Measurements - 3.56 X 3.51 X 2.51
Fluoresence - None
Polish - EX
Symmetry - VG
No Of Diamonds - 1",in stock,new,739.02 SGD,https://colourdiam.com/diamonddetails/Menu/6330,https://www.colourdiam.com/Product/Diamond/6330/still.jpg,ColourDiam,Apparel & Accessories > Jewelry,,1,,,,unisex,,,adult,,,,,,,,,GIA,Fine Jewelry
2972,Sku - 2972 Weight - 0.22 Colour - Fancy Brownish Greenish Yellow Shape - Round Clarity - SI2 Measurements -  Fluoresence - None Polish -  Symmetry -  No Of Diamonds - 1,"Sku - 2972
Weight - 0.22
Colour - Fancy Brownish Greenish Yellow
Shape - Round
Clarity - SI2
Measurements - 
Fluoresence - None
Polish - 
Symmetry - 
No Of Diamonds - 1",in stock,new,0 SGD,https://colourdiam.com/diamonddetails/Menu/2972,https://www.colourdiam.com/Product/Diamond/2972/still.jpg,ColourDiam,Apparel & Accessories > Jewelry,,1,,,,unisex,,,adult,,,,,,,,,CGL,Fine Jewelry
1059,Sku - 1059 Weight - 0.22 Colour - Fancy Pink Shape - Round Clarity - SI2 Measurements - 3.50x3.54x2.56 Fluoresence - Med Polish - G Symmetry - F No Of Diamonds - 1,"Sku - 1059
Weight - 0.22
Colour - Fancy Pink
Shape - Round
Clarity - SI2
Measurements - 3.50x3.54x2.56
Fluoresence - Med
Polish - G
Symmetry - F
No Of Diamonds - 1",in stock,new,6426.28 SGD,https://colourdiam.com/diamonddetails/Menu/1059,https://www.colourdiam.com/Product/Diamond/1059/still.jpg,ColourDiam,Apparel & Accessories > Jewelry,,1,,,,unisex,,,adult,,,,,,,,,GIA,Fine Jewelry
2785,Sku - 2785 Weight - 0.21 Colour - Fancy Brownish Pink Shape - Round Clarity -  Measurements - 3.69 x 3.73 x 2.45 Fluoresence - None Polish -  Symmetry -  No Of Diamonds - 1,"Sku - 2785
Weight - 0.21
Colour - Fancy Brownish Pink
Shape - Round
Clarity - 
Measurements - 3.69 x 3.73 x 2.45
Fluoresence - None
Polish - 
Symmetry - 
No Of Diamonds - 1",in stock,new,2453.67 SGD,https://colourdiam.com/diamonddetails/Menu/2785,https://www.colourdiam.com/Product/Diamond/2785/still.jpg,ColourDiam,Apparel & Accessories > Jewelry,,1,,,,unisex,,,adult,,,,,,,,,GIA,Fine Jewelry
79,Sku - 79 Weight - 0.21 Colour - Fancy Intense Purplish Pink Shape - Round Clarity -  Measurements - 3.51 X 3.55 X 2.48 Fluoresence - None Polish -  Symmetry -  No Of Diamonds - 1,"Sku - 79
Weight - 0.21
Colour - Fancy Intense Purplish Pink
Shape - Round
Clarity - 
Measurements - 3.51 X 3.55 X 2.48
Fluoresence - None
Polish - 
Symmetry - 
No Of Diamonds - 1",in stock,new,9201.26 SGD,https://colourdiam.com/diamonddetails/Menu/79,https://www.colourdiam.com/Product/Diamond/79/still.jpg,ColourDiam,Apparel & Accessories > Jewelry,,1,,,,unisex,,,adult,,,,,,,,,GIA,Fine Jewelry
5759,Sku - 5759 Weight - 0.21 Colour - Fancy Light Pink Shape - Round Clarity - SI1 Measurements - 3.85 X 3.90 Fluoresence - STG Polish -  Symmetry -  No Of Diamonds - 1,"Sku - 5759
Weight - 0.21
Colour - Fancy Light Pink
Shape - Round
Clarity - SI1
Measurements - 3.85 X 3.90
Fluoresence - STG
Polish - 
Symmetry - 
No Of Diamonds - 1",in stock,new,3833.86 SGD,https://colourdiam.com/diamonddetails/Menu/5759,https://www.colourdiam.com/Product/Diamond/5759/still.jpg,ColourDiam,Apparel & Accessories > Jewelry,,1,,,,unisex,,,adult,,,,,,,,,AGT,Fine Jewelry
2562,Sku - 2562 Weight - 0.21 Colour - Fancy Orangy Pink Shape - Round Clarity - SI1 Measurements - 3.88X3.85X2.37 Fluoresence - Med Polish - G Symmetry - GD No Of Diamonds - 1,"Sku - 2562
Weight - 0.21
Colour - Fancy Orangy Pink
Shape - Round
Clarity - SI1
Measurements - 3.88X3.85X2.37
Fluoresence - Med
Polish - G
Symmetry - GD
No Of Diamonds - 1",in stock,new,13801.89 SGD,https://colourdiam.com/diamonddetails/Menu/2562,https://www.colourdiam.com/Product/Diamond/2562/still.jpg,ColourDiam,Apparel & Accessories > Jewelry,,1,,,,unisex,,,adult,,,,,,,,,GIA,Fine Jewelry
221,Sku - 221 Weight - 0.21 Colour - Fancy Light Purplish Pink Shape - Round Clarity - SI1 Measurements - 3.50X3.46X2.57 Fluoresence - None Polish - G Symmetry - GD No Of Diamonds - 1,"Sku - 221
Weight - 0.21
Colour - Fancy Light Purplish Pink
Shape - Round
Clarity - SI1
Measurements - 3.50X3.46X2.57
Fluoresence - None
Polish - G
Symmetry - GD
No Of Diamonds - 1",in stock,new,3067.09 SGD,https://colourdiam.com/diamonddetails/Menu/221,https://www.colourdiam.com/Product/Diamond/221/still.jpg,ColourDiam,Apparel & Accessories > Jewelry,,1,,,,unisex,,,adult,,,,,,,,,GIA,Fine Jewelry
408,Sku - 408 Weight - 0.21 Colour - Fancy Intense Pink Shape - Pear Clarity - I1 Measurements - 4.25X3.31X2.07 Fluoresence - Fnt Polish - VG Symmetry - GD No Of Diamonds - 1,"Sku - 408
Weight - 0.21
Colour - Fancy Intense Pink
Shape - Pear
Clarity - I1
Measurements - 4.25X3.31X2.07
Fluoresence - Fnt
Polish - VG
Symmetry - GD
No Of Diamonds - 1",in stock,new,6134.17 SGD,https://colourdiam.com/diamonddetails/Menu/408,https://www.colourdiam.com/Product/Diamond/408/still.jpg,ColourDiam,Apparel & Accessories > Jewelry,,1,,,,unisex,,,adult,,,,,,,,,GIA,Fine Jewelry
6329,Sku - 6329 Weight - 0.21 Colour - D Shape - Other Clarity - VS2 Measurements - 3.43 X 3.42 X 2.35 Fluoresence - None Polish - EX Symmetry - VG No Of Diamonds - 1,"Sku - 6329
Weight - 0.21
Colour - D
Shape - Other
Clarity - VS2
Measurements - 3.43 X 3.42 X 2.35
Fluoresence - None
Polish - EX
Symmetry - VG
No Of Diamonds - 1",in stock,new,674.76 SGD,https://colourdiam.com/diamonddetails/Menu/6329,https://www.colourdiam.com/Product/Diamond/6329/still.jpg,ColourDiam,Apparel & Accessories > Jewelry,,1,,,,unisex,,,adult,,,,,,,,,GIA,Fine Jewelry
2969,Sku - 2969 Weight - 0.2 Colour - Fancy Light Brownish Greenish Yellow Shape - Round Clarity - SI2 Measurements - 3.35x3.33x2.04 Fluoresence - None Polish -  Symmetry -  No Of Diamonds - 1,"Sku - 2969
Weight - 0.2
Colour - Fancy Light Brownish Greenish Yellow
Shape - Round
Clarity - SI2
Measurements - 3.35x3.33x2.04
Fluoresence - None
Polish - 
Symmetry - 
No Of Diamonds - 1",in stock,new,0 SGD,https://colourdiam.com/diamonddetails/Menu/2969,https://www.colourdiam.com/Product/Diamond/2969/still.jpg,ColourDiam,Apparel & Accessories > Jewelry,,1,,,,unisex,,,adult,,,,,,,,,CGL,Fine Jewelry
305,Sku - 305 Weight - 0.2 Colour - Fancy Light Pink Shape - Round Clarity - I1 Measurements - 3.65X3.62X2.40 Fluoresence - Fnt Polish - VG Symmetry - F No Of Diamonds - 1,"Sku - 305
Weight - 0.2
Colour - Fancy Light Pink
Shape - Round
Clarity - I1
Measurements - 3.65X3.62X2.40
Fluoresence - Fnt
Polish - VG
Symmetry - F
No Of Diamonds - 1",in stock,new,2482.88 SGD,https://colourdiam.com/diamonddetails/Menu/305,https://www.colourdiam.com/Product/Diamond/305/still.jpg,ColourDiam,Apparel & Accessories > Jewelry,,1,,,,unisex,,,adult,,,,,,,,,GIA,Fine Jewelry
3761,Sku - 3761 Weight - 0.2 Colour - Fancy Gray Shape - Cushion Clarity - VS1 Measurements - 3.49*3.47*2.11 Fluoresence - Fnt Polish - VG Symmetry - GD No Of Diamonds - 1,"Sku - 3761
Weight - 0.2
Colour - Fancy Gray
Shape - Cushion
Clarity - VS1
Measurements - 3.49*3.47*2.11
Fluoresence - Fnt
Polish - VG
Symmetry - GD
No Of Diamonds - 1",in stock,new,1460.52 SGD,https://colourdiam.com/diamonddetails/Menu/3761,https://www.colourdiam.com/Product/Diamond/3761/still.jpg,ColourDiam,Apparel & Accessories > Jewelry,,1,,,,unisex,,,adult,,,,,,,,,GIA,Fine Jewelry
2541,Sku - 2541 Weight - 0.2 Colour - Fancy Light Brownish Pink Shape - Heart Clarity - SI1 Measurements - 3.71X4.39X2.05 Fluoresence - Med Polish - G Symmetry - GD No Of Diamonds - 1,"Sku - 2541
Weight - 0.2
Colour - Fancy Light Brownish Pink
Shape - Heart
Clarity - SI1
Measurements - 3.71X4.39X2.05
Fluoresence - Med
Polish - G
Symmetry - GD
No Of Diamonds - 1",in stock,new,1109.99 SGD,https://colourdiam.com/diamonddetails/Menu/2541,https://www.colourdiam.com/Product/Diamond/2541/still.jpg,ColourDiam,Apparel & Accessories > Jewelry,,1,,,,unisex,,,adult,,,,,,,,,GIA,Fine Jewelry
8911,Sku - 8911 Weight - 0.19 Colour - Fancy Light Orangy Pink Shape - Cushion Clarity - SI2 Measurements - 3.13 x 3.11 x 2.11 Fluoresence - Med Polish - VG Symmetry - GD No Of Diamonds - 1,"Sku - 8911
Weight - 0.19
Colour - Fancy Light Orangy Pink
Shape - Cushion
Clarity - SI2
Measurements - 3.13 x 3.11 x 2.11
Fluoresence - Med
Polish - VG
Symmetry - GD
No Of Diamonds - 1",in stock,new,2219.99 SGD,https://colourdiam.com/diamonddetails/Menu/8911,https://www.colourdiam.com/Product/Diamond/8911/still.jpg,ColourDiam,Apparel & Accessories > Jewelry,,1,,,,unisex,,,adult,,,,,,,,,GIA,Fine Jewelry
402,Sku - 402 Weight - 0.19 Colour - Fancy Deep Pink Shape - Marquise Clarity - I1 Measurements - 4.81X2.83X2.32 Fluoresence - Fnt Polish - G Symmetry - F No Of Diamonds - 1,"Sku - 402
Weight - 0.19
Colour - Fancy Deep Pink
Shape - Marquise
Clarity - I1
Measurements - 4.81X2.83X2.32
Fluoresence - Fnt
Polish - G
Symmetry - F
No Of Diamonds - 1",in stock,new,6937.46 SGD,https://colourdiam.com/diamonddetails/Menu/402,https://www.colourdiam.com/Product/Diamond/402/still.jpg,ColourDiam,Apparel & Accessories > Jewelry,,1,,,,unisex,,,adult,,,,,,,,,GIA,Fine Jewelry
2499,Sku - 2499 Weight - 0.19 Colour - Fancy Pink Purple Shape - Pear Clarity - VS2 Measurements - 4.35X2.97X1.97 Fluoresence - None Polish - VG Symmetry - F No Of Diamonds - 1,"Sku - 2499
Weight - 0.19
Colour - Fancy Pink Purple
Shape - Pear
Clarity - VS2
Measurements - 4.35X2.97X1.97
Fluoresence - None
Polish - VG
Symmetry - F
No Of Diamonds - 1",in stock,new,2466.41 SGD,https://colourdiam.com/diamonddetails/Menu/2499,https://www.colourdiam.com/Product/Diamond/2499/still.jpg,ColourDiam,Apparel & Accessories > Jewelry,,1,,,,unisex,,,adult,,,,,,,,,GIA,Fine Jewelry
5404,Sku - 5404 Weight - 0.18 Colour - Fancy Orangy Pink Shape - Cushion Clarity - SI1 Measurements - 2.99 X 2.99 X 2.14 Fluoresence - Fnt Polish - VG Symmetry - GD No Of Diamonds - 1,"Sku - 5404
Weight - 0.18
Colour - Fancy Orangy Pink
Shape - Cushion
Clarity - SI1
Measurements - 2.99 X 2.99 X 2.14
Fluoresence - Fnt
Polish - VG
Symmetry - GD
No Of Diamonds - 1",in stock,new,2103.14 SGD,https://colourdiam.com/diamonddetails/Menu/5404,https://www.colourdiam.com/Product/Diamond/5404/still.jpg,ColourDiam,Apparel & Accessories > Jewelry,,1,,,,unisex,,,adult,,,,,,,,,GIA,Fine Jewelry
286,Sku - 286 Weight - 0.18 Colour - Fancy Deep Brown Pink Shape - Radiant Clarity -  Measurements - 3.39 x 3.11 x 2.08 Fluoresence - None Polish -  Symmetry -  No Of Diamonds - 1,"Sku - 286
Weight - 0.18
Colour - Fancy Deep Brown Pink
Shape - Radiant
Clarity - 
Measurements - 3.39 x 3.11 x 2.08
Fluoresence - None
Polish - 
Symmetry - 
No Of Diamonds - 1",in stock,new,3417.61 SGD,https://colourdiam.com/diamonddetails/Menu/286,https://www.colourdiam.com/Product/Diamond/286/still.jpg,ColourDiam,Apparel & Accessories > Jewelry,,1,,,,unisex,,,adult,,,,,,,,,GIA,Fine Jewelry
304,Sku - 304 Weight - 0.18 Colour - Fancy Light Pinkish Purple Shape - Round Clarity -  Measurements - 3.64 x 3.69 x 2.18 Fluoresence - None Polish -  Symmetry -  No Of Diamonds - 1,"Sku - 304
Weight - 0.18
Colour - Fancy Light Pinkish Purple
Shape - Round
Clarity - 
Measurements - 3.64 x 3.69 x 2.18
Fluoresence - None
Polish - 
Symmetry - 
No Of Diamonds - 1",in stock,new,2366.04 SGD,https://colourdiam.com/diamonddetails/Menu/304,https://www.colourdiam.com/Product/Diamond/304/still.jpg,ColourDiam,Apparel & Accessories > Jewelry,,1,,,,unisex,,,adult,,,,,,,,,GIA,Fine Jewelry
5758,Sku - 5758 Weight - 0.18 Colour - Fancy Purple Pink Shape - Round Clarity - SI2 Measurements - 3.67 X 3.68 Fluoresence - Med Polish -  Symmetry -  No Of Diamonds - 1,"Sku - 5758
Weight - 0.18
Colour - Fancy Purple Pink
Shape - Round
Clarity - SI2
Measurements - 3.67 X 3.68
Fluoresence - Med
Polish - 
Symmetry - 
No Of Diamonds - 1",in stock,new,4732.08 SGD,https://colourdiam.com/diamonddetails/Menu/5758,https://www.colourdiam.com/Product/Diamond/5758/still.jpg,ColourDiam,Apparel & Accessories > Jewelry,,1,,,,unisex,,,adult,,,,,,,,,AGT,Fine Jewelry
252,Sku - 252 Weight - 0.17 Colour - Fancy Deep Orangy Pink Shape - Cushion Clarity - SI2 Measurements - 3.28X2.95X2.08 Fluoresence - Fnt Polish - G Symmetry - GD No Of Diamonds - 1,"Sku - 252
Weight - 0.17
Colour - Fancy Deep Orangy Pink
Shape - Cushion
Clarity - SI2
Measurements - 3.28X2.95X2.08
Fluoresence - Fnt
Polish - G
Symmetry - GD
No Of Diamonds - 1",in stock,new,3724.32 SGD,https://colourdiam.com/diamonddetails/Menu/252,https://www.colourdiam.com/Product/Diamond/252/still.jpg,ColourDiam,Apparel & Accessories > Jewelry,,1,,,,unisex,,,adult,,,,,,,,,GIA,Fine Jewelry
2970,Sku - 2970 Weight - 0.17 Colour - Fancy Intense Pink Purple Shape - Round Clarity - I1 Measurements - 3.35x2.91x1.93 Fluoresence - None Polish -  Symmetry -  No Of Diamonds - 1,"Sku - 2970
Weight - 0.17
Colour - Fancy Intense Pink Purple
Shape - Round
Clarity - I1
Measurements - 3.35x2.91x1.93
Fluoresence - None
Polish - 
Symmetry - 
No Of Diamonds - 1",in stock,new,0 SGD,https://colourdiam.com/diamonddetails/Menu/2970,https://www.colourdiam.com/Product/Diamond/2970/still.jpg,ColourDiam,Apparel & Accessories > Jewelry,,1,,,,unisex,,,adult,,,,,,,,,CGL,Fine Jewelry
244,Sku - 244 Weight - 0.16 Colour - Fancy Deep Pink Shape - Cushion Clarity - SI2 Measurements - 3.16X2.88X1.98 Fluoresence - Fnt Polish - G Symmetry - GD No Of Diamonds - 1,"Sku - 244
Weight - 0.16
Colour - Fancy Deep Pink
Shape - Cushion
Clarity - SI2
Measurements - 3.16X2.88X1.98
Fluoresence - Fnt
Polish - G
Symmetry - GD
No Of Diamonds - 1",in stock,new,4907.34 SGD,https://colourdiam.com/diamonddetails/Menu/244,https://www.colourdiam.com/Product/Diamond/244/still.jpg,ColourDiam,Apparel & Accessories > Jewelry,,1,,,,unisex,,,adult,,,,,,,,,GIA,Fine Jewelry
586,Sku - 586 Weight - 0.16 Colour - Fancy Brownish Pink Shape - Marquise Clarity - SI2 Measurements - 4.92X2.77X1.97 Fluoresence - Fnt Polish - G Symmetry - GD No Of Diamonds - 1,"Sku - 586
Weight - 0.16
Colour - Fancy Brownish Pink
Shape - Marquise
Clarity - SI2
Measurements - 4.92X2.77X1.97
Fluoresence - Fnt
Polish - G
Symmetry - GD
No Of Diamonds - 1",in stock,new,1635.78 SGD,https://colourdiam.com/diamonddetails/Menu/586,https://www.colourdiam.com/Product/Diamond/586/still.jpg,ColourDiam,Apparel & Accessories > Jewelry,,1,,,,unisex,,,adult,,,,,,,,,GIA,Fine Jewelry
2250,Sku - 2250 Weight - 0.16 Colour - Fancy Deep Pink Shape - Cushion Clarity - SI2 Measurements - 2.88x2.83x2.04 Fluoresence - None Polish -  Symmetry -  No Of Diamonds - 1,"Sku - 2250
Weight - 0.16
Colour - Fancy Deep Pink
Shape - Cushion
Clarity - SI2
Measurements - 2.88x2.83x2.04
Fluoresence - None
Polish - 
Symmetry - 
No Of Diamonds - 1",in stock,new,4673.66 SGD,https://colourdiam.com/diamonddetails/Menu/2250,https://www.colourdiam.com/Product/Diamond/2250/still.jpg,ColourDiam,Apparel & Accessories > Jewelry,,1,,,,unisex,,,adult,,,,,,,,,CGL,Fine Jewelry
309,Sku - 309 Weight - 0.16 Colour - Fancy Deep Pink Shape - Marquise Clarity - SI2 Measurements - 5.15X2.85X1.83 Fluoresence - None Polish - G Symmetry - GD No Of Diamonds - 1,"Sku - 309
Weight - 0.16
Colour - Fancy Deep Pink
Shape - Marquise
Clarity - SI2
Measurements - 5.15X2.85X1.83
Fluoresence - None
Polish - G
Symmetry - GD
No Of Diamonds - 1",in stock,new,4673.66 SGD,https://colourdiam.com/diamonddetails/Menu/309,https://www.colourdiam.com/Product/Diamond/309/still.jpg,ColourDiam,Apparel & Accessories > Jewelry,,1,,,,unisex,,,adult,,,,,,,,,GIA,Fine Jewelry
409,Sku - 409 Weight - 0.15 Colour - Fancy Intense Pink Shape - Cut cornered square Clarity - I1 Measurements - 2.88X2.82X1.91 Fluoresence - Med Polish - G Symmetry - F No Of Diamonds - 1,"Sku - 409
Weight - 0.15
Colour - Fancy Intense Pink
Shape - Cut cornered square
Clarity - I1
Measurements - 2.88X2.82X1.91
Fluoresence - Med
Polish - G
Symmetry - F
No Of Diamonds - 1",in stock,new,4381.55 SGD,https://colourdiam.com/diamonddetails/Menu/409,https://www.colourdiam.com/Product/Diamond/409/still.jpg,ColourDiam,Apparel & Accessories > Jewelry,,1,,,,unisex,,,adult,,,,,,,,,GIA,Fine Jewelry
256,Sku - 256 Weight - 0.15 Colour - Fancy Intense Purplish Pink Shape - Round Clarity - I1 Measurements - 3.43X3.40X2.05 Fluoresence - Fnt Polish - G Symmetry - GD No Of Diamonds - 1,"Sku - 256
Weight - 0.15
Colour - Fancy Intense Purplish Pink
Shape - Round
Clarity - I1
Measurements - 3.43X3.40X2.05
Fluoresence - Fnt
Polish - G
Symmetry - GD
No Of Diamonds - 1",in stock,new,4819.71 SGD,https://colourdiam.com/diamonddetails/Menu/256,https://www.colourdiam.com/Product/Diamond/256/still.jpg,ColourDiam,Apparel & Accessories > Jewelry,,1,,,,unisex,,,adult,,,,,,,,,GIA,Fine Jewelry
2662,Sku - 2662 Weight - 0.15 Colour - Fancy Orangy Pink Shape - Round Clarity - SI2 Measurements - 3.39x3.43x2.11 Fluoresence - None Polish -  Symmetry -  No Of Diamonds - 1,"Sku - 2662
Weight - 0.15
Colour - Fancy Orangy Pink
Shape - Round
Clarity - SI2
Measurements - 3.39x3.43x2.11
Fluoresence - None
Polish - 
Symmetry - 
No Of Diamonds - 1",in stock,new,3461.43 SGD,https://colourdiam.com/diamonddetails/Menu/2662,https://www.colourdiam.com/Product/Diamond/2662/still.jpg,ColourDiam,Apparel & Accessories > Jewelry,,1,,,,unisex,,,adult,,,,,,,,,CGL,Fine Jewelry
2474,Sku - 2474 Weight - 0.15 Colour - Fancy Deep Pink Shape - Round Clarity - I1 Measurements - 3.42x3.45x2.13 Fluoresence - None Polish -  Symmetry -  No Of Diamonds - 1,"Sku - 2474
Weight - 0.15
Colour - Fancy Deep Pink
Shape - Round
Clarity - I1
Measurements - 3.42x3.45x2.13
Fluoresence - None
Polish - 
Symmetry - 
No Of Diamonds - 1",in stock,new,5476.94 SGD,https://colourdiam.com/diamonddetails/Menu/2474,https://www.colourdiam.com/Product/Diamond/2474/still.jpg,ColourDiam,Apparel & Accessories > Jewelry,,1,,,,unisex,,,adult,,,,,,,,,AGT,Fine Jewelry
2386,Sku - 2386 Weight - 0.15 Colour - Fancy Deep Brownish Purple Pink Shape - Marquise Clarity -  Measurements - 5.37 x 2.47 x 1.63 Fluoresence - None Polish -  Symmetry -  No Of Diamonds - 1,"Sku - 2386
Weight - 0.15
Colour - Fancy Deep Brownish Purple Pink
Shape - Marquise
Clarity - 
Measurements - 5.37 x 2.47 x 1.63
Fluoresence - None
Polish - 
Symmetry - 
No Of Diamonds - 1",in stock,new,766.77 SGD,https://colourdiam.com/diamonddetails/Menu/2386,https://www.colourdiam.com/Product/Diamond/2386/still.jpg,ColourDiam,Apparel & Accessories > Jewelry,,1,,,,unisex,,,adult,,,,,,,,,GIA,Fine Jewelry
2966,Sku - 2966 Weight - 0.15 Colour - Fancy Light Yellowish Gray Shape - Round Clarity - SI2 Measurements - 3.28-3.30*2.11 Fluoresence - None Polish -  Symmetry -  No Of Diamonds - 1,"Sku - 2966
Weight - 0.15
Colour - Fancy Light Yellowish Gray
Shape - Round
Clarity - SI2
Measurements - 3.28-3.30*2.11
Fluoresence - None
Polish - 
Symmetry - 
No Of Diamonds - 1",in stock,new,0 SGD,https://colourdiam.com/diamonddetails/Menu/2966,https://www.colourdiam.com/Product/Diamond/2966/still.jpg,ColourDiam,Apparel & Accessories > Jewelry,,1,,,,unisex,,,adult,,,,,,,,,CGL,Fine Jewelry
5583,Sku - 5583 Weight - 0.13 Colour - Fancy Light Pink Shape - Pear Clarity - SI1 Measurements - 4.04 x 2.93 x 1.86 Fluoresence - None Polish -  Symmetry -  No Of Diamonds - 1,"Sku - 5583
Weight - 0.13
Colour - Fancy Light Pink
Shape - Pear
Clarity - SI1
Measurements - 4.04 x 2.93 x 1.86
Fluoresence - None
Polish - 
Symmetry - 
No Of Diamonds - 1",in stock,new,1139.2 SGD,https://colourdiam.com/diamonddetails/Menu/5583,https://www.colourdiam.com/Product/Diamond/5583/still.jpg,ColourDiam,Apparel & Accessories > Jewelry,,1,,,,unisex,,,adult,,,,,,,,,GIA,Fine Jewelry
598,Sku - 598 Weight - 0.13 Colour - Fancy Intense Pink Shape - Radiant Clarity -  Measurements - 3.23 x 2.58 x 1.76 Fluoresence - None Polish -  Symmetry -  No Of Diamonds - 1,"Sku - 598
Weight - 0.13
Colour - Fancy Intense Pink
Shape - Radiant
Clarity - 
Measurements - 3.23 x 2.58 x 1.76
Fluoresence - None
Polish - 
Symmetry - 
No Of Diamonds - 1",in stock,new,3417.61 SGD,https://colourdiam.com/diamonddetails/Menu/598,https://www.colourdiam.com/Product/Diamond/598/still.jpg,ColourDiam,Apparel & Accessories > Jewelry,,1,,,,unisex,,,adult,,,,,,,,,GIA,Fine Jewelry
2640,Sku - 2640 Weight - 0.12 Colour - Fancy Vivid Pink Shape - Marquise Clarity - I2 Measurements -  Fluoresence - None Polish -  Symmetry -  No Of Diamonds - 1,"Sku - 2640
Weight - 0.12
Colour - Fancy Vivid Pink
Shape - Marquise
Clarity - I2
Measurements - 
Fluoresence - None
Polish - 
Symmetry - 
No Of Diamonds - 1",in stock,new,4381.55 SGD,https://colourdiam.com/diamonddetails/Menu/2640,https://www.colourdiam.com/Product/Diamond/2640/still.jpg,ColourDiam,Apparel & Accessories > Jewelry,,1,,,,unisex,,,adult,,,,,,,,,CGL,Fine Jewelry
681,Sku - 681 Weight - 0.11 Colour - Fancy Deep Pink Shape - Marquise Clarity -  Measurements - 4.25 x 2.54 x 1.66 Fluoresence - None Polish -  Symmetry -  No Of Diamonds - 1,"Sku - 681
Weight - 0.11
Colour - Fancy Deep Pink
Shape - Marquise
Clarity - 
Measurements - 4.25 x 2.54 x 1.66
Fluoresence - None
Polish - 
Symmetry - 
No Of Diamonds - 1",in stock,new,2891.82 SGD,https://colourdiam.com/diamonddetails/Menu/681,https://www.colourdiam.com/Product/Diamond/681/still.jpg,ColourDiam,Apparel & Accessories > Jewelry,,1,,,,unisex,,,adult,,,,,,,,,GIA,Fine Jewelry
241,Sku - 241 Weight - 0.11 Colour - Fancy Deep Brownish Orangy Pink Shape - Radiant Clarity -  Measurements - 2.77 x 2.43 x 1.81 Fluoresence - None Polish -  Symmetry -  No Of Diamonds - 1,"Sku - 241
Weight - 0.11
Colour - Fancy Deep Brownish Orangy Pink
Shape - Radiant
Clarity - 
Measurements - 2.77 x 2.43 x 1.81
Fluoresence - None
Polish - 
Symmetry - 
No Of Diamonds - 1",in stock,new,0 SGD,,https://colourdiam.com/Product/Diamond/241/colour-diam-241-fancy-deep-brownish-orangy-pink-radiant-measurements-2-77-x-2-43-x-1-81-0-11ct-gia-01.jpg,ColourDiam,Apparel & Accessories > Jewelry,,1,,,,unisex,,,adult,,,,,,,,,GIA,Fine Jewelry
9480,Sku - 9480 Weight - 0.11 Colour - Fancy Blue Shape - Radiant Clarity - VS2 Measurements - 2.94 x 2.87 x 1.6 Fluoresence -  Polish -  Symmetry -  No Of Diamonds - 1,"Sku - 9480
Weight - 0.11
Colour - Fancy Blue
Shape - Radiant
Clarity - VS2
Measurements - 2.94 x 2.87 x 1.6
Fluoresence - 
Polish - 
Symmetry - 
No Of Diamonds - 1",in stock,new,0 SGD,,https://colourdiam.com/Product/Diamond/9480/bA1.jpg,ColourDiam,Apparel & Accessories > Jewelry,,1,,,,unisex,,,adult,,,,,,,,,GIA,Fine Jewelry
1065,Sku - 1065 Weight - 0.1 Colour -  Shape - Pear Clarity - I1 Measurements - 3.45x2.83x1.62 Fluoresence - None Polish -  Symmetry -  No Of Diamonds - 1,"Sku - 1065
Weight - 0.1
Colour - 
Shape - Pear
Clarity - I1
Measurements - 3.45x2.83x1.62
Fluoresence - None
Polish - 
Symmetry - 
No Of Diamonds - 1",in stock,new,0 SGD,,https://colourdiam.com/Product/Diamond/1065/colour-diam-1065-shape-pear-pear-i1-0-1ct-cgl-01.jpg,ColourDiam,Apparel & Accessories > Jewelry,,1,,,,unisex,,,adult,,,,,,,,,CGL,Fine Jewelry
2507,Sku - 2507 Weight - 0.1 Colour - Fancy Deep Pink Shape - Radiant Clarity - SI2 Measurements -  Fluoresence - None Polish -  Symmetry -  No Of Diamonds - 1,"Sku - 2507
Weight - 0.1
Colour - Fancy Deep Pink
Shape - Radiant
Clarity - SI2
Measurements - 
Fluoresence - None
Polish - 
Symmetry - 
No Of Diamonds - 1",in stock,new,0 SGD,,,ColourDiam,Apparel & Accessories > Jewelry,,1,,,,unisex,,,adult,,,,,,,,,CGL,Fine Jewelry
2961,Sku - 2961 Weight - 0.09 Colour - Fancy Light Yellowish Gray Shape - Round Clarity - I1 Measurements - 2.86-2.88*1.78 Fluoresence - None Polish -  Symmetry -  No Of Diamonds - 1,"Sku - 2961
Weight - 0.09
Colour - Fancy Light Yellowish Gray
Shape - Round
Clarity - I1
Measurements - 2.86-2.88*1.78
Fluoresence - None
Polish - 
Symmetry - 
No Of Diamonds - 1",in stock,new,0 SGD,,,ColourDiam,Apparel & Accessories > Jewelry,,1,,,,unisex,,,adult,,,,,,,,,CGL,Fine Jewelry
2503,Sku - 2503 Weight - 0.07 Colour - Fancy Purple Pink Shape - Marquise Clarity - I1 Measurements -  Fluoresence - None Polish -  Symmetry -  No Of Diamonds - 1,"Sku - 2503
Weight - 0.07
Colour - Fancy Purple Pink
Shape - Marquise
Clarity - I1
Measurements - 
Fluoresence - None
Polish - 
Symmetry - 
No Of Diamonds - 1",in stock,new,0 SGD,,,ColourDiam,Apparel & Accessories > Jewelry,,1,,,,unisex,,,adult,,,,,,,,,AGT,Fine Jewelry
3602,Sku - 3602 Weight - 0.06 Colour - Fancy Green Shape - Round Clarity - SI1 Measurements - 2.53 X 2.57 x 1.51 Fluoresence - None Polish -  Symmetry -  No Of Diamonds - 1,"Sku - 3602
Weight - 0.06
Colour - Fancy Green
Shape - Round
Clarity - SI1
Measurements - 2.53 X 2.57 x 1.51
Fluoresence - None
Polish - 
Symmetry - 
No Of Diamonds - 1",in stock,new,0 SGD,,,ColourDiam,Apparel & Accessories > Jewelry,,1,,,,unisex,,,adult,,,,,,,,,GIA,Fine Jewelry
2509,Sku - 2509 Weight - 0.05 Colour - Fancy Orangy Pink Shape - Marquise Clarity - SI2 Measurements -  Fluoresence - None Polish -  Symmetry -  No Of Diamonds - 1,"Sku - 2509
Weight - 0.05
Colour - Fancy Orangy Pink
Shape - Marquise
Clarity - SI2
Measurements - 
Fluoresence - None
Polish - 
Symmetry - 
No Of Diamonds - 1",in stock,new,0 SGD,,,ColourDiam,Apparel & Accessories > Jewelry,,1,,,,unisex,,,adult,,,,,,,,,CGL,Fine Jewelry
2371,Sku - 2371 Weight - 0.05 Colour - Fancy Deep Violet Shape - Pear Clarity - SI2 Measurements - 2.96x1.94x1.40 Fluoresence - None Polish -  Symmetry -  No Of Diamonds - 1,"Sku - 2371
Weight - 0.05
Colour - Fancy Deep Violet
Shape - Pear
Clarity - SI2
Measurements - 2.96x1.94x1.40
Fluoresence - None
Polish - 
Symmetry - 
No Of Diamonds - 1",in stock,new,0 SGD,,https://colourdiam.com/Product/Diamond/2371/colour-diam-2371-fancy-deep-violet-pear-si2-0-05ct-cgl-01.jpg,ColourDiam,Apparel & Accessories > Jewelry,,1,,,,unisex,,,adult,,,,,,,,,CGL,Fine Jewelry
2536,Sku - 2536 Weight - 0.05 Colour - Light Bluish Gray Shape - Round Clarity - VS2 Measurements - 2.39x2.4x1.43 Fluoresence - None Polish -  Symmetry -  No Of Diamonds - 1,"Sku - 2536
Weight - 0.05
Colour - Light Bluish Gray
Shape - Round
Clarity - VS2
Measurements - 2.39x2.4x1.43
Fluoresence - None
Polish - 
Symmetry - 
No Of Diamonds - 1",in stock,new,0 SGD,,https://colourdiam.com/Product/Diamond/2536/colour-diam-2536-light-bluish-gray-round-vs2-0-05ct-cgl-01.jpg,ColourDiam,Apparel & Accessories > Jewelry,,1,,,,unisex,,,adult,,,,,,,,,CGL,Fine Jewelry
