# Required | A unique content ID for the item. Use the item's SKU if you can. Each content ID must appear only once in your catalog. To run dynamic ads this ID must exactly match the content ID for the same item in your Meta Pixel code. Character limit: 100,# Required | A specific and relevant title for the item. See title specifications: https://www.facebook.com/business/help/2104231189874655 Character limit: 200,# Required | A short and relevant description of the item. Include specific or unique product features like material or color. Use plain text and don't enter text in all capital letters. See description specifications: https://www.facebook.com/business/help/2302017289821154 Character limit: 9999,# Required | The current availability of the item. | Supported values: in stock; out of stock,# Required | The current condition of the item. | Supported values: new; used,# Required | The price of the item. Format the price as a number followed by the 3-letter currency code (ISO 4217 standards). Use a period (.) as the decimal point; don't use a comma.,# Required | The URL of the specific product page where people can buy the item.,# Required | The URL for the main image of your item. Images must be in a supported format (JPG/GIF/PNG) and at least 500 x 500 pixels.,# Required | The brand name of the item. Character limit: 100.,# Optional | The Google product category for the item. Learn more about product categories: https://www.facebook.com/business/help/526764014610932.,# Optional | The Facebook product category for the item. Learn more about product categories: https://www.facebook.com/business/help/526764014610932.,# Optional | The quantity of this item you have to sell on Facebook and Instagram with checkout. Must be 1 or higher or the item won't be buyable,# Optional | The discounted price of the item if it's on sale. Format the price as a number followed by the 3-letter currency code (ISO 4217 standards). Use a period (.) as the decimal point; don't use a comma. A sale price is required if you want to use an overlay for discounted prices.,# Optional | The time range for your sale period. Includes the date and time/time zone when your sale starts and ends. If this field is blank any items with a sale_price remain on sale until you remove the sale price. Use this format: YYYY-MM-DDT23:59+00:00/YYYY-MM-DDT23:59+00:00. Enter the start date as YYYY-MM-DD. Enter a 'T'. Enter the start time in 24-hour format (00:00 to 23:59) followed by the UTC time zone (-12:00 to +14:00). Enter '/' and then repeat the same format for your end date and time. The example row below uses PST time zone (-08:00).,# Optional | Use this field to create variants of the same item. Enter the same group ID for all variants within a group. Learn more about variants: https://www.facebook.com/business/help/2256580051262113 Character limit: 100.,# Optional | The gender of a person that the item is targeted towards. | Supported values: female; male; unisex,# Optional | The color of the item. Use one or more words to describe the color. Don't use a hex code. Character limit: 200.,# Optional | The size of the item written as a word or abbreviation or number. For example: small; XL; 12. Character limit: 200.,# Optional | The age group that the item is targeted towards. | Supported values: adult; all ages; infant; kids; newborn; teen; toddler,# Optional | The material the item is made from; such as cotton; denim or leather. Character limit: 200.,# Optional | The pattern or graphic print on the item. Character limit: 100.,"# Optional | Shipping details for the item. Format as Country:Region:Service:Price. Include the 3-letter ISO 4217 currency code in the price. Enter the price as 0.0 to use the free shipping overlay in your ads. Use a semi-colon ';' or a comma "";"" to separate multiple shipping details for different regions or countries. Only people in the specified region or country will see shipping details for that region or country. You can leave out the region (keep the double '::') if your shipping details are the same for an entire country.",# Optional | The shipping weight of the item. Include the unit of measurement (lb/oz/g/kg).,"# Optional | Legal disclaimer text for product offers. This text provides important legal or regulatory information that must be displayed with the product offer. For example: ""Valid while supplies last. Terms and conditions apply.""","# Optional | URL linking to the full disclaimer text. This provides a link to a page containing the complete disclaimer information for the product offer. For example: ""https://example.com/terms-and-conditions""",# Optional | The URL for a video of your product. Link should be a videos file on a file hosting website; not a video player. Videos must be in a supported format (.3g2; .3gp; .3gpp; .asf; .avi; .dat; .divx; .dv; .f4v; .flv; .gif; .m2ts; .m4v; .mkv; .mod; .mov; .mp4; .mpe; .mpeg; .mpeg4; .mpg; .mts; .nsv; .ogm; .ogv; .qt; .tod; .ts; .vob or .wmv).,# Optional | The item’s Global Trade Item Number (GTIN). Recommended to help classify the item. May appear on the barcode; packaging or book cover. Only provide GTIN if you’re sure it’s correct. GTIN types include UPC (12 digits); EAN (13 digits); JAN (8 or 13 digits); ISBN (13 digits) or ITF-14 (14 digits),# Optional | Add labels to products to help filter them into product sets. Max characters: 110 per label; 5000 labels per product,# Optional | Describe the fashion style of this item.
id,title,description,availability,condition,price,link,image_link,brand,google_product_category,fb_product_category,quantity_to_sell_on_facebook,sale_price,sale_price_effective_date,item_group_id,gender,color,size,age_group,material,pattern,shipping,shipping_weight,offer_disclaimer,offer_disclaimer_url,video[0].tag[0],gtin,product_tags[1],style[0]
665_142,0.84 Ct Fancy Yellow VS1/ 0.82 Ct Fancy Yellow VS2 18k-Earring : 6.15 gram Main stone - 2 pcs – 1.66 cts WD : 52 / 0.391  YD : 44 / 0.511,"https://colourdiam.com/Product/Jewellery/Model%20images/665_142/1.jpeg
https://colourdiam.com/Product/Jewellery/Model%20images/665_142/2.jpeg
https://colourdiam.com/Product/Jewellery/Model%20images/665_142/center.jpeg
https://colourdiam.com/Product/Jewellery/Model%20images/665_142/colour-diam-model-images-09.jpeg
https://colourdiam.com/Product/Jewellery/Model%20images/665_142/colour-diam-model-images-10.jpeg
https://colourdiam.com/Product/Jewellery/Model%20images/665_142/colour-diam-model-images-11.jpeg",in stock,new,251537.75 THB,https://colourdiam.com/productdetail/Menu/665/142,https://www.colourdiam.com/Product/Jewellery/665_142/white45/center.jpg,ColourDiam,Apparel & Accessories > Jewelry,,1,,,,unisex,,,adult,,,,,,,,,GIA,Fine Jewelry
298,"2.01 Ct Fancy Intense Yellow I1 18K - Ring : 3.252 gram Main Stone - 1 Pcs 2.01 Cts Round WHITE 83 Pcs 0.34 Cts","2.01 Ct Fancy Intense Yellow I1
18K - Ring : 3.252 gram
Main Stone - 1 Pcs 2.01 Cts
Round WHITE 83 Pcs 0.34 Cts",in stock,new,756504.5 THB,https://colourdiam.com/productdetail/298,https://www.colourdiam.com/Product/Jewellery/298/white45/center.jpg,ColourDiam,Apparel & Accessories > Jewelry,,1,,,,unisex,,,adult,,,,,,,,,GIA,Fine Jewelry
414,0.377 – Fancy Pink SI1 18K Platinum Ring: 6.895 gram WD : 37 / 0.61,"0.377 – Fancy Pink SI1
18K Platinum Ring: 6.895 gram
WD : 37 / 0.61",in stock,new,208038.74 THB,https://colourdiam.com/productdetail/414,https://www.colourdiam.com/Product/Jewellery/414/white45/center.jpg,ColourDiam,Apparel & Accessories > Jewelry,,1,,,,unisex,,,adult,,,,,,,,,NON CERTIFIED,Fine Jewelry
415,0.175 cts Fancy Pink Ring SI1  18k Platinum Ring : 5.634 gram                                              WD : 50 / 0.81,"0.175 cts Fancy Pink Ring SI1 
18k Platinum Ring : 5.634 gram                                             
WD : 50 / 0.81",in stock,new,208038.74 THB,https://colourdiam.com/productdetail/415,https://www.colourdiam.com/Product/Jewellery/415/white45/center.jpg,ColourDiam,Apparel & Accessories > Jewelry,,1,,,,unisex,,,adult,,,,,,,,,NON CERTIFIED,Fine Jewelry
416,0.272 cts Very Light Pink Ring SI1  18k Platinum Ring : 7.805 gram                                              WD : 22 / 0.32,"https://colourdiam.com/Product/Jewellery/Model%20images/416/center.jpeg
https://colourdiam.com/Product/Jewellery/Model%20images/416/colour-diam-model-images-01.jpeg
https://colourdiam.com/Product/Jewellery/Model%20images/416/colour-diam-model-images-02.jpeg
https://colourdiam.com/Product/Jewellery/Model%20images/416/colour-diam-model-images-03.jpeg
https://colourdiam.com/Product/Jewellery/Model%20images/416/PHOTO-2021-08-28-15-01-27%202.jpeg
https://colourdiam.com/Product/Jewellery/Model%20images/416/PHOTO-2021-08-28-15-01-27.jpeg",in stock,new,208038.74 THB,https://colourdiam.com/productdetail/416,https://www.colourdiam.com/Product/Jewellery/416/white45/center.jpg,ColourDiam,Apparel & Accessories > Jewelry,,1,,,,unisex,,,adult,,,,,,,,,NON CERTIFIED,Fine Jewelry
461,1.26 cts Fancy Intense Yellow Ring SI1  18k Ring : 5.69 gram                                              WD : 68 / 0.259 YD : 30 / 0.223 PEAR : 08 / 0.30,"1.26 cts Fancy Intense Yellow Ring SI1 
18k Ring : 5.69 gram                                             
WD : 68 / 0.259
YD : 30 / 0.223
PEAR : 08 / 0.30",in stock,new,397164.86 THB,,https://www.colourdiam.com/Product/Jewellery/461/white45/center.jpg,ColourDiam,Apparel & Accessories > Jewelry,,1,,,,unisex,,,adult,,,,,,,,,GIA,Fine Jewelry
633,1.62 cts Fancy Green Ring SI  18k Ring : 4.67 gram                                              WD : 67 / 0.532 YD : 44 / 0.20,"1.62 cts Fancy Green Ring SI 
18k Ring : 4.67 gram                                             
WD : 67 / 0.532
YD : 44 / 0.20",in stock,new,170213.51 THB,,https://www.colourdiam.com/Product/Jewellery/633/white45/center.jpg,ColourDiam,Apparel & Accessories > Jewelry,,1,,,,unisex,,,adult,,,,,,,,,AGL,Fine Jewelry
731,0.83 cts Fancy Light Green Ring VS1  18k Ring : 4.347 gram                                              WD : 44 / 0.058 PD : 62 / 0.328,"https://colourdiam.com/Product/Jewellery/Model%20images/731/98553059-DFE7-4799-B5B0-3D8E6179BD02.jpeg
https://colourdiam.com/Product/Jewellery/Model%20images/731/B18CA9D3-3972-499B-AEB5-390DACF2D7BF.jpeg
https://colourdiam.com/Product/Jewellery/Model%20images/731/center.jpeg
https://colourdiam.com/Product/Jewellery/Model%20images/731/colour-diam-model-images-12.jpeg
https://colourdiam.com/Product/Jewellery/Model%20images/731/colour-diam-model-images-13.jpeg
https://colourdiam.com/Product/Jewellery/Model%20images/731/colour-diam-model-images-14.jpeg
https://colourdiam.com/Product/Jewellery/Model%20images/731/colour-diam-model-images-15.jpeg
https://colourdiam.com/Product/Jewellery/Model%20images/731/colour-diam-model-images-16.jpeg
https://colourdiam.com/Product/Jewellery/Model%20images/731/PHOTO-2022-04-05-17-54-27%202.jpeg
https://colourdiam.com/Product/Jewellery/Model%20images/731/PHOTO-2022-04-05-17-54-27.jpeg",in stock,new,548465.76 THB,https://colourdiam.com/productdetail/731,https://www.colourdiam.com/Product/Jewellery/731/white45/center.jpg,ColourDiam,Apparel & Accessories > Jewelry,,1,,,,unisex,,,adult,,,,,,,,,GIA,Fine Jewelry
1003,1.05 cts Fancy Yellow Ring SI1  18k Ring : 4.07 gram                                              WD : 40 / 0.26,"1.05 cts Fancy Yellow Ring SI1 
18k Ring : 4.07 gram                                             
WD : 40 / 0.26",in stock,new,586290.99 THB,,https://www.colourdiam.com/Product/Jewellery/1003/white45/center.jpg,ColourDiam,Apparel & Accessories > Jewelry,,1,,,,unisex,,,adult,,,,,,,,,GIA,Fine Jewelry
1135,1.02 cts Fancy Intense yellow Ring 18k : 5.55 gram  PEAR : 8 / 0.485  YD : 50 / 0.247 WD : 21 / 0.237,"1.02 cts Fancy Intense yellow Ring
18k : 5.55 gram 
PEAR : 8 / 0.485 
YD : 50 / 0.247
WD : 21 / 0.237",in stock,new,189126.13 THB,https://colourdiam.com/productdetail/1135,https://www.colourdiam.com/Product/Jewellery/1135/white45/center.jpg,ColourDiam,Apparel & Accessories > Jewelry,,1,,,,unisex,,,adult,,,,,,,,,GIA,Fine Jewelry
1263,0.30 – Fancy Green VS 18K Ring : 5.183 gram YD : 21 / 0.06 PINK : 27 / 0.10 WD : 79 / 0.325,"https://colourdiam.com/Product/Jewellery/Model%20images/1263/center.jpeg
https://colourdiam.com/Product/Jewellery/Model%20images/1263/colour-diam-model-images-20.jpeg",in stock,new,68085.41 THB,https://colourdiam.com/productdetail/1263,https://www.colourdiam.com/Product/Jewellery/1263/white45/center.jpg,ColourDiam,Apparel & Accessories > Jewelry,,1,,,,unisex,,,adult,,,,,,,,,AGL,Fine Jewelry
1328,0.60 – Fancy Light Green  18K Ring : 6.40 gram TRILLION : 02 / 0.113 PEAR : 32 / 0.182 WD : 66 / 0.27,https://colourdiam.com/Product/Jewellery/Model%20images/1328/center.jpeg,in stock,new,453902.7 THB,https://colourdiam.com/productdetail/1328,https://www.colourdiam.com/Product/Jewellery/1328/white45/center.jpg,ColourDiam,Apparel & Accessories > Jewelry,,1,,,,unisex,,,adult,,,,,,,,,GIA,Fine Jewelry
1333_6674_6673,0.91 ct Fancy Intense Yellow SI1 0.32 ct F VS2 0.31 ct D VVS2  18K Ring : 3.98 gram Heart : 02 / 0.63,"0.91 ct Fancy Intense Yellow SI1
0.32 ct F VS2
0.31 ct D VVS2 
18K Ring : 3.98 gram
Heart : 02 / 0.63",in stock,new,586290.99 THB,https://colourdiam.com/productdetail/Menu/1333/6674/6673,https://www.colourdiam.com/Product/Jewellery/1333_6674_6673/white45/center.jpg,ColourDiam,Apparel & Accessories > Jewelry,,1,,,,unisex,,,adult,,,,,,,,,GIA,Fine Jewelry
1477,1.52 cts Fancy Greenish Yellow SI2                               18K Ring : 7.57 gram PEAR : 12 / 1.065 WD : 49 / 0.309 MQ : 10 / 0.678 PINK : 20 / 0.116,"1.52 cts Fancy Greenish Yellow SI2                              
18K Ring : 7.57 gram
PEAR : 12 / 1.065
WD : 49 / 0.309
MQ : 10 / 0.678
PINK : 20 / 0.116",in stock,new,378252.25 THB,,https://www.colourdiam.com/Product/Jewellery/1477/white45/center.jpg,ColourDiam,Apparel & Accessories > Jewelry,,1,,,,unisex,,,adult,,,,,,,,,GIA,Fine Jewelry
1481,0.36 cts Fancy Light Pink VS1  De beers brand ring                             18K Ring : 2.718 gram PINK : 54 / 0.60,"https://colourdiam.com/Product/Jewellery/Model%20images/1481/2E928398-3341-4441-BA7D-66FCE5C5C04E.jpeg
https://colourdiam.com/Product/Jewellery/Model%20images/1481/7C2A590F-A895-4C54-A082-F6FE5EFA46D6.jpeg
https://colourdiam.com/Product/Jewellery/Model%20images/1481/center.jpeg
https://colourdiam.com/Product/Jewellery/Model%20images/1481/colour-diam-model-images-25.jpeg
https://colourdiam.com/Product/Jewellery/Model%20images/1481/colour-diam-model-images-26.jpeg
https://colourdiam.com/Product/Jewellery/Model%20images/1481/colour-diam-model-images-27.jpeg",in stock,new,945630.63 THB,https://colourdiam.com/productdetail/1481,https://www.colourdiam.com/Product/Jewellery/1481/white45/center.jpg,ColourDiam,Apparel & Accessories > Jewelry,,1,,,,unisex,,,adult,,,,,,,,,GIA,Fine Jewelry
1779,0.92 cts Fancy Yellow VS 18K Ring : 3.235 gram WD : 122 / 0.295 YD : 16 / 0.16,"0.92 cts Fancy Yellow VS
18K Ring : 3.235 gram
WD : 122 / 0.295
YD : 16 / 0.16",in stock,new,83215.5 THB,,https://www.colourdiam.com/Product/Jewellery/1779/white45/center.jpg,ColourDiam,Apparel & Accessories > Jewelry,,1,,,,unisex,,,adult,,,,,,,,,AGL,Fine Jewelry
1850,0.70 cts Fancy Brownish Yellow SI1 18K Ring : 3.48 gram WD : 52 / 0.288,"0.70 cts Fancy Brownish Yellow SI1
18K Ring : 3.48 gram
WD : 52 / 0.288",in stock,new,56737.84 THB,https://colourdiam.com/productdetail/1850,https://www.colourdiam.com/Product/Jewellery/1850/white45/center.jpg,ColourDiam,Apparel & Accessories > Jewelry,,1,,,,unisex,,,adult,,,,,,,,,GIA,Fine Jewelry
1873,0.57 cts Fancy Light Brownish Yellow  SI2  Main stone – 1 pcs 0.57 cts  18k Ring : 5.82 gram  WD : 86 / 0.48   YELLOW : 28 / 0.177,"0.57 cts Fancy Light Brownish Yellow  SI2 
Main stone – 1 pcs 0.57 cts 
18k Ring : 5.82 gram 
WD : 86 / 0.48 
 YELLOW : 28 / 0.177",in stock,new,132388.29 THB,https://colourdiam.com/productdetail/1873,https://www.colourdiam.com/Product/Jewellery/1873/white45/center.jpg,ColourDiam,Apparel & Accessories > Jewelry,,1,,,,unisex,,,adult,,,,,,,,,GIA,Fine Jewelry
1913,0.70 cts Fancy Light Yellow VS1 18K Ring : 3.95 gram WD : 34 / 0.343 YD : 16 / 0.12,"0.70 cts Fancy Light Yellow VS1
18K Ring : 3.95 gram
WD : 34 / 0.343
YD : 16 / 0.12",in stock,new,94563.06 THB,,https://www.colourdiam.com/Product/Jewellery/1913/white45/center.jpg,ColourDiam,Apparel & Accessories > Jewelry,,1,,,,unisex,,,adult,,,,,,,,,GIA,Fine Jewelry
1996_6379,0.54 W-X SI1/ 0.42 Faint Pink Ring SI2  18k : 4.87 gram  PINK : 55 / 0.268  WD : 64 / 0.105,"https://colourdiam.com/Product/Jewellery/Model%20images/1996_6379/1.jpg
https://colourdiam.com/Product/Jewellery/Model%20images/1996_6379/UN-0638_1.jpg",in stock,new,189126.13 THB,https://colourdiam.com/productdetail/Menu/1996/6379,https://www.colourdiam.com/Product/Jewellery/1996_6379/white45/center.jpg,ColourDiam,Apparel & Accessories > Jewelry,,1,,,,unisex,,,adult,,,,,,,,,GIA,Fine Jewelry
2048,0.99 cts Fancy Light Yellow VVS1 Main stone detail –  01 pcs – 0.99 cts 18k Ring: 3.047 gram  WD : 28 / 0.49,"0.99 cts Fancy Light Yellow VVS1
Main stone detail –  01 pcs – 0.99 cts
18k Ring: 3.047 gram 
WD : 28 / 0.49",in stock,new,121040.72 THB,,https://www.colourdiam.com/Product/Jewellery/2048/white45/center.jpg,ColourDiam,Apparel & Accessories > Jewelry,,1,,,,unisex,,,adult,,,,,,,,,AGL,Fine Jewelry
2150,0.80 Fancy Light Yellow SI2  18K Ring : 7.82 gram WD : 236 / 1.41 YD : 34 / 0.128,"0.80 Fancy Light Yellow SI2 
18K Ring : 7.82 gram
WD : 236 / 1.41
YD : 34 / 0.128",in stock,new,143735.86 THB,https://colourdiam.com/productdetail/2150,https://www.colourdiam.com/Product/Jewellery/2150/white45/center.jpg,ColourDiam,Apparel & Accessories > Jewelry,,1,,,,unisex,,,adult,,,,,,,,,GIA,Fine Jewelry
2240,0.64 cts Fancy Pink  18K Ring : 2.82 gram WD : 14 / 0.078 PEAR : 02 / 0.164,"https://colourdiam.com/Product/Jewellery/Model%20images/2240/3CB6BC1C-52C9-4915-A39A-5306386DB9A7.jpeg
https://colourdiam.com/Product/Jewellery/Model%20images/2240/9701C417-5D54-4533-9B9C-63043177A44B%20%281%29.jpeg
https://colourdiam.com/Product/Jewellery/Model%20images/2240/9701C417-5D54-4533-9B9C-63043177A44B.JPEG
https://colourdiam.com/Product/Jewellery/Model%20images/2240/center.jpeg
https://colourdiam.com/Product/Jewellery/Model%20images/2240/colour-diam-model-images-50.jpeg
https://colourdiam.com/Product/Jewellery/Model%20images/2240/colour-diam-model-images-51.jpeg
https://colourdiam.com/Product/Jewellery/Model%20images/2240/colour-diam-model-images-52.jpeg
https://colourdiam.com/Product/Jewellery/Model%20images/2240/colour-diam-model-images-53.jpeg",in stock,new,624116.21 THB,https://colourdiam.com/productdetail/2240,https://www.colourdiam.com/Product/Jewellery/2240/white45/center.jpg,ColourDiam,Apparel & Accessories > Jewelry,,1,,,,unisex,,,adult,,,,,,,,,GIA,Fine Jewelry
2253,0.64 cts Fancy Light Yellow - Green VS2 18K Ring : 3.99 gram WD : 140 / 0.227 PINK : 20 / 0.088,"0.64 cts Fancy Light Yellow - Green VS2
18K Ring : 3.99 gram
WD : 140 / 0.227
PINK : 20 / 0.088",in stock,new,145627.12 THB,,https://www.colourdiam.com/Product/Jewellery/2253/white45/center.jpg,ColourDiam,Apparel & Accessories > Jewelry,,1,,,,unisex,,,adult,,,,,,,,,GIA,Fine Jewelry
2281,0.70 cts Light Green I1 18K Ring : 5.71 gram WD : 128 / 0.515 PINK : 20 / 0.075 MQ : 10 / 0.535,"0.70 cts Light Green I1
18K Ring : 5.71 gram
WD : 128 / 0.515
PINK : 20 / 0.075
MQ : 10 / 0.535",in stock,new,170213.51 THB,https://colourdiam.com/productdetail/2281,https://www.colourdiam.com/Product/Jewellery/2281/white45/center.jpg,ColourDiam,Apparel & Accessories > Jewelry,,1,,,,unisex,,,adult,,,,,,,,,GIA,Fine Jewelry
2354,0.41 ct Fancy Light Purplish Pink Ring SI2 18 k : 5.03 gram  PINK : 18 / 0.057  MQ : 12 / 0.385 WD : 134 / 0.464,"0.41 ct Fancy Light Purplish Pink Ring SI2
18 k : 5.03 gram 
PINK : 18 / 0.057 
MQ : 12 / 0.385
WD : 134 / 0.464",in stock,new,378252.25 THB,,https://www.colourdiam.com/Product/Jewellery/2354/white45/center.jpg,ColourDiam,Apparel & Accessories > Jewelry,,1,,,,unisex,,,adult,,,,,,,,,GIA,Fine Jewelry
2376,0.83 cts Fancy Light Pinkish Brown Ring VS1 18 k : 5.13 gram  MQ : 12 / 0.491  PINK : 20 / 0.071 WD : 120 / 0.418,"0.83 cts Fancy Light Pinkish Brown Ring VS1
18 k : 5.13 gram 
MQ : 12 / 0.491 
PINK : 20 / 0.071
WD : 120 / 0.418",in stock,new,283689.19 THB,https://colourdiam.com/productdetail/2376,https://www.colourdiam.com/Product/Jewellery/2376/white45/center.jpg,ColourDiam,Apparel & Accessories > Jewelry,,1,,,,unisex,,,adult,,,,,,,,,GIA,Fine Jewelry
2379,0.353 cts Fancy Light Pink VS Main stone – 1 pcs 0.353 cts 18k Ring : 3.540 gram  WD : 38 / 0.271 PINK : 16 / 0.067,"0.353 cts Fancy Light Pink VS
Main stone – 1 pcs 0.353 cts
18k Ring : 3.540 gram 
WD : 38 / 0.271
PINK : 16 / 0.067",in stock,new,132388.29 THB,,https://www.colourdiam.com/Product/Jewellery/2379/white45/center.jpg,ColourDiam,Apparel & Accessories > Jewelry,,1,,,,unisex,,,adult,,,,,,,,,AGL,Fine Jewelry
2391_7808,0.59 cts fancy light yellow vvs1  0.56 CTS G Colour VS1 18K ring : 5.61 gram WD : 26 / 0.29,"0.59 cts fancy light yellow vvs1 
0.56 CTS G Colour VS1
18K ring : 5.61 gram
WD : 26 / 0.29",in stock,new,132388.29 THB,https://colourdiam.com/productdetail/Menu/2391/7808,https://www.colourdiam.com/Product/Jewellery/2391_7808/white45/center.jpg,ColourDiam,Apparel & Accessories > Jewelry,,1,,,,unisex,,,adult,,,,,,,,,GIA,Fine Jewelry
2518,1.01 cts Light Pink Ring 18 k : 4.20 gram  WD : 44 / 0.201  PEAR : 8 / 0.452 MQ : 8 / 0.328,"1.01 cts Light Pink Ring
18 k : 4.20 gram 
WD : 44 / 0.201 
PEAR : 8 / 0.452
MQ : 8 / 0.328",in stock,new,245863.96 THB,,https://www.colourdiam.com/Product/Jewellery/2518/white45/center.jpg,ColourDiam,Apparel & Accessories > Jewelry,,1,,,,unisex,,,adult,,,,,,,,,GIA,Fine Jewelry
2553,2.04 ct Very Light Pink Ring SI1 18 k : 7.26 gram  PEAR : 6 / 0.252 MQ : 12 / 0.63 PINK : 25 / 0.14  WD : 69 / 0.235,"2.04 ct Very Light Pink Ring SI1
18 k : 7.26 gram 
PEAR : 6 / 0.252
MQ : 12 / 0.63
PINK : 25 / 0.14 
WD : 69 / 0.235",in stock,new,832154.95 THB,,https://www.colourdiam.com/Product/Jewellery/2553/white45/center.jpg,ColourDiam,Apparel & Accessories > Jewelry,,1,,,,unisex,,,adult,,,,,,,,,CGL,Fine Jewelry
2556,1.46 CT Fancy Orangy Pink 18 k Ring : 6.70 gram WD : 106 / 1.367,"https://colourdiam.com/Product/Jewellery/Model%20images/2556/1.jpeg
https://colourdiam.com/Product/Jewellery/Model%20images/2556/2.jpeg
https://colourdiam.com/Product/Jewellery/Model%20images/2556/3.jpeg
https://colourdiam.com/Product/Jewellery/Model%20images/2556/4.jpeg
https://colourdiam.com/Product/Jewellery/Model%20images/2556/5.jpeg
https://colourdiam.com/Product/Jewellery/Model%20images/2556/center.jpeg",in stock,new,1134756.75 THB,https://colourdiam.com/productdetail/2556,https://www.colourdiam.com/Product/Jewellery/2556/white45/center.jpg,ColourDiam,Apparel & Accessories > Jewelry,,1,,,,unisex,,,adult,,,,,,,,,GIA,Fine Jewelry
2644,0.52 CT Fancy Light Gray Blue VVS1 18 k Ring : 6.56 gram WD : 68 / 0.437 PINK : 18 / 0.207 EMERALD : 02 / 0.207,"https://colourdiam.com/Product/Jewellery/Model%20images/2644/1.JPEG
https://colourdiam.com/Product/Jewellery/Model%20images/2644/2.JPEG
https://colourdiam.com/Product/Jewellery/Model%20images/2644/3.JPEG
https://colourdiam.com/Product/Jewellery/Model%20images/2644/center.JPEG
https://colourdiam.com/Product/Jewellery/Model%20images/2644/colour-diam-model-images-65.jpeg
https://colourdiam.com/Product/Jewellery/Model%20images/2644/colour-diam-model-images-66.jpeg
https://colourdiam.com/Product/Jewellery/Model%20images/2644/colour-diam-model-images-67.jpeg
https://colourdiam.com/Product/Jewellery/Model%20images/2644/colour-diam-model-images-68.jpeg",in stock,new,945630.63 THB,,https://www.colourdiam.com/Product/Jewellery/2644/white45/center.jpg,ColourDiam,Apparel & Accessories > Jewelry,,1,,,,unisex,,,adult,,,,,,,,,GIA,Fine Jewelry
3061,1.01 cts Fancy Pinkish Brown I2 18 k Ring : 4.755 gram WD : 92 / 0.249 PINK : 44 / 0.21,"https://colourdiam.com/Product/Jewellery/Model%20images/3061/6EEF105F-2D3F-458E-A082-E6BA9ACA08FB.jpeg
https://colourdiam.com/Product/Jewellery/Model%20images/3061/center.jpeg
https://colourdiam.com/Product/Jewellery/Model%20images/3061/colour-diam-model-images-78.jpeg
https://colourdiam.com/Product/Jewellery/Model%20images/3061/colour-diam-model-images-79.jpeg
https://colourdiam.com/Product/Jewellery/Model%20images/3061/colour-diam-model-images-80.jpeg
https://colourdiam.com/Product/Jewellery/Model%20images/3061/DC254F1B-E39A-4F3E-BE14-289E8F3CABF4.jpeg",in stock,new,264776.58 THB,https://colourdiam.com/productdetail/3061,https://www.colourdiam.com/Product/Jewellery/3061/white45/center.jpg,ColourDiam,Apparel & Accessories > Jewelry,,1,,,,unisex,,,adult,,,,,,,,,GIA,Fine Jewelry
3170,0.30 cts D colour IF clarity 18 k Ring : 2.96 gram WD : 12 / 0.20,"https://colourdiam.com/Product/Jewellery/Model%20images/3170/center.jpeg
https://colourdiam.com/Product/Jewellery/Model%20images/3170/colour-diam-model-images-81.jpeg
https://colourdiam.com/Product/Jewellery/Model%20images/3170/colour-diam-model-images-82.jpeg
https://colourdiam.com/Product/Jewellery/Model%20images/3170/colour-diam-model-images-83.jpeg
https://colourdiam.com/Product/Jewellery/Model%20images/3170/PHOTO-2021-10-20-13-08-58.jpeg
https://colourdiam.com/Product/Jewellery/Model%20images/3170/PHOTO-2021-10-20-13-08-59%20%28Copy%29.jpeg",in stock,new,56737.84 THB,https://colourdiam.com/productdetail/3170,https://www.colourdiam.com/Product/Jewellery/3170/white45/center.jpg,ColourDiam,Apparel & Accessories > Jewelry,,1,,,,unisex,,,adult,,,,,,,,,GIA,Fine Jewelry
3442,0.35 cts fancy Vivid Purplish Pink  Main stone – 01 pcs   0.35 cts 18K Ring: 5.44 gram  WD : 28 / 0.87 PINK : 14 / 0.14,"0.35 cts fancy Vivid Purplish Pink 
Main stone – 01 pcs   0.35 cts
18K Ring: 5.44 gram 
WD : 28 / 0.87
PINK : 14 / 0.14",in stock,new,1210407.2 THB,,https://www.colourdiam.com/Product/Jewellery/3442/white45/center.jpg,ColourDiam,Apparel & Accessories > Jewelry,,1,,,,unisex,,,adult,,,,,,,,,GIA,Fine Jewelry
3443_3444,0.37 Ct Fancy Orangy Pink SI1/ 0.36 Ct Fancy Orangy Pink SI2 18k-Earring : 4.60 gram Main stone - 2 pcs – 0.73 cts WD : 140 / 0.639,"0.37 Ct Fancy Orangy Pink SI1/
0.36 Ct Fancy Orangy Pink SI2
18k-Earring : 4.60 gram
Main stone - 2 pcs – 0.73 cts
WD : 140 / 0.639",in stock,new,567378.38 THB,https://colourdiam.com/productdetail/Menu/3443/3444,https://www.colourdiam.com/Product/Jewellery/3443_3444/white45/center.jpg,ColourDiam,Apparel & Accessories > Jewelry,,1,,,,unisex,,,adult,,,,,,,,,GIA,Fine Jewelry
6321_3607,0.54 cts Light Pink SI1/ 0.30 Faint Pink VVS1 18 k Ring : 5.27 gram WD : 59 / 0.42 PINK : 33 / 0.20,"https://colourdiam.com/Product/Jewellery/Model%20images/6321_3607/center.jpeg
https://colourdiam.com/Product/Jewellery/Model%20images/6321_3607/colour-diam-model-images-300.jpeg
https://colourdiam.com/Product/Jewellery/Model%20images/6321_3607/colour-diam-model-images-301.jpeg
https://colourdiam.com/Product/Jewellery/Model%20images/6321_3607/WhatsApp%20Image%202025-10-04%20at%2015.56.03_bb4e4f15.jpeg",in stock,new,397164.86 THB,https://colourdiam.com/productdetail/Menu/6321/3607,https://www.colourdiam.com/Product/Jewellery/6321_3607/white45/center.jpg,ColourDiam,Apparel & Accessories > Jewelry,,1,,,,unisex,,,adult,,,,,,,,,GIA,Fine Jewelry
3608_3619,0.28 cts Fancy Pink SI/   0.23 cts Fancy Pink SI     18 k ring : 3.683 gram  WD : 108 / 0.447,"0.28 cts Fancy Pink SI/  
0.23 cts Fancy Pink SI    
18 k ring : 3.683 gram 
WD : 108 / 0.447",in stock,new,170213.51 THB,https://colourdiam.com/productdetail/Menu/3608/3619,https://www.colourdiam.com/Product/Jewellery/3608_3619/white45/center.jpg,ColourDiam,Apparel & Accessories > Jewelry,,1,,,,unisex,,,adult,,,,,,,,,AGL,Fine Jewelry
3747,1.01 cts Y-Z Range SI2 18 k Ring : 3.188 gram WD : 20 / 0.168 YD : 20 / 0.108,"1.01 cts Y-Z Range SI2
18 k Ring : 3.188 gram
WD : 20 / 0.168
YD : 20 / 0.108",in stock,new,75650.45 THB,,https://www.colourdiam.com/Product/Jewellery/3747/white45/center.jpg,ColourDiam,Apparel & Accessories > Jewelry,,1,,,,unisex,,,adult,,,,,,,,,IGI,Fine Jewelry
3760,0.36 cts Fancy Light Greenish Yellow VS2     18 k ring : 3.85 gram YD : 14 / 0.105  WD : 42 / 0.288,"0.36 cts Fancy Light Greenish Yellow VS2    
18 k ring : 3.85 gram
YD : 14 / 0.105 
WD : 42 / 0.288",in stock,new,94563.06 THB,,https://www.colourdiam.com/Product/Jewellery/3760/white45/center.jpg,ColourDiam,Apparel & Accessories > Jewelry,,1,,,,unisex,,,adult,,,,,,,,,GIA,Fine Jewelry
3763,1.02 cts Fancy Light Yellow I1 18 k Ring : 3.968 gram WD : 18 / 0.145,"1.02 cts Fancy Light Yellow I1
18 k Ring : 3.968 gram
WD : 18 / 0.145",in stock,new,113475.68 THB,https://colourdiam.com/productdetail/3763,https://www.colourdiam.com/Product/Jewellery/3763/white45/center.jpg,ColourDiam,Apparel & Accessories > Jewelry,,1,,,,unisex,,,adult,,,,,,,,,GIA,Fine Jewelry
3793,1.01 cts Light Pink VS2 Ring & pendant convertible 18 k : 6.79 gram PINK : 24 / 0.063 WD : 45 / 0.367  ROSE : 20 / 0.969,"https://colourdiam.com/Product/Jewellery/Model%20images/3793/01867D7C-2665-4B4B-8040-F38B0A2F26B7.JPEG
https://colourdiam.com/Product/Jewellery/Model%20images/3793/C99A0C82-0556-46BF-9D3C-9285633C6281.JPEG
https://colourdiam.com/Product/Jewellery/Model%20images/3793/center.JPEG
https://colourdiam.com/Product/Jewellery/Model%20images/3793/colour-diam-model-images-130.jpeg
https://colourdiam.com/Product/Jewellery/Model%20images/3793/colour-diam-model-images-131.jpeg
https://colourdiam.com/Product/Jewellery/Model%20images/3793/colour-diam-model-images-132.jpeg",in stock,new,945630.63 THB,https://colourdiam.com/productdetail/3793,https://www.colourdiam.com/Product/Jewellery/3793/white45/center.jpg,ColourDiam,Apparel & Accessories > Jewelry,,1,,,,unisex,,,adult,,,,,,,,,GIA,Fine Jewelry
3967,1.51 cts Fancy Light Brownish Pink I1 18 k Ring : 4.734 gram WD : 74 / 0.587 PINK : 24 / 0.12,"1.51 cts Fancy Light Brownish Pink I1
18 k Ring : 4.734 gram
WD : 74 / 0.587
PINK : 24 / 0.12",in stock,new,453902.7 THB,https://colourdiam.com/productdetail/3967,https://www.colourdiam.com/Product/Jewellery/3967/white45/center.jpg,ColourDiam,Apparel & Accessories > Jewelry,,1,,,,unisex,,,adult,,,,,,,,,GIA,Fine Jewelry
4059,1.01 cts Fancy Brown Pink I1 18 k Ring : 4.20 gram PINK : 15 / 0.29 WD : 34 / 0.71,"https://colourdiam.com/Product/Jewellery/Model%20images/4059/2.jpeg
https://colourdiam.com/Product/Jewellery/Model%20images/4059/3.jpeg
https://colourdiam.com/Product/Jewellery/Model%20images/4059/center.jpeg",in stock,new,264776.58 THB,https://colourdiam.com/productdetail/4059,https://www.colourdiam.com/Product/Jewellery/4059/white45/center.jpg,ColourDiam,Apparel & Accessories > Jewelry,,1,,,,unisex,,,adult,,,,,,,,,GIA,Fine Jewelry
4085_4456_4800_5452_5554_5558_5592_5594_5598,0.40 Fancy Vivid Greenish Yellow VS1  0.43 Fancy Light Yellow VVS2   0.47 Fancy Intense Yellow vvs2   0.36 Fancy Vivid Yellowish Orange SI2   0.30 Faint Pink SI1   0.30 Faint Pink SI2   0.38 Very Ligh,"https://colourdiam.com/Product/Jewellery/Model%20images/4085_4456_4800_5452_5554_5558_5592_5594_5598/1.jpeg
https://colourdiam.com/Product/Jewellery/Model%20images/4085_4456_4800_5452_5554_5558_5592_5594_5598/2.jpeg
https://colourdiam.com/Product/Jewellery/Model%20images/4085_4456_4800_5452_5554_5558_5592_5594_5598/3.jpeg
https://colourdiam.com/Product/Jewellery/Model%20images/4085_4456_4800_5452_5554_5558_5592_5594_5598/center.jpeg
https://colourdiam.com/Product/Jewellery/Model%20images/4085_4456_4800_5452_5554_5558_5592_5594_5598/colour-diam-model-images-179.jpeg
https://colourdiam.com/Product/Jewellery/Model%20images/4085_4456_4800_5452_5554_5558_5592_5594_5598/colour-diam-model-images-180.jpeg
https://colourdiam.com/Product/Jewellery/Model%20images/4085_4456_4800_5452_5554_5558_5592_5594_5598/colour-diam-model-images-181.jpeg
https://colourdiam.com/Product/Jewellery/Model%20images/4085_4456_4800_5452_5554_5558_5592_5594_5598/colour-diam-model-images-182.jpeg
https://colourdiam.com/Product/Jewellery/Model%20images/4085_4456_4800_5452_5554_5558_5592_5594_5598/colour-diam-model-images-183.jpeg
https://colourdiam.com/Product/Jewellery/Model%20images/4085_4456_4800_5452_5554_5558_5592_5594_5598/colour-diam-model-images-184.jpeg
https://colourdiam.com/Product/Jewellery/Model%20images/4085_4456_4800_5452_5554_5558_5592_5594_5598/colour-diam-model-images-185.jpeg
https://colourdiam.com/Product/Jewellery/Model%20images/4085_4456_4800_5452_5554_5558_5592_5594_5598/WhatsApp%20Image%202025-10-01%20at%2023.52.56_34dea980.jpeg
https://colourdiam.com/Product/Jewellery/Model%20images/4085_4456_4800_5452_5554_5558_5592_5594_5598/WhatsApp%20Image%202025-10-01%20at%2023.52.56_ea65936a.jpeg
https://colourdiam.com/Product/Jewellery/Model%20images/4085_4456_4800_5452_5554_5558_5592_5594_5598/WhatsApp%20Image%202025-10-03%20at%2017.58.17_b7d057ba.jpeg",in stock,new,491727.93 THB,https://colourdiam.com/productdetail/Menu/4085/4456/4800/5452/5554/5558/5592/5594/5598,"https://www.colourdiam.com/Product/Jewellery/
4085_4456_4800_5452_5554_5558_5592_5594_5598 
/white45/center.jpg",ColourDiam,Apparel & Accessories > Jewelry,,1,,,,unisex,,,adult,,,,,,,,,GIA,Fine Jewelry
4191,0.52 cts Very light pink VS2  18 k ring : 7.70 gram   WD : 66 / 0.51,"0.52 cts Very light pink VS2
 18 k ring : 7.70 gram  
WD : 66 / 0.51",in stock,new,283689.19 THB,,https://www.colourdiam.com/Product/Jewellery/4191/white45/center.jpg,ColourDiam,Apparel & Accessories > Jewelry,,1,,,,unisex,,,adult,,,,,,,,,GIA,Fine Jewelry
"4193_4185_4184
4183_4180_4171
4169_4168_4167
4166_4124_4086_
3953",0.53 cts fancy light pinkish brown SI1  0.38 cts light pinkish brown I1 0.33 cts very light pinkish brown VS2 0.30 cts very light pinkish brown VVS1 0.35 cts fancy light brown pink I1 0.40 cts fancy b,"https://colourdiam.com/Product/Jewellery/Model%20images/4193_4185_4184_4183_4180_4171_4169_4168_4167_4166_4124_4086_3953/2.jpeg
https://colourdiam.com/Product/Jewellery/Model%20images/4193_4185_4184_4183_4180_4171_4169_4168_4167_4166_4124_4086_3953/3.jpeg
https://colourdiam.com/Product/Jewellery/Model%20images/4193_4185_4184_4183_4180_4171_4169_4168_4167_4166_4124_4086_3953/center.jpeg",in stock,new,1513009 THB,https://colourdiam.com/productdetail/Menu/4193/4185/4184/4183/4180/4171/4169/4168/4167/4166/4124/4086/3953,"https://www.colourdiam.com/Product/Jewellery/4193_4185_4184
4183_4180_4171
4169_4168_4167
4166_4124_4086_
3953
/white45/center.jpg",ColourDiam,Apparel & Accessories > Jewelry,,1,,,,unisex,,,adult,,,,,,,,,GIA,Fine Jewelry
"4207_4208
4227_4553
5156_5183_5482",0.51 Cts- Fancy intense yellow i1  0.66 Fancy intense yellow i2  0.70 Fancy light grayish greenish yellow i1  0.57 Light pinkish brown si1  0.50 Fancy pinkish brown si1    0.86 Fancy dark gray greeni,"0.51 Cts- Fancy intense yellow i1
 0.66 Fancy intense yellow i2
 0.70 Fancy light grayish greenish yellow i1
 0.57 Light pinkish brown si1
 0.50 Fancy pinkish brown si1  
 0.86 Fancy dark gray greenish yellow i1
 0.72 Fancy Pinkish Brown si2
 18k-Braclet : 14.30 gram
 WD: 326/4.229",in stock,new,453902.7 THB,https://colourdiam.com/productdetail/Menu/4207/4208/4227/4553/5156/5183/5482,"https://www.colourdiam.com/Product/Jewellery/4207_4208
4227_4553
5156_5183_5482
/white45/center.jpg",ColourDiam,Apparel & Accessories > Jewelry,,1,,,,unisex,,,adult,,,,,,,,,GIA,Fine Jewelry
4262,3.10 Cts  W to X Range   Si1                                  18k-Ring : 8.93 gram Y: 24/0.146 WD: 130/0.735,"https://colourdiam.com/Product/Jewellery/Model%20images/4262/center.jpeg
https://colourdiam.com/Product/Jewellery/Model%20images/4262/colour-diam-model-images-189.jpeg",in stock,new,378214.42 THB,https://colourdiam.com/productdetail/4262,https://www.colourdiam.com/Product/Jewellery/4262/white45/center.jpg,ColourDiam,Apparel & Accessories > Jewelry,,1,,,,unisex,,,adult,,,,,,,,,GIA,Fine Jewelry
4268,2.00 cts U to V range I1 18k-Ring : 6.97  gram WD: 54 pcs -0.244 cts   Pear: 20 pcs -0.922 cts MQ: 08 pcs -0.443 cts,"2.00 cts U to V range I1
18k-Ring : 6.97  gram
WD: 54 pcs -0.244 cts  
Pear: 20 pcs -0.922 cts
MQ: 08 pcs -0.443 cts",in stock,new,226951.35 THB,,https://www.colourdiam.com/Product/Jewellery/4268/white45/center.jpg,ColourDiam,Apparel & Accessories > Jewelry,,1,,,,unisex,,,adult,,,,,,,,,GIA,Fine Jewelry
4280,1.51 cts Fancy green vs              18 k ring : 6.79 gram  Main stone - 1 pcs – 1.51 cts  PINK : 46 / 0.53  WD : 108 / 0.872,"1.51 cts Fancy green vs             
18 k ring : 6.79 gram 
Main stone - 1 pcs – 1.51 cts 
PINK : 46 / 0.53 
WD : 108 / 0.872",in stock,new,245863.96 THB,,https://www.colourdiam.com/Product/Jewellery/4280/white45/center.jpg,ColourDiam,Apparel & Accessories > Jewelry,,1,,,,unisex,,,adult,,,,,,,,,AGL,Fine Jewelry
4281,1.56 cts Fancy Green VS                 18 k ring : 6.778 gram  PINK : 50 / 0.57  WD : 44 / 0.30,"1.56 cts Fancy Green VS                
18 k ring : 6.778 gram 
PINK : 50 / 0.57 
WD : 44 / 0.30",in stock,new,245863.96 THB,,https://www.colourdiam.com/Product/Jewellery/4281/white45/center.jpg,ColourDiam,Apparel & Accessories > Jewelry,,1,,,,unisex,,,adult,,,,,,,,,AGL,Fine Jewelry
4282_4283,1.50 W-X SI1 / 1.50 W-X SI1 18K: Earring : 6.49 gram Oval : 26 / 1.92 YD : 62 / 0.38,"https://colourdiam.com/Product/Jewellery/Model%20images/4282_4283/8708244-20240720-143255.jpeg
https://colourdiam.com/Product/Jewellery/Model%20images/4282_4283/colour-diam-model-images-190.jpeg
https://colourdiam.com/Product/Jewellery/Model%20images/4282_4283/colour-diam-model-images-191.jpeg
https://colourdiam.com/Product/Jewellery/Model%20images/4282_4283/pic.jpeg",in stock,new,283689.19 THB,https://colourdiam.com/productdetail/Menu/4282/4283,https://www.colourdiam.com/Product/Jewellery/4282_4283/white45/center.jpg,ColourDiam,Apparel & Accessories > Jewelry,,1,,,,unisex,,,adult,,,,,,,,,GIA,Fine Jewelry
4286,1.01 cts Light Pink I2  18k-Ring : 9.27 gram Main stone - 1 pcs - 1.01 cts WD: 262 pcs - 0.691 cts OVAL: 02 pcs - 0.198 cts,"https://colourdiam.com/Product/Jewellery/Model%20images/4286/1186643-20230202-120813.jpeg
https://colourdiam.com/Product/Jewellery/Model%20images/4286/1657692-20230202-120813.jpeg
https://colourdiam.com/Product/Jewellery/Model%20images/4286/2158459-20230202-120813.jpeg
https://colourdiam.com/Product/Jewellery/Model%20images/4286/4286.jpeg
https://colourdiam.com/Product/Jewellery/Model%20images/4286/4857219-20230202-120814.jpeg
https://colourdiam.com/Product/Jewellery/Model%20images/4286/center.jpeg
https://colourdiam.com/Product/Jewellery/Model%20images/4286/colour-diam-model-images-192.jpeg
https://colourdiam.com/Product/Jewellery/Model%20images/4286/colour-diam-model-images-194.jpeg
https://colourdiam.com/Product/Jewellery/Model%20images/4286/colour-diam-model-images-195.jpeg
https://colourdiam.com/Product/Jewellery/Model%20images/4286/colour-diam-model-images-196.jpeg
https://colourdiam.com/Product/Jewellery/Model%20images/4286/colour-diam-model-images-197.jpeg
https://colourdiam.com/Product/Jewellery/Model%20images/4286/colour-diam-model-images-198.jpeg
https://colourdiam.com/Product/Jewellery/Model%20images/4286/Untitled%20Project%20-%202025-12-19T163251.145.jpeg",in stock,new,586290.99 THB,https://colourdiam.com/productdetail/4286,https://www.colourdiam.com/Product/Jewellery/4286/white45/center.jpg,ColourDiam,Apparel & Accessories > Jewelry,,1,,,,unisex,,,adult,,,,,,,,,GIA,Fine Jewelry
4327_4328,1.00 G colour si1 / 1.01 G colour si1 Main stone - 02 pcs – 2.01 cts 18k-Earring : 4.6 gram WD : 98 / 2.53,"1.00 G colour si1 / 1.01 G colour si1
Main stone - 02 pcs – 2.01 cts
18k-Earring : 4.6 gram
WD : 98 / 2.53",in stock,new,240568.43 THB,https://colourdiam.com/productdetail/Menu/4327/4328,https://www.colourdiam.com/Product/Jewellery/4327_4328/white45/center.jpg,ColourDiam,Apparel & Accessories > Jewelry,,1,,,,unisex,,,adult,,,,,,,,,GIA,Fine Jewelry
4329_5655,1.01 –  Fancy Green vs 18K: Ring: 3.606 gram Caddilac: 2/ 0.29,"1.01 –  Fancy Green vs
18K: Ring: 3.606 gram
Caddilac: 2/ 0.29",in stock,new,189126.13 THB,https://colourdiam.com/productdetail/Menu/4329/5655,https://www.colourdiam.com/Product/Jewellery/4329_5655/white45/center.jpg,ColourDiam,Apparel & Accessories > Jewelry,,1,,,,unisex,,,adult,,,,,,,,,AGL,Fine Jewelry
4377,1.01 cts F Colour SI2 18k-Ring : 3.92 gram WD: 36 pcs - 0.33 cts,https://colourdiam.com/Product/Jewellery/Model%20images/4377/center.jpeg,in stock,new,117258.2 THB,https://colourdiam.com/productdetail/4377,https://www.colourdiam.com/Product/Jewellery/4377/white45/center.jpg,ColourDiam,Apparel & Accessories > Jewelry,,1,,,,unisex,,,adult,,,,,,,,,IGI,Fine Jewelry
4401_4402_4406_4409_4410_4422_4423_4354_4417,VERY LIGHT PINK ALL WITH GIA  18 k Pink Diamond Bracelet  Main stone detail - Very light pink 0.36 cts                                    Very light pink 0.25 cts                                    Ve,"https://colourdiam.com/Product/Jewellery/Model%20images/4401_4402_4406_4409_4410_4422_4423_4354_4417/center.jpeg
https://colourdiam.com/Product/Jewellery/Model%20images/4401_4402_4406_4409_4410_4422_4423_4354_4417/colour-diam-model-images-200.jpeg",in stock,new,680854.05 THB,https://colourdiam.com/productdetail/Menu/4401/4402/4406/4409/4410/4422/4423/4354/4417,"https://www.colourdiam.com/Product/Jewellery/4401_4402_4406_4409_4410_4422_4423_4354_4417
/white45/center.jpg",ColourDiam,Apparel & Accessories > Jewelry,,1,,,,unisex,,,adult,,,,,,,,,GIA,Fine Jewelry
4403,0.57 Faint Pinkish Brown I1 18 k Ring : 5.61 gram WD : 65 / 0.517 PD : 52 / 0.204,"0.57 Faint Pinkish Brown I1
18 k Ring : 5.61 gram
WD : 65 / 0.517
PD : 52 / 0.204",in stock,new,170213.51 THB,https://colourdiam.com/productdetail/4403,https://www.colourdiam.com/Product/Jewellery/4403/white45/center.jpg,ColourDiam,Apparel & Accessories > Jewelry,,1,,,,unisex,,,adult,,,,,,,,,GIA,Fine Jewelry
4415,0.62 Very Light Pink SI2 18 k Ring : 4.80 gram WD : 20 / 0.131 PD : 22 / 0.106 YD : 04 / 0.061 MQ : 12 / 0.622,"0.62 Very Light Pink SI2
18 k Ring : 4.80 gram
WD : 20 / 0.131
PD : 22 / 0.106
YD : 04 / 0.061
MQ : 12 / 0.622",in stock,new,219386.31 THB,,https://www.colourdiam.com/Product/Jewellery/4415/white45/center.jpg,ColourDiam,Apparel & Accessories > Jewelry,,1,,,,unisex,,,adult,,,,,,,,,GIA,Fine Jewelry
4416,0.52 cts Very Light Pink Ring I3 18k : 6.72 gram  WD : 229/1.058 PINK : 90/0.269,"0.52 cts Very Light Pink Ring I3
18k : 6.72 gram 
WD : 229/1.058
PINK : 90/0.269",in stock,new,170213.51 THB,,https://www.colourdiam.com/Product/Jewellery/4416/white45/center.jpg,ColourDiam,Apparel & Accessories > Jewelry,,1,,,,unisex,,,adult,,,,,,,,,GIA,Fine Jewelry
3400_4462,Faint Pink 0.50 cts SI1/  Faint pink 0.50 cts SI2  18 k EARRING : 11.32 gram WD : 232 / 1.035,"https://colourdiam.com/Product/Jewellery/Model%20images/3400_4462/center.jpeg
https://colourdiam.com/Product/Jewellery/Model%20images/3400_4462/colour-diam-model-images-84.jpeg
https://colourdiam.com/Product/Jewellery/Model%20images/3400_4462/colour-diam-model-images-85.jpeg
https://colourdiam.com/Product/Jewellery/Model%20images/3400_4462/colour-diam-model-images-86.jpeg
https://colourdiam.com/Product/Jewellery/Model%20images/3400_4462/PHOTO-2021-10-01-13-57-18%202.jpeg
https://colourdiam.com/Product/Jewellery/Model%20images/3400_4462/PHOTO-2021-10-01-13-57-19.jpeg",in stock,new,151300.9 THB,https://colourdiam.com/productdetail/Menu/3400/4462,https://www.colourdiam.com/Product/Jewellery/3400_4462/white45/center.jpg,ColourDiam,Apparel & Accessories > Jewelry,,1,,,,unisex,,,adult,,,,,,,,,GIA,Fine Jewelry
4468,0.90 cts Very Light Pink SI2 18 k Ring : 4.09 gram WD : 64 / 0.526 PD : 02 / 0.04,"0.90 cts Very Light Pink SI2
18 k Ring : 4.09 gram
WD : 64 / 0.526
PD : 02 / 0.04",in stock,new,567378.38 THB,,https://www.colourdiam.com/Product/Jewellery/4468/white45/center.jpg,ColourDiam,Apparel & Accessories > Jewelry,,1,,,,unisex,,,adult,,,,,,,,,GIA,Fine Jewelry
4509,1.02 Faint Pink SI2 18K: Ring : 7.20 gram WD : 66 / 0.427,"1.02 Faint Pink SI2
18K: Ring : 7.20 gram
WD : 66 / 0.427",in stock,new,624116.21 THB,https://colourdiam.com/productdetail/4509,https://www.colourdiam.com/Product/Jewellery/4509/white45/center.jpg,ColourDiam,Apparel & Accessories > Jewelry,,1,,,,unisex,,,adult,,,,,,,,,GIA,Fine Jewelry
4510,1.15 cts Light Pinkish Brown SI2 18k – Ring : 5.812 gram Main stone : 01 pcs – 1.15 cts WD : 12 pcs - 0.124 ct PD : 28 pcs - 0.06 ct PEAR : 20 pcs - 1.357 cts,"1.15 cts Light Pinkish Brown SI2
18k – Ring : 5.812 gram
Main stone : 01 pcs – 1.15 cts
WD : 12 pcs - 0.124 ct
PD : 28 pcs - 0.06 ct
PEAR : 20 pcs - 1.357 cts",in stock,new,434990.09 THB,https://colourdiam.com/productdetail/4510,https://www.colourdiam.com/Product/Jewellery/4510/white45/center.jpg,ColourDiam,Apparel & Accessories > Jewelry,,1,,,,unisex,,,adult,,,,,,,,,GIA,Fine Jewelry
4520,0.40 cts Very Light Pink SI1 18k – Ring : 6.42 gram Main stone : 01 pcs – 0.40 cts WD : 168 pcs - 0.363 cts PINK : 16 pcs - 0.07 cts,"0.40 cts Very Light Pink SI1
18k – Ring : 6.42 gram
Main stone : 01 pcs – 0.40 cts
WD : 168 pcs - 0.363 cts
PINK : 16 pcs - 0.07 cts",in stock,new,208038.74 THB,,https://www.colourdiam.com/Product/Jewellery/4520/white45/center.jpg,ColourDiam,Apparel & Accessories > Jewelry,,1,,,,unisex,,,adult,,,,,,,,,GIA,Fine Jewelry
4551,0.91 cts  Fancy yellow I2 18k-Ring : 3.80 gram YELLOW: 18 / 0.143 WD: 64 / 0.368,"0.91 cts  Fancy yellow I2
18k-Ring : 3.80 gram
YELLOW: 18 / 0.143
WD: 64 / 0.368",in stock,new,102128.11 THB,,https://www.colourdiam.com/Product/Jewellery/4551/white45/center.jpg,ColourDiam,Apparel & Accessories > Jewelry,,1,,,,unisex,,,adult,,,,,,,,,GIA,Fine Jewelry
4643,1.00 cts fancy yellow Si2 18k-Ring : 5.74 gram Main stone - 1 pcs - 1.00 cts WD: 58 pcs - 0.243 cts PD: 66 pcs – 0.377 cts,"1.00 cts fancy yellow Si2
18k-Ring : 5.74 gram
Main stone - 1 pcs - 1.00 cts
WD: 58 pcs - 0.243 cts
PD: 66 pcs – 0.377 cts",in stock,new,151300.9 THB,https://colourdiam.com/productdetail/4643,https://www.colourdiam.com/Product/Jewellery/4643/white45/center.jpg,ColourDiam,Apparel & Accessories > Jewelry,,1,,,,unisex,,,adult,,,,,,,,,GIA,Fine Jewelry
4649,0.82 cts Faint Pink SI1 18k – Ring : 7.99 gram Main stone : 01 pcs – 0.82 cts WD : 90 pcs - 0.493 cts,"https://colourdiam.com/Product/Jewellery/Model%20images/4649/1.jpeg
https://colourdiam.com/Product/Jewellery/Model%20images/4649/3.jpeg
https://colourdiam.com/Product/Jewellery/Model%20images/4649/center.jpeg",in stock,new,283689.19 THB,,https://www.colourdiam.com/Product/Jewellery/4649/white45/center.jpg,ColourDiam,Apparel & Accessories > Jewelry,,1,,,,unisex,,,adult,,,,,,,,,GIA,Fine Jewelry
4874_4676,2.04 cts Light Green Yellow I1 18k – Ring : 4.191 gram Main stone : 01 pcs – 2.04 cts WD : 54 pcs - 0.42 ct TRAPEZOID : 02 pcs - 0.41 cts,"https://colourdiam.com/Product/Jewellery/Model%20images/4874_4676/3192162-20220331-173224.jpeg
https://colourdiam.com/Product/Jewellery/Model%20images/4874_4676/6953092-20220331-173238.jpeg
https://colourdiam.com/Product/Jewellery/Model%20images/4874_4676/7110344-20220331-173239.jpeg
https://colourdiam.com/Product/Jewellery/Model%20images/4874_4676/7453859-20220331-173238.jpeg
https://colourdiam.com/Product/Jewellery/Model%20images/4874_4676/949A5E47-3DA1-45AC-B2F9-FDCA7C8E15A4.jpeg
https://colourdiam.com/Product/Jewellery/Model%20images/4874_4676/center.jpeg
https://colourdiam.com/Product/Jewellery/Model%20images/4874_4676/colour-diam-model-images-209.jpeg
https://colourdiam.com/Product/Jewellery/Model%20images/4874_4676/colour-diam-model-images-210.jpeg
https://colourdiam.com/Product/Jewellery/Model%20images/4874_4676/colour-diam-model-images-211.jpeg
https://colourdiam.com/Product/Jewellery/Model%20images/4874_4676/colour-diam-model-images-212.jpeg
https://colourdiam.com/Product/Jewellery/Model%20images/4874_4676/colour-diam-model-images-213.jpeg
https://colourdiam.com/Product/Jewellery/Model%20images/4874_4676/colour-diam-model-images-214.jpeg
https://colourdiam.com/Product/Jewellery/Model%20images/4874_4676/colour-diam-model-images-215.jpeg
https://colourdiam.com/Product/Jewellery/Model%20images/4874_4676/FE467A35-CCFF-4C8D-AD4C-A81527B772DD.jpeg",in stock,new,378252.25 THB,https://colourdiam.com/productdetail/Menu/4874/4676,https://www.colourdiam.com/Product/Jewellery/4874_4676/white45/center.jpg,ColourDiam,Apparel & Accessories > Jewelry,,1,,,,unisex,,,adult,,,,,,,,,GIA,Fine Jewelry
4686,0.50 cts Faint Pink Vs2 18k – Ring : 5.252 gram Main stone : 01 pcs – 0.50 cts PEAR : 11 pcs - 0.465 cts PINK : 16 pcs - 0.88 cts   MQ : 08 pcs - 0.42 cts,"0.50 cts Faint Pink Vs2
18k – Ring : 5.252 gram
Main stone : 01 pcs – 0.50 cts
PEAR : 11 pcs - 0.465 cts
PINK : 16 pcs - 0.88 cts  
MQ : 08 pcs - 0.42 cts",in stock,new,245863.96 THB,,https://www.colourdiam.com/Product/Jewellery/4686/white45/center.jpg,ColourDiam,Apparel & Accessories > Jewelry,,1,,,,unisex,,,adult,,,,,,,,,GIA,Fine Jewelry
4691,1.00 cts Light Pinkish Brown I1 18k – Ring : 4.52 gram Main stone : 01 pcs – 1.00 cts WD : 33 pcs - 0.555 ct PINK : 58 pcs - 0.29 ct,"1.00 cts Light Pinkish Brown I1
18k – Ring : 4.52 gram
Main stone : 01 pcs – 1.00 cts
WD : 33 pcs - 0.555 ct
PINK : 58 pcs - 0.29 ct",in stock,new,226951.35 THB,,https://www.colourdiam.com/Product/Jewellery/4691/white45/center.jpg,ColourDiam,Apparel & Accessories > Jewelry,,1,,,,unisex,,,adult,,,,,,,,,GIA,Fine Jewelry
4725,"0.84 Cts Fancy Grayish Green VS2 Main stone – 01 pcs   0.84 cts 18K Ring: 5.81 gram  WD : 62 / 0.26 PINK : 24 / 0.14 MARQUISE: 16 / 0.77","0.84 Cts Fancy Grayish Green VS2
Main stone – 01 pcs   0.84 cts
18K Ring: 5.81 gram 
WD : 62 / 0.26
PINK : 24 / 0.14
MARQUISE: 16 / 0.77",in stock,new,245863.96 THB,,https://www.colourdiam.com/Product/Jewellery/4725/white45/center.jpg,ColourDiam,Apparel & Accessories > Jewelry,,1,,,,unisex,,,adult,,,,,,,,,GIA,Fine Jewelry
4747,"0.83 FANCY LIGHT GREEN VS2 Main stone – 01 pcs 0.83 cts 18 K Ring: 5.15 gram  WD : 42 / 0.60 PINK : 42 / 0.13","0.83 FANCY LIGHT GREEN VS2
Main stone – 01 pcs 0.83 cts
18 K Ring: 5.15 gram 
WD : 42 / 0.60
PINK : 42 / 0.13",in stock,new,208038.74 THB,,https://www.colourdiam.com/Product/Jewellery/4747/white45/center.jpg,ColourDiam,Apparel & Accessories > Jewelry,,1,,,,unisex,,,adult,,,,,,,,,GIA,Fine Jewelry
4774,1.00 cts W-X Range VS2 18k – Ring : 4.184 gram Main stone : 01 pcs – 1.00 cts WD : 46 pcs - 0.319 cts,"1.00 cts W-X Range VS2
18k – Ring : 4.184 gram
Main stone : 01 pcs – 1.00 cts
WD : 46 pcs - 0.319 cts",in stock,new,113475.68 THB,https://colourdiam.com/productdetail/4774,https://www.colourdiam.com/Product/Jewellery/4774/white45/center.jpg,ColourDiam,Apparel & Accessories > Jewelry,,1,,,,unisex,,,adult,,,,,,,,,GIA,Fine Jewelry
4789,0.71 CT Faint Pink I1 18k – Ring : 4.97 gram Main stone : 01 pcs – 0.71 cts WD : 60 pcs - 1.274 cts PD : 30 pcs - 0.113 cts,"0.71 CT Faint Pink I1
18k – Ring : 4.97 gram
Main stone : 01 pcs – 0.71 cts
WD : 60 pcs - 1.274 cts
PD : 30 pcs - 0.113 cts",in stock,new,321514.41 THB,,https://www.colourdiam.com/Product/Jewellery/4789/white45/center.jpg,ColourDiam,Apparel & Accessories > Jewelry,,1,,,,unisex,,,adult,,,,,,,,,GIA,Fine Jewelry
4849,0.33 cts Faint Pink I1 18 k ring : 5.39 gram  WD - 32 pcs / 0.38 ct PEAR - 04 / 0.38 MARQUISE - 08 / 0.42,"https://colourdiam.com/Product/Jewellery/Model%20images/4849/center.jpeg
https://colourdiam.com/Product/Jewellery/Model%20images/4849/colour-diam-model-images-208.jpeg",in stock,new,151300.9 THB,https://colourdiam.com/productdetail/4849,https://www.colourdiam.com/Product/Jewellery/4849/white45/center.jpg,ColourDiam,Apparel & Accessories > Jewelry,,1,,,,unisex,,,adult,,,,,,,,,GIA,Fine Jewelry
4917,1.01 CT Very Light Pink SI2 18k – Ring & Pendant : 5.74 gram main stone : 01 pcs – 1.01 cts WD : 31 pcs - 0.238 cts PD : 16 pcs - 0.124 cts PEAR : 14 pcs - 0.695 cts,"1.01 CT Very Light Pink SI2
18k – Ring & Pendant : 5.74 gram
main stone : 01 pcs – 1.01 cts
WD : 31 pcs - 0.238 cts
PD : 16 pcs - 0.124 cts
PEAR : 14 pcs - 0.695 cts",in stock,new,529553.15 THB,,https://www.colourdiam.com/Product/Jewellery/4917/white45/center.jpg,ColourDiam,Apparel & Accessories > Jewelry,,1,,,,unisex,,,adult,,,,,,,,,GIA,Fine Jewelry
4976,0.50 cts  very Light Green Yellow Si1 18k-Ring : 4.45 gram PINK: 17/ 0.07 WD: 114/ 0.325 MQ: 08/ 0.364,"0.50 cts  very Light Green Yellow Si1
18k-Ring : 4.45 gram
PINK: 17/ 0.07
WD: 114/ 0.325
MQ: 08/ 0.364",in stock,new,113475.68 THB,,https://www.colourdiam.com/Product/Jewellery/4976/white45/center.jpg,ColourDiam,Apparel & Accessories > Jewelry,,1,,,,unisex,,,adult,,,,,,,,,GIA,Fine Jewelry
5052,2.16 cts Fancy Yellow Green SI2 18k – Ring : 5.585 gram main stone : 01 pcs – 2.16 cts WD: 46 pcs - 0.416 ct PD : 24 pcs- 0.18 ct EMERALD : 02 pcs - 0.34 ct,"https://colourdiam.com/Product/Jewellery/Model%20images/5052/1062819-20220331-165419.jpeg
https://colourdiam.com/Product/Jewellery/Model%20images/5052/6392242-20220331-165419.jpeg
https://colourdiam.com/Product/Jewellery/Model%20images/5052/7364058-20220331-165419.jpeg
https://colourdiam.com/Product/Jewellery/Model%20images/5052/center.jpeg
https://colourdiam.com/Product/Jewellery/Model%20images/5052/colour-diam-model-images-216.jpeg
https://colourdiam.com/Product/Jewellery/Model%20images/5052/colour-diam-model-images-217.jpeg
https://colourdiam.com/Product/Jewellery/Model%20images/5052/colour-diam-model-images-218.jpeg
https://colourdiam.com/Product/Jewellery/Model%20images/5052/colour-diam-model-images-219.jpeg",in stock,new,813242.34 THB,https://colourdiam.com/productdetail/5052,https://www.colourdiam.com/Product/Jewellery/5052/white45/center.jpg,ColourDiam,Apparel & Accessories > Jewelry,,1,,,,unisex,,,adult,,,,,,,,,GIA,Fine Jewelry
4907_5148_5163_5164_5159_5460,0.41 Fancy Light Brown Pink vs2 0.50 fancy Brown Pink I1 0.42 fancy Pinkish Brown Si1 0.36 fancy Brownish Pink Vs2 0.25 fancy Brownish Pink si1 0.47 fancy Light Pinkish Brown Vs1 18 k : Bracelet : 5.7,https://colourdiam.com/Product/Jewellery/Model%20images/4907_5148_5163_5164_5159_5460/center.jpeg,in stock,new,378252.25 THB,https://colourdiam.com/productdetail/Menu/4907/5148/5163/5164/5159/5460,"https://www.colourdiam.com/Product/Jewellery/4907_5148_5163_5164_5159_5460
/white45/center.jpg",ColourDiam,Apparel & Accessories > Jewelry,,1,,,,unisex,,,adult,,,,,,,,,GIA,Fine Jewelry
5171,0.52 cts  Very Light Pink Si2 18k-Ring : 5.96 gram WD: 197/ 0.696,"https://colourdiam.com/Product/Jewellery/Model%20images/5171/5171%20%282%29.jpeg
https://colourdiam.com/Product/Jewellery/Model%20images/5171/center.jpeg
https://colourdiam.com/Product/Jewellery/Model%20images/5171/colour-diam-model-images-220.jpeg
https://colourdiam.com/Product/Jewellery/Model%20images/5171/colour-diam-model-images-221.jpeg",in stock,new,226951.35 THB,https://colourdiam.com/productdetail/5171,https://www.colourdiam.com/Product/Jewellery/5171/white45/center.jpg,ColourDiam,Apparel & Accessories > Jewelry,,1,,,,unisex,,,adult,,,,,,,,,GIA,Fine Jewelry
5201,"1.01 cts Fancy Pink VS Main stone – 01 pcs 1.01 cts 18 K Ring: 5.77 gram  WD : 44 / 0.632 PD : 16 / 0.179 PEAR : 18 / 1.062","https://colourdiam.com/Product/Jewellery/Model%20images/5201/colour-diam-model-images-223.jpeg
https://colourdiam.com/Product/Jewellery/Model%20images/5201/model%20.jpeg",in stock,new,226951.35 THB,https://colourdiam.com/productdetail/5201,https://www.colourdiam.com/Product/Jewellery/5201/white45/center.jpg,ColourDiam,Apparel & Accessories > Jewelry,,1,,,,unisex,,,adult,,,,,,,,,AGL,Fine Jewelry
5212,"0.50 cts Very Light Pink VS2 Main stone – 01 pcs 0.50 cts 18k Ring : 5.53 gram  WD : 108 / 0.341 PINK : 16 / 0.088 OVAL : 08 / 0.835","0.50 cts Very Light Pink VS2
Main stone – 01 pcs 0.50 cts
18k Ring : 5.53 gram 
WD : 108 / 0.341
PINK : 16 / 0.088
OVAL : 08 / 0.835",in stock,new,264776.58 THB,,https://www.colourdiam.com/Product/Jewellery/5212/white45/center.jpg,ColourDiam,Apparel & Accessories > Jewelry,,1,,,,unisex,,,adult,,,,,,,,,GIA,Fine Jewelry
5228,0.60 CT Very Light Pink SI1 18k – Ring : 5.42 gram main stone : 01 pcs – 0.60 cts WD: 92 pcs / 0.578 cts PINK : 64 pcs /  0.225 cts TAPPER : 02 / 0.67,"0.60 CT Very Light Pink SI1
18k – Ring : 5.42 gram
main stone : 01 pcs – 0.60 cts
WD: 92 pcs / 0.578 cts
PINK : 64 pcs /  0.225 cts
TAPPER : 02 / 0.67",in stock,new,397164.86 THB,,https://www.colourdiam.com/Product/Jewellery/5228/white45/center.jpg,ColourDiam,Apparel & Accessories > Jewelry,,1,,,,unisex,,,adult,,,,,,,,,GIA,Fine Jewelry
5335,0.31 cts Light Pink I3 18k ring : 3.04 gram    WD : 40 / 0.37,"0.31 cts Light Pink I3
18k ring : 3.04 gram  
 WD : 40 / 0.37",in stock,new,75650.45 THB,https://colourdiam.com/productdetail/5335,https://www.colourdiam.com/Product/Jewellery/5335/white45/center.jpg,ColourDiam,Apparel & Accessories > Jewelry,,1,,,,unisex,,,adult,,,,,,,,,GIA,Fine Jewelry
5229_6619,1.20 cts Fancy Brownish Greenish Yellow SI1  18 k ring : 3.28 gram   Tapper : 02 / 0.515,"1.20 cts Fancy Brownish Greenish Yellow SI1 
18 k ring : 3.28 gram 
 Tapper : 02 / 0.515",in stock,new,170213.51 THB,https://colourdiam.com/productdetail/Menu/5229/6619,https://www.colourdiam.com/Product/Jewellery/5229_6619/white45/center.jpg,ColourDiam,Apparel & Accessories > Jewelry,,1,,,,unisex,,,adult,,,,,,,,,GIA,Fine Jewelry
5402_5001,"1.33 cts Fancy Light Yellow Ring VS1 18k : 2.69 gram  BULLET : 2/0.25","1.33 cts Fancy Light Yellow Ring VS1
18k : 2.69 gram 
BULLET : 2/0.25",in stock,new,151300.9 THB,https://colourdiam.com/productdetail/Menu/5402/5001,https://www.colourdiam.com/Product/Jewellery/5402_5001/white45/center.jpg,ColourDiam,Apparel & Accessories > Jewelry,,1,,,,unisex,,,adult,,,,,,,,,GIA,Fine Jewelry
5409,0.71 cts Light Pink I2 18K ring : 5.31  gram Wd : 382 / 0.51,"0.71 cts Light Pink I2
18K ring : 5.31  gram
Wd : 382 / 0.51",in stock,new,170213.51 THB,,https://www.colourdiam.com/Product/Jewellery/5409/white45/center.jpg,ColourDiam,Apparel & Accessories > Jewelry,,1,,,,unisex,,,adult,,,,,,,,,GIA,Fine Jewelry
5427,0.57 Fancy Light Bluish Green SI2 Main stone – 01 pcs  0.57 cts 18 K Ring: 6.954 gram  WD : 76 / 1.53 PD: 32 / 0.85,"0.57 Fancy Light Bluish Green SI2
Main stone – 01 pcs  0.57 cts
18 K Ring: 6.954 gram 
WD : 76 / 1.53
PD: 32 / 0.85",in stock,new,264776.58 THB,,https://www.colourdiam.com/Product/Jewellery/5427/white45/center.jpg,ColourDiam,Apparel & Accessories > Jewelry,,1,,,,unisex,,,adult,,,,,,,,,GIA,Fine Jewelry
5448,"1.29 cts fancy light brownish yellow vvs2 Main stone – 01 pcs 1.29 cts 18 K Ring: 4.54 gram  WD : 97 / 0.542","1.29 cts fancy light brownish yellow vvs2
Main stone – 01 pcs 1.29 cts
18 K Ring: 4.54 gram 
WD : 97 / 0.542",in stock,new,208038.74 THB,,https://www.colourdiam.com/Product/Jewellery/5448/white45/center.jpg,ColourDiam,Apparel & Accessories > Jewelry,,1,,,,unisex,,,adult,,,,,,,,,GIA,Fine Jewelry
5465,0.43 CT Faint Pink I2 18 k : Ring : 5.11 gram WD : 110/ 0.308 PD : 16/ 0.077 MQ : 16/ 0.572,"https://colourdiam.com/Product/Jewellery/Model%20images/5465/2.jpeg
https://colourdiam.com/Product/Jewellery/Model%20images/5465/3.jpeg
https://colourdiam.com/Product/Jewellery/Model%20images/5465/center.jpeg
https://colourdiam.com/Product/Jewellery/Model%20images/5465/colour-diam-model-images-233.jpeg
https://colourdiam.com/Product/Jewellery/Model%20images/5465/colour-diam-model-images-234.jpeg
https://colourdiam.com/Product/Jewellery/Model%20images/5465/colour-diam-model-images-235.jpeg",in stock,new,208038.74 THB,https://colourdiam.com/productdetail/5465,https://www.colourdiam.com/Product/Jewellery/5465/white45/center.jpg,ColourDiam,Apparel & Accessories > Jewelry,,1,,,,unisex,,,adult,,,,,,,,,GIA,Fine Jewelry
5528_5170,2.02 - FANCY BROWNISH YELLOW  SI1 18k-Ring : 4.15 gram WD: 80/ 0.469  triangle: 2/ 0.32,"2.02 - FANCY BROWNISH YELLOW  SI1
18k-Ring : 4.15 gram
WD: 80/ 0.469 
triangle: 2/ 0.32",in stock,new,245863.96 THB,https://colourdiam.com/productdetail/Menu/5528/5170,https://www.colourdiam.com/Product/Jewellery/5528_5170/white45/center.jpg,ColourDiam,Apparel & Accessories > Jewelry,,1,,,,unisex,,,adult,,,,,,,,,GIA,Fine Jewelry
5531,2.01 - FANCY BROWNISH YELLOW  SI2 18k-Ring : 5.68 gram Y: 18/ 0.179 WD: 100/ 0.901,"2.01 - FANCY BROWNISH YELLOW  SI2
18k-Ring : 5.68 gram
Y: 18/ 0.179
WD: 100/ 0.901",in stock,new,189126.13 THB,https://colourdiam.com/productdetail/5531,https://www.colourdiam.com/Product/Jewellery/5531/white45/center.jpg,ColourDiam,Apparel & Accessories > Jewelry,,1,,,,unisex,,,adult,,,,,,,,,GIA,Fine Jewelry
5545_5581_4685,0.41 CT Faint Pink Vs1 0.40 Faint Pink Vs2 0.60 Faint Pink Si1 18k-Ring : 10.38 gram WD: 91/ 0.33 P: 199/ 0.735,"https://colourdiam.com/Product/Jewellery/Model%20images/5545_5581_4685/3.jpeg
https://colourdiam.com/Product/Jewellery/Model%20images/5545_5581_4685/center.jpeg
https://colourdiam.com/Product/Jewellery/Model%20images/5545_5581_4685/colour-diam-model-images-239.jpeg
https://colourdiam.com/Product/Jewellery/Model%20images/5545_5581_4685/colour-diam-model-images-240.jpeg
https://colourdiam.com/Product/Jewellery/Model%20images/5545_5581_4685/colour-diam-model-images-241.jpeg
https://colourdiam.com/Product/Jewellery/Model%20images/5545_5581_4685/Untitled%20Project%20-%202026-06-30T133213.541.jpeg",in stock,new,548465.76 THB,https://colourdiam.com/productdetail/Menu/5545/5581/4685,https://www.colourdiam.com/Product/Jewellery/5545_5581_4685/white45/center.jpg,ColourDiam,Apparel & Accessories > Jewelry,,1,,,,unisex,,,adult,,,,,,,,,GIA,Fine Jewelry
5547,2.38 – Fancy Light Greenish  Yellow Vs1 18K: Ring: 3.55 gram W: 40/ 0.379,"2.38 – Fancy Light Greenish  Yellow Vs1
18K: Ring: 3.55 gram
W: 40/ 0.379",in stock,new,699766.66 THB,,https://www.colourdiam.com/Product/Jewellery/5547/white45/center.jpg,ColourDiam,Apparel & Accessories > Jewelry,,1,,,,unisex,,,adult,,,,,,,,,GIA,Fine Jewelry
5551,1.50 cts Light Pink Si2 18 k Ring : 5.75 gram WD: 58/ 0.233 PEAR : 19/ 0.815,"https://colourdiam.com/Product/Jewellery/Model%20images/5551/center.jpeg
https://colourdiam.com/Product/Jewellery/Model%20images/5551/colour-diam-model-images-252.jpeg
https://colourdiam.com/Product/Jewellery/Model%20images/5551/colour-diam-model-images-253.jpeg
https://colourdiam.com/Product/Jewellery/Model%20images/5551/colour-diam-model-images-254.jpeg
https://colourdiam.com/Product/Jewellery/Model%20images/5551/colour-diam-model-images-255.jpeg
https://colourdiam.com/Product/Jewellery/Model%20images/5551/WhatsApp%20Image%202025-08-22%20at%2011.50.27_401751dd.jpeg
https://colourdiam.com/Product/Jewellery/Model%20images/5551/WhatsApp%20Image%202025-08-22%20at%2011.50.28_8dcd2fcd.jpeg
https://colourdiam.com/Product/Jewellery/Model%20images/5551/WhatsApp%20Image%202025-08-22%20at%2011.50.28_a980f931.jpeg",in stock,new,1059106.3 THB,https://colourdiam.com/productdetail/5551,https://www.colourdiam.com/Product/Jewellery/5551/white45/center.jpg,ColourDiam,Apparel & Accessories > Jewelry,,1,,,,unisex,,,adult,,,,,,,,,GIA,Fine Jewelry
5585_5361,1.74 CT Fancy  Light Greenish Yellow si2 18k-Ring : 4.70 gram WD: 44/ 0.546 P:  26/ 0.107 Half moon: 02/ 0.29,"https://colourdiam.com/Product/Jewellery/Model%20images/5585_5361/2602121-20240720-123044.jpeg
https://colourdiam.com/Product/Jewellery/Model%20images/5585_5361/3573937-20240720-123044.jpeg
https://colourdiam.com/Product/Jewellery/Model%20images/5585_5361/7745280-20240720-123045.jpeg
https://colourdiam.com/Product/Jewellery/Model%20images/5585_5361/center.jpeg
https://colourdiam.com/Product/Jewellery/Model%20images/5585_5361/colour-diam-model-images-258.jpeg
https://colourdiam.com/Product/Jewellery/Model%20images/5585_5361/colour-diam-model-images-259.jpeg
https://colourdiam.com/Product/Jewellery/Model%20images/5585_5361/colour-diam-model-images-260.jpeg
https://colourdiam.com/Product/Jewellery/Model%20images/5585_5361/colour-diam-model-images-261.jpeg
https://colourdiam.com/Product/Jewellery/Model%20images/5585_5361/colour-diam-model-images-262.jpeg
https://colourdiam.com/Product/Jewellery/Model%20images/5585_5361/Untitled%20Project%20-%202025-12-19T172936.579.jpeg",in stock,new,567378.38 THB,https://colourdiam.com/productdetail/Menu/5585/5361,https://www.colourdiam.com/Product/Jewellery/5585_5361/white45/center.jpg,ColourDiam,Apparel & Accessories > Jewelry,,1,,,,unisex,,,adult,,,,,,,,,GIA,Fine Jewelry
5595,0.31 cts Faint Pink Vs2 18 k Ring : 3.84 gram WD: 68/ 0.329 PEAR : 06/ 0.255,"0.31 cts Faint Pink Vs2
18 k Ring : 3.84 gram
WD: 68/ 0.329
PEAR : 06/ 0.255",in stock,new,151300.9 THB,,https://www.colourdiam.com/Product/Jewellery/5595/white45/center.jpg,ColourDiam,Apparel & Accessories > Jewelry,,1,,,,unisex,,,adult,,,,,,,,,GIA,Fine Jewelry
5596,0.51 cts Faint Pink SI1 18 k Ring : 3.03 gram WD: 62/ 0.125 MQ : 04/ 0.16,"0.51 cts Faint Pink SI1
18 k Ring : 3.03 gram
WD: 62/ 0.125
MQ : 04/ 0.16",in stock,new,226951.35 THB,,https://www.colourdiam.com/Product/Jewellery/5596/white45/center.jpg,ColourDiam,Apparel & Accessories > Jewelry,,1,,,,unisex,,,adult,,,,,,,,,GIA,Fine Jewelry
5597,0.32 cts Faint Pink VVS2 18 k ring : 4.5 gram  WD - 118 pcs - 0.90 ct,"0.32 cts Faint Pink VVS2
18 k ring : 4.5 gram 
WD - 118 pcs - 0.90 ct",in stock,new,151300.9 THB,https://colourdiam.com/productdetail/5597,https://www.colourdiam.com/Product/Jewellery/5597/white45/center.jpg,ColourDiam,Apparel & Accessories > Jewelry,,1,,,,unisex,,,adult,,,,,,,,,GIA,Fine Jewelry
5610_5611,0.38 cts Faint Pink Vs1 0.32 cts Faint pink vvs2 18k-Earring : 2.91 gram MQ: 6/ 0.248 Pear:  12/ 0.398,"0.38 cts Faint Pink Vs1
0.32 cts Faint pink vvs2
18k-Earring : 2.91 gram
MQ: 6/ 0.248
Pear:  12/ 0.398",in stock,new,189126.13 THB,https://colourdiam.com/productdetail/Menu/5610/5611,https://www.colourdiam.com/Product/Jewellery/5610_5611/white45/center.jpg,ColourDiam,Apparel & Accessories > Jewelry,,1,,,,unisex,,,adult,,,,,,,,,GIA,Fine Jewelry
5618_5658,3.25 CT FANCY GREEN VS1 18k-Ring : 3.80 gram Caddilac: 2/ 0.34,"https://colourdiam.com/Product/Jewellery/Model%20images/5618_5658/1.jpeg
https://colourdiam.com/Product/Jewellery/Model%20images/5618_5658/center.jpeg
https://colourdiam.com/Product/Jewellery/Model%20images/5618_5658/colour-diam-model-images-265.jpeg
https://colourdiam.com/Product/Jewellery/Model%20images/5618_5658/colour-diam-model-images-266.jpeg",in stock,new,794329.73 THB,https://colourdiam.com/productdetail/Menu/5618/5658,https://www.colourdiam.com/Product/Jewellery/5618_5658/white45/center.jpg,ColourDiam,Apparel & Accessories > Jewelry,,1,,,,unisex,,,adult,,,,,,,,,AGL,Fine Jewelry
5661_5196,1.01 CT Fancy Brownish Greenish Yellow VS2 18 k Ring : 3.67 gram WD : 68/ 0.311 PD : 22/ 0.079 ASSCHER : 02/ 0.42,"1.01 CT Fancy Brownish Greenish Yellow VS2
18 k Ring : 3.67 gram
WD : 68/ 0.311
PD : 22/ 0.079
ASSCHER : 02/ 0.42",in stock,new,132388.29 THB,https://colourdiam.com/productdetail/Menu/5661/5196,https://www.colourdiam.com/Product/Jewellery/5661_5196/white45/center.jpg,ColourDiam,Apparel & Accessories > Jewelry,,1,,,,unisex,,,adult,,,,,,,,,GIA,Fine Jewelry
5699,0.27 cts  Fancy Yellow  SI 18K: Ring: 3.424 gram WD: 30 / 0.468  YD: 14 / 0.133,"0.27 cts  Fancy Yellow  SI
18K: Ring: 3.424 gram
WD: 30 / 0.468 
YD: 14 / 0.133",in stock,new,56737.84 THB,,https://www.colourdiam.com/Product/Jewellery/5699/white45/center.jpg,ColourDiam,Apparel & Accessories > Jewelry,,1,,,,unisex,,,adult,,,,,,,,,AGL,Fine Jewelry
5708,0.24 cts Fancy Yellow VS 18 k Pendant : 3.561 gram WD : 18/ 0.281 YD : 12/ 0.113,"https://colourdiam.com/Product/Jewellery/Model%20images/5708/5708.1.jpeg
https://colourdiam.com/Product/Jewellery/Model%20images/5708/center.jpeg
https://colourdiam.com/Product/Jewellery/Model%20images/5708/colour-diam-model-images-268.jpeg
https://colourdiam.com/Product/Jewellery/Model%20images/5708/colour-diam-model-images-269.jpeg",in stock,new,62411.62 THB,https://colourdiam.com/productdetail/5708,https://www.colourdiam.com/Product/Jewellery/5708/white45/center.jpg,ColourDiam,Apparel & Accessories > Jewelry,,1,,,,unisex,,,adult,,,,,,,,,AGL,Fine Jewelry
5715,0.12 cts  Fancy Light Pink VS Main stone : 1 pcs - 0.12 cts  18K Pendant : 3.51 gram WD –  13 / 0.130 PD – 12 / 0.306,"0.12 cts  Fancy Light Pink VS
Main stone : 1 pcs - 0.12 cts 
18K Pendant : 3.51 gram
WD –  13 / 0.130
PD – 12 / 0.306",in stock,new,56737.84 THB,,https://www.colourdiam.com/Product/Jewellery/5715/white45/center.jpg,ColourDiam,Apparel & Accessories > Jewelry,,1,,,,unisex,,,adult,,,,,,,,,AGL,Fine Jewelry
5730,2.21 CT Fancy  Grayish Yellowish Green SI2 18 k Ring: 6.01 gram WD : 114/ 0.64 PD : 28/ 0.085 MQ : 10/ 0.312,"2.21 CT Fancy  Grayish Yellowish Green SI2
18 k Ring: 6.01 gram
WD : 114/ 0.64
PD : 28/ 0.085
MQ : 10/ 0.312",in stock,new,397164.86 THB,,https://www.colourdiam.com/Product/Jewellery/5730/white45/center.jpg,ColourDiam,Apparel & Accessories > Jewelry,,1,,,,unisex,,,adult,,,,,,,,,GIA,Fine Jewelry
5735,0.50 F colour VS2 18 k Ring : 2.36 gram WD : 44/0.36,"0.50 F colour VS2
18 k Ring : 2.36 gram
WD : 44/0.36",in stock,new,56737.84 THB,https://colourdiam.com/productdetail/5735,https://www.colourdiam.com/Product/Jewellery/5735/white45/center.jpg,ColourDiam,Apparel & Accessories > Jewelry,,1,,,,unisex,,,adult,,,,,,,,,GIA,Fine Jewelry
5766,0.31 cts Faint Pink si1  Main stone – 01 pcs 0.31 cts 18 K Ring:  2.70  gram  WD : 45 / 0.53,"0.31 cts Faint Pink si1 
Main stone – 01 pcs 0.31 cts
18 K Ring:  2.70  gram 
WD : 45 / 0.53",in stock,new,45390.27 THB,https://colourdiam.com/productdetail/5766,https://www.colourdiam.com/Product/Jewellery/5766/white45/center.jpg,ColourDiam,Apparel & Accessories > Jewelry,,1,,,,unisex,,,adult,,,,,,,,,CGL,Fine Jewelry
5769,1.00 H colour VS2 18 k Ring : 3.85 gram WD : 16 / 0.69,"1.00 H colour VS2
18 k Ring : 3.85 gram
WD : 16 / 0.69",in stock,new,245863.96 THB,https://colourdiam.com/productdetail/5769,https://www.colourdiam.com/Product/Jewellery/5769/white45/center.jpg,ColourDiam,Apparel & Accessories > Jewelry,,1,,,,unisex,,,adult,,,,,,,,,GIA,Fine Jewelry
5932,0.40 CT Very Light Pink SI2 18 k Ring: 3.188 gram WD : 208/ 0.647 PD : 18/ 0.068,"https://colourdiam.com/Product/Jewellery/Model%20images/5932/4388730-20240720-115004.jpeg
https://colourdiam.com/Product/Jewellery/Model%20images/5932/5988141-20240720-115004.jpeg
https://colourdiam.com/Product/Jewellery/Model%20images/5932/8245570-20240720-115004.jpeg
https://colourdiam.com/Product/Jewellery/Model%20images/5932/center.jpeg
https://colourdiam.com/Product/Jewellery/Model%20images/5932/colour-diam-model-images-271.jpeg
https://colourdiam.com/Product/Jewellery/Model%20images/5932/colour-diam-model-images-272.jpeg
https://colourdiam.com/Product/Jewellery/Model%20images/5932/colour-diam-model-images-273.jpeg
https://colourdiam.com/Product/Jewellery/Model%20images/5932/colour-diam-model-images-274.jpeg",in stock,new,189126.13 THB,https://colourdiam.com/productdetail/5932,https://www.colourdiam.com/Product/Jewellery/5932/white45/center.jpg,ColourDiam,Apparel & Accessories > Jewelry,,1,,,,unisex,,,adult,,,,,,,,,GIA,Fine Jewelry
5982_5362,1.04 CT fancy  pink vs2 18k-Ring : 4.35 gram Y: 20/ 0.108 WD:  20/ 0.168 HALFMOON : 02 / 0.19,"1.04 CT fancy  pink vs2
18k-Ring : 4.35 gram
Y: 20/ 0.108
WD:  20/ 0.168
HALFMOON : 02 / 0.19",in stock,new,113475.68 THB,https://colourdiam.com/productdetail/Menu/5982/5362,https://www.colourdiam.com/Product/Jewellery/5982_5362/white45/center.jpg,ColourDiam,Apparel & Accessories > Jewelry,,1,,,,unisex,,,adult,,,,,,,,,AGL,Fine Jewelry
5983,1.01 Fancy Pink SI1  18K ring : 8.43 gram  WD : 270 / 0.739  HEART :02 / 0.275,"1.01 Fancy Pink SI1 
18K ring : 8.43 gram 
WD : 270 / 0.739 
HEART :02 / 0.275",in stock,new,189126.13 THB,https://colourdiam.com/productdetail/5983,https://www.colourdiam.com/Product/Jewellery/5983/white45/center.jpg,ColourDiam,Apparel & Accessories > Jewelry,,1,,,,unisex,,,adult,,,,,,,,,AGL,Fine Jewelry
5991,1.01 cts Fancy Pink VS 18 k Ring: 9.811 gram WD: 102/ 0.492 PD : 48/ 0.116 TAPPER : 02/ 0.196,"https://colourdiam.com/Product/Jewellery/Model%20images/5991/4D5BE253-DD28-4848-A8E6-F8DF044F4AAD.JPEG
https://colourdiam.com/Product/Jewellery/Model%20images/5991/813AB1C1-D109-4A90-B85C-8637B5FEE184.JPEG
https://colourdiam.com/Product/Jewellery/Model%20images/5991/84C8D2CA-23C8-47CD-A0A4-16B5BC7E19A7.JPEG
https://colourdiam.com/Product/Jewellery/Model%20images/5991/B908EDFB-EB05-448D-B9E4-4E0A85E3167C.JPEG
https://colourdiam.com/Product/Jewellery/Model%20images/5991/center.jpeg
https://colourdiam.com/Product/Jewellery/Model%20images/5991/colour-diam-model-images-278.jpeg
https://colourdiam.com/Product/Jewellery/Model%20images/5991/colour-diam-model-images-279.jpeg
https://colourdiam.com/Product/Jewellery/Model%20images/5991/colour-diam-model-images-280.jpeg
https://colourdiam.com/Product/Jewellery/Model%20images/5991/colour-diam-model-images-281.jpeg
https://colourdiam.com/Product/Jewellery/Model%20images/5991/colour-diam-model-images-282.jpeg
https://colourdiam.com/Product/Jewellery/Model%20images/5991/colour-diam-model-images-283.jpeg
https://colourdiam.com/Product/Jewellery/Model%20images/5991/colour-diam-model-images-284.jpeg
https://colourdiam.com/Product/Jewellery/Model%20images/5991/colour-diam-model-images-285.jpeg
https://colourdiam.com/Product/Jewellery/Model%20images/5991/EA0F1DD7-D12B-4AD9-A044-08BD0826C630.JPEG
https://colourdiam.com/Product/Jewellery/Model%20images/5991/F5B79CF5-B5C3-4311-86F8-C93D3970DC46.JPEG
https://colourdiam.com/Product/Jewellery/Model%20images/5991/FE8F79DB-8F34-48AE-B9D7-EB0DDE61C478.JPEG",in stock,new,189126.13 THB,https://colourdiam.com/productdetail/5991,https://www.colourdiam.com/Product/Jewellery/5991/white45/center.jpg,ColourDiam,Apparel & Accessories > Jewelry,,1,,,,unisex,,,adult,,,,,,,,,AGL,Fine Jewelry
5993,"1.00 cts  Fancy Pink VS Main stone – 1 pcs  1.00 cts 18k Ring : 6.753 gram  WD : 72 / 0.37 MQ : 22 / 0.979 PINK : 22 / 0.086","1.00 cts  Fancy Pink VS
Main stone – 1 pcs  1.00 cts
18k Ring : 6.753 gram 
WD : 72 / 0.37
MQ : 22 / 0.979
PINK : 22 / 0.086",in stock,new,208038.74 THB,,https://www.colourdiam.com/Product/Jewellery/5993/white45/center.jpg,ColourDiam,Apparel & Accessories > Jewelry,,1,,,,unisex,,,adult,,,,,,,,,NON CERTIFIED,Fine Jewelry
6000,0.33 cts Faint Pink SI2 18 k Ring: 2.98 gram WD : 38/ 0.271 PD : 14/ 0.057,"0.33 cts Faint Pink SI2
18 k Ring: 2.98 gram
WD : 38/ 0.271
PD : 14/ 0.057",in stock,new,113475.68 THB,,https://www.colourdiam.com/Product/Jewellery/6000/white45/center.jpg,ColourDiam,Apparel & Accessories > Jewelry,,1,,,,unisex,,,adult,,,,,,,,,GIA,Fine Jewelry
6001,0.27 cts Faint Pink VS2  18 k ring : 9.79 grams WD - 106 pcs - 0.52 cts,"0.27 cts Faint Pink VS2 
18 k ring : 9.79 grams
WD - 106 pcs - 0.52 cts",in stock,new,113475.68 THB,https://colourdiam.com/productdetail/6001,https://www.colourdiam.com/Product/Jewellery/6001/white45/center.jpg,ColourDiam,Apparel & Accessories > Jewelry,,1,,,,unisex,,,adult,,,,,,,,,GIA,Fine Jewelry
6002,0.24 Fancy pink vs 18 k Ring: 2.624 gram WD: 20/ 0.057 PEAR : 22/ 0.018,"0.24 Fancy pink vs
18 k Ring: 2.624 gram
WD: 20/ 0.057
PEAR : 22/ 0.018",in stock,new,56737.84 THB,https://colourdiam.com/productdetail/6002,https://www.colourdiam.com/Product/Jewellery/6002/white45/center.jpg,ColourDiam,Apparel & Accessories > Jewelry,,1,,,,unisex,,,adult,,,,,,,,,AGL,Fine Jewelry
6009,0.24 Fancy pink vs 18k-Ring : 2.515 gram Pink: 23/ 0.02 WD:  21/ 0.06,"https://colourdiam.com/Product/Jewellery/Model%20images/6009/center.jpeg
https://colourdiam.com/Product/Jewellery/Model%20images/6009/colour-diam-model-images-286.jpeg",in stock,new,56737.84 THB,https://colourdiam.com/productdetail/6009,https://www.colourdiam.com/Product/Jewellery/6009/white45/center.jpg,ColourDiam,Apparel & Accessories > Jewelry,,1,,,,unisex,,,adult,,,,,,,,,AGL,Fine Jewelry
6060,0.40 cts Faint Pinkish Brown 18 k ring: 4.52 gram  White Diamond - 20 pcs / 0.11 cts  baguette diamonds - 05 pcs / 0.73 cts,"0.40 cts Faint Pinkish Brown
18 k ring: 4.52 gram 
White Diamond - 20 pcs / 0.11 cts
 baguette diamonds - 05 pcs / 0.73 cts",in stock,new,138062.07 THB,https://colourdiam.com/productdetail/6060,https://www.colourdiam.com/Product/Jewellery/6060/white45/center.jpg,ColourDiam,Apparel & Accessories > Jewelry,,1,,,,unisex,,,adult,,,,,,,,,GIA,Fine Jewelry
6064,0.26 Faint Pink VS1 18 k Ring : 4.37 gram WD : 53/0.82 PINK : 20/0.08,"0.26 Faint Pink VS1
18 k Ring : 4.37 gram
WD : 53/0.82
PINK : 20/0.08",in stock,new,113475.68 THB,,https://www.colourdiam.com/Product/Jewellery/6064/white45/center.jpg,ColourDiam,Apparel & Accessories > Jewelry,,1,,,,unisex,,,adult,,,,,,,,,GIA,Fine Jewelry
6065,0.26 Faint Pink si1 18K ring : 4.42 gram WD : 41 / 1.12 PINK : 16 / 0.06,"0.26 Faint Pink si1
18K ring : 4.42 gram
WD : 41 / 1.12
PINK : 16 / 0.06",in stock,new,113475.68 THB,https://colourdiam.com/productdetail/6065,https://www.colourdiam.com/Product/Jewellery/6065/white45/center.jpg,ColourDiam,Apparel & Accessories > Jewelry,,1,,,,unisex,,,adult,,,,,,,,,GIA,Fine Jewelry
6109,1.00 Fancy Greenish Yellow VS1 Main stone - 01 pcs - 1.00 cts 18k- Ring : 5.89 gram WD : 46 / 0.32 PD : 95 / 0.414,"1.00 Fancy Greenish Yellow VS1
Main stone - 01 pcs - 1.00 cts
18k- Ring : 5.89 gram
WD : 46 / 0.32
PD : 95 / 0.414",in stock,new,245863.96 THB,https://colourdiam.com/productdetail/6109,https://www.colourdiam.com/Product/Jewellery/6109/white45/center.jpg,ColourDiam,Apparel & Accessories > Jewelry,,1,,,,unisex,,,adult,,,,,,,,,GIA,Fine Jewelry
6111,0.60 cts Faint Pink Vs1 Main stone – 1 pcs 0.60 cts 18k Ring : 2.71 gram  WD : 66 / 0.252 MQ : 04 / 0.149,"0.60 cts Faint Pink Vs1
Main stone – 1 pcs 0.60 cts
18k Ring : 2.71 gram 
WD : 66 / 0.252
MQ : 04 / 0.149",in stock,new,189126.13 THB,,https://www.colourdiam.com/Product/Jewellery/6111/white45/center.jpg,ColourDiam,Apparel & Accessories > Jewelry,,1,,,,unisex,,,adult,,,,,,,,,GIA,Fine Jewelry
6120,1.01 D Colour VS1 18 k Ring : 5.60 gram WD : 16/0.69,"1.01 D Colour VS1
18 k Ring : 5.60 gram
WD : 16/0.69",in stock,new,201041.07 THB,,https://www.colourdiam.com/Product/Jewellery/6120/white45/center.jpg,ColourDiam,Apparel & Accessories > Jewelry,,1,,,,unisex,,,adult,,,,,,,,,GIA,Fine Jewelry
6126_5641,2.01 CT Fancy Brown Pink SI1 18 k Ring: 5.74 gram WD: 52/ 0.30 PEAR : 22/ 0.16 TRAPEZOID : 02/ 0.57,"https://colourdiam.com/Product/Jewellery/Model%20images/6126_5641/1.jpeg
https://colourdiam.com/Product/Jewellery/Model%20images/6126_5641/2.jpeg
https://colourdiam.com/Product/Jewellery/Model%20images/6126_5641/center.jpeg",in stock,new,2458639.63 THB,https://colourdiam.com/productdetail/Menu/6126/5641,https://www.colourdiam.com/Product/Jewellery/6126_5641/white45/center.jpg,ColourDiam,Apparel & Accessories > Jewelry,,1,,,,unisex,,,adult,,,,,,,,,GIA,Fine Jewelry
6139,1.02 CT E colour  If  18 K RING : 2.99 Gram TRINAGLE : 2 pcs / 0.20 cts,"1.02 CT E colour  If 
18 K RING : 2.99 Gram
TRINAGLE : 2 pcs / 0.20 cts",in stock,new,208038.74 THB,https://colourdiam.com/productdetail/6139,https://www.colourdiam.com/Product/Jewellery/6139/white45/center.jpg,ColourDiam,Apparel & Accessories > Jewelry,,1,,,,unisex,,,adult,,,,,,,,,GIA,Fine Jewelry
6141,1.01 D colour VS1 18 k Ring : 5.80 gram WD : 16 / 0.69,"1.01 D colour VS1
18 k Ring : 5.80 gram
WD : 16 / 0.69",in stock,new,226951.35 THB,,https://www.colourdiam.com/Product/Jewellery/6141/white45/center.jpg,ColourDiam,Apparel & Accessories > Jewelry,,1,,,,unisex,,,adult,,,,,,,,,GIA,Fine Jewelry
6147,1.02 cts Fancy Pink SI 18k-Ring : 4.49 gram Y: 37/ 0.223 WD:  37/ 0.224,"1.02 cts Fancy Pink SI
18k-Ring : 4.49 gram
Y: 37/ 0.223
WD:  37/ 0.224",in stock,new,208038.74 THB,,https://www.colourdiam.com/Product/Jewellery/6147/white45/center.jpg,ColourDiam,Apparel & Accessories > Jewelry,,1,,,,unisex,,,adult,,,,,,,,,AGL,Fine Jewelry
4564_6149,1.03 CT Fancy Pink Vs 18 k Ring: 3.528 gram TRAPEZOID : 02/ 0.38,"1.03 CT Fancy Pink Vs
18 k Ring: 3.528 gram
TRAPEZOID : 02/ 0.38",in stock,new,226951.35 THB,https://colourdiam.com/productdetail/Menu/4564/6149,https://www.colourdiam.com/Product/Jewellery/4564_6149/white45/center.jpg,ColourDiam,Apparel & Accessories > Jewelry,,1,,,,unisex,,,adult,,,,,,,,,AGL,Fine Jewelry
6163,0.60 cts Faint Pink VVS2 18 k Ring & Pendant Convertible : 7.97 gram WD : 66/ 0.51,"0.60 cts Faint Pink VVS2
18 k Ring & Pendant Convertible : 7.97 gram
WD : 66/ 0.51",in stock,new,189126.13 THB,,https://www.colourdiam.com/Product/Jewellery/6163/white45/center.jpg,ColourDiam,Apparel & Accessories > Jewelry,,1,,,,unisex,,,adult,,,,,,,,,GIA,Fine Jewelry
6166,1.01 cts E colour Si1 18k-Ring : 3.97 gram WD: 66/ 0.62,"1.01 cts E colour Si1
18k-Ring : 3.97 gram
WD: 66/ 0.62",in stock,new,170213.51 THB,https://colourdiam.com/productdetail/6166,https://www.colourdiam.com/Product/Jewellery/6166/white45/center.jpg,ColourDiam,Apparel & Accessories > Jewelry,,1,,,,unisex,,,adult,,,,,,,,,GIA,Fine Jewelry
6186,1.00 F Colour VS2 18 k Ring : 2.88 gram WD : 72/0.66,"1.00 F Colour VS2
18 k Ring : 2.88 gram
WD : 72/0.66",in stock,new,125579.75 THB,,https://www.colourdiam.com/Product/Jewellery/6186/white45/center.jpg,ColourDiam,Apparel & Accessories > Jewelry,,1,,,,unisex,,,adult,,,,,,,,,GIA,Fine Jewelry
6193,3.01 cts Fancy Brownish Greenish Yellow SI2 18k-Ring : 6.85 gram Main stone - 1 pcs – 3.01 cts WD: 90 pcs - 1.253 cts PD: 88 pcs - 0.268 cts,"3.01 cts Fancy Brownish Greenish Yellow SI2
18k-Ring : 6.85 gram
Main stone - 1 pcs – 3.01 cts
WD: 90 pcs - 1.253 cts
PD: 88 pcs - 0.268 cts",in stock,new,605203.6 THB,,https://www.colourdiam.com/Product/Jewellery/6193/white45/center.jpg,ColourDiam,Apparel & Accessories > Jewelry,,1,,,,unisex,,,adult,,,,,,,,,GIA,Fine Jewelry
6267,0.51 cts I colour VVS1 clarity 18 k Ring: 2.21 gram WD : 86/ 0.76,"0.51 cts I colour VVS1 clarity
18 k Ring: 2.21 gram
WD : 86/ 0.76",in stock,new,49172.79 THB,https://colourdiam.com/productdetail/6267,https://www.colourdiam.com/Product/Jewellery/6267/white45/center.jpg,ColourDiam,Apparel & Accessories > Jewelry,,1,,,,unisex,,,adult,,,,,,,,,GIA,Fine Jewelry
6270,0.20 cts Faint Pinkish Brown VS2 18k-pendant : 3.69 gram Pink: 12/ 0.102 WD:  125/ 1.545,"0.20 cts Faint Pinkish Brown VS2
18k-pendant : 3.69 gram
Pink: 12/ 0.102
WD:  125/ 1.545",in stock,new,113475.68 THB,,https://www.colourdiam.com/Product/Jewellery/6270/white45/center.jpg,ColourDiam,Apparel & Accessories > Jewelry,,1,,,,unisex,,,adult,,,,,,,,,GIA,Fine Jewelry
6279_6318,0.29 ct Faint Pink Si2 0.31 ct Faint Pink Si1 18k-EARRING : 5.85 gram P: 20/ 0.19 Pear: 02 /0.324 WD: 118/ 0.802 Trillion: 12/ 0.55,https://colourdiam.com/Product/Jewellery/Model%20images/6279_6318/center.jpeg,in stock,new,283689.19 THB,https://colourdiam.com/productdetail/Menu/6279/6318,https://www.colourdiam.com/Product/Jewellery/6279_6318/white45/center.jpg,ColourDiam,Apparel & Accessories > Jewelry,,1,,,,unisex,,,adult,,,,,,,,,GIA,Fine Jewelry
6280_6385,0.29 ct Faint Pink SI2/ 0.30 ct Faint Pink I2 18 k Ring: 3.16 gram PD : 30/ 0.17 WD : 16/ 0.28 MQ : 06/ 0.18,"0.29 ct Faint Pink SI2/
0.30 ct Faint Pink I2
18 k Ring: 3.16 gram
PD : 30/ 0.17
WD : 16/ 0.28
MQ : 06/ 0.18",in stock,new,189126.13 THB,https://colourdiam.com/productdetail/Menu/6280/6385,https://www.colourdiam.com/Product/Jewellery/6280_6385/white45/center.jpg,ColourDiam,Apparel & Accessories > Jewelry,,1,,,,unisex,,,adult,,,,,,,,,GIA,Fine Jewelry
6283,0.33 ct Faint Pink VS2   18k-Ring : 3.82 gram   WD: 118/ 0.212   P: 20/ 0.038,"0.33 ct Faint Pink VS2
  18k-Ring : 3.82 gram
  WD: 118/ 0.212
  P: 20/ 0.038",in stock,new,113475.68 THB,https://colourdiam.com/productdetail/6283,https://www.colourdiam.com/Product/Jewellery/6283/white45/center.jpg,ColourDiam,Apparel & Accessories > Jewelry,,1,,,,unisex,,,adult,,,,,,,,,GIA,Fine Jewelry
6313,0.35 ct Faint pink VS1 18 k Ring: 9.15 gram WD : 504/ 1.395 PD : 14/ 0.097,"0.35 ct Faint pink VS1
18 k Ring: 9.15 gram
WD : 504/ 1.395
PD : 14/ 0.097",in stock,new,170213.51 THB,https://colourdiam.com/productdetail/6313,https://www.colourdiam.com/Product/Jewellery/6313/white45/center.jpg,ColourDiam,Apparel & Accessories > Jewelry,,1,,,,unisex,,,adult,,,,,,,,,GIA,Fine Jewelry
6357,1.00 cts H colour VS2  18 k ring : 5 gram  WD - 74 pcs - 0.70 ct,"1.00 cts H colour VS2 
18 k ring : 5 gram 
WD - 74 pcs - 0.70 ct",in stock,new,158865.95 THB,https://colourdiam.com/productdetail/6357,https://www.colourdiam.com/Product/Jewellery/6357/white45/center.jpg,ColourDiam,Apparel & Accessories > Jewelry,,1,,,,unisex,,,adult,,,,,,,,,IGI,Fine Jewelry
6373,0.71 cts Faint Pink VS2 Main stone – 01 pcs  0.71 cts 18 K Ring & Pendant Convertible : 4.85 gram  WD : 75 / 0.97 Pink: 16 / 0.11,"0.71 cts Faint Pink VS2
Main stone – 01 pcs  0.71 cts
18 K Ring & Pendant Convertible : 4.85 gram 
WD : 75 / 0.97
Pink: 16 / 0.11",in stock,new,321514.41 THB,https://colourdiam.com/productdetail/6373,https://www.colourdiam.com/Product/Jewellery/6373/white45/center.jpg,ColourDiam,Apparel & Accessories > Jewelry,,1,,,,unisex,,,adult,,,,,,,,,GIA,Fine Jewelry
6374,1.00 cts  faint pinkish brown Si2 18k-Ring : 4.94 gram main stone : 1 pcs – 1.00 WD:  107 pcs / 0.517 PEAR: 44 / 0.32 MQ: 07 / 0.191,"1.00 cts  faint pinkish brown Si2
18k-Ring : 4.94 gram
main stone : 1 pcs – 1.00
WD:  107 pcs / 0.517
PEAR: 44 / 0.32
MQ: 07 / 0.191",in stock,new,359339.64 THB,https://colourdiam.com/productdetail/6374,https://www.colourdiam.com/Product/Jewellery/6374/white45/center.jpg,ColourDiam,Apparel & Accessories > Jewelry,,1,,,,unisex,,,adult,,,,,,,,,GIA,Fine Jewelry
6400_1236,0.26 Faint intense Yellow Vs2/ 0.30 Faint Pink I1 18 k Ring: 4.91 gram PD : 38/ 0.097 WD : 41/ 0.321,"0.26 Faint intense Yellow Vs2/
0.30 Faint Pink I1
18 k Ring: 4.91 gram
PD : 38/ 0.097
WD : 41/ 0.321",in stock,new,302601.8 THB,https://colourdiam.com/productdetail/Menu/6400/1236,https://www.colourdiam.com/Product/Jewellery/6400_1236/white45/center.jpg,ColourDiam,Apparel & Accessories > Jewelry,,1,,,,unisex,,,adult,,,,,,,,,GIA,Fine Jewelry
6639,2.21 cts  Fancy Pink Si 18K: EARRING: 14.317 gram WD: 376/ 2.00 P: 250/ 0.608,"https://colourdiam.com/Product/Jewellery/Model%20images/6639/1.jpeg
https://colourdiam.com/Product/Jewellery/Model%20images/6639/2.jpeg
https://colourdiam.com/Product/Jewellery/Model%20images/6639/3.jpeg
https://colourdiam.com/Product/Jewellery/Model%20images/6639/4.jpeg
https://colourdiam.com/Product/Jewellery/Model%20images/6639/center.jpeg
https://colourdiam.com/Product/Jewellery/Model%20images/6639/colour-diam-model-images-306.jpeg
https://colourdiam.com/Product/Jewellery/Model%20images/6639/colour-diam-model-images-308.jpeg
https://colourdiam.com/Product/Jewellery/Model%20images/6639/colour-diam-model-images-309.jpeg
https://colourdiam.com/Product/Jewellery/Model%20images/6639/colour-diam-model-images-310.jpeg
https://colourdiam.com/Product/Jewellery/Model%20images/6639/colour-diam-model-images-312.jpeg",in stock,new,567378.38 THB,https://colourdiam.com/productdetail/6639,https://www.colourdiam.com/Product/Jewellery/6639/white45/center.jpg,ColourDiam,Apparel & Accessories > Jewelry,,1,,,,unisex,,,adult,,,,,,,,,AGL,Fine Jewelry
6626_6627,0.15 Fancy orange vs/ 0.15 Fancy Yellow vs  18 k Ring: 3.90 gram WD : 32/ 0.069 YD : 72/ 0.346,"https://colourdiam.com/Product/Jewellery/Model%20images/6626_6627/1.jpeg
https://colourdiam.com/Product/Jewellery/Model%20images/6626_6627/2.jpeg
https://colourdiam.com/Product/Jewellery/Model%20images/6626_6627/center.jpeg
https://colourdiam.com/Product/Jewellery/Model%20images/6626_6627/colour-diam-model-images-303.jpeg
https://colourdiam.com/Product/Jewellery/Model%20images/6626_6627/colour-diam-model-images-304.jpeg
https://colourdiam.com/Product/Jewellery/Model%20images/6626_6627/colour-diam-model-images-305.jpeg",in stock,new,170213.51 THB,https://colourdiam.com/productdetail/Menu/6626/6627,https://www.colourdiam.com/Product/Jewellery/6626_6627/white45/center.jpg,ColourDiam,Apparel & Accessories > Jewelry,,1,,,,unisex,,,adult,,,,,,,,,AGL,Fine Jewelry
6686,0.30 Faint Pinkish Brown VS2 18 k Ring : 6.05 gram WD : 210/1.434,"0.30 Faint Pinkish Brown VS2
18 k Ring : 6.05 gram
WD : 210/1.434",in stock,new,132388.29 THB,,https://www.colourdiam.com/Product/Jewellery/6686/white45/center.jpg,ColourDiam,Apparel & Accessories > Jewelry,,1,,,,unisex,,,adult,,,,,,,,,GIA,Fine Jewelry
6802,1.52 Fancy Green Yellow i1 18 k Ring: 5.30 gram WD : 180/ 1.036,"1.52 Fancy Green Yellow i1
18 k Ring: 5.30 gram
WD : 180/ 1.036",in stock,new,245863.96 THB,,https://www.colourdiam.com/Product/Jewellery/6802/white45/center.jpg,ColourDiam,Apparel & Accessories > Jewelry,,1,,,,unisex,,,adult,,,,,,,,,GIA,Fine Jewelry
6843,3.481 cts Pink Diamond Necklace 18 k necklace : 35.267 gram WD : 496/ 2.058,"https://colourdiam.com/Product/Jewellery/Model%20images/6843/center.jpeg
https://colourdiam.com/Product/Jewellery/Model%20images/6843/colour-diam-model-images-313.jpeg",in stock,new,832154.95 THB,https://colourdiam.com/productdetail/6843,https://www.colourdiam.com/Product/Jewellery/6843/white45/center.jpg,ColourDiam,Apparel & Accessories > Jewelry,,1,,,,unisex,,,adult,,,,,,,,,AGL,Fine Jewelry
6851,1.00 cts Very Light  Green Yellow SI1 18K: Ring: 6.50 gram WD: 58/ 0.276 P: 80/ 0.644,"https://colourdiam.com/Product/Jewellery/Model%20images/6851/center.jpeg
https://colourdiam.com/Product/Jewellery/Model%20images/6851/colour-diam-model-images-314.jpeg",in stock,new,245863.96 THB,https://colourdiam.com/productdetail/6851,https://www.colourdiam.com/Product/Jewellery/6851/white45/center.jpg,ColourDiam,Apparel & Accessories > Jewelry,,1,,,,unisex,,,adult,,,,,,,,,GIA,Fine Jewelry
6865,0.50 cts Faint Pinkish Brown  VS2 18K: Ring: 5.45 gram WD: 64/ 0.149,"https://colourdiam.com/Product/Jewellery/Model%20images/6865/center.jpeg
https://colourdiam.com/Product/Jewellery/Model%20images/6865/colour-diam-model-images-315.jpeg",in stock,new,151300.9 THB,https://colourdiam.com/productdetail/6865,https://www.colourdiam.com/Product/Jewellery/6865/white45/center.jpg,ColourDiam,Apparel & Accessories > Jewelry,,1,,,,unisex,,,adult,,,,,,,,,GIA,Fine Jewelry
6961,1.28 cts Fancy Light Yellowish Green I1 18K: Ring & pendant: 6.87 gram WD: 81/ 0.796 PINK: 18/ 1.417 Pear: 22/ 0.076,"1.28 cts Fancy Light Yellowish Green I1
18K: Ring & pendant: 6.87 gram
WD: 81/ 0.796
PINK: 18/ 1.417
Pear: 22/ 0.076",in stock,new,453902.7 THB,,https://www.colourdiam.com/Product/Jewellery/6961/white45/center.jpg,ColourDiam,Apparel & Accessories > Jewelry,,1,,,,unisex,,,adult,,,,,,,,,GIA,Fine Jewelry
6964,1.02 cts fancy yellow  18 k ring : 5.02 gram WD : 99/ 0.356 YD : 20/ 0.125 Pear : 03/ 0.128 MQ : 04/ 0.195,"https://colourdiam.com/Product/Jewellery/Model%20images/6964/1.jpeg
https://colourdiam.com/Product/Jewellery/Model%20images/6964/2.jpeg
https://colourdiam.com/Product/Jewellery/Model%20images/6964/3.jpeg
https://colourdiam.com/Product/Jewellery/Model%20images/6964/center.jpeg
https://colourdiam.com/Product/Jewellery/Model%20images/6964/colour-diam-model-images-316.jpeg
https://colourdiam.com/Product/Jewellery/Model%20images/6964/colour-diam-model-images-317.jpeg
https://colourdiam.com/Product/Jewellery/Model%20images/6964/colour-diam-model-images-318.jpeg
https://colourdiam.com/Product/Jewellery/Model%20images/6964/colour-diam-model-images-319.jpeg
https://colourdiam.com/Product/Jewellery/Model%20images/6964/colour-diam-model-images-320.jpeg
https://colourdiam.com/Product/Jewellery/Model%20images/6964/colour-diam-model-images-321.jpeg
https://colourdiam.com/Product/Jewellery/Model%20images/6964/WhatsApp%20Image%202026-06-23%20at%201.06.42%20PM.jpeg
https://colourdiam.com/Product/Jewellery/Model%20images/6964/WhatsApp%20Image%202026-06-23%20at%201.06.43%20PM.jpeg",in stock,new,170213.51 THB,https://colourdiam.com/productdetail/6964,https://www.colourdiam.com/Product/Jewellery/6964/white45/center.jpg,ColourDiam,Apparel & Accessories > Jewelry,,1,,,,unisex,,,adult,,,,,,,,,AGL,Fine Jewelry
6967,Yellow & White Diamond Eternity Ring  Yellow Round Diamonds - 30 pcs - 1.21 cts White side diamonds - 300 pcs - 0.88 cts                                      9 k ring : 2.63 gram,"Yellow & White Diamond Eternity Ring 
Yellow Round Diamonds - 30 pcs - 1.21 cts
White side diamonds - 300 pcs - 0.88 cts                                     
9 k ring : 2.63 gram",in stock,new,94563.06 THB,https://colourdiam.com/productdetail/6967,https://www.colourdiam.com/Product/Jewellery/6967/white45/center.jpg,ColourDiam,Apparel & Accessories > Jewelry,,1,,,,unisex,,,adult,,,,,,,,,NON CERTIFIED,Fine Jewelry
6975,1.00 Fancy Green VS 18 k ring : 5.266 gram WD : 142/ 1.004,"1.00 Fancy Green VS
18 k ring : 5.266 gram
WD : 142/ 1.004",in stock,new,189126.13 THB,,https://www.colourdiam.com/Product/Jewellery/6975/white45/center.jpg,ColourDiam,Apparel & Accessories > Jewelry,,1,,,,unisex,,,adult,,,,,,,,,AGL,Fine Jewelry
7045,0.26 Faint Pink VS1 18 k ring : 5.97 gram WD : 210/ 1.434,"0.26 Faint Pink VS1
18 k ring : 5.97 gram
WD : 210/ 1.434",in stock,new,132388.29 THB,https://colourdiam.com/productdetail/7045,https://www.colourdiam.com/Product/Jewellery/7045/white45/center.jpg,ColourDiam,Apparel & Accessories > Jewelry,,1,,,,unisex,,,adult,,,,,,,,,GIA,Fine Jewelry
7051_7489_7597,"6.13 cts Fancy Light yellow VS2 18 k ring : 6.44  gram Heart : 02 / 1.25","https://colourdiam.com/Product/Jewellery/Model%20images/7051_7489_7597/2679796-20251219-120954.jpeg
https://colourdiam.com/Product/Jewellery/Model%20images/7051_7489_7597/4593710-20251219-120955.jpeg
https://colourdiam.com/Product/Jewellery/Model%20images/7051_7489_7597/center.jpeg
https://colourdiam.com/Product/Jewellery/Model%20images/7051_7489_7597/colour-diam-model-images-327.jpeg
https://colourdiam.com/Product/Jewellery/Model%20images/7051_7489_7597/colour-diam-model-images-328.jpeg
https://colourdiam.com/Product/Jewellery/Model%20images/7051_7489_7597/colour-diam-model-images-329.jpeg",in stock,new,1966911.7 THB,https://colourdiam.com/productdetail/Menu/7051/7489/7597,https://www.colourdiam.com/Product/Jewellery/7051_7489_7597/white45/center.jpg,ColourDiam,Apparel & Accessories > Jewelry,,1,,,,unisex,,,adult,,,,,,,,,GIA,Fine Jewelry
7057_5137,2.01 cts Fancy Light Brownish Pink VS 18 k Ring: 3.904 gram WD : 60/ 0.383 CADDILAC : 02/ 0.40,"2.01 cts Fancy Light Brownish Pink VS
18 k Ring: 3.904 gram
WD : 60/ 0.383
CADDILAC : 02/ 0.40",in stock,new,359339.64 THB,https://colourdiam.com/productdetail/Menu/7057/5137,https://www.colourdiam.com/Product/Jewellery/7057_5137/white45/center.jpg,ColourDiam,Apparel & Accessories > Jewelry,,1,,,,unisex,,,adult,,,,,,,,,AGL,Fine Jewelry
7074,1.01 Fancy Green VS1 Main stone – 01 pcs 1.01 cts 18 K Ring: 6.38 gram  WD : 92 / 0.444 PEAR : 24 / 0.589 PINK : 16 / 0.148,"1.01 Fancy Green VS1
Main stone – 01 pcs 1.01 cts
18 K Ring: 6.38 gram 
WD : 92 / 0.444
PEAR : 24 / 0.589
PINK : 16 / 0.148",in stock,new,208038.74 THB,https://colourdiam.com/productdetail/7074,https://www.colourdiam.com/Product/Jewellery/7074/white45/center.jpg,ColourDiam,Apparel & Accessories > Jewelry,,1,,,,unisex,,,adult,,,,,,,,,AGL,Fine Jewelry
7076,1.02 cts Fancy Green VS 18K: Ring: 6.715 grams WD : 190/ 1.119 PINK : 20/ 0.122,"1.02 cts Fancy Green VS
18K: Ring: 6.715 grams
WD : 190/ 1.119
PINK : 20/ 0.122",in stock,new,245863.96 THB,,https://www.colourdiam.com/Product/Jewellery/7076/white45/center.jpg,ColourDiam,Apparel & Accessories > Jewelry,,1,,,,unisex,,,adult,,,,,,,,,AGL,Fine Jewelry
7078,1.00 cts Fancy Green Vs 18K: Ring: 7.267 gra Emerald : 1/ 0.143 Princess : 1/ 0.105 MQ: 4/ 0.231 pear : 8/0.79 WD : 103/0.955,"1.00 cts Fancy Green Vs
18K: Ring: 7.267 gra
Emerald : 1/ 0.143
Princess : 1/ 0.105
MQ: 4/ 0.231
pear : 8/0.79
WD : 103/0.955",in stock,new,226951.35 THB,https://colourdiam.com/productdetail/7078,https://www.colourdiam.com/Product/Jewellery/7078/white45/center.jpg,ColourDiam,Apparel & Accessories > Jewelry,,1,,,,unisex,,,adult,,,,,,,,,AGL,Fine Jewelry
7081,1.00 cts Fancy Green Vs 18K: Ring: 5.275 gra MQ : 14/ 0.654 PEAR : 5/ 0.389 WD: 36/ 0.208,"1.00 cts Fancy Green Vs
18K: Ring: 5.275 gra
MQ : 14/ 0.654
PEAR : 5/ 0.389
WD: 36/ 0.208",in stock,new,245863.96 THB,https://colourdiam.com/productdetail/7081,https://www.colourdiam.com/Product/Jewellery/7081/white45/center.jpg,ColourDiam,Apparel & Accessories > Jewelry,,1,,,,unisex,,,adult,,,,,,,,,AGL,Fine Jewelry
7090,1.01 Fancy Green VS  18 k ring : 5.74 gram  WD : 41 / 0.29 PINK : 43 / 0.50,"1.01 Fancy Green VS 
18 k ring : 5.74 gram
 WD : 41 / 0.29
PINK : 43 / 0.50",in stock,new,226951.35 THB,https://colourdiam.com/productdetail/7090,https://www.colourdiam.com/Product/Jewellery/7090/white45/center.jpg,ColourDiam,Apparel & Accessories > Jewelry,,1,,,,unisex,,,adult,,,,,,,,,AGL,Fine Jewelry
7093_7096_5646,2.00 – Fancy Green  VS/SI 18K: Earring: 8.328 gram oval: 24/ 1.677 BULLET : 2/ 0.25 PINK : 96/ 0.495 WD : 58/0.246,https://colourdiam.com/Product/Jewellery/Model%20images/7093_7096_5646/center.jpeg,in stock,new,586290.99 THB,https://colourdiam.com/productdetail/Menu/7093/7096/5646,https://www.colourdiam.com/Product/Jewellery/7093_7096_5646/white45/center.jpg,ColourDiam,Apparel & Accessories > Jewelry,,1,,,,unisex,,,adult,,,,,,,,,AGL,Fine Jewelry
7120,1.0 Fancy Intense Green VVS  Main stone – 01 pcs 1.00 cts 18 K Earring: 9.11 gram  WD: 293 / 1.6,"1.0 Fancy Intense Green VVS 
Main stone – 01 pcs 1.00 cts
18 K Earring: 9.11 gram 
WD: 293 / 1.6",in stock,new,264776.58 THB,https://colourdiam.com/productdetail/7120,https://www.colourdiam.com/Product/Jewellery/7120/white45/center.jpg,ColourDiam,Apparel & Accessories > Jewelry,,1,,,,unisex,,,adult,,,,,,,,,AGL,Fine Jewelry
7169,"0.54 Fancy Light Yellow green VS2  18 k ring : 4.52 gram  PINK : 50 / 0.30  WD : 48 / 0.29","0.54 Fancy Light Yellow green VS2 
18 k ring : 4.52 gram 
PINK : 50 / 0.30 
WD : 48 / 0.29",in stock,new,173996.04 THB,,https://www.colourdiam.com/Product/Jewellery/7169/white45/center.jpg,ColourDiam,Apparel & Accessories > Jewelry,,1,,,,unisex,,,adult,,,,,,,,,GIA,Fine Jewelry
7173,2.98 cts Light pinkish brown SI2 Main stone – 01 pcs 2.98 cts 18 K Ring: 5.21 gram  WD : 10 / 0.23 OVAL : 12 / 1.25 PINK : 28 / 0.16 cts,"https://colourdiam.com/Product/Jewellery/Model%20images/7173/1.jpeg
https://colourdiam.com/Product/Jewellery/Model%20images/7173/2.jpeg
https://colourdiam.com/Product/Jewellery/Model%20images/7173/center.jpeg",in stock,new,1777785.58 THB,https://colourdiam.com/productdetail/7173,https://www.colourdiam.com/Product/Jewellery/7173/white45/center.jpg,ColourDiam,Apparel & Accessories > Jewelry,,1,,,,unisex,,,adult,,,,,,,,,GIA,Fine Jewelry
7230,2.01 cts Faint Pink SI2 18 k ring : 5.56 gram  WD : 63 pcs / 0.229 cts TRAPEZOID  :12 pcs / 0.193 cts   PEAR  :12 pcs / 0.475 cts,"https://colourdiam.com/Product/Jewellery/Model%20images/7230/1.jpeg
https://colourdiam.com/Product/Jewellery/Model%20images/7230/center.jpeg
https://colourdiam.com/Product/Jewellery/Model%20images/7230/colour-diam-model-images-352.jpeg
https://colourdiam.com/Product/Jewellery/Model%20images/7230/colour-diam-model-images-353.jpeg
https://colourdiam.com/Product/Jewellery/Model%20images/7230/colour-diam-model-images-354.jpeg
https://colourdiam.com/Product/Jewellery/Model%20images/7230/colour-diam-model-images-355.jpeg
https://colourdiam.com/Product/Jewellery/Model%20images/7230/colour-diam-model-images-356.jpeg
https://colourdiam.com/Product/Jewellery/Model%20images/7230/WhatsApp%20Image%202025-10-01%20at%2023.52.47_c8dc8b49.jpeg
https://colourdiam.com/Product/Jewellery/Model%20images/7230/WhatsApp%20Image%202025-10-01%20at%2023.52.48_5e6a7d5c.jpeg
https://colourdiam.com/Product/Jewellery/Model%20images/7230/WhatsApp%20Image%202025-10-01%20at%2023.52.48_683af3e2.jpeg",in stock,new,869980.18 THB,https://colourdiam.com/productdetail/7230,https://www.colourdiam.com/Product/Jewellery/7230/white45/center.jpg,ColourDiam,Apparel & Accessories > Jewelry,,1,,,,unisex,,,adult,,,,,,,,,GIA,Fine Jewelry
7311,3.01 cts Fancy Light Brownish Greenish Yellow SI1  18 k ring : 6.32 gram    pink : 24 / 0.134  WD : 60 / 0.66,"3.01 cts Fancy Light Brownish Greenish Yellow SI1 
18 k ring : 6.32 gram  
 pink : 24 / 0.134 
WD : 60 / 0.66",in stock,new,813242.34 THB,,https://www.colourdiam.com/Product/Jewellery/7311/white45/center.jpg,ColourDiam,Apparel & Accessories > Jewelry,,1,,,,unisex,,,adult,,,,,,,,,GIA,Fine Jewelry
7312,0.80 Faint Pinkish Brown si1 18 k ring : 4.08 gram  WD : 42  pcs / 0.35 cts PINK : 44  pcs / 0.487 cts,"0.80 Faint Pinkish Brown si1
18 k ring : 4.08 gram 
WD : 42  pcs / 0.35 cts
PINK : 44  pcs / 0.487 cts",in stock,new,208038.74 THB,,https://www.colourdiam.com/Product/Jewellery/7312/white45/center.jpg,ColourDiam,Apparel & Accessories > Jewelry,,1,,,,unisex,,,adult,,,,,,,,,GIA,Fine Jewelry
7313,2.01 cts Fancy Light Brownish Greenish Yellow VS2 18 k ring : 5.46 gram  WD : 65 pcs / 0.799 cts  PINK : 26 pcs / 0.099 cts,"https://colourdiam.com/Product/Jewellery/Model%20images/7313/2890193-20250711-144314.jpeg
https://colourdiam.com/Product/Jewellery/Model%20images/7313/6246971-20250711-144315.jpeg
https://colourdiam.com/Product/Jewellery/Model%20images/7313/8189898-20250711-144314.jpeg
https://colourdiam.com/Product/Jewellery/Model%20images/7313/9819731-20250711-144315%20-%20Copy%20%281%29.jpeg
https://colourdiam.com/Product/Jewellery/Model%20images/7313/center.jpeg
https://colourdiam.com/Product/Jewellery/Model%20images/7313/colour-diam-model-images-363.jpeg
https://colourdiam.com/Product/Jewellery/Model%20images/7313/colour-diam-model-images-364.jpeg
https://colourdiam.com/Product/Jewellery/Model%20images/7313/colour-diam-model-images-365.jpeg
https://colourdiam.com/Product/Jewellery/Model%20images/7313/colour-diam-model-images-366.jpeg
https://colourdiam.com/Product/Jewellery/Model%20images/7313/colour-diam-model-images-367.jpeg",in stock,new,472815.31 THB,https://colourdiam.com/productdetail/7313,https://www.colourdiam.com/Product/Jewellery/7313/white45/center.jpg,ColourDiam,Apparel & Accessories > Jewelry,,1,,,,unisex,,,adult,,,,,,,,,GIA,Fine Jewelry
7342,4.55 cts Ruby ring  Main stone – 01 pcs   4.55 cts 18K Ring:  5.69 gram  WD : 32 / 0.16,"4.55 cts Ruby ring 
Main stone – 01 pcs   4.55 cts
18K Ring:  5.69 gram 
WD : 32 / 0.16",in stock,new,75650.45 THB,,https://www.colourdiam.com/Product/Jewellery/7342/white45/center.jpg,ColourDiam,Apparel & Accessories > Jewelry,,1,,,,unisex,,,adult,,,,,,,,,,Fine Jewelry
7344,4.49 cts Ruby ring  Main stone – 01 pcs   4.49 cts 18K Ring:  5.52 gram  WD : 32 / 0.16,"4.49 cts Ruby ring 
Main stone – 01 pcs   4.49 cts
18K Ring:  5.52 gram 
WD : 32 / 0.16",in stock,new,66572.4 THB,,https://www.colourdiam.com/Product/Jewellery/7344/white45/center.jpg,ColourDiam,Apparel & Accessories > Jewelry,,1,,,,unisex,,,adult,,,,,,,,,,Fine Jewelry
7345,5.03 cts Ruby ring Main stone – 01 pcs   5.03 cts 18K Ring:  5.83 gram  WD : 32 / 0.13,"5.03 cts Ruby ring
Main stone – 01 pcs   5.03 cts
18K Ring:  5.83 gram 
WD : 32 / 0.13",in stock,new,41607.75 THB,,https://www.colourdiam.com/Product/Jewellery/7345/white45/center.jpg,ColourDiam,Apparel & Accessories > Jewelry,,1,,,,unisex,,,adult,,,,,,,,,,Fine Jewelry
7346,0.81 cts sapphire ring  Main stone – 01 pcs   0.81 cts 18K Ring:  3.79 gram  WD : 20 / 0.10,"0.81 cts sapphire ring 
Main stone – 01 pcs   0.81 cts
18K Ring:  3.79 gram 
WD : 20 / 0.10",in stock,new,40094.74 THB,,https://www.colourdiam.com/Product/Jewellery/7346/white45/center.jpg,ColourDiam,Apparel & Accessories > Jewelry,,1,,,,unisex,,,adult,,,,,,,,,,Fine Jewelry
7347,"0.80 cts sapphire ring  Main stone – 01 pcs   0.80 cts 18K Ring:  3.95 gram  WD : 20 / 0.09","0.80 cts sapphire ring 
Main stone – 01 pcs   0.80 cts
18K Ring:  3.95 gram 
WD : 20 / 0.09",in stock,new,36312.22 THB,,https://www.colourdiam.com/Product/Jewellery/7347/white45/center.jpg,ColourDiam,Apparel & Accessories > Jewelry,,1,,,,unisex,,,adult,,,,,,,,,,Fine Jewelry
7348,"0.78 cts sapphire ring  Main stone – 01 pcs   0.78 cts 18K Ring:  3.71 gram  WD : 18 / 0.09","0.78 cts sapphire ring 
Main stone – 01 pcs   0.78 cts
18K Ring:  3.71 gram 
WD : 18 / 0.09",in stock,new,30827.56 THB,,https://www.colourdiam.com/Product/Jewellery/7348/white45/center.jpg,ColourDiam,Apparel & Accessories > Jewelry,,1,,,,unisex,,,adult,,,,,,,,,,Fine Jewelry
7349,"0.94 cts sapphire ring  Main stone – 01 pcs   0.94 cts 18K Ring:  4.03 gram  WD : 20 / 0.09","0.94 cts sapphire ring 
Main stone – 01 pcs   0.94 cts
18K Ring:  4.03 gram 
WD : 20 / 0.09",in stock,new,34042.7 THB,https://colourdiam.com/productdetail/7349,https://www.colourdiam.com/Product/Jewellery/7349/white45/center.jpg,ColourDiam,Apparel & Accessories > Jewelry,,1,,,,unisex,,,adult,,,,,,,,,,Fine Jewelry
7350,"0.97 cts sapphire ring  Main stone – 01 pcs   0.97 cts 18K Ring: 3.62 gram  WD : 18 / 0.09","0.97 cts sapphire ring 
Main stone – 01 pcs   0.97 cts
18K Ring: 3.62 gram 
WD : 18 / 0.09",in stock,new,41607.75 THB,,https://www.colourdiam.com/Product/Jewellery/7350/white45/center.jpg,ColourDiam,Apparel & Accessories > Jewelry,,1,,,,unisex,,,adult,,,,,,,,,,Fine Jewelry
7351,"0.93 cts sapphire ring  Main stone – 01 pcs   0.93 cts 18K Ring:  3.97 gram  WD : 20 / 0.08","0.93 cts sapphire ring 
Main stone – 01 pcs   0.93 cts
18K Ring:  3.97 gram 
WD : 20 / 0.08",in stock,new,40851.24 THB,,https://www.colourdiam.com/Product/Jewellery/7351/white45/center.jpg,ColourDiam,Apparel & Accessories > Jewelry,,1,,,,unisex,,,adult,,,,,,,,,,Fine Jewelry
7370,4.01 cts Fancy Brownish Greenish Yellow SI1 18 K RING : 4.85 gram WD : 16 / 0.25 MARQUISE : 8 / 0.72  PEAR : 8 / 0.83,"https://colourdiam.com/Product/Jewellery/Model%20images/7370/1.jpeg
https://colourdiam.com/Product/Jewellery/Model%20images/7370/2.jpeg
https://colourdiam.com/Product/Jewellery/Model%20images/7370/center.jpeg",in stock,new,1437358.55 THB,https://colourdiam.com/productdetail/7370,https://www.colourdiam.com/Product/Jewellery/7370/white45/center.jpg,ColourDiam,Apparel & Accessories > Jewelry,,1,,,,unisex,,,adult,,,,,,,,,GIA,Fine Jewelry
7466,0.81 cts Very Light Yellow Green SI2 Main stone – 01 pcs  0.81 cts 18 K Ring: 5.545 gram  WD : 36 / 0.22 Pink: 20 / 0.12 Triangle : 12 / 1.24 Tapper : 12 / 0.54,"https://colourdiam.com/Product/Jewellery/Model%20images/7466/2.jpeg
https://colourdiam.com/Product/Jewellery/Model%20images/7466/center.jpeg
https://colourdiam.com/Product/Jewellery/Model%20images/7466/colour-diam-model-images-375.jpeg
https://colourdiam.com/Product/Jewellery/Model%20images/7466/colour-diam-model-images-376.jpeg",in stock,new,245863.96 THB,https://colourdiam.com/productdetail/7466,https://www.colourdiam.com/Product/Jewellery/7466/white45/center.jpg,ColourDiam,Apparel & Accessories > Jewelry,,1,,,,unisex,,,adult,,,,,,,,,GIA,Fine Jewelry
7477,2.00 cts Fancy Green VS Main stone – 01 pcs   2.00 cts 18K Ring: 6.30 gram  WD : 47 / 0.35 HEART : 08 / 1.67 MARQUISE: 08 / 0.84,"2.00 cts Fancy Green VS
Main stone – 01 pcs   2.00 cts
18K Ring: 6.30 gram 
WD : 47 / 0.35
HEART : 08 / 1.67
MARQUISE: 08 / 0.84",in stock,new,374469.73 THB,,https://www.colourdiam.com/Product/Jewellery/7477/white45/center.jpg,ColourDiam,Apparel & Accessories > Jewelry,,1,,,,unisex,,,adult,,,,,,,,,AGL,Fine Jewelry
7491,Full Eternity Diamond Ring 18 k ring : 3.13 gram   baguette Diamonds :18 pcs / 0.32                Round Diamonds : 18 pcs / 0.68   Diamond colour : F to G Diamond Clarity : VS to SI,"Full Eternity Diamond Ring
18 k ring : 3.13 gram 
 baguette Diamonds :18 pcs / 0.32 
              Round Diamonds : 18 pcs / 0.68  
Diamond colour : F to G
Diamond Clarity : VS to SI",in stock,new,45390.27 THB,,https://www.colourdiam.com/Product/Jewellery/7491/white45/center.jpg,ColourDiam,Apparel & Accessories > Jewelry,,1,,,,unisex,,,adult,,,,,,,,,NON CERTIFIED,Fine Jewelry
7492,Two diamond cross Eternity Diamond Ring Main stone Colour - Round Diamonds - 16 pcs - 0.46 cts 18 k : ring : 2.31 gram Diamond colour - F to G Diamond Clarity - VS to SI,"Two diamond cross Eternity Diamond Ring
Main stone Colour - Round Diamonds - 16 pcs - 0.46 cts
18 k : ring : 2.31 gram
Diamond colour - F to G
Diamond Clarity - VS to SI",in stock,new,30260.18 THB,https://colourdiam.com/productdetail/7492,https://www.colourdiam.com/Product/Jewellery/7492/white45/center.jpg,ColourDiam,Apparel & Accessories > Jewelry,,1,,,,unisex,F to G,,adult,,,,,,,,,NON CERTIFIED,Fine Jewelry
7513,Yellow diamond ring  Main stone - 0.31 fancy yellow Vs2       Side Diamonds - 40 / 0.15  Diamond colour - F to G Diamond Clarity - VS to SI 18 k : ring : 2.48 gram,"Yellow diamond ring 
Main stone - 0.31 fancy yellow Vs2      
Side Diamonds - 40 / 0.15 
Diamond colour - F to G
Diamond Clarity - VS to SI
18 k : ring : 2.48 gram",in stock,new,24586.4 THB,https://colourdiam.com/productdetail/7513,https://www.colourdiam.com/Product/Jewellery/7513/white45/center.jpg,ColourDiam,Apparel & Accessories > Jewelry,,1,,,,unisex,F to G,,adult,,,,,,,,,NON CERTIFIED,Fine Jewelry
7517,Nine Diamonds Ring Main Stone Colour - F To G Main Stone Clarity – VS To VVS 18K: Ring : 2.61 gram Main stone - 09 pcs - 0.44 cts,"Nine Diamonds Ring
Main Stone Colour - F To G
Main Stone Clarity – VS To VVS
18K: Ring : 2.61 gram
Main stone - 09 pcs - 0.44 cts",in stock,new,20803.87 THB,https://colourdiam.com/productdetail/7517,https://www.colourdiam.com/Product/Jewellery/7517/white45/center.jpg,ColourDiam,Apparel & Accessories > Jewelry,,1,,,,unisex,,,adult,,,,,,,,,NON CERTIFIED,Fine Jewelry
7569,1.20 cts Fancy Pink VS  Main stone – 01 pcs  1.20 cts 18 K Ring: 4.85 gram  WD : 10 / 0.19 PD: 20 / 0.15 CADILLAC : 02 / 0.45,"1.20 cts Fancy Pink VS 
Main stone – 01 pcs  1.20 cts
18 K Ring: 4.85 gram 
WD : 10 / 0.19
PD: 20 / 0.15
CADILLAC : 02 / 0.45",in stock,new,264776.58 THB,,https://www.colourdiam.com/Product/Jewellery/7569/white45/center.jpg,ColourDiam,Apparel & Accessories > Jewelry,,1,,,,unisex,,,adult,,,,,,,,,AGL,Fine Jewelry
7539,3.00 CT Fancy Green VVS 18 k ring : 6.598 gram  WD : 70 pcs / 0.304  P : 34 pcs / 0.108  MQ : 13 pcs / 0.479,"3.00 CT Fancy Green VVS
18 k ring : 6.598 gram 
WD : 70 pcs / 0.304 
P : 34 pcs / 0.108 
MQ : 13 pcs / 0.479",in stock,new,869980.18 THB,https://colourdiam.com/productdetail/7539,https://www.colourdiam.com/Product/Jewellery/7539/white45/center.jpg,ColourDiam,Apparel & Accessories > Jewelry,,1,,,,unisex,,,adult,,,,,,,,,AGL,Fine Jewelry
7540,1.11 cts sapphire   18K ring : 3.76  gram WD : 12 / 0.39,"1.11 cts sapphire  
18K ring : 3.76  gram
WD : 12 / 0.39",in stock,new,34042.7 THB,,https://www.colourdiam.com/Product/Jewellery/7540/white45/center.jpg,ColourDiam,Apparel & Accessories > Jewelry,,1,,,,unisex,,,adult,,,,,,,,,NON CERTIFIED,Fine Jewelry
7583,"3.03 Fancy Brownish Greenish Yellow VS1 Main stone – 01 pcs 3.03 cts 18 K Ring: 7.73 gram  WD: 159/ 0.929 PINK: 64 / 0.48 MARQUISE: 7 / 0.35","3.03 Fancy Brownish Greenish Yellow VS1
Main stone – 01 pcs 3.03 cts
18 K Ring: 7.73 gram 
WD: 159/ 0.929
PINK: 64 / 0.48
MARQUISE: 7 / 0.35",in stock,new,1002368.46 THB,https://colourdiam.com/productdetail/7583,https://www.colourdiam.com/Product/Jewellery/7583/white45/center.jpg,ColourDiam,Apparel & Accessories > Jewelry,,1,,,,unisex,,,adult,,,,,,,,,GIA,Fine Jewelry
7592,"Yellow and White Diamond Eternity Ring  Yellow Round Diamonds - 13 pcs - 0.66 cts White side diamonds - 135 pcs - 0.39 cts                                  18 k ring : 2.63 gram","Yellow and White Diamond Eternity Ring 
Yellow Round Diamonds - 13 pcs - 0.66 cts
White side diamonds - 135 pcs - 0.39 cts                                 
18 k ring : 2.63 gram",in stock,new,56737.84 THB,,https://www.colourdiam.com/Product/Jewellery/7592/white45/center.jpg,ColourDiam,Apparel & Accessories > Jewelry,,1,,,,unisex,,,adult,,,,,,,,,NON CERTIFIED,Fine Jewelry
6368_6367,18k-Earring : 4.40 gram ILLUSION ROUND SHAPE EARRING Earring Diameter- 12 mm Main stone -18 pcs – 3.80 cts,"18k-Earring : 4.40 gram
ILLUSION ROUND SHAPE EARRING
Earring Diameter- 12 mm
Main stone -18 pcs – 3.80 cts",in stock,new,313268.51 THB,https://colourdiam.com/productdetail/Menu/6368/6367,https://www.colourdiam.com/Product/Jewellery/                6368_6367 /white45/center.jpg,ColourDiam,Apparel & Accessories > Jewelry,,1,,,,unisex,,,adult,,,,,,,,,NON CERTIFIED,Fine Jewelry
6365_6369,18k-Earring : 4.05 gram ILLUSION ROUND SHAPE EARRING Earring Diameter- 11.7 mm Main stone - 18 pcs – 4.00 cts,"18k-Earring : 4.05 gram
ILLUSION ROUND SHAPE EARRING
Earring Diameter- 11.7 mm
Main stone - 18 pcs – 4.00 cts",in stock,new,340427.03 THB,https://colourdiam.com/productdetail/Menu/6365/6369,https://www.colourdiam.com/Product/Jewellery/6365_6369/white45/center.jpg,ColourDiam,Apparel & Accessories > Jewelry,,1,,,,unisex,,,adult,,,,,,,,,NON CERTIFIED,Fine Jewelry
6405_6406,18k-Earring : 4.05 gram ILLUSION EMERLAD SHAPE EARRING Earring Diameter- 11.3 mm Main stone - 18 pcs – 2.13 cts,"18k-Earring : 4.05 gram
ILLUSION EMERLAD SHAPE EARRING
Earring Diameter- 11.3 mm
Main stone - 18 pcs – 2.13 cts",in stock,new,223017.53 THB,https://colourdiam.com/productdetail/Menu/6405/6406,"https://www.colourdiam.com/Product/Jewellery/         
                                   
                  6405_6406 /white45/center.jpg",ColourDiam,Apparel & Accessories > Jewelry,,1,,,,unisex,,,adult,,,,,,,,,NON CERTIFIED,Fine Jewelry
6413_6412,18k-Earring : 1.52 gram ILLUSION EMERLAD SHAPE EARRING Earring Diameter- 7.5 mm Main stone - 18 pcs – 0.65 cts,"18k-Earring : 1.52 gram
ILLUSION EMERLAD SHAPE EARRING
Earring Diameter- 7.5 mm
Main stone - 18 pcs – 0.65 cts",in stock,new,45390.27 THB,https://colourdiam.com/productdetail/Menu/6413/6412,https://www.colourdiam.com/Product/Jewellery/6413_6412/white45/center.jpg,ColourDiam,Apparel & Accessories > Jewelry,,1,,,,unisex,,,adult,,,,,,,,,NON CERTIFIED,Fine Jewelry
6362_6363,18k-Earring : 3.69 gram ILLUSION ROUND SHAPE EARRING Earring Diameter- 11 mm Main stone - 18 pcs – 0.27 cts,"18k-Earring : 3.69 gram
ILLUSION ROUND SHAPE EARRING
Earring Diameter- 11 mm
Main stone - 18 pcs – 0.27 cts",in stock,new,245863.96 THB,https://colourdiam.com/productdetail/Menu/6362/6363,https://www.colourdiam.com/Product/Jewellery/    6362_6363          /white45/center.jpg,ColourDiam,Apparel & Accessories > Jewelry,,1,,,,unisex,,,adult,,,,,,,,,NON CERTIFIED,Fine Jewelry
7616,2.01 cts Fancy Light Greenish Yellow VS2 Main stone – 01 pcs 2.01 cts 18k Ring : 6.26 gram  WD : 28 / 0.908 PEAR : 08 / 1.13 PINK : 20 / 0.13,"2.01 cts Fancy Light Greenish Yellow VS2
Main stone – 01 pcs 2.01 cts
18k Ring : 6.26 gram 
WD : 28 / 0.908
PEAR : 08 / 1.13
PINK : 20 / 0.13",in stock,new,472815.31 THB,,https://www.colourdiam.com/Product/Jewellery/7616/white45/center.jpg,ColourDiam,Apparel & Accessories > Jewelry,,1,,,,unisex,,,adult,,,,,,,,,GIA,Fine Jewelry
7629,18 k ring : 3.81 gram  Main stone : 1 pcs / 0.34 cts  WD : 20 pcs / 0.16 cts,"18 k ring : 3.81 gram 
Main stone : 1 pcs / 0.34 cts 
WD : 20 pcs / 0.16 cts",in stock,new,52387.94 THB,,https://www.colourdiam.com/Product/Jewellery/7629/white45/center.jpg,ColourDiam,Apparel & Accessories > Jewelry,,1,,,,unisex,,,adult,,,,,,,,,NON CERTIFIED,Fine Jewelry
7654,2.00 cts Fancy Light Brownish Greenish yellow Si2 Main stone – 1 pcs  2.00 cts 18k Ring : 9.40 gram  WD : 93 / 0.533 PEAR : 15 / 2.99 PINK : 18 / 0.254,"2.00 cts Fancy Light Brownish Greenish yellow Si2
Main stone – 1 pcs  2.00 cts
18k Ring : 9.40 gram 
WD : 93 / 0.533
PEAR : 15 / 2.99
PINK : 18 / 0.254",in stock,new,378252.25 THB,https://colourdiam.com/productdetail/7654,https://www.colourdiam.com/Product/Jewellery/7654/white45/center.jpg,ColourDiam,Apparel & Accessories > Jewelry,,1,,,,unisex,,,adult,,,,,,,,,GIA,Fine Jewelry
7671_7887_7837,3.19 cts fancy light yellow VS2  0.30 cts F colour SI1   0.30 cts F colour SI1  18 K RING : 5.604 gram PEAR: 2 pcs / cts,"3.19 cts fancy light yellow VS2
 0.30 cts F colour SI1 
 0.30 cts F colour SI1 
18 K RING : 5.604 gram
PEAR: 2 pcs / cts",in stock,new,964543.24 THB,https://colourdiam.com/productdetail/Menu/7671/7887/7837,"https://www.colourdiam.com/Product/Jewellery/7671_7887_7837
/white45/center.jpg",ColourDiam,Apparel & Accessories > Jewelry,,1,,,,unisex,,,adult,,,,,,,,,GIA,Fine Jewelry
7689,Main stone - 1 pcs - 0.45 cts 18k-Ring : 2.124 gram,"Main stone - 1 pcs - 0.45 cts
18k-Ring : 2.124 gram",in stock,new,18912.61 THB,https://colourdiam.com/productdetail/7689,https://www.colourdiam.com/Product/Jewellery/7689/white45/center.jpg,ColourDiam,Apparel & Accessories > Jewelry,,1,,,,unisex,,,adult,,,,,,,,,NON CERTIFIED,Fine Jewelry
7691,0.85 G-H colour SI 18k Ring : 9.008 gram sidestone- 0.20ct,"0.85 G-H colour SI
18k Ring : 9.008 gram
sidestone- 0.20ct",in stock,new,15130.09 THB,https://colourdiam.com/productdetail/7691,https://www.colourdiam.com/Product/Jewellery/7691/white45/center.jpg,ColourDiam,Apparel & Accessories > Jewelry,,1,,,,unisex,,,adult,,,,,,,,,,Fine Jewelry
7692,0.40 G-H colour SI 18 k Ring : 1.40 gram,"0.40 G-H colour SI
18 k Ring : 1.40 gram",in stock,new,15130.09 THB,https://colourdiam.com/productdetail/7692,https://www.colourdiam.com/Product/Jewellery/7692/white45/center.jpg,ColourDiam,Apparel & Accessories > Jewelry,,1,,,,unisex,,,adult,,,,,,,,,NON CERTIFIED,Fine Jewelry
7729,0.40 G-H colour SI 18 k Ring : 1.40 gram,"0.40 G-H colour SI
18 k Ring : 1.40 gram",in stock,new,15130.09 THB,https://colourdiam.com/productdetail/7729,https://www.colourdiam.com/Product/Jewellery/7729/white45/center.jpg,ColourDiam,Apparel & Accessories > Jewelry,,1,,,,unisex,,,adult,,,,,,,,,NON CERTIFIED,Fine Jewelry
7730,0.40 G-H colour SI 18 k Ring : 1.40 gram,"0.40 G-H colour SI
18 k Ring : 1.40 gram",in stock,new,15130.09 THB,https://colourdiam.com/productdetail/7730,https://www.colourdiam.com/Product/Jewellery/7730/white45/center.jpg,ColourDiam,Apparel & Accessories > Jewelry,,1,,,,unisex,,,adult,,,,,,,,,NON CERTIFIED,Fine Jewelry
7731,0.40 G-H colour SI 18 k Ring : 1.40 gram,"0.40 G-H colour SI
18 k Ring : 1.40 gram",in stock,new,15130.09 THB,https://colourdiam.com/productdetail/7731,https://www.colourdiam.com/Product/Jewellery/7731/white45/center.jpg,ColourDiam,Apparel & Accessories > Jewelry,,1,,,,unisex,,,adult,,,,,,,,,NON CERTIFIED,Fine Jewelry
7732,0.40 G-H colour SI 18 k Ring : 1.40 gram,"0.40 G-H colour SI
18 k Ring : 1.40 gram",in stock,new,15130.09 THB,https://colourdiam.com/productdetail/7732,https://www.colourdiam.com/Product/Jewellery/7732/white45/center.jpg,ColourDiam,Apparel & Accessories > Jewelry,,1,,,,unisex,,,adult,,,,,,,,,NON CERTIFIED,Fine Jewelry
7733,0.40 G-H colour SI 18 k Ring : 1.40 gram,"0.40 G-H colour SI
18 k Ring : 1.40 gram",in stock,new,15130.09 THB,https://colourdiam.com/productdetail/7733,https://www.colourdiam.com/Product/Jewellery/7733/white45/center.jpg,ColourDiam,Apparel & Accessories > Jewelry,,1,,,,unisex,,,adult,,,,,,,,,NON CERTIFIED,Fine Jewelry
7734,Main stone - 1 pcs - 0.45 cts 18k-Ring : 2.124 gram,"Main stone - 1 pcs - 0.45 cts
18k-Ring : 2.124 gram",in stock,new,17021.35 THB,https://colourdiam.com/productdetail/7734,https://www.colourdiam.com/Product/Jewellery/7734/white45/center.jpg,ColourDiam,Apparel & Accessories > Jewelry,,1,,,,unisex,,,adult,,,,,,,,,NON CERTIFIED,Fine Jewelry
7735,Main stone - 1 pcs - 0.45 cts 18k-Ring : 2.124 gram,"Main stone - 1 pcs - 0.45 cts
18k-Ring : 2.124 gram",in stock,new,17021.35 THB,https://colourdiam.com/productdetail/7735,https://www.colourdiam.com/Product/Jewellery/7735/white45/center.jpg,ColourDiam,Apparel & Accessories > Jewelry,,1,,,,unisex,,,adult,,,,,,,,,NON CERTIFIED,Fine Jewelry
7737,Main stone - 1 pcs - 0.45 cts 18k-Ring : 2.124 gram,"Main stone - 1 pcs - 0.45 cts
18k-Ring : 2.124 gram",in stock,new,17021.35 THB,https://colourdiam.com/productdetail/7737,https://www.colourdiam.com/Product/Jewellery/7737/white45/center.jpg,ColourDiam,Apparel & Accessories > Jewelry,,1,,,,unisex,,,adult,,,,,,,,,NON CERTIFIED,Fine Jewelry
7738,Main stone - 1 pcs - 0.45 cts 18k-Ring : 2.124 gram,"Main stone - 1 pcs - 0.45 cts
18k-Ring : 2.124 gram",in stock,new,17021.35 THB,https://colourdiam.com/productdetail/7738,https://www.colourdiam.com/Product/Jewellery/7738/white45/center.jpg,ColourDiam,Apparel & Accessories > Jewelry,,1,,,,unisex,,,adult,,,,,,,,,NON CERTIFIED,Fine Jewelry
7739,Main stone - 1 pcs - 0.45 cts 18k-Ring : 2.124 gram,"Main stone - 1 pcs - 0.45 cts
18k-Ring : 2.124 gram",in stock,new,17021.35 THB,https://colourdiam.com/productdetail/7739,https://www.colourdiam.com/Product/Jewellery/7739/white45/center.jpg,ColourDiam,Apparel & Accessories > Jewelry,,1,,,,unisex,,,adult,,,,,,,,,NON CERTIFIED,Fine Jewelry
7740,Main stone - 1 pcs - 0.45 cts 18k-Ring : 2.124 gram,"Main stone - 1 pcs - 0.45 cts
18k-Ring : 2.124 gram",in stock,new,17021.35 THB,https://colourdiam.com/productdetail/7740,https://www.colourdiam.com/Product/Jewellery/7740/white45/center.jpg,ColourDiam,Apparel & Accessories > Jewelry,,1,,,,unisex,,,adult,,,,,,,,,NON CERTIFIED,Fine Jewelry
7741,Main stone - 1 pcs - 0.45 cts 18k-Ring : 2.124 gram,"Main stone - 1 pcs - 0.45 cts
18k-Ring : 2.124 gram",in stock,new,17021.35 THB,https://colourdiam.com/productdetail/7741,https://www.colourdiam.com/Product/Jewellery/7741/white45/center.jpg,ColourDiam,Apparel & Accessories > Jewelry,,1,,,,unisex,,,adult,,,,,,,,,NON CERTIFIED,Fine Jewelry
7742,Main stone - 1 pcs - 0.45 cts 18k-Ring : 2.124 gram,"Main stone - 1 pcs - 0.45 cts
18k-Ring : 2.124 gram",in stock,new,17021.35 THB,https://colourdiam.com/productdetail/7742,https://www.colourdiam.com/Product/Jewellery/7742/white45/center.jpg,ColourDiam,Apparel & Accessories > Jewelry,,1,,,,unisex,,,adult,,,,,,,,,NON CERTIFIED,Fine Jewelry
7768,Main stone detail - 3.308 CT  18 k necklace : 18.16 gram  Main stone - 13 pcs - 3.308 cts mix fancy colour diamonds WD - 237 pcs - 3.183 cts   YD - 16 pcs - 0.10 cts,"https://colourdiam.com/Product/Jewellery/Model%20images/7768/center.jpeg
https://colourdiam.com/Product/Jewellery/Model%20images/7768/colour-diam-model-images-392.jpeg",in stock,new,586290.99 THB,https://colourdiam.com/productdetail/7768,https://www.colourdiam.com/Product/Jewellery/7768/white45/center.jpg,ColourDiam,Apparel & Accessories > Jewelry,,1,,,,unisex,,,adult,,,,,,,,,,Fine Jewelry
7772,1.58 Light Greenish Yellow VS2 Main stone – 01 pcs 1.58 cts 18 K Ring: 7.50 gram  WD : 170 / 0.557 PINK : 16 / 0.20,"1.58 Light Greenish Yellow VS2
Main stone – 01 pcs 1.58 cts
18 K Ring: 7.50 gram 
WD : 170 / 0.557
PINK : 16 / 0.20",in stock,new,302601.8 THB,https://colourdiam.com/productdetail/7772,https://www.colourdiam.com/Product/Jewellery/7772/white45/center.jpg,ColourDiam,Apparel & Accessories > Jewelry,,1,,,,unisex,,,adult,,,,,,,,,GIA,Fine Jewelry
7778,"9.898 cts Fancy Pink VS-SI  Pink Diamond necklace  Main stone – 59 pcs – 9.898 cts 18 k: 39.87 gram  WD : 1012 / 5.42  P : 908 / 2.076","https://colourdiam.com/Product/Jewellery/Model%20images/7778/123.jpeg
https://colourdiam.com/Product/Jewellery/Model%20images/7778/center.jpeg
https://colourdiam.com/Product/Jewellery/Model%20images/7778/colour-diam-model-images-393.jpeg
https://colourdiam.com/Product/Jewellery/Model%20images/7778/colour-diam-model-images-394.jpeg",in stock,new,1323882.88 THB,https://colourdiam.com/productdetail/7778,https://www.colourdiam.com/Product/Jewellery/7778/white45/center.jpg,ColourDiam,Apparel & Accessories > Jewelry,,1,,,,unisex,,,adult,,,,,,,,,AGL,Fine Jewelry
7880,Fancy Yellow cushion shape ring  0.269 FANCY YELLOW DIAMOND  18 k ring : 2.71 gram  WD : 36 / 0.269 YD : 14 /0.08,"Fancy Yellow cushion shape ring 
0.269 FANCY YELLOW DIAMOND 
18 k ring : 2.71 gram 
WD : 36 / 0.269
YD : 14 /0.08",in stock,new,60520.36 THB,https://colourdiam.com/productdetail/7880,https://www.colourdiam.com/Product/Jewellery/7880/white45/center.jpg,ColourDiam,Apparel & Accessories > Jewelry,,1,,,,unisex,,,adult,,,,,,,,,AGL,Fine Jewelry
7881,Fancy Intense Yellow heart shape ring  0.435 FANCY INTENSE YELLOW DIAMOND  18 k ring : 2.43 gram  WD : 33 / 0.201,"Fancy Intense Yellow heart shape ring 
0.435 FANCY INTENSE YELLOW DIAMOND 
18 k ring : 2.43 gram 
WD : 33 / 0.201",in stock,new,68085.41 THB,,https://www.colourdiam.com/Product/Jewellery/7881/white45/center.jpg,ColourDiam,Apparel & Accessories > Jewelry,,1,,,,unisex,,,adult,,,,,,,,,AGL,Fine Jewelry
7882,"Fancy Yellow Marquise shape ring  0.168 FANCY YELLOW DIAMOND  18 k ring : 2.31 gram  WD : 32 / 0.194","Fancy Yellow Marquise shape ring 
0.168 FANCY YELLOW DIAMOND 
18 k ring : 2.31 gram 
WD : 32 / 0.194",in stock,new,56737.84 THB,,https://www.colourdiam.com/Product/Jewellery/7882/white45/center.jpg,ColourDiam,Apparel & Accessories > Jewelry,,1,,,,unisex,,,adult,,,,,,,,,AGL,Fine Jewelry
7883,Fancy Yellow Marquise shape ring  0.12 FANCY YELLOW DIAMOND  18 k ring : 2.87 gram  WD : 38 / 0.296 YD : 14 /0.78,"Fancy Yellow Marquise shape ring 
0.12 FANCY YELLOW DIAMOND 
18 k ring : 2.87 gram 
WD : 38 / 0.296
YD : 14 /0.78",in stock,new,56737.84 THB,,https://www.colourdiam.com/Product/Jewellery/7883/white45/center.jpg,ColourDiam,Apparel & Accessories > Jewelry,,1,,,,unisex,,,adult,,,,,,,,,AGL,Fine Jewelry
7884_7885,"Fancy Intense Yellow cushion/pear shape ring  0.508 FANCY INTENSE YELLOW DIAMOND  18 k ring : 3.16 gram  WD : 24 / 0.164","https://colourdiam.com/Product/Jewellery/Model%20images/7884_7885/center.jpeg
https://colourdiam.com/Product/Jewellery/Model%20images/7884_7885/colour-diam-model-images-395.jpeg",in stock,new,75650.45 THB,https://colourdiam.com/productdetail/Menu/7884/7885,https://www.colourdiam.com/Product/Jewellery/7884_7885/white45/center.jpg,ColourDiam,Apparel & Accessories > Jewelry,,1,,,,unisex,,,adult,,,,,,,,,AGL,Fine Jewelry
7891,"Multi colour Sapphire Bracelet Main stone detail – 60pcs - 11.22 cts 9K Bracelet : 11.98 gram","Multi colour Sapphire Bracelet
Main stone detail – 60pcs - 11.22 cts
9K Bracelet : 11.98 gram",in stock,new,85106.76 THB,,https://www.colourdiam.com/Product/Jewellery/7891/white45/center.jpg,ColourDiam,Apparel & Accessories > Jewelry,,1,,,,unisex,,,adult,,,,,,,,,,Fine Jewelry
7915,0.11 CT Fancy Yellow VS 18 k ring : 2.59 gram  WD : 42 / 0.402,"0.11 CT Fancy Yellow VS
18 k ring : 2.59 gram 
WD : 42 / 0.402",in stock,new,41607.75 THB,,https://www.colourdiam.com/Product/Jewellery/7915/white45/center.jpg,ColourDiam,Apparel & Accessories > Jewelry,,1,,,,unisex,,,adult,,,,,,,,,AGL,Fine Jewelry
7916,0.098 CT Fancy yellow VS 18 k ring : 4.28 gram  WD : 86  / 0.51   YD :11 / 0.064,"0.098 CT Fancy yellow VS
18 k ring : 4.28 gram 
WD : 86  / 0.51  
YD :11 / 0.064",in stock,new,52955.32 THB,https://colourdiam.com/productdetail/7916,https://www.colourdiam.com/Product/Jewellery/7916/white45/center.jpg,ColourDiam,Apparel & Accessories > Jewelry,,1,,,,unisex,,,adult,,,,,,,,,AGL,Fine Jewelry
7919,0.113 CT Fancy intense yellow VS  18 k ring : 2.86 gram  WD : 38 / 0.287   YD : 12 / 0.07,"0.113 CT Fancy intense yellow VS 
18 k ring : 2.86 gram 
WD : 38 / 0.287  
YD : 12 / 0.07",in stock,new,45390.27 THB,,https://www.colourdiam.com/Product/Jewellery/7919/white45/center.jpg,ColourDiam,Apparel & Accessories > Jewelry,,1,,,,unisex,,,adult,,,,,,,,,AGL,Fine Jewelry
7920,0.51 CT Fancy intense yellow VS  Main stone – 01 pcs 0.51 cts 18 K Ring: 2.87 gram  WD : 36 / 0.226 YD : 16 / 0.059,"0.51 CT Fancy intense yellow VS 
Main stone – 01 pcs 0.51 cts
18 K Ring: 2.87 gram 
WD : 36 / 0.226
YD : 16 / 0.059",in stock,new,30260.18 THB,,https://www.colourdiam.com/Product/Jewellery/7920/white45/center.jpg,ColourDiam,Apparel & Accessories > Jewelry,,1,,,,unisex,,,adult,,,,,,,,,AGL,Fine Jewelry
7921,0.136 CT Fancy yellow VS  18 k ring : 2.91 gram  WD : 52 / 0.349,"0.136 CT Fancy yellow VS 
18 k ring : 2.91 gram 
WD : 52 / 0.349",in stock,new,37825.23 THB,https://colourdiam.com/productdetail/7921,https://www.colourdiam.com/Product/Jewellery/7921/white45/center.jpg,ColourDiam,Apparel & Accessories > Jewelry,,1,,,,unisex,,,adult,,,,,,,,,AGL,Fine Jewelry
7922,0.20 CT Fancy intense yellow VS  Main stone – 01 pcs 0.20 cts 18 K Ring: 2.13 gram  WD : 30 / 0.227,"0.20 CT Fancy intense yellow VS 
Main stone – 01 pcs 0.20 cts
18 K Ring: 2.13 gram 
WD : 30 / 0.227",in stock,new,45390.27 THB,,https://www.colourdiam.com/Product/Jewellery/7922/white45/center.jpg,ColourDiam,Apparel & Accessories > Jewelry,,1,,,,unisex,,,adult,,,,,,,,,AGL,Fine Jewelry
7923,0.243 CT Fancy intense yellow VS  Main stone – 01 pcs 0.243 cts 18 K Ring: 2.85 gram  WD : 50 / 0.363,"0.243 CT Fancy intense yellow VS 
Main stone – 01 pcs 0.243 cts
18 K Ring: 2.85 gram 
WD : 50 / 0.363",in stock,new,45390.27 THB,https://colourdiam.com/productdetail/7923,https://www.colourdiam.com/Product/Jewellery/7923/white45/center.jpg,ColourDiam,Apparel & Accessories > Jewelry,,1,,,,unisex,,,adult,,,,,,,,,AGL,Fine Jewelry
7924,0.11 CT Fancy intense yellow VS  Main stone – 01 pcs 0.11 cts 18 K Ring: 2.49 gram  WD : 34 / 0.201 YD : 11 / 0.043,"0.11 CT Fancy intense yellow VS 
Main stone – 01 pcs 0.11 cts
18 K Ring: 2.49 gram 
WD : 34 / 0.201
YD : 11 / 0.043",in stock,new,32151.44 THB,https://colourdiam.com/productdetail/7924,https://www.colourdiam.com/Product/Jewellery/7924/white45/center.jpg,ColourDiam,Apparel & Accessories > Jewelry,,1,,,,unisex,,,adult,,,,,,,,,AGL,Fine Jewelry
7925,0.156 CT Fancy yellow VS  Main stone – 01 pcs 0.156 cts 18 K Ring: 3.12 gram  WD : 42 / 0.278 YD :  14 / 0.064,"0.156 CT Fancy yellow VS 
Main stone – 01 pcs 0.156 cts
18 K Ring: 3.12 gram 
WD : 42 / 0.278
YD :  14 / 0.064",in stock,new,45390.27 THB,https://colourdiam.com/productdetail/7925,https://www.colourdiam.com/Product/Jewellery/7925/white45/center.jpg,ColourDiam,Apparel & Accessories > Jewelry,,1,,,,unisex,,,adult,,,,,,,,,AGL,Fine Jewelry
7926,0.137 CT Fancy yellow SI Main stone – 01 pcs 0.137 cts 18 K Ring: 2.37 gram  WD : 38 / 0.197 YD :  12 / 0.047,"0.137 CT Fancy yellow SI
Main stone – 01 pcs 0.137 cts
18 K Ring: 2.37 gram 
WD : 38 / 0.197
YD :  12 / 0.047",in stock,new,37825.23 THB,,https://www.colourdiam.com/Product/Jewellery/7926/white45/center.jpg,ColourDiam,Apparel & Accessories > Jewelry,,1,,,,unisex,,,adult,,,,,,,,,AGL,Fine Jewelry
7927,0.341 CT Fancy yellow SI  18 k ring : 2.87 gram WD : 40 / 0.238    YD : 18 / 0.077,"0.341 CT Fancy yellow SI 
18 k ring : 2.87 gram
WD : 40 / 0.238   
YD : 18 / 0.077",in stock,new,45390.27 THB,https://colourdiam.com/productdetail/7927,https://www.colourdiam.com/Product/Jewellery/7927/white45/center.jpg,ColourDiam,Apparel & Accessories > Jewelry,,1,,,,unisex,,,adult,,,,,,,,,AGL,Fine Jewelry
7929,0.101 CT Fancy Pink VS  Main stone – 01 pcs 0.101 cts 18 K Ring: 2.96 gram  WD : 48 / 0.348,"0.101 CT Fancy Pink VS 
Main stone – 01 pcs 0.101 cts
18 K Ring: 2.96 gram 
WD : 48 / 0.348",in stock,new,45390.27 THB,https://colourdiam.com/productdetail/7929,https://www.colourdiam.com/Product/Jewellery/7929/white45/center.jpg,ColourDiam,Apparel & Accessories > Jewelry,,1,,,,unisex,,,adult,,,,,,,,,AGL,Fine Jewelry
7930,0.16 CT Fancy yellow VS  Main stone – 01 pcs 0.16 cts 18 K Ring: 2.81 gram  WD : 50 / 0.372,"0.16 CT Fancy yellow VS 
Main stone – 01 pcs 0.16 cts
18 K Ring: 2.81 gram 
WD : 50 / 0.372",in stock,new,45390.27 THB,,https://www.colourdiam.com/Product/Jewellery/7930/white45/center.jpg,ColourDiam,Apparel & Accessories > Jewelry,,1,,,,unisex,,,adult,,,,,,,,,AGL,Fine Jewelry
7934,0.141 CT Fancy yellow VS  Main stone - 01 pcs 0.141 cts 18K RING: 2.68 gram WD : 42/ 0.442,"0.141 CT Fancy yellow VS 
Main stone - 01 pcs 0.141 cts
18K RING: 2.68 gram
WD : 42/ 0.442",in stock,new,37825.23 THB,https://colourdiam.com/productdetail/7934,https://www.colourdiam.com/Product/Jewellery/7934/white45/center.jpg,ColourDiam,Apparel & Accessories > Jewelry,,1,,,,unisex,,,adult,,,,,,,,,AGL,Fine Jewelry
7935,0.091 CT Fancy Brownish yellow  18 k ring : 3.87 gram WD : 88 / 0.517,"0.091 CT Fancy Brownish yellow 
18 k ring : 3.87 gram
WD : 88 / 0.517",in stock,new,37825.23 THB,https://colourdiam.com/productdetail/7935,https://www.colourdiam.com/Product/Jewellery/7935/white45/center.jpg,ColourDiam,Apparel & Accessories > Jewelry,,1,,,,unisex,,,adult,,,,,,,,,AGL,Fine Jewelry
7936,0.32 CT Fancy Brownish yellow  18 k ring : 2.83 gram WD : 36 / 0.219   YD : 14 / 0.062,"0.32 CT Fancy Brownish yellow 
18 k ring : 2.83 gram
WD : 36 / 0.219  
YD : 14 / 0.062",in stock,new,37825.23 THB,,https://www.colourdiam.com/Product/Jewellery/7936/white45/center.jpg,ColourDiam,Apparel & Accessories > Jewelry,,1,,,,unisex,,,adult,,,,,,,,,AGL,Fine Jewelry
7937,0.125 CT Fancy intense yellow VS  Main stone – 01 pcs 0.125 cts 18 K Ring: 2.78 gram  WD : 50 / 0.37,"0.125 CT Fancy intense yellow VS 
Main stone – 01 pcs 0.125 cts
18 K Ring: 2.78 gram 
WD : 50 / 0.37",in stock,new,37825.23 THB,https://colourdiam.com/productdetail/7937,https://www.colourdiam.com/Product/Jewellery/7937/white45/center.jpg,ColourDiam,Apparel & Accessories > Jewelry,,1,,,,unisex,,,adult,,,,,,,,,AGL,Fine Jewelry
7938,0.233 CT Fancy intense yellow VS  Main stone – 01 pcs 0.233 cts 18 K Ring: 2.52 gram  WD : 32 / 0.229 YD : 14 / 0.073,"0.233 CT Fancy intense yellow VS 
Main stone – 01 pcs 0.233 cts
18 K Ring: 2.52 gram 
WD : 32 / 0.229
YD : 14 / 0.073",in stock,new,56737.84 THB,https://colourdiam.com/productdetail/7938,https://www.colourdiam.com/Product/Jewellery/7938/white45/center.jpg,ColourDiam,Apparel & Accessories > Jewelry,,1,,,,unisex,,,adult,,,,,,,,,AGL,Fine Jewelry
7939_7940,0.38 CT Fancy intense yellow VS / 0.24 CT Fancy intense yellow VS   18 k ring : 3.08 gram  WD : 24 / 0.157,"https://colourdiam.com/Product/Jewellery/Model%20images/7939_7940/center.jpeg
https://colourdiam.com/Product/Jewellery/Model%20images/7939_7940/colour-diam-model-images-396.jpeg",in stock,new,56737.84 THB,https://colourdiam.com/productdetail/Menu/7939/7940,https://www.colourdiam.com/Product/Jewellery/7939_7940/white45/center.jpg,ColourDiam,Apparel & Accessories > Jewelry,,1,,,,unisex,,,adult,,,,,,,,,AGL,Fine Jewelry
7941,0.098 CT Fancy Yellow VS  Main stone – 01 pcs 0.098 cts 18 K Ring: 2.78 gram  WD : 48 / 0.358,"0.098 CT Fancy Yellow VS 
Main stone – 01 pcs 0.098 cts
18 K Ring: 2.78 gram 
WD : 48 / 0.358",in stock,new,45390.27 THB,,https://www.colourdiam.com/Product/Jewellery/7941/white45/center.jpg,ColourDiam,Apparel & Accessories > Jewelry,,1,,,,unisex,,,adult,,,,,,,,,AGL,Fine Jewelry
7944,0.344 CT Fancy Intense Yellow VS  Main stone - 01 pcs 0.344 cts 18K RING: 2.89 gram WD : 36/ 0.205 YD : 14 / 0.061,"0.344 CT Fancy Intense Yellow VS 
Main stone - 01 pcs 0.344 cts
18K RING: 2.89 gram
WD : 36/ 0.205
YD : 14 / 0.061",in stock,new,45390.27 THB,,https://www.colourdiam.com/Product/Jewellery/7944/white45/center.jpg,ColourDiam,Apparel & Accessories > Jewelry,,1,,,,unisex,,,adult,,,,,,,,,AGL,Fine Jewelry
7945,0.068 CT Fancy Yellow VS  Main stone - 01 pcs 0.068 cts 18K RING: 3.01 gram WD : 52/ 0.378,"0.068 CT Fancy Yellow VS 
Main stone - 01 pcs 0.068 cts
18K RING: 3.01 gram
WD : 52/ 0.378",in stock,new,37825.23 THB,,https://www.colourdiam.com/Product/Jewellery/7945/white45/center.jpg,ColourDiam,Apparel & Accessories > Jewelry,,1,,,,unisex,,,adult,,,,,,,,,AGL,Fine Jewelry
7947,0.147 CT Fancy Intense Yellow VS  18 k ring : 2.85 gram  WD : 47 / 0.312,"0.147 CT Fancy Intense Yellow VS 
18 k ring : 2.85 gram 
WD : 47 / 0.312",in stock,new,45390.27 THB,,https://www.colourdiam.com/Product/Jewellery/7947/white45/center.jpg,ColourDiam,Apparel & Accessories > Jewelry,,1,,,,unisex,,,adult,,,,,,,,,AGL,Fine Jewelry
7948,"0.147 CT Fancy Intense Yellow VS  Main stone - 01 pcs 0.147 cts 18K RING: 3.09 gram WD : 54/ 0.347","0.147 CT Fancy Intense Yellow VS 
Main stone - 01 pcs 0.147 cts
18K RING: 3.09 gram
WD : 54/ 0.347",in stock,new,34042.7 THB,,https://www.colourdiam.com/Product/Jewellery/7948/white45/center.jpg,ColourDiam,Apparel & Accessories > Jewelry,,1,,,,unisex,,,adult,,,,,,,,,AGL,Fine Jewelry
7950,0.149 CT Fancy yellow VS Main stone - 01 pcs 0.149 cts 18K RING: 2.59 gram WD : 42/ 0.422,"0.149 CT Fancy yellow VS
Main stone - 01 pcs 0.149 cts
18K RING: 2.59 gram
WD : 42/ 0.422",in stock,new,45390.27 THB,,https://www.colourdiam.com/Product/Jewellery/7950/white45/center.jpg,ColourDiam,Apparel & Accessories > Jewelry,,1,,,,unisex,,,adult,,,,,,,,,AGL,Fine Jewelry
7951,0.251 CT Fancy intense yellow VS  18 k ring :  2.82 gram WD : 36 / 0.221  YD : 16 / 0.067,"0.251 CT Fancy intense yellow VS 
18 k ring :  2.82 gram
WD : 36 / 0.221 
YD : 16 / 0.067",in stock,new,45390.27 THB,,https://www.colourdiam.com/Product/Jewellery/7951/white45/center.jpg,ColourDiam,Apparel & Accessories > Jewelry,,1,,,,unisex,,,adult,,,,,,,,,AGL,Fine Jewelry
7952,0.235 CT Fancy intense yellow VS Main stone - 01 pcs 0.235 cts 18K RING: 3.17 gram WD : 34/ 0.232 YD : 14 / 0.051,"0.235 CT Fancy intense yellow VS
Main stone - 01 pcs 0.235 cts
18K RING: 3.17 gram
WD : 34/ 0.232
YD : 14 / 0.051",in stock,new,45390.27 THB,,https://www.colourdiam.com/Product/Jewellery/7952/white45/center.jpg,ColourDiam,Apparel & Accessories > Jewelry,,1,,,,unisex,,,adult,,,,,,,,,AGL,Fine Jewelry
7953,0.203 CT Fancy Pink VS  18 k ring : 2.9 gram WD : 51 / 0.355,"0.203 CT Fancy Pink VS 
18 k ring : 2.9 gram
WD : 51 / 0.355",in stock,new,56737.84 THB,https://colourdiam.com/productdetail/7953,https://www.colourdiam.com/Product/Jewellery/7953/white45/center.jpg,ColourDiam,Apparel & Accessories > Jewelry,,1,,,,unisex,,,adult,,,,,,,,,AGL,Fine Jewelry
7954,0.141 CT Fancy yellow VS  18 k pendant : 3.76 gram  WD : 17 / 0.154 YD : 12 / 0.07 cts,"0.141 CT Fancy yellow VS 
18 k pendant : 3.76 gram 
WD : 17 / 0.154
YD : 12 / 0.07 cts",in stock,new,45390.27 THB,,https://www.colourdiam.com/Product/Jewellery/7954/white45/center.jpg,ColourDiam,Apparel & Accessories > Jewelry,,1,,,,unisex,,,adult,,,,,,,,,AGL,Fine Jewelry
7955,0.198 CT Fancy intense yellow VS  18 k ring : 3.76 gram  WD : 48 / 0.297   YD : 12 / 0.067,"0.198 CT Fancy intense yellow VS 
18 k ring : 3.76 gram 
WD : 48 / 0.297  
YD : 12 / 0.067",in stock,new,49172.79 THB,,https://www.colourdiam.com/Product/Jewellery/7955/white45/center.jpg,ColourDiam,Apparel & Accessories > Jewelry,,1,,,,unisex,,,adult,,,,,,,,,AGL,Fine Jewelry
7956,0.186 CT Fancy intense yellow VS  18 k ring : 2.65 gram  WD : 46 / 0.309,"0.186 CT Fancy intense yellow VS 
18 k ring : 2.65 gram 
WD : 46 / 0.309",in stock,new,45390.27 THB,https://colourdiam.com/productdetail/7956,https://www.colourdiam.com/Product/Jewellery/7956/white45/center.jpg,ColourDiam,Apparel & Accessories > Jewelry,,1,,,,unisex,,,adult,,,,,,,,,AGL,Fine Jewelry
7957,0.182 CT Fancy intense green VS  18 k ring : 2.83 gram WD : 50 / 0.361,"0.182 CT Fancy intense green VS 
18 k ring : 2.83 gram
WD : 50 / 0.361",in stock,new,56737.84 THB,,https://www.colourdiam.com/Product/Jewellery/7957/white45/center.jpg,ColourDiam,Apparel & Accessories > Jewelry,,1,,,,unisex,,,adult,,,,,,,,,AGL,Fine Jewelry
7958,"0.184 CT Fancy yellow VS  Main stone - 01 pcs 0.184 cts 18K RING: 2.63 gram WD : 44/ 0.427","0.184 CT Fancy yellow VS 
Main stone - 01 pcs 0.184 cts
18K RING: 2.63 gram
WD : 44/ 0.427",in stock,new,45390.27 THB,,https://www.colourdiam.com/Product/Jewellery/7958/white45/center.jpg,ColourDiam,Apparel & Accessories > Jewelry,,1,,,,unisex,,,adult,,,,,,,,,AGL,Fine Jewelry
7959,"0.142 CT Fancy yellow VS 18 k Pendant : 4.14 gram  WD : 39 / 0.283  YD : 12 / 0.049","0.142 CT Fancy yellow VS
18 k Pendant : 4.14 gram 
WD : 39 / 0.283 
YD : 12 / 0.049",in stock,new,45390.27 THB,,https://www.colourdiam.com/Product/Jewellery/7959/white45/center.jpg,ColourDiam,Apparel & Accessories > Jewelry,,1,,,,unisex,,,adult,,,,,,,,,AGL,Fine Jewelry
7994,0.12 CT Fancy Green VS2 18 K RING : 1.97 gram WD : 28 pcs / 0.196 cts,"0.12 CT Fancy Green VS2
18 K RING : 1.97 gram
WD : 28 pcs / 0.196 cts",in stock,new,30260.18 THB,https://colourdiam.com/productdetail/7994,https://www.colourdiam.com/Product/Jewellery/7994/white45/center.jpg,ColourDiam,Apparel & Accessories > Jewelry,,1,,,,unisex,,,adult,,,,,,,,,AGL,Fine Jewelry
7999,0.203 CT Fancy Intense Pink SI 18 k Ring : 2.21 gram  WD : 16 / 0.109,"0.203 CT Fancy Intense Pink SI
18 k Ring : 2.21 gram 
WD : 16 / 0.109",in stock,new,75650.45 THB,,https://www.colourdiam.com/Product/Jewellery/7999/white45/center.jpg,ColourDiam,Apparel & Accessories > Jewelry,,1,,,,unisex,,,adult,,,,,,,,,AGL,Fine Jewelry
8000,0.505 CT Fancy Intense Green VVS  18 K RING : 2.2 gram WD : 18 / 0.13,"0.505 CT Fancy Intense Green VVS 
18 K RING : 2.2 gram
WD : 18 / 0.13",in stock,new,45390.27 THB,https://colourdiam.com/productdetail/8000,https://www.colourdiam.com/Product/Jewellery/8000/white45/center.jpg,ColourDiam,Apparel & Accessories > Jewelry,,1,,,,unisex,,,adult,,,,,,,,,AGL,Fine Jewelry
8001,0.116 CT Fancy Yellow VS  18 K RING : 2.53 gram WD : 42 / 0.426,"0.116 CT Fancy Yellow VS 
18 K RING : 2.53 gram
WD : 42 / 0.426",in stock,new,37825.23 THB,https://colourdiam.com/productdetail/8001,https://www.colourdiam.com/Product/Jewellery/8001/white45/center.jpg,ColourDiam,Apparel & Accessories > Jewelry,,1,,,,unisex,,,adult,,,,,,,,,AGL,Fine Jewelry
8002,"0.113 CT Fancy Intense Green VS  18 K RING : 1.98 gram WD : 14 / 0.1","0.113 CT Fancy Intense Green VS 
18 K RING : 1.98 gram
WD : 14 / 0.1",in stock,new,30260.18 THB,https://colourdiam.com/productdetail/8002,https://www.colourdiam.com/Product/Jewellery/8002/white45/center.jpg,ColourDiam,Apparel & Accessories > Jewelry,,1,,,,unisex,,,adult,,,,,,,,,AGL,Fine Jewelry
8003,0.102 CT Fancy Intense Green SI  18 K RING : 1.96  gram WD : 14 / 0.107,"0.102 CT Fancy Intense Green SI 
18 K RING : 1.96  gram
WD : 14 / 0.107",in stock,new,30260.18 THB,,https://www.colourdiam.com/Product/Jewellery/8003/white45/center.jpg,ColourDiam,Apparel & Accessories > Jewelry,,1,,,,unisex,,,adult,,,,,,,,,AGL,Fine Jewelry
8006,0.156 CT Fancy Intense Pink  VS  18 K RING : 2.07 gram WD : 14/ 0.097,"0.156 CT Fancy Intense Pink  VS 
18 K RING : 2.07 gram
WD : 14/ 0.097",in stock,new,30260.18 THB,https://colourdiam.com/productdetail/8006,https://www.colourdiam.com/Product/Jewellery/8006/white45/center.jpg,ColourDiam,Apparel & Accessories > Jewelry,,1,,,,unisex,,,adult,,,,,,,,,AGL,Fine Jewelry
8008,0.324 CT Fancy Vivid Yellow VS 18 K RING : 1.84 gram WD : 17 / 0.117,"0.324 CT Fancy Vivid Yellow VS
18 K RING : 1.84 gram
WD : 17 / 0.117",in stock,new,45390.27 THB,https://colourdiam.com/productdetail/8008,https://www.colourdiam.com/Product/Jewellery/8008/white45/center.jpg,ColourDiam,Apparel & Accessories > Jewelry,,1,,,,unisex,,,adult,,,,,,,,,AGL,Fine Jewelry
8015,0.26 cts Fancy Green VS Main stone – 1 pcs  0.26 cts 18k Ring : 2.330 gram  WD : 113 / 0.213,"0.26 cts Fancy Green VS
Main stone – 1 pcs  0.26 cts
18k Ring : 2.330 gram 
WD : 113 / 0.213",in stock,new,113475.68 THB,,https://www.colourdiam.com/Product/Jewellery/8015/white45/center.jpg,ColourDiam,Apparel & Accessories > Jewelry,,1,,,,unisex,,,adult,,,,,,,,,AGL,Fine Jewelry
8021,0.111 cts Fancy Intense green VVS1 Main stone – 1 pcs  0.111 cts 18k Pendant : 2.94 gram  WD : 30 / 0.194,"0.111 cts Fancy Intense green VVS1
Main stone – 1 pcs  0.111 cts
18k Pendant : 2.94 gram 
WD : 30 / 0.194",in stock,new,30260.18 THB,,https://www.colourdiam.com/Product/Jewellery/8021/white45/center.jpg,ColourDiam,Apparel & Accessories > Jewelry,,1,,,,unisex,,,adult,,,,,,,,,AGL,Fine Jewelry
8022,0.137 cts  Fancy intense green VVS Main stone – 1 pcs  0.137 cts 18k Bracelet : 2.14 gram  WD : 16 / 0.132,"https://colourdiam.com/Product/Jewellery/Model%20images/8022/1.jpeg
https://colourdiam.com/Product/Jewellery/Model%20images/8022/2.jpeg
https://colourdiam.com/Product/Jewellery/Model%20images/8022/4.jpeg
https://colourdiam.com/Product/Jewellery/Model%20images/8022/center.jpeg
https://colourdiam.com/Product/Jewellery/Model%20images/8022/colour-diam-model-images-410.jpeg
https://colourdiam.com/Product/Jewellery/Model%20images/8022/colour-diam-model-images-411.jpeg
https://colourdiam.com/Product/Jewellery/Model%20images/8022/colour-diam-model-images-412.jpeg
https://colourdiam.com/Product/Jewellery/Model%20images/8022/colour-diam-model-images-413.jpeg",in stock,new,37825.23 THB,https://colourdiam.com/productdetail/8022,https://www.colourdiam.com/Product/Jewellery/8022/white45/center.jpg,ColourDiam,Apparel & Accessories > Jewelry,,1,,,,unisex,,,adult,,,,,,,,,AGL,Fine Jewelry
8023,0.137 cts Fancy green SI1 Main stone – 1 pcs  0.137 cts 18k Bracelet : 2.21 gram  WD : 28 / 0.239,"https://colourdiam.com/Product/Jewellery/Model%20images/8023/center.jpeg
https://colourdiam.com/Product/Jewellery/Model%20images/8023/colour-diam-model-images-414.jpeg",in stock,new,30260.18 THB,https://colourdiam.com/productdetail/8023,https://www.colourdiam.com/Product/Jewellery/8023/white45/center.jpg,ColourDiam,Apparel & Accessories > Jewelry,,1,,,,unisex,,,adult,,,,,,,,,AGL,Fine Jewelry
8024,0.106 cts Fancy Intense yellow I1 Main stone – 1 pcs  0.106 cts 18k Pendant : 3.6 gram  WD : 29 / 0.271,"0.106 cts Fancy Intense yellow I1
Main stone – 1 pcs  0.106 cts
18k Pendant : 3.6 gram 
WD : 29 / 0.271",in stock,new,30260.18 THB,,https://www.colourdiam.com/Product/Jewellery/8024/white45/center.jpg,ColourDiam,Apparel & Accessories > Jewelry,,1,,,,unisex,,,adult,,,,,,,,,AGL,Fine Jewelry
8026,0.25 cts Fancy intense Pink VVS1 Main stone – 1 pcs  0.25 cts 18k Bracelet : 2.19 gram  WD : 18 / 0.154,"https://colourdiam.com/Product/Jewellery/Model%20images/8026/1.jpeg
https://colourdiam.com/Product/Jewellery/Model%20images/8026/3.jpeg
https://colourdiam.com/Product/Jewellery/Model%20images/8026/center.jpeg
https://colourdiam.com/Product/Jewellery/Model%20images/8026/colour-diam-model-images-415.jpeg
https://colourdiam.com/Product/Jewellery/Model%20images/8026/colour-diam-model-images-416.jpeg
https://colourdiam.com/Product/Jewellery/Model%20images/8026/colour-diam-model-images-417.jpeg",in stock,new,30260.18 THB,https://colourdiam.com/productdetail/8026,https://www.colourdiam.com/Product/Jewellery/8026/white45/center.jpg,ColourDiam,Apparel & Accessories > Jewelry,,1,,,,unisex,,,adult,,,,,,,,,AGL,Fine Jewelry
8027,0.285 cts Fancy pink VVS  Main stone – 1 pcs  0.285 cts 18k Bracelet : 2.25 gram  WD : 18 / 0.146,"0.285 cts Fancy pink VVS 
Main stone – 1 pcs  0.285 cts
18k Bracelet : 2.25 gram 
WD : 18 / 0.146",in stock,new,45390.27 THB,,https://www.colourdiam.com/Product/Jewellery/8027/white45/center.jpg,ColourDiam,Apparel & Accessories > Jewelry,,1,,,,unisex,,,adult,,,,,,,,,AGL,Fine Jewelry
8028,0.243 cts Fancy purplish pink si1 Main stone – 1 pcs  0.243 cts 18k Bracelet : 2.3 gram  WD : 18 / 0.153,"0.243 cts Fancy purplish pink si1
Main stone – 1 pcs  0.243 cts
18k Bracelet : 2.3 gram 
WD : 18 / 0.153",in stock,new,30260.18 THB,,https://www.colourdiam.com/Product/Jewellery/8028/white45/center.jpg,ColourDiam,Apparel & Accessories > Jewelry,,1,,,,unisex,,,adult,,,,,,,,,AGL,Fine Jewelry
8029,0.11 cts Fancy Orange-pink VS Main stone – 1 pcs  0.11 cts 18k Bracelet : 2.11 gram  WD : 17 / 0.146,"https://colourdiam.com/Product/Jewellery/Model%20images/8029/1.jpeg
https://colourdiam.com/Product/Jewellery/Model%20images/8029/2.jpeg
https://colourdiam.com/Product/Jewellery/Model%20images/8029/center.jpeg",in stock,new,30260.18 THB,https://colourdiam.com/productdetail/8029,https://www.colourdiam.com/Product/Jewellery/8029/white45/center.jpg,ColourDiam,Apparel & Accessories > Jewelry,,1,,,,unisex,,,adult,,,,,,,,,AGL,Fine Jewelry
8054,0.145 cts Fancy Blue VS  Main stone – 1 pcs 0.145 cts 18k Pendant : 3.06 gram  WD : 26 / 0.161,"0.145 cts Fancy Blue VS 
Main stone – 1 pcs 0.145 cts
18k Pendant : 3.06 gram 
WD : 26 / 0.161",in stock,new,37825.23 THB,,https://www.colourdiam.com/Product/Jewellery/8054/white45/center.jpg,ColourDiam,Apparel & Accessories > Jewelry,,1,,,,unisex,,,adult,,,,,,,,,AGL,Fine Jewelry
8057,0.115 cts Fancy Yellow SI1 Main stone – 1 pcs 0.115 cts 18k Bracelet : 2.07 gram  WD : 16 / 0.133,"0.115 cts Fancy Yellow SI1
Main stone – 1 pcs 0.115 cts
18k Bracelet : 2.07 gram 
WD : 16 / 0.133",in stock,new,30260.18 THB,,https://www.colourdiam.com/Product/Jewellery/8057/white45/center.jpg,ColourDiam,Apparel & Accessories > Jewelry,,1,,,,unisex,,,adult,,,,,,,,,AGL,Fine Jewelry
8062,0.179 cts Deep Yellow SI1 Main stone – 1 pcs 0.179 cts 18k Ring : 2.13 gram  WD : 30 / 0.215,"0.179 cts Deep Yellow SI1
Main stone – 1 pcs 0.179 cts
18k Ring : 2.13 gram 
WD : 30 / 0.215",in stock,new,30260.18 THB,https://colourdiam.com/productdetail/8062,https://www.colourdiam.com/Product/Jewellery/8062/white45/center.jpg,ColourDiam,Apparel & Accessories > Jewelry,,1,,,,unisex,,,adult,,,,,,,,,AGL,Fine Jewelry
8065,0.137 cts Fancy Blue SI  Main stone – 1 pcs  0.137 cts 18k Ring : 2.18 gram  WD : 16 / 0.132,"0.137 cts Fancy Blue SI 
Main stone – 1 pcs  0.137 cts
18k Ring : 2.18 gram 
WD : 16 / 0.132",in stock,new,37825.23 THB,,https://www.colourdiam.com/Product/Jewellery/8065/white45/center.jpg,ColourDiam,Apparel & Accessories > Jewelry,,1,,,,unisex,,,adult,,,,,,,,,AGL,Fine Jewelry
8068,0.119 cts Fancy Intense Green SI  Main stone – 1 pcs 0.119 cts 18k Pendant : 3.43 gram  WD : 29 / 0.277,"0.119 cts Fancy Intense Green SI 
Main stone – 1 pcs 0.119 cts
18k Pendant : 3.43 gram 
WD : 29 / 0.277",in stock,new,37825.23 THB,,https://www.colourdiam.com/Product/Jewellery/8068/white45/center.jpg,ColourDiam,Apparel & Accessories > Jewelry,,1,,,,unisex,,,adult,,,,,,,,,AGL,Fine Jewelry
8112,1.0 cts mix colour diamonds  Main stone – 05 pcs 1.00 cts 18k Bracelet : 6.35 gram  PINK: 12 / 0.07 YD: 28 / 0.14 WD : 0.89 cts,"https://colourdiam.com/Product/Jewellery/Model%20images/8112/1.jpeg
https://colourdiam.com/Product/Jewellery/Model%20images/8112/center.jpeg
https://colourdiam.com/Product/Jewellery/Model%20images/8112/colour-diam-model-images-429.jpeg
https://colourdiam.com/Product/Jewellery/Model%20images/8112/colour-diam-model-images-430.jpeg",in stock,new,83215.5 THB,https://colourdiam.com/productdetail/8112,https://www.colourdiam.com/Product/Jewellery/8112/white45/center.jpg,ColourDiam,Apparel & Accessories > Jewelry,,1,,,,unisex,,,adult,,,,,,,,,,Fine Jewelry
8113,0.24 ct  Fancy Pink  Main stone – 4 pcs 0.24 cts 18k Bracelet : 8.90 gram  White: 2.26 cts,"0.24 ct  Fancy Pink 
Main stone – 4 pcs 0.24 cts
18k Bracelet : 8.90 gram 
White: 2.26 cts",in stock,new,94563.06 THB,https://colourdiam.com/productdetail/8113,https://www.colourdiam.com/Product/Jewellery/8113/white45/center.jpg,ColourDiam,Apparel & Accessories > Jewelry,,1,,,,unisex,,,adult,,,,,,,,,AGL,Fine Jewelry
8141,"0.18 cts Fancy Pink Main stone – 1 pcs  0.18 cts 18k Ring : 2.50 gram  WD : 0.32 cts","0.18 cts Fancy Pink
Main stone – 1 pcs  0.18 cts
18k Ring : 2.50 gram 
WD : 0.32 cts",in stock,new,94563.06 THB,,https://www.colourdiam.com/Product/Jewellery/8141/white45/center.jpg,ColourDiam,Apparel & Accessories > Jewelry,,1,,,,unisex,,,adult,,,,,,,,,,Fine Jewelry
8142,"0.22 cts Fancy Pink Main stone – 2 pcs  0.22 cts 18k EARRING : 2.40 gram  WD : 0.58 cts","0.22 cts Fancy Pink
Main stone – 2 pcs  0.22 cts
18k EARRING : 2.40 gram 
WD : 0.58 cts",in stock,new,0 THB,,https://www.colourdiam.com/Product/Jewellery/8142/white45/center.jpg,ColourDiam,Apparel & Accessories > Jewelry,,1,,,,unisex,,,adult,,,,,,,,,,Fine Jewelry
8143,0.42 ct Emerald Main stone – 2 pcs 0.42 cts 18k Pendant: 6.08 gram  White: 0.14 cts,"0.42 ct Emerald
Main stone – 2 pcs 0.42 cts
18k Pendant: 6.08 gram 
White: 0.14 cts",in stock,new,24586.4 THB,,https://www.colourdiam.com/Product/Jewellery/8143/white45/center.jpg,ColourDiam,Apparel & Accessories > Jewelry,,1,,,,unisex,,,adult,,,,,,,,,,Fine Jewelry
8263,0.235 cts Fancy green  Main stone – 01 pcs 0.235 cts 18k Pendant : 3.70 gram  WD : 29 / 0.262,"0.235 cts Fancy green 
Main stone – 01 pcs 0.235 cts
18k Pendant : 3.70 gram 
WD : 29 / 0.262",in stock,new,45390.27 THB,https://colourdiam.com/productdetail/8263,https://www.colourdiam.com/Product/Jewellery/8263/white45/center.jpg,ColourDiam,Apparel & Accessories > Jewelry,,1,,,,unisex,,,adult,,,,,,,,,,Fine Jewelry
8265,0.950 ct Fancy Pink VS Main stone – 05 pcs 0.950 cts 18k Ring : 6.430 gram  WD : 275 / 0.678,"0.950 ct Fancy Pink VS
Main stone – 05 pcs 0.950 cts
18k Ring : 6.430 gram 
WD : 275 / 0.678",in stock,new,208038.74 THB,https://colourdiam.com/productdetail/8265,https://www.colourdiam.com/Product/Jewellery/8265/white45/center.jpg,ColourDiam,Apparel & Accessories > Jewelry,,1,,,,unisex,,,adult,,,,,,,,,AGL,Fine Jewelry
8266,0.137 cts Fancy Yellow VS Main stone – 01 pcs 0.137 cts 18k Bracelet : 2.30 gram  WD : 16/ 0.142,"0.137 cts Fancy Yellow VS
Main stone – 01 pcs 0.137 cts
18k Bracelet : 2.30 gram 
WD : 16/ 0.142",in stock,new,45390.27 THB,,https://www.colourdiam.com/Product/Jewellery/8266/white45/center.jpg,ColourDiam,Apparel & Accessories > Jewelry,,1,,,,unisex,,,adult,,,,,,,,,AGL,Fine Jewelry
8273,0.144 cts Fancy Blue VS Main stone – 01 pcs 0.144 cts 18k Bracelet : 2.11 gram  WD : 16/ 0.135,"0.144 cts Fancy Blue VS
Main stone – 01 pcs 0.144 cts
18k Bracelet : 2.11 gram 
WD : 16/ 0.135",in stock,new,45390.27 THB,,https://www.colourdiam.com/Product/Jewellery/8273/white45/center.jpg,ColourDiam,Apparel & Accessories > Jewelry,,1,,,,unisex,,,adult,,,,,,,,,AGL,Fine Jewelry
8269,0.092 cts Fancy Pink SI Main stone – 01 pcs 0.092 cts 18k Bracelet : 2.11 gram  WD : 16/ 0.132,"0.092 cts Fancy Pink SI
Main stone – 01 pcs 0.092 cts
18k Bracelet : 2.11 gram 
WD : 16/ 0.132",in stock,new,45390.27 THB,,https://www.colourdiam.com/Product/Jewellery/8269/white45/center.jpg,ColourDiam,Apparel & Accessories > Jewelry,,1,,,,unisex,,,adult,,,,,,,,,AGL,Fine Jewelry
8270,0.12 cts Fancy Blue SI Main stone – 01 pcs 0.12 cts 18k Pendant : 0.87 gram  WD : 30 / 0.21,"0.12 cts Fancy Blue SI
Main stone – 01 pcs 0.12 cts
18k Pendant : 0.87 gram 
WD : 30 / 0.21",in stock,new,30260.18 THB,,https://www.colourdiam.com/Product/Jewellery/8270/white45/center.jpg,ColourDiam,Apparel & Accessories > Jewelry,,1,,,,unisex,,,adult,,,,,,,,,AGL,Fine Jewelry
8272,0.137 cts Fancy Blue SI  Main stone – 01 pcs 0.137 cts 18k Bracelet : 2.18 gram  WD : 16 / 0.132,"https://colourdiam.com/Product/Jewellery/Model%20images/8272/1.jpeg
https://colourdiam.com/Product/Jewellery/Model%20images/8272/2.jpeg
https://colourdiam.com/Product/Jewellery/Model%20images/8272/3.jpeg
https://colourdiam.com/Product/Jewellery/Model%20images/8272/colour-diam-model-images-432.jpeg
https://colourdiam.com/Product/Jewellery/Model%20images/8272/colour-diam-model-images-433.jpeg
https://colourdiam.com/Product/Jewellery/Model%20images/8272/colour-diam-model-images-434.jpeg",in stock,new,45390.27 THB,https://colourdiam.com/productdetail/8272,https://www.colourdiam.com/Product/Jewellery/8272/white45/center.jpg,ColourDiam,Apparel & Accessories > Jewelry,,1,,,,unisex,,,adult,,,,,,,,,AGL,Fine Jewelry
8276,"0.18 cts Fancy Pink Main stone – 1 pcs  0.18 cts 18k Ring : 2.50 gram  WD : 0.32 cts","0.18 cts Fancy Pink
Main stone – 1 pcs  0.18 cts
18k Ring : 2.50 gram 
WD : 0.32 cts",in stock,new,94563.06 THB,,https://www.colourdiam.com/Product/Jewellery/8276/white45/center.jpg,ColourDiam,Apparel & Accessories > Jewelry,,1,,,,unisex,,,adult,,,,,,,,,,Fine Jewelry
8277,0.20 cts Fancy Pink Main stone – 1 pcs  0.20 cts 18k Pendant : 2.80 gram  WD : 0.40 cts,"0.20 cts Fancy Pink
Main stone – 1 pcs  0.20 cts
18k Pendant : 2.80 gram 
WD : 0.40 cts",in stock,new,0 THB,,https://www.colourdiam.com/Product/Jewellery/8277/white45/center.jpg,ColourDiam,Apparel & Accessories > Jewelry,,1,,,,unisex,,,adult,,,,,,,,,,Fine Jewelry
8278,0.22 cts Fancy Pink Main stone – 2 pcs  0.22 cts 18k EARRING : 2.40 gram  WD : 0.58 cts,"0.22 cts Fancy Pink
Main stone – 2 pcs  0.22 cts
18k EARRING : 2.40 gram 
WD : 0.58 cts",in stock,new,0 THB,,https://www.colourdiam.com/Product/Jewellery/8278/white45/center.jpg,ColourDiam,Apparel & Accessories > Jewelry,,1,,,,unisex,,,adult,,,,,,,,,,Fine Jewelry
8580,2.30 cts Fancy Light Greenish Yellow VS2 Main Stone - 1 pcs - 2.30 cts 18k Ring & Pendant Convertible : 11.577 gram WD : 47 / 0.62 PINK : 37 / 0.14 PEAR : 14 / 1.40,https://colourdiam.com/Product/Jewellery/Model%20images/8580/center.jpeg,in stock,new,680854.05 THB,https://colourdiam.com/productdetail/8580,https://www.colourdiam.com/Product/Jewellery/8580/white45/center.jpg,ColourDiam,Apparel & Accessories > Jewelry,,1,,,,unisex,,,adult,,,,,,,,,GIA,Fine Jewelry
7441,"0.12 cts bugget diamonds Si1 Main stone – 06 pcs 0.12 cts 18k Earring :  2.76 gram  WD : 12 / 0.08","https://colourdiam.com/Product/Jewellery/Model%20images/7441/center.jpeg
https://colourdiam.com/Product/Jewellery/Model%20images/7441/colour-diam-model-images-374.jpeg",in stock,new,14184.46 THB,https://colourdiam.com/productdetail/7441,https://www.colourdiam.com/Product/Jewellery/7441/white45/center.jpg,ColourDiam,Apparel & Accessories > Jewelry,,1,,,,unisex,,,adult,,,,,,,,,,Fine Jewelry
7504,Multi Coloured Sapphire Tennis Bracelet 925 Silver Bracelet : 11.73 gram  Sapphire : 42 / 7.38,"https://colourdiam.com/Product/Jewellery/Model%20images/7504/3.jpeg
https://colourdiam.com/Product/Jewellery/Model%20images/7504/4.jpeg
https://colourdiam.com/Product/Jewellery/Model%20images/7504/center.jpeg",in stock,new,22695.14 THB,https://colourdiam.com/productdetail/7504,https://www.colourdiam.com/Product/Jewellery/7504/white45/center.jpg,ColourDiam,Apparel & Accessories > Jewelry,,1,,,,unisex,,,adult,,,,,,,,,,Fine Jewelry
7502,"Multi Coloured Sapphire Tennis Bracelet 925 Silver Bracelet : 12.99 gram  Ruby : 47 / 8.28","https://colourdiam.com/Product/Jewellery/Model%20images/7502/3.jpeg
https://colourdiam.com/Product/Jewellery/Model%20images/7502/4.jpeg
https://colourdiam.com/Product/Jewellery/Model%20images/7502/center.jpeg",in stock,new,24586.4 THB,https://colourdiam.com/productdetail/7502,https://www.colourdiam.com/Product/Jewellery/7502/white45/center.jpg,ColourDiam,Apparel & Accessories > Jewelry,,1,,,,unisex,,,adult,,,,,,,,,,Fine Jewelry
7503,Multi Coloured Sapphire Tennis Bracelet 9k Bracelet : 12.74 gram  sapphire : 60 / 11.185,"https://colourdiam.com/Product/Jewellery/Model%20images/7503/2.jpeg
https://colourdiam.com/Product/Jewellery/Model%20images/7503/3.jpeg
https://colourdiam.com/Product/Jewellery/Model%20images/7503/4.jpeg
https://colourdiam.com/Product/Jewellery/Model%20images/7503/center.jpeg",in stock,new,85106.76 THB,https://colourdiam.com/productdetail/7503,https://www.colourdiam.com/Product/Jewellery/7503/white45/center.jpg,ColourDiam,Apparel & Accessories > Jewelry,,1,,,,unisex,,,adult,,,,,,,,,,Fine Jewelry
2593,1.01 cts  Fancy Deep yellow Vs2 Main stone detail – 01 pcs  1.01 cts   18k Ring : 3.23 gram  Triangle : 02 / 0.13 WD : 32 / 0.18,"https://colourdiam.com/Product/Jewellery/Model%20images/2593/3A19A6C7-82D9-4526-A472-5A0AA65E03CA.jpeg
https://colourdiam.com/Product/Jewellery/Model%20images/2593/B58138C4-039A-4E40-A632-D80BF33BCB16.jpeg
https://colourdiam.com/Product/Jewellery/Model%20images/2593/center.jpeg
https://colourdiam.com/Product/Jewellery/Model%20images/2593/colour-diam-model-images-62.jpeg
https://colourdiam.com/Product/Jewellery/Model%20images/2593/colour-diam-model-images-63.jpeg
https://colourdiam.com/Product/Jewellery/Model%20images/2593/colour-diam-model-images-64.jpeg",in stock,new,245863.96 THB,https://colourdiam.com/productdetail/2593,https://www.colourdiam.com/Product/Jewellery/2593/white45/center.jpg,ColourDiam,Apparel & Accessories > Jewelry,,1,,,,unisex,,,adult,,,,,,,,,GIA,Fine Jewelry
7514,0.88 cts  Sapphire gem stone Main stone detail – 01 pcs  0.88 cts   18k Ring : 2.79 gram  WD : 18 / 0.15,"0.88 cts  Sapphire gem stone
Main stone detail – 01 pcs  0.88 cts  
18k Ring : 2.79 gram 
WD : 18 / 0.15",in stock,new,20803.87 THB,https://colourdiam.com/productdetail/7514,https://www.colourdiam.com/Product/Jewellery/7514/white45/center.jpg,ColourDiam,Apparel & Accessories > Jewelry,,1,,,,unisex,,,adult,,,,,,,,,,Fine Jewelry
7451,18k Ring : 2.14 gram  WD : 21/ 0.38,"18k Ring : 2.14 gram 
WD : 21/ 0.38",in stock,new,17399.6 THB,https://colourdiam.com/productdetail/7451,https://www.colourdiam.com/Product/Jewellery/7451/white45/center.jpg,ColourDiam,Apparel & Accessories > Jewelry,,1,,,,unisex,,,adult,,,,,,,,,,Fine Jewelry
7431,0.33 cts bugget diamonds vs 18 k Ring Gross weight 3.45 gram  Main stone - 8 pcs - 0.33 cts  Side white diamonds – 46  pcs – 0.54 cts,"0.33 cts bugget diamonds vs
18 k Ring
Gross weight 3.45 gram 
Main stone - 8 pcs - 0.33 cts 
Side white diamonds – 46  pcs – 0.54 cts",in stock,new,54846.58 THB,,https://www.colourdiam.com/Product/Jewellery/7431/white45/center.jpg,ColourDiam,Apparel & Accessories > Jewelry,,1,,,,unisex,,,adult,,,,,,,,,,Fine Jewelry
7510,1.22 cts  sapphire gem stone 18 k ring   Gross weight 3.45 gram  Main stone - 1 pcs - 1.22 cts  Side Round White Diamonds - 12 pcs - 0.40 cts,"1.22 cts  sapphire gem stone
18 k ring  
Gross weight 3.45 gram 
Main stone - 1 pcs - 1.22 cts 
Side Round White Diamonds - 12 pcs - 0.40 cts",in stock,new,34042.7 THB,,https://www.colourdiam.com/Product/Jewellery/7510/white45/center.jpg,ColourDiam,Apparel & Accessories > Jewelry,,1,,,,unisex,,,adult,,,,,,,,,,Fine Jewelry
7498,Full Eternity  Diamond Ring Main stone   - F To G Main Stone Clarity - VS - VVS 18 k ring   Gross weight 2.17gram  Main stone - 26 pcs - 1.25 cts,"Full Eternity  Diamond Ring
Main stone   - F To G
Main Stone Clarity - VS - VVS
18 k ring  
Gross weight 2.17gram 
Main stone - 26 pcs - 1.25 cts",in stock,new,47281.53 THB,https://colourdiam.com/productdetail/7498,https://www.colourdiam.com/Product/Jewellery/7498/white45/center.jpg,ColourDiam,Apparel & Accessories > Jewelry,,1,,,,unisex,,,adult,,,,,,,,,,Fine Jewelry
7499,"Nine Diamond Ring Main stone detail – 09 pcs – 0.44 cts Diamond colour - F to G Diamond Clarity - VS to SI 18k Ring : 2.63gram","Nine Diamond Ring
Main stone detail – 09 pcs – 0.44 cts
Diamond colour - F to G
Diamond Clarity - VS to SI
18k Ring : 2.63gram",in stock,new,30260.18 THB,,https://www.colourdiam.com/Product/Jewellery/7499/white45/center.jpg,ColourDiam,Apparel & Accessories > Jewelry,,1,,,,unisex,F to G,,adult,,,,,,,,,,Fine Jewelry
7501,0.31 cts bugget diamonds Si1  18 k Ring Gross weight 2.91 gram  Main stone - 39 pcs -0.31 cts  Side white diamonds – 36  pcs – 0.28 cts,"0.31 cts bugget diamonds Si1 
18 k Ring
Gross weight 2.91 gram 
Main stone - 39 pcs -0.31 cts 
Side white diamonds – 36  pcs – 0.28 cts",in stock,new,28368.92 THB,https://colourdiam.com/productdetail/7501,https://www.colourdiam.com/Product/Jewellery/7501/white45/center.jpg,ColourDiam,Apparel & Accessories > Jewelry,,1,,,,unisex,,,adult,,,,,,,,,,Fine Jewelry
7496,18 k ring Gross weight 3.13 gram  Main stone   -  120 pcs   - 0.38 ct Diamond colour - F to G Diamond Clarity - VS to Si,"18 k ring
Gross weight 3.13 gram 
Main stone   -  120 pcs   - 0.38 ct
Diamond colour - F to G
Diamond Clarity - VS to Si",in stock,new,16832.23 THB,,https://www.colourdiam.com/Product/Jewellery/7496/white45/center.jpg,ColourDiam,Apparel & Accessories > Jewelry,,1,,,,unisex,F to G,,adult,,,,,,,,,,Fine Jewelry
7500,Half Eternity Diamond Ring Main stone Colour  - 11 pcs - 0.47 cts  18 k ring   Gross weight 3.12 gram  Main stone - 11 pcs - 0.47ct,"Half Eternity Diamond Ring
Main stone Colour  - 11 pcs - 0.47 cts 
18 k ring  
Gross weight 3.12 gram 
Main stone - 11 pcs - 0.47ct",in stock,new,20803.87 THB,,https://www.colourdiam.com/Product/Jewellery/7500/white45/center.jpg,ColourDiam,Apparel & Accessories > Jewelry,,1,,,,unisex,,,adult,,,,,,,,,,Fine Jewelry
3576_3578_3879_3577_3580,5 DIAMONDS RING  Main stone detail - 0.19 CTS  E VS2. IGI                                  0.19 CTS  E VS2. IGI                                  0.19 CTS  D VS2. IGI                                  0,"https://colourdiam.com/Product/Jewellery/Model%20images/3576_3578_3879_3577_3580/center.jpeg
https://colourdiam.com/Product/Jewellery/Model%20images/3576_3578_3879_3577_3580/colour-diam-model-images-100.jpeg
https://colourdiam.com/Product/Jewellery/Model%20images/3576_3578_3879_3577_3580/colour-diam-model-images-101.jpeg",in stock,new,75650.45 THB,https://colourdiam.com/productdetail/Menu/3576/3578/3879/3577/3580,https://www.colourdiam.com/Product/Jewellery/3576_3578_3879_3577_3580/white45/center.jpg,ColourDiam,Apparel & Accessories > Jewelry,,1,,,,unisex,,,adult,,,,,,,,,IGI,Fine Jewelry
7523,Double  diamond cross Eternity Diamond Ring Main stone - Round Diamonds - 16 pcs - 0.46                       Diamond colour - F to G Diamond Clarity - VS to Si 18 k ring   Gross weight 2.23 gram,"https://colourdiam.com/Product/Jewellery/Model%20images/7523/center.jpeg
https://colourdiam.com/Product/Jewellery/Model%20images/7523/colour-diam-model-images-389.jpeg",in stock,new,28368.92 THB,https://colourdiam.com/productdetail/7523,https://www.colourdiam.com/Product/Jewellery/7523/white45/center.jpg,ColourDiam,Apparel & Accessories > Jewelry,,1,,,,unisex,F to G,,adult,,,,,,,,,,Fine Jewelry
7495,Full Diamond Ring Main stone   -  120 pcs   - 0.40 cts        Diamond colour - F to G Diamond Clarity - VS to Si 18 k ring   Gross weight 3.13 gram,"https://colourdiam.com/Product/Jewellery/Model%20images/7495/center.jpeg
https://colourdiam.com/Product/Jewellery/Model%20images/7495/colour-diam-model-images-378.jpeg",in stock,new,17021.35 THB,https://colourdiam.com/productdetail/7495,https://www.colourdiam.com/Product/Jewellery/7495/white45/center.jpg,ColourDiam,Apparel & Accessories > Jewelry,,1,,,,unisex,F to G,,adult,,,,,,,,,,Fine Jewelry
7493,Five  Diamond Ring Main stone Colour  -  Round Diamonds -  5 pcs   - 0.41 Diamond colour - F to G Diamond Clarity - VS to SI 18 k ring   Gross weight 3.57 gram,"https://colourdiam.com/Product/Jewellery/Model%20images/7493/center.jpeg
https://colourdiam.com/Product/Jewellery/Model%20images/7493/colour-diam-model-images-377.jpeg",in stock,new,28368.92 THB,https://colourdiam.com/productdetail/7493,https://www.colourdiam.com/Product/Jewellery/7493/white45/center.jpg,ColourDiam,Apparel & Accessories > Jewelry,,1,,,,unisex,F to G,,adult,,,,,,,,,,Fine Jewelry
7521,Five  Diamond Ring Main stone Colour  -  Round Diamonds -  5 pcs   - 0.25 Diamond colour - D to F Diamond Clarity - VS to VVS 18 k ring   Gross weight 3.03gram,"Five  Diamond Ring
Main stone Colour  -  Round Diamonds -  5 pcs   - 0.25
Diamond colour - D to F
Diamond Clarity - VS to VVS
18 k ring  
Gross weight 3.03gram",in stock,new,32529.69 THB,,https://www.colourdiam.com/Product/Jewellery/7521/white45/center.jpg,ColourDiam,Apparel & Accessories > Jewelry,,1,,,,unisex,D to F,,adult,,,,,,,,,,Fine Jewelry
7520,Five Diamond Ring Main stone Colour  - D to F Main Stone Clarity - VS - VVS 18 k ring   Gross weight 4.10 gram  Main stone - 5 pcs - 0.36 cts,"Five Diamond Ring
Main stone Colour  - D to F
Main Stone Clarity - VS - VVS
18 k ring  
Gross weight 4.10 gram 
Main stone - 5 pcs - 0.36 cts",in stock,new,28368.92 THB,https://colourdiam.com/productdetail/7520,https://www.colourdiam.com/Product/Jewellery/7520/white45/center.jpg,ColourDiam,Apparel & Accessories > Jewelry,,1,,,,unisex,,,adult,,,,,,,,,,Fine Jewelry
7497,18 k ring   Gross weight 4.49 gram  White side diamonds - 29 pcs -0.25 ct,"18 k ring  
Gross weight 4.49 gram 
White side diamonds - 29 pcs -0.25 ct",in stock,new,35933.96 THB,https://colourdiam.com/productdetail/7497,https://www.colourdiam.com/Product/Jewellery/7497/white45/center.jpg,ColourDiam,Apparel & Accessories > Jewelry,,1,,,,unisex,,,adult,,,,,,,,,,Fine Jewelry
7439,Main stone detail -0.88 sapphire   18 k ring Gross weight 2.71  gram  Main stone - 1 pcs - 0.88cts  Side white diamons – 16  pcs – 0.17 cts,"Main stone detail -0.88 sapphire  
18 k ring
Gross weight 2.71  gram 
Main stone - 1 pcs - 0.88cts 
Side white diamons – 16  pcs – 0.17 cts",in stock,new,22695.14 THB,https://colourdiam.com/productdetail/7439,https://www.colourdiam.com/Product/Jewellery/7439/white45/center.jpg,ColourDiam,Apparel & Accessories > Jewelry,,1,,,,unisex,,,adult,,,,,,,,,,Fine Jewelry
7494,1.19 cts  sapphire gem stone 18 k ring   Gross weight 2.67 gram  Main stone - 1 pcs - 1.19 cts  Side Round White Diamonds -16 pcs - 0.135 cts,"1.19 cts  sapphire gem stone
18 k ring  
Gross weight 2.67 gram 
Main stone - 1 pcs - 1.19 cts 
Side Round White Diamonds -16 pcs - 0.135 cts",in stock,new,24586.4 THB,,https://www.colourdiam.com/Product/Jewellery/7494/white45/center.jpg,ColourDiam,Apparel & Accessories > Jewelry,,1,,,,unisex,,,adult,,,,,,,,,,Fine Jewelry
7438,0.88  sapphire   18 k ring Gross weight 2.79  gram  Main stone  - 1 pcs - 0.88 cts  Side white diamons – 16  pcs – 0.17 cts,"0.88  sapphire  
18 k ring
Gross weight 2.79  gram 
Main stone  - 1 pcs - 0.88 cts 
Side white diamons – 16  pcs – 0.17 cts",in stock,new,22695.14 THB,https://colourdiam.com/productdetail/7438,https://www.colourdiam.com/Product/Jewellery/7438/white45/center.jpg,ColourDiam,Apparel & Accessories > Jewelry,,1,,,,unisex,,,adult,,,,,,,,,,Fine Jewelry
7434,BRACELET 18K BRACELET 7.13 Gram WD - 77 - 1.98,"BRACELET
18K BRACELET 7.13 Gram
WD - 77 - 1.98",in stock,new,81324.23 THB,,https://www.colourdiam.com/Product/Jewellery/7434/white45/center.jpg,ColourDiam,Apparel & Accessories > Jewelry,,1,,,,unisex,,,adult,,,,,,,,,,Fine Jewelry
7285,"DIAMOND BRACELET MAIN STONE - 80 - 2.09 18K BRACELET 10.448 Gram","https://colourdiam.com/Product/Jewellery/Model%20images/7285/center.jpeg
https://colourdiam.com/Product/Jewellery/Model%20images/7285/WhatsApp%20Image%202025-09-26%20at%2019.56.16_e7da96d7.jpeg
https://colourdiam.com/Product/Jewellery/Model%20images/7285/WhatsApp%20Image%202025-09-26%20at%2019.56.16_33cb33b8.jpeg
https://colourdiam.com/Product/Jewellery/Model%20images/7285/WhatsApp%20Image%202025-09-26%20at%2019.56.16_4f7087b9.jpeg
https://colourdiam.com/Product/Jewellery/Model%20images/7285/WhatsApp%20Image%202025-09-26%20at%2019.56.16_be03c646.jpeg",in stock,new,151300.9 THB,https://colourdiam.com/productdetail/7285,https://www.colourdiam.com/Product/Jewellery/7285/white45/center.jpg,ColourDiam,Apparel & Accessories > Jewelry,,1,,,,unisex,,,adult,,,,,,,,,,Fine Jewelry
8612,"Multi Coloured Sapphire Tennis Bracelet 9K Bracelet : 18.65 gram  Sapphire : 49 / 8.63","https://colourdiam.com/Product/Jewellery/Model%20images/8612/1.jpeg
https://colourdiam.com/Product/Jewellery/Model%20images/8612/2.jpeg
https://colourdiam.com/Product/Jewellery/Model%20images/8612/3.jpeg
https://colourdiam.com/Product/Jewellery/Model%20images/8612/4.jpeg
https://colourdiam.com/Product/Jewellery/Model%20images/8612/center.jpeg",in stock,new,85106.76 THB,https://colourdiam.com/productdetail/8612,https://www.colourdiam.com/Product/Jewellery/8612/white45/center.jpg,ColourDiam,Apparel & Accessories > Jewelry,,1,,,,unisex,,,adult,,,,,,,,,,Fine Jewelry
6110,1.00 cts Faint Pinkish Brown VS2 Main stone detail – 01 pcs  1.00 cts   18k Ring : 5.968 gram  MQ : 08 / 0.890 WD : 47 / 0.34 HEART : 08 / 1.632,"https://colourdiam.com/Product/Jewellery/Model%20images/6110/center.jpeg
https://colourdiam.com/Product/Jewellery/Model%20images/6110/colour-diam-model-images-287.jpeg
https://colourdiam.com/Product/Jewellery/Model%20images/6110/colour-diam-model-images-288.jpeg
https://colourdiam.com/Product/Jewellery/Model%20images/6110/colour-diam-model-images-289.jpeg
https://colourdiam.com/Product/Jewellery/Model%20images/6110/WhatsApp%20Image%202025-10-01%20at%2023.52.44_aef035e9.jpeg
https://colourdiam.com/Product/Jewellery/Model%20images/6110/WhatsApp%20Image%202025-10-01%20at%2023.52.45_0c3179d8.jpeg",in stock,new,680854.05 THB,https://colourdiam.com/productdetail/6110,https://www.colourdiam.com/Product/Jewellery/6110/white45/center.jpg,ColourDiam,Apparel & Accessories > Jewelry,,1,,,,unisex,,,adult,,,,,,,,,GIA,Fine Jewelry
8473,0.16 cts Yellow Gold Bracelet Main stone detail – 20 pcs  0.16 cts   9K Bracelet : 5.040 gram,"0.16 cts Yellow Gold Bracelet
Main stone detail – 20 pcs  0.16 cts  
9K Bracelet : 5.040 gram",in stock,new,25532.03 THB,https://colourdiam.com/productdetail/8473,https://www.colourdiam.com/Product/Jewellery/8473/white45/center.jpg,ColourDiam,Apparel & Accessories > Jewelry,,1,,,,unisex,,,adult,,,,,,,,,,Fine Jewelry
8474,0.17 cts Yellow Gold Bracelet Main stone detail – 20 pcs  0.17 cts   9K Bracelet : 5.480 gram,"0.17 cts Yellow Gold Bracelet
Main stone detail – 20 pcs  0.17 cts  
9K Bracelet : 5.480 gram",in stock,new,25532.03 THB,https://colourdiam.com/productdetail/8474,https://www.colourdiam.com/Product/Jewellery/8474/white45/center.jpg,ColourDiam,Apparel & Accessories > Jewelry,,1,,,,unisex,,,adult,,,,,,,,,,Fine Jewelry
8477,0.16 cts Yellow Gold Bracelet Main stone detail – 20 pcs  0.16 cts   9K Bracelet : 5.460 gram,"0.16 cts Yellow Gold Bracelet
Main stone detail – 20 pcs  0.16 cts  
9K Bracelet : 5.460 gram",in stock,new,25532.03 THB,https://colourdiam.com/productdetail/8477,https://www.colourdiam.com/Product/Jewellery/8477/white45/center.jpg,ColourDiam,Apparel & Accessories > Jewelry,,1,,,,unisex,,,adult,,,,,,,,,,Fine Jewelry
8480,0.16 cts Yellow Gold Bracelet Main stone detail – 20 pcs  0.16 cts   9K Bracelet : 5.180 gram,"0.16 cts Yellow Gold Bracelet
Main stone detail – 20 pcs  0.16 cts  
9K Bracelet : 5.180 gram",in stock,new,25532.03 THB,,https://www.colourdiam.com/Product/Jewellery/8480/white45/center.jpg,ColourDiam,Apparel & Accessories > Jewelry,,1,,,,unisex,,,adult,,,,,,,,,,Fine Jewelry
7284,"Multi Coloured Sapphire Tennis Bracelet Main stone detail – 44 pcs – 7.74 cts 925 Silver Bracelet : 12.03 gram","Multi Coloured Sapphire Tennis Bracelet
Main stone detail – 44 pcs – 7.74 cts
925 Silver Bracelet : 12.03 gram",in stock,new,16643.1 THB,,https://www.colourdiam.com/Product/Jewellery/7284/white45/center.jpg,ColourDiam,Apparel & Accessories > Jewelry,,1,,,,unisex,,,adult,,,,,,,,,,Fine Jewelry
3510_3507_3508_3509,0.40 CTS D SI2.      0.21  CTS E SI2  IGI     0.19. CTS E SI1. IGI    0.19  CTS D SI2  IGI    0.20 CTS F SI1. IGI Main stone detail –  5 pcs - 1.21 cts 18k Ring : 4.07 gram,"0.40 CTS D SI2. 
    0.21  CTS E SI2  IGI
    0.19. CTS E SI1. IGI
   0.19  CTS D SI2  IGI
   0.20 CTS F SI1. IGI
Main stone detail –  5 pcs - 1.21 cts
18k Ring : 4.07 gram",in stock,new,56737.84 THB,https://colourdiam.com/productdetail/Menu/3510/3507/3508/3509,https://www.colourdiam.com/Product/Jewellery/3510_3507_3508_3509/white45/center.jpg,ColourDiam,Apparel & Accessories > Jewelry,,1,,,,unisex,,,adult,,,,,,,,,,Fine Jewelry
7581,2.03 Fancy Pinkish Brown VS2 Main stone – 01 pcs 2.03 cts 18 K Ring: 8.01 gram  WD: 66 / 0.504 MQ : 12 / 1.04 PEAR : 10 / 1.0,"https://colourdiam.com/Product/Jewellery/Model%20images/7581/center.jpeg
https://colourdiam.com/Product/Jewellery/Model%20images/7581/colour-diam-model-images-391.jpeg",in stock,new,1323882.88 THB,https://colourdiam.com/productdetail/7581,https://www.colourdiam.com/Product/Jewellery/7581/white45/center.jpg,ColourDiam,Apparel & Accessories > Jewelry,,1,,,,unisex,,,adult,,,,,,,,,GIA,Fine Jewelry
7573_7575_6515,2.00 FANCY BLUE VS 18 KT EARRING MAIN STONE 2 PCS-2.00 CTS GROSS WT 8.31   WD : 28 / 0.244  PEAR : 28 -1.19  PINK : 50 / 0.611  BULLET : 2 / 0.32,"2.00 FANCY BLUE VS
18 KT EARRING
MAIN STONE 2 PCS-2.00 CTS
GROSS WT 8.31  
WD : 28 / 0.244 
PEAR : 28 -1.19 
PINK : 50 / 0.611 
BULLET : 2 / 0.32",in stock,new,567378.38 THB,https://colourdiam.com/productdetail/Menu/7573/7575/6515,https://www.colourdiam.com/Product/Jewellery/7573_7575_6515/white45/center.jpg,ColourDiam,Apparel & Accessories > Jewelry,,1,,,,unisex,,,adult,,,,,,,,,AGL,Fine Jewelry
7565,1.73 cts Fancy Pink VS  Main stone – 01 pcs   1.73 cts 18K Ring: 6.098 gram  WD : 24 / 0.22 PEAR : 10 / 1.94 BAGUETTE: 10 / 0.21,"1.73 cts Fancy Pink VS 
Main stone – 01 pcs   1.73 cts
18K Ring: 6.098 gram 
WD : 24 / 0.22
PEAR : 10 / 1.94
BAGUETTE: 10 / 0.21",in stock,new,378252.25 THB,https://colourdiam.com/productdetail/7565,https://www.colourdiam.com/Product/Jewellery/7565/white45/center.jpg,ColourDiam,Apparel & Accessories > Jewelry,,1,,,,unisex,,,adult,,,,,,,,,AGL,Fine Jewelry
8409,0.61 Light Pink VVS2 Main stone – 01 pcs 2.01 cts 18K Necklace: 17.26 gram  PINK: 13 / 1.04 ROSE: 77 / 6.51,https://colourdiam.com/Product/Jewellery/Model%20images/8409/center.jpeg,in stock,new,945630.63 THB,https://colourdiam.com/productdetail/8409,https://www.colourdiam.com/Product/Jewellery/8409/white45/center.jpg,ColourDiam,Apparel & Accessories > Jewelry,,1,,,,unisex,,,adult,,,,,,,,,GIA,Fine Jewelry
8417,0.46 Fancy Green SI Main stone – 01 pcs 0.46 cts 18k Ring: 4.05 gram  WD: 64/ 0.48,"0.46 Fancy Green SI
Main stone – 01 pcs 0.46 cts
18k Ring: 4.05 gram 
WD: 64/ 0.48",in stock,new,132388.29 THB,https://colourdiam.com/productdetail/8417,https://www.colourdiam.com/Product/Jewellery/8417/white45/center.jpg,ColourDiam,Apparel & Accessories > Jewelry,,1,,,,unisex,,,adult,,,,,,,,,AGL,Fine Jewelry
8400,31.60 ct Semi precious stone Main stone – 01 pcs  31.60 cts 18K Ring: 17.290 gram  WD : 483 / 2.18 BAGUETTE : 27 / 0.39,"31.60 ct Semi precious stone
Main stone – 01 pcs  31.60 cts
18K Ring: 17.290 gram
 WD : 483 / 2.18
BAGUETTE : 27 / 0.39",in stock,new,83215.5 THB,,https://www.colourdiam.com/Product/Jewellery/8400/white45/center.jpg,ColourDiam,Apparel & Accessories > Jewelry,,1,,,,unisex,,,adult,,,,,,,,,,Fine Jewelry
8401,0.70 cts Blue Sapphire Main stone – 168 pcs  0.70 cts 18K Ring: 8.100 gram WD: 105 / 1.08,"0.70 cts Blue Sapphire
Main stone – 168 pcs  0.70 cts
18K Ring: 8.100 gram
WD: 105 / 1.08",in stock,new,79432.97 THB,,https://www.colourdiam.com/Product/Jewellery/8401/white45/center.jpg,ColourDiam,Apparel & Accessories > Jewelry,,1,,,,unisex,,,adult,,,,,,,,,,Fine Jewelry
8402,0.16 cts Round Ruby Main stone – 36 pcs  0.16 cts 18K Ring: 2.870 gram WD: 97 / 0.38,"0.16 cts Round Ruby
Main stone – 36 pcs  0.16 cts
18K Ring: 2.870 gram
WD: 97 / 0.38",in stock,new,28368.92 THB,,https://www.colourdiam.com/Product/Jewellery/8402/white45/center.jpg,ColourDiam,Apparel & Accessories > Jewelry,,1,,,,unisex,,,adult,,,,,,,,,,Fine Jewelry
8404,0.16 cts Round Blue Sapphire Main stone – 36 pcs  0.16 cts 18K Ring: 2.80 gram WD: 97 / 0.38,"0.16 cts Round Blue Sapphire
Main stone – 36 pcs  0.16 cts
18K Ring: 2.80 gram
WD: 97 / 0.38",in stock,new,26477.66 THB,,https://www.colourdiam.com/Product/Jewellery/8404/white45/center.jpg,ColourDiam,Apparel & Accessories > Jewelry,,1,,,,unisex,,,adult,,,,,,,,,,Fine Jewelry
8424,Pink colour diamonds 18k Braclet : 6.454 gram  Main stone - 05 pcs / 0.55 cts  WD : 216 pcs / 0.88 cts,"Pink colour diamonds
18k Braclet : 6.454 gram 
Main stone - 05 pcs / 0.55 cts 
WD : 216 pcs / 0.88 cts",in stock,new,78487.34 THB,,https://www.colourdiam.com/Product/Jewellery/8424/white45/center.jpg,ColourDiam,Apparel & Accessories > Jewelry,,1,,,,unisex,,,adult,,,,,,,,,AGL,Fine Jewelry
8425,mix colour diamonds 18 k Braclet : 12.671 gram  Main stone - 05 pcs / 0.58 cts  WD : 186 pcs / 2.57 cts,"mix colour diamonds
18 k Braclet : 12.671 gram 
Main stone - 05 pcs / 0.58 cts 
WD : 186 pcs / 2.57 cts",in stock,new,159811.58 THB,https://colourdiam.com/productdetail/8425,https://www.colourdiam.com/Product/Jewellery/8425/white45/center.jpg,ColourDiam,Apparel & Accessories > Jewelry,,1,,,,unisex,,,adult,,,,,,,,,,Fine Jewelry
7332,1.75 cts Blue Sapphire Natural Main stone – 01 pcs   1.75 cts 18K Ring: 4.11 gram WD: 65 / 0.55,"1.75 cts Blue Sapphire Natural
Main stone – 01 pcs   1.75 cts
18K Ring: 4.11 gram
WD: 65 / 0.55",in stock,new,83215.5 THB,,https://www.colourdiam.com/Product/Jewellery/7332/white45/center.jpg,ColourDiam,Apparel & Accessories > Jewelry,,1,,,,unisex,,,adult,,,,,,,,,GII,Fine Jewelry
6102_6021,"3.01 CT U-V VS1 Main stone – 01 pcs  - 3.01 cts  18k Ring: 4.184 gram  Trapezoid: 02 / 0.45","3.01 CT U-V VS1
Main stone – 01 pcs  - 3.01 cts 
18k Ring: 4.184 gram 
Trapezoid: 02 / 0.45",in stock,new,453902.7 THB,https://colourdiam.com/productdetail/Menu/6102/6021,https://www.colourdiam.com/Product/Jewellery/6102_6021/white45/center.jpg,ColourDiam,Apparel & Accessories > Jewelry,,1,,,,unisex,,,adult,,,,,,,,,GIA,Fine Jewelry
8012,0.71 cts Faint Pinkish Brown VS2 Main stone - 01 pcs   0.71 cts 18K Ring : 7.67 gram WD: 58 / 0.59 PEAR: 20 / 2.02 PINK: 22 / 0.12,"0.71 cts Faint Pinkish Brown VS2
Main stone - 01 pcs   0.71 cts
18K Ring : 7.67 gram
WD: 58 / 0.59
PEAR: 20 / 2.02
PINK: 22 / 0.12",in stock,new,453902.7 THB,https://colourdiam.com/productdetail/8012,https://www.colourdiam.com/Product/Jewellery/8012/white45/center.jpg,ColourDiam,Apparel & Accessories > Jewelry,,1,,,,unisex,,,adult,,,,,,,,,GIA,Fine Jewelry
8481,1.00 cts mix colour diamonds 18 k Bracelet : 6.35 gram  Main stone - 05 pcs - 1.00 cts  WD : 0.89 YD : 28 / 0.14 PINK: 12 / 0.07,"https://colourdiam.com/Product/Jewellery/Model%20images/8481/1.jpeg
https://colourdiam.com/Product/Jewellery/Model%20images/8481/center.jpeg",in stock,new,83215.5 THB,https://colourdiam.com/productdetail/8481,https://www.colourdiam.com/Product/Jewellery/8481/white45/center.jpg,ColourDiam,Apparel & Accessories > Jewelry,,1,,,,unisex,,,adult,,,,,,,,,NON CERTIFIED,Fine Jewelry
8482,1.00 cts mix colour diamonds 18 k Bracelet : 6.35 gram  Main stone - 05 pcs - 1.00 cts  WD : 0.89 YD : 28 / 0.14 PINK: 12 / 0.07,"https://colourdiam.com/Product/Jewellery/Model%20images/8482/1.jpeg
https://colourdiam.com/Product/Jewellery/Model%20images/8482/center.jpeg",in stock,new,83215.5 THB,https://colourdiam.com/productdetail/8482,https://www.colourdiam.com/Product/Jewellery/8482/white45/center.jpg,ColourDiam,Apparel & Accessories > Jewelry,,1,,,,unisex,,,adult,,,,,,,,,NON CERTIFIED,Fine Jewelry
8483,1.00 cts mix colour diamonds 18 k Bracelet : 6.35 gram  Main stone - 05 pcs - 1.00 cts  WD : 0.89 YD : 28 / 0.14 PINK: 12 / 0.07,"https://colourdiam.com/Product/Jewellery/Model%20images/8483/1.jpeg
https://colourdiam.com/Product/Jewellery/Model%20images/8483/center.jpeg",in stock,new,83215.5 THB,https://colourdiam.com/productdetail/8483,https://www.colourdiam.com/Product/Jewellery/8483/white45/center.jpg,ColourDiam,Apparel & Accessories > Jewelry,,1,,,,unisex,,,adult,,,,,,,,,NON CERTIFIED,Fine Jewelry
8484,1.00 cts mix colour diamonds 18 k Bracelet : 6.35 gram  Main stone - 05 pcs - 1.00 cts  WD : 0.89 YD : 28 / 0.14 PINK: 12 / 0.07,"https://colourdiam.com/Product/Jewellery/Model%20images/8484/1.jpeg
https://colourdiam.com/Product/Jewellery/Model%20images/8484/center.jpeg",in stock,new,83215.5 THB,https://colourdiam.com/productdetail/8484,https://www.colourdiam.com/Product/Jewellery/8484/white45/center.jpg,ColourDiam,Apparel & Accessories > Jewelry,,1,,,,unisex,,,adult,,,,,,,,,NON CERTIFIED,Fine Jewelry
8485,"0.16 cts Fancy Pink Main stone – 1 pcs 0.16 cts 18k Ring : 4.0 gram  WD : 0.34","https://colourdiam.com/Product/Jewellery/Model%20images/8485/1.jpeg
https://colourdiam.com/Product/Jewellery/Model%20images/8485/center.jpeg
https://colourdiam.com/Product/Jewellery/Model%20images/8485/WhatsApp%20Image%202025-10-03%20at%2014.51.08_5dab0ce0.jpeg
https://colourdiam.com/Product/Jewellery/Model%20images/8485/WhatsApp%20Image%202025-10-03%20at%2014.51.09_be87be2d.jpeg",in stock,new,83215.5 THB,https://colourdiam.com/productdetail/8485,https://www.colourdiam.com/Product/Jewellery/8485/white45/center.jpg,ColourDiam,Apparel & Accessories > Jewelry,,1,,,,unisex,,,adult,,,,,,,,,,Fine Jewelry
8487,0.20 cts Fancy Pink  Main stone – 2 pcs 0.20 cts 18k Earring : 3.0 gram  WD : 0.50 cts,"https://colourdiam.com/Product/Jewellery/Model%20images/8487/center.jpeg
https://colourdiam.com/Product/Jewellery/Model%20images/8487/WhatsApp%20Image%202025-10-03%20at%2014.51.08_5dab0ce0.jpeg
https://colourdiam.com/Product/Jewellery/Model%20images/8487/WhatsApp%20Image%202025-10-03%20at%2014.51.08_be550613.jpeg",in stock,new,0 THB,https://colourdiam.com/productdetail/8487,https://www.colourdiam.com/Product/Jewellery/8487/white45/center.jpg,ColourDiam,Apparel & Accessories > Jewelry,,1,,,,unisex,,,adult,,,,,,,,,,Fine Jewelry
8489,0.16 cts Fancy Pink Main stone – 1 pcs 0.16 cts 18k Pendant : 3.9 gram  WD : 0.34,"https://colourdiam.com/Product/Jewellery/Model%20images/8489/center.jpeg
https://colourdiam.com/Product/Jewellery/Model%20images/8489/WhatsApp%20Image%202025-10-03%20at%2014.51.08_5dab0ce0.jpeg
https://colourdiam.com/Product/Jewellery/Model%20images/8489/WhatsApp%20Image%202025-10-03%20at%2014.51.09_3f385574.jpeg",in stock,new,0 THB,https://colourdiam.com/productdetail/8489,https://www.colourdiam.com/Product/Jewellery/8489/white45/center.jpg,ColourDiam,Apparel & Accessories > Jewelry,,1,,,,unisex,,,adult,,,,,,,,,,Fine Jewelry
8486,"0.16 cts Fancy Pink Main stone – 1 pcs 0.16 cts 18k Ring : 4.0 gram  WD : 0.34","https://colourdiam.com/Product/Jewellery/Model%20images/8486/1.jpeg
https://colourdiam.com/Product/Jewellery/Model%20images/8486/center.jpeg
https://colourdiam.com/Product/Jewellery/Model%20images/8486/WhatsApp%20Image%202025-10-03%20at%2014.51.08_5dab0ce0.jpeg
https://colourdiam.com/Product/Jewellery/Model%20images/8486/WhatsApp%20Image%202025-10-03%20at%2014.51.09_be87be2d.jpeg",in stock,new,83215.5 THB,https://colourdiam.com/productdetail/8486,https://www.colourdiam.com/Product/Jewellery/8486/white45/center.jpg,ColourDiam,Apparel & Accessories > Jewelry,,1,,,,unisex,,,adult,,,,,,,,,,Fine Jewelry
8488,0.20 cts Fancy Pink  Main stone – 2 pcs 0.20 cts 18k Earring : 3.0 gram  WD : 0.50 cts,"https://colourdiam.com/Product/Jewellery/Model%20images/8488/center.jpeg
https://colourdiam.com/Product/Jewellery/Model%20images/8488/WhatsApp%20Image%202025-10-03%20at%2014.51.08_5dab0ce0.jpeg
https://colourdiam.com/Product/Jewellery/Model%20images/8488/WhatsApp%20Image%202025-10-03%20at%2014.51.08_be550613.jpeg",in stock,new,0 THB,https://colourdiam.com/productdetail/8488,https://www.colourdiam.com/Product/Jewellery/8488/white45/center.jpg,ColourDiam,Apparel & Accessories > Jewelry,,1,,,,unisex,,,adult,,,,,,,,,,Fine Jewelry
8490,0.16 cts Fancy Pink Main stone – 1 pcs 0.16 cts 18k Pendant : 3.9 gram  WD : 0.34,"https://colourdiam.com/Product/Jewellery/Model%20images/8490/center.jpeg
https://colourdiam.com/Product/Jewellery/Model%20images/8490/WhatsApp%20Image%202025-10-03%20at%2014.51.08_5dab0ce0.jpeg
https://colourdiam.com/Product/Jewellery/Model%20images/8490/WhatsApp%20Image%202025-10-03%20at%2014.51.09_3f385574.jpeg",in stock,new,0 THB,https://colourdiam.com/productdetail/8490,https://www.colourdiam.com/Product/Jewellery/8490/white45/center.jpg,ColourDiam,Apparel & Accessories > Jewelry,,1,,,,unisex,,,adult,,,,,,,,,,Fine Jewelry
7179,4.49 cts  Faint Pink  VVS1 Main stone – 01 pcs 4.49 cts 18K Ring: 9.87 gram  WD : 56 / 0.49 PEAR: 16 / 1.64 PINK: 20 / 0.20,"https://colourdiam.com/Product/Jewellery/Model%20images/7179/123.jpeg
https://colourdiam.com/Product/Jewellery/Model%20images/7179/1616609-20250301-111507.jpeg
https://colourdiam.com/Product/Jewellery/Model%20images/7179/3844320-20250301-111508.jpeg
https://colourdiam.com/Product/Jewellery/Model%20images/7179/4345087-20250301-111508.jpeg
https://colourdiam.com/Product/Jewellery/Model%20images/7179/7544614-20250301-111508.jpeg
https://colourdiam.com/Product/Jewellery/Model%20images/7179/7888130-20250301-111507.jpeg
https://colourdiam.com/Product/Jewellery/Model%20images/7179/8045381-20250301-111508.jpeg
https://colourdiam.com/Product/Jewellery/Model%20images/7179/8516430-20250301-111508.jpeg
https://colourdiam.com/Product/Jewellery/Model%20images/7179/center.jpeg
https://colourdiam.com/Product/Jewellery/Model%20images/7179/colour-diam-model-images-343.jpeg
https://colourdiam.com/Product/Jewellery/Model%20images/7179/colour-diam-model-images-344.jpeg
https://colourdiam.com/Product/Jewellery/Model%20images/7179/colour-diam-model-images-345.jpeg
https://colourdiam.com/Product/Jewellery/Model%20images/7179/colour-diam-model-images-346.jpeg
https://colourdiam.com/Product/Jewellery/Model%20images/7179/colour-diam-model-images-348.jpeg
https://colourdiam.com/Product/Jewellery/Model%20images/7179/colour-diam-model-images-349.jpeg
https://colourdiam.com/Product/Jewellery/Model%20images/7179/colour-diam-model-images-350.jpeg
https://colourdiam.com/Product/Jewellery/Model%20images/7179/colour-diam-model-images-351.jpeg",in stock,new,9456306.25 THB,,https://www.colourdiam.com/Product/Jewellery/7179/white45/center.jpg,ColourDiam,Apparel & Accessories > Jewelry,,1,,,,unisex,,,adult,,,,,,,,,GIA,Fine Jewelry
8363,0.22 cts Fancy Pink  Main stone – 01 pcs 0.22 cts 18k Ring & Pendant Convertible : 5.08 gram  PEAR: 1.50 cts ROUND: 18 cts,"https://colourdiam.com/Product/Jewellery/Model%20images/8363/2.jpeg
https://colourdiam.com/Product/Jewellery/Model%20images/8363/4.jpeg
https://colourdiam.com/Product/Jewellery/Model%20images/8363/5.jpeg
https://colourdiam.com/Product/Jewellery/Model%20images/8363/center.jpeg",in stock,new,45390.27 THB,,https://www.colourdiam.com/Product/Jewellery/8363/white45/center.jpg,ColourDiam,Apparel & Accessories > Jewelry,,1,,,,unisex,,,adult,,,,,,,,,,Fine Jewelry
8098,0.22 cts Fancy Pink  Main stone – 01 pcs 0.22 cts 18k Ring & Pendant Convertible : 5.08 gram  PEAR: 1.50 cts ROUND: 18 cts,"https://colourdiam.com/Product/Jewellery/Model%20images/8098/2.jpeg
https://colourdiam.com/Product/Jewellery/Model%20images/8098/4.jpeg
https://colourdiam.com/Product/Jewellery/Model%20images/8098/5.jpeg
https://colourdiam.com/Product/Jewellery/Model%20images/8098/center.jpeg
https://colourdiam.com/Product/Jewellery/Model%20images/8098/colour-diam-model-images-421.jpeg
https://colourdiam.com/Product/Jewellery/Model%20images/8098/colour-diam-model-images-422.jpeg
https://colourdiam.com/Product/Jewellery/Model%20images/8098/colour-diam-model-images-423.jpeg
https://colourdiam.com/Product/Jewellery/Model%20images/8098/colour-diam-model-images-424.jpeg",in stock,new,45390.27 THB,https://colourdiam.com/productdetail/8098,https://www.colourdiam.com/Product/Jewellery/8098/white45/center.jpg,ColourDiam,Apparel & Accessories > Jewelry,,1,,,,unisex,,,adult,,,,,,,,,,Fine Jewelry
6158,1.01 cts  F COLOUR  VVS2 Main stone – 01 pcs 1.01 cts 18K Ring: 5.07 gram  WD : 66 / 0.80,"1.01 cts  F COLOUR  VVS2
Main stone – 01 pcs 1.01 cts
18K Ring: 5.07 gram 
WD : 66 / 0.80",in stock,new,170213.51 THB,,https://www.colourdiam.com/Product/Jewellery/6158/white45/center.jpg,ColourDiam,Apparel & Accessories > Jewelry,,1,,,,unisex,,,adult,,,,,,,,,GIA,Fine Jewelry
6115,1.00 cts  F COLOUR  VS1 Main stone – 01 pcs 1.00 cts 18K Ring: 3.12 gram  WD : 54 / 0.43,"1.00 cts  F COLOUR  VS1
Main stone – 01 pcs 1.00 cts
18K Ring: 3.12 gram 
WD : 54 / 0.43",in stock,new,136170.81 THB,,https://www.colourdiam.com/Product/Jewellery/6115/white45/center.jpg,ColourDiam,Apparel & Accessories > Jewelry,,1,,,,unisex,,,adult,,,,,,,,,GIA,Fine Jewelry
6160,1.00 cts  E COLOUR  VVS1 Main stone – 01 pcs 1.00 cts 18K Ring: 3.23 gram  WD : 66 / 0.49,"1.00 cts  E COLOUR  VVS1
Main stone – 01 pcs 1.00 cts
18K Ring: 3.23 gram 
WD : 66 / 0.49",in stock,new,170213.51 THB,,https://www.colourdiam.com/Product/Jewellery/6160/white45/center.jpg,ColourDiam,Apparel & Accessories > Jewelry,,1,,,,unisex,,,adult,,,,,,,,,GIA,Fine Jewelry
5320,1.01 cts  H COLOUR  VS2 Main stone – 01 pcs 1.01 cts 18K Ring: 2.91 gram  WD : 48 / 0.59,"1.01 cts  H COLOUR  VS2
Main stone – 01 pcs 1.01 cts
18K Ring: 2.91 gram 
WD : 48 / 0.59",in stock,new,139953.33 THB,,https://www.colourdiam.com/Product/Jewellery/5320/white45/center.jpg,ColourDiam,Apparel & Accessories > Jewelry,,1,,,,unisex,,,adult,,,,,,,,,GIA,Fine Jewelry
7352,0.82 cts sapphire ring  Main stone – 01 pcs   0.82 cts 18K Ring:  3.88 gram  WD : 20 / 0.09,"0.82 cts sapphire ring 
Main stone – 01 pcs   0.82 cts
18K Ring:  3.88 gram 
WD : 20 / 0.09",in stock,new,32151.44 THB,,https://www.colourdiam.com/Product/Jewellery/7352/white45/center.jpg,ColourDiam,Apparel & Accessories > Jewelry,,1,,,,unisex,,,adult,,,,,,,,,,Fine Jewelry
7355,0.94 cts sapphire ring  Main stone – 01 pcs   0.94 cts 18K Ring:  3.79 gram  WD : 18 / 0.08,"0.94 cts sapphire ring 
Main stone – 01 pcs   0.94 cts
18K Ring:  3.79 gram 
WD : 18 / 0.08",in stock,new,32529.69 THB,,https://www.colourdiam.com/Product/Jewellery/7355/white45/center.jpg,ColourDiam,Apparel & Accessories > Jewelry,,1,,,,unisex,,,adult,,,,,,,,,,Fine Jewelry
7356,0.79 cts sapphire ring  Main stone – 01 pcs   0.79 cts 18K Ring:  3.79 gram  WD : 18 / 0.08,"0.79 cts sapphire ring 
Main stone – 01 pcs   0.79 cts
18K Ring:  3.79 gram 
WD : 18 / 0.08",in stock,new,31394.94 THB,,https://www.colourdiam.com/Product/Jewellery/7356/white45/center.jpg,ColourDiam,Apparel & Accessories > Jewelry,,1,,,,unisex,,,adult,,,,,,,,,,Fine Jewelry
7357,0.70 cts sapphire ring  Main stone – 01 pcs   0.70 cts 18K Ring:  3.68 gram  WD : 20 / 0.08,"0.70 cts sapphire ring 
Main stone – 01 pcs   0.70 cts
18K Ring:  3.68 gram 
WD : 20 / 0.08",in stock,new,30260.18 THB,,https://www.colourdiam.com/Product/Jewellery/7357/white45/center.jpg,ColourDiam,Apparel & Accessories > Jewelry,,1,,,,unisex,,,adult,,,,,,,,,,Fine Jewelry
7358,0.66 cts sapphire ring  Main stone – 01 pcs   0.66 cts 18K Ring:  3.76 gram  WD : 20 / 0.10,"0.66 cts sapphire ring 
Main stone – 01 pcs   0.66 cts
18K Ring:  3.76 gram 
WD : 20 / 0.10",in stock,new,30449.31 THB,https://colourdiam.com/productdetail/7358,https://www.colourdiam.com/Product/Jewellery/7358/white45/center.jpg,ColourDiam,Apparel & Accessories > Jewelry,,1,,,,unisex,,,adult,,,,,,,,,,Fine Jewelry
7359,0.87 cts sapphire ring  Main stone – 01 pcs   0.87 cts 18K Ring:  3.91 gram  WD : 20 / 0.09,"0.87 cts sapphire ring 
Main stone – 01 pcs   0.87 cts
18K Ring:  3.91 gram 
WD : 20 / 0.09",in stock,new,32151.44 THB,https://colourdiam.com/productdetail/7359,https://www.colourdiam.com/Product/Jewellery/7359/white45/center.jpg,ColourDiam,Apparel & Accessories > Jewelry,,1,,,,unisex,,,adult,,,,,,,,,,Fine Jewelry
7360,0.94 cts sapphire ring  Main stone – 01 pcs   0.94 cts 18K Ring:  3.97 gram  WD : 20 / 0.11,"0.94 cts sapphire ring 
Main stone – 01 pcs   0.94 cts
18K Ring:  3.97 gram 
WD : 20 / 0.11",in stock,new,33664.45 THB,https://colourdiam.com/productdetail/7360,https://www.colourdiam.com/Product/Jewellery/7360/white45/center.jpg,ColourDiam,Apparel & Accessories > Jewelry,,1,,,,unisex,,,adult,,,,,,,,,,Fine Jewelry
7361,0.73 cts sapphire ring  Main stone – 01 pcs   0.73 cts 18K Ring:  3.87 gram  WD : 20 / 0.09,"0.73 cts sapphire ring 
Main stone – 01 pcs   0.73 cts
18K Ring:  3.87 gram 
WD : 20 / 0.09",in stock,new,31546.24 THB,https://colourdiam.com/productdetail/7361,https://www.colourdiam.com/Product/Jewellery/7361/white45/center.jpg,ColourDiam,Apparel & Accessories > Jewelry,,1,,,,unisex,,,adult,,,,,,,,,,Fine Jewelry
7362,0.50 cts sapphire ring  Main stone – 01 pcs   0.50 cts 18K Ring:  3.63 gram  WD : 18 / 0.08,"0.50 cts sapphire ring 
Main stone – 01 pcs   0.50 cts
18K Ring:  3.63 gram 
WD : 18 / 0.08",in stock,new,28368.92 THB,https://colourdiam.com/productdetail/7362,https://www.colourdiam.com/Product/Jewellery/7362/white45/center.jpg,ColourDiam,Apparel & Accessories > Jewelry,,1,,,,unisex,,,adult,,,,,,,,,,Fine Jewelry
7363,0.75 cts sapphire ring  Main stone – 01 pcs   0.75 cts 18K Ring:  3.77 gram  WD : 18 / 0.09,"0.75 cts sapphire ring 
Main stone – 01 pcs   0.75 cts
18K Ring:  3.77 gram 
WD : 18 / 0.09",in stock,new,31016.68 THB,,https://www.colourdiam.com/Product/Jewellery/7363/white45/center.jpg,ColourDiam,Apparel & Accessories > Jewelry,,1,,,,unisex,,,adult,,,,,,,,,,Fine Jewelry
7364,0.74 cts sapphire ring  Main stone – 01 pcs   0.74 cts 18K Ring:  3.71 gram  WD : 20 / 0.09,"0.74 cts sapphire ring 
Main stone – 01 pcs   0.74 cts
18K Ring:  3.71 gram 
WD : 20 / 0.09",in stock,new,30487.13 THB,,https://www.colourdiam.com/Product/Jewellery/7364/white45/center.jpg,ColourDiam,Apparel & Accessories > Jewelry,,1,,,,unisex,,,adult,,,,,,,,,,Fine Jewelry
7365,0.74 cts sapphire ring  Main stone – 01 pcs   0.74 cts 18K Ring:  3.93 gram  WD : 20 / 0.10,"0.74 cts sapphire ring 
Main stone – 01 pcs   0.74 cts
18K Ring:  3.93 gram 
WD : 20 / 0.10",in stock,new,37825.23 THB,,https://www.colourdiam.com/Product/Jewellery/7365/white45/center.jpg,ColourDiam,Apparel & Accessories > Jewelry,,1,,,,unisex,,,adult,,,,,,,,,,Fine Jewelry
7353,0.94 cts sapphire ring  Main stone – 01 pcs   0.94 cts 18K Ring:  3.79 gram  WD : 20 / 0.08,"0.94 cts sapphire ring 
Main stone – 01 pcs   0.94 cts
18K Ring:  3.79 gram 
WD : 20 / 0.08",in stock,new,32529.69 THB,,https://www.colourdiam.com/Product/Jewellery/7353/white45/center.jpg,ColourDiam,Apparel & Accessories > Jewelry,,1,,,,unisex,,,adult,,,,,,,,,,Fine Jewelry
7354,0.94 cts sapphire ring  Main stone – 01 pcs   0.94 cts 18K Ring:  3.83 gram  WD : 20 / 0.09,"0.94 cts sapphire ring 
Main stone – 01 pcs   0.94 cts
18K Ring:  3.83 gram 
WD : 20 / 0.09",in stock,new,32529.69 THB,,https://www.colourdiam.com/Product/Jewellery/7354/white45/center.jpg,ColourDiam,Apparel & Accessories > Jewelry,,1,,,,unisex,,,adult,,,,,,,,,,Fine Jewelry
8155,"0.235 CTS  Fancy  Brownish Yellow SI  Main stone – 01 pcs 0.235 cts 18K Ring: 1.73 gram  WD: 18 / 0.148","0.235 CTS  Fancy  Brownish Yellow SI 
Main stone – 01 pcs 0.235 cts
18K Ring: 1.73 gram 
WD: 18 / 0.148",in stock,new,37825.23 THB,,https://www.colourdiam.com/Product/Jewellery/8155/white45/center.jpg,ColourDiam,Apparel & Accessories > Jewelry,,1,,,,unisex,,,adult,,,,,,,,,AGL,Fine Jewelry
8605,"0.30 cts G COLOUR  Main stone – 01 pcs  0.30 cts 18K Ring: 2.75 gram","0.30 cts G COLOUR 
Main stone – 01 pcs  0.30 cts
18K Ring: 2.75 gram",in stock,new,15130.09 THB,,https://www.colourdiam.com/Product/Jewellery/8605/white45/center.jpg,ColourDiam,Apparel & Accessories > Jewelry,,1,,,,unisex,,,adult,,,,,,,,,,Fine Jewelry
7453,0.50 cts bugget diamonds VS Main stone – 10 pcs  0.50 cts 18K Earring: 4.18 gram  WD : 60 / 0.48,"0.50 cts bugget diamonds VS
Main stone – 10 pcs  0.50 cts
18K Earring: 4.18 gram 
WD : 60 / 0.48",in stock,new,56737.84 THB,,https://www.colourdiam.com/Product/Jewellery/7453/white45/center.jpg,ColourDiam,Apparel & Accessories > Jewelry,,1,,,,unisex,,,adult,,,,,,,,,,Fine Jewelry
7942,"0.185 CT Fancy Yellow VS  Main stone – 01 pcs  0.185 cts 18K ring: 1.91 gram  WD : 12 / 0.127","0.185 CT Fancy Yellow VS 
Main stone – 01 pcs  0.185 cts
18K ring: 1.91 gram 
WD : 12 / 0.127",in stock,new,37825.23 THB,https://colourdiam.com/productdetail/7942,https://www.colourdiam.com/Product/Jewellery/7942/white45/center.jpg,ColourDiam,Apparel & Accessories > Jewelry,,1,,,,unisex,,,adult,,,,,,,,,AGL,Fine Jewelry
8316,0.115 CT Fancy Pink Main stone - 03 pcs    0.115 cts 18k ring : 5.994 gram WD - 14 / 0.135,"0.115 CT Fancy Pink
Main stone - 03 pcs    0.115 cts
18k ring : 5.994 gram
WD - 14 / 0.135",in stock,new,56737.84 THB,https://colourdiam.com/productdetail/8316,https://www.colourdiam.com/Product/Jewellery/8316/white45/center.jpg,ColourDiam,Apparel & Accessories > Jewelry,,1,,,,unisex,,,adult,,,,,,,,,,Fine Jewelry
8613,0.35 Ct Blue Treated Ring Main stone- 10 pcs   0.35 cts 18k ring : 2.35 gram,"0.35 Ct Blue Treated Ring
Main stone- 10 pcs   0.35 cts
18k ring : 2.35 gram",in stock,new,17021.35 THB,,https://www.colourdiam.com/Product/Jewellery/8613/white45/center.jpg,ColourDiam,Apparel & Accessories > Jewelry,,1,,,,unisex,,,adult,,,,,,,,,,Fine Jewelry
7401_7402_7403_7405_7406,Pink Diamond Bracelet 0.36 Fancy Pink – Brown VS1 0.47 Fancy Pink – Brown SI1              0.31 Fancy Light Pinkish Brown SI1               0.34 Fancy Light Pinkish Brown SI2     0.25 Fancy Pinkish Br,https://colourdiam.com/Product/Jewellery/Model%20images/7401_7402_7403_7405_7406/center.jpeg,in stock,new,359339.64 THB,https://colourdiam.com/productdetail/Menu/7401/7402/7403/7405/7406,https://www.colourdiam.com/Product/Jewellery/7401_7402_7403_7405_7406/white45/center.jpg,ColourDiam,Apparel & Accessories > Jewelry,,1,,,,unisex,,,adult,,,,,,,,,GIA,Fine Jewelry
7942,0.185 CT Fancy Yellow VS Main stone – 01 pcs 0.185 cts 18 K Ring: 1.91 gram  WD : 12 / 0.127,"0.185 CT Fancy Yellow VS
Main stone – 01 pcs 0.185 cts
18 K Ring: 1.91 gram 
WD : 12 / 0.127",in stock,new,34042.7 THB,https://colourdiam.com/productdetail/7942,https://www.colourdiam.com/Product/Jewellery/7942/white45/center.jpg,ColourDiam,Apparel & Accessories > Jewelry,,1,,,,unisex,,,adult,,,,,,,,,AGL,Fine Jewelry
5026,1.00 cts F colour SI2 Main stone - 1 pcs  1.00 cts  18k Ring : 2.81 gram WD : 44 / 0.66,"1.00 cts F colour SI2
Main stone - 1 pcs  1.00 cts 
18k Ring : 2.81 gram
WD : 44 / 0.66",in stock,new,94563.06 THB,https://colourdiam.com/productdetail/5026,https://www.colourdiam.com/Product/Jewellery/5026/white45/center.jpg,ColourDiam,Apparel & Accessories > Jewelry,,1,,,,unisex,,,adult,,,,,,,,,IGI,Fine Jewelry
7652,2.71 Fancy Brownish Greenish Yellow VVS2 Main stone – 01 pcs 2.71 cts 18 K Ring: 8.93 gram  WD: 190 / 0.81 PINK: 28 / 0.23 MARQUISE: 8 / 0.35,"2.71 Fancy Brownish Greenish Yellow VVS2
Main stone – 01 pcs 2.71 cts
18 K Ring: 8.93 gram 
WD: 190 / 0.81
PINK: 28 / 0.23
MARQUISE: 8 / 0.35",in stock,new,680854.05 THB,,https://www.colourdiam.com/Product/Jewellery/7652/white45/center.jpg,ColourDiam,Apparel & Accessories > Jewelry,,1,,,,unisex,,,adult,,,,,,,,,GIA,Fine Jewelry
8607,0.36 CTS PENDANT 18k pendant : 3.75 gram Mainstone : 49 pcs 0.36 cts,"0.36 CTS PENDANT
18k pendant : 3.75 gram
Mainstone : 49 pcs 0.36 cts",in stock,new,30260.18 THB,,https://www.colourdiam.com/Product/Jewellery/8607/white45/center.jpg,ColourDiam,Apparel & Accessories > Jewelry,,1,,,,unisex,,,adult,,,,,,,,,,Fine Jewelry
5616,0.56 CTS LIGHT PINK VS1 Main stone – 01 pcs 0.56 cts 18 K Ring: 3.186 gram  WD: 34 / 0.39 PINK: 20 / 0.09,"0.56 CTS LIGHT PINK VS1
Main stone – 01 pcs 0.56 cts
18 K Ring: 3.186 gram 
WD: 34 / 0.39
PINK: 20 / 0.09",in stock,new,283689.19 THB,https://colourdiam.com/productdetail/5616,https://www.colourdiam.com/Product/Jewellery/5616/white45/center.jpg,ColourDiam,Apparel & Accessories > Jewelry,,1,,,,unisex,,,adult,,,,,,,,,GIA,Fine Jewelry
5420,0.57 CTS LIGHT BLUE (UNDERTERMINED) VVS2 Main stone – 01 pcs 0.57 cts 18 K Ring: 3.21 gram  WD: 54 / 0.76 PINK: 21 / 0.10,"0.57 CTS LIGHT BLUE (UNDERTERMINED) VVS2
Main stone – 01 pcs 0.57 cts
18 K Ring: 3.21 gram 
WD: 54 / 0.76
PINK: 21 / 0.10",in stock,new,189126.13 THB,,https://www.colourdiam.com/Product/Jewellery/5420/white45/center.jpg,ColourDiam,Apparel & Accessories > Jewelry,,1,,,,unisex,,,adult,,,,,,,,,GIA,Fine Jewelry
8364,"0.32 cts Fancy Pink  Main stone –  0.32 cts 18k Ring : 1.90 gram","https://colourdiam.com/Product/Jewellery/Model%20images/8364/1.jpeg
https://colourdiam.com/Product/Jewellery/Model%20images/8364/center.jpeg",in stock,new,37825.23 THB,https://colourdiam.com/productdetail/8364,https://www.colourdiam.com/Product/Jewellery/8364/white45/center.jpg,ColourDiam,Apparel & Accessories > Jewelry,,1,,,,unisex,,,adult,,,,,,,,,,Fine Jewelry
8366,"0.4 cts Fancy Pink  Main stone –  0.4 cts 18k Pendant : 2.0 gram","0.4 cts Fancy Pink 
Main stone –  0.4 cts
18k Pendant : 2.0 gram",in stock,new,0 THB,,https://www.colourdiam.com/Product/Jewellery/8366/white45/center.jpg,ColourDiam,Apparel & Accessories > Jewelry,,1,,,,unisex,,,adult,,,,,,,,,,Fine Jewelry
7047,8.01 U to V Range VS2 18 k Ring : 8.47 gram WD : 66 / 0.582 MQ : 12 / 1.145 PEAR : 12 / 1.663,"https://colourdiam.com/Product/Jewellery/Model%20images/7047/2106089-20251219-122322.jpeg
https://colourdiam.com/Product/Jewellery/Model%20images/7047/4816880-20240720-122242.jpeg
https://colourdiam.com/Product/Jewellery/Model%20images/7047/7074309-20240720-122242.jpeg
https://colourdiam.com/Product/Jewellery/Model%20images/7047/8988223-20240720-122243.jpeg
https://colourdiam.com/Product/Jewellery/Model%20images/7047/center.jpeg
https://colourdiam.com/Product/Jewellery/Model%20images/7047/colour-diam-model-images-322.jpeg
https://colourdiam.com/Product/Jewellery/Model%20images/7047/colour-diam-model-images-323.jpeg
https://colourdiam.com/Product/Jewellery/Model%20images/7047/colour-diam-model-images-324.jpeg
https://colourdiam.com/Product/Jewellery/Model%20images/7047/colour-diam-model-images-325.jpeg
https://colourdiam.com/Product/Jewellery/Model%20images/7047/colour-diam-model-images-326.jpeg",in stock,new,2269513.5 THB,https://colourdiam.com/productdetail/7047,https://www.colourdiam.com/Product/Jewellery/7047/white45/center.jpg,ColourDiam,Apparel & Accessories > Jewelry,,1,,,,unisex,,,adult,,,,,,,,,GIA,Fine Jewelry
1385,2.00 cts Fancy Yellowish Green SI2 Main stone – 01 pcs 2.00 cts 18 K Ring: 7.62 gram  WD: 36 / 0.52 PINK: 64 / 0.31 MQ - 16 / 2.06,"2.00 cts Fancy Yellowish Green SI2
Main stone – 01 pcs 2.00 cts
18 K Ring: 7.62 gram 
WD: 36 / 0.52
PINK: 64 / 0.31
MQ - 16 / 2.06",in stock,new,1702135.13 THB,https://colourdiam.com/productdetail/1385,https://www.colourdiam.com/Product/Jewellery/1385/white45/center.jpg,ColourDiam,Apparel & Accessories > Jewelry,,1,,,,unisex,,,adult,,,,,,,,,GIA,Fine Jewelry
5440,0.33 cts Light Blue (Undetermined) SI1 Main stone – 01 pcs 0.33 cts 18 K Ring: 3.00 gram  WD: 27 / 0.39 PRINCESS : 2 / 0.11,"https://colourdiam.com/Product/Jewellery/Model%20images/5440/1275856-20250711-153330.jpeg
https://colourdiam.com/Product/Jewellery/Model%20images/5440/1806341-20250711-153329.jpeg
https://colourdiam.com/Product/Jewellery/Model%20images/5440/9834524-20250711-153329.jpeg
https://colourdiam.com/Product/Jewellery/Model%20images/5440/center.jpeg
https://colourdiam.com/Product/Jewellery/Model%20images/5440/colour-diam-model-images-229.jpeg
https://colourdiam.com/Product/Jewellery/Model%20images/5440/colour-diam-model-images-230.jpeg
https://colourdiam.com/Product/Jewellery/Model%20images/5440/colour-diam-model-images-231.jpeg
https://colourdiam.com/Product/Jewellery/Model%20images/5440/colour-diam-model-images-232.jpeg",in stock,new,151300.9 THB,https://colourdiam.com/productdetail/5440,https://www.colourdiam.com/Product/Jewellery/5440/white45/center.jpg,ColourDiam,Apparel & Accessories > Jewelry,,1,,,,unisex,,,adult,,,,,,,,,GIA,Fine Jewelry
5421,0.53 cts Faint Blue (Undetermined)  VS2 Main stone – 01 pcs 0.53 cts 18 K Ring: 3.36 gram  WD: 39 / 0.57,"0.53 cts Faint Blue (Undetermined)  VS2
Main stone – 01 pcs 0.53 cts
18 K Ring: 3.36 gram 
WD: 39 / 0.57",in stock,new,170213.51 THB,,https://www.colourdiam.com/Product/Jewellery/5421/white45/center.jpg,ColourDiam,Apparel & Accessories > Jewelry,,1,,,,unisex,,,adult,,,,,,,,,GIA,Fine Jewelry
4748,0.65 cts Fancy Yellowish Green (Undetermined) I1 Main stone – 01 pcs 0.65 cts 18 K Ring: 5.86 gram  WD: 95 / 0.52 MQ : 14 / 0.71 PINK : 22 / 0.12,"https://colourdiam.com/Product/Jewellery/Model%20images/4748/center.jpeg
https://colourdiam.com/Product/Jewellery/Model%20images/4748/colour-diam-model-images-207.jpeg",in stock,new,170213.51 THB,https://colourdiam.com/productdetail/4748,https://www.colourdiam.com/Product/Jewellery/4748/white45/center.jpg,ColourDiam,Apparel & Accessories > Jewelry,,1,,,,unisex,,,adult,,,,,,,,,GIA,Fine Jewelry
8507,1.00 cts Fancy Green VS Main Stone - 01 pcs - 1.00 cts 18k Ring : 4.15 gram WD : 28 / 0.45,"1.00 cts Fancy Green VS
Main Stone - 01 pcs - 1.00 cts
18k Ring : 4.15 gram
WD : 28 / 0.45",in stock,new,189126.13 THB,,https://www.colourdiam.com/Product/Jewellery/8507/white45/center.jpg,ColourDiam,Apparel & Accessories > Jewelry,,1,,,,unisex,,,adult,,,,,,,,,AGL,Fine Jewelry
8508,1.51 cts Fancy Green VS Main Stone - 01 pcs - 1.51 cts 18k Ring : 3.15 gram WD : 34 / 0.42 PINK : 20 /0.13,"1.51 cts Fancy Green VS
Main Stone - 01 pcs - 1.51 cts
18k Ring : 3.15 gram
WD : 34 / 0.42
PINK : 20 /0.13",in stock,new,283689.19 THB,,https://www.colourdiam.com/Product/Jewellery/8508/white45/center.jpg,ColourDiam,Apparel & Accessories > Jewelry,,1,,,,unisex,,,adult,,,,,,,,,AGL,Fine Jewelry
5431,0.39 cts Very light Blue (Undetermined) Vs1 Main stone - 01 - 0.39 cts 18k Ring : 3.84 gram WD : 79 / 0.52 PINK : 17 / 0.13,"0.39 cts Very light Blue (Undetermined) Vs1
Main stone - 01 - 0.39 cts
18k Ring : 3.84 gram
WD : 79 / 0.52
PINK : 17 / 0.13",in stock,new,208038.74 THB,,https://www.colourdiam.com/Product/Jewellery/5431/white45/center.jpg,ColourDiam,Apparel & Accessories > Jewelry,,1,,,,unisex,,,adult,,,,,,,,,GIA,Fine Jewelry
8512,1.03 cts Fancy Green VS Main Stone - 01 pcs - 1.03 cts 18k Ring : 5.08 gram WD : 113 / 0.69,"1.03 cts Fancy Green VS
Main Stone - 01 pcs - 1.03 cts
18k Ring : 5.08 gram
WD : 113 / 0.69",in stock,new,189126.13 THB,,https://www.colourdiam.com/Product/Jewellery/8512/white45/center.jpg,ColourDiam,Apparel & Accessories > Jewelry,,1,,,,unisex,,,adult,,,,,,,,,AGL,Fine Jewelry
8510,1.00 cts Fancy Green VS Main Stone - 01 pcs - 1.00 cts 18k Ring : 3.73 gram WD : 80 / 0.53 PINK : 18 / 0.15,"1.00 cts Fancy Green VS
Main Stone - 01 pcs - 1.00 cts
18k Ring : 3.73 gram
WD : 80 / 0.53
PINK : 18 / 0.15",in stock,new,189126.13 THB,,https://www.colourdiam.com/Product/Jewellery/8510/white45/center.jpg,ColourDiam,Apparel & Accessories > Jewelry,,1,,,,unisex,,,adult,,,,,,,,,AGL,Fine Jewelry
8503,1.51 cts Fancy Intense Green SI1 Main Stone - 01 pcs - 1.51 cts 18k Ring : 3.97 gram WD : 20 / 0.51 BAGUETTE : 04 / 0.23,"1.51 cts Fancy Intense Green SI1
Main Stone - 01 pcs - 1.51 cts
18k Ring : 3.97 gram
WD : 20 / 0.51
BAGUETTE : 04 / 0.23",in stock,new,321514.41 THB,,https://www.colourdiam.com/Product/Jewellery/8503/white45/center.jpg,ColourDiam,Apparel & Accessories > Jewelry,,1,,,,unisex,,,adult,,,,,,,,,AGL,Fine Jewelry
5422,0.35 cts Light Blue (Undetermined) SI2 Main Stone - 01 pcs - 0.35 cts 18k Ring : 3.26 gram WD : 48 / 0.23 MARQUISE : 11 / 0.14 PINK : 16 / 0.10,"0.35 cts Light Blue (Undetermined) SI2
Main Stone - 01 pcs - 0.35 cts
18k Ring : 3.26 gram
WD : 48 / 0.23
MARQUISE : 11 / 0.14
PINK : 16 / 0.10",in stock,new,189126.13 THB,,https://www.colourdiam.com/Product/Jewellery/5422/white45/center.jpg,ColourDiam,Apparel & Accessories > Jewelry,,1,,,,unisex,,,adult,,,,,,,,,GIA,Fine Jewelry
4254,1.02 cts  Fancy Green SI Main Stone - 01 pcs - 1.02 cts 18k Ring : 4.051 gram WD : 66 / 0.254 PINK : 24 / 0.077 MQ : 07 / 0.287,"1.02 cts  Fancy Green SI
Main Stone - 01 pcs - 1.02 cts
18k Ring : 4.051 gram
WD : 66 / 0.254
PINK : 24 / 0.077
MQ : 07 / 0.287",in stock,new,132388.29 THB,,https://www.colourdiam.com/Product/Jewellery/4254/white45/center.jpg,ColourDiam,Apparel & Accessories > Jewelry,,1,,,,unisex,,,adult,,,,,,,,,AGL,Fine Jewelry
8505,1.50 cts  Fancy Green VS Main Stone - 01 pcs - 1.50 cts 18k Ring : 4.66 gram WD : 140 / 0.84 cts,https://colourdiam.com/Product/Jewellery/Model%20images/8505/center.jpeg,in stock,new,245863.96 THB,https://colourdiam.com/productdetail/8505,https://www.colourdiam.com/Product/Jewellery/8505/white45/center.jpg,ColourDiam,Apparel & Accessories > Jewelry,,1,,,,unisex,,,adult,,,,,,,,,AGL,Fine Jewelry
8509,1.01 cts  Fancy Green SI Main Stone - 01 pcs - 1.01 cts 18k Ring : 6.56 gram WD : 2.13 cts,"1.01 cts  Fancy Green SI
Main Stone - 01 pcs - 1.01 cts
18k Ring : 6.56 gram
WD : 2.13 cts",in stock,new,189126.13 THB,https://colourdiam.com/productdetail/8509,https://www.colourdiam.com/Product/Jewellery/8509/white45/center.jpg,ColourDiam,Apparel & Accessories > Jewelry,,1,,,,unisex,,,adult,,,,,,,,,AGL,Fine Jewelry
4744_4858,0.61 cts Light Blue SI2 / (Undetermined) 0.50 cts Fancy Light Green VS2 (Undetermined)  Main Stone - 02 pcs - 1.11 cts 18 k Ring : 4.83 gram WD : 50 / 0.47,"0.61 cts Light Blue SI2 / (Undetermined)
0.50 cts Fancy Light Green VS2 (Undetermined) 
Main Stone - 02 pcs - 1.11 cts
18 k Ring : 4.83 gram
WD : 50 / 0.47",in stock,new,359339.64 THB,https://colourdiam.com/productdetail/Menu/4744/4858,https://www.colourdiam.com/Product/Jewellery/4744_4858/white45/center.jpg,ColourDiam,Apparel & Accessories > Jewelry,,1,,,,unisex,,,adult,,,,,,,,,GIA,Fine Jewelry
7988,4.23 cts Emerald  Main Stone - 02 pcs - 4.23 cts 18k Earring : 9.42 gram GREEN : 02 / 0.84 cts RED : 06 / 1.29 GREEN EMERALD : 12 / 1.05,"4.23 cts Emerald 
Main Stone - 02 pcs - 4.23 cts
18k Earring : 9.42 gram
GREEN : 02 / 0.84 cts
RED : 06 / 1.29
GREEN EMERALD : 12 / 1.05",in stock,new,0 THB,,https://www.colourdiam.com/Product/Jewellery/7988/white45/center.jpg,ColourDiam,Apparel & Accessories > Jewelry,,1,,,,unisex,,,adult,,,,,,,,,,Fine Jewelry
7989,20.91 cts Oval RED Main Stone - 02 pcs - 20.91 cts 18k Earring : 10.29 gram ORANGY RED : 72 / 0.660,"20.91 cts Oval RED
Main Stone - 02 pcs - 20.91 cts
18k Earring : 10.29 gram
ORANGY RED : 72 / 0.660",in stock,new,0 THB,,https://www.colourdiam.com/Product/Jewellery/7989/white45/center.jpg,ColourDiam,Apparel & Accessories > Jewelry,,1,,,,unisex,,,adult,,,,,,,,,,Fine Jewelry
7990,24.03 cts Emerald Main Stone - 01 pcs - 24.03 cts 18k Pendant : 10.83 gram WD : 83 / 0.697,"24.03 cts Emerald
Main Stone - 01 pcs - 24.03 cts
18k Pendant : 10.83 gram
WD : 83 / 0.697",in stock,new,0 THB,,https://www.colourdiam.com/Product/Jewellery/7990/white45/center.jpg,ColourDiam,Apparel & Accessories > Jewelry,,1,,,,unisex,,,adult,,,,,,,,,,Fine Jewelry
8511,1.50 cts Fancy Green SI Main Stone - 01 pcs - 1.50 cts 18k Ring : 5.35 gram WD : 38 / 0.74 PINK : 27 / 0.12,"1.50 cts Fancy Green SI
Main Stone - 01 pcs - 1.50 cts
18k Ring : 5.35 gram
WD : 38 / 0.74
PINK : 27 / 0.12",in stock,new,283689.19 THB,https://colourdiam.com/productdetail/8511,https://www.colourdiam.com/Product/Jewellery/8511/white45/center.jpg,ColourDiam,Apparel & Accessories > Jewelry,,1,,,,unisex,,,adult,,,,,,,,,AGL,Fine Jewelry
8551,1.51 cts Fancy Brownish Greenish Yellow VS2 Main Stone - 01 pcs - 1.51 cts 18k Ring : 3.22 gram WD : 54 / 0.404 PINK : 28 / 0.084,"1.51 cts Fancy Brownish Greenish Yellow VS2
Main Stone - 01 pcs - 1.51 cts
18k Ring : 3.22 gram
WD : 54 / 0.404
PINK : 28 / 0.084",in stock,new,321514.41 THB,,https://www.colourdiam.com/Product/Jewellery/8551/white45/center.jpg,ColourDiam,Apparel & Accessories > Jewelry,,1,,,,unisex,,,adult,,,,,,,,,GIA,Fine Jewelry
8678,0.90 ct Fancy Vivid Yellow(Treated) I1 Mainstone - 01 - 0.90 cts 18k Ring : 6.420 gram WD : 12 / 0.30,"0.90 ct Fancy Vivid Yellow(Treated) I1
Mainstone - 01 - 0.90 cts
18k Ring : 6.420 gram
WD : 12 / 0.30",in stock,new,49172.79 THB,,https://www.colourdiam.com/Product/Jewellery/8678/white45/center.jpg,ColourDiam,Apparel & Accessories > Jewelry,,1,,,,unisex,,,adult,,,,,,,,,GIA,Fine Jewelry
4706,0.65 cts Light Blue (Undetermined) SI1 Main Stone - 01 pcs - 0.65 cts 18k Ring : 5.47 gram WD : 33 / 0.33 PEAR : 10 / 0.79 PINK : 18 / 0.10,"0.65 cts Light Blue (Undetermined) SI1
Main Stone - 01 pcs - 0.65 cts
18k Ring : 5.47 gram
WD : 33 / 0.33
PEAR : 10 / 0.79
PINK : 18 / 0.10",in stock,new,245863.96 THB,,https://www.colourdiam.com/Product/Jewellery/4706/white45/center.jpg,ColourDiam,Apparel & Accessories > Jewelry,,1,,,,unisex,,,adult,,,,,,,,,GIA,Fine Jewelry
4750,0.69 cts Light Green (Undetermined) VS1 Main Stone - 01 pcs - 0.69 cts 18k Ring : 6.19 gram WD : 100 / 0.75,"0.69 cts Light Green (Undetermined) VS1
Main Stone - 01 pcs - 0.69 cts
18k Ring : 6.19 gram
WD : 100 / 0.75",in stock,new,208038.74 THB,,https://www.colourdiam.com/Product/Jewellery/4750/white45/center.jpg,ColourDiam,Apparel & Accessories > Jewelry,,1,,,,unisex,,,adult,,,,,,,,,GIA,Fine Jewelry
7127,0.55 cts Faint Pink SI2 Mainstone - 01 pcs - 0.55 cts 18k Ring : 9.55 gram PEAR : 04 / 0.72 PRINCESS : 04 / 0.44 WD : 177 / 1.23,"0.55 cts Faint Pink SI2
Mainstone - 01 pcs - 0.55 cts
18k Ring : 9.55 gram
PEAR : 04 / 0.72
PRINCESS : 04 / 0.44
WD : 177 / 1.23",in stock,new,245863.96 THB,,https://www.colourdiam.com/Product/Jewellery/7127/white45/center.jpg,ColourDiam,Apparel & Accessories > Jewelry,,1,,,,unisex,,,adult,,,,,,,,,GIA,Fine Jewelry
6185,1.50 cts D Colour VS1  Mainstone - 01 pcs - 1.50 cts 18k Ring : 5.92 Gram WD : 66 /1.06,"1.50 cts D Colour VS1
 Mainstone - 01 pcs - 1.50 cts
18k Ring : 5.92 Gram
WD : 66 /1.06",in stock,new,378252.25 THB,,https://www.colourdiam.com/Product/Jewellery/6185/white45/center.jpg,ColourDiam,Apparel & Accessories > Jewelry,,1,,,,unisex,,,adult,,,,,,,,,GIA,Fine Jewelry
3832,1.00 cts G Colour Si2  Mainstone - 01 pcs - 1.00 cts 18k Ring : 2.19 Gram WD : 12 / 0.123,"1.00 cts G Colour Si2
 Mainstone - 01 pcs - 1.00 cts
18k Ring : 2.19 Gram
WD : 12 / 0.123",in stock,new,105910.63 THB,,https://www.colourdiam.com/Product/Jewellery/3832/white45/center.jpg,ColourDiam,Apparel & Accessories > Jewelry,,1,,,,unisex,,,adult,,,,,,,,,IGI,Fine Jewelry
8765_8762,0.610 cts  H colour SI1 18k-Earring : 1.33 gram Main stone - 2 pcs – 0.610 cts,"0.610 cts  H colour SI1
18k-Earring : 1.33 gram
Main stone - 2 pcs – 0.610 cts",in stock,new,17021.35 THB,https://colourdiam.com/productdetail/Menu/8765/8762,"https://www.colourdiam.com/Product/Jewellery/8765_8762
/white45/center.jpg",ColourDiam,Apparel & Accessories > Jewelry,,1,,,,unisex,,,adult,,,,,,,,,IGI,Fine Jewelry
5564_6916,0.70 cts Faint Pink SI2/  0.70 cts Faint Pink SI1 18k-Earring : 8.134 gram Main stone - 2 pcs – 1.40 cts WD : 112 / 1.11 PEAR : 24 / 2.38,"0.70 cts Faint Pink SI2/
 0.70 cts Faint Pink SI1
18k-Earring : 8.134 gram
Main stone - 2 pcs – 1.40 cts
WD : 112 / 1.11
PEAR : 24 / 2.38",in stock,new,378252.25 THB,https://colourdiam.com/productdetail/Menu/5564/6916,https://www.colourdiam.com/Product/Jewellery/5564_6916/white45/center.jpg,ColourDiam,Apparel & Accessories > Jewelry,,1,,,,unisex,,,adult,,,,,,,,,GIA,Fine Jewelry
7233,1.25 cts Faint Pink SI2 Mainstone - 01 pcs - 1.25 cts 18k Ring : 6.92 gram PEAR : 10 / 1.74 WD: 74 / 0.95,"https://colourdiam.com/Product/Jewellery/Model%20images/7233/center.jpeg
https://colourdiam.com/Product/Jewellery/Model%20images/7233/colour-diam-model-images-357.jpeg",in stock,new,567378.38 THB,,https://www.colourdiam.com/Product/Jewellery/7233/white45/center.jpg,ColourDiam,Apparel & Accessories > Jewelry,,1,,,,unisex,,,adult,,,,,,,,,GIA,Fine Jewelry
4732_4745,0.50 cts Faint Blue SI1/ 0.55 cts Very Light Green VS2 Mainstone - 02 pcs - 1.05 cts 18k Ring : 4.80 gram WD: 52 / 0.49,"https://colourdiam.com/Product/Jewellery/Model%20images/4732_4745/center.jpeg
https://colourdiam.com/Product/Jewellery/Model%20images/4732_4745/colour-diam-model-images-204.jpeg",in stock,new,374469.73 THB,https://colourdiam.com/productdetail/Menu/4732/4745,https://www.colourdiam.com/Product/Jewellery/4732_4745/white45/center.jpg,ColourDiam,Apparel & Accessories > Jewelry,,1,,,,unisex,,,adult,,,,,,,,,GIA,Fine Jewelry
8334,3.02 cts Light Green Yellow SI2 Mainstone - 01 pcs - 3.02 cts 18k Ring : 6.87 gram WD: 76 / 0.35 PEAR: 16 / 1.59 PINK : 28 / 0.30,"3.02 cts Light Green Yellow SI2
Mainstone - 01 pcs - 3.02 cts
18k Ring : 6.87 gram
WD: 76 / 0.35
PEAR: 16 / 1.59
PINK : 28 / 0.30",in stock,new,680854.05 THB,https://colourdiam.com/productdetail/8334,https://www.colourdiam.com/Product/Jewellery/8334/white45/center.jpg,ColourDiam,Apparel & Accessories > Jewelry,,1,,,,unisex,,,adult,,,,,,,,,GIA,Fine Jewelry
7475,2.23 cts Fancy Green SI ( Convertiable) Mainstone - 01 pcs - 2.23 cts 18k Ring : 8.59 gram WD: 104 / 0.75 PEAR: 10 / 1.84 PINK : 26 / 0.14,"2.23 cts Fancy Green SI ( Convertiable)
Mainstone - 01 pcs - 2.23 cts
18k Ring : 8.59 gram
WD: 104 / 0.75
PEAR: 10 / 1.84
PINK : 26 / 0.14",in stock,new,548465.76 THB,https://colourdiam.com/productdetail/7475,https://www.colourdiam.com/Product/Jewellery/7475/white45/center.jpg,ColourDiam,Apparel & Accessories > Jewelry,,1,,,,unisex,,,adult,,,,,,,,,AGL,Fine Jewelry
7369,3.50 CT Fancy Brownish Greenish Yellow Vs2 Mainstone - 01 pcs - 3.60 cts 18k Ring : 8.674 gram WD: 85 / 0.48 PEAR : 16 / 0.59,"3.50 CT Fancy Brownish Greenish Yellow Vs2
Mainstone - 01 pcs - 3.60 cts
18k Ring : 8.674 gram
WD: 85 / 0.48
PEAR : 16 / 0.59",in stock,new,945630.63 THB,,https://www.colourdiam.com/Product/Jewellery/7369/white45/center.jpg,ColourDiam,Apparel & Accessories > Jewelry,,1,,,,unisex,,,adult,,,,,,,,,GIA,Fine Jewelry
4723,0.79 CT Fancy Light Green SI2(undetermined) Mainstone - 01 pcs - 0.79 cts 18k Ring : 6.344 gram WD: 224 / 1.12,"https://colourdiam.com/Product/Jewellery/Model%20images/4723/center.jpeg
https://colourdiam.com/Product/Jewellery/Model%20images/4723/colour-diam-model-images-203.jpeg",in stock,new,208038.74 THB,https://colourdiam.com/productdetail/4723,https://www.colourdiam.com/Product/Jewellery/4723/white45/center.jpg,ColourDiam,Apparel & Accessories > Jewelry,,1,,,,unisex,,,adult,,,,,,,,,GIA,Fine Jewelry
6278,0.70 CT Very Light Pink SI2 Mainstone - 01 pcs - 0.70 cts 18k Ring : 6.344 gram WD: 66 / 0.67,"0.70 CT Very Light Pink SI2
Mainstone - 01 pcs - 0.70 cts
18k Ring : 6.344 gram
WD: 66 / 0.67",in stock,new,302601.8 THB,,https://www.colourdiam.com/Product/Jewellery/6278/white45/center.jpg,ColourDiam,Apparel & Accessories > Jewelry,,1,,,,unisex,,,adult,,,,,,,,,GIA,Fine Jewelry
5437,0.66 CT Fancy Light Green VVS2(undetermined) Mainstone - 01 pcs - 0.66 cts 18k Ring : 4.310 gram WD: 37/ 0.54,"0.66 CT Fancy Light Green VVS2(undetermined)
Mainstone - 01 pcs - 0.66 cts
18k Ring : 4.310 gram
WD: 37/ 0.54",in stock,new,208038.74 THB,https://colourdiam.com/productdetail/5437,https://www.colourdiam.com/Product/Jewellery/5437/white45/center.jpg,ColourDiam,Apparel & Accessories > Jewelry,,1,,,,unisex,,,adult,,,,,,,,,GIA,Fine Jewelry
8513,1.00 CT Fancy Green VS Mainstone - 01 pcs - 1.00 cts 18k Ring : 3.437 gram WD: 44 / 0.62,"1.00 CT Fancy Green VS
Mainstone - 01 pcs - 1.00 cts
18k Ring : 3.437 gram
WD: 44 / 0.62",in stock,new,113475.68 THB,,https://www.colourdiam.com/Product/Jewellery/8513/white45/center.jpg,ColourDiam,Apparel & Accessories > Jewelry,,1,,,,unisex,,,adult,,,,,,,,,AGL,Fine Jewelry
8694,1.19 Ct Light Green Yellow VS1 Mainstone - 01 pcs - 1.19 cts 18k Ring : 4.27 gram WD: 38/ 0.15 PINK : 19 / 0.19 MQ : 16 / 1.04,"1.19 Ct Light Green Yellow VS1
Mainstone - 01 pcs - 1.19 cts
18k Ring : 4.27 gram
WD: 38/ 0.15
PINK : 19 / 0.19
MQ : 16 / 1.04",in stock,new,302601.8 THB,,https://www.colourdiam.com/Product/Jewellery/8694/white45/center.jpg,ColourDiam,Apparel & Accessories > Jewelry,,1,,,,unisex,,,adult,,,,,,,,,GIA,Fine Jewelry
8696,1.10 Ct Fancy Light Greenish Yellow VVS2 Mainstone - 01 pcs - 1.10 cts 18k Ring : 4.336 gram WD: 38/ 0.15 PINK : 19 / 0.19 MQ : 16 / 1.04,"1.10 Ct Fancy Light Greenish Yellow VVS2
Mainstone - 01 pcs - 1.10 cts
18k Ring : 4.336 gram
WD: 38/ 0.15
PINK : 19 / 0.19
MQ : 16 / 1.04",in stock,new,340427.03 THB,,https://www.colourdiam.com/Product/Jewellery/8696/white45/center.jpg,ColourDiam,Apparel & Accessories > Jewelry,,1,,,,unisex,,,adult,,,,,,,,,GIA,Fine Jewelry
8380,1.74 Ct Fancy Brownish Greenish Yellow VS2 Mainstone - 01 pcs - 1.74 cts 18k Ring : 4.78 gram WD: 34 / 0.240 MQ : 14 / 1.08,"1.74 Ct Fancy Brownish Greenish Yellow VS2
Mainstone - 01 pcs - 1.74 cts
18k Ring : 4.78 gram
WD: 34 / 0.240
MQ : 14 / 1.08",in stock,new,340427.03 THB,https://colourdiam.com/productdetail/8380,https://www.colourdiam.com/Product/Jewellery/8380/white45/center.jpg,ColourDiam,Apparel & Accessories > Jewelry,,1,,,,unisex,,,adult,,,,,,,,,GIA,Fine Jewelry
8550,3.030 Fancy Dark Brown Greenish Yellow SI2 Mainstone - 01 pcs - 3.030 cts 18k Ring : 5.97 gram WD: 32 / 0.256 MQ : 14 / 2.540,"3.030 Fancy Dark Brown Greenish Yellow SI2
Mainstone - 01 pcs - 3.030 cts
18k Ring : 5.97 gram
WD: 32 / 0.256
MQ : 14 / 2.540",in stock,new,680854.05 THB,https://colourdiam.com/productdetail/8550,https://www.colourdiam.com/Product/Jewellery/8550/white45/center.jpg,ColourDiam,Apparel & Accessories > Jewelry,,1,,,,unisex,,,adult,,,,,,,,,GIA,Fine Jewelry
7589,3.01 Fancy Pink VS Mainstone - 01 pcs - 3.01 cts 18k Ring : 6.524 gram WD: 38 / 0.15 Pink : 22 / 0.33 Oval : 12 / 1.91,"3.01 Fancy Pink VS
Mainstone - 01 pcs - 3.01 cts
18k Ring : 6.524 gram
WD: 38 / 0.15
Pink : 22 / 0.33
Oval : 12 / 1.91",in stock,new,1134756.75 THB,,https://www.colourdiam.com/Product/Jewellery/7589/white45/center.jpg,ColourDiam,Apparel & Accessories > Jewelry,,1,,,,unisex,,,adult,,,,,,,,,AGL,Fine Jewelry
7745,0.53 Faint Pink SI2 Mainstone - 01 pcs - 0.53 cts 18k Ring : 2.81 gram WD: 36 / 0.234,"0.53 Faint Pink SI2
Mainstone - 01 pcs - 0.53 cts
18k Ring : 2.81 gram
WD: 36 / 0.234",in stock,new,226951.35 THB,,https://www.colourdiam.com/Product/Jewellery/7745/white45/center.jpg,ColourDiam,Apparel & Accessories > Jewelry,,1,,,,unisex,,,adult,,,,,,,,,GIA,Fine Jewelry
7746,0.51 Faint Pink SI1 Mainstone - 01 pcs - 0.51 cts 18k Ring : 4.157 gram WD: 73 / 1.08 PINK : 15 / 0.135,"0.51 Faint Pink SI1
Mainstone - 01 pcs - 0.51 cts
18k Ring : 4.157 gram
WD: 73 / 1.08
PINK : 15 / 0.135",in stock,new,264776.58 THB,,https://www.colourdiam.com/Product/Jewellery/7746/white45/center.jpg,ColourDiam,Apparel & Accessories > Jewelry,,1,,,,unisex,,,adult,,,,,,,,,GIA,Fine Jewelry
7819,0.53 Light Pink SI2 Mainstone - 01 pcs - 0.53 cts 18k Ring : 4.157 gram WD: 73 / 1.08 PINK: 15 /  0.135,"0.53 Light Pink SI2
Mainstone - 01 pcs - 0.53 cts
18k Ring : 4.157 gram
WD: 73 / 1.08
PINK: 15 /  0.135",in stock,new,302601.8 THB,,https://www.colourdiam.com/Product/Jewellery/7819/white45/center.jpg,ColourDiam,Apparel & Accessories > Jewelry,,1,,,,unisex,,,adult,,,,,,,,,GIA,Fine Jewelry
7800,0.50 Faint Pink VS1 Mainstone - 01 pcs - 0.50 cts 18k Ring : 4.15 gram WD: 74 / 1.09 PINK: 16 /  0.144,"0.50 Faint Pink VS1
Mainstone - 01 pcs - 0.50 cts
18k Ring : 4.15 gram
WD: 74 / 1.09
PINK: 16 /  0.144",in stock,new,302601.8 THB,,https://www.colourdiam.com/Product/Jewellery/7800/white45/center.jpg,ColourDiam,Apparel & Accessories > Jewelry,,1,,,,unisex,,,adult,,,,,,,,,GIA,Fine Jewelry
8013,1.01 Faint Yellow Green VS1 Mainstone - 01 pcs - 1.01 cts 18k Ring : 4.325 gram WD: 58 / 0.23 PINK: 20 / 0.18 MQ : 10 / 0.25,"1.01 Faint Yellow Green VS1
Mainstone - 01 pcs - 1.01 cts
18k Ring : 4.325 gram
WD: 58 / 0.23
PINK: 20 / 0.18
MQ : 10 / 0.25",in stock,new,264776.58 THB,,https://www.colourdiam.com/Product/Jewellery/8013/white45/center.jpg,ColourDiam,Apparel & Accessories > Jewelry,,1,,,,unisex,,,adult,,,,,,,,,GIA,Fine Jewelry
8587,1.00 Fancy Light Brownish Greenish Yellow SI2 Mainstone - 01 pcs - 1.00 cts 18k Ring : 4.403 gram WD: 69 / 0.308 PEAR : 08 / 1.04,"1.00 Fancy Light Brownish Greenish Yellow SI2
Mainstone - 01 pcs - 1.00 cts
18k Ring : 4.403 gram
WD: 69 / 0.308
PEAR : 08 / 1.04",in stock,new,245863.96 THB,,https://www.colourdiam.com/Product/Jewellery/8587/white45/center.jpg,ColourDiam,Apparel & Accessories > Jewelry,,1,,,,unisex,,,adult,,,,,,,,,GIA,Fine Jewelry
7170,0.70 Fancy Green Yellow SI1(undetermined) Mainstone - 01 pcs - 1.00 cts 18k Ring : 4.403 gram WD: 40 / 0.27,"0.70 Fancy Green Yellow SI1(undetermined)
Mainstone - 01 pcs - 1.00 cts
18k Ring : 4.403 gram
WD: 40 / 0.27",in stock,new,151300.9 THB,,https://www.colourdiam.com/Product/Jewellery/7170/white45/center.jpg,ColourDiam,Apparel & Accessories > Jewelry,,1,,,,unisex,,,adult,,,,,,,,,GIA,Fine Jewelry
6955_7700,0.36 cts Light Yellow Green SI1/ 0.50 cts Faint Yellow Green VS2 Mainstone - 02 pcs - 0.86 cts 18k Ring : 6.645 gram Pear : 08 / 0.49 MQ : 12 / 0.96,"0.36 cts Light Yellow Green SI1/
0.50 cts Faint Yellow Green VS2
Mainstone - 02 pcs - 0.86 cts
18k Ring : 6.645 gram
Pear : 08 / 0.49
MQ : 12 / 0.96",in stock,new,302601.8 THB,,https://www.colourdiam.com/Product/Jewellery/6955_7700/white45/center.jpg,ColourDiam,Apparel & Accessories > Jewelry,,1,,,,unisex,,,adult,,,,,,,,,GIA,Fine Jewelry
7984,0.54 Very Light Pink VS2 Mainstone - 01 pcs - 0.54 cts 18k Ring : 5.096 gram WD: 128 / 0.512 MQ: 10 / 0.80 PINK: 16 / 0.144,"https://colourdiam.com/Product/Jewellery/Model%20images/7984/colour-diam-model-images-409.jpeg
https://colourdiam.com/Product/Jewellery/Model%20images/7984/model.jpeg",in stock,new,332861.98 THB,https://colourdiam.com/productdetail/7984,https://www.colourdiam.com/Product/Jewellery/7984/white45/center.jpg,ColourDiam,Apparel & Accessories > Jewelry,,1,,,,unisex,,,adult,,,,,,,,,GIA,Fine Jewelry
8693_8690,1.51 Ct Fancy Light Greenish Yellow SI1/ 1.51 Ct Light Greenish Yellow VS2 18k-Earring : 4.848 gram Main stone - 2 pcs – 3.02 cts WD : 02 / 0.22  MQ : 14 / 1.34,"1.51 Ct Fancy Light Greenish Yellow SI1/
1.51 Ct Light Greenish Yellow VS2
18k-Earring : 4.848 gram
Main stone - 2 pcs – 3.02 cts
WD : 02 / 0.22 
MQ : 14 / 1.34",in stock,new,567378.38 THB,https://colourdiam.com/productdetail/Menu/8693/8690,https://www.colourdiam.com/Product/Jewellery/8693_8690/white45/center.jpg,ColourDiam,Apparel & Accessories > Jewelry,,1,,,,unisex,,,adult,,,,,,,,,GIA,Fine Jewelry
8585,1.01 cts Fancy Brownish Greenish Yellow Si2 Mainstone - 01 pcs - 1.01 cts 18k Ring : 3.63 gram WD: 64 / 0.336,"1.01 cts Fancy Brownish Greenish Yellow Si2
Mainstone - 01 pcs - 1.01 cts
18k Ring : 3.63 gram
WD: 64 / 0.336",in stock,new,264776.58 THB,https://colourdiam.com/productdetail/8585,https://www.colourdiam.com/Product/Jewellery/8585/white45/center.jpg,ColourDiam,Apparel & Accessories > Jewelry,,1,,,,unisex,,,adult,,,,,,,,,GIA,Fine Jewelry
7983,0.61 cts Faint Pink VS2 Mainstone - 01 pcs - 0.61 cts 18k Ring : 3.535 gram WD: 57 / 0.228 PINK : 15 / 0.135 MQ : 08 / 0.20,"https://colourdiam.com/Product/Jewellery/Model%20images/7983/123.jpeg
https://colourdiam.com/Product/Jewellery/Model%20images/7983/center.jpeg
https://colourdiam.com/Product/Jewellery/Model%20images/7983/colour-diam-model-images-407.jpeg
https://colourdiam.com/Product/Jewellery/Model%20images/7983/colour-diam-model-images-408.jpeg",in stock,new,359339.64 THB,https://colourdiam.com/productdetail/7983,https://www.colourdiam.com/Product/Jewellery/7983/white45/center.jpg,ColourDiam,Apparel & Accessories > Jewelry,,1,,,,unisex,,,adult,,,,,,,,,GIA,Fine Jewelry
8692_8697,1.24 Ct Fancy Light Greenish Yellow VS1/ 1.21 Ct Light Greenish Yellow SI1 18k-Earring : 9.106 gram Main stone - 2 pcs – 2.45 cts WD : 110 / 2.14  PINK : 34 / 0.51,"1.24 Ct Fancy Light Greenish Yellow VS1/
1.21 Ct Light Greenish Yellow SI1
18k-Earring : 9.106 gram
Main stone - 2 pcs – 2.45 cts
WD : 110 / 2.14 
PINK : 34 / 0.51",in stock,new,680854.05 THB,https://colourdiam.com/productdetail/Menu/8692/8697,https://www.colourdiam.com/Product/Jewellery/8692_8697/white45/center.jpg,ColourDiam,Apparel & Accessories > Jewelry,,1,,,,unisex,,,adult,,,,,,,,,GIA,Fine Jewelry
7699,0.72 cts Faint Pink I1 Mainstone - 01 pcs - 0.72 cts 18k Ring : 3.301 gram WD: 90 / 0.33,"0.72 cts Faint Pink I1
Mainstone - 01 pcs - 0.72 cts
18k Ring : 3.301 gram
WD: 90 / 0.33",in stock,new,245863.96 THB,https://colourdiam.com/productdetail/7699,https://www.colourdiam.com/Product/Jewellery/7699/white45/center.jpg,ColourDiam,Apparel & Accessories > Jewelry,,1,,,,unisex,,,adult,,,,,,,,,GIA,Fine Jewelry
7049_5653,5.01 cts Y-Z Colour Si2  18 k ring :  5.79 gram  Cadillac : 02 / 0.72,"5.01 cts Y-Z Colour Si2 
18 k ring :  5.79 gram
 Cadillac : 02 / 0.72",in stock,new,1134756.75 THB,,https://www.colourdiam.com/Product/Jewellery/7049_5653/white45/center.jpg,ColourDiam,Apparel & Accessories > Jewelry,,1,,,,unisex,,,adult,,,,,,,,,GIA,Fine Jewelry
8844_8848,0.60 cts G - H colour SI1 18k-Earring : 1.096 gram Main stone - 2 pcs – 0.60 cts,https://colourdiam.com/Product/Jewellery/Model%20images/8844_8848/center.jpeg,in stock,new,20803.87 THB,https://colourdiam.com/productdetail/Menu/8844/8848,https://www.colourdiam.com/Product/Jewellery/8844_8848/white45/center.jpg,ColourDiam,Apparel & Accessories > Jewelry,,1,,,,unisex,,,adult,,,,,,,,,GIA,Fine Jewelry
8838,0.40 cts Fancy Pink Diamond Earring Mainstone - 02 pcs - 0.40 cts 18k Earring : 11.496 gram PRINCESS WD : 262 / 2.71 Blue Gemstone : 126 / 0.82,"0.40 cts Fancy Pink Diamond Earring
Mainstone - 02 pcs - 0.40 cts
18k Earring : 11.496 gram
PRINCESS WD : 262 / 2.71
Blue Gemstone : 126 / 0.82",in stock,new,85787.61 THB,https://colourdiam.com/productdetail/8838,https://www.colourdiam.com/Product/Jewellery/8838/white45/center.jpg,ColourDiam,Apparel & Accessories > Jewelry,,1,,,,unisex,,,adult,,,,,,,,,,Fine Jewelry
6066,0.28 cts Faint Pink Si1 Mainstone - 01 pcs - 0.28 cts 18k Ring : 5.578 gram WD: 32 / 0.46 PEAR: 01 / 0.25,"0.28 cts Faint Pink Si1
Mainstone - 01 pcs - 0.28 cts
18k Ring : 5.578 gram
WD: 32 / 0.46
PEAR: 01 / 0.25",in stock,new,226951.35 THB,https://colourdiam.com/productdetail/6066,https://www.colourdiam.com/Product/Jewellery/6066/white45/center.jpg,ColourDiam,Apparel & Accessories > Jewelry,,1,,,,unisex,,,adult,,,,,,,,,GIA,Fine Jewelry
7566_7571_4668,1.50 ct Fancy Pink SI2 1.40 ct Fancy Pink SI2 Main stone – 2 pcs 2.90 cts 18k Earring: 9.50 gram  WD : 32 / 0.28 PINK : 56 / 0.665 PEAR : 32 / 1.17 BULLET : 02 / 0.46,"1.50 ct Fancy Pink SI2
1.40 ct Fancy Pink SI2
Main stone – 2 pcs 2.90 cts
18k Earring: 9.50 gram 
WD : 32 / 0.28
PINK : 56 / 0.665
PEAR : 32 / 1.17
BULLET : 02 / 0.46",in stock,new,756504.5 THB,https://colourdiam.com/productdetail/Menu/7566/7571/4668,https://www.colourdiam.com/Product/Jewellery/7566_7571_4668/white45/center.jpg,ColourDiam,Apparel & Accessories > Jewelry,,1,,,,unisex,,,adult,,,,,,,,,AGL,Fine Jewelry
4903,1.03 cts Fancy Yellow Green SI1 Mainstone - 01 pcs - 1.03 cts 18k Ring : 3.69 gram HEART : 02 / 0.36 PINK:  0.19,"1.03 cts Fancy Yellow Green SI1
Mainstone - 01 pcs - 1.03 cts
18k Ring : 3.69 gram
HEART : 02 / 0.36
PINK:  0.19",in stock,new,170213.51 THB,https://colourdiam.com/productdetail/4903,https://www.colourdiam.com/Product/Jewellery/4903/white45/center.jpg,ColourDiam,Apparel & Accessories > Jewelry,,1,,,,unisex,,,adult,,,,,,,,,GIA,Fine Jewelry
5416,0.47 cts Fancy Light Bluish Green VS1 Mainstone - 01 pcs - 0.47 cts 18k Ring : 4.175 gram WHITE : 40 / 0.44 PINK:  18 / 0.09 OVAL : 02 / 0.29,"0.47 cts Fancy Light Bluish Green VS1
Mainstone - 01 pcs - 0.47 cts
18k Ring : 4.175 gram
WHITE : 40 / 0.44
PINK:  18 / 0.09
OVAL : 02 / 0.29",in stock,new,189126.13 THB,,https://www.colourdiam.com/Product/Jewellery/5416/white45/center.jpg,ColourDiam,Apparel & Accessories > Jewelry,,1,,,,unisex,,,adult,,,,,,,,,GIA,Fine Jewelry
5435,0.50cts Fancy Light Blue Green VS1 Mainstone - 01 pcs - 0.50 cts 18k Ring : 4.70 gram WHITE : 54 / 0.34 PINK:  18 / 0.09,"0.50cts Fancy Light Blue Green VS1
Mainstone - 01 pcs - 0.50 cts
18k Ring : 4.70 gram
WHITE : 54 / 0.34
PINK:  18 / 0.09",in stock,new,189126.13 THB,https://colourdiam.com/productdetail/5435,https://www.colourdiam.com/Product/Jewellery/5435/white45/center.jpg,ColourDiam,Apparel & Accessories > Jewelry,,1,,,,unisex,,,adult,,,,,,,,,GIA,Fine Jewelry
8549_8559,1.50 cts Fancy Brownish Greenish Yellow VS1/ 1.51 cts Fancy Brownish Greenish Yellow SI1 18k-Earring : 7.745 gram Main stone - 2 pcs – 3.01 cts MQ : 06 / 1.120 PINK : 36 / 0.30 PEAR : 06 / 1.130,"1.50 cts Fancy Brownish Greenish Yellow VS1/
1.51 cts Fancy Brownish Greenish Yellow SI1
18k-Earring : 7.745 gram
Main stone - 2 pcs – 3.01 cts
MQ : 06 / 1.120
PINK : 36 / 0.30
PEAR : 06 / 1.130",in stock,new,624116.21 THB,https://colourdiam.com/productdetail/Menu/8549/8559,https://www.colourdiam.com/Product/Jewellery/8549_8559/white45/center.jpg,ColourDiam,Apparel & Accessories > Jewelry,,1,,,,unisex,,,adult,,,,,,,,,GIA,Fine Jewelry
8554_7272,0.25 cts Light Pink SI1/ 1.00 cts Fancy Brownish Greenish Yellow SI2 Mainstone - 02 pcs - 1.25 cts 18k Ring : 5.435 gram WD : 12 / 0.35 MQ : 06 / 0.85 PINK : 37 / 0.14,"0.25 cts Light Pink SI1/
1.00 cts Fancy Brownish Greenish Yellow SI2
Mainstone - 02 pcs - 1.25 cts
18k Ring : 5.435 gram
WD : 12 / 0.35
MQ : 06 / 0.85
PINK : 37 / 0.14",in stock,new,453902.7 THB,https://colourdiam.com/productdetail/Menu/8554/7272,https://www.colourdiam.com/Product/Jewellery/8554_7272/white45/center.jpg,ColourDiam,Apparel & Accessories > Jewelry,,1,,,,unisex,,,adult,,,,,,,,,GIA,Fine Jewelry
8665,1.07 cts  Fancy Brownish Greenish Yellow SI2 Mainstone - 01 pcs - 1.07 cts 18k Ring :5.796 gram WHITE : 50 / 0.38 PINK:  26 / 0.12 MQ : 08 / 0.66,"1.07 cts  Fancy Brownish Greenish Yellow SI2
Mainstone - 01 pcs - 1.07 cts
18k Ring :5.796 gram
WHITE : 50 / 0.38
PINK:  26 / 0.12
MQ : 08 / 0.66",in stock,new,321514.41 THB,https://colourdiam.com/productdetail/8665,https://www.colourdiam.com/Product/Jewellery/8665/white45/center.jpg,ColourDiam,Apparel & Accessories > Jewelry,,1,,,,unisex,,,adult,,,,,,,,,GIA,Fine Jewelry
9143,2.505 cts Fancy Yellow Mix shape 18k-Earring : 11.45 gram Main stone - 16 pcs – 2.505 cts WD : 459 / 2.04 cts,"2.505 cts Fancy Yellow Mix shape
18k-Earring : 11.45 gram
Main stone - 16 pcs – 2.505 cts
WD : 459 / 2.04 cts",in stock,new,283689.19 THB,,https://www.colourdiam.com/Product/Jewellery/9143/white45/center.jpg,ColourDiam,Apparel & Accessories > Jewelry,,1,,,,unisex,,,adult,,,,,,,,,AGL,Fine Jewelry
8539,22.55 cts Ruby 18k-Earring/Pendant : 11.52 gram Main stone - 03 pcs – 22.55 cts WD : 166 / 1.65 cts,"22.55 cts Ruby
18k-Earring/Pendant : 11.52 gram
Main stone - 03 pcs – 22.55 cts
WD : 166 / 1.65 cts",in stock,new,0 THB,,https://www.colourdiam.com/Product/Jewellery/8539/white45/center.jpg,ColourDiam,Apparel & Accessories > Jewelry,,1,,,,unisex,,,adult,,,,,,,,,,Fine Jewelry
7152_7268,0.40 cts Very Light Pink I1/ 0.74 cts Very Light Pink SI2 Mainstone - 02 pcs - 1.14 cts 18k Ring : 7.625 gram WD : 71 / 0.31 PINK : 27 / 0.31,"0.40 cts Very Light Pink I1/
0.74 cts Very Light Pink SI2
Mainstone - 02 pcs - 1.14 cts
18k Ring : 7.625 gram
WD : 71 / 0.31
PINK : 27 / 0.31",in stock,new,567378.38 THB,,https://www.colourdiam.com/Product/Jewellery/7152_7268/white45/center.jpg,ColourDiam,Apparel & Accessories > Jewelry,,1,,,,unisex,,,adult,,,,,,,,,GIA,Fine Jewelry
8555,1.00 cts Fancy Brownish Greenish Yellow VS2 Mainstone - 01 pcs - 1.00 cts 18k Ring : 3.238 gram WHITE : 32 / 0.36,"1.00 cts Fancy Brownish Greenish Yellow VS2
Mainstone - 01 pcs - 1.00 cts
18k Ring : 3.238 gram
WHITE : 32 / 0.36",in stock,new,226951.35 THB,https://colourdiam.com/productdetail/8555,https://www.colourdiam.com/Product/Jewellery/8555/white45/center.jpg,ColourDiam,Apparel & Accessories > Jewelry,,1,,,,unisex,,,adult,,,,,,,,,GIA,Fine Jewelry
8898,1.63 cts Fancy Yellow VS Mainstone - 01 pcs - 1.63 cts 18k Earring : 3.716 gram WHITE : 48 / 1.63,"1.63 cts Fancy Yellow VS
Mainstone - 01 pcs - 1.63 cts
18k Earring : 3.716 gram
WHITE : 48 / 1.63",in stock,new,45390.27 THB,https://colourdiam.com/productdetail/8898,https://www.colourdiam.com/Product/Jewellery/8898/white45/center.jpg,ColourDiam,Apparel & Accessories > Jewelry,,1,,,,unisex,,,adult,,,,,,,,,,Fine Jewelry
8179_5668,1.71 cts Fancy Light Greenish Yellow Si1 Mainstone - 01 pcs - 1.71 cts 18k Ring : 4.45 gram WHITE : 40 / 0.566 HALFMOON : 02 / 0.17 PINK : 18 / 0.20,"1.71 cts Fancy Light Greenish Yellow Si1
Mainstone - 01 pcs - 1.71 cts
18k Ring : 4.45 gram
WHITE : 40 / 0.566
HALFMOON : 02 / 0.17
PINK : 18 / 0.20",in stock,new,567378.38 THB,https://colourdiam.com/productdetail/Menu/8179/5668,https://www.colourdiam.com/Product/Jewellery/8179_5668/white45/center.jpg,ColourDiam,Apparel & Accessories > Jewelry,,1,,,,unisex,,,adult,,,,,,,,,GIA,Fine Jewelry
9131_9132,9.73 cts Ruby Light  Mainstone - 04 pcs - 9.73 cts Silver Earring/Pendant : 8.92 gram Yellow : 94 / 0.95,"9.73 cts Ruby Light 
Mainstone - 04 pcs - 9.73 cts
Silver Earring/Pendant : 8.92 gram
Yellow : 94 / 0.95",in stock,new,24586.4 THB,https://colourdiam.com/productdetail/Menu/9131/9132,https://www.colourdiam.com/Product/Jewellery/9131_9132/white45/center.jpg,ColourDiam,Apparel & Accessories > Jewelry,,1,,,,unisex,,,adult,,,,,,,,,,Fine Jewelry
9133,,,in stock,new,0 THB,https://colourdiam.com/productdetail/9133,https://www.colourdiam.com/Product/Jewellery/9133/white45/center.jpg,ColourDiam,Apparel & Accessories > Jewelry,,1,,,,unisex,,,adult,,,,,,,,,,Fine Jewelry
6156,1.01 cts D VS1 Mainstone - 01 pcs - 1.01 cts 18k Ring : 2.81 gram WHITE : 35 / 0.26,"1.01 cts D VS1
Mainstone - 01 pcs - 1.01 cts
18k Ring : 2.81 gram
WHITE : 35 / 0.26",in stock,new,170213.51 THB,https://colourdiam.com/productdetail/6156,https://www.colourdiam.com/Product/Jewellery/6156/white45/center.jpg,ColourDiam,Apparel & Accessories > Jewelry,,1,,,,unisex,,,adult,,,,,,,,,GIA,Fine Jewelry
6665,1.17 cts Fancy Pinkish Brown Si2 Mainstone - 01 pcs - 1.17 cts 18k Ring : 3.01 gram WHITE : 88 / 0.39,"1.17 cts Fancy Pinkish Brown Si2
Mainstone - 01 pcs - 1.17 cts
18k Ring : 3.01 gram
WHITE : 88 / 0.39",in stock,new,0 THB,https://colourdiam.com/productdetail/6665,https://www.colourdiam.com/Product/Jewellery/6665/white45/center.jpg,ColourDiam,Apparel & Accessories > Jewelry,,1,,,,unisex,,,adult,,,,,,,,,GIA,Fine Jewelry
7557,3.02 cts Light Greenish Yellow SI1 Mainstone - 01 pcs - 3.02 cts 18k Ring : 8.88 gram WHITE : 44 / 0.47 PEAR : 12 / 2.67 PINK : 26 / 0.26,"https://colourdiam.com/Product/Jewellery/Model%20images/7557/center.jpeg
https://colourdiam.com/Product/Jewellery/Model%20images/7557/colour-diam-model-images-390.jpeg",in stock,new,851067.56 THB,https://colourdiam.com/productdetail/7557,https://www.colourdiam.com/Product/Jewellery/7557/white45/center.jpg,ColourDiam,Apparel & Accessories > Jewelry,,1,,,,unisex,,,adult,,,,,,,,,GIA,Fine Jewelry
9148,3.36 cts Ruby Light Mainstone - 01 pcs - 3.36 cts Silver Earring : 3.75 gram Yellow : 64 / 0.32,"3.36 cts Ruby Light
Mainstone - 01 pcs - 3.36 cts
Silver Earring : 3.75 gram
Yellow : 64 / 0.32",in stock,new,5484.66 THB,https://colourdiam.com/productdetail/9148,https://www.colourdiam.com/Product/Jewellery/9148/white45/center.jpg,ColourDiam,Apparel & Accessories > Jewelry,,1,,,,unisex,,,adult,,,,,,,,,,Fine Jewelry
5425,0.43 cts Fancy Light Greenish Blue Vs2 (Undetermined) Mainstone - 01 pcs - 0.43 18k Ring : 4.27 gram WHITE : 97 / 0.73,"0.43 cts Fancy Light Greenish Blue Vs2 (Undetermined)
Mainstone - 01 pcs - 0.43
18k Ring : 4.27 gram
WHITE : 97 / 0.73",in stock,new,208038.74 THB,,https://www.colourdiam.com/Product/Jewellery/5425/white45/center.jpg,ColourDiam,Apparel & Accessories > Jewelry,,1,,,,unisex,,,adult,,,,,,,,,GIA,Fine Jewelry
6952,0.40 cts Faint Pink Si2 Mainstone - 01 pcs - 0.40 18k Ring : 4.05 gram WHITE : 17 /0.18 PEAR : 08 / 0.60,"0.40 cts Faint Pink Si2
Mainstone - 01 pcs - 0.40
18k Ring : 4.05 gram
WHITE : 17 /0.18
PEAR : 08 / 0.60",in stock,new,170213.51 THB,,https://www.colourdiam.com/Product/Jewellery/6952/white45/center.jpg,ColourDiam,Apparel & Accessories > Jewelry,,1,,,,unisex,,,adult,,,,,,,,,GIA,Fine Jewelry
3605,1.11 Fancy Yellow VVS Mainstone - 01 pcs - 1.11 18k Ring : 4.77 gram YELLOW : 34 / 0.296 WHITE : 34 / 0.277,"1.11 Fancy Yellow VVS
Mainstone - 01 pcs - 1.11
18k Ring : 4.77 gram
YELLOW : 34 / 0.296
WHITE : 34 / 0.277",in stock,new,151300.9 THB,,https://www.colourdiam.com/Product/Jewellery/3605/white45/center.jpg,ColourDiam,Apparel & Accessories > Jewelry,,1,,,,unisex,,,adult,,,,,,,,,AGL,Fine Jewelry
8178,1.20 cts Light Green Yellow VS1 Mainstone - 01 pcs - 1.20 18k Ring :  3.710 gram Baguettes  : 04 / 0.21 Round WHITE : 32 / 0.66,"1.20 cts Light Green Yellow VS1
Mainstone - 01 pcs - 1.20
18k Ring :  3.710 gram
Baguettes  : 04 / 0.21
Round WHITE : 32 / 0.66",in stock,new,283689.19 THB,,https://www.colourdiam.com/Product/Jewellery/8178/white45/center.jpg,ColourDiam,Apparel & Accessories > Jewelry,,1,,,,unisex,,,adult,,,,,,,,,GIA,Fine Jewelry
1980,0.75 cts Fancy Deep Yellowish Orange SI2 Mainstone - 01 pcs - 0.75 18k Ring : 2.560 gram Round WHITE : 16 / 0.14,"0.75 cts Fancy Deep Yellowish Orange SI2
Mainstone - 01 pcs - 0.75
18k Ring : 2.560 gram
Round WHITE : 16 / 0.14",in stock,new,151300.9 THB,https://colourdiam.com/productdetail/1980,https://www.colourdiam.com/Product/Jewellery/1980/white45/center.jpg,ColourDiam,Apparel & Accessories > Jewelry,,1,,,,unisex,,,adult,,,,,,,,,GIA,Fine Jewelry
4728,0.80 cts Fancy Light Green VVS2 Mainstone - 01 pcs - 0.80 18k Ring : 4.34 gram WHITE : 46 / 0.52 PINK : 0.10 TRAPEZOID : 02 / 0.15,"0.80 cts Fancy Light Green VVS2
Mainstone - 01 pcs - 0.80
18k Ring : 4.34 gram
WHITE : 46 / 0.52
PINK : 0.10
TRAPEZOID : 02 / 0.15",in stock,new,208038.74 THB,https://colourdiam.com/productdetail/4728,https://www.colourdiam.com/Product/Jewellery/4728/white45/center.jpg,ColourDiam,Apparel & Accessories > Jewelry,,1,,,,unisex,,,adult,,,,,,,,,GIA,Fine Jewelry
9156,0.44 Ct Blue Sapphire 18K  Earring : 5.782 gram Main Stone - 70 Pcs - 0.44 Cts WHITE : 138 / 0.66,"0.44 Ct Blue Sapphire
18K  Earring : 5.782 gram
Main Stone - 70 Pcs - 0.44 Cts
WHITE : 138 / 0.66",in stock,new,0 THB,https://colourdiam.com/productdetail/9156,https://www.colourdiam.com/Product/Jewellery/9156/white45/center.jpg,ColourDiam,Apparel & Accessories > Jewelry,,1,,,,unisex,,,adult,,,,,,,,,,Fine Jewelry
9026_9024,"0.3 Ct G SI1 0.3 Ct G SI1 18K - Earring : 1.067 gram Main Stone - 2 Pcs 0.60 Cts","0.3 Ct G SI1
0.3 Ct G SI1
18K - Earring : 1.067 gram
Main Stone - 2 Pcs 0.60 Cts",in stock,new,20803.87 THB,,https://www.colourdiam.com/Product/Jewellery/9026_9024/white45/center.jpg,ColourDiam,Apparel & Accessories > Jewelry,,1,,,,unisex,,,adult,,,,,,,,,IGI,Fine Jewelry
9028_9121,"0.3 Ct G SI1  0.3 Ct G SI1  18K - Earring : 1.061 gram  Main Stone - 2 Pcs 0.60 Cts",https://colourdiam.com/Product/Jewellery/Model%20images/9028_9121/center.jpeg,in stock,new,20803.87 THB,https://colourdiam.com/productdetail/Menu/9028/9121,https://www.colourdiam.com/Product/Jewellery/9028_9121/white45/center.jpg,ColourDiam,Apparel & Accessories > Jewelry,,1,,,,unisex,,,adult,,,,,,,,,IGI,Fine Jewelry
9029_9056,"0.3 Ct G SI1  0.3 Ct G SI1  18K - Earring : 1.069 gram  Main Stone - 2 Pcs 0.60 Cts","0.3 Ct G SI1 
0.3 Ct G SI1 
18K - Earring : 1.069 gram 
Main Stone - 2 Pcs 0.60 Cts",in stock,new,20803.87 THB,https://colourdiam.com/productdetail/Menu/9029/9056,https://www.colourdiam.com/Product/Jewellery/9029_9056/white45/center.jpg,ColourDiam,Apparel & Accessories > Jewelry,,1,,,,unisex,,,adult,,,,,,,,,IGI,Fine Jewelry
9030_9048,"0.3 Ct G SI1  0.3 Ct G SI1  18K - Earring : 1.114 gram  Main Stone - 2 Pcs 0.60 Cts",https://colourdiam.com/Product/Jewellery/Model%20images/9030_9048/center.jpeg,in stock,new,20803.87 THB,https://colourdiam.com/productdetail/Menu/9030/9048,https://www.colourdiam.com/Product/Jewellery/9030_9048/white45/center.jpg,ColourDiam,Apparel & Accessories > Jewelry,,1,,,,unisex,,,adult,,,,,,,,,IGI,Fine Jewelry
9031_9071,"0.3 Ct G SI1 0.3 Ct G SI1 18K - Earring : 1.034 gram Main Stone - 2 Pcs 0.60 Cts","0.3 Ct G SI1
0.3 Ct G SI1
18K - Earring : 1.034 gram
Main Stone - 2 Pcs 0.60 Cts",in stock,new,20803.87 THB,https://colourdiam.com/productdetail/Menu/9031/9071,https://www.colourdiam.com/Product/Jewellery/9031_9071/white45/center.jpg,ColourDiam,Apparel & Accessories > Jewelry,,1,,,,unisex,,,adult,,,,,,,,,IGI,Fine Jewelry
9032_9087,"0.3 Ct E SI1 0.3 Ct G SI1 18K - Earring : 1.027 gram Main Stone - 2 Pcs 0.60 Cts","0.3 Ct E SI1
0.3 Ct G SI1
18K - Earring : 1.027 gram
Main Stone - 2 Pcs 0.60 Cts",in stock,new,20803.87 THB,https://colourdiam.com/productdetail/Menu/9032/9087,https://www.colourdiam.com/Product/Jewellery/9032_9087/white45/center.jpg,ColourDiam,Apparel & Accessories > Jewelry,,1,,,,unisex,,,adult,,,,,,,,,IGI,Fine Jewelry
9034_9120,"0.3 Ct F SI1 0.3 Ct G SI1 18K - Earring : 1.036 gram Main Stone - 2 Pcs 0.60 Cts","0.3 Ct F SI1
0.3 Ct G SI1
18K - Earring : 1.036 gram
Main Stone - 2 Pcs 0.60 Cts",in stock,new,20803.87 THB,https://colourdiam.com/productdetail/Menu/9034/9120,https://www.colourdiam.com/Product/Jewellery/9034_9120/white45/center.jpg,ColourDiam,Apparel & Accessories > Jewelry,,1,,,,unisex,,,adult,,,,,,,,,IGI,Fine Jewelry
9037_9055,"0.3 Ct G SI1 0.3 Ct G SI1 18K - Earring : 1.029 gram Main Stone - 2 Pcs 0.60 Cts","0.3 Ct G SI1
0.3 Ct G SI1
18K - Earring : 1.029 gram
Main Stone - 2 Pcs 0.60 Cts",in stock,new,20803.87 THB,https://colourdiam.com/productdetail/Menu/9037/9055,https://www.colourdiam.com/Product/Jewellery/9037_9055/white45/center.jpg,ColourDiam,Apparel & Accessories > Jewelry,,1,,,,unisex,,,adult,,,,,,,,,IGI,Fine Jewelry
9040_9089,"0.3 Ct G SI1 0.3 Ct G SI1 18K - Earring : 1.102 gram Main Stone - 2 Pcs 0.60 Cts","0.3 Ct G SI1
0.3 Ct G SI1
18K - Earring : 1.102 gram
Main Stone - 2 Pcs 0.60 Cts",in stock,new,20803.87 THB,https://colourdiam.com/productdetail/Menu/9040/9089,https://www.colourdiam.com/Product/Jewellery/9040_9089/white45/center.jpg,ColourDiam,Apparel & Accessories > Jewelry,,1,,,,unisex,,,adult,,,,,,,,,IGI,Fine Jewelry
9041_9067,"0.3 Ct G SI1 0.3 Ct G SI1 18K - Earring : 1.087 gram Main Stone - 2 Pcs 0.60 Cts",https://colourdiam.com/Product/Jewellery/Model%20images/9041_9067/center.jpeg,in stock,new,20803.87 THB,https://colourdiam.com/productdetail/Menu/9041/9067,https://www.colourdiam.com/Product/Jewellery/9041_9067/white45/center.jpg,ColourDiam,Apparel & Accessories > Jewelry,,1,,,,unisex,,,adult,,,,,,,,,IGI,Fine Jewelry
9042_9075,"0.3 Ct G SI1 0.3 Ct G SI1 18K - Earring : 1.068 gram Main Stone - 2 Pcs 0.60 Cts",https://colourdiam.com/Product/Jewellery/Model%20images/9042_9075/center.jpeg,in stock,new,20803.87 THB,https://colourdiam.com/productdetail/Menu/9042/9075,https://www.colourdiam.com/Product/Jewellery/9042_9075/white45/center.jpg,ColourDiam,Apparel & Accessories > Jewelry,,1,,,,unisex,,,adult,,,,,,,,,IGI,Fine Jewelry
9044_9049,"0.3 Ct G SI1 0.3 Ct G SI1 18K - Earring : 1.020 gram Main Stone - 2 Pcs 0.60 Cts","0.3 Ct G SI1
0.3 Ct G SI1
18K - Earring : 1.020 gram
Main Stone - 2 Pcs 0.60 Cts",in stock,new,20803.87 THB,https://colourdiam.com/productdetail/Menu/9044/9049,https://www.colourdiam.com/Product/Jewellery/9044_9049/white45/center.jpg,ColourDiam,Apparel & Accessories > Jewelry,,1,,,,unisex,,,adult,,,,,,,,,IGI,Fine Jewelry
9045_9061,"0.3 Ct G SI1 0.3 Ct G SI1 18K - Earring : 1.104 gram Main Stone - 2 Pcs 0.60 Cts","0.3 Ct G SI1
0.3 Ct G SI1
18K - Earring : 1.104 gram
Main Stone - 2 Pcs 0.60 Cts",in stock,new,20803.87 THB,https://colourdiam.com/productdetail/Menu/9045/9061,https://www.colourdiam.com/Product/Jewellery/9045_9061/white45/center.jpg,ColourDiam,Apparel & Accessories > Jewelry,,1,,,,unisex,,,adult,,,,,,,,,IGI,Fine Jewelry
9046_9107,"0.3 Ct G SI1 0.3 Ct F SI1 18K - Earring : 1.015 gram Main Stone - 2 Pcs 0.60 Cts","0.3 Ct G SI1
0.3 Ct F SI1
18K - Earring : 1.015 gram
Main Stone - 2 Pcs 0.60 Cts",in stock,new,20803.87 THB,https://colourdiam.com/productdetail/Menu/9046/9107,https://www.colourdiam.com/Product/Jewellery/9046_9107/white45/center.jpg,ColourDiam,Apparel & Accessories > Jewelry,,1,,,,unisex,,,adult,,,,,,,,,IGI,Fine Jewelry
9047_9108,"0.3 Ct G SI1 0.3 Ct F SI1 18K - Earring : 1.067 gram Main Stone - 2 Pcs 0.60 Cts",https://colourdiam.com/Product/Jewellery/Model%20images/9047_9108/center.jpeg,in stock,new,20803.87 THB,https://colourdiam.com/productdetail/Menu/9047/9108,https://www.colourdiam.com/Product/Jewellery/9047_9108/white45/center.jpg,ColourDiam,Apparel & Accessories > Jewelry,,1,,,,unisex,,,adult,,,,,,,,,IGI,Fine Jewelry
9050_9127,"0.3 Ct G SI1 0.3 Ct G SI1 18K - Earring : 1.089 gram Main Stone - 2 Pcs 0.60 Cts",https://colourdiam.com/Product/Jewellery/Model%20images/9050_9127/center.jpeg,in stock,new,20803.87 THB,https://colourdiam.com/productdetail/Menu/9050/9127,https://www.colourdiam.com/Product/Jewellery/9050_9127/white45/center.jpg,ColourDiam,Apparel & Accessories > Jewelry,,1,,,,unisex,,,adult,,,,,,,,,IGI,Fine Jewelry
9060_9077,"0.3 Ct G SI1 0.3 Ct G SI1 18K - Earring : 1.037 gram Main Stone - 2 Pcs 0.60 Cts","0.3 Ct G SI1
0.3 Ct G SI1
18K - Earring : 1.037 gram
Main Stone - 2 Pcs 0.60 Cts",in stock,new,20803.87 THB,https://colourdiam.com/productdetail/Menu/9060/9077,https://www.colourdiam.com/Product/Jewellery/9060_9077/white45/center.jpg,ColourDiam,Apparel & Accessories > Jewelry,,1,,,,unisex,,,adult,,,,,,,,,IGI,Fine Jewelry
9062_9078,"0.3 Ct G SI1 0.3 Ct G SI1 18K - Earring : 1.023 gram Main Stone - 2 Pcs 0.60 Cts","0.3 Ct G SI1
0.3 Ct G SI1
18K - Earring : 1.023 gram
Main Stone - 2 Pcs 0.60 Cts",in stock,new,20803.87 THB,https://colourdiam.com/productdetail/Menu/9062/9078,https://www.colourdiam.com/Product/Jewellery/9062_9078/white45/center.jpg,ColourDiam,Apparel & Accessories > Jewelry,,1,,,,unisex,,,adult,,,,,,,,,IGI,Fine Jewelry
9063_9074,"0.3 Ct G SI1 0.3 Ct G SI1 18K - Earring : 1.101 gram Main Stone - 2 Pcs 0.60 Cts","0.3 Ct G SI1
0.3 Ct G SI1
18K - Earring : 1.101 gram
Main Stone - 2 Pcs 0.60 Cts",in stock,new,20803.87 THB,https://colourdiam.com/productdetail/Menu/9063/9074,https://www.colourdiam.com/Product/Jewellery/9063_9074/white45/center.jpg,ColourDiam,Apparel & Accessories > Jewelry,,1,,,,unisex,,,adult,,,,,,,,,IGI,Fine Jewelry
9064_9103,"0.3 Ct G SI1 0.3 Ct F SI1 18K - Earring : 1.027 gram Main Stone - 2 Pcs 0.60 Cts","0.3 Ct G SI1
0.3 Ct F SI1
18K - Earring : 1.027 gram
Main Stone - 2 Pcs 0.60 Cts",in stock,new,1891.26 THB,https://colourdiam.com/productdetail/Menu/9064/9103,https://www.colourdiam.com/Product/Jewellery/9064_9103/white45/center.jpg,ColourDiam,Apparel & Accessories > Jewelry,,1,,,,unisex,,,adult,,,,,,,,,IGI,Fine Jewelry
9065_9113,"0.3 Ct G SI1 0.3 Ct G SI1 18K - Earring : 1.106 gram Main Stone - 2 Pcs 0.60 Cts",https://colourdiam.com/Product/Jewellery/Model%20images/9065_9113/center.jpeg,in stock,new,20803.87 THB,https://colourdiam.com/productdetail/Menu/9065/9113,https://www.colourdiam.com/Product/Jewellery/9065_9113/white45/center.jpg,ColourDiam,Apparel & Accessories > Jewelry,,1,,,,unisex,,,adult,,,,,,,,,IGI,Fine Jewelry
9066_9124,"0.3 Ct G SI1 0.3 Ct G SI1 18K - Earring : 1.064 gram Main Stone - 2 Pcs 0.60 Cts","0.3 Ct G SI1
0.3 Ct G SI1
18K - Earring : 1.064 gram
Main Stone - 2 Pcs 0.60 Cts",in stock,new,20803.87 THB,https://colourdiam.com/productdetail/Menu/9066/9124,https://www.colourdiam.com/Product/Jewellery/9066_9124/white45/center.jpg,ColourDiam,Apparel & Accessories > Jewelry,,1,,,,unisex,,,adult,,,,,,,,,IGI,Fine Jewelry
9068_9102,"0.3 Ct G SI1 0.3 Ct F SI1 18K - Earring : 1.037 gram Main Stone - 2 Pcs 0.60 Cts","0.3 Ct G SI1
0.3 Ct F SI1
18K - Earring : 1.037 gram
Main Stone - 2 Pcs 0.60 Cts",in stock,new,20803.87 THB,https://colourdiam.com/productdetail/Menu/9068/9102,https://www.colourdiam.com/Product/Jewellery/9068_9102/white45/center.jpg,ColourDiam,Apparel & Accessories > Jewelry,,1,,,,unisex,,,adult,,,,,,,,,IGI,Fine Jewelry
9069_9079,"0.3 Ct G SI1 0.3 Ct G SI1 18K - Earring : 1.019 gram Main Stone - 2 Pcs 0.60 Cts","0.3 Ct G SI1
0.3 Ct G SI1
18K - Earring : 1.019 gram
Main Stone - 2 Pcs 0.60 Cts",in stock,new,20803.87 THB,https://colourdiam.com/productdetail/Menu/9069/9079,https://www.colourdiam.com/Product/Jewellery/9069_9079/white45/center.jpg,ColourDiam,Apparel & Accessories > Jewelry,,1,,,,unisex,,,adult,,,,,,,,,IGI,Fine Jewelry
9072_9100,"0.3 Ct G SI1 0.3 Ct F SI1 18K - Earring : 1.095 gram Main Stone - 2 Pcs 0.60 Cts",https://colourdiam.com/Product/Jewellery/Model%20images/9072_9100/center.jpeg,in stock,new,20803.87 THB,https://colourdiam.com/productdetail/Menu/9072/9100,https://www.colourdiam.com/Product/Jewellery/9072_9100/white45/center.jpg,ColourDiam,Apparel & Accessories > Jewelry,,1,,,,unisex,,,adult,,,,,,,,,IGI,Fine Jewelry
9088_9118,"0.3 Ct G SI1 0.3 Ct G SI1 18K - Earring : 1.028 gram Main Stone - 2 Pcs 0.60 Cts","0.3 Ct G SI1
0.3 Ct G SI1
18K - Earring : 1.028 gram
Main Stone - 2 Pcs 0.60 Cts",in stock,new,20803.87 THB,https://colourdiam.com/productdetail/Menu/9088/9118,https://www.colourdiam.com/Product/Jewellery/9088_9118/white45/center.jpg,ColourDiam,Apparel & Accessories > Jewelry,,1,,,,unisex,,,adult,,,,,,,,,IGI,Fine Jewelry
9092_9110,"0.3 Ct G SI1 0.3 Ct F SI1 18K - Earring : 1.055 gram Main Stone - 2 Pcs 0.60 Cts",https://colourdiam.com/Product/Jewellery/Model%20images/9092_9110/center.jpeg,in stock,new,20803.87 THB,https://colourdiam.com/productdetail/Menu/9092/9110,https://www.colourdiam.com/Product/Jewellery/9092_9110/white45/center.jpg,ColourDiam,Apparel & Accessories > Jewelry,,1,,,,unisex,,,adult,,,,,,,,,IGI,Fine Jewelry
9104_9033,"0.3 Ct F SI1 0.3 Ct F SI1 18K - Earring : 1.027 gram Main Stone - 2 Pcs 0.60 Cts","0.3 Ct F SI1
0.3 Ct F SI1
18K - Earring : 1.027 gram
Main Stone - 2 Pcs 0.60 Cts",in stock,new,20803.87 THB,https://colourdiam.com/productdetail/Menu/9101/9051,https://www.colourdiam.com/Product/Jewellery/9101_9051/white45/center.jpg,ColourDiam,Apparel & Accessories > Jewelry,,1,,,,unisex,,,adult,,,,,,,,,IGI,Fine Jewelry
9106_9128,"0.3 Ct F SI1 0.3 Ct G SI1 18K - Earring : 1.072 gram Main Stone - 2 Pcs 0.60 Cts","0.3 Ct F SI1
0.3 Ct G SI1
18K - Earring : 1.072 gram
Main Stone - 2 Pcs 0.60 Cts",in stock,new,20803.87 THB,https://colourdiam.com/productdetail/Menu/9104/9033,https://www.colourdiam.com/Product/Jewellery/9104_9033/white45/center.jpg,ColourDiam,Apparel & Accessories > Jewelry,,1,,,,unisex,,,adult,,,,,,,,,IGI,Fine Jewelry
9116_9123,"0.3 Ct G SI1 0.3 Ct G SI1 18K - Earring : 1.024 gram Main Stone - 2 Pcs 0.60 Cts","0.3 Ct G SI1
0.3 Ct G SI1
18K - Earring : 1.024 gram
Main Stone - 2 Pcs 0.60 Cts",in stock,new,20803.87 THB,https://colourdiam.com/productdetail/Menu/9106/9128,https://www.colourdiam.com/Product/Jewellery/9106_9128/white45/center.jpg,ColourDiam,Apparel & Accessories > Jewelry,,1,,,,unisex,,,adult,,,,,,,,,IGI,Fine Jewelry
9122_9126,"0.3 Ct G SI1 0.3 Ct G SI1 18K - Earring : 1.057 gram Main Stone - 2 Pcs 0.60 Cts",https://colourdiam.com/Product/Jewellery/Model%20images/9122_9126/center.jpeg,in stock,new,20803.87 THB,https://colourdiam.com/productdetail/Menu/9116/9123,https://www.colourdiam.com/Product/Jewellery/9116_9123/white45/center.jpg,ColourDiam,Apparel & Accessories > Jewelry,,1,,,,unisex,,,adult,,,,,,,,,IGI,Fine Jewelry
9025_9027,"0.3 Ct G SI1 0.3 Ct G SI1 18K - Earring : 1.070 gram Main Stone - 2 Pcs 0.60 Cts",https://colourdiam.com/Product/Jewellery/Model%20images/9025_9027/center.jpeg,in stock,new,20803.87 THB,https://colourdiam.com/productdetail/Menu/9122/9126,https://www.colourdiam.com/Product/Jewellery/9122_9126/white45/center.jpg,ColourDiam,Apparel & Accessories > Jewelry,,1,,,,unisex,,,adult,,,,,,,,,IGI,Fine Jewelry
9035_9109,"0.3 Ct F SI1 0.3 Ct F SI1 18K - Earring : 1.019 gram Main Stone - 2 Pcs 0.60 Cts","https://colourdiam.com/Product/Jewellery/Model%20images/9025_9027/center.jpeg
https://colourdiam.com/Product/Jewellery/Model%20images/9025_9027/colour-diam-model-images-480.jpeg",in stock,new,20803.87 THB,https://colourdiam.com/productdetail/Menu/9025/9027,https://www.colourdiam.com/Product/Jewellery/9025_9027/white45/center.jpg,ColourDiam,Apparel & Accessories > Jewelry,,1,,,,unisex,,,adult,,,,,,,,,IGI,Fine Jewelry
9036_9119,0.3 Ct F SI1 0.3 Ct G SI1 18K - Earring : 1.039 gram Main Stone - 2 Pcs 0.60 Cts,"0.3 Ct F SI1
0.3 Ct G SI1
18K - Earring : 1.039 gram
Main Stone - 2 Pcs 0.60 Cts",in stock,new,20803.87 THB,https://colourdiam.com/productdetail/Menu/9035/9109,https://www.colourdiam.com/Product/Jewellery/9035_9109/white45/center.jpg,ColourDiam,Apparel & Accessories > Jewelry,,1,,,,unisex,,,adult,,,,,,,,,IGI,Fine Jewelry
9039_9043,"0.3 Ct G SI1 0.3 Ct G SI1 18K - Earring : 1.012 gram Main Stone - 2 Pcs 0.60 Cts","0.3 Ct G SI1
0.3 Ct G SI1
18K - Earring : 1.012 gram
Main Stone - 2 Pcs 0.60 Cts",in stock,new,20803.87 THB,https://colourdiam.com/productdetail/Menu/9036/9119,https://www.colourdiam.com/Product/Jewellery/9036_9119/white45/center.jpg,ColourDiam,Apparel & Accessories > Jewelry,,1,,,,unisex,,,adult,,,,,,,,,IGI,Fine Jewelry
5424_8731,0.55 cts Faint Blue (Undetermined) Vs1 Mainstone - 01 pcs - 0.55 cts 18k Ring : 4.186 gram WHITE : 90 / 0.40,"0.55 cts Faint Blue (Undetermined) Vs1
Mainstone - 01 pcs - 0.55 cts
18k Ring : 4.186 gram
WHITE : 90 / 0.40",in stock,new,208038.74 THB,https://colourdiam.com/productdetail/Menu/9039/9043,https://www.colourdiam.com/Product/Jewellery/9039_9043/white45/center.jpg,ColourDiam,Apparel & Accessories > Jewelry,,1,,,,unisex,,,adult,,,,,,,,,GIA,Fine Jewelry
9150,2.04 cts F VS2 18K  Ring : 2.900 gram Main Stone - 1 pcs - 2.04 Cts,"2.04 cts F VS2
18K  Ring : 2.900 gram
Main Stone - 1 pcs - 2.04 Cts",in stock,new,37825.23 THB,https://colourdiam.com/productdetail/Menu/5424/8731,https://www.colourdiam.com/Product/Jewellery/5424_8731/white45/center.jpg,ColourDiam,Apparel & Accessories > Jewelry,,1,,,,unisex,,,adult,,,,,,,,,IGI,Fine Jewelry
8553,1.24 cts Fancy Brownish Greenish Yellow VS2 Mainstone - 01 pcs - 1.24 cts 18k Ring : 3.477 gram WHITE : 32 / 0.48,"1.24 cts Fancy Brownish Greenish Yellow VS2
Mainstone - 01 pcs - 1.24 cts
18k Ring : 3.477 gram
WHITE : 32 / 0.48",in stock,new,226951.35 THB,https://colourdiam.com/productdetail/9150,https://www.colourdiam.com/Product/Jewellery/9150/white45/center.jpg,ColourDiam,Apparel & Accessories > Jewelry,,1,,,,unisex,,,adult,,,,,,,,,GIA,Fine Jewelry
9176,0.10 cts Fancy Pink VS Mainstone -  18 pcs - 0.10 cts 18k Pendant :  1.261 gram WHITE :  30 / 0.204,"0.10 cts Fancy Pink VS
Mainstone -  18 pcs - 0.10 cts
18k Pendant :  1.261 gram
WHITE :  30 / 0.204",in stock,new,94563.06 THB,https://colourdiam.com/productdetail/8553,https://www.colourdiam.com/Product/Jewellery/8553/white45/center.jpg,ColourDiam,Apparel & Accessories > Jewelry,,1,,,,unisex,,,adult,,,,,,,,,,Fine Jewelry
5754_6998,1.22 Ct Fancy Yellow 1.38 Ct Fancy Yellow SI2 18K - Earring : 9.780 gram Main Stone - 2 Pcs - 2.60 Cts Round YELLOW : 48 / 0.28  Round WHITE : 66 / 2.55,https://colourdiam.com/Product/Jewellery/Model%20images/5754_6998/center.jpeg,in stock,new,680854.05 THB,https://colourdiam.com/productdetail/9176,https://www.colourdiam.com/Product/Jewellery/9176/white45/center.jpg,ColourDiam,Apparel & Accessories > Jewelry,,1,,,,unisex,,,adult,,,,,,,,,GIA,Fine Jewelry
8716,0.60 cts Light  Yellow Green SI1 18k Ring : 5.324 gram Main Stone - 1 Pcs - 0.66 cts MQ : 08 / 0.47 WHITE : 66 / 0.44,https://colourdiam.com/Product/Jewellery/Model%20images/8716/center.jpeg,in stock,new,302601.8 THB,https://colourdiam.com/productdetail/Menu/5754/6998,https://www.colourdiam.com/Product/Jewellery/5754_6998/white45/center.jpg,ColourDiam,Apparel & Accessories > Jewelry,,1,,,,unisex,,,adult,,,,,,,,,GIA,Fine Jewelry
5478,2.01 cts Fancy Light Brownish  Yellow I1 18k Ring : 6.533 gram Main Stone - 1 pcs - 2.01 cts WHITE : 80 / 0.82,"https://colourdiam.com/Product/Jewellery/Model%20images/8716/center.jpeg
https://colourdiam.com/Product/Jewellery/Model%20images/8716/colour-diam-model-images-478.jpeg",in stock,new,302601.8 THB,https://colourdiam.com/productdetail/8716,https://www.colourdiam.com/Product/Jewellery/8716/white45/center.jpg,ColourDiam,Apparel & Accessories > Jewelry,,1,,,,unisex,,,adult,,,,,,,,,GIA,Fine Jewelry
8392_5662,1.82 cts Fancy Light Brownish  Yellow Vs2 18k Ring : 5.066 gram Main Stone - 1 pcs - 1.82 cts HALFMOON : 02 / 0.16 WHITE : 50 / 0.54,"1.82 cts Fancy Light Brownish  Yellow Vs2
18k Ring : 5.066 gram
Main Stone - 1 pcs - 1.82 cts
HALFMOON : 02 / 0.16
WHITE : 50 / 0.54",in stock,new,245863.96 THB,https://colourdiam.com/productdetail/5478,https://www.colourdiam.com/Product/Jewellery/5478/white45/center.jpg,ColourDiam,Apparel & Accessories > Jewelry,,1,,,,unisex,,,adult,,,,,,,,,GIA,Fine Jewelry
8556,1.35 cts Fancy Light Brownish Greenish Yellow Vs2 18k Ring : 6.23 gram Main Stone - 1 pcs - 1.35 cts PEAR : 08 / 1.28 WHITE : 34 / 0.68,"1.35 cts Fancy Light Brownish Greenish Yellow Vs2
18k Ring : 6.23 gram
Main Stone - 1 pcs - 1.35 cts
PEAR : 08 / 1.28
WHITE : 34 / 0.68",in stock,new,340427.03 THB,https://colourdiam.com/productdetail/Menu/8392/5662,https://www.colourdiam.com/Product/Jewellery/8392_5662/white45/center.jpg,ColourDiam,Apparel & Accessories > Jewelry,,1,,,,unisex,,,adult,,,,,,,,,GIA,Fine Jewelry
7476,2 cts Fancy Brownish Yellow SI1 18K Ring : 4.095 gram Main Stone - 1 Pcs - 2.00 Cts WHITE : 39 / 0.44,"2 cts Fancy Brownish Yellow SI1
18K Ring : 4.095 gram
Main Stone - 1 Pcs - 2.00 Cts
WHITE : 39 / 0.44",in stock,new,321514.41 THB,,https://www.colourdiam.com/Product/Jewellery/8556/white45/center.jpg,ColourDiam,Apparel & Accessories > Jewelry,,1,,,,unisex,,,adult,,,,,,,,,GIA,Fine Jewelry
7070,1.01 Ct Fancy Green SI 18K Ring : 5.037 gram Main Stone - 1 Pcs - 1.01 Cts WHITE : 18 / 1.37,"1.01 Ct Fancy Green SI
18K Ring : 5.037 gram
Main Stone - 1 Pcs - 1.01 Cts
WHITE : 18 / 1.37",in stock,new,189126.13 THB,,https://www.colourdiam.com/Product/Jewellery/7476/white45/center.jpg,ColourDiam,Apparel & Accessories > Jewelry,,1,,,,unisex,,,adult,,,,,,,,,AGL,Fine Jewelry
6325,1.01 Ct H SI2 18K Ring : 2.440 gram Main Stone - 1 Pcs - 1.01 Cts WHITE : 154 / 0.70,"1.01 Ct H SI2
18K Ring : 2.440 gram
Main Stone - 1 Pcs - 1.01 Cts
WHITE : 154 / 0.70",in stock,new,151300.9 THB,https://colourdiam.com/productdetail/7070,https://www.colourdiam.com/Product/Jewellery/7070/white45/center.jpg,ColourDiam,Apparel & Accessories > Jewelry,,1,,,,unisex,,,adult,,,,,,,,,HRD,Fine Jewelry
3485,1.71 cts Fancy Green Ring VS 18 k : 3.623 gram  Main Stone - 1 Pcs - 1.71Cts WD : 18 / 0.19 TRILLION : 2 / 0.27,"1.71 cts Fancy Green Ring VS
18 k : 3.623 gram 
Main Stone - 1 Pcs - 1.71Cts
WD : 18 / 0.19
TRILLION : 2 / 0.27",in stock,new,321514.41 THB,,https://www.colourdiam.com/Product/Jewellery/6325/white45/center.jpg,ColourDiam,Apparel & Accessories > Jewelry,,1,,,,unisex,,,adult,,,,,,,,,AGL,Fine Jewelry
8552,1.2 Ct Fancy Brownish Greenish Yellow SI2 18K - Ring : 2.867 gram Main Stone - 1 Pcs - 1.20 Cts WHITE 32 / 0.36,"1.2 Ct Fancy Brownish Greenish Yellow SI2
18K - Ring : 2.867 gram
Main Stone - 1 Pcs - 1.20 Cts
WHITE 32 / 0.36",in stock,new,302601.8 THB,https://colourdiam.com/productdetail/3485,https://www.colourdiam.com/Product/Jewellery/3485/white45/center.jpg,ColourDiam,Apparel & Accessories > Jewelry,,1,,,,unisex,,,adult,,,,,,,,,GIA,Fine Jewelry
8584,1.04 Cts Faint Green I2 18K  Ring : 4.908 gram Main Stone - 1 Pcs - 1.04 Cts WHITE : 89 / 0.44,"1.04 Cts Faint Green I2
18K  Ring : 4.908 gram
Main Stone - 1 Pcs - 1.04 Cts
WHITE : 89 / 0.44",in stock,new,245863.96 THB,,https://www.colourdiam.com/Product/Jewellery/8552/white45/center.jpg,ColourDiam,Apparel & Accessories > Jewelry,,1,,,,unisex,,,adult,,,,,,,,,GIA,Fine Jewelry
8673,0.43 Ct Faint Pink VS1 18K - Ring : 3.223 gram Main Stone - 1 Pcs - 0.43 Cts BAGUETTES :14 / 0.28  WHITE : 58 / 0.25,"0.43 Ct Faint Pink VS1
18K - Ring : 3.223 gram
Main Stone - 1 Pcs - 0.43 Cts
BAGUETTES :14 / 0.28 
WHITE : 58 / 0.25",in stock,new,245863.96 THB,https://colourdiam.com/productdetail/8584,https://www.colourdiam.com/Product/Jewellery/8584/white45/center.jpg,ColourDiam,Apparel & Accessories > Jewelry,,1,,,,unisex,,,adult,,,,,,,,,GIA,Fine Jewelry
8821_8769,1.01 CtS Light Yellow Green VS2 / 1.04 CtS Light Green Yellow SI2 18K Ring : 4.655 gram Main Stone - 2 Pcs - 2.05 Cts BAHUETTES : 20 / 0.49,"1.01 CtS Light Yellow Green VS2 /
1.04 CtS Light Green Yellow SI2
18K Ring : 4.655 gram
Main Stone - 2 Pcs - 2.05 Cts
BAHUETTES : 20 / 0.49",in stock,new,453902.7 THB,https://colourdiam.com/productdetail/8673,https://www.colourdiam.com/Product/Jewellery/8673/white45/center.jpg,ColourDiam,Apparel & Accessories > Jewelry,,1,,,,unisex,,,adult,,,,,,,,,GIA,Fine Jewelry
8738_8534,1 CtS Faint Green VS2 / 1.06 CtS Faint Pink VS1 18K Ring : 5.179 gram Main Stone - 2 Pcs - 2.06 Cts WHITE : 102 / 0.78,"1 CtS Faint Green VS2 /
1.06 CtS Faint Pink VS1
18K Ring : 5.179 gram
Main Stone - 2 Pcs - 2.06 Cts
WHITE : 102 / 0.78",in stock,new,945630.63 THB,,https://www.colourdiam.com/Product/Jewellery/8821_8769/white45/center.jpg,ColourDiam,Apparel & Accessories > Jewelry,,1,,,,unisex,,,adult,,,,,,,,,GIA,Fine Jewelry
8558,1.03 CtS Fancy Brownish Greenish Yellow VS1 18K Ring : 3.782 gram Main Stone - 1 Pcs - 1.03 Cts WHITE : 28 / 0.14,"1.03 CtS Fancy Brownish Greenish Yellow VS1
18K Ring : 3.782 gram
Main Stone - 1 Pcs - 1.03 Cts
WHITE : 28 / 0.14",in stock,new,264776.58 THB,,https://www.colourdiam.com/Product/Jewellery/8738_8534/white45/center.jpg,ColourDiam,Apparel & Accessories > Jewelry,,1,,,,unisex,,,adult,,,,,,,,,GIA,Fine Jewelry
8945,"1.13 Ct U-V VS1 18K Ring : 5.500 gram Main Stone - 1 Pcs - 1.13 Cts MARQUISE : 4 / 0.74 OVAL : 4 / 0.96  WHITE 14 / 0.21 YELLOW : 17 / 0.18","1.13 Ct U-V VS1
18K Ring : 5.500 gram
Main Stone - 1 Pcs - 1.13 Cts
MARQUISE : 4 / 0.74
OVAL : 4 / 0.96
 WHITE 14 / 0.21
YELLOW : 17 / 0.18",in stock,new,208038.74 THB,,https://www.colourdiam.com/Product/Jewellery/8558/white45/center.jpg,ColourDiam,Apparel & Accessories > Jewelry,,1,,,,unisex,,,adult,,,,,,,,,GIA,Fine Jewelry
9220,"0.4 Ct Fancy Intense Yellow VS 18K Ring : 1.723 gram Main Stone - 1 Pcs - 0.40 Cts WHITE : 40 / 0.19","0.4 Ct Fancy Intense Yellow VS
18K Ring : 1.723 gram
Main Stone - 1 Pcs - 0.40 Cts
WHITE : 40 / 0.19",in stock,new,30260.18 THB,https://colourdiam.com/productdetail/8945,https://www.colourdiam.com/Product/Jewellery/8945/white45/center.jpg,ColourDiam,Apparel & Accessories > Jewelry,,1,,,,unisex,,,adult,,,,,,,,,AGL,Fine Jewelry
8840,"1.6 Ct Fancy Light Brownish Greenish Yellow VS1 18K Ring : 4.817 gram Main Stone - 1 Pcs - 1.60 Cts PEAR : 8 / 0.75  WHITE : 4 / 0.10  PINK : 54 / 0.28","1.6 Ct Fancy Light Brownish Greenish Yellow VS1
18K Ring : 4.817 gram
Main Stone - 1 Pcs - 1.60 Cts
PEAR : 8 / 0.75 
WHITE : 4 / 0.10 
PINK : 54 / 0.28",in stock,new,283689.19 THB,https://colourdiam.com/productdetail/9220,https://www.colourdiam.com/Product/Jewellery/9220/white45/center.jpg,ColourDiam,Apparel & Accessories > Jewelry,,1,,,,unisex,,,adult,,,,,,,,,GIA,Fine Jewelry
9147,"3.58 Ct Fancy Green VS 18K  Bracelet : 9.395 gram Main Stone - 5 Pcs - 3.58 Cts WHITE : 89 / 1.25","3.58 Ct Fancy Green VS
18K  Bracelet : 9.395 gram
Main Stone - 5 Pcs - 3.58 Cts
WHITE : 89 / 1.25",in stock,new,567378.38 THB,,https://www.colourdiam.com/Product/Jewellery/8840/white45/center.jpg,ColourDiam,Apparel & Accessories > Jewelry,,1,,,,unisex,,,adult,,,,,,,,,AGL,Fine Jewelry
7801,0.4 Ct Very Light Yellow Green VS2 18K  Ring : 3.290 gram Main Stone - 1 Pcs - 0.40 Cts WHITE : 42 / 0.24  PINK : 20 / 0.10,"0.4 Ct Very Light Yellow Green VS2
18K  Ring : 3.290 gram
Main Stone - 1 Pcs - 0.40 Cts
WHITE : 42 / 0.24 
PINK : 20 / 0.10",in stock,new,170213.51 THB,,https://www.colourdiam.com/Product/Jewellery/9147/white45/center.jpg,ColourDiam,Apparel & Accessories > Jewelry,,1,,,,unisex,,,adult,,,,,,,,,GIA,Fine Jewelry
8195_8191_8187_8189_8193_8190,"0.5 Ct 0.7 Ct 0.7 Ct 0.7 Ct 0.8 Ct Fancy Green VS 0.89 Ct 18K - Pendant : 6.130 gram Main Stone - 6 Pcs 4.29 Cts","0.5 Ct
0.7 Ct
0.7 Ct
0.7 Ct
0.8 Ct Fancy Green VS
0.89 Ct
18K - Pendant : 6.130 gram
Main Stone - 6 Pcs 4.29 Cts",in stock,new,567378.38 THB,,https://www.colourdiam.com/Product/Jewellery/7801/white45/center.jpg,ColourDiam,Apparel & Accessories > Jewelry,,1,,,,unisex,,,adult,,,,,,,,,AGL,Fine Jewelry
9170,1.07 Ct MIX FANCY COLOR 18K  Bracelet : 6.481 gram Main Stone - 5 Pcs - 1.07 Cts WHITE : 200 / 0.83 PINK : 16 / 0.05 YELLOW : 32 / 0.11,"1.07 Ct MIX FANCY COLOR
18K  Bracelet : 6.481 gram
Main Stone - 5 Pcs - 1.07 Cts
WHITE : 200 / 0.83
PINK : 16 / 0.05
YELLOW : 32 / 0.11",in stock,new,75650.45 THB,,https://www.colourdiam.com/Product/Jewellery/8195_8191_8187_8189_8193_8190/white45/center.jpg,ColourDiam,Apparel & Accessories > Jewelry,,1,,,,unisex,,,adult,,,,,,,,,,Fine Jewelry
9172,1.07 Ct MIX FANCY COLOR 18K  Bracelet : 6.790 gram Main Stone - 5 Pcs - 1.07 Cts WHITE : 200 / 0.81 PINK : 16 / 0.05 YELLOW : 32 / 0.10,"1.07 Ct MIX FANCY COLOR
18K  Bracelet : 6.790 gram
Main Stone - 5 Pcs - 1.07 Cts
WHITE : 200 / 0.81
PINK : 16 / 0.05
YELLOW : 32 / 0.10",in stock,new,75650.45 THB,,https://www.colourdiam.com/Product/Jewellery/9170/white45/center.jpg,ColourDiam,Apparel & Accessories > Jewelry,,1,,,,unisex,,,adult,,,,,,,,,,Fine Jewelry
9173,1.07 Ct MIX FANCY COLOR 18K  Bracelet : 6.745 gram Main Stone - 5 Pcs - 1.07 Cts WHITE : 200 / 0.79 PINK : 16 / 0.05 YELLOW : 32 / 0.11,"1.07 Ct MIX FANCY COLOR
18K  Bracelet : 6.745 gram
Main Stone - 5 Pcs - 1.07 Cts
WHITE : 200 / 0.79
PINK : 16 / 0.05
YELLOW : 32 / 0.11",in stock,new,75650.45 THB,,https://www.colourdiam.com/Product/Jewellery/9172/white45/center.jpg,ColourDiam,Apparel & Accessories > Jewelry,,1,,,,unisex,,,adult,,,,,,,,,,Fine Jewelry
9175,1.07 Ct MIX FANCY COLOR 18K  Bracelet : 6.773 gram Main Stone - 5 Pcs - 1.07 Cts WHITE : 200 / 0.80 PINK : 16 / 0.05 YELLOW : 32 / 0.11,"1.07 Ct MIX FANCY COLOR
18K  Bracelet : 6.773 gram
Main Stone - 5 Pcs - 1.07 Cts
WHITE : 200 / 0.80
PINK : 16 / 0.05
YELLOW : 32 / 0.11",in stock,new,75650.45 THB,https://colourdiam.com/productdetail/9173,https://www.colourdiam.com/Product/Jewellery/9173/white45/center.jpg,ColourDiam,Apparel & Accessories > Jewelry,,1,,,,unisex,,,adult,,,,,,,,,,Fine Jewelry
9178,"2.61 Ct Multi Colour Sapphire 18K  Bracelet : 6.926 gram Main Stone - 20 Pcs - 2.61 Cts","2.61 Ct Multi Colour Sapphire
18K  Bracelet : 6.926 gram
Main Stone - 20 Pcs - 2.61 Cts",in stock,new,62411.62 THB,,https://www.colourdiam.com/Product/Jewellery/9175/white45/center.jpg,ColourDiam,Apparel & Accessories > Jewelry,,1,,,,unisex,,,adult,,,,,,,,,,Fine Jewelry
9206,"2.78 Ct Multi Colour Sapphire 18K  Bracelet : 6.940 gram Main Stone - 20 Pcs - 2.78 Cts","2.78 Ct Multi Colour Sapphire
18K  Bracelet : 6.940 gram
Main Stone - 20 Pcs - 2.78 Cts",in stock,new,62411.62 THB,,https://www.colourdiam.com/Product/Jewellery/9178/white45/center.jpg,ColourDiam,Apparel & Accessories > Jewelry,,1,,,,unisex,,,adult,,,,,,,,,,Fine Jewelry
9215,"2.59 Ct Multi Colour Sapphire 18K  Bracelet : 6.998 gram Main Stone - 20 Pcs - 2.59 Cts","2.59 Ct Multi Colour Sapphire
18K  Bracelet : 6.998 gram
Main Stone - 20 Pcs - 2.59 Cts",in stock,new,62411.62 THB,,https://www.colourdiam.com/Product/Jewellery/9206/white45/center.jpg,ColourDiam,Apparel & Accessories > Jewelry,,1,,,,unisex,,,adult,,,,,,,,,,Fine Jewelry
9248,1.03 Ct MIX FANCY COLOR VS 18K  Bracelet : 8.105 gram Main Stone - 5 Pcs - 1.03 Cts WHITE : 243 / 1.67 YELLOW : 24 / 0.17 PINK : 15 / 0.09,"1.03 Ct MIX FANCY COLOR VS
18K  Bracelet : 8.105 gram
Main Stone - 5 Pcs - 1.03 Cts
WHITE : 243 / 1.67
YELLOW : 24 / 0.17
PINK : 15 / 0.09",in stock,new,85106.76 THB,,https://www.colourdiam.com/Product/Jewellery/9215/white45/center.jpg,ColourDiam,Apparel & Accessories > Jewelry,,1,,,,unisex,,,adult,,,,,,,,,,Fine Jewelry
9254,1.08 Ct MIX FANCY COLOR VS 18K  Bracelet : 6.86 gram Main Stone - 5 Pcs - 1.08 Cts WHITE : 200 / 0.80  PINK : 16 / 0.05 YELLOW : 32 / 0.11,"1.08 Ct MIX FANCY COLOR VS
18K  Bracelet : 6.86 gram
Main Stone - 5 Pcs - 1.08 Cts
WHITE : 200 / 0.80
 PINK : 16 / 0.05
YELLOW : 32 / 0.11",in stock,new,75650.45 THB,,https://www.colourdiam.com/Product/Jewellery/9248/white45/center.jpg,ColourDiam,Apparel & Accessories > Jewelry,,1,,,,unisex,,,adult,,,,,,,,,,Fine Jewelry
9225,0.11 Ct Fancy Intense Pink VS 18K  Pendant : 3.770 gram Main Stone - 1 Pcs - 0.11 Cts WHITE : 28 / 0.34,"0.11 Ct Fancy Intense Pink VS
18K  Pendant : 3.770 gram
Main Stone - 1 Pcs - 0.11 Cts
WHITE : 28 / 0.34",in stock,new,56737.84 THB,https://colourdiam.com/productdetail/9254,https://www.colourdiam.com/Product/Jewellery/9254/white45/center.jpg,ColourDiam,Apparel & Accessories > Jewelry,,1,,,,unisex,,,adult,,,,,,,,,AGL,Fine Jewelry
8712,"0.31 Ct Faint Pink VS2 18K  Ring : 3.705 gram Main Stone - 1 Pcs - 0.31 Cts Marquise : 8 / 0.44 WHITE : 38 / 0.24 PINK : 16 / 0.11","0.31 Ct Faint Pink VS2
18K  Ring : 3.705 gram
Main Stone - 1 Pcs - 0.31 Cts
Marquise : 8 / 0.44
WHITE : 38 / 0.24
PINK : 16 / 0.11",in stock,new,189126.13 THB,,https://www.colourdiam.com/Product/Jewellery/9225/white45/center.jpg,ColourDiam,Apparel & Accessories > Jewelry,,1,,,,unisex,,,adult,,,,,,,,,GIA,Fine Jewelry
7813,0.31 Ct Faint Pink SI2 18K  Ring : 4.295 gram Main Stone - 1 Pcs - 0.31 Cts PEAR : 10 / 1.11  Tappers : 10 / 0.11 WHITE : 10 / 0.14 PINK : 18 / 0.11,"0.31 Ct Faint Pink SI2
18K  Ring : 4.295 gram
Main Stone - 1 Pcs - 0.31 Cts
PEAR : 10 / 1.11 
Tappers : 10 / 0.11
WHITE : 10 / 0.14
PINK : 18 / 0.11",in stock,new,245863.96 THB,https://colourdiam.com/productdetail/8712,https://www.colourdiam.com/Product/Jewellery/8712/white45/center.jpg,ColourDiam,Apparel & Accessories > Jewelry,,1,,,,unisex,,,adult,,,,,,,,,GIA,Fine Jewelry
3748,"1 Ct Fancy Deep Brownish Yellow VVS2 18K  Ring : 6.464 gram Main Stone - 1 Pcs - 1.00 Cts WHITE : 73 / 1.42 PINK : 18 / 0.15","1 Ct Fancy Deep Brownish Yellow VVS2
18K  Ring : 6.464 gram
Main Stone - 1 Pcs - 1.00 Cts
WHITE : 73 / 1.42
PINK : 18 / 0.15",in stock,new,245863.96 THB,https://colourdiam.com/productdetail/7813,https://www.colourdiam.com/Product/Jewellery/7813/white45/center.jpg,ColourDiam,Apparel & Accessories > Jewelry,,1,,,,unisex,,,adult,,,,,,,,,GIA,Fine Jewelry
5739,1.58 Ct Faint Green VS2 18K - Ring : 5.837 gram Main Stone - 1 Pcs 1.58 Cts WHITE : 26 / 1.09 PINK : 12 / 0.28,"1.58 Ct Faint Green VS2
18K - Ring : 5.837 gram
Main Stone - 1 Pcs 1.58 Cts
WHITE : 26 / 1.09
PINK : 12 / 0.28",in stock,new,851067.56 THB,https://colourdiam.com/productdetail/3748,https://www.colourdiam.com/Product/Jewellery/3748/white45/center.jpg,ColourDiam,Apparel & Accessories > Jewelry,,1,,,,unisex,,,adult,,,,,,,,,GIA,Fine Jewelry
9256,0.6 Ct Fancy Blue VS / 0.74 Ct Fancy Pink VS 18K  Ring : 4.730 gram Main Stone - 2 Pcs - 1.34 Cts WHITE : 14 / 0.20 Shield :  2 / 0.45,"0.6 Ct Fancy Blue VS /
0.74 Ct Fancy Pink VS
18K  Ring : 4.730 gram
Main Stone - 2 Pcs - 1.34 Cts
WHITE : 14 / 0.20
Shield :  2 / 0.45",in stock,new,302601.8 THB,https://colourdiam.com/productdetail/5739,https://www.colourdiam.com/Product/Jewellery/5739/white45/center.jpg,ColourDiam,Apparel & Accessories > Jewelry,,1,,,,unisex,,,adult,,,,,,,,,AGL,Fine Jewelry
1990,"0.41 Ct Fancy Brownish Pink I1 18K  Ring : 3.460 gram Main Stone - 1 Pcs - 0.41 Cts WHITE : 48 / 0.28 PINK : 15 / 0.09","0.41 Ct Fancy Brownish Pink I1
18K  Ring : 3.460 gram
Main Stone - 1 Pcs - 0.41 Cts
WHITE : 48 / 0.28
PINK : 15 / 0.09",in stock,new,208038.74 THB,https://colourdiam.com/productdetail/9256,https://www.colourdiam.com/Product/Jewellery/9256/white45/center.jpg,ColourDiam,Apparel & Accessories > Jewelry,,1,,,,unisex,,,adult,,,,,,,,,GIA,Fine Jewelry
9149,"1.96 Ct D - F 18K  Bracelet : 13.022 gram Main Stone - 23 Pcs 1.96 Cts","1.96 Ct D - F
18K  Bracelet : 13.022 gram
Main Stone - 23 Pcs 1.96 Cts",in stock,new,226951.35 THB,https://colourdiam.com/productdetail/1990,https://www.colourdiam.com/Product/Jewellery/1990/white45/center.jpg,ColourDiam,Apparel & Accessories > Jewelry,,1,,,,unisex,,,adult,,,,,,,,,,Fine Jewelry
5559,0.4 Ct Fancy Brown Pink VS1 18K  Ring : 3.281 gram Main Stone - 1 Pcs - 0.40 Cts WHITE 22 / 0.17 PINK : 16 / 0.09,"https://colourdiam.com/Product/Jewellery/Model%20images/5559/center.jpeg
https://colourdiam.com/Product/Jewellery/Model%20images/5559/colour-diam-model-images-256.jpeg",in stock,new,189126.13 THB,https://colourdiam.com/productdetail/9149,https://www.colourdiam.com/Product/Jewellery/9149/white45/center.jpg,ColourDiam,Apparel & Accessories > Jewelry,,1,,,,unisex,,,adult,,,,,,,,,GIA,Fine Jewelry
9282,0.22 Ct Fancy Blue VS 18K  Ring : 5.080 gram Main Stone - 1 Pcs - 0.22 Cts PEAR :  12 / 1.50  WHITE : 0.18,"https://colourdiam.com/Product/Jewellery/Model%20images/5559/center.jpeg
https://colourdiam.com/Product/Jewellery/Model%20images/5559/colour-diam-model-images-256.jpeg",in stock,new,56737.84 THB,https://colourdiam.com/productdetail/5559,https://www.colourdiam.com/Product/Jewellery/5559/white45/center.jpg,ColourDiam,Apparel & Accessories > Jewelry,,1,,,,unisex,,,adult,,,,,,,,,,Fine Jewelry
9283,0.22 Ct Fancy Blue VS 18K  Ring : 5.080 gram Main Stone - 1 Pcs - 0.22 Cts PEAR :  12 / 1.50  WHITE : 0.18,"0.22 Ct Fancy Blue VS
18K  Ring : 5.080 gram
Main Stone - 1 Pcs - 0.22 Cts
PEAR :  12 / 1.50 
WHITE : 0.18",in stock,new,56737.84 THB,https://colourdiam.com/productdetail/9282,https://www.colourdiam.com/Product/Jewellery/9282/white45/center.jpg,ColourDiam,Apparel & Accessories > Jewelry,,1,,,,unisex,,,adult,,,,,,,,,,Fine Jewelry
9284,0.22 Ct Fancy Blue VS 18K  Ring : 5.080 gram Main Stone - 1 Pcs - 0.22 Cts PEAR :  12 / 1.50  WHITE : 0.18,"0.22 Ct Fancy Blue VS
18K  Ring : 5.080 gram
Main Stone - 1 Pcs - 0.22 Cts
PEAR :  12 / 1.50 
WHITE : 0.18",in stock,new,56737.84 THB,https://colourdiam.com/productdetail/9283,https://www.colourdiam.com/Product/Jewellery/9283/white45/center.jpg,ColourDiam,Apparel & Accessories > Jewelry,,1,,,,unisex,,,adult,,,,,,,,,,Fine Jewelry
9285,0.22 Ct Fancy Blue VS 18K  Ring : 5.080 gram Main Stone - 1 Pcs - 0.22 Cts PEAR :  12 / 1.50  WHITE : 0.18,"0.22 Ct Fancy Blue VS
18K  Ring : 5.080 gram
Main Stone - 1 Pcs - 0.22 Cts
PEAR :  12 / 1.50 
WHITE : 0.18",in stock,new,56737.84 THB,https://colourdiam.com/productdetail/9284,https://www.colourdiam.com/Product/Jewellery/9284/white45/center.jpg,ColourDiam,Apparel & Accessories > Jewelry,,1,,,,unisex,,,adult,,,,,,,,,,Fine Jewelry
9286,0.22 Ct Fancy Blue VS 18K  Ring : 5.080 gram Main Stone - 1 Pcs - 0.22 Cts PEAR :  12 / 1.50  WHITE : 0.18,"0.22 Ct Fancy Blue VS
18K  Ring : 5.080 gram
Main Stone - 1 Pcs - 0.22 Cts
PEAR :  12 / 1.50 
WHITE : 0.18",in stock,new,56737.84 THB,https://colourdiam.com/productdetail/9285,https://www.colourdiam.com/Product/Jewellery/9285/white45/center.jpg,ColourDiam,Apparel & Accessories > Jewelry,,1,,,,unisex,,,adult,,,,,,,,,,Fine Jewelry
8593,11.88 CT - 9pcs - Amethyst Main stone – 09 pcs  11.88 cts 18 K Bracelet: 14.58 gram  YD : 136 / 1.10,"11.88 CT - 9pcs - Amethyst
Main stone – 09 pcs  11.88 cts
18 K Bracelet: 14.58 gram 
YD : 136 / 1.10",in stock,new,94563.06 THB,https://colourdiam.com/productdetail/9286,https://www.colourdiam.com/Product/Jewellery/9286/white45/center.jpg,ColourDiam,Apparel & Accessories > Jewelry,,1,,,,unisex,,,adult,,,,,,,,,,Fine Jewelry
9280,1.05 Ct Fancy Green VS 18K  Earring : 7.111 gram Main Stone - 2 Pcs - 1.05 Cts WHITE : 172 / 1.31 PINK : 16 / 0.06,https://colourdiam.com/Product/Jewellery/Model%20images/9280/center.jpeg,in stock,new,170213.51 THB,https://colourdiam.com/productdetail/8593,https://www.colourdiam.com/Product/Jewellery/8593/white45/center.jpg,ColourDiam,Apparel & Accessories > Jewelry,,1,,,,unisex,,,adult,,,,,,,,,AGL,Fine Jewelry
9217,0.11 Ct Fancy Intense Pink VS 18K  Ring : 1.795 gram Main Stone - 1 Pcs - 0.11 Cts WHITE : 54 / 0.27,"https://colourdiam.com/Product/Jewellery/Model%20images/9280/center.jpeg
https://colourdiam.com/Product/Jewellery/Model%20images/9280/colour-diam-model-images-493.jpeg",in stock,new,30260.18 THB,https://colourdiam.com/productdetail/9280,https://www.colourdiam.com/Product/Jewellery/9280/white45/center.jpg,ColourDiam,Apparel & Accessories > Jewelry,,1,,,,unisex,,,adult,,,,,,,,,AGL,Fine Jewelry
9218,0.28 Ct Fancy Intense Green VS 18K  Ring : 1.876 gram Main Stone - 1 Pcs - 0.28 Cts WHITE : 22 / 0.11,"0.28 Ct Fancy Intense Green VS
18K  Ring : 1.876 gram
Main Stone - 1 Pcs - 0.28 Cts
WHITE : 22 / 0.11",in stock,new,30260.18 THB,https://colourdiam.com/productdetail/9217,https://www.colourdiam.com/Product/Jewellery/9217/white45/center.jpg,ColourDiam,Apparel & Accessories > Jewelry,,1,,,,unisex,,,adult,,,,,,,,,AGL,Fine Jewelry
8936,0.5 Ct F VS2 18K  Ring : 2.446 gram Main Stone - 1 Pcs - 0.50 Cts WHITE : 30 / 0.36,"0.5 Ct F VS2
18K  Ring : 2.446 gram
Main Stone - 1 Pcs - 0.50 Cts
WHITE : 30 / 0.36",in stock,new,75650.45 THB,https://colourdiam.com/productdetail/9218,https://www.colourdiam.com/Product/Jewellery/9218/white45/center.jpg,ColourDiam,Apparel & Accessories > Jewelry,,1,,,,unisex,,,adult,,,,,,,,,GIA,Fine Jewelry
4709,0.45 Ct Light Blue SI1 (Undetermined) 18K  Ring : 4.450 gram Main Stone - 1 Pcs - 0.45 Cts WHITE : 68 / 0.81 PINK : 16 / 0.11,"https://colourdiam.com/Product/Jewellery/Model%20images/4709/1.jpeg
https://colourdiam.com/Product/Jewellery/Model%20images/4709/center.jpeg
https://colourdiam.com/Product/Jewellery/Model%20images/4709/colour-diam-model-images-201.jpeg
https://colourdiam.com/Product/Jewellery/Model%20images/4709/colour-diam-model-images-202.jpeg",in stock,new,208038.74 THB,https://colourdiam.com/productdetail/8936,https://www.colourdiam.com/Product/Jewellery/8936/white45/center.jpg,ColourDiam,Apparel & Accessories > Jewelry,,1,,,,unisex,,,adult,,,,,,,,,GIA,Fine Jewelry
7143,1.51 Ct Fancy Yellow VVS2 18K  Ring : 4.981 gram Main Stone - 1 Pcs - 1.51 Cts Pear : 8 / 0.74 WHITE : 4 / 0.10 YELLOW : 52 / 0.23,"https://colourdiam.com/Product/Jewellery/Model%20images/4709/1.jpeg
https://colourdiam.com/Product/Jewellery/Model%20images/4709/center.jpeg
https://colourdiam.com/Product/Jewellery/Model%20images/4709/colour-diam-model-images-201.jpeg
https://colourdiam.com/Product/Jewellery/Model%20images/4709/colour-diam-model-images-202.jpeg",in stock,new,302601.8 THB,https://colourdiam.com/productdetail/4709,https://www.colourdiam.com/Product/Jewellery/4709/white45/center.jpg,ColourDiam,Apparel & Accessories > Jewelry,,1,,,,unisex,,,adult,,,,,,,,,GIA,Fine Jewelry
7263,"3.02 Ct U-V VS2 18K  Ring : 6.225 gram Main Stone - 1 Pcs - 3.02 Cts Pear : 21 / 0.73 WHITE : 22 / 0.18","3.02 Ct U-V VS2
18K  Ring : 6.225 gram
Main Stone - 1 Pcs - 3.02 Cts
Pear : 21 / 0.73
WHITE : 22 / 0.18",in stock,new,756504.5 THB,https://colourdiam.com/productdetail/7143,https://www.colourdiam.com/Product/Jewellery/7143/white45/center.jpg,ColourDiam,Apparel & Accessories > Jewelry,,1,,,,unisex,,,adult,,,,,,,,,GIA,Fine Jewelry
9335,0.41 Ct Fancy Intense Pink VS 18K  Ring : 2.330 gram Main Stone - 1 Pcs - 0.41 Cts WHITE : 22 / 0.11,"0.41 Ct Fancy Intense Pink VS
18K  Ring : 2.330 gram
Main Stone - 1 Pcs - 0.41 Cts
WHITE : 22 / 0.11",in stock,new,0 THB,https://colourdiam.com/productdetail/7263,https://www.colourdiam.com/Product/Jewellery/7263/white45/center.jpg,ColourDiam,Apparel & Accessories > Jewelry,,1,,,,unisex,,,adult,,,,,,,,,AGL,Fine Jewelry
5194,0.70 cts  Light Pinkish Brown Vs1  18K  Ring : 3.26 gram Main Stone - 1 Pcs - 0.70 Cts WHITE : 14 / 0.076 PINK : 04 / 0.045 PEAR : 06 / 0.241 OVAL : 04 / 0.163,"https://colourdiam.com/Product/Jewellery/Model%20images/5194/center.jpeg
https://colourdiam.com/Product/Jewellery/Model%20images/5194/colour-diam-model-images-222.jpeg",in stock,new,245863.96 THB,https://colourdiam.com/productdetail/9335,https://www.colourdiam.com/Product/Jewellery/9335/white45/center.jpg,ColourDiam,Apparel & Accessories > Jewelry,,1,,,,unisex,,,adult,,,,,,,,,GIA,Fine Jewelry
9360,"0.94 Ct WHITE 9K  Bracelet : 13.000 gram Main Stone - 212 Pcs - 0.94 Cts","https://colourdiam.com/Product/Jewellery/Model%20images/5194/center.jpeg
https://colourdiam.com/Product/Jewellery/Model%20images/5194/colour-diam-model-images-222.jpeg",in stock,new,52955.32 THB,https://colourdiam.com/productdetail/5194,https://www.colourdiam.com/Product/Jewellery/5194/white45/center.jpg,ColourDiam,Apparel & Accessories > Jewelry,,1,,,,unisex,,,adult,,,,,,,,,,Fine Jewelry
9378,"0.98 Ct WHITE I1 9K  Bracelet : 12.330 gram Main Stone - 212 Pcs - 0.98 Cts","0.98 Ct WHITE I1
9K  Bracelet : 12.330 gram
Main Stone - 212 Pcs - 0.98 Cts",in stock,new,52955.32 THB,https://colourdiam.com/productdetail/9360,https://www.colourdiam.com/Product/Jewellery/9360/white45/center.jpg,ColourDiam,Apparel & Accessories > Jewelry,,1,,,,unisex,,,adult,,,,,,,,,,Fine Jewelry
9379,"0.98 Ct WHITE I1 9K  Bracelet : 12.250 gram Main Stone - 212 Pcs - 0.98 Cts","0.98 Ct WHITE I1
9K  Bracelet : 12.250 gram
Main Stone - 212 Pcs - 0.98 Cts",in stock,new,52955.32 THB,https://colourdiam.com/productdetail/9378,https://www.colourdiam.com/Product/Jewellery/9378/white45/center.jpg,ColourDiam,Apparel & Accessories > Jewelry,,1,,,,unisex,,,adult,,,,,,,,,,Fine Jewelry
9380,"0.98 Ct WHITE I1 9K  Bracelet : 12.550 gram Main Stone - 212 Pcs - 0.98 Cts","0.98 Ct WHITE I1
9K  Bracelet : 12.550 gram
Main Stone - 212 Pcs - 0.98 Cts",in stock,new,52955.32 THB,https://colourdiam.com/productdetail/9379,https://www.colourdiam.com/Product/Jewellery/9379/white45/center.jpg,ColourDiam,Apparel & Accessories > Jewelry,,1,,,,unisex,,,adult,,,,,,,,,,Fine Jewelry
9381,"0.98 Ct WHITE I1 9K  Bracelet : 12.370 gram Main Stone - 212 Pcs - 0.98 Cts","0.98 Ct WHITE I1
9K  Bracelet : 12.370 gram
Main Stone - 212 Pcs - 0.98 Cts",in stock,new,52955.32 THB,,https://www.colourdiam.com/Product/Jewellery/9380/white45/center.jpg,ColourDiam,Apparel & Accessories > Jewelry,,1,,,,unisex,,,adult,,,,,,,,,,Fine Jewelry
4293,1.52 Ct Fancy Green SI2 18K  Ring : 5.540 gram Main Stone - 1 Pcs - 1.52 Cts PINK : 50 / 0.53 WHITE : 42 / 0.28,"1.52 Ct Fancy Green SI2
18K  Ring : 5.540 gram
Main Stone - 1 Pcs - 1.52 Cts
PINK : 50 / 0.53
WHITE : 42 / 0.28",in stock,new,264776.58 THB,,https://www.colourdiam.com/Product/Jewellery/9381/white45/center.jpg,ColourDiam,Apparel & Accessories > Jewelry,,1,,,,unisex,,,adult,,,,,,,,,AGL,Fine Jewelry
5613_5653,5.52 cts Fancy Intense Green VVS2 18K Ring : 6.95 gram Main Stone - 1pcs - 5.52 cts CADDILAC : 02 / 0.72,"https://colourdiam.com/Product/Jewellery/Model%20images/5613_5653/1.jpeg
https://colourdiam.com/Product/Jewellery/Model%20images/5613_5653/center.jpeg
https://colourdiam.com/Product/Jewellery/Model%20images/5613_5653/colour-diam-model-images-263.jpeg
https://colourdiam.com/Product/Jewellery/Model%20images/5613_5653/colour-diam-model-images-264.jpeg",in stock,new,1702135.13 THB,,https://www.colourdiam.com/Product/Jewellery/4293/white45/center.jpg,ColourDiam,Apparel & Accessories > Jewelry,,1,,,,unisex,,,adult,,,,,,,,,AGL,Fine Jewelry
5436,0.76 Ct Fancy Blue Green SI1 (Undetermined) 18K  Ring : 4.900 gram Main Stone - 1 Pcs - 0.76 Cts Oval : 11 / 0.81 PINK : 19 / 0.13 WHITE : 37 / 0.29,"https://colourdiam.com/Product/Jewellery/Model%20images/5436/center%5D.jpeg
https://colourdiam.com/Product/Jewellery/Model%20images/5436/colour-diam-model-images-228.jpeg",in stock,new,245863.96 THB,https://colourdiam.com/productdetail/Menu/5613/5653,https://www.colourdiam.com/Product/Jewellery/5613_5653/white45/center.jpg,ColourDiam,Apparel & Accessories > Jewelry,,1,,,,unisex,,,adult,,,,,,,,,GIA,Fine Jewelry
9287_9312,"0.3 Ct F SI1 0.3 Ct G SI1 18K - Earring : 1.100 gram Main Stone - 2 Pcs 0.60 Cts",https://colourdiam.com/Product/Jewellery/Model%20images/9287_9312/center.jpeg,in stock,new,20803.87 THB,https://colourdiam.com/productdetail/5436,https://www.colourdiam.com/Product/Jewellery/5436/white45/center.jpg,ColourDiam,Apparel & Accessories > Jewelry,,1,,,,unisex,,,adult,,,,,,,,,IGI,Fine Jewelry
9288_9313,0.3 Ct G SI1 0.3 Ct G SI1 18K  Earring : 1.130 gram Main Stone - 2 Pcs - 0.60 Cts,https://colourdiam.com/Product/Jewellery/Model%20images/9288_9313/center.jpeg,in stock,new,20803.87 THB,https://colourdiam.com/productdetail/Menu/9287/9312,https://www.colourdiam.com/Product/Jewellery/9287_9312/white45/center.jpg,ColourDiam,Apparel & Accessories > Jewelry,,1,,,,unisex,,,adult,,,,,,,,,IGI,Fine Jewelry
9289_9309,0.3 Ct G SI1 0.3 Ct G SI1 18K  Earring : 1.134 gram Main Stone - 2 Pcs - 0.60 Cts,https://colourdiam.com/Product/Jewellery/Model%20images/9289_9309/center.jpeg,in stock,new,20803.87 THB,https://colourdiam.com/productdetail/Menu/9288/9313,https://www.colourdiam.com/Product/Jewellery/9288_9313/white45/center.jpg,ColourDiam,Apparel & Accessories > Jewelry,,1,,,,unisex,,,adult,,,,,,,,,IGI,Fine Jewelry
9291_9311,0.3 Ct G SI1 0.3 Ct G SI1 18K  Earring : 1.126 gram Main Stone - 2 Pcs - 0.60 Cts,https://colourdiam.com/Product/Jewellery/Model%20images/9291_9311/center.jpeg,in stock,new,20803.87 THB,https://colourdiam.com/productdetail/Menu/9289/9309,https://www.colourdiam.com/Product/Jewellery/9289_9309/white45/center.jpg,ColourDiam,Apparel & Accessories > Jewelry,,1,,,,unisex,,,adult,,,,,,,,,IGI,Fine Jewelry
9292_9319,0.3 Ct G SI1 0.3 Ct G SI1 18K  Earring : 1.138 gram Main Stone - 2 Pcs - 0.60 Cts,https://colourdiam.com/Product/Jewellery/Model%20images/9292_9319/center.jpeg,in stock,new,20803.87 THB,https://colourdiam.com/productdetail/Menu/9291/9311,https://www.colourdiam.com/Product/Jewellery/9291_9311/white45/center.jpg,ColourDiam,Apparel & Accessories > Jewelry,,1,,,,unisex,,,adult,,,,,,,,,IGI,Fine Jewelry
9293_9327,0.3 Ct G SI1 0.3 Ct G SI1 18K  Earring : 1.146 gram Main Stone - 2 Pcs - 0.60 Cts,https://colourdiam.com/Product/Jewellery/Model%20images/9293_9327/center.jpeg,in stock,new,20803.87 THB,https://colourdiam.com/productdetail/Menu/9292/9319,https://www.colourdiam.com/Product/Jewellery/9292_9319/white45/center.jpg,ColourDiam,Apparel & Accessories > Jewelry,,1,,,,unisex,,,adult,,,,,,,,,IGI,Fine Jewelry
9294_9308,0.3 Ct G SI1 0.3 Ct G SI1 18K  Earring : 1.118 gram Main Stone - 2 Pcs - 0.60 Cts,https://colourdiam.com/Product/Jewellery/Model%20images/9294_9308/center.jpeg,in stock,new,20803.87 THB,https://colourdiam.com/productdetail/Menu/9293/9327,https://www.colourdiam.com/Product/Jewellery/9293_9327/white45/center.jpg,ColourDiam,Apparel & Accessories > Jewelry,,1,,,,unisex,,,adult,,,,,,,,,IGI,Fine Jewelry
9295_9324,0.3 Ct G SI1 0.3 Ct G SI1 18K  Earring : 1.156 gram Main Stone - 2 Pcs - 0.60 Cts,https://colourdiam.com/Product/Jewellery/Model%20images/9295_9324/center.jpeg,in stock,new,20803.87 THB,https://colourdiam.com/productdetail/Menu/9294/9308,https://www.colourdiam.com/Product/Jewellery/9294_9308/white45/center.jpg,ColourDiam,Apparel & Accessories > Jewelry,,1,,,,unisex,,,adult,,,,,,,,,IGI,Fine Jewelry
9296_9323,0.3 Ct G SI1 0.3 Ct G SI1 18K  Earring : 1.150 gram Main Stone - 2 Pcs - 0.60 Cts,https://colourdiam.com/Product/Jewellery/Model%20images/9296_9323/center.jpeg,in stock,new,20803.87 THB,https://colourdiam.com/productdetail/Menu/9295/9324,https://www.colourdiam.com/Product/Jewellery/9295_9324/white45/center.jpg,ColourDiam,Apparel & Accessories > Jewelry,,1,,,,unisex,,,adult,,,,,,,,,IGI,Fine Jewelry
9297_9299,0.3 Ct G SI1 0.3 Ct G SI1 18K  Earring : 1.140 gram Main Stone - 2 Pcs - 0.60 Cts,https://colourdiam.com/Product/Jewellery/Model%20images/9297_9299/center.jpeg,in stock,new,20803.87 THB,https://colourdiam.com/productdetail/Menu/9296/9323,https://www.colourdiam.com/Product/Jewellery/9296_9323/white45/center.jpg,ColourDiam,Apparel & Accessories > Jewelry,,1,,,,unisex,,,adult,,,,,,,,,IGI,Fine Jewelry
9298_9316,0.3 Ct G SI1 0.3 Ct G SI1 18K  Earring : 1.146 gram Main Stone - 2 Pcs - 0.60 Cts,https://colourdiam.com/Product/Jewellery/Model%20images/9298_9316/center.jpeg,in stock,new,20803.87 THB,https://colourdiam.com/productdetail/Menu/9297/9299,https://www.colourdiam.com/Product/Jewellery/9297_9299/white45/center.jpg,ColourDiam,Apparel & Accessories > Jewelry,,1,,,,unisex,,,adult,,,,,,,,,IGI,Fine Jewelry
9300_9328,0.3 Ct G SI1 0.3 Ct G SI1 18K  Earring : 1.117 gram Main Stone - 2 Pcs - 0.60 Cts,https://colourdiam.com/Product/Jewellery/Model%20images/9300_9328/center.jpeg,in stock,new,20803.87 THB,https://colourdiam.com/productdetail/Menu/9298/9316,https://www.colourdiam.com/Product/Jewellery/9298_9316/white45/center.jpg,ColourDiam,Apparel & Accessories > Jewelry,,1,,,,unisex,,,adult,,,,,,,,,IGI,Fine Jewelry
9302_9304,0.3 Ct G SI1 0.3 Ct G SI1 18K  Earring : 1.127 gram Main Stone - 2 Pcs - 0.60 Cts,https://colourdiam.com/Product/Jewellery/Model%20images/9302_9304/center.jpeg,in stock,new,20803.87 THB,https://colourdiam.com/productdetail/Menu/9300/9328,https://www.colourdiam.com/Product/Jewellery/9300_9328/white45/center.jpg,ColourDiam,Apparel & Accessories > Jewelry,,1,,,,unisex,,,adult,,,,,,,,,IGI,Fine Jewelry
9305_9329,0.3 Ct G SI1 0.3 Ct G SI1 18K  Earring : 1.118 gram Main Stone - 2 Pcs - 0.60 Cts,https://colourdiam.com/Product/Jewellery/Model%20images/9305_9329/center.jpeg,in stock,new,20803.87 THB,https://colourdiam.com/productdetail/Menu/9302/9304,https://www.colourdiam.com/Product/Jewellery/9302_9304/white45/center.jpg,ColourDiam,Apparel & Accessories > Jewelry,,1,,,,unisex,,,adult,,,,,,,,,IGI,Fine Jewelry
9306_9322,0.3 Ct G SI1 0.3 Ct G SI1 18K  Earring : 1.130 gram Main Stone - 2 Pcs - 0.60 Cts,https://colourdiam.com/Product/Jewellery/Model%20images/9306_9322/center.jpeg,in stock,new,20803.87 THB,https://colourdiam.com/productdetail/Menu/9305/9329,https://www.colourdiam.com/Product/Jewellery/9305_9329/white45/center.jpg,ColourDiam,Apparel & Accessories > Jewelry,,1,,,,unisex,,,adult,,,,,,,,,IGI,Fine Jewelry
9307_9320,0.3 Ct G SI1 0.3 Ct G SI1 18K  Earring : 1.140 gram Main Stone - 2 Pcs - 0.60 Cts,https://colourdiam.com/Product/Jewellery/Model%20images/9307_9320/center.jpeg,in stock,new,20803.87 THB,https://colourdiam.com/productdetail/Menu/9306/9322,https://www.colourdiam.com/Product/Jewellery/9306_9322/white45/center.jpg,ColourDiam,Apparel & Accessories > Jewelry,,1,,,,unisex,,,adult,,,,,,,,,IGI,Fine Jewelry
9310_9330,0.3 Ct G SI1 0.3 Ct G SI1 18K  Earring : 1.148 gram Main Stone - 2 Pcs - 0.60 Cts,https://colourdiam.com/Product/Jewellery/Model%20images/9310_9330/center.jpeg,in stock,new,20803.87 THB,https://colourdiam.com/productdetail/Menu/9307/9320,https://www.colourdiam.com/Product/Jewellery/9307_9320/white45/center.jpg,ColourDiam,Apparel & Accessories > Jewelry,,1,,,,unisex,,,adult,,,,,,,,,IGI,Fine Jewelry
9317_9325,0.3 Ct G SI1 0.3 Ct G SI1 18K  Earring : 1.106 gram Main Stone - 2 Pcs - 0.60 Cts,https://colourdiam.com/Product/Jewellery/Model%20images/9317_9325/center.jpeg,in stock,new,20803.87 THB,https://colourdiam.com/productdetail/Menu/9310/9330,https://www.colourdiam.com/Product/Jewellery/9310_9330/white45/center.jpg,ColourDiam,Apparel & Accessories > Jewelry,,1,,,,unisex,,,adult,,,,,,,,,IGI,Fine Jewelry
9318_9314,0.3 Ct G SI1 0.3 Ct G SI1 18K  Earring : 1.140 gram Main Stone - 2 Pcs - 0.60 Cts,https://colourdiam.com/Product/Jewellery/Model%20images/9318_9314/center.jpeg,in stock,new,20803.87 THB,https://colourdiam.com/productdetail/Menu/9317/9325,https://www.colourdiam.com/Product/Jewellery/9317_9325/white45/center.jpg,ColourDiam,Apparel & Accessories > Jewelry,,1,,,,unisex,,,adult,,,,,,,,,IGI,Fine Jewelry
9301_9303,0.3 Ct G SI1 0.3 Ct G SI1 18K  Earring : 1.158 gram Main Stone - 2 Pcs - 0.60 Cts,https://colourdiam.com/Product/Jewellery/Model%20images/9301_9303/center.jpeg,in stock,new,20803.87 THB,https://colourdiam.com/productdetail/Menu/9318/9314,https://www.colourdiam.com/Product/Jewellery/9318_9314/white45/center.jpg,ColourDiam,Apparel & Accessories > Jewelry,,1,,,,unisex,,,adult,,,,,,,,,IGI,Fine Jewelry
9321_9326,0.3 Ct G SI1 0.3 Ct G SI1 18K  Earring : 1.119 gram Main Stone - 2 Pcs - 0.60 Cts,https://colourdiam.com/Product/Jewellery/Model%20images/9321_9326/center.jpeg,in stock,new,20803.87 THB,https://colourdiam.com/productdetail/Menu/9301/9303,https://www.colourdiam.com/Product/Jewellery/9301_9303/white45/center.jpg,ColourDiam,Apparel & Accessories > Jewelry,,1,,,,unisex,,,adult,,,,,,,,,IGI,Fine Jewelry
9290_9315,0.3 Ct G SI1 0.3 Ct G SI1 18K  Earring : 1.120 gram Main Stone - 2 Pcs - 0.60 Cts,https://colourdiam.com/Product/Jewellery/Model%20images/9290_9315/center.jpeg,in stock,new,20803.87 THB,https://colourdiam.com/productdetail/Menu/9321/9326,https://www.colourdiam.com/Product/Jewellery/9321_9326/white45/center.jpg,ColourDiam,Apparel & Accessories > Jewelry,,1,,,,unisex,,,adult,,,,,,,,,IGI,Fine Jewelry
9484,"0.12 Ct Fancy Blue VS 18K  Pendant : 3.499 gram Main Stone - 1 Pcs - 0.12 Cts WHITE : 27 / 0.28","https://colourdiam.com/Product/Jewellery/Model%20images/9290_9315/center.jpeg
https://colourdiam.com/Product/Jewellery/Model%20images/9290_9315/colour-diam-model-images-497.jpeg",in stock,new,56737.84 THB,https://colourdiam.com/productdetail/Menu/9290/9315,https://www.colourdiam.com/Product/Jewellery/9290_9315/white45/center.jpg,ColourDiam,Apparel & Accessories > Jewelry,,1,,,,unisex,,,adult,,,,,,,,,AGL,Fine Jewelry
4317,0.70 Ct Light Pinkish Brown SI2 18K  Ring : 4.56 gram Main Stone - 1 Pcs - 0.70 Cts PINK : 43 / 0.48 WHITE : 43 / 0.35,"0.70 Ct Light Pinkish Brown SI2
18K  Ring : 4.56 gram
Main Stone - 1 Pcs - 0.70 Cts
PINK : 43 / 0.48
WHITE : 43 / 0.35",in stock,new,245863.96 THB,https://colourdiam.com/productdetail/9484,https://www.colourdiam.com/Product/Jewellery/9484/white45/center.jpg,ColourDiam,Apparel & Accessories > Jewelry,,1,,,,unisex,,,adult,,,,,,,,,GIA,Fine Jewelry
6101,2.70 Ct Fancy Orange Brown SI1 18K  Ring : 4.99 gram Main Stone - 1 Pcs - 2.70 Cts PEAR : 02 / 0.39 WHITE : 172 / 1.16,"https://colourdiam.com/Product/Jewellery/Model%20images/6101/1.jpeg
https://colourdiam.com/Product/Jewellery/Model%20images/6101/center.jpeg",in stock,new,567378.38 THB,https://colourdiam.com/productdetail/4317,https://www.colourdiam.com/Product/Jewellery/4317/white45/center.jpg,ColourDiam,Apparel & Accessories > Jewelry,,1,,,,unisex,,,adult,,,,,,,,,GIA,Fine Jewelry
5429,0.38 Ct  Fancy Light Blueish Green SI2 (undetermined) 18K  Ring : 5.62 gram Main Stone - 1 Pcs - 0.38 Cts PEAR : 05 / 0.49 WHITE : 40 / 0.36 BAGUETTES : 17 /  0.36,"0.38 Ct  Fancy Light Blueish Green SI2 (undetermined)
18K  Ring : 5.62 gram
Main Stone - 1 Pcs - 0.38 Cts
PEAR : 05 / 0.49
WHITE : 40 / 0.36
BAGUETTES : 17 /  0.36",in stock,new,245863.96 THB,https://colourdiam.com/productdetail/6101,https://www.colourdiam.com/Product/Jewellery/6101/white45/center.jpg,ColourDiam,Apparel & Accessories > Jewelry,,1,,,,unisex,,,adult,,,,,,,,,GIA,Fine Jewelry
5573,0.43 cts Faint Brown Pink si1  Main stone – 01 pcs 0.43 cts 18 K Ring:  4.07 gram  WD : 52 / 0.52 Pink : 14 / 0.10,"https://colourdiam.com/Product/Jewellery/Model%20images/5573/center.jpeg
https://colourdiam.com/Product/Jewellery/Model%20images/5573/colour-diam-model-images-257.jpeg",in stock,new,245863.96 THB,https://colourdiam.com/productdetail/5429,https://www.colourdiam.com/Product/Jewellery/5429/white45/center.jpg,ColourDiam,Apparel & Accessories > Jewelry,,1,,,,unisex,,,adult,,,,,,,,,GIA,Fine Jewelry
9550,0.42 cts Fancy Intense Pink VS1  Main stone – 01 pcs 0.42 cts 18 K Ring: 2.49 gram  WD : 22 / 0.11,"https://colourdiam.com/Product/Jewellery/Model%20images/5573/center.jpeg
https://colourdiam.com/Product/Jewellery/Model%20images/5573/colour-diam-model-images-257.jpeg",in stock,new,45390.27 THB,https://colourdiam.com/productdetail/5573,https://www.colourdiam.com/Product/Jewellery/5573/white45/center.jpg,ColourDiam,Apparel & Accessories > Jewelry,,1,,,,unisex,,,adult,,,,,,,,,AGL,Fine Jewelry
7232/6528/5445,1.32 cts Fancy Pink Brown I1/  1.34 cts Fancy Pinkish Brown I1 18k-Earring : 6.53 gram Main stone - 2 pcs – 2.66 cts Bullet : 02 / 0.69,"1.32 cts Fancy Pink Brown I1/
 1.34 cts Fancy Pinkish Brown I1
18k-Earring : 6.53 gram
Main stone - 2 pcs – 2.66 cts
Bullet : 02 / 0.69",in stock,new,0 THB,https://colourdiam.com/productdetail/9550,https://www.colourdiam.com/Product/Jewellery/9550/white45/center.jpg,ColourDiam,Apparel & Accessories > Jewelry,,1,,,,unisex,,,adult,,,,,,,,,GIA,Fine Jewelry
7462,0.70 cts Very light pink Si1 Main stone – 01 pcs 0.70 cts 18 K Ring: 5.51 gram  WD : 112 / 0.76 PINK : 16 / 0.24,"0.70 cts Very light pink Si1
Main stone – 01 pcs 0.70 cts
18 K Ring: 5.51 gram 
WD : 112 / 0.76
PINK : 16 / 0.24",in stock,new,264776.58 THB,https://colourdiam.com/productdetail/Menu/7232/6528/5445,https://www.colourdiam.com/Product/Jewellery/7232/6528/5445/white45/center.jpg,ColourDiam,Apparel & Accessories > Jewelry,,1,,,,unisex,,,adult,,,,,,,,,GIA,Fine Jewelry
7572,1.110 cts  Fancy Green Si1 Main stone – 01 pcs 1.110 cts 18 K Ring: 5.990 gram  WD : 44 / 0.270 PINK : 20 / 0.150 Pear : 13 / 1.190,"https://colourdiam.com/Product/Jewellery/Model%20images/7572/center.jpeg
https://colourdiam.com/Product/Jewellery/Model%20images/7572/MODEL1.jpeg",in stock,new,0 THB,https://colourdiam.com/productdetail/7462,https://www.colourdiam.com/Product/Jewellery/7462/white45/center.jpg,ColourDiam,Apparel & Accessories > Jewelry,,1,,,,unisex,,,adult,,,,,,,,,AGL,Fine Jewelry
7471,2.05 cts  Fancy Green VS2 Main stone – 01 pcs  2.05 cts 18 K Ring: 6.00 gram  WD : 37 / 0.49 PINK : 26 / 0.13 Pear : 13 / 1.25,"2.05 cts  Fancy Green VS2
Main stone – 01 pcs  2.05 cts
18 K Ring: 6.00 gram 
WD : 37 / 0.49
PINK : 26 / 0.13
Pear : 13 / 1.25",in stock,new,484162.88 THB,https://colourdiam.com/productdetail/7572,https://www.colourdiam.com/Product/Jewellery/7572/white45/center.jpg,ColourDiam,Apparel & Accessories > Jewelry,,1,,,,unisex,,,adult,,,,,,,,,AGL,Fine Jewelry
9596,1.38 cts  Blue Sapphire Ring Platinum ring   Gross weight 5.10 gram  Main stone - 1 pcs - 1.38cts  Side Marquise Diamonds  0.20 cts,"1.38 cts  Blue Sapphire Ring
Platinum ring  
Gross weight 5.10 gram 
Main stone - 1 pcs - 1.38cts 
Side Marquise Diamonds  0.20 cts",in stock,new,40019.09 THB,https://colourdiam.com/productdetail/7462,https://www.colourdiam.com/Product/Jewellery//white45/center.jpg,ColourDiam,Apparel & Accessories > Jewelry,,1,,,,unisex,,,adult,,,,,,,,,,Fine Jewelry
9597,7.25 cts  Blue Sapphire Ring( No Heat Cylon) Platinum ring   Gross weight  10.10 gram  Main stone - 1 pcs - 7.25 cts  Side White Diamonds  0.77 cts,"7.25 cts  Blue Sapphire Ring( No Heat Cylon)
Platinum ring  
Gross weight  10.10 gram 
Main stone - 1 pcs - 7.25 cts 
Side White Diamonds  0.77 cts",in stock,new,275783.72 THB,,https://colourdiam.com/Product/Jewellery/9596/black360/ae1530_5.jpg,ColourDiam,Apparel & Accessories > Jewelry,,1,,,,unisex,,,adult,,,,,,,,,,Fine Jewelry
9598,3.61 cts  Emerald Ring (COLUMBIAN) Platinum ring   Gross weight  5.79 gram  Main stone - 1 pcs - 3.61 cts  Side White Diamonds  0.62 cts,"3.61 cts  Emerald Ring (COLUMBIAN)
Platinum ring  
Gross weight  5.79 gram 
Main stone - 1 pcs - 3.61 cts 
Side White Diamonds  0.62 cts",in stock,new,94373.94 THB,,https://colourdiam.com/Product/Jewellery/9597/black360/center.jpg,ColourDiam,Apparel & Accessories > Jewelry,,1,,,,unisex,,,adult,,,,,,,,,,Fine Jewelry
9599,6.016 cts  Emerald Ring (COLUMBIAN) Platinum ring   Gross weight  12.5 gram  Main stone - 1 pcs - 6.016 cts  Side White Diamonds  1.61 cts,"6.016 cts  Emerald Ring (COLUMBIAN)
Platinum ring  
Gross weight  12.5 gram 
Main stone - 1 pcs - 6.016 cts 
Side White Diamonds  1.61 cts",in stock,new,171915.65 THB,,https://colourdiam.com/Product/Jewellery/9598/black360/center.jpg,ColourDiam,Apparel & Accessories > Jewelry,,1,,,,unisex,,,adult,,,,,,,,,,Fine Jewelry
9600,2.60 cts  Emerald Ring (COLUMBIAN) Platinum ring   Gross weight  4.60 gram  Main stone - 1 pcs - 2.60 cts  Side Princess/Round Diamonds  1.20 cts,"2.60 cts  Emerald Ring (COLUMBIAN)
Platinum ring  
Gross weight  4.60 gram 
Main stone - 1 pcs - 2.60 cts 
Side Princess/Round Diamonds  1.20 cts",in stock,new,176265.55 THB,,https://colourdiam.com/Product/Jewellery/9599/black360/center.jpg,ColourDiam,Apparel & Accessories > Jewelry,,1,,,,unisex,,,adult,,,,,,,,,,Fine Jewelry
9601,2.15 cts  Ruby Ring Platinum ring   Gross weight  12.40 gram  Main stone - 1 pcs - 2.15 cts  Side White Diamonds - 2.11 cts,"2.15 cts  Ruby Ring
Platinum ring  
Gross weight  12.40 gram 
Main stone - 1 pcs - 2.15 cts 
Side White Diamonds - 2.11 cts",in stock,new,217495.04 THB,,https://colourdiam.com/Product/Jewellery/9600/black360/center.jpg,ColourDiam,Apparel & Accessories > Jewelry,,1,,,,unisex,,,adult,,,,,,,,,,Fine Jewelry
9602,6.76 cts  Green Sapphire Ring (COLUMBIAN) Platinum ring   Gross weight  11.10 gram  Main stone - 1 pcs - 6.76 cts  Side  Marquise/Baguettes Diamonds - 1.33 cts,"6.76 cts  Green Sapphire Ring (COLUMBIAN)
Platinum ring  
Gross weight  11.10 gram 
Main stone - 1 pcs - 6.76 cts 
Side  Marquise/Baguettes Diamonds - 1.33 cts",in stock,new,0 THB,,https://colourdiam.com/Product/Jewellery/9601/black360/center.jpg,ColourDiam,Apparel & Accessories > Jewelry,,1,,,,unisex,,,adult,,,,,,,,,,Fine Jewelry
9603,1.83 cts  Blue Sapphire Ring Platinum ring   Gross weight 7.00 gram  Main stone - 1 pcs - 1.83 cts  Side Baguettes / Marquise Diamonds - 0.50 cts,"1.83 cts  Blue Sapphire Ring
Platinum ring  
Gross weight 7.00 gram 
Main stone - 1 pcs - 1.83 cts 
Side Baguettes / Marquise Diamonds - 0.50 cts",in stock,new,0 THB,,https://colourdiam.com/Product/Jewellery/9602/black360/center.jpg,ColourDiam,Apparel & Accessories > Jewelry,,1,,,,unisex,,,adult,,,,,,,,,,Fine Jewelry
9604,0.87 cts  Blue Sapphire Ring Platinum ring   Gross weight  5.80 gram  Main stone - 1 pcs - 0.87 cts  Side  Marquise/Baguettes Diamonds - 1.33 cts,"0.87 cts  Blue Sapphire Ring
Platinum ring  
Gross weight  5.80 gram 
Main stone - 1 pcs - 0.87 cts 
Side  Marquise/Baguettes Diamonds - 1.33 cts",in stock,new,"#N/A (Function REGEXEXTRACT parameter 2 value ""[0-9.]+"" does not match text of Function REGEXEXTRACT parameter 1 value """".)",,https://colourdiam.com/Product/Jewellery/9604/black360/ae5343_5.jpg,ColourDiam,Apparel & Accessories > Jewelry,,1,,,,unisex,,,adult,,,,,,,,,,Fine Jewelry
9605,1.00 cts  Blue Sapphire Ring Platinum ring   Gross weight  4.40 gram  Main stone - 1 pcs -  1.00 cts  Side  Baguettes/Round  Diamonds - 0.40 cts,"1.00 cts  Blue Sapphire Ring
Platinum ring  
Gross weight  4.40 gram 
Main stone - 1 pcs -  1.00 cts 
Side  Baguettes/Round  Diamonds - 0.40 cts",in stock,new,"#N/A (Function REGEXEXTRACT parameter 2 value ""[0-9.]+"" does not match text of Function REGEXEXTRACT parameter 1 value """".)",,https://colourdiam.com/Product/Jewellery/9605/black360/ae675_10.jpg,ColourDiam,Apparel & Accessories > Jewelry,,1,,,,unisex,,,adult,,,,,,,,,,Fine Jewelry
9608,2.80 cts  Emerald Ring (COLUMBIAN) Platinum ring   Gross weight  12.20 gram  Main stone - 1 pcs - 2.80 cts  Side  Baguettes/Round  Diamonds - 1.25 cts,"2.80 cts  Emerald Ring (COLUMBIAN)
Platinum ring  
Gross weight  12.20 gram 
Main stone - 1 pcs - 2.80 cts 
Side  Baguettes/Round  Diamonds - 1.25 cts",in stock,new,"#N/A (Function REGEXEXTRACT parameter 2 value ""[0-9.]+"" does not match text of Function REGEXEXTRACT parameter 1 value """".)",,https://colourdiam.com/Product/Jewellery/9603/black360/ae5789_5.jpg,ColourDiam,Apparel & Accessories > Jewelry,,1,,,,unisex,,,adult,,,,,,,,,GIA,Fine Jewelry
9609,4.74 cts  Emerald Ring (COLUMBIAN) Platinum ring   Gross weight  9.80 gram  Main stone - 1 pcs - 4.74 cts  Side  Baguettes/Round  Diamonds - 0.70 cts,"4.74 cts  Emerald Ring (COLUMBIAN)
Platinum ring  
Gross weight  9.80 gram 
Main stone - 1 pcs - 4.74 cts 
Side  Baguettes/Round  Diamonds - 0.70 cts",in stock,new,"#N/A (Function REGEXEXTRACT parameter 2 value ""[0-9.]+"" does not match text of Function REGEXEXTRACT parameter 1 value """".)",,https://colourdiam.com/Product/Jewellery/9609/black360/center.jpg,ColourDiam,Apparel & Accessories > Jewelry,,1,,,,unisex,,,adult,,,,,,,,,,Fine Jewelry
9610,2.42 cts  Emerald Ring (COLUMBIAN) Platinum ring   Gross weight  11.70 gram  Main stone - 1 pcs - 2.42 cts  Side  Baguettes/Round  Diamonds - 1.83 cts,"2.42 cts  Emerald Ring (COLUMBIAN)
Platinum ring  
Gross weight  11.70 gram 
Main stone - 1 pcs - 2.42 cts 
Side  Baguettes/Round  Diamonds - 1.83 cts",in stock,new,"#N/A (Function REGEXEXTRACT parameter 2 value ""[0-9.]+"" does not match text of Function REGEXEXTRACT parameter 1 value """".)",,https://colourdiam.com/Product/Jewellery/9610/black360/center.jpg,ColourDiam,Apparel & Accessories > Jewelry,,1,,,,unisex,,,adult,,,,,,,,,GRS,Fine Jewelry
9611,1.24 cts  Emerald Ring (COLUMBIAN) Platinum ring   Gross weight 5.80 gram  Main stone - 1 pcs - 1.24 cts  Side  Marquise  Diamonds - 0.46 cts,"1.24 cts  Emerald Ring (COLUMBIAN)
Platinum ring  
Gross weight 5.80 gram 
Main stone - 1 pcs - 1.24 cts 
Side  Marquise  Diamonds - 0.46 cts",in stock,new,"#N/A (Function REGEXEXTRACT parameter 2 value ""[0-9.]+"" does not match text of Function REGEXEXTRACT parameter 1 value """".)",,https://colourdiam.com/Product/Jewellery/9611/black360/center.jpg,ColourDiam,Apparel & Accessories > Jewelry,,1,,,,unisex,,,adult,,,,,,,,,,Fine Jewelry
9612,3.66 cts  Emerald Ring Platinum ring   Gross weight 8.99 gram  Main stone - 1 pcs - 3.66 cts  Side Round Diamonds - 1.62 cts,"3.66 cts  Emerald Ring
Platinum ring  
Gross weight 8.99 gram 
Main stone - 1 pcs - 3.66 cts 
Side Round Diamonds - 1.62 cts",in stock,new,"#N/A (Function REGEXEXTRACT parameter 2 value ""[0-9.]+"" does not match text of Function REGEXEXTRACT parameter 1 value """".)",,https://colourdiam.com/Product/Jewellery/9612/black360/center.jpg,ColourDiam,Apparel & Accessories > Jewelry,,1,,,,unisex,,,adult,,,,,,,,,,Fine Jewelry
9468,"Immerse yourself in the rare allure of this 6.11 carat pear-shaped natural diamond, featuring a captivating fancy brownish greenish yellow hue. Graced with an I1 clarity and brilliant dimensions of 14.66 x 9.19 x 6.31 mm, this exceptional gemstone boasts an excellent polish. Accompanied by a prestigious GIA certificate, it represents the pinnacle of bespoke elegance. Enjoy complimentary worldwide shipping on this magnificent creation.",6.11ct Fancy Brownish Greenish Yellow Pear Diamond GIA,in stock,new,416001.82 THB,https://colourdiam.com/diamonddetails/Menu/9468,https://www.colourdiam.com/Product/Diamond/9468/still.jpg,ColourDiam,Apparel & Accessories > Jewelry,,1,,,,unisex,,,adult,,,,,,,,,GIA,Fine Jewelry
9582,"Immerse yourself in exceptional brilliance with this magnificent 4.09 carat D color VVS2 clarity Asscher cut natural diamond, masterfully graded by IGI. Measuring 8.96 x 8.49 x 5.50 mm with exemplary EX polish and symmetry and zero fluorescence, this rare masterpiece delivers mesmerizing step-cut geometry. Enjoy complimentary secure worldwide shipping on this distinguished acquisition.",3.19ct Fancy Light Yellow Pear VS1 GIA Diamond,in stock,new,0 THB,https://colourdiam.com/diamonddetails/Menu/9582,https://www.colourdiam.com/Product/Diamond/9582/still.jpg,ColourDiam,Apparel & Accessories > Jewelry,,1,,,,unisex,,,adult,,,,,,,,,IGI,Fine Jewelry
9583,"Discover the epitome of architectural elegance with this magnificent 4.07-carat Asscher cut natural diamond. Certified by IGI, this extraordinary gemstone features an immaculate D color and flawless VVS2 clarity, delivering mesmerizing windmill facets and unmatched brilliance. Housed in a pristine 9.00 x 8.52 x 5.70 mm silhouette with excellent polish and symmetry, it represents the pinnacle of high-jewelry artistry. Elevate your collection with this rare 4.07 Ct treasure, accompanied by complimentary secure worldwide shipping.",3.02ct H VS2 Round GIA Natural Diamond,in stock,new,0 THB,https://colourdiam.com/diamonddetails/Menu/9583,https://www.colourdiam.com/Product/Diamond/9583/still.jpg,ColourDiam,Apparel & Accessories > Jewelry,,1,,,,unisex,,,adult,,,,,,,,,IGI,Fine Jewelry
8732,"Behold a magnificent 3.52 carat Radiant natural diamond, graded U-V colour and SI2 clarity, certified by GIA. Measuring 8.81 x 7.52 x 5.22 mm with very good polish and symmetry, this rare gem glows with warm brilliance. Enjoy complimentary insured worldwide shipping on this exquisite masterpiece from ColourDiam.",3.01ct H VVS2 Cushion HRD Natural Diamond,in stock,new,266289.58 THB,https://colourdiam.com/diamonddetails/Menu/8732,https://www.colourdiam.com/Product/Diamond/8732/still.jpg,ColourDiam,Apparel & Accessories > Jewelry,,1,,,,unisex,,,adult,,,,,,,,,GIA,Fine Jewelry
7670,"Behold the breathtaking presence of this 3.19-carat Fancy Light Yellow pear diamond, certified by GIA with VS1 clarity and exceptional polish and symmetry. Measuring 12.13x7.49x4.86 mm, this magnificent natural gemstone radiates a warm, sunlit brilliance that commands attention. Enjoy the confidence of a GIA report and complimentary worldwide insured shipping with your acquisition.",3.00ct Fancy Brownish Greenish Yellow Cushion SI1 Diamond,in stock,new,663643.57 THB,https://colourdiam.com/diamonddetails/Menu/7670,https://www.colourdiam.com/Product/Diamond/7670/still.jpg,ColourDiam,Apparel & Accessories > Jewelry,,1,,,,unisex,,,adult,,,,,,,,,GIA,Fine Jewelry
9577,"Discover the exceptional presence of this 3.02 carat H VS2 round natural diamond, graded with pristine symmetry and polish by GIA. Boasting zero fluorescence and magnificent proportions, this 3.02 carat masterpiece delivers breathtaking brilliance. Enjoy complimentary insured worldwide shipping with your acquisition from ColourDiam.",3.00ct Fancy Yellow Pear VS2 GIA Natural Diamond,in stock,new,0 THB,https://colourdiam.com/diamonddetails/Menu/9577,https://www.colourdiam.com/Product/Diamond/9577/still.jpg,ColourDiam,Apparel & Accessories > Jewelry,,1,,,,unisex,,,adult,,,,,,,,,GIA,Fine Jewelry
9581,"Discover the enchanting warmth of this 3.01 carat round natural diamond, featuring a rare faint pinkish brown hue and VS2 clarity. Certified by GIA, this exceptional 9.00mm gemstone boasts excellent polish and symmetry. Enjoy complimentary insured worldwide shipping on this unique piece.",2.52ct Fancy Deep Pink Emerald GIA Diamond,in stock,new,796977.49 THB,https://colourdiam.com/diamonddetails/Menu/9581,https://www.colourdiam.com/Product/Diamond/9581/still.jpg,ColourDiam,Apparel & Accessories > Jewelry,,1,,,,unisex,,,adult,,,,,,,,,GIA,Fine Jewelry
6282,"Discover the exceptional beauty of this 3.01 carat cushion natural diamond, certified by HRD with VVS2 clarity and an H colour grade. Exhibiting exquisite symmetry and polish, this 3.01 carat masterpiece radiates timeless elegance. Enjoy complimentary worldwide shipping with your acquisition.",2.50ct Fancy Grayish Yellowish Green Oval Diamond GIA,in stock,new,785136.55 THB,https://colourdiam.com/diamonddetails/Menu/6282,https://www.colourdiam.com/Product/Diamond/6282/still.jpg,ColourDiam,Apparel & Accessories > Jewelry,,1,,,,unisex,,,adult,,,,,,,,,HRD,Fine Jewelry
6796,"Bask in the radiant warmth of a magnificent 3-carat pear shaped fancy yellow natural diamond. Certified by GIA with VS2 clarity and measuring 11.56 X 7.52 X 4.63 mm, this exceptional gemstone radiates pure sunshine elegance. Enjoy complimentary insured worldwide shipping with your acquisition.",2.50ct Cushion Fancy Brownish Greenish Yellow VS2 GIA Diamond,in stock,new,794329.73 THB,https://colourdiam.com/diamonddetails/Menu/6796,https://www.colourdiam.com/Product/Diamond/6796/still.jpg,ColourDiam,Apparel & Accessories > Jewelry,,1,,,,unisex,,,adult,,,,,,,,,GIA,Fine Jewelry
9504,"Discover the exceptional 3-carat cushion natural diamond from ColourDiam, featuring a rare Fancy Brownish Greenish Yellow hue and SI1 clarity. Certified by GIA with excellent polish and symmetry, this magnificent gemstone is accompanied by free worldwide shipping.",2.50ct Fancy Brownish Greenish Yellow Cushion Diamond,in stock,new,283689.19 THB,https://colourdiam.com/diamonddetails/Menu/9504,https://www.colourdiam.com/Product/Diamond/9504/still.jpg,ColourDiam,Apparel & Accessories > Jewelry,,1,,,,unisex,,,adult,,,,,,,,,GIA,Fine Jewelry
3070,"Discover a magnificent 2.52-carat emerald cut Fancy Deep Pink natural diamond, certified by GIA (Cert #5343000000). This SI1 clarity gemstone features exceptional polish and a mesmerising saturation. Enjoy complimentary worldwide shipping on this rare treasure.",2.3ct F VS2 Pear GIA Natural Diamond,in stock,new,238298.92 THB,https://colourdiam.com/diamonddetails/Menu/3070,https://www.colourdiam.com/Product/Diamond/3070/still.jpg,ColourDiam,Apparel & Accessories > Jewelry,,1,,,,unisex,,,adult,,,,,,,,,GIA,Fine Jewelry
9545,"Discover a magnificent 2.5-carat oval natural diamond featuring a rare fancy grayish yellowish green hue and SI2 clarity. Certified by GIA with excellent polish and symmetry, this 10.66 x 7.37 x 4.68 mm masterpiece includes free worldwide shipping for the ultimate collector.",2.24ct G I1 Shield Natural Diamond GIA,in stock,new,425533.78 THB,https://colourdiam.com/diamonddetails/Menu/9545,https://www.colourdiam.com/Product/Diamond/9545/still.jpg,ColourDiam,Apparel & Accessories > Jewelry,,1,,,,unisex,,,adult,,,,,,,,,GIA,Fine Jewelry
7669,"Discover the exceptional 2.5-carat cushion-cut natural diamond from ColourDiam, featuring a captivating Fancy Brownish Greenish Yellow hue and VS2 clarity. Certified by GIA with excellent polish and symmetry, this rare gemstone is offered with free worldwide shipping.",2.07ct Light Pinkish Brown Cushion VVS2 GIA Diamond,in stock,new,217495.04 THB,https://colourdiam.com/diamonddetails/Menu/7669,https://www.colourdiam.com/Product/Diamond/7669/still.jpg,ColourDiam,Apparel & Accessories > Jewelry,,1,,,,unisex,,,adult,,,,,,,,,GIA,Fine Jewelry
7295,"Discover the exceptional presence of this 2.5 carat cushion natural diamond, featuring a unique Fancy Brownish Greenish Yellow hue and SI2 clarity. Graced with excellent polish and symmetry, this GIA-certified masterpiece (5433000000) arrives with complimentary worldwide shipping.",2.02ct E VVS1 GIA Round Diamond,in stock,new,141844.59 THB,https://colourdiam.com/diamonddetails/Menu/7295,https://www.colourdiam.com/Product/Diamond/7295/still.jpg,ColourDiam,Apparel & Accessories > Jewelry,,1,,,,unisex,,,adult,,,,,,,,,GIA,Fine Jewelry
9549,"Behold the breathtaking brilliance of this 2.3-carat pear natural diamond, certified by GIA with F color and VS2 clarity. Featuring impressive 10.43 x 6.52 x 4.37 dimensions and immaculate very good polish and symmetry, this rare gem captures the light magnificently. Enjoy complimentary insured worldwide shipping with your acquisition.",2.02ct Faint Pink Cushion SI2 GIA Natural Diamond,in stock,new,1087475.22 THB,https://colourdiam.com/diamonddetails/Menu/9549,https://www.colourdiam.com/Product/Diamond/9549/still.jpg,ColourDiam,Apparel & Accessories > Jewelry,,1,,,,unisex,,,adult,,,,,,,,,GIA,Fine Jewelry
4143,"Discover the exceptional artistry of a 2.24 carat shield natural diamond, graded G color and I1 clarity by GIA. Meticulously polished with very good symmetry, this 8.31x15.76mm masterpiece arrives with complimentary worldwide insured shipping.",2.01ct Very Light Pink Oval SI2 GIA Diamond,in stock,new,203348.41 THB,https://colourdiam.com/diamonddetails/Menu/4143,https://www.colourdiam.com/Product/Diamond/4143/still.jpg,ColourDiam,Apparel & Accessories > Jewelry,,1,,,,unisex,,,adult,,,,,,,,,GIA,Fine Jewelry
7651,"Discover the enchanting allure of this 2.02 carat cushion natural diamond from ColourDiam. Certified by GIA with excellent polish and symmetry, this rare faint pink masterpiece features dimensions of 7.38 x 6.80 x 4.55 mm and SI2 clarity. Enjoy complimentary worldwide shipping with your investment in this singular treasure.",2.01ct Fancy Vivid Yellow Heart SI2 GIA Diamond,in stock,new,1031493.89 THB,https://colourdiam.com/diamonddetails/Menu/7651,https://www.colourdiam.com/Product/Diamond/7651/still.jpg,ColourDiam,Apparel & Accessories > Jewelry,,1,,,,unisex,,,adult,,,,,,,,,GIA,Fine Jewelry
6032,"Discover the exceptional 2.02 carat E VVS1 round natural diamond from ColourDiam. Certified by GIA with excellent polish and symmetry, this rare gem delivers breathtaking brilliance. Enjoy complimentary insured worldwide shipping on your order.",2.01ct Fancy Light Greenish Yellow Cushion SI2 Diamond,in stock,new,1375325.18 THB,https://colourdiam.com/diamonddetails/Menu/6032,https://www.colourdiam.com/Product/Diamond/6032/still.jpg,ColourDiam,Apparel & Accessories > Jewelry,,1,,,,unisex,,,adult,,,,,,,,,GIA,Fine Jewelry
8491,"Immerse yourself in the extraordinary romance of this 2.01 carat natural Fancy Vivid Yellow heart diamond, certified by GIA. Featuring an exceptional SI2 clarity and master artisan proportions of 6.89X7.66X4.71 mm, this radiant gemstone captures the pinnacle of rarity and warmth. Secure this breathtaking masterpiece today and enjoy our complimentary, fully insured worldwide shipping.",2.00ct Fancy Yellow VS1 Radiant GIA Natural Diamond,in stock,new,547406.66 THB,https://colourdiam.com/diamonddetails/Menu/8491,https://www.colourdiam.com/Product/Diamond/8491/still.jpg,ColourDiam,Apparel & Accessories > Jewelry,,1,,,,unisex,,,adult,,,,,,,,,GIA,Fine Jewelry
9219,"Discover the enchanting allure of ColourDiam with this magnificent 2.01 carat cushion natural diamond. Featuring a rare Fancy Light Greenish Yellow hue and SI2 clarity, this GIA-certified masterpiece (Cert #1237000000) is a true marvel of nature. Elevate your collection with this distinctive gemstone, backed by our complimentary worldwide shipping.",2.00ct Fancy Brownish Purplish Pink SI1 Cushion Diamond,in stock,new,273703.33 THB,https://colourdiam.com/diamonddetails/Menu/9219,https://www.colourdiam.com/Product/Diamond/9219/still.jpg,ColourDiam,Apparel & Accessories > Jewelry,,1,,,,unisex,,,adult,,,,,,,,,GIA,Fine Jewelry
6918,"Immerse yourself in the ethereal romance of a GIA-certified 2.01 carat very light pink oval natural diamond, boasting SI2 clarity and masterfully graded excellent polish. Measuring 9.70 x 6.85 x 4.56 mm, this rare pastel treasure radiates delicate warmth and timeless sophistication. Elevate your collection with this exquisite masterpiece, backed by our complimentary worldwide shipping.",2.00ct Fancy Yellow VS1 Cushion GIA Natural Diamond,in stock,new,1689509.72 THB,https://colourdiam.com/diamonddetails/Menu/6918,https://www.colourdiam.com/Product/Diamond/6918/still.jpg,ColourDiam,Apparel & Accessories > Jewelry,,1,,,,unisex,,,adult,,,,,,,,,GIA,Fine Jewelry
5484,"Discover the exceptional beauty of this 2 carat cushion natural diamond, certified by GIA under report 1225000000. Featuring a rare fancy brownish purplish pink hue and SI1 clarity, this exquisite gemstone measures 7.58X6.88X4.41 mm. Enjoy complimentary worldwide shipping on this mesmerizing masterwork from ColourDiam.",2.00ct Fancy Yellow Green VVS2 Pear GIA Diamond,in stock,new,1891261.25 THB,https://colourdiam.com/diamonddetails/Menu/5484,https://www.colourdiam.com/Product/Diamond/5484/still.jpg,ColourDiam,Apparel & Accessories > Jewelry,,1,,,,unisex,,,adult,,,,,,,,,GIA,Fine Jewelry
9409,"Behold a breathtaking 2 carat pear-shaped fancy yellow green natural diamond, GIA certified for uncompromising rarity. Boasting an immaculate VVS2 clarity and measuring 10.85 x 6.95 x 4.43 mm with excellent polish, this botanical masterpiece radiates hypnotic luxury. Enjoy complimentary insured worldwide shipping with your investment acquisition.",2.00ct W-X VVS1 Cushion GIA Natural Diamond,in stock,new,453902.7 THB,https://colourdiam.com/diamonddetails/Menu/9409,https://www.colourdiam.com/Product/Diamond/9409/still.jpg,ColourDiam,Apparel & Accessories > Jewelry,,1,,,,unisex,,,adult,,,,,,,,,GIA,Fine Jewelry
7698,"Immerse yourself in the hypnotic warmth of this 2 carat cushion cut fancy yellow diamond, masterfully graded VS1 by the GIA. Measuring 7.54x6.75x4.56 mm with very good polish and symmetry, this rare natural treasure radiates golden brilliance. Enjoy complimentary worldwide shipping with your certified investment.",1.86ct Fancy White GIA Diamond,in stock,new,272341.62 THB,https://colourdiam.com/diamonddetails/Menu/7698,https://www.colourdiam.com/Product/Diamond/7698/still.jpg,ColourDiam,Apparel & Accessories > Jewelry,,1,,,,unisex,,,adult,,,,,,,,,GIA,Fine Jewelry
484,"Immerse yourself in the hypnotic brilliance of this 2 carat radiant fancy yellow natural diamond, certified by GIA for uncompromising rarity. Boasting VS1 clarity and dimensions of 7.29x6.86x4.74 mm, its exceptional cut captures the warmth of a sunlit golden hour. Enjoy complimentary insured worldwide shipping with every ColourDiam acquisition.",1.78ct M SI2 Oval Natural Diamond IGI Certified,in stock,new,302601.8 THB,https://colourdiam.com/diamonddetails/Menu/484,https://www.colourdiam.com/Product/Diamond/484/still.jpg,ColourDiam,Apparel & Accessories > Jewelry,,1,,,,unisex,,,adult,,,,,,,,,GIA,Fine Jewelry
5693,"Discover the exceptional beauty of this 2 carat W-X cushion natural diamond, certified VVS1 by GIA. Featuring a brilliant 9X77 mm cut with EX polish, this rare gemstone radiates warmth and timeless elegance. Enjoy complimentary insured worldwide shipping with every order from ColourDiam.",1.72ct Fancy Yellow Green SI1 Round Diamond,in stock,new,166430.99 THB,https://colourdiam.com/diamonddetails/Menu/5693,https://www.colourdiam.com/Product/Diamond/5693/still.jpg,ColourDiam,Apparel & Accessories > Jewelry,,1,,,,unisex,,,adult,,,,,,,,,GIA,Fine Jewelry
358,"Discover the exceptional rarity of this 1.86 carat GIA-certified Fancy White diamond, featuring an elongated 13.52 x 5.17 x 3.32 mm custom silhouette. Completely free of fluorescence and accompanied by official certification, this magnificent natural gemstone offers pristine elegance. Enjoy our complimentary fully insured worldwide shipping with every ColourDiam acquisition.",1.70ct Fancy Deep Brownish Orangy Yellow Pear Diamond,in stock,new,211064.76 THB,https://colourdiam.com/diamonddetails/Menu/358,https://www.colourdiam.com/Product/Diamond/358/still.jpg,ColourDiam,Apparel & Accessories > Jewelry,,1,,,,unisex,,,adult,,,,,,,,,GIA,Fine Jewelry
6076,"Acquire this magnificent 1.78 carat oval natural diamond, certified by IGI under report 534245983. Featuring a distinctive M color and SI2 clarity, measuring 8.31 X 6.04 X 4.35 mm with very good polish and symmetry. Elevate your fine jewelry collection with this exquisite piece, backed by our complimentary insured worldwide shipping.",1.69ct Fancy Yellowish Brown SI2 Round Diamond CGL,in stock,new,74802.51 THB,https://colourdiam.com/diamonddetails/Menu/6076,https://www.colourdiam.com/Product/Diamond/6076/still.jpg,ColourDiam,Apparel & Accessories > Jewelry,,1,,,,unisex,,,adult,,,,,,,,,IGI,Fine Jewelry
2983,"Discover the mesmerizing 1.72-carat round fancy yellow green natural diamond, featuring an SI1 clarity and certified by CGL. This rare 7.87x6.76x3.45mm gem exhibits a captivating botanical hue that commands attention in any high-jewelry setting. Enjoy complimentary worldwide shipping with your exclusive ColourDiam acquisition today.",1.66ct Fancy Greenish Yellow Round Diamond CGL,in stock,new,65579.73 THB,https://colourdiam.com/diamonddetails/Menu/2983,https://www.colourdiam.com/Product/Diamond/2983/still.jpg,ColourDiam,Apparel & Accessories > Jewelry,,1,,,,unisex,,,adult,,,,,,,,,CGL,Fine Jewelry
2848,"Discover the mesmerizing 1.7 carat pear shaped natural diamond from ColourDiam, featuring a rare Fancy Deep Brownish Orangy Yellow hue and GIA certification #1192000000. This 1.7-carat masterpiece showcases fiery warmth and distinctive character, complemented by very good polish and zero fluorescence. Elevate your collection with this exceptional 1.7-carat gemstone, backed by our complimentary insured worldwide shipping.",1.64ct Pear Fancy Light Grayish Greenish Yellow VS1 GIA Diamond,in stock,new,57872.59 THB,https://colourdiam.com/diamonddetails/Menu/2848,https://www.colourdiam.com/Product/Diamond/2848/still.jpg,ColourDiam,Apparel & Accessories > Jewelry,,1,,,,unisex,,,adult,,,,,,,,,GIA,Fine Jewelry
2552,"Discover the exceptional character of this 1.69 carat round natural diamond, featuring a captivating fancy yellowish brown hue and SI2 clarity. Certified by CGL, this unique gemstone offers warm, earthy brilliance and measures 7.4x5.64x4.62 mm with no fluorescence. Enjoy complimentary worldwide shipping with every order from ColourDiam.",1.56ct Light Greenish Yellow Pear SI1 GIA Diamond,in stock,new,83102.02 THB,https://colourdiam.com/diamonddetails/Menu/2552,https://www.colourdiam.com/Product/Diamond/2552/still.jpg,ColourDiam,Apparel & Accessories > Jewelry,,1,,,,unisex,,,adult,,,,,,,,,CGL,Fine Jewelry
2550,"Discover the exceptional beauty of this 1.66-carat round natural diamond from ColourDiam, featuring a rare fancy greenish-yellow hue and certified by Cgl. This mesmerizing gemstone offers breathtaking brilliance and unique character. Enjoy complimentary insured worldwide shipping with your purchase.",1.56ct Fancy Brownish Greenish Yellow Radiant VS2 GIA Diamond,in stock,new,62789.87 THB,https://colourdiam.com/diamonddetails/Menu/2550,https://www.colourdiam.com/Product/Diamond/2550/still.jpg,ColourDiam,Apparel & Accessories > Jewelry,,1,,,,unisex,,,adult,,,,,,,,,CGL,Fine Jewelry
9508,"Discover the enchanting allure of this 1.64 carat pear-shaped Fancy Light Grayish Greenish Yellow natural diamond, boasting VS1 clarity. Expertly certified by the GIA, this rare gem combines exceptional EX polish and symmetry with no fluorescence. Enjoy complimentary insured worldwide shipping with your investment in ColourDiam's exquisite natural diamond collection.",1.55ct Fancy Yellow Green Pear SI1 GIA Diamond,in stock,new,86846.72 THB,https://colourdiam.com/diamonddetails/Menu/9508,https://www.colourdiam.com/Product/Diamond/9508/still.jpg,ColourDiam,Apparel & Accessories > Jewelry,,1,,,,unisex,,,adult,,,,,,,,,GIA,Fine Jewelry
9559,"Discover the enchanting allure of this GIA-certified 1.56-carat pear natural diamond from ColourDiam. Exhibiting a rare light greenish yellow hue and SI1 clarity, this exquisite gemstone showcases exceptional polish and symmetry. Enjoy complimentary insured worldwide shipping with your acquisition.",1.54ct Fancy Light Greenish Yellow Pear Diamond SI1 EX,in stock,new,97362.13 THB,https://colourdiam.com/diamonddetails/Menu/9559,https://www.colourdiam.com/Product/Diamond/9559/still.jpg,ColourDiam,Apparel & Accessories > Jewelry,,1,,,,unisex,,,adult,,,,,,,,,GIA,Fine Jewelry
9520,"Discover the exceptional 1.56 carat radiant natural diamond, featuring a rare fancy brownish greenish yellow hue and VS2 clarity. Certified by GIA with excellent polish and symmetry, this 7.23 x 5.64 x 3.93 mm masterpiece is available with complimentary worldwide shipping.",1.54ct Fancy Black Emerald Natural Diamond GIA,in stock,new,73759.19 THB,https://colourdiam.com/diamonddetails/Menu/9520,https://www.colourdiam.com/Product/Diamond/9520/still.jpg,ColourDiam,Apparel & Accessories > Jewelry,,1,,,,unisex,,,adult,,,,,,,,,GIA,Fine Jewelry
9557,"Discover the exceptional beauty of this 1.55-carat pear-cut natural diamond from ColourDiam. Certified by GIA with a captivating Fancy Yellow Green hue, this SI1 clarity gemstone features an EX polish and VG symmetry, measuring 9.22 X 5.71 X 3.92 mm with zero fluorescence. Enjoy complimentary insured worldwide shipping on this exquisite piece.",1.53ct Light Greenish Yellow Pear VS2 GIA Diamond,in stock,new,322460.04 THB,https://colourdiam.com/diamonddetails/Menu/9557,https://www.colourdiam.com/Product/Diamond/9557/still.jpg,ColourDiam,Apparel & Accessories > Jewelry,,1,,,,unisex,,,adult,,,,,,,,,GIA,Fine Jewelry
9514,"Discover the enchanting allure of this 1.54 carat pear shaped natural diamond from ColourDiam. Certified by GIA, it showcases a captivating fancy light greenish yellow hue and SI1 clarity with excellent polish and symmetry. Enjoy complimentary worldwide shipping with your acquisition.",1.52ct Fancy Brownish Greenish Yellow VS1 GIA Diamond,in stock,new,93201.35 THB,https://colourdiam.com/diamonddetails/Menu/9514,https://www.colourdiam.com/Product/Diamond/9514/still.jpg,ColourDiam,Apparel & Accessories > Jewelry,,1,,,,unisex,,,adult,,,,,,,,,GIA,Fine Jewelry
191,"Discover the profound allure of this 1.54 carat Fancy Black emerald cut natural diamond, certified by GIA. Boasting striking architectural lines and an obsidian depth, this rare 1.54 ct gem offers sophisticated drama for a bespoke heirloom piece. Enjoy complimentary worldwide shipping with every order.",1.52ct Fancy Brownish Greenish Yellow SI1 Round Diamond,in stock,new,69901.02 THB,https://colourdiam.com/diamonddetails/Menu/191,https://www.colourdiam.com/Product/Diamond/191/still.jpg,ColourDiam,Apparel & Accessories > Jewelry,,1,,,,unisex,,,adult,,,,,,,,,GIA,Fine Jewelry
9517,"Discover the enchanting allure of this 1.53 carat pear natural diamond from ColourDiam. Certified by GIA, this light greenish yellow VS2 diamond features excellent polish and no fluorescence. Enjoy complimentary worldwide shipping on this exquisite piece.",1.52ct Very Light Pink Cushion SI2 GIA Diamond,in stock,new,92596.15 THB,https://colourdiam.com/diamonddetails/Menu/9517,https://www.colourdiam.com/Product/Diamond/9517/still.jpg,ColourDiam,Apparel & Accessories > Jewelry,,1,,,,unisex,,,adult,,,,,,,,,GIA,Fine Jewelry
8709,"Discover the exceptional rarity of this 1.52-carat cut cornered square natural diamond from ColourDiam. Certified by GIA with VS1 clarity and Fancy Brownish Greenish Yellow color, it boasts excellent polish. Enjoy complimentary insured worldwide shipping.",1.51ct Fancy Pink Brown Pear GIA Diamond,in stock,new,86241.51 THB,https://colourdiam.com/diamonddetails/Menu/8709,https://www.colourdiam.com/Product/Diamond/8709/still.jpg,ColourDiam,Apparel & Accessories > Jewelry,,1,,,,unisex,,,adult,,,,,,,,,GIA,Fine Jewelry
2511,"Discover the enchanting warmth of this 1.52 carat round natural diamond from ColourDiam, featuring a rare fancy brownish greenish yellow hue and SI1 clarity. Certified by CGL, this captivating 1.52 ct gemstone showcases an earthy yet vibrant palette, perfect for a bespoke artisanal creation. Enjoy complimentary insured worldwide shipping with your investment in this extraordinary 1.52 carat natural diamond masterpiece.",1.51ct Fancy Light Green Yellow Heart VS1 GIA Diamond,in stock,new,57494.34 THB,https://colourdiam.com/diamonddetails/Menu/2511,https://www.colourdiam.com/Product/Diamond/2511/still.jpg,ColourDiam,Apparel & Accessories > Jewelry,,1,,,,unisex,,,adult,,,,,,,,,CGL,Fine Jewelry
5566,"Behold a mesmerizing 1.52-carat cushion natural diamond in a delicate Very Light Pink hue, graded SI2 clarity by the GIA with certificate 1419000000. Expertly crafted with Very Good polish and Excellent symmetry, this rare gemstone radiates enchanting brilliance. Enjoy complimentary worldwide shipping with your purchase.",1.51ct Light Pink SI2 Round GIA Natural Diamond,in stock,new,689932.1 THB,https://colourdiam.com/diamonddetails/Menu/5566,https://www.colourdiam.com/Product/Diamond/5566/still.jpg,ColourDiam,Apparel & Accessories > Jewelry,,1,,,,unisex,,,adult,,,,,,,,,GIA,Fine Jewelry
4584,Behold a mesmerizing 1.51-carat pear cut natural diamond featuring a rare fancy pink brown hue and GIA certification. This exquisite 9.40x6.02x3.31 mm gemstone boasts excellent polish and symmetry for ultimate brilliance. Enjoy complimentary worldwide shipping with your purchase.,1.50ct Fancy Light Grayish Greenish Yellow Cushion Diamond VS2 GIA,in stock,new,190367.78 THB,https://colourdiam.com/diamonddetails/Menu/4584,https://www.colourdiam.com/Product/Diamond/4584/still.jpg,ColourDiam,Apparel & Accessories > Jewelry,,1,,,,unisex,,,adult,,,,,,,,,GIA,Fine Jewelry
4904,"Discover the exceptional 1.51-carat heart-shaped Fancy Light Green Yellow diamond from ColourDiam. Certified by GIA with VS1 clarity, this rare natural colored gemstone showcases a romantic romantic silhouette and mesmerizing brilliance. Enjoy complimentary secure worldwide shipping on this masterpiece.",1.50ct Fancy Brownish Greenish Yellow Oval Diamond VS2,in stock,new,228464.36 THB,https://colourdiam.com/diamonddetails/Menu/4904,https://www.colourdiam.com/Product/Diamond/4904/still.jpg,ColourDiam,Apparel & Accessories > Jewelry,,1,,,,unisex,,,adult,,,,,,,,,GIA,Fine Jewelry
9281,"Discover the enchanting allure of this 1.51 carat round light pink natural diamond, certified by GIA. Boasting an SI2 clarity and excellent polish, this rare gemstone promises unmatched brilliance. Enjoy complimentary insured worldwide shipping on your exclusive ColourDiam acquisition.",1.50ct Fancy Yellow SI2 Round GIA Diamond,in stock,new,1028089.62 THB,https://colourdiam.com/diamonddetails/Menu/9281,https://www.colourdiam.com/Product/Diamond/9281/still.jpg,ColourDiam,Apparel & Accessories > Jewelry,,1,,,,unisex,,,adult,,,,,,,,,GIA,Fine Jewelry
9529,"Discover the exceptional 1.51-carat heart-shaped natural diamond from ColourDiam, featuring a rare fancy brown greenish yellow hue and SI2 clarity. Certified by GIA and expertly polished to perfection, this mesmerizing gemstone is ready to become an unforgettable bespoke creation. Enjoy complimentary insured worldwide shipping with every order.",1.50ct Fancy Vivid Yellow VS1 Round Diamond GIA,in stock,new,57116.09 THB,https://colourdiam.com/diamonddetails/Menu/9529,https://www.colourdiam.com/Product/Diamond/9529/still.jpg,ColourDiam,Apparel & Accessories > Jewelry,,1,,,,unisex,,,adult,,,,,,,,,GIA,Fine Jewelry
9515,"Discover the exceptional 1.5 carat cushion natural diamond, featuring a rare fancy light grayish greenish yellow hue and VS2 clarity. Certified by GIA with excellent polish, this captivating gemstone embodies sophisticated rarity. Enjoy complimentary worldwide shipping with every order.",1.41ct Fancy Brown Pink Radiant Diamond GIA,in stock,new,79432.97 THB,https://colourdiam.com/diamonddetails/Menu/9515,https://www.colourdiam.com/Product/Diamond/9515/still.jpg,ColourDiam,Apparel & Accessories > Jewelry,,1,,,,unisex,,,adult,,,,,,,,,GIA,Fine Jewelry
9572,"Discover the radiance of this 1.5 carat round fancy yellow diamond, graded SI2 clarity with GIA certification #1233000000. Featuring excellent polish and medium fluorescence, this magnificent gemstone embodies warmth and prestige. Enjoy complimentary worldwide shipping with your purchase.",1.40ct Fancy Grayish Yellowish Green Radiant Diamond SI1,in stock,new,0 THB,https://colourdiam.com/diamonddetails/Menu/9572,https://www.colourdiam.com/Product/Diamond/9572/still.jpg,ColourDiam,Apparel & Accessories > Jewelry,,1,,,,unisex,,,adult,,,,,,,,,GIA,Fine Jewelry
9509,"Discover the exceptional beauty of this 1.5 carat oval natural diamond featuring a rare Fancy Brownish Greenish Yellow hue and VS2 clarity. Certified by GIA and expertly finished with Excellent polish, this unique 1.5 carat masterpiece offers understated elegance. Enjoy complimentary insured worldwide shipping with your order.",1.40ct Fancy Brown Pink Radiant SI2 GIA Diamond,in stock,new,70922.3 THB,https://colourdiam.com/diamonddetails/Menu/9509,https://www.colourdiam.com/Product/Diamond/9509/still.jpg,ColourDiam,Apparel & Accessories > Jewelry,,1,,,,unisex,,,adult,,,,,,,,,GIA,Fine Jewelry
727,"Immerse yourself in the hypnotic brilliance of ColourDiam's 1.5-carat round natural yellow diamond, boasting a mesmerizing Fancy Vivid Yellow hue and VS1 clarity. Certified by GIA with excellent polish and symmetry, this rare masterpiece radiates pure sunshine. Enjoy complimentary secure worldwide shipping with every acquisition.",1.38ct Fancy White Round GIA Natural Diamond,in stock,new,1985824.31 THB,https://colourdiam.com/diamonddetails/Menu/727,https://www.colourdiam.com/Product/Diamond/727/still.jpg,ColourDiam,Apparel & Accessories > Jewelry,,1,,,,unisex,,,adult,,,,,,,,,GIA,Fine Jewelry
3743,"Acquire a breathtaking 1.41-carat radiant natural diamond from ColourDiam, featuring a mesmerizing fancy brown pink hue and GIA certification. This unique 1.41-carat gemstone offers exceptional warmth and character, perfect for a bespoke high-jewelry creation. Enjoy complimentary secure worldwide shipping on this exquisite 1.41-carat masterpiece.",1.36ct Fancy Light Green Radiant SI1 GIA Diamond,in stock,new,746669.94 THB,https://colourdiam.com/diamonddetails/Menu/3743,https://www.colourdiam.com/Product/Diamond/3743/still.jpg,ColourDiam,Apparel & Accessories > Jewelry,,1,,,,unisex,,,adult,,,,,,,,,GIA,Fine Jewelry
5605,"Behold a rare 1.4-carat radiant natural diamond boasting a mesmerizing fancy grayish yellowish green hue and SI1 clarity. Certified by GIA with excellent polish, this exquisite gemstone offers a distinctive color profile for the discerning collector. Enjoy complimentary insured worldwide shipping with every order.",1.35 Carat Fancy White Round GIA Natural Diamond,in stock,new,137683.82 THB,https://colourdiam.com/diamonddetails/Menu/5605,https://www.colourdiam.com/Product/Diamond/5605/still.jpg,ColourDiam,Apparel & Accessories > Jewelry,,1,,,,unisex,,,adult,,,,,,,,,GIA,Fine Jewelry
6070,"Discover the enchanting allure of this GIA-certified 1.4 carat radiant natural diamond, boasting a rare fancy brown pink hue and SI2 clarity. Measuring 6.98 x 5.46 x 3.66 mm, this exquisite gemstone offers a warm, romantic brilliance. Enjoy complimentary insured worldwide shipping on this exclusive ColourDiam masterpiece.",1.33ct Fancy Intense Purple Pink Diamond,in stock,new,556030.81 THB,https://colourdiam.com/diamonddetails/Menu/6070,https://www.colourdiam.com/Product/Diamond/6070/still.jpg,ColourDiam,Apparel & Accessories > Jewelry,,1,,,,unisex,,,adult,,,,,,,,,GIA,Fine Jewelry
268,"Discover the exceptional 1.38-carat round fancy white natural diamond, GIA certified for uncompromising rarity. Measuring 7.07 x 7.10 x 4.22 mm with zero fluorescence, this magnificent gemstone radiates pristine brilliance. Enjoy complimentary insured worldwide shipping with your acquisition.",1.33ct S-T VVS2 Cushion GIA Diamond,in stock,new,156596.43 THB,https://colourdiam.com/diamonddetails/Menu/268,https://www.colourdiam.com/Product/Diamond/268/still.jpg,ColourDiam,Apparel & Accessories > Jewelry,,1,,,,unisex,,,adult,,,,,,,,,GIA,Fine Jewelry
2208,"Discover the mesmerizing allure of this 1.36 carat radiant natural diamond from ColourDiam. Certified by GIA, this exquisite fancy light green gemstone features an SI1 clarity and measures 6.04 x 5.94 x 4.16 mm. Enjoy complimentary worldwide shipping on this breathtaking masterpiece.",1.32ct F SI1 Round GIA Natural Diamond,in stock,new,925961.51 THB,https://colourdiam.com/diamonddetails/Menu/2208,https://www.colourdiam.com/Product/Diamond/2208/still.jpg,ColourDiam,Apparel & Accessories > Jewelry,,1,,,,unisex,,,adult,,,,,,,,,GIA,Fine Jewelry
1524,"Experience the sublime purity of a 1.35-carat round fancy white natural diamond, certified by GIA under report 5181000000. Measuring 6.63X6.69X4.71 mm with zero fluorescence, this rare gem radiates pristine brilliance. Elevate your bespoke jewellery collection with complimentary worldwide shipping from ColourDiam.",1.31ct Fancy Light Yellow Green Cushion VS1 GIA Diamond,in stock,new,153192.16 THB,https://colourdiam.com/diamonddetails/Menu/1524,https://www.colourdiam.com/Product/Diamond/1524/still.jpg,ColourDiam,Apparel & Accessories > Jewelry,,1,,,,unisex,,,adult,,,,,,,,,GIA,Fine Jewelry
317,"A breathtaking 1.33-carat cut cornered square natural diamond certified by GIA, featuring a rare Fancy Intense Purple Pink hue and I1 clarity. Discover bespoke luxury with free worldwide shipping on this exceptional collector's masterpiece.",1.31ct Fancy Greenish Yellow Pear Diamond SI1 GIA,in stock,new,3521528.45 THB,https://colourdiam.com/diamonddetails/Menu/317,https://www.colourdiam.com/Product/Diamond/317/still.jpg,ColourDiam,Apparel & Accessories > Jewelry,,1,,,,unisex,,,adult,,,,,,,,,GIA,Fine Jewelry
7279,"Discover the exceptional warmth of this 1.33 carat S-T colour cushion cut natural diamond. Certified by GIA with VVS2 clarity and an Excellent polish, this rare gemstone radiates unique elegance. Enjoy complimentary insured worldwide shipping on your ColourDiam acquisition.",1.30ct Fancy Light Yellow Green Marquise SI1 GIA Diamond,in stock,new,70430.57 THB,https://colourdiam.com/diamonddetails/Menu/7279,https://www.colourdiam.com/Product/Diamond/7279/still.jpg,ColourDiam,Apparel & Accessories > Jewelry,,1,,,,unisex,,,adult,,,,,,,,,GIA,Fine Jewelry
9575,"Discover the exceptional brilliance of this GIA-certified 1.32 carat round natural diamond, featuring an F colour and SI1 clarity. Measuring 6.99 - 7.03 x 4.28 mm with zero fluorescence and very good polish and symmetry, this magnificent solitaire radiates timeless elegance. Enjoy complimentary worldwide shipping with every order.",1.28ct Light Pink Radiant IF GIA Natural Diamond,in stock,new,112340.92 THB,https://colourdiam.com/diamonddetails/Menu/9575,https://www.colourdiam.com/Product/Diamond/9575/still.jpg,ColourDiam,Apparel & Accessories > Jewelry,,1,,,,unisex,,,adult,,,,,,,,,GIA,Fine Jewelry
5731,"Discover the enchanting allure of this 1.31 carat natural fancy greenish yellow pear diamond, certified by GIA. Featuring SI1 clarity and strong fluorescence, this 8.25x6.05x3.71 mm gem boasts very good polish. Enjoy complimentary worldwide shipping with every order.",1.23ct Faint Pink VS1 Round GIA Natural Diamond,in stock,new,143698.03 THB,https://colourdiam.com/diamonddetails/Menu/5731,https://www.colourdiam.com/Product/Diamond/5731/still.jpg,ColourDiam,Apparel & Accessories > Jewelry,,1,,,,unisex,,,adult,,,,,,,,,GIA,Fine Jewelry
8730,"Discover the exceptional beauty of this 1.31-carat cushion natural diamond from ColourDiam. Graded VS1 clarity with a rare Fancy Light Yellow Green hue and GIA certification, this 6.86 x 5.39 x 3.72 mm masterpiece radiates rare elegance. Enjoy complimentary worldwide shipping with every secure order.",1.23ct Light Greenish Yellow Cushion Diamond SI1 GIA,in stock,new,222979.7 THB,https://colourdiam.com/diamonddetails/Menu/8730,https://www.colourdiam.com/Product/Diamond/8730/still.jpg,ColourDiam,Apparel & Accessories > Jewelry,,1,,,,unisex,,,adult,,,,,,,,,GIA,Fine Jewelry
8889,"Discover the enchanting allure of this 1.3-carat marquise natural diamond from ColourDiam. Certified by GIA, this SI1 clarity gemstone features a rare Fancy Light Yellow Green hue with very good polish and symmetry. Enjoy complimentary insured worldwide shipping with your acquisition.",1.23ct Fancy Light Brownish Greenish Yellow Radiant Diamond,in stock,new,319623.15 THB,https://colourdiam.com/diamonddetails/Menu/8889,https://www.colourdiam.com/Product/Diamond/8889/still.jpg,ColourDiam,Apparel & Accessories > Jewelry,,1,,,,unisex,,,adult,,,,,,,,,GIA,Fine Jewelry
4914,"Discover the exceptional beauty of this 1.28 carat light pink radiant diamond, featuring flawless IF clarity and certified by GIA. Meticulously cut to 6.63 x 5.67 x 3.70 mm with zero fluorescence, this rare gemstone radiates unprecedented brilliance. Elevate your collection with this magnificent natural diamond, backed by our complimentary worldwide shipping.",1.22ct Fancy Green Cushion SI2 GIA Natural Diamond,in stock,new,968325.76 THB,https://colourdiam.com/diamonddetails/Menu/4914,https://www.colourdiam.com/Product/Diamond/4914/still.jpg,ColourDiam,Apparel & Accessories > Jewelry,,1,,,,unisex,,,adult,,,,,,,,,GIA,Fine Jewelry
9525,"Discover the exceptional rarity of this 1.27-carat pear natural diamond, featuring a captivating fancy dark brown greenish yellow hue and VVS2 clarity. Graced with GIA certification and expert polish, this 9.04X5.31X3.62 mm masterpiece delivers unmatched organic brilliance. Enjoy complimentary insured worldwide shipping on this distinguished acquisition from ColourDiam.",1.21ct Light Green Yellow VVS2 Marquise GIA Diamond,in stock,new,52841.84 THB,https://colourdiam.com/diamonddetails/Menu/9525,https://www.colourdiam.com/Product/Diamond/9525/still.jpg,ColourDiam,Apparel & Accessories > Jewelry,,1,,,,unisex,,,adult,,,,,,,,,GIA,Fine Jewelry
9526,"Discover the exceptional 1.26 carat heart-shaped Fancy Brownish Greenish Yellow natural diamond, graded VS1 with Excellent polish and symmetry. Certified by GIA (6553000000), this rare colored masterpiece is showcased in a romantic 6.23X7.33X3.62 mm proportion with zero fluorescence. Enjoy complimentary insured worldwide shipping with your investment from ColourDiam.",1.20ct Fancy Intense Yellow Pear VS2 GIA Diamond,in stock,new,54808.75 THB,https://colourdiam.com/diamonddetails/Menu/9526,https://www.colourdiam.com/Product/Diamond/9526/still.jpg,ColourDiam,Apparel & Accessories > Jewelry,,1,,,,unisex,,,adult,,,,,,,,,GIA,Fine Jewelry
9519,"Discover the exceptional 1.23 carat radiant natural diamond, certified by GIA. Featuring a captivating fancy light brownish greenish yellow hue and VS1 clarity, this rare gemstone embodies breathtaking elegance. Enjoy complimentary worldwide shipping with your purchase.",1.20ct Light Green Yellow Oval Diamond VVS2 EX EX,in stock,new,55830.03 THB,https://colourdiam.com/diamonddetails/Menu/9519,https://www.colourdiam.com/Product/Diamond/9519/still.jpg,ColourDiam,Apparel & Accessories > Jewelry,,1,,,,unisex,,,adult,,,,,,,,,GIA,Fine Jewelry
7122,"Discover the exceptional beauty of a GIA-certified 1.23 carat round natural diamond from ColourDiam, boasting a rare faint pink hue and VS1 clarity. Expertly cut with excellent polish and symmetry, this magnificent 1.23 carat gemstone measures 6.83x6.89x4.24 mm with zero fluorescence. Elevate your fine jewelry collection with this mesmerizing 1.23 carat masterpiece, backed by our complimentary insured worldwide shipping.",1.16ct Fancy Pink Purple Cushion VS1 GIA Diamond,in stock,new,279150.16 THB,https://colourdiam.com/diamonddetails/Menu/7122,https://www.colourdiam.com/Product/Diamond/7122/still.jpg,ColourDiam,Apparel & Accessories > Jewelry,,1,,,,unisex,,,adult,,,,,,,,,GIA,Fine Jewelry
8833,"Discover the enchanting beauty of this 1.23 carat cushion natural diamond from ColourDiam. Featuring a delicate Light Greenish Yellow hue and SI1 clarity, this GIA-certified masterpiece (Cert #6542000000) offers mesmerizing brilliance. Elevate your collection with this rare treasure, backed by our complimentary worldwide shipping.",1.15ct N VS2 Pear GIA Natural Diamond,in stock,new,93050.05 THB,https://colourdiam.com/diamonddetails/Menu/8833,https://www.colourdiam.com/Product/Diamond/8833/still.jpg,ColourDiam,Apparel & Accessories > Jewelry,,1,,,,unisex,,,adult,,,,,,,,,GIA,Fine Jewelry
9578,"Discover the exceptional 1.22 carat cushion fancy green natural diamond, graded SI2 clarity by GIA. Meticulously cut to 5.89 x 5.82 x 4.00 mm with no fluorescence, this rare colored gem embodies unparalleled prestige and sophistication. Enjoy complimentary worldwide shipping with your investment-grade acquisition.",1.14ct Fancy Light Yellow Green Round Diamond GIA,in stock,new,1384403.24 THB,https://colourdiam.com/diamonddetails/Menu/9578,https://www.colourdiam.com/Product/Diamond/9578/still.jpg,ColourDiam,Apparel & Accessories > Jewelry,,1,,,,unisex,,,adult,,,,,,,,,GIA,Fine Jewelry
8717,"Discover the exceptional 1.21 carat marquise natural diamond from ColourDiam, featuring a rare light green yellow hue and VVS2 clarity. Graced with excellent polish and symmetry, this GIA-certified masterpiece (Cert #5523000000) offers mesmerizing brilliance. Enjoy complimentary worldwide shipping on this exquisite collector's gem.",1.12ct Fancy Light Yellow Cushion I3 GIA Diamond,in stock,new,164766.68 THB,https://colourdiam.com/diamonddetails/Menu/8717,https://www.colourdiam.com/Product/Diamond/8717/still.jpg,ColourDiam,Apparel & Accessories > Jewelry,,1,,,,unisex,,,adult,,,,,,,,,GIA,Fine Jewelry
9476,"Discover the enchanting beauty of this 1.2 carat oval natural diamond from ColourDiam. Boasting a delicate Light Green Yellow hue and exceptional VVS2 clarity, this GIA-certified masterpiece (Cert #1546000000) reflects peerless brilliance. Enjoy complimentary insured worldwide shipping on this exquisite acquisition.",1.12 Carat M SI1 Pear GIA Natural Diamond,in stock,new,90780.54 THB,https://colourdiam.com/diamonddetails/Menu/9476,https://www.colourdiam.com/Product/Diamond/9476/still.jpg,ColourDiam,Apparel & Accessories > Jewelry,,1,,,,unisex,,,adult,,,,,,,,,GIA,Fine Jewelry
7803,"Immerse yourself in the hypnotic glow of this 1.2 carat pear-shaped fancy intense yellow diamond, graded VS2 by GIA. Boasting excellent polish and unique pear proportions measuring 8.86 X 5.73 X 3.38 mm, this radiant masterpiece captures light with unmatched brilliance. Elevate your fine jewelry collection with this rare natural yellow diamond, backed by a GIA certificate and complimentary insured worldwide shipping.",1.11ct Fancy Light Brownish Yellow Cushion VS2 GIA Diamond,in stock,new,163404.97 THB,https://colourdiam.com/diamonddetails/Menu/7803,https://www.colourdiam.com/Product/Diamond/7803/still.jpg,ColourDiam,Apparel & Accessories > Jewelry,,1,,,,unisex,,,adult,,,,,,,,,GIA,Fine Jewelry
105,"Discover a magnificent 1.16 carat cushion natural fancy pink purple diamond, graded VS1 clarity by GIA. This rare collector's gemstone exhibits a mesmerizing violet-pink hue, masterfully proportioned at 5.76 x 5.49 x 3.98 mm with zero fluorescence. Accompanied by official GIA certification and complimentary worldwide shipping.",1.11ct Fancy Yellow Green Radiant Diamond GIA SI2,in stock,new,3948953.49 THB,https://colourdiam.com/diamonddetails/Menu/105,https://www.colourdiam.com/Product/Diamond/105/still.jpg,ColourDiam,Apparel & Accessories > Jewelry,,1,,,,unisex,,,adult,,,,,,,,,GIA,Fine Jewelry
9536,"Discover the exceptional brilliance of this GIA-certified 1.15-carat pear natural diamond, featuring a distinct N colour and VS2 clarity. Measuring 8.85 x 5.11 x 3.49 mm with very good polish and symmetry, this rare gemstone is elegantly showcased with complimentary worldwide shipping.",1.11ct Fancy Intense Purplish Pink Round Diamond,in stock,new,32624.42 THB,https://colourdiam.com/diamonddetails/Menu/9536,https://www.colourdiam.com/Product/Diamond/9536/still.jpg,ColourDiam,Apparel & Accessories > Jewelry,,1,,,,unisex,,,adult,,,,,,,,,GIA,Fine Jewelry
9165,"Discover the enchanting beauty of this 1.14 carat round natural diamond, featuring a rare Fancy Light Yellow Green hue and SI2 clarity. Certified by GIA, this exceptional 1.14 carat gemstone boasts strong fluorescence and meticulous craftsmanship. Elevate your fine jewelry collection with this 1.14 carat masterpiece, backed by our complimentary worldwide shipping.",1.10ct Fancy Light Greenish Yellow Pear Diamond VS2,in stock,new,258724.54 THB,https://colourdiam.com/diamonddetails/Menu/9165,https://www.colourdiam.com/Product/Diamond/9165/still.jpg,ColourDiam,Apparel & Accessories > Jewelry,,1,,,,unisex,,,adult,,,,,,,,,GIA,Fine Jewelry
4386,"Discover the enchanting warmth of this GIA-certified 1.12-carat fancy light yellow cushion diamond. Featuring an I3 clarity and exceptional very good polish and symmetry, this rare natural gem is offered with complimentary worldwide shipping.",1.09ct Light Greenish Yellow Pear VS2 GIA Diamond,in stock,new,25418.55 THB,https://colourdiam.com/diamonddetails/Menu/4386,https://www.colourdiam.com/Product/Diamond/4386/still.jpg,ColourDiam,Apparel & Accessories > Jewelry,,1,,,,unisex,,,adult,,,,,,,,,GIA,Fine Jewelry
9542,"Discover the ethereal elegance of this 1.12 carat pear natural diamond, certified by GIA. Featuring an M color and SI1 clarity, this unique gemstone is complemented by very good polish and symmetry. Enjoy free worldwide shipping on this exquisite piece from ColourDiam.",1.09ct Light Greenish Yellow Cushion VS2 GIA Diamond,in stock,new,25418.55 THB,https://colourdiam.com/diamonddetails/Menu/9542,https://www.colourdiam.com/Product/Diamond/9542/still.jpg,ColourDiam,Apparel & Accessories > Jewelry,,1,,,,unisex,,,adult,,,,,,,,,GIA,Fine Jewelry
4662,"Discover the exceptional beauty of this 1.11 carat cushion natural diamond from ColourDiam. Certified by GIA with VS2 clarity and an enticing Fancy Light Brownish Yellow hue, it represents the pinnacle of rare sophistication. Enjoy complimentary worldwide shipping on this masterpiece.",1.09ct Fancy Deep Bluish Green Pear Diamond GIA,in stock,new,41986 THB,https://colourdiam.com/diamonddetails/Menu/4662,https://www.colourdiam.com/Product/Diamond/4662/still.jpg,ColourDiam,Apparel & Accessories > Jewelry,,1,,,,unisex,,,adult,,,,,,,,,GIA,Fine Jewelry
7550,"Discover the exceptional 1.11 carat Fancy Yellow Green radiant diamond, certified by GIA. Featuring an SI2 clarity and excellent polish and symmetry, this rare gem captures a captivating botanical brilliance. Enjoy complimentary insured worldwide shipping with every order from ColourDiam.",1.09ct Fancy Brown Pink Oval Diamond GIA,in stock,new,326525.1 THB,https://colourdiam.com/diamonddetails/Menu/7550,https://www.colourdiam.com/Product/Diamond/7550/still.jpg,ColourDiam,Apparel & Accessories > Jewelry,,1,,,,unisex,,,adult,,,,,,,,,GIA,Fine Jewelry
5788,"Discover the exceptional rarity of this 1.11 carat round natural diamond by ColourDiam, featuring a mesmerizing Fancy Intense Purplish Pink hue and I1 clarity. Graded with medium fluorescence, very good polish, and good symmetry, this CGL-certified masterpiece measures 6.65*6.72*4.08 mm. Elevate your fine jewelry collection with this captivating treasure, backed by our complimentary worldwide shipping.",1.08ct Fancy White Heart GIA Natural Diamond,in stock,new,8817059.95 THB,https://colourdiam.com/diamonddetails/Menu/5788,https://www.colourdiam.com/Product/Diamond/5788/still.jpg,ColourDiam,Apparel & Accessories > Jewelry,,1,,,,unisex,,,adult,,,,,,,,,CGL,Fine Jewelry
9560,"Discover the enchanting allure of this 1.1 carat pear-shaped Fancy Light Greenish Yellow natural diamond, boasting VS2 clarity and an excellent polish. Certified by GIA and complete with free worldwide shipping, this rare masterpiece offers exceptional brilliance for your bespoke fine jewelry.",1.08ct D VVS2 Emerald GIA Natural Diamond,in stock,new,74893.95 THB,https://colourdiam.com/diamonddetails/Menu/9560,https://www.colourdiam.com/Product/Diamond/9560/still.jpg,ColourDiam,Apparel & Accessories > Jewelry,,1,,,,unisex,,,adult,,,,,,,,,GIA,Fine Jewelry
9516,"Discover the enchanting beauty of this 1.09 carat pear natural diamond from ColourDiam. Certified by GIA, this light greenish yellow gemstone features VS2 clarity, excellent polish, and excellent symmetry. Enjoy complimentary worldwide shipping with your investment.",1.08ct F VVS1 GIA Round Natural Diamond,in stock,new,61844.24 THB,https://colourdiam.com/diamonddetails/Menu/9516,https://www.colourdiam.com/Product/Diamond/9516/still.jpg,ColourDiam,Apparel & Accessories > Jewelry,,1,,,,unisex,,,adult,,,,,,,,,GIA,Fine Jewelry
9512,"Discover a magnificent 1.09 carat cushion natural diamond from ColourDiam, featuring a rare light greenish yellow hue and VS2 clarity. Graded by the GIA, this exquisite gemstone boasts excellent polish and symmetry with zero fluorescence. Elevate your fine jewelry collection with this unique treasure, backed by our complimentary worldwide insured shipping.",1.07ct O-P SI2 GIA Certified Round Diamond,in stock,new,61844.24 THB,https://colourdiam.com/diamonddetails/Menu/9512,https://www.colourdiam.com/Product/Diamond/9512/still.jpg,ColourDiam,Apparel & Accessories > Jewelry,,1,,,,unisex,,,adult,,,,,,,,,GIA,Fine Jewelry
6913,"Discover the mesmerizing allure of this 1.09 carat pear-shaped natural diamond from ColourDiam. Certified by GIA with a rare Fancy Deep Bluish Green hue and I1 clarity, this exquisite 1.09ct gemstone boasts a distinct 7.12 x 5.86 x 3.48 mm profile. Elevate your fine jewelry collection with this magnificent 1.09 carat masterpiece, backed by our complimentary worldwide shipping.",1.07ct G VVS2 Pear GIA Natural Diamond,in stock,new,12368848.58 THB,https://colourdiam.com/diamonddetails/Menu/6913,https://www.colourdiam.com/Product/Diamond/6913/still.jpg,ColourDiam,Apparel & Accessories > Jewelry,,1,,,,unisex,,,adult,,,,,,,,,GIA,Fine Jewelry
5466,"Discover the enchanting allure of this GIA-certified 1.09-carat oval natural diamond from ColourDiam. Displaying a rare Fancy Brown Pink hue with dimensions of 7.19x5.38x3.43 mm, this unique I1 clarity gemstone offers warm sophistication. Enjoy complimentary worldwide shipping with your investment.",1.07ct Fancy Purplish Pink Pear Diamond VS2 GIA,in stock,new,185532.73 THB,https://colourdiam.com/diamonddetails/Menu/5466,https://www.colourdiam.com/Product/Diamond/5466/still.jpg,ColourDiam,Apparel & Accessories > Jewelry,,1,,,,unisex,,,adult,,,,,,,,,GIA,Fine Jewelry
734,"Discover the exceptional 1.08 carat fancy white heart diamond, gracefully proportioned at 6.17 x 7.39 x 3.64 mm. Certified by GIA (1224000000), this rare single natural diamond offers a breathtaking aesthetic of modern romance. Enjoy complimentary worldwide shipping with your acquisition.",1.07ct Faint Pink VS2 Round GIA Natural Diamond,in stock,new,61276.86 THB,https://colourdiam.com/diamonddetails/Menu/734,https://www.colourdiam.com/Product/Diamond/734/still.jpg,ColourDiam,Apparel & Accessories > Jewelry,,1,,,,unisex,,,adult,,,,,,,,,GIA,Fine Jewelry
6187,"Discover the exceptional brilliance of this 1.08 carat D color emerald cut natural diamond, featuring VVS2 clarity and GIA certification 2444000000. Meticulously proportioned at 6.97 x 5.02 x 3.38 mm with very good polish and symmetry, this rare gemstone exhibits mesmerizing hall-of-mirrors facets. Enjoy complimentary insured worldwide shipping with your acquisition from ColourDiam.",1.06ct Fancy Deep Brownish Greenish Yellow Oval Diamond,in stock,new,230401.01 THB,https://colourdiam.com/diamonddetails/Menu/6187,https://www.colourdiam.com/Product/Diamond/6187/still.jpg,ColourDiam,Apparel & Accessories > Jewelry,,1,,,,unisex,,,adult,,,,,,,,,GIA,Fine Jewelry
6033,"Discover the exceptional 1.08 carat round natural diamond from ColourDiam. Certified by GIA with F color and VVS1 clarity, this masterpiece features 3.97mm depth and flawless symmetry. Enjoy complimentary insured worldwide shipping on this rare treasure.",1.06ct Fancy Intense Pink GIA Natural Diamond,in stock,new,388086.81 THB,https://colourdiam.com/diamonddetails/Menu/6033,https://www.colourdiam.com/Product/Diamond/6033/still.jpg,ColourDiam,Apparel & Accessories > Jewelry,,1,,,,unisex,,,adult,,,,,,,,,GIA,Fine Jewelry
6415,"Discover the distinctive warmth of this 1.07 carat O-P color round natural diamond, certified by GIA for enduring beauty. Featuring an SI2 clarity and brilliant dimensions of 6.53 x 6.65 x 4.04 mm, this bespoke stone radiates unique champagne-toned elegance. Enjoy complimentary insured worldwide shipping with every ColourDiam acquisition.",1.06ct E VVS2 Pear GIA Natural Diamond,in stock,new,101182.48 THB,https://colourdiam.com/diamonddetails/Menu/6415,https://www.colourdiam.com/Product/Diamond/6415/still.jpg,ColourDiam,Apparel & Accessories > Jewelry,,1,,,,unisex,,,adult,,,,,,,,,GIA,Fine Jewelry
6190,"Discover the exceptional beauty of this 1.07-carat pear natural diamond, certified by GIA with VVS2 clarity and G color. Its delicate 8.62 x 5.74 x 3.74 mm dimensions create a mesmerizing silhouette of sophisticated brilliance. Enjoy complimentary worldwide shipping with your acquisition.",1.06ct Q-R I2 Round GIA Natural Diamond,in stock,new,177271.7 THB,https://colourdiam.com/diamonddetails/Menu/6190,https://www.colourdiam.com/Product/Diamond/6190/still.jpg,ColourDiam,Apparel & Accessories > Jewelry,,1,,,,unisex,,,adult,,,,,,,,,GIA,Fine Jewelry
8686,"Behold the ethereal allure of this 1.07-carat pear-shaped natural fancy purplish pink diamond, graded VS2 clarity by GIA. Exhibiting mesmerizing violet-pink undertones and exceptional brilliance, this rare masterpiece is complemented by excellent polish. Indulge in heirloom-quality elegance with ColourDiam, featuring complimentary worldwide shipping and secure delivery.",1.06ct Fancy Light Greenish Yellow Pear VS1 Diamond,in stock,new,3237839.26 THB,https://colourdiam.com/diamonddetails/Menu/8686,https://www.colourdiam.com/Product/Diamond/8686/still.jpg,ColourDiam,Apparel & Accessories > Jewelry,,1,,,,unisex,,,adult,,,,,,,,,GIA,Fine Jewelry
8398,"Discover the enchanting allure of this 1.07 carat round natural diamond from ColourDiam. Certified by GIA with VS2 clarity and an exquisite Faint Pink hue, this exceptional gemstone boasts excellent polish and symmetry. Enjoy complimentary worldwide shipping on this masterpiece.",1.05ct G VVS1 Princess GIA Natural Diamond,in stock,new,263074.44 THB,https://colourdiam.com/diamonddetails/Menu/8398,https://www.colourdiam.com/Product/Diamond/8398/still.jpg,ColourDiam,Apparel & Accessories > Jewelry,,1,,,,unisex,,,adult,,,,,,,,,GIA,Fine Jewelry
2049,"Immerse yourself in the captivating allure of this 1.06 carat Fancy Intense Pink diamond, featuring a distinct, unique shape measuring 5.90 x 7.16 x 3.94 mm. Certified by GIA with report 2257000000 and displaying no fluorescence, this rare masterpiece is a true collector's treasure. Enjoy complimentary worldwide shipping with your acquisition.",1.05ct F SI1 Cushion GIA Natural Diamond,in stock,new,4811368.62 THB,https://colourdiam.com/diamonddetails/Menu/2049,https://www.colourdiam.com/Product/Diamond/2049/still.jpg,ColourDiam,Apparel & Accessories > Jewelry,,1,,,,unisex,,,adult,,,,,,,,,GIA,Fine Jewelry
8171,"Discover the mesmerizing allure of this 1.06 carat oval natural diamond from ColourDiam. Certified by GIA, it showcases a rare Fancy Deep Brownish Greenish Yellow hue and SI1 clarity. Elevate your collection with this distinctive gemstone, backed by our complimentary worldwide shipping.",1.05ct M SI1 Heart GIA Natural Diamond,in stock,new,120284.22 THB,https://colourdiam.com/diamonddetails/Menu/8171,https://www.colourdiam.com/Product/Diamond/8171/still.jpg,ColourDiam,Apparel & Accessories > Jewelry,,1,,,,unisex,,,adult,,,,,,,,,GIA,Fine Jewelry
6192,"Immerse yourself in the exceptional radiance of this 1.06-carat pear natural diamond, certified by GIA. Featuring an E colour and VVS2 clarity, this 9.02 x 5.81 x 3.67 mm masterwork delivers breathtaking brilliance. Enjoy complimentary worldwide shipping with every order.",1.05ct N SI1 GIA Pear Natural Diamond,in stock,new,237200.34 THB,https://colourdiam.com/diamonddetails/Menu/6192,https://www.colourdiam.com/Product/Diamond/6192/still.jpg,ColourDiam,Apparel & Accessories > Jewelry,,1,,,,unisex,,,adult,,,,,,,,,GIA,Fine Jewelry
6039,"Discover the understated warmth of this 1.06 carat Q-R color round natural diamond, certified by GIA with I2 clarity. Measuring 6.18 x 6.12 x 4.37 mm, this ethically sourced gem offers a vintage champagne allure. Enjoy complimentary worldwide shipping on this unique piece.",1.04ct Fancy Light Yellow Round GIA Diamond,in stock,new,31153.51 THB,https://colourdiam.com/diamonddetails/Menu/6039,https://www.colourdiam.com/Product/Diamond/6039/still.jpg,ColourDiam,Apparel & Accessories > Jewelry,,1,,,,unisex,,,adult,,,,,,,,,GIA,Fine Jewelry
9511,"Discover the exceptional 1.06 carat pear fancy light greenish yellow diamond, GIA certified for uncompromising beauty. This VS1 clarity masterpiece features excellent polish and symmetry, radiating unique organic warmth. Enjoy complimentary insured worldwide shipping with your investment in natural rarity.",1.04ct Fancy White Radiant GIA Diamond,in stock,new,64151.58 THB,https://colourdiam.com/diamonddetails/Menu/9511,https://www.colourdiam.com/Product/Diamond/9511/still.jpg,ColourDiam,Apparel & Accessories > Jewelry,,1,,,,unisex,,,adult,,,,,,,,,GIA,Fine Jewelry
9540,"Discover the exceptional character of this 1.05 carat pear natural diamond, certified by GIA. Featuring an SI1 clarity and strong fluorescence, this unique 8.38 x 4.93 x 3.41 mm gem offers breathtaking brilliance. Enjoy complimentary worldwide shipping on your exquisite ColourDiam purchase.",1.04ct Q-R SI1 Pear Natural Diamond IGI,in stock,new,23829.89 THB,https://colourdiam.com/diamonddetails/Menu/9540,https://www.colourdiam.com/Product/Diamond/9540/still.jpg,ColourDiam,Apparel & Accessories > Jewelry,,1,,,,unisex,,,adult,,,,,,,,,GIA,Fine Jewelry
6188,"Discover the exceptional 1.05-carat G VVS1 princess natural diamond from ColourDiam. Certified by GIA (2446000000), this pristine gemstone combines modern geometric brilliance with absolute clarity. Enjoy complimentary insured worldwide shipping on this rare masterpiece.",1.03ct M VS1 Pear GIA Natural Diamond,in stock,new,283337.58 THB,https://colourdiam.com/diamonddetails/Menu/6188,https://www.colourdiam.com/Product/Diamond/6188/still.jpg,ColourDiam,Apparel & Accessories > Jewelry,,1,,,,unisex,,,adult,,,,,,,,,GIA,Fine Jewelry
9531,"Discover the profound romance of this 1.05-carat heart-cut natural diamond, featuring a warm M color and SI1 clarity. Certified by GIA and complete with free worldwide shipping, this 5.79 x 6.31 x 3.68 mm treasure is uniquely poised for an unforgettable bespoke ring.",1.03ct K VS1 GIA Certified Oval Natural Diamond,in stock,new,27801.54 THB,https://colourdiam.com/diamonddetails/Menu/9531,https://www.colourdiam.com/Product/Diamond/9531/still.jpg,ColourDiam,Apparel & Accessories > Jewelry,,1,,,,unisex,,,adult,,,,,,,,,GIA,Fine Jewelry
5762,"Discover the enchanting warmth of this GIA-certified 1.04-carat round natural diamond from ColourDiam. Featuring a delicate fancy light yellow hue and exceptional round brilliance, this treasure promises timeless elegance. Enjoy complimentary insured worldwide shipping on your order.",1.03 Carat M SI1 Heart GIA Natural Diamond,in stock,new,49172.79 THB,https://colourdiam.com/diamonddetails/Menu/5762,https://www.colourdiam.com/Product/Diamond/5762/still.jpg,ColourDiam,Apparel & Accessories > Jewelry,,1,,,,unisex,,,adult,,,,,,,,,GIA,Fine Jewelry
9532,"Discover the enchanting allure of this 1.04 carat pear-shaped natural diamond, featuring a rare light green yellow hue and SI2 clarity. Accompanied by official GIA certification, this exquisite gemstone measures 8.38 x 5.05 x 3.41 mm and comes with complimentary worldwide shipping.",1.03ct Faint Pink VS1 Round GIA Diamond,in stock,new,62941.17 THB,https://colourdiam.com/diamonddetails/Menu/9532,https://www.colourdiam.com/Product/Diamond/9532/still.jpg,ColourDiam,Apparel & Accessories > Jewelry,,1,,,,unisex,,,adult,,,,,,,,,GIA,Fine Jewelry
6077,"Discover the enchanting warmth of this 1.04 carat pear cut natural diamond, certified by IGI with SI1 clarity and Q-R colour. Measuring 8.13 X 5.13 X 3.30 mm with very good polish and symmetry, this rare gem captures the light with distinctive champagne undertones. Enjoy complimentary worldwide shipping with your acquisition.",1.03ct Fancy Brownish Yellow I1 Round GIA Diamond,in stock,new,43272.06 THB,https://colourdiam.com/diamonddetails/Menu/6077,https://www.colourdiam.com/Product/Diamond/6077/still.jpg,ColourDiam,Apparel & Accessories > Jewelry,,1,,,,unisex,,,adult,,,,,,,,,IGI,Fine Jewelry
8590,"Discover the exceptional rarity of this GIA-certified 1.04-carat Fancy White radiant diamond, featuring dimensions of 6.27 x 5.01 x 3.77 mm and I2 clarity. This striking gemstone offers a mesmerizing icy brilliance tailored for sophisticated bespoke jewelry creations. Enjoy complimentary insured worldwide shipping with every order.",1.03ct Fancy Dark Brown Greenish Yellow GIA Diamond,in stock,new,59007.35 THB,https://colourdiam.com/diamonddetails/Menu/8590,https://www.colourdiam.com/Product/Diamond/8590/still.jpg,ColourDiam,Apparel & Accessories > Jewelry,,1,,,,unisex,,,adult,,,,,,,,,GIA,Fine Jewelry
9534,"Discover the romance of this 1.03-carat heart-shaped natural diamond, gracefully certified by GIA. Featuring an M colour and SI1 clarity, its 5.93 x 6.95 x 3.22 mm measurements radiate timeless elegance. Enjoy complimentary worldwide shipping on this exquisite piece from ColourDiam.",1.03ct Fancy Light Yellow Emerald Diamond GIA I1,in stock,new,27271.99 THB,https://colourdiam.com/diamonddetails/Menu/9534,https://www.colourdiam.com/Product/Diamond/9534/still.jpg,ColourDiam,Apparel & Accessories > Jewelry,,1,,,,unisex,,,adult,,,,,,,,,GIA,Fine Jewelry
9543,"Discover the exceptional allure of this GIA-certified 1.03-carat M color VS1 clarity pear natural diamond, measuring 8.09 x 5.11 x 3.38 mm with very good polish and symmetry. Exhibiting a sophisticated warm undertone and graceful teardrop silhouette, this rare gemstone is offered with complimentary worldwide shipping.",1.03ct Faint Pink VVS1 Pear GIA Natural Diamond,in stock,new,33700.3 THB,https://colourdiam.com/diamonddetails/Menu/9543,https://www.colourdiam.com/Product/Diamond/9543/still.jpg,ColourDiam,Apparel & Accessories > Jewelry,,1,,,,unisex,,,adult,,,,,,,,,GIA,Fine Jewelry
9544,"Discover the exceptional beauty of this 1.03-carat K color oval natural diamond, featuring VS1 clarity and GIA certification. Elegantly proportioned at 7.55 x 5.24 x 3.4 mm with no fluorescence, this rare gemstone radiates enduring warmth and brilliance. Enjoy complimentary worldwide shipping and secure delivery with ColourDiam.",1.03ct Fancy Light Greenish Yellow Pear GIA Diamond,in stock,new,31167.99 THB,https://colourdiam.com/diamonddetails/Menu/9544,https://www.colourdiam.com/Product/Diamond/9544/still.jpg,ColourDiam,Apparel & Accessories > Jewelry,,1,,,,unisex,,,adult,,,,,,,,,GIA,Fine Jewelry
8913,"Discover the enchanting beauty of a GIA-certified 1.03 carat round natural faint pink diamond, boasting VS1 clarity and exceptional cut grades. This rare gem radiates delicate blush tones, perfect for a bespoke heirloom piece. Enjoy complimentary insured worldwide shipping on your order.",1.03ct Fancy Brownish Greenish Yellow Round GIA Diamond,in stock,new,253239.88 THB,https://colourdiam.com/diamonddetails/Menu/8913,https://www.colourdiam.com/Product/Diamond/8913/still.jpg,ColourDiam,Apparel & Accessories > Jewelry,,1,,,,unisex,,,adult,,,,,,,,,GIA,Fine Jewelry
6040,"Discover the captivating warmth of this 1.03-carat round natural diamond, featuring a rare fancy brownish yellow hue. Certified by GIA with an I1 clarity, this unique gemstone offers exceptional character. Enjoy complimentary insured worldwide shipping on this exquisite piece.",1.03ct Fancy Dark Yellowish Green Gray Diamond GIA,in stock,new,34596.6 THB,https://colourdiam.com/diamonddetails/Menu/6040,https://www.colourdiam.com/Product/Diamond/6040/still.jpg,ColourDiam,Apparel & Accessories > Jewelry,,1,,,,unisex,,,adult,,,,,,,,,GIA,Fine Jewelry
6041,"Discover the exceptional character of this 1.03-carat round natural diamond from ColourDiam, certified by GIA. Featuring a rare Fancy Dark Brown Greenish Yellow hue and I2 clarity, this unique gemstone is accompanied by free worldwide shipping.",1.03ct Faint Pink I1 Natural Diamond,in stock,new,34596.6 THB,https://colourdiam.com/diamonddetails/Menu/6041,https://www.colourdiam.com/Product/Diamond/6041/still.jpg,ColourDiam,Apparel & Accessories > Jewelry,,1,,,,unisex,,,adult,,,,,,,,,GIA,Fine Jewelry
4753,"Discover the exceptional presence of this 1.03-carat emerald cut fancy light yellow natural diamond, certified by GIA. Featuring a sophisticated step-cut silhouette measuring 6.88x4.85x3.04 mm, it offers a distinct warmth and brilliance. Enjoy complimentary worldwide shipping with every acquisition from ColourDiam.",1.02ct Light Pink Cushion VS1 GIA Natural Diamond,in stock,new,27271.99 THB,https://colourdiam.com/diamonddetails/Menu/4753,https://www.colourdiam.com/Product/Diamond/4753/still.jpg,ColourDiam,Apparel & Accessories > Jewelry,,1,,,,unisex,,,adult,,,,,,,,,GIA,Fine Jewelry
6949,"Discover the exceptional beauty of this 1.03-carat pear natural diamond from ColourDiam. Certified by GIA with VVS1 clarity and a delicate Faint Pink hue, this rare gemstone boasts a graceful 9.61 x 4.97 x 2.96 mm profile and Excellent polish. Elevate your fine jewelry collection with this exquisite piece, backed by our complimentary insured worldwide shipping.",1.02ct Fancy Yellow Green Radiant Diamond GIA SI2,in stock,new,494791.77 THB,https://colourdiam.com/diamonddetails/Menu/6949,https://www.colourdiam.com/Product/Diamond/6949/still.jpg,ColourDiam,Apparel & Accessories > Jewelry,,1,,,,unisex,,,adult,,,,,,,,,GIA,Fine Jewelry
4845,"Discover the enchanting allure of this 1.03-carat pear natural diamond from ColourDiam. Exhibiting a rare Fancy Light Greenish Yellow hue and GIA certification, this unique 8.28x5.11x3.35 mm gemstone promises exceptional character. Enjoy complimentary insured worldwide shipping with your acquisition.",1.02 Carat Fancy Dark Violetish Gray Pear Diamond GIA,in stock,new,87660.12 THB,https://colourdiam.com/diamonddetails/Menu/4845,https://www.colourdiam.com/Product/Diamond/4845/still.jpg,ColourDiam,Apparel & Accessories > Jewelry,,1,,,,unisex,,,adult,,,,,,,,,GIA,Fine Jewelry
4141,"Discover the rare beauty of this 1.03-carat round natural diamond from ColourDiam, featuring a mesmerizing Fancy Brownish Greenish Yellow hue and GIA certification #1374000000. Expertly crafted with Very Good polish and symmetry, this 1.03-carat treasure is offered with our complimentary worldwide shipping. Elevate your collection with this exceptional 1.03-carat masterpiece today.",1.02ct Fancy Light Orangy Pink Oval Diamond GIA SI2,in stock,new,70127.97 THB,https://colourdiam.com/diamonddetails/Menu/4141,https://www.colourdiam.com/Product/Diamond/4141/still.jpg,ColourDiam,Apparel & Accessories > Jewelry,,1,,,,unisex,,,adult,,,,,,,,,GIA,Fine Jewelry
5747,"Discover the mesmerizing allure of this 1.03-carat round natural diamond from ColourDiam, certified by GIA with report 6426000000. Featuring a rare Fancy Dark Yellowish Green Gray hue and I3 clarity, this 6.27X6.32X3.96 mm masterpiece offers an exclusive aesthetic for connoisseurs. Enjoy complimentary worldwide shipping on this exceptional, one-of-a-kind investment piece.",1.02ct Fancy Light Green Yellow Pear Diamond GIA SI1,in stock,new,38959.98 THB,https://colourdiam.com/diamonddetails/Menu/5747,https://www.colourdiam.com/Product/Diamond/5747/still.jpg,ColourDiam,Apparel & Accessories > Jewelry,,1,,,,unisex,,,adult,,,,,,,,,GIA,Fine Jewelry
2375,"Discover the enchanting allure of this 1.03-carat Faint Pink diamond, certified by CGL and showcasing a unique fancy shape with I1 clarity. Measuring 5.94x6.09x4.18 mm with no fluorescence, this rare treasure exudes understated elegance. Enjoy complimentary worldwide shipping with every order from ColourDiam.",1.02ct L SI2 Pear GIA Natural Diamond,in stock,new,62335.97 THB,https://colourdiam.com/diamonddetails/Menu/2375,https://www.colourdiam.com/Product/Diamond/2375/still.jpg,ColourDiam,Apparel & Accessories > Jewelry,,1,,,,unisex,,,adult,,,,,,,,,CGL,Fine Jewelry
5485,"Discover the enchanting allure of this 1.02-carat cushion natural diamond from ColourDiam. Graced by a delicate light pink hue and VS1 clarity, this GIA-certified treasure radiates refined elegance. Enjoy secure, complimentary worldwide shipping with your acquisition.",1.02ct M SI1 Heart GIA Natural Diamond,in stock,new,771634.59 THB,https://colourdiam.com/diamonddetails/Menu/5485,https://www.colourdiam.com/Product/Diamond/5485/still.jpg,ColourDiam,Apparel & Accessories > Jewelry,,1,,,,unisex,,,adult,,,,,,,,,GIA,Fine Jewelry
7549,"Discover the exceptional beauty of this 1.02 carat radiant natural diamond from ColourDiam. Certified by GIA, it features a captivating Fancy Yellow Green hue and SI2 clarity, perfectly cut into a brilliant radiant shape. Enjoy complimentary insured worldwide shipping with your acquisition.",1.02ct L VS2 GIA Certified Oval Diamond,in stock,new,300050.08 THB,https://colourdiam.com/diamonddetails/Menu/7549,https://www.colourdiam.com/Product/Diamond/7549/still.jpg,ColourDiam,Apparel & Accessories > Jewelry,,1,,,,unisex,,,adult,,,,,,,,,GIA,Fine Jewelry
2677,"Discover the haunting beauty of this 1.02 carat pear-shaped natural diamond from ColourDiam. Exhibiting a rare Fancy Dark Violetish Gray hue and GIA certification, this unique 1.02 ct stone delivers mesmerizing intrigue. Enjoy complimentary worldwide shipping with every order.",1.02ct H SI2 GIA Certified Round Natural Diamond,in stock,new,428681.5 THB,https://colourdiam.com/diamonddetails/Menu/2677,https://www.colourdiam.com/Product/Diamond/2677/still.jpg,ColourDiam,Apparel & Accessories > Jewelry,,1,,,,unisex,,,adult,,,,,,,,,GIA,Fine Jewelry
9538,"Discover the romance of a 1.02-carat heart-shaped natural diamond, certified by GIA for enduring peace of mind. Featuring warm M color and eye-clean SI1 clarity, this unique gemstone captures the heart with its brilliant facet arrangement. Enjoy complimentary secure worldwide shipping on this exquisite piece.",1.02 Carat H SI2 Radiant Natural Diamond,in stock,new,27007.21 THB,https://colourdiam.com/diamonddetails/Menu/9538,https://www.colourdiam.com/Product/Diamond/9538/still.jpg,ColourDiam,Apparel & Accessories > Jewelry,,1,,,,unisex,,,adult,,,,,,,,,GIA,Fine Jewelry
9539,"Discover the enchanting warmth of this 1.02-carat oval natural diamond from ColourDiam. Certified by GIA, this SI1 clarity gem features an S-T color grade, exuding a romantic champagne radiance. Enjoy complimentary insured worldwide shipping with your acquisition.",1.02ct Q-R I2 Round GIA Natural Diamond,in stock,new,34723.56 THB,https://colourdiam.com/diamonddetails/Menu/9539,https://www.colourdiam.com/Product/Diamond/9539/still.jpg,ColourDiam,Apparel & Accessories > Jewelry,,1,,,,unisex,,,adult,,,,,,,,,GIA,Fine Jewelry
9541,"Discover the exceptional beauty of this GIA-certified 1.02-carat L color VS2 clarity oval natural diamond, measuring 7.16 x 5.07 x 3.5 mm with no fluorescence and very good polish and symmetry. Meticulously cut to showcase warm brilliance, this rare gemstone is a breathtaking choice for a bespoke engagement ring. Enjoy complimentary insured worldwide shipping with every order from ColourDiam.",1.02 Carat D VVS2 GIA Cushion Diamond,in stock,new,27778.85 THB,https://colourdiam.com/diamonddetails/Menu/9541,https://www.colourdiam.com/Product/Diamond/9541/still.jpg,ColourDiam,Apparel & Accessories > Jewelry,,1,,,,unisex,,,adult,,,,,,,,,GIA,Fine Jewelry
3915,"Discover the captivating allure of this 1.02-carat H SI2 radiant natural diamond, certified by IGI. Featuring exceptional brilliance and precise 6.60*5.07*3.39 proportions, this masterpiece is complemented by very good polish and symmetry with no fluorescence. Elevate your fine jewelry collection with ColourDiam's signature elegance and enjoy complimentary worldwide shipping.",1.02ct G SI2 Cushion GIA Natural Diamond,in stock,new,71376.2 THB,https://colourdiam.com/diamonddetails/Menu/3915,https://www.colourdiam.com/Product/Diamond/3915/still.jpg,ColourDiam,Apparel & Accessories > Jewelry,,1,,,,unisex,,,adult,,,,,,,,,IGI,Fine Jewelry
9372,"Discover the enchanting warmth of this 1.02 carat pear natural diamond, certified by GIA. Featuring a distinct L color and SI2 clarity, this unique 8.64 x 5.49 x 3.58 mm gem radiates distinctive character. Enjoy complimentary insured worldwide shipping on this exquisite piece.",1.02ct E SI1 Princess GIA Natural Diamond,in stock,new,27007.21 THB,https://colourdiam.com/diamonddetails/Menu/9372,https://www.colourdiam.com/Product/Diamond/9372/still.jpg,ColourDiam,Apparel & Accessories > Jewelry,,1,,,,unisex,,,adult,,,,,,,,,GIA,Fine Jewelry
95,"Discover the exceptional brilliance of this GIA-certified 1.02-carat H color round natural diamond, featuring SI2 clarity and precise measurements of 6.32X6.22X4.12 mm. Crafted by nature with zero fluorescence, this solitaire masterpiece radiates timeless elegance and fire. Enjoy complimentary insured worldwide shipping with your exclusive ColourDiam acquisition.",1.02ct S-T SI1 Oval GIA Natural Diamond,in stock,new,135036.05 THB,https://colourdiam.com/diamonddetails/Menu/95,https://www.colourdiam.com/Product/Diamond/95/still.jpg,ColourDiam,Apparel & Accessories > Jewelry,,1,,,,unisex,,,adult,,,,,,,,,GIA,Fine Jewelry
6037,"Discover the understated warmth of this 1.02-carat Q-R colour round natural diamond, certified by GIA. Featuring a brilliant round cut and I2 clarity, this ethically sourced treasure is paired with complimentary worldwide insured shipping. Elevate your bespoke jewellery creation with ColourDiam.",1.01ct Fancy Light Green Yellow Cushion GIA Diamond,in stock,new,29977.97 THB,https://colourdiam.com/diamonddetails/Menu/6037,https://www.colourdiam.com/Product/Diamond/6037/still.jpg,ColourDiam,Apparel & Accessories > Jewelry,,1,,,,unisex,,,adult,,,,,,,,,GIA,Fine Jewelry
6162,"Discover the exceptional 1.02-carat cushion natural diamond from ColourDiam, featuring an extraordinary D color and VVS2 clarity. Graced with GIA certification (1437000000) and an excellent polish, this breathtaking gemstone arrives with complimentary worldwide shipping.",1.01ct Fancy Light Grayish Greenish Yellow Pear VS1 GIA Diamond,in stock,new,146610.57 THB,https://colourdiam.com/diamonddetails/Menu/6162,https://www.colourdiam.com/Product/Diamond/6162/still.jpg,ColourDiam,Apparel & Accessories > Jewelry,,1,,,,unisex,,,adult,,,,,,,,,GIA,Fine Jewelry
6269,"Discover the exceptional beauty of this 1.02 carat cushion natural diamond, certified by GIA with G colour and SI2 clarity. Measuring 5.80 x 5.25 x 3.71 mm with excellent polish and zero fluorescence, it radiates timeless elegance. Enjoy complimentary worldwide shipping on this exquisite piece from ColourDiam.",1.01ct G SI1 GIA Certified Round Natural Diamond,in stock,new,93753.6 THB,https://colourdiam.com/diamonddetails/Menu/6269,https://www.colourdiam.com/Product/Diamond/6269/still.jpg,ColourDiam,Apparel & Accessories > Jewelry,,1,,,,unisex,,,adult,,,,,,,,,GIA,Fine Jewelry
9527,"Discover the exceptional beauty of this 1.02 carat pear-shaped natural diamond from ColourDiam. Certified by GIA with VS2 clarity and an alluring Fancy Brownish Greenish Yellow hue, it features excellent polish. Enjoy free worldwide shipping on this exquisite piece.",1.01 Carat D VVS2 Cushion Natural Diamond GIA,in stock,new,46298.08 THB,https://colourdiam.com/diamonddetails/Menu/9527,https://www.colourdiam.com/Product/Diamond/9527/still.jpg,ColourDiam,Apparel & Accessories > Jewelry,,1,,,,unisex,,,adult,,,,,,,,,GIA,Fine Jewelry
9275,"Discover the enchanting allure of this 1.02 carat pear-shaped natural diamond, featuring a rare fancy light green yellow hue and SI1 clarity. Certified by GIA, this exceptional 7.85 x 5.09 x 3.35 mm gemstone radiates extraordinary brilliance and unique charm. Enjoy complimentary insured worldwide shipping with your acquisition.",1.01ct J VS1 Radiant IGI Natural Diamond,in stock,new,96454.32 THB,https://colourdiam.com/diamonddetails/Menu/9275,https://www.colourdiam.com/Product/Diamond/9275/still.jpg,ColourDiam,Apparel & Accessories > Jewelry,,1,,,,unisex,,,adult,,,,,,,,,GIA,Fine Jewelry
4768,"Behold a mesmerizing 1.02-carat oval natural diamond from ColourDiam, exhibiting a rare Fancy Light Orangy Pink hue and SI2 clarity. Certified by GIA with excellent polish and symmetry, this enchanting gemstone radiates warm elegance. Enjoy complimentary worldwide shipping on this extraordinary creation.",1.01 Carat D VS1 Cushion GIA Natural Diamond,in stock,new,964543.24 THB,https://colourdiam.com/diamonddetails/Menu/4768,https://www.colourdiam.com/Product/Diamond/4768/still.jpg,ColourDiam,Apparel & Accessories > Jewelry,,1,,,,unisex,,,adult,,,,,,,,,GIA,Fine Jewelry
9195,"Discover the mesmerizing 1.01 carat radiant natural diamond, featuring a delicate faint green hue and VS1 clarity. Certified by GIA and accompanied by free worldwide shipping, this 5.54 x 5.53 x 3.53 mm masterpiece is an exceptionally rare find for sophisticated collectors.",1.01 Carat H SI2 Radiant Natural Diamond IGI Certified,in stock,new,76406.95 THB,https://colourdiam.com/diamonddetails/Menu/9195,https://www.colourdiam.com/Product/Diamond/9195/still.jpg,ColourDiam,Apparel & Accessories > Jewelry,,1,,,,unisex,,,adult,,,,,,,,,GIA,Fine Jewelry
9182,"Discover the enchanting beauty of this GIA-certified 1.01-carat round natural diamond from ColourDiam. Boasting an SI1 clarity and a rare very light green yellow hue, this 6.35 - 6.39 mm gemstone showcases exceptional polish and symmetry. Elevate your fine jewelry collection with this one-of-a-kind masterpiece, backed by our complimentary worldwide shipping.",1.01ct H VS2 Cushion GIA Natural Diamond,in stock,new,76406.95 THB,https://colourdiam.com/diamonddetails/Menu/9182,https://www.colourdiam.com/Product/Diamond/9182/still.jpg,ColourDiam,Apparel & Accessories > Jewelry,,1,,,,unisex,,,adult,,,,,,,,,GIA,Fine Jewelry
9584,"Discover the exceptional beauty of this 1.01 carat Faint Pink princess cut diamond. Certified by GIA with VS1 clarity and excellent polish, this natural gemstone offers unmatched brilliance. Enjoy complimentary insured worldwide shipping on your order.",1.01ct W-X SI1 Heart GIA Natural Diamond,in stock,new,267424.34 THB,https://colourdiam.com/diamonddetails/Menu/9584,https://www.colourdiam.com/Product/Diamond/9584/still.jpg,ColourDiam,Apparel & Accessories > Jewelry,,1,,,,unisex,,,adult,,,,,,,,,GIA,Fine Jewelry
9585,"Discover the enchanting allure of this 1.01 carat pear natural diamond from ColourDiam. Featuring a delicate light greenish yellow hue and VS1 clarity, this GIA-certified masterpiece (Cert #6542000000) offers exceptional brilliance. Enjoy complimentary insured worldwide shipping on this unique acquisition.",1.01ct Y-Z SI1 Round GIA Natural Diamond,in stock,new,61125.56 THB,https://colourdiam.com/diamonddetails/Menu/9585,https://www.colourdiam.com/Product/Diamond/9585/still.jpg,ColourDiam,Apparel & Accessories > Jewelry,,1,,,,unisex,,,adult,,,,,,,,,GIA,Fine Jewelry
9528,"Discover the exceptional 1.01 carat pear-shaped natural diamond featuring a rare fancy dark brown greenish yellow hue and SI1 clarity. Certified by GIA and accompanied by free worldwide shipping, this 8.08 x 4.98 x 3.40 mm gemstone offers a distinctive earthy palette.",1.01ct M SI2 GIA Oval Natural Diamond,in stock,new,42023.82 THB,https://colourdiam.com/diamonddetails/Menu/9528,https://www.colourdiam.com/Product/Diamond/9528/still.jpg,ColourDiam,Apparel & Accessories > Jewelry,,1,,,,unisex,,,adult,,,,,,,,,GIA,Fine Jewelry
9524,"Discover the enchanting warmth of this 1.01 carat heart-shaped natural diamond, featuring a rare fancy brown greenish yellow hue and VS2 clarity. Graced with GIA certification and exceptional VG-VG polish and symmetry, this 5.89 x 6.35 mm gem arrives with free worldwide shipping.",1.01ct M SI1 Heart GIA Natural Diamond,in stock,new,43934.16 THB,https://colourdiam.com/diamonddetails/Menu/9524,https://www.colourdiam.com/Product/Diamond/9524/still.jpg,ColourDiam,Apparel & Accessories > Jewelry,,1,,,,unisex,,,adult,,,,,,,,,GIA,Fine Jewelry
9513,"Discover the mesmerizing allure of this 1.01 carat pear-shaped natural diamond from ColourDiam. Boasting a rare Fancy Light Grayish Greenish Yellow hue and VS1 clarity, this GIA-certified masterpiece (Cert #2538000000) features excellent polish. Enjoy complimentary worldwide shipping with your investment in extraordinary colored diamond luxury.",1.01ct L VS1 Pear GIA Natural Diamond,in stock,new,51574.86 THB,https://colourdiam.com/diamonddetails/Menu/9513,https://www.colourdiam.com/Product/Diamond/9513/still.jpg,ColourDiam,Apparel & Accessories > Jewelry,,1,,,,unisex,,,adult,,,,,,,,,GIA,Fine Jewelry
9510,"Discover the enchanting beauty of this 1.01-carat cushion natural diamond from ColourDiam. Certified by GIA with a rare Fancy Light Green Yellow hue and SI2 clarity, this exquisite gemstone boasts excellent polish and very good symmetry. Enjoy complimentary worldwide shipping on this unique piece of fine jewelry.",1.01ct Faint Green Radiant VS1 GIA Diamond,in stock,new,114610.43 THB,https://colourdiam.com/diamonddetails/Menu/9510,https://www.colourdiam.com/Product/Diamond/9510/still.jpg,ColourDiam,Apparel & Accessories > Jewelry,,1,,,,unisex,,,adult,,,,,,,,,GIA,Fine Jewelry
6184,"Discover the exceptional 1.01 carat D color VVS2 clarity cushion natural diamond from ColourDiam. Certified by GIA and boasting an Excellent polish, this rare masterpiece offers breathtaking brilliance. Enjoy complimentary worldwide shipping on your order.",1.01ct Very Light Green Yellow SI1 Round GIA Diamond,in stock,new,136042.53 THB,https://colourdiam.com/diamonddetails/Menu/6184,https://www.colourdiam.com/Product/Diamond/6184/still.jpg,ColourDiam,Apparel & Accessories > Jewelry,,1,,,,unisex,,,adult,,,,,,,,,GIA,Fine Jewelry
6170,"Discover the exceptional brilliance of this 1.01 carat radiant cut natural diamond, graded J color and VS1 clarity by IGI. Featuring zero fluorescence and excellent polish, this exquisite 7.12 x 4.93 x 3.40 mm gemstone delivers breathtaking scintillation. Elevate your fine jewelry collection with this magnificent piece, backed by IGI certification and complimentary worldwide shipping.",1.01ct Pear Fancy Intense Greenish Yellow VS1 GIA Diamond,in stock,new,72586.61 THB,https://colourdiam.com/diamonddetails/Menu/6170,https://www.colourdiam.com/Product/Diamond/6170/still.jpg,ColourDiam,Apparel & Accessories > Jewelry,,1,,,,unisex,,,adult,,,,,,,,,IGI,Fine Jewelry
6142,"Discover the exceptional brilliance of this 1.01-carat cushion natural diamond from ColourDiam. Certified by GIA with D color and VS1 clarity, it promises unmatched fire and elegance. Enjoy complimentary insured worldwide shipping on this masterpiece.",1.01ct Fancy Deep Yellow Pear GIA Natural Diamond,in stock,new,122251.13 THB,https://colourdiam.com/diamonddetails/Menu/6142,https://www.colourdiam.com/Product/Diamond/6142/still.jpg,ColourDiam,Apparel & Accessories > Jewelry,,1,,,,unisex,,,adult,,,,,,,,,GIA,Fine Jewelry
5770,"Discover an exquisite 1.01-carat round natural diamond certified by GIA, featuring a near-colorless G grade and SI1 clarity. Exemplifying exceptional craftsmanship with excellent polish and symmetry, this magnificent 6.45 x 6.48 mm solitaire arrives with complimentary worldwide shipping.",1.01ct Fancy Light Purplish Pink Cushion Diamond,in stock,new,229220.86 THB,https://colourdiam.com/diamonddetails/Menu/5770,https://www.colourdiam.com/Product/Diamond/5770/still.jpg,ColourDiam,Apparel & Accessories > Jewelry,,1,,,,unisex,,,adult,,,,,,,,,GIA,Fine Jewelry
9535,"Discover the romance of a 1.01-carat heart-shaped natural diamond, certified by GIA. Featuring an M color and SI1 clarity, this exquisite gemstone showcases romantic proportions and exceptional brilliance. Enjoy free worldwide shipping on this unique piece.",1.01ct Fancy Light Purplish Pink Heart Diamond GIA,in stock,new,26742.43 THB,https://colourdiam.com/diamonddetails/Menu/9535,https://www.colourdiam.com/Product/Diamond/9535/still.jpg,ColourDiam,Apparel & Accessories > Jewelry,,1,,,,unisex,,,adult,,,,,,,,,GIA,Fine Jewelry
9537,"Discover the exceptional brilliance of this GIA-certified 1.01-carat L color pear natural diamond, featuring VS1 clarity and dimensions of 8.32 x 4.89 x 3.3 mm. Expertly cut with an excellent polish and very good symmetry, this captivating gemstone delivers a uniquely elongated silhouette full of warm, sophisticated fire. Enjoy complimentary insured worldwide shipping with every order from ColourDiam.",1.01ct Fancy Deep Brown Orange Pear Diamond GIA I1,in stock,new,30562.78 THB,https://colourdiam.com/diamonddetails/Menu/9537,https://www.colourdiam.com/Product/Diamond/9537/still.jpg,ColourDiam,Apparel & Accessories > Jewelry,,1,,,,unisex,,,adult,,,,,,,,,GIA,Fine Jewelry
3916,"Discover the exceptional brilliance of this 1.01-carat H SI2 radiant natural diamond, certified by IGI. Featuring a striking geometric cut and flawless proportions, this exquisite stone offers extraordinary fire and timeless sophistication. Enjoy complimentary insured worldwide shipping with your acquisition.",1.01ct Fancy White Pear GIA Natural Diamond,in stock,new,70676.6 THB,https://colourdiam.com/diamonddetails/Menu/3916,https://www.colourdiam.com/Product/Diamond/3916/still.jpg,ColourDiam,Apparel & Accessories > Jewelry,,1,,,,unisex,,,adult,,,,,,,,,IGI,Fine Jewelry
5323,"Immerse yourself in romance with this GIA-certified 1.01-carat heart-shaped natural diamond, featuring a warm W-X colour grade and SI1 clarity. Precision-cut to 5.85x6.32x3.41 mm with excellent polish, this captivating gem embodies pure sophistication. Enjoy complimentary worldwide shipping with your investment.",1.01ct Fancy Light Yellow Round I1 Diamond CGL,in stock,new,38203.48 THB,https://colourdiam.com/diamonddetails/Menu/5323,https://www.colourdiam.com/Product/Diamond/5323/still.jpg,ColourDiam,Apparel & Accessories > Jewelry,,1,,,,unisex,,,adult,,,,,,,,,GIA,Fine Jewelry
6015,"Discover the exceptional warmth of this 1.01-carat round natural diamond from ColourDiam. Certified by GIA with excellent polish and symmetry, this SI1 clarity diamond features a soft Fnt fluorescence. Enjoy complimentary worldwide shipping with your purchase.",1.01ct Fancy Light Greenish Yellow Pear VS1 GIA Diamond,in stock,new,41565.32 THB,https://colourdiam.com/diamonddetails/Menu/6015,https://www.colourdiam.com/Product/Diamond/6015/still.jpg,ColourDiam,Apparel & Accessories > Jewelry,,1,,,,unisex,,,adult,,,,,,,,,GIA,Fine Jewelry
7576,"Discover the exceptional presence of this GIA-certified 1.01-carat oval natural diamond from ColourDiam. Featuring an elongated 8.29X5.46X3.47 mm silhouette, excellent polish, and excellent symmetry, it offers breathtaking brilliance. Enjoy complimentary insured worldwide shipping with your acquisition.",1.01ct Fancy Light Greenish Yellow Pear Diamond GIA,in stock,new,30753.88 THB,https://colourdiam.com/diamonddetails/Menu/7576,https://www.colourdiam.com/Product/Diamond/7576/still.jpg,ColourDiam,Apparel & Accessories > Jewelry,,1,,,,unisex,,,adult,,,,,,,,,GIA,Fine Jewelry
83,"Immerse yourself in the captivating allure of this 1.01-carat pear-shaped natural diamond from ColourDiam. Certified by GIA (17255496), this VS1 clarity masterpiece radiates a mesmerizing Fancy Intense Greenish Yellow hue. Elevate your fine jewelry collection with this exquisite treasure, backed by our complimentary worldwide shipping.",1.01ct Faint Pink Oval VS2 GIA Natural Diamond,in stock,new,133712.17 THB,https://colourdiam.com/diamonddetails/Menu/83,https://www.colourdiam.com/Product/Diamond/83/still.jpg,ColourDiam,Apparel & Accessories > Jewelry,,1,,,,unisex,,,adult,,,,,,,,,GIA,Fine Jewelry
137,"Discover the mesmerizing 1.01 carat pear natural fancy deep yellow diamond, certified by GIA. This rare gemstone boasts exceptional golden radiance and a sophisticated teardrop silhouette, destined for a bespoke heirloom creation. Enjoy complimentary insured worldwide shipping with your acquisition.",1.01ct Fancy Light Greenish Yellow Diamond GIA,in stock,new,191017.39 THB,https://colourdiam.com/diamonddetails/Menu/137,https://www.colourdiam.com/Product/Diamond/137/still.jpg,ColourDiam,Apparel & Accessories > Jewelry,,1,,,,unisex,,,adult,,,,,,,,,GIA,Fine Jewelry
7871,"Discover the enchanting allure of this 1.01 carat cushion natural diamond from ColourDiam. Certified by GIA (6237000000), this SI1 clarity fancy light purplish pink masterpiece showcases exceptional rarity. Enjoy complimentary worldwide shipping with your investment.",1.01ct Fancy Light Brown Pink Cushion Diamond GIA SI2,in stock,new,764069.55 THB,https://colourdiam.com/diamonddetails/Menu/7871,https://www.colourdiam.com/Product/Diamond/7871/still.jpg,ColourDiam,Apparel & Accessories > Jewelry,,1,,,,unisex,,,adult,,,,,,,,,GIA,Fine Jewelry
8689,"Discover the enchanting allure of this 1.01-carat pear shaped natural diamond, featuring a rare fancy light greenish yellow hue and VS1 clarity. Certified by GIA with excellent polish, this exquisite 1.01-carat gem comes with complimentary worldwide insured shipping.",1.01ct Fancy Brownish Yellow Round Diamond GIA,in stock,new,110790.08 THB,https://colourdiam.com/diamonddetails/Menu/8689,https://www.colourdiam.com/Product/Diamond/8689/still.jpg,ColourDiam,Apparel & Accessories > Jewelry,,1,,,,unisex,,,adult,,,,,,,,,GIA,Fine Jewelry
8695,"Discover the enchanting allure of this 1.01 carat pear-shaped natural diamond from ColourDiam. Exhibiting a rare Fancy Light Greenish Yellow hue and SI1 clarity, this exquisite GIA-certified gem (6525000000) offers a unique brilliance. Enjoy secure, insured worldwide shipping with every bespoke order.",1.01ct Fancy Deep Brown Orange GIA Diamond,in stock,new,103149.39 THB,https://colourdiam.com/diamonddetails/Menu/8695,https://www.colourdiam.com/Product/Diamond/8695/still.jpg,ColourDiam,Apparel & Accessories > Jewelry,,1,,,,unisex,,,adult,,,,,,,,,GIA,Fine Jewelry
5516,"Behold a mesmerizing 1.01 carat heart-shaped natural diamond boasting a rare Fancy Light Purplish Pink hue. Accompanied by official GIA certification, this enchanting 1.01 carat treasure sparkles with romantic elegance. Enjoy our complimentary secure worldwide shipping on this exquisite 1.01 carat masterpiece.",1.01ct Faint Pink Round Diamond CGL Certified,in stock,new,706764.33 THB,https://colourdiam.com/diamonddetails/Menu/5516,https://www.colourdiam.com/Product/Diamond/5516/still.jpg,ColourDiam,Apparel & Accessories > Jewelry,,1,,,,unisex,,,adult,,,,,,,,,GIA,Fine Jewelry
4596,"Experience the captivating warmth of this 1.01 carat pear-shaped natural diamond, featuring a rare fancy deep brown orange hue and GIA certification. Skillfully cut with excellent polish, this exquisite gemstone radiates earth-born fire and distinctive elegance. Enjoy complimentary worldwide shipping with your purchase.",1.00ct Fancy Light Green Yellow Oval GIA Diamond,in stock,new,45844.17 THB,https://colourdiam.com/diamonddetails/Menu/4596,https://www.colourdiam.com/Product/Diamond/4596/still.jpg,ColourDiam,Apparel & Accessories > Jewelry,,1,,,,unisex,,,adult,,,,,,,,,GIA,Fine Jewelry
2700,"Discover the exceptional rarity of this GIA-certified 1.01 carat fancy white pear diamond, measuring 8.36 x 4.99 x 3.33 mm with zero fluorescence. Exquisitely shaped to capture light with mesmerizing brilliance, this magnificent natural gemstone is a true collector's masterpiece. Enjoy complimentary secure worldwide shipping on your ColourDiam acquisition.",1.00ct Very Light Pink Marquise SI2 GIA Diamond,in stock,new,114610.43 THB,https://colourdiam.com/diamonddetails/Menu/2700,https://www.colourdiam.com/Product/Diamond/2700/still.jpg,ColourDiam,Apparel & Accessories > Jewelry,,1,,,,unisex,,,adult,,,,,,,,,GIA,Fine Jewelry
2497,"Discover the enchanting warmth of this 1.01 carat round Fancy Light Yellow natural diamond, certified by CGL with an I1 clarity grade. This exceptional 1.01 ct brilliant-cut gemstone radiates a luminous, sun-kissed glow that captures every nuance of light. Elevate your fine jewelry collection with a rare natural diamond that embodies timeless elegance and sophisticated charm. Enjoy complimentary secure worldwide shipping with your acquisition.",1.00ct Fancy Light Pinkish Brown Oval Diamond GIA,in stock,new,0 THB,https://colourdiam.com/diamonddetails/Menu/2497,https://www.colourdiam.com/Product/Diamond/2497/still.jpg,ColourDiam,Apparel & Accessories > Jewelry,,1,,,,unisex,,,adult,,,,,,,,,CGL,Fine Jewelry
8614,"Experience rare elegance with this GIA-certified 1.01-carat oval natural diamond in a delicate Faint Pink hue and VS2 clarity. Featuring graceful dimensions of 8.62 x 5.84 x 3.10 mm, this exquisite gemstone offers exceptional beauty and individuality. Enjoy complimentary worldwide shipping with every order from ColourDiam.",1.00ct Light Pink IF Round GIA Natural Diamond,in stock,new,267424.34 THB,https://colourdiam.com/diamonddetails/Menu/8614,https://www.colourdiam.com/Product/Diamond/8614/still.jpg,ColourDiam,Apparel & Accessories > Jewelry,,1,,,,unisex,,,adult,,,,,,,,,GIA,Fine Jewelry
6042,"Discover the rare harmony of this 1.01 carat round natural diamond, featuring a captivating Fancy Light Brownish Greenish Yellow hue and GIA certification. Graced with I2 clarity and expert measurements of 6.09X6.06X4.17 mm, this one-of-a-kind treasure is offered with our complimentary worldwide shipping.",1.00ct F SI2 Cushion GIA Natural Diamond,in stock,new,30562.78 THB,https://colourdiam.com/diamonddetails/Menu/6042,https://www.colourdiam.com/Product/Diamond/6042/still.jpg,ColourDiam,Apparel & Accessories > Jewelry,,1,,,,unisex,,,adult,,,,,,,,,GIA,Fine Jewelry
6059,"Discover the enchanting allure of this GIA-certified 1.01-carat cushion natural diamond from ColourDiam, featuring a rare fancy light brown pink hue and SI2 clarity. Meticulously cut to 5.54 x 5.39 x 3.57 mm with very good polish and symmetry, this exquisite gemstone radiates warm sophistication. Enjoy complimentary secure worldwide shipping on this unique fine jewelry masterpiece.",1.00ct Fancy Brownish Greenish Yellow Radiant VS2 GIA,in stock,new,362933.03 THB,https://colourdiam.com/diamonddetails/Menu/6059,https://www.colourdiam.com/Product/Diamond/6059/still.jpg,ColourDiam,Apparel & Accessories > Jewelry,,1,,,,unisex,,,adult,,,,,,,,,GIA,Fine Jewelry
7399,"Discover the mesmerizing allure of this 1.01-carat round natural diamond from ColourDiam. Certified by GIA, it features a unique Fancy Brownish Yellow hue, I2 clarity, and excellent polish. Enjoy free worldwide shipping on this exquisite, one-of-a-kind masterpiece.",1.00ct W-X I1 Oval GIA Natural Diamond,in stock,new,23036.55 THB,https://colourdiam.com/diamonddetails/Menu/7399,https://www.colourdiam.com/Product/Diamond/7399/still.jpg,ColourDiam,Apparel & Accessories > Jewelry,,1,,,,unisex,,,adult,,,,,,,,,GIA,Fine Jewelry
5198,"Discover the mesmerizing warmth of a 1.01 carat GIA-certified Fancy Deep Brown Orange diamond from ColourDiam. Displaying a distinctive 5.59x7.34x4.04 mm silhouette and I2 clarity, this rare natural gem radiates autumnal fire. Enjoy complimentary worldwide shipping with your acquisition.",1.00ct Y-Z SI2 Oval GIA Natural Diamond,in stock,new,76406.95 THB,https://colourdiam.com/diamonddetails/Menu/5198,https://www.colourdiam.com/Product/Diamond/5198/still.jpg,ColourDiam,Apparel & Accessories > Jewelry,,1,,,,unisex,,,adult,,,,,,,,,GIA,Fine Jewelry
2551,"Discover the romance of a 1.01-carat round natural diamond from ColourDiam, featuring a delicate faint pink hue and I1 clarity. Certified by CGL with medium fluorescence, this 5.89mm gemstone offers exceptional warmth and character for an exclusive bespoke ring. Enjoy complimentary worldwide shipping on this unique piece.",1.00ct J SI1 IGI Certified Pear Natural Diamond,in stock,new,106969.74 THB,https://colourdiam.com/diamonddetails/Menu/2551,https://www.colourdiam.com/Product/Diamond/2551/still.jpg,ColourDiam,Apparel & Accessories > Jewelry,,1,,,,unisex,,,adult,,,,,,,,,CGL,Fine Jewelry
6049,"Discover the enchanting allure of this 1 carat very light pinkish brown round natural diamond, certified by GIA under ID 2427000000. Featuring an SI2 clarity and excellent polish, this exquisite gemstone displays a delicate warmth that captivates the eye. Enjoy complimentary worldwide shipping with your investment in rare natural beauty from ColourDiam.",1.00ct U-V VVS2 Pear Natural Diamond GIA,in stock,new,83215.5 THB,https://colourdiam.com/diamonddetails/Menu/6049,https://www.colourdiam.com/Product/Diamond/6049/still.jpg,ColourDiam,Apparel & Accessories > Jewelry,,1,,,,unisex,,,adult,,,,,,,,,GIA,Fine Jewelry
5966,"Discover the exceptional beauty of this 1 carat Fancy Pink Brown diamond, certified by GIA with a VS2 clarity and EX polish. Its unique measurements of 5.87 x 6.84 x 4.20 mm offer a distinctive silhouette for high-end bespoke jewelry creations. Enjoy complimentary insured worldwide shipping with your investment in this rare natural gemstone.",1.00ct F VS1 Asscher GIA Natural Diamond,in stock,new,419860 THB,https://colourdiam.com/diamonddetails/Menu/5966,https://www.colourdiam.com/Product/Diamond/5966/still.jpg,ColourDiam,Apparel & Accessories > Jewelry,,1,,,,unisex,,,adult,,,,,,,,,GIA,Fine Jewelry
4597,"Discover the mesmerizing warmth of a 1 carat pear natural diamond featuring a rare Fancy Deep Brown Orange hue. Certified by GIA with excellent polish, this unique I1 clarity gemstone radiates earthy autumn brilliance. Enjoy complimentary worldwide shipping with your purchase.",1.00ct I SI2 Radiant HRD Natural Diamond,in stock,new,45390.27 THB,https://colourdiam.com/diamonddetails/Menu/4597,https://www.colourdiam.com/Product/Diamond/4597/still.jpg,ColourDiam,Apparel & Accessories > Jewelry,,1,,,,unisex,,,adult,,,,,,,,,GIA,Fine Jewelry
2779,"Immerse yourself in the hypnotic depths of this exceptional 1 carat round Fancy Blue natural diamond, certified by GIA for uncompromising rarity. Boasting a pristine VVS1 clarity and magnificent dimensions, this sublime gemstone radiates an ethereal, celestial brilliance. Enjoy the ultimate white-glove experience with complimentary insured worldwide shipping.",1.00ct E VVS1 Cushion GIA Natural Diamond,in stock,new,14373585.5 THB,https://colourdiam.com/diamonddetails/Menu/2779,https://www.colourdiam.com/Product/Diamond/2779/still.jpg,ColourDiam,Apparel & Accessories > Jewelry,,1,,,,unisex,,,adult,,,,,,,,,GIA,Fine Jewelry
2699,"Acquire a breathtaking 1-carat heart-shaped fancy white natural diamond, certified by GIA under report 2206000000. Measuring 5.46 x 6.53 x 3.62 mm with no fluorescence, this rare gemstone radiates romantic elegance. Enjoy complimentary worldwide shipping with every order from ColourDiam.",1.00ct Q-R I2 GIA Round Natural Diamond,in stock,new,113475.68 THB,https://colourdiam.com/diamonddetails/Menu/2699,https://www.colourdiam.com/Product/Diamond/2699/still.jpg,ColourDiam,Apparel & Accessories > Jewelry,,1,,,,unisex,,,adult,,,,,,,,,GIA,Fine Jewelry
2701,"Discover a magnificent 1-carat pear fancy white natural diamond, certified by GIA under report 2206000000 and boasting dimensions of 7.75 x 4.72 x 3.25 mm with no fluorescence. This exceptionally rare masterpiece is destined for high-end bespoke jewelry creation, offering a brilliant silhouette and ethereal radiance. Enjoy complimentary insured worldwide shipping with your acquisition.",1.00ct N SI1 GIA Oval Natural Diamond,in stock,new,113475.68 THB,https://colourdiam.com/diamonddetails/Menu/2701,https://www.colourdiam.com/Product/Diamond/2701/still.jpg,ColourDiam,Apparel & Accessories > Jewelry,,1,,,,unisex,,,adult,,,,,,,,,GIA,Fine Jewelry
7281,"Discover the enchanting beauty of this 1.00 carat Faint Pink cushion natural diamond, graded VS1 clarity by GIA. Meticulously polished to excellence with strong fluorescence, this rare gem captures timeless romance. Enjoy complimentary insured worldwide shipping with ColourDiam.",1.00ct Faint Pink SI2 Round GIA Natural Diamond,in stock,new,378214.42 THB,https://colourdiam.com/diamonddetails/Menu/7281,https://www.colourdiam.com/Product/Diamond/7281/still.jpg,ColourDiam,Apparel & Accessories > Jewelry,,1,,,,unisex,,,adult,,,,,,,,,GIA,Fine Jewelry
7297,"Discover an exceptional 1.00 carat cushion natural diamond featuring a rare Fancy Light Yellow Green hue and flawless IF clarity. Certified by GIA with excellent polish and symmetry, this magnificent gemstone is complemented by free worldwide shipping.",1.00ct L VS1 Oval GIA Natural Diamond,in stock,new,264776.58 THB,https://colourdiam.com/diamonddetails/Menu/7297,https://www.colourdiam.com/Product/Diamond/7297/still.jpg,ColourDiam,Apparel & Accessories > Jewelry,,1,,,,unisex,,,adult,,,,,,,,,GIA,Fine Jewelry
7334,"Exquisitely romantic, this 1 carat heart-cut natural diamond glows in an ethereal very light green hue. Certified by GIA with VS1 clarity and excellent polish, it offers a breathtaking symbol of rare elegance, complete with free worldwide shipping.",1.00ct Fancy Light Yellow Heart SI2 GIA Diamond,in stock,new,113475.68 THB,https://colourdiam.com/diamonddetails/Menu/7334,https://www.colourdiam.com/Product/Diamond/7334/still.jpg,ColourDiam,Apparel & Accessories > Jewelry,,1,,,,unisex,,,adult,,,,,,,,,GIA,Fine Jewelry
84,"Discover the exceptional 1 carat pear fancy greenish yellow diamond, certified by GIA. Featuring a VS2 clarity and unique green-yellow allure, this rare gem comes with complimentary worldwide shipping.",1.00ct Fancy Intense Greenish Yellow Pear Diamond I1 GIA,in stock,new,113475.68 THB,https://colourdiam.com/diamonddetails/Menu/84,https://www.colourdiam.com/Product/Diamond/84/still.jpg,ColourDiam,Apparel & Accessories > Jewelry,,1,,,,unisex,,,adult,,,,,,,,,GIA,Fine Jewelry
5458,"Discover the enchanting allure of this 1 carat oval natural diamond from ColourDiam. Exhibiting a rare Fancy Light Yellow Green hue and SI2 clarity, this GIA-certified treasure measures 6.74 X 5.26 X 3.09 mm. Elevate your fine jewelry collection with this exquisite piece, backed by our complimentary worldwide shipping.",1.00ct Faint Pink VS1 Cushion GIA Natural Diamond,in stock,new,64302.88 THB,https://colourdiam.com/diamonddetails/Menu/5458,https://www.colourdiam.com/Product/Diamond/5458/still.jpg,ColourDiam,Apparel & Accessories > Jewelry,,1,,,,unisex,,,adult,,,,,,,,,GIA,Fine Jewelry
5543,"Immerse yourself in the captivating allure of this 1 carat oval fancy deep green diamond, graded I1 in clarity and certified by GIA. Featuring dimensions of 7.13 x 5.44 x 3.14 mm with an excellent polish, this rare treasure is accompanied by free worldwide shipping.",1.00ct Fancy Light Yellow Green IF Cushion GIA Diamond,in stock,new,4765978.35 THB,https://colourdiam.com/diamonddetails/Menu/5543,https://www.colourdiam.com/Product/Diamond/5543/still.jpg,ColourDiam,Apparel & Accessories > Jewelry,,1,,,,unisex,,,adult,,,,,,,,,GIA,Fine Jewelry
4514,"Embrace romance with this 1-carat heart-shaped Fancy Light Yellow natural diamond, certified by GIA. Featuring a very good polish and symmetry with SI2 clarity, this unique gemstone captures the essence of pure elegance. Enjoy complimentary worldwide shipping on your exquisite ColourDiam acquisition.",1.00ct Very Light Green Heart VS1 GIA Natural Diamond,in stock,new,45390.27 THB,https://colourdiam.com/diamonddetails/Menu/4514,https://www.colourdiam.com/Product/Diamond/4514/still.jpg,ColourDiam,Apparel & Accessories > Jewelry,,1,,,,unisex,,,adult,,,,,,,,,GIA,Fine Jewelry
7087,"Discover the vibrant allure of a 1-carat pear-shaped natural diamond in Fancy Intense Greenish Yellow. Certified by GIA and complete with free worldwide shipping, this rare 7.91 x 5.07 x 3.39 mm gemstone offers a captivating golden-green radiance for bespoke high jewelry creations.",1.00ct Faint Pink Pear VVS1 GIA Natural Diamond,in stock,new,84047.65 THB,https://colourdiam.com/diamonddetails/Menu/7087,https://www.colourdiam.com/Product/Diamond/7087/still.jpg,ColourDiam,Apparel & Accessories > Jewelry,,1,,,,unisex,,,adult,,,,,,,,,GIA,Fine Jewelry
5567,"Discover the enchanting allure of this 1 carat pear-shaped faint pink diamond, graded VVS1 for exceptional clarity. Certified by GIA and complete with free worldwide shipping, this rare natural gemstone is a masterpiece of fine jewelry.",1.00ct Fancy Light Pink Radiant VS1 CGL Diamond,in stock,new,416077.48 THB,https://colourdiam.com/diamonddetails/Menu/5567,https://www.colourdiam.com/Product/Diamond/5567/still.jpg,ColourDiam,Apparel & Accessories > Jewelry,,1,,,,unisex,,,adult,,,,,,,,,GIA,Fine Jewelry
176,"Behold the ethereal beauty of ColourDiam's exquisite 1-carat fancy light pink radiant natural diamond, boasting pristine VS1 clarity and mesmerizing proportions. Graced with CGL certification, this rare gemstone promises extraordinary brilliance and an enchanting blush hue. Enjoy complimentary insured worldwide shipping with your investment in this singular treasure.",1.00ct Fancy Brown Greenish Yellow SI2 Round Diamond GIA,in stock,new,1702135.13 THB,https://colourdiam.com/diamonddetails/Menu/176,https://www.colourdiam.com/Product/Diamond/176/still.jpg,ColourDiam,Apparel & Accessories > Jewelry,,1,,,,unisex,,,adult,,,,,,,,,CGL,Fine Jewelry
5534,"Behold a mesmerizing 1 carat natural diamond, certified by GIA under report 6423000000. This round SI2 diamond exhibits a rare Fancy Brown Greenish Yellow hue, measuring 5.91 X 6.00 X 4.18 mm. Enjoy complimentary insured worldwide shipping with your acquisition from ColourDiam.",1.00ct Fancy Brownish Yellow Cushion Diamond SI2 GIA,in stock,new,32151.44 THB,https://colourdiam.com/diamonddetails/Menu/5534,https://www.colourdiam.com/Product/Diamond/5534/still.jpg,ColourDiam,Apparel & Accessories > Jewelry,,1,,,,unisex,,,adult,,,,,,,,,GIA,Fine Jewelry
4555,"Discover the enchanting warmth of this 1 carat cushion natural diamond, featuring a rare fancy brownish yellow hue. Certified by GIA with SI2 clarity, this exquisite 5.60x5.23x3.77mm gemstone radiates distinctive character. Enjoy complimentary worldwide shipping with your purchase.",1.00ct Fancy Yellow Heart VS2 GIA Natural Diamond,in stock,new,34042.7 THB,https://colourdiam.com/diamonddetails/Menu/4555,https://www.colourdiam.com/Product/Diamond/4555/still.jpg,ColourDiam,Apparel & Accessories > Jewelry,,1,,,,unisex,,,adult,,,,,,,,,GIA,Fine Jewelry
6117,"Acquire a radiant 1 carat heart shaped natural fancy yellow diamond, graded VS2 clarity by GIA. Featuring a brilliant 5.68 x 6.70 x 3.32 mm cut with excellent polish, this exquisite yellow gem embodies true romance and rarity. Enjoy complimentary insured worldwide shipping on this certified masterpiece.",1.00ct Fancy Light Yellow Heart VS1 GIA Diamond,in stock,new,94563.06 THB,https://colourdiam.com/diamonddetails/Menu/6117,https://www.colourdiam.com/Product/Diamond/6117/still.jpg,ColourDiam,Apparel & Accessories > Jewelry,,1,,,,unisex,,,adult,,,,,,,,,GIA,Fine Jewelry
6121,"Imbued with a soft, romantic glow, this 1-carat heart-shaped fancy light yellow diamond features VS1 clarity and GIA certification. Skillfully cut to 5.54 x 6.28 x 3.50 mm with excellent polish, it radiates warmth and sophistication. Enjoy complimentary worldwide shipping on this exquisite natural masterpiece.",1.00ct Fancy Brownish Pink Cushion Diamond GIA I2,in stock,new,73759.19 THB,https://colourdiam.com/diamonddetails/Menu/6121,https://www.colourdiam.com/Product/Diamond/6121/still.jpg,ColourDiam,Apparel & Accessories > Jewelry,,1,,,,unisex,,,adult,,,,,,,,,GIA,Fine Jewelry
6261,"Discover the enchanting warmth of this 1 carat cushion natural diamond, featuring a unique Fancy Brownish Pink hue and GIA certification. Skillfully cut with excellent polish, this exquisite I2 clarity gemstone measures 5.73 X 5.44 X 3.51 mm. Enjoy complimentary worldwide shipping on this rare treasure.",1.00ct Fancy Intense Yellow Cushion SI2 GIA Diamond,in stock,new,136170.81 THB,https://colourdiam.com/diamonddetails/Menu/6261,https://www.colourdiam.com/Product/Diamond/6261/still.jpg,ColourDiam,Apparel & Accessories > Jewelry,,1,,,,unisex,,,adult,,,,,,,,,GIA,Fine Jewelry
7048,"Immerse yourself in the captivating warmth of this 1 carat cushion fancy intense yellow natural diamond, certified by GIA for uncompromising rarity. Featuring a SI2 clarity and balanced 6.04X5.15X3.6 dimensions, this extraordinary gemstone radiates golden brilliance. Enjoy complimentary insured worldwide shipping with your acquisition.",1.00ct Very Light Pinkish Brown Round Diamond SI2,in stock,new,136170.81 THB,https://colourdiam.com/diamonddetails/Menu/7048,https://www.colourdiam.com/Product/Diamond/7048/still.jpg,ColourDiam,Apparel & Accessories > Jewelry,,1,,,,unisex,,,adult,,,,,,,,,GIA,Fine Jewelry
7578,"Discover the exceptional warmth of this 1 carat oval natural diamond, graded Y-Z colour and SI2 clarity, certified by GIA. Measuring 8.43 x 5.34 x 3.38 mm with excellent polish and very good symmetry, this unique gemstone offers a distinct champagne glow. Enjoy complimentary worldwide shipping on your exquisite ColourDiam acquisition.",1.00ct Fancy White Pear GIA Natural Diamond,in stock,new,30449.31 THB,https://colourdiam.com/diamonddetails/Menu/7578,https://www.colourdiam.com/Product/Diamond/7578/still.jpg,ColourDiam,Apparel & Accessories > Jewelry,,1,,,,unisex,,,adult,,,,,,,,,GIA,Fine Jewelry
8317,"Discover the exceptional allure of this 1 carat pear natural diamond, certified by IGI. Featuring a warm J color and SI1 clarity, this 8.79 x 5.74 x 3.21 mm gemstone boasts very good polish and symmetry with no fluorescence. Elevate your fine jewellery collection with this magnificent piece, backed by free worldwide shipping.",1.00ct Fancy Pink Brown VS2 GIA Natural Diamond,in stock,new,34042.7 THB,https://colourdiam.com/diamonddetails/Menu/8317,https://www.colourdiam.com/Product/Diamond/8317/still.jpg,ColourDiam,Apparel & Accessories > Jewelry,,1,,,,unisex,,,adult,,,,,,,,,IGI,Fine Jewelry
7046,"Discover the 1 carat pear natural diamond from ColourDiam, certified GIA with VVS2 clarity and a warm U-V hue. Meticulously measured at 9.08X5.19X2.94 mm with no fluorescence, this exquisite gemstone embodies refined elegance. Enjoy complimentary worldwide shipping on this GIA-certified masterpiece.",1.00ct Fancy Deep Brown Orange Pear Diamond GIA I1,in stock,new,47281.53 THB,https://colourdiam.com/diamonddetails/Menu/7046,https://www.colourdiam.com/Product/Diamond/7046/still.jpg,ColourDiam,Apparel & Accessories > Jewelry,,1,,,,unisex,,,adult,,,,,,,,,GIA,Fine Jewelry
3402,"Immerse yourself in the captivating brilliance of our 1.00 carat Radiant natural diamond from ColourDiam. Graced with an I colour and SI2 clarity, this ethically sourced gem radiates exceptional fire, certified by HRD and delivered with free worldwide shipping.",1.00ct Fancy Blue VVS1 Round GIA Natural Diamond,in stock,new,65248.51 THB,https://colourdiam.com/diamonddetails/Menu/3402,https://www.colourdiam.com/Product/Diamond/3402/still.jpg,ColourDiam,Apparel & Accessories > Jewelry,,1,,,,unisex,,,adult,,,,,,,,,HRD,Fine Jewelry
9530,"Discover the exceptional beauty of this GIA-certified 1 carat L color VS1 clarity oval natural diamond, measuring 7.25 x 5.1 x 3.48 mm with excellent polish. This magnificent gemstone radiates timeless elegance and is offered with complimentary insured worldwide shipping from ColourDiam.",1.00 Carat Heart Fancy White GIA Diamond,in stock,new,26477.66 THB,https://colourdiam.com/diamonddetails/Menu/9530,https://www.colourdiam.com/Product/Diamond/9530/still.jpg,ColourDiam,Apparel & Accessories > Jewelry,,1,,,,unisex,,,adult,,,,,,,,,GIA,Fine Jewelry
8589,"Discover the exceptional character of this 1 carat oval natural diamond, graded W-X for a warm champagne warmth and certified by GIA. Featuring I1 clarity and measuring 7.81 x 5.75 x 3.27 mm with very good polish and symmetry, this rare gem makes a striking bespoke centerpiece. Enjoy complimentary worldwide shipping on your order.",1.00ct Fancy Greenish Yellow Pear VS2 GIA Diamond,in stock,new,37825.23 THB,https://colourdiam.com/diamonddetails/Menu/8589,https://www.colourdiam.com/Product/Diamond/8589/still.jpg,ColourDiam,Apparel & Accessories > Jewelry,,1,,,,unisex,,,adult,,,,,,,,,GIA,Fine Jewelry
6045,"Discover the exceptional warmth of a GIA-certified 1.00-carat round natural diamond from ColourDiam. Featuring a distinctive Q-R color grade and I2 clarity, this 6.35 x 6.29 mm gem offers a captivating presence. Enjoy complimentary worldwide shipping with every exquisite purchase.",1.00ct Fancy Light Yellow Green Oval Diamond GIA SI2,in stock,new,34042.7 THB,https://colourdiam.com/diamonddetails/Menu/6045,https://www.colourdiam.com/Product/Diamond/6045/still.jpg,ColourDiam,Apparel & Accessories > Jewelry,,1,,,,unisex,,,adult,,,,,,,,,GIA,Fine Jewelry
6161,"Discover the exceptional 1 carat cushion VVS1 E colour natural diamond, certified by GIA. Impeccably polished with excellent symmetry, this rare gem embodies timeless sophistication. Enjoy complimentary insured worldwide shipping on your exquisite ColourDiam acquisition.",1.00ct Fancy Deep Green Oval Diamond GIA,in stock,new,143735.86 THB,https://colourdiam.com/diamonddetails/Menu/6161,https://www.colourdiam.com/Product/Diamond/6161/still.jpg,ColourDiam,Apparel & Accessories > Jewelry,,1,,,,unisex,,,adult,,,,,,,,,GIA,Fine Jewelry
9533,"Discover the exceptional beauty of this 1-carat oval natural diamond from ColourDiam. Certified by GIA with SI1 clarity and N colour, this rare gem boasts an excellent polish and zero fluorescence. Enjoy complimentary insured worldwide shipping on this magnificent creation.",0.96ct D SI1 Cushion Natural Diamond GIA,in stock,new,23829.89 THB,https://colourdiam.com/diamonddetails/Menu/9533,https://www.colourdiam.com/Product/Diamond/9533/still.jpg,ColourDiam,Apparel & Accessories > Jewelry,,1,,,,unisex,,,adult,,,,,,,,,GIA,Fine Jewelry
9137,"Discover the enchanting beauty of this 1 carat oval natural diamond, featuring a rare Fancy Light Green Yellow hue and GIA certification. Meticulously cut to 7.14 x 5.00 x 3.42 mm with excellent polish, this SI2 clarity gem radiates distinctive allure. Enjoy complimentary worldwide insured shipping with your acquisition.",0.96ct Very Light Pinkish Brown SI2 Round Diamond GIA,in stock,new,94563.06 THB,https://colourdiam.com/diamonddetails/Menu/9137,https://www.colourdiam.com/Product/Diamond/9137/still.jpg,ColourDiam,Apparel & Accessories > Jewelry,,1,,,,unisex,,,adult,,,,,,,,,GIA,Fine Jewelry
9261,"Immerse yourself in the ethereal romance of a 1 carat very light pink marquise natural diamond, gracefully proportioned at 9.32 x 5.16 x 3.53 mm with SI2 clarity. Certified by GIA (5232000000) with excellent polish and no fluorescence, this rare gem captures the essence of refined elegance. Enjoy complimentary worldwide shipping on your bespoke acquisition.",0.96ct Fancy Deep Yellow Cushion GIA Diamond,in stock,new,378252.25 THB,https://colourdiam.com/diamonddetails/Menu/9261,https://www.colourdiam.com/Product/Diamond/9261/still.jpg,ColourDiam,Apparel & Accessories > Jewelry,,1,,,,unisex,,,adult,,,,,,,,,GIA,Fine Jewelry
9332,"Discover the enchanting warmth of this 1 carat oval natural diamond, featuring a rare fancy light pinkish brown hue and SI2 clarity. Certified by GIA, this exceptional 6.98 x 5.37 x 3.39 mm gemstone offers captivating brilliance for bespoke high jewelry. Enjoy complimentary insured worldwide shipping with your acquisition.",0.94ct M I2 Round GIA Natural Diamond,in stock,new,84047.65 THB,https://colourdiam.com/diamonddetails/Menu/9332,https://www.colourdiam.com/Product/Diamond/9332/still.jpg,ColourDiam,Apparel & Accessories > Jewelry,,1,,,,unisex,,,adult,,,,,,,,,GIA,Fine Jewelry
9475,"Immerse yourself in the extraordinary with this 1-carat round light pink natural diamond, boasting flawless IF clarity. Certified by GIA and expertly finished with excellent polish, this rare masterpiece offers captivating brilliance. Enjoy complimentary insured worldwide shipping on this investment-grade treasure.",0.93ct U-V I3 Round GIA Natural Diamond,in stock,new,1815610.8 THB,https://colourdiam.com/diamonddetails/Menu/9475,https://www.colourdiam.com/Product/Diamond/9475/still.jpg,ColourDiam,Apparel & Accessories > Jewelry,,1,,,,unisex,,,adult,,,,,,,,,GIA,Fine Jewelry
9505,"Discover the exceptional 1.00 carat radiant natural diamond, boasting a rare fancy brownish greenish yellow hue and VS2 clarity. Certified by GIA and complete with free worldwide shipping, this 6.23x4.85x3.40mm masterpiece is destined for a bespoke heirloom creation.",0.92ct Fancy Light Bluish Green Radiant Diamond VS1 GIA,in stock,new,58629.1 THB,https://colourdiam.com/diamonddetails/Menu/9505,https://www.colourdiam.com/Product/Diamond/9505/still.jpg,ColourDiam,Apparel & Accessories > Jewelry,,1,,,,unisex,,,adult,,,,,,,,,GIA,Fine Jewelry
9551,"Discover the enchanting allure of this 1 carat round natural diamond from ColourDiam, certified by GIA with report 6551000000. Exhibiting a delicate faint pink hue and SI2 clarity, this exquisite gemstone boasts excellent polish and symmetry. Enjoy complimentary worldwide shipping on this captivating piece.",0.92ct Fancy Light Green-Yellow SI1 GIA Round Diamond,in stock,new,151300.9 THB,https://colourdiam.com/diamonddetails/Menu/9551,https://www.colourdiam.com/Product/Diamond/9551/still.jpg,ColourDiam,Apparel & Accessories > Jewelry,,1,,,,unisex,,,adult,,,,,,,,,GIA,Fine Jewelry
6018,"Discover the enchanting warmth of this 0.96 carat Very Light Pinkish Brown round natural diamond, certified by GIA. Boasting excellent polish and symmetry with an SI2 clarity, this rare gem captures subtle rosy undertones for a truly distinctive aesthetic. Elevate your bespoke jewelry creation with this exquisite natural stone, backed by our complimentary worldwide shipping.",0.92ct Fancy Gray Greenish Yellow GIA Diamond,in stock,new,59915.16 THB,https://colourdiam.com/diamonddetails/Menu/6018,https://www.colourdiam.com/Product/Diamond/6018/still.jpg,ColourDiam,Apparel & Accessories > Jewelry,,1,,,,unisex,,,adult,,,,,,,,,GIA,Fine Jewelry
3365,"Experience the captivating intensity of a 0.96 carat cushion-cut Fancy Deep Yellow natural diamond. Certified by GIA, this rare gem radiates extraordinary warmth and brilliance, complemented by Very Good polish and symmetry. Elevate your fine jewelry collection with this mesmerizing golden masterpiece, backed by our complimentary worldwide shipping.",0.91ct S-T Emerald SI2 GIA Natural Diamond,in stock,new,36276.04 THB,https://colourdiam.com/diamonddetails/Menu/3365,https://www.colourdiam.com/Product/Diamond/3365/still.jpg,ColourDiam,Apparel & Accessories > Jewelry,,1,,,,unisex,,,adult,,,,,,,,,GIA,Fine Jewelry
6043,"Discover the exceptional 0.94 Carat Round natural diamond, certified by GIA with report 6432000000. This 5.90 X 5.94 X 4.09 mm brilliant cut features an M color grade and I2 clarity, presented with free worldwide shipping from ColourDiam.",0.91ct Very Light Pink Cushion VS1 GIA Diamond,in stock,new,27626.89 THB,https://colourdiam.com/diamonddetails/Menu/6043,https://www.colourdiam.com/Product/Diamond/6043/still.jpg,ColourDiam,Apparel & Accessories > Jewelry,,1,,,,unisex,,,adult,,,,,,,,,GIA,Fine Jewelry
6046,"Discover the warm champagne allure of this GIA-certified 0.93-carat round natural diamond from ColourDiam. Featuring a distinct U-V warmth and brilliant round cut, it offers exceptional presence. Enjoy complimentary insured worldwide shipping on this unique piece.",0.91ct Fancy Brownish Yellow I1 Round GIA Diamond,in stock,new,27332.84 THB,https://colourdiam.com/diamonddetails/Menu/6046,https://www.colourdiam.com/Product/Diamond/6046/still.jpg,ColourDiam,Apparel & Accessories > Jewelry,,1,,,,unisex,,,adult,,,,,,,,,GIA,Fine Jewelry
2113,"Discover the enchanting allure of this 0.92-carat radiant natural diamond from ColourDiam, featuring a rare fancy light bluish green hue and VS1 clarity. Certified by the GIA with strong fluorescence, this exceptional gemstone embodies sophisticated rarity. Every purchase includes secure, insured free worldwide shipping.",0.90ct Fancy Yellow Cushion SI2 GIA Natural Diamond,in stock,new,626385.73 THB,https://colourdiam.com/diamonddetails/Menu/2113,https://www.colourdiam.com/Product/Diamond/2113/still.jpg,ColourDiam,Apparel & Accessories > Jewelry,,1,,,,unisex,,,adult,,,,,,,,,GIA,Fine Jewelry
5532,"Experience the rare allure of this 0.92 carat round natural diamond, certified by GIA. Featuring a captivating Fancy Light Brownish Greenish Yellow hue and SI1 clarity, it is a magnificent treasure. Enjoy complimentary worldwide shipping with your purchase.",0.90ct Fancy Light Yellow Radiant SI2 GIA Diamond,in stock,new,34799.21 THB,https://colourdiam.com/diamonddetails/Menu/5532,https://www.colourdiam.com/Product/Diamond/5532/still.jpg,ColourDiam,Apparel & Accessories > Jewelry,,1,,,,unisex,,,adult,,,,,,,,,GIA,Fine Jewelry
5746,"Discover the rare beauty of this 0.92 carat round natural diamond, certified by GIA. Featuring a distinctive Fancy Gray Greenish Yellow hue and I3 clarity, this exquisite gemstone makes a captivating centrepiece. Enjoy complimentary worldwide shipping with every order from ColourDiam.",0.90ct E SI1 Cushion GIA Natural Diamond,in stock,new,34799.21 THB,https://colourdiam.com/diamonddetails/Menu/5746,https://www.colourdiam.com/Product/Diamond/5746/still.jpg,ColourDiam,Apparel & Accessories > Jewelry,,1,,,,unisex,,,adult,,,,,,,,,GIA,Fine Jewelry
5024,"Discover the understated warmth of our 0.91-carat S-T color emerald cut natural diamond, certified by GIA. Featuring a sophisticated step-cut faceting pattern and SI2 clarity, this rare gem balances timeless architectural elegance with exceptional value. Enjoy complimentary worldwide shipping with every order from ColourDiam.",0.90ct E VS2 GIA Cushion Natural Diamond,in stock,new,25815.88 THB,https://colourdiam.com/diamonddetails/Menu/5024,https://www.colourdiam.com/Product/Diamond/5024/still.jpg,ColourDiam,Apparel & Accessories > Jewelry,,1,,,,unisex,,,adult,,,,,,,,,GIA,Fine Jewelry
9080,"Discover the enchanting allure of this GIA-certified 0.91-carat cushion natural diamond from ColourDiam. Exhibiting a delicate Very Light Pink hue and VS1 clarity, this rare gem promises timeless elegance. Enjoy complimentary worldwide shipping on your extraordinary purchase.",0.89ct Fancy Intense Orangy Yellow Pear Diamond GIA,in stock,new,344209.55 THB,https://colourdiam.com/diamonddetails/Menu/9080,https://www.colourdiam.com/Product/Diamond/9080/still.jpg,ColourDiam,Apparel & Accessories > Jewelry,,1,,,,unisex,,,adult,,,,,,,,,GIA,Fine Jewelry
3604,"Discover the captivating warmth of this 0.91 carat round natural diamond from ColourDiam, featuring a mesmerizing fancy brownish yellow hue. Certified by GIA with very good polish and symmetry, this rare gem combines natural brilliance with sophisticated charm. Enjoy complimentary insured worldwide shipping on your order.",0.88ct Light Green Pear SI1 GIA Natural Diamond,in stock,new,305933.38 THB,https://colourdiam.com/diamonddetails/Menu/3604,https://www.colourdiam.com/Product/Diamond/3604/still.jpg,ColourDiam,Apparel & Accessories > Jewelry,,1,,,,unisex,,,adult,,,,,,,,,GIA,Fine Jewelry
462,"Immerse yourself in the golden radiance of this 0.9 carat cushion natural fancy yellow diamond. Certified by GIA with SI2 clarity and medium fluorescence, this extraordinary gemstone captures the warmth of sunlight. Enjoy complimentary insured worldwide shipping on your ColourDiam acquisition.",0.86ct Fancy Light Yellowish Green SI1 Pear Diamond GIA,in stock,new,51064.05 THB,https://colourdiam.com/diamonddetails/Menu/462,https://www.colourdiam.com/Product/Diamond/462/still.jpg,ColourDiam,Apparel & Accessories > Jewelry,,1,,,,unisex,,,adult,,,,,,,,,GIA,Fine Jewelry
3664,"Discover the captivating allure of this 0.9-carat Fancy Light Yellow radiant natural diamond, certified by GIA. Boasting excellent polish and symmetry with SI2 clarity, this exceptional gem radiates warmth and sophistication. Enjoy complimentary insured worldwide shipping on this unique piece.",0.82ct Fancy Yellowish Green Pear Diamond GIA,in stock,new,39149.11 THB,https://colourdiam.com/diamonddetails/Menu/3664,https://www.colourdiam.com/Product/Diamond/3664/still.jpg,ColourDiam,Apparel & Accessories > Jewelry,,1,,,,unisex,,,adult,,,,,,,,,GIA,Fine Jewelry
9591,"Discover an exceptional 0.9 carat D color cushion diamond, certified by GIA. Featuring VS1 clarity and excellent polish and symmetry, this rare gem radiates extraordinary brilliance. Enjoy complimentary insured worldwide shipping with your acquisition.",0.81ct Fancy Purple Pink VS2 Heart GIA Diamond,in stock,new,0 THB,https://colourdiam.com/diamonddetails/Menu/9591,https://www.colourdiam.com/Product/Diamond/9591/still.jpg,ColourDiam,Apparel & Accessories > Jewelry,,1,,,,unisex,,,adult,,,,,,,,,GIA,Fine Jewelry
3351,"Discover the vibrant warmth of this 0.89 carat Fancy Intense Orangy Yellow pear diamond, certified by GIA. Boasting Very Good polish and symmetry, this rare natural gemstone captures fiery sunset brilliance. Enjoy complimentary insured worldwide shipping with your purchase.",0.80ct Faint Pinkish Brown SI1 Pear Diamond GIA,in stock,new,50496.68 THB,https://colourdiam.com/diamonddetails/Menu/3351,https://www.colourdiam.com/Product/Diamond/3351/still.jpg,ColourDiam,Apparel & Accessories > Jewelry,,1,,,,unisex,,,adult,,,,,,,,,GIA,Fine Jewelry
4716,"Discover the enchanting allure of this 0.88-carat light green pear natural diamond, certified by GIA. Featuring an SI1 clarity and graceful 7.77X5.23X3.06 mm dimensions, this rare gemstone radiates sophisticated elegance. Enjoy complimentary worldwide shipping with your investment in this exquisite masterpiece.",0.80ct Faint Green Radiant VS1 GIA Diamond,in stock,new,116501.69 THB,https://colourdiam.com/diamonddetails/Menu/4716,https://www.colourdiam.com/Product/Diamond/4716/still.jpg,ColourDiam,Apparel & Accessories > Jewelry,,1,,,,unisex,,,adult,,,,,,,,,GIA,Fine Jewelry
4746,"Discover the exceptional beauty of this 0.86 carat pear shaped natural diamond, featuring a rare Fancy Light Yellowish Green hue and SI1 clarity. Certified by GIA, this exquisite gemstone boasts very good polish and symmetry, reflecting unique nature-crafted brilliance. Enjoy complimentary insured worldwide shipping with your acquisition from ColourDiam.",0.80ct Faint Pink Round SI2 GIA Natural Diamond,in stock,new,113853.93 THB,https://colourdiam.com/diamonddetails/Menu/4746,https://www.colourdiam.com/Product/Diamond/4746/still.jpg,ColourDiam,Apparel & Accessories > Jewelry,,1,,,,unisex,,,adult,,,,,,,,,GIA,Fine Jewelry
4749,"Discover the enchanting allure of this 0.82-carat pear-shaped natural diamond from ColourDiam. Exhibiting a rare fancy yellowish-green hue and SI2 clarity, this GIA-certified masterpiece (Cert #6375000000) is gracefully proportioned at 8.41x6.05x2.43 mm. Enjoy complimentary worldwide shipping on this exquisite, one-of-a-kind treasure.",0.78ct Fancy Yellow Oval GIA Diamond,in stock,new,108558.4 THB,https://colourdiam.com/diamonddetails/Menu/4749,https://www.colourdiam.com/Product/Diamond/4749/still.jpg,ColourDiam,Apparel & Accessories > Jewelry,,1,,,,unisex,,,adult,,,,,,,,,GIA,Fine Jewelry
8740,"Immerse yourself in the extraordinary with this 0.81 carat heart-shaped Fancy Purple Pink diamond, certified by GIA. Boasting VS2 clarity, very good polish, and very good symmetry, this natural masterpiece radiates a rare romantic hue. Enjoy complimentary worldwide shipping with your investment in this singular treasure.",0.77ct Light Pink Pear GIA Natural Diamond,in stock,new,1225537.29 THB,https://colourdiam.com/diamonddetails/Menu/8740,https://www.colourdiam.com/Product/Diamond/8740/still.jpg,ColourDiam,Apparel & Accessories > Jewelry,,1,,,,unisex,,,adult,,,,,,,,,GIA,Fine Jewelry
9246,"Discover the exceptional 0.8 carat pear diamond from ColourDiam. Featuring a unique faint pinkish brown hue, SI1 clarity, and GIA certification, this exquisite natural stone showcases pristine polish and symmetry. Enjoy secure, complimentary worldwide shipping with your purchase.",0.76ct Fancy White Cushion GIA Diamond,in stock,new,54468.32 THB,https://colourdiam.com/diamonddetails/Menu/9246,https://www.colourdiam.com/Product/Diamond/9246/still.jpg,ColourDiam,Apparel & Accessories > Jewelry,,1,,,,unisex,,,adult,,,,,,,,,GIA,Fine Jewelry
4726,"Discover the enchanting allure of this 0.8 carat faint green radiant natural diamond, graded VS1 clarity by GIA. Featuring graceful dimensions of 6.67X4.3X2.95 mm, this exceptionally rare colored gem offers refined brilliance. Complete with GIA certification and complimentary worldwide insured shipping from ColourDiam.",0.75ct Light Green Pear SI1 GIA Diamond,in stock,new,90780.54 THB,https://colourdiam.com/diamonddetails/Menu/4726,https://www.colourdiam.com/Product/Diamond/4726/still.jpg,ColourDiam,Apparel & Accessories > Jewelry,,1,,,,unisex,,,adult,,,,,,,,,GIA,Fine Jewelry
2418,"Discover the enchanting beauty of this 0.8-carat round natural faint pink diamond, graded SI2 clarity with exceptional EX polish and symmetry. Certified by GIA (6303000000), this rare gem exhibits a delicate blush tone that captivates the eye. Enjoy complimentary worldwide shipping on this exquisite investment piece.",0.74ct Fancy Light Yellow Brown Pear SI1 GIA Diamond,in stock,new,90780.54 THB,https://colourdiam.com/diamonddetails/Menu/2418,https://www.colourdiam.com/Product/Diamond/2418/still.jpg,ColourDiam,Apparel & Accessories > Jewelry,,1,,,,unisex,,,adult,,,,,,,,,GIA,Fine Jewelry
5718,"Discover the vibrant allure of this 0.78-carat oval natural diamond from ColourDiam. Certified by GIA, this fancy yellow gem features a 6.54x4.77x3.25 mm dimension and medium fluorescence. Enjoy complimentary worldwide shipping on this exquisite masterpiece.",0.73ct Fancy Deep Yellow Orange Marquise Diamond GIA I1,in stock,new,22127.76 THB,https://colourdiam.com/diamonddetails/Menu/5718,https://www.colourdiam.com/Product/Diamond/5718/still.jpg,ColourDiam,Apparel & Accessories > Jewelry,,1,,,,unisex,,,adult,,,,,,,,,GIA,Fine Jewelry
667,"Acquire a breathtaking 0.77-carat light pink pear natural diamond, certified by GIA under report 6222000000. Measuring 7.29 x 5.10 x 3.27 mm with zero fluorescence, this exquisite rarity displays a delicate blush hue tailored for the most discerning collector. Enjoy complimentary secure worldwide shipping with your investment.",0.73ct Fancy White Round GIA Diamond,in stock,new,436881.35 THB,https://colourdiam.com/diamonddetails/Menu/667,https://www.colourdiam.com/Product/Diamond/667/still.jpg,ColourDiam,Apparel & Accessories > Jewelry,,1,,,,unisex,,,adult,,,,,,,,,GIA,Fine Jewelry
7902,"Discover the exceptional rarity of this 0.76 carat cushion fancy white natural diamond, certified by GIA. Boasting unique dimensions of 5.12 x 5.07 x 3.59 mm, this sublime gemstone radiates rare sophistication. Elevate your fine jewelry collection with this exquisite piece, backed by our complimentary worldwide shipping.",0.72ct Faint Pink SI1 Round GIA Diamond,in stock,new,34496.61 THB,https://colourdiam.com/diamonddetails/Menu/7902,https://www.colourdiam.com/Product/Diamond/7902/still.jpg,ColourDiam,Apparel & Accessories > Jewelry,,1,,,,unisex,,,adult,,,,,,,,,GIA,Fine Jewelry
4721,"Immerse yourself in the rare allure of a 0.75-carat light green pear diamond, certified by GIA for absolute peace of mind. Its delicate elongated silhouette and SI1 clarity offer a mesmerizing play of light, elevated by a faint fluorescence. Secure this exquisite natural treasure today and enjoy complimentary insured worldwide shipping.",0.72 Carat F VVS1 Radiant GIA Natural Diamond,in stock,new,99291.22 THB,https://colourdiam.com/diamonddetails/Menu/4721,https://www.colourdiam.com/Product/Diamond/4721/still.jpg,ColourDiam,Apparel & Accessories > Jewelry,,1,,,,unisex,,,adult,,,,,,,,,GIA,Fine Jewelry
5907,"Discover the enchanting warmth of this 0.74 carat pear-shaped natural diamond from ColourDiam, featuring a captivating fancy light yellow-brown hue and SI1 clarity. Graced with an independent GIA certification, this exceptional gemstone promises breathtaking brilliance and timeless allure. Enjoy complimentary insured worldwide shipping with your exclusive acquisition.",0.72ct Faint Pink SI2 Round GIA Natural Diamond,in stock,new,19593.47 THB,https://colourdiam.com/diamonddetails/Menu/5907,https://www.colourdiam.com/Product/Diamond/5907/still.jpg,ColourDiam,Apparel & Accessories > Jewelry,,1,,,,unisex,,,adult,,,,,,,,,GIA,Fine Jewelry
1448,"Discover the vibrant allure of this 0.73 carat marquise natural diamond from ColourDiam, featuring a mesmerizing Fancy Deep Yellow Orange hue. Certified by GIA (1259000000), this 8.81x4.82x2.99 mm gemstone offers unique brilliance and fiery warmth. Enjoy complimentary insured worldwide shipping with every order.",0.72ct Fancy Intense Yellow SI2 Round GIA Diamond,in stock,new,96643.45 THB,https://colourdiam.com/diamonddetails/Menu/1448,https://www.colourdiam.com/Product/Diamond/1448/still.jpg,ColourDiam,Apparel & Accessories > Jewelry,,1,,,,unisex,,,adult,,,,,,,,,GIA,Fine Jewelry
360,"Discover the exceptional rarity of this 0.73 carat Fancy White round natural diamond, certified by GIA. Boasting immaculate measurements of 5.53 x 5.56 x 3.78 mm with zero fluorescence, this singular gemstone delivers mesmerizing brilliance. Elevate your fine jewelry collection with this exquisite piece, backed by our complimentary insured worldwide shipping.",0.72ct Faint Green VVS2 Round Natural Diamond,in stock,new,82837.24 THB,https://colourdiam.com/diamonddetails/Menu/360,https://www.colourdiam.com/Product/Diamond/360/still.jpg,ColourDiam,Apparel & Accessories > Jewelry,,1,,,,unisex,,,adult,,,,,,,,,GIA,Fine Jewelry
9181,"Discover the enchanting allure of this 0.72 carat Faint Pink round natural diamond, certified by GIA for uncompromising rarity. Boasting an SI1 clarity and exceptional EX polish and symmetry, this 5.70 mm gemstone radiates timeless elegance. Enjoy complimentary insured worldwide shipping with your investment.",0.71ct Fancy Light Grayish Green VS2 Cushion GIA Diamond,in stock,new,81702.49 THB,https://colourdiam.com/diamonddetails/Menu/9181,https://www.colourdiam.com/Product/Diamond/9181/still.jpg,ColourDiam,Apparel & Accessories > Jewelry,,1,,,,unisex,,,adult,,,,,,,,,GIA,Fine Jewelry
6165,"Discover the exceptional 0.72 carat radiant natural diamond, graded F color and VVS1 clarity with GIA certification. This masterfully cut gemstone offers breathtaking brilliance and fire. Enjoy complimentary insured worldwide shipping with every purchase from ColourDiam.",0.71ct Fancy Purplish Pink Oval SI2 GIA Diamond,in stock,new,59915.16 THB,https://colourdiam.com/diamonddetails/Menu/6165,https://www.colourdiam.com/Product/Diamond/6165/still.jpg,ColourDiam,Apparel & Accessories > Jewelry,,1,,,,unisex,,,adult,,,,,,,,,GIA,Fine Jewelry
6685,"Discover the enchanting allure of this 0.72 carat round natural diamond, certified by GIA. Featuring a delicate faint pink hue and SI2 clarity with excellent polish and symmetry, it is a rare treasure. Enjoy complimentary worldwide shipping on this exquisite piece.",0.71ct Light Pink Heart SI2 GIA Natural Diamond,in stock,new,95319.57 THB,https://colourdiam.com/diamonddetails/Menu/6685,https://www.colourdiam.com/Product/Diamond/6685/still.jpg,ColourDiam,Apparel & Accessories > Jewelry,,1,,,,unisex,,,adult,,,,,,,,,GIA,Fine Jewelry
7168,"Immerse yourself in the hypnotic golden radiance of a 0.72 carat Fancy Intense Yellow round natural diamond by ColourDiam. Graced with an SI2 clarity and certified by GIA, this exquisite 5.90 x 5.95 x 3.41 mm masterwork features very good polish and symmetry with zero fluorescence. Elevate your collection with this vivid treasure, backed by our complimentary worldwide insured shipping.",0.70ct Fancy Vivid Orange Yellow Cushion Diamond GIA,in stock,new,242057.1 THB,https://colourdiam.com/diamonddetails/Menu/7168,https://www.colourdiam.com/Product/Diamond/7168/still.jpg,ColourDiam,Apparel & Accessories > Jewelry,,1,,,,unisex,,,adult,,,,,,,,,GIA,Fine Jewelry
4698,"Discover the enchanting beauty of this 0.71-carat cushion natural diamond from ColourDiam. Certified by GIA with VS2 clarity and a rare Fancy Light Grayish Green hue, this exquisite gemstone promises timeless elegance. Enjoy complimentary insured worldwide shipping on your order.",0.70ct D SI1 Radiant GIA Natural Diamond,in stock,new,67139.77 THB,https://colourdiam.com/diamonddetails/Menu/4698,https://www.colourdiam.com/Product/Diamond/4698/still.jpg,ColourDiam,Apparel & Accessories > Jewelry,,1,,,,unisex,,,adult,,,,,,,,,GIA,Fine Jewelry
7178,"Discover the enchanting allure of this 0.71 carat oval natural diamond from ColourDiam. Certified by GIA, this rare fancy purplish pink SI2 gemstone boasts very good polish and symmetry. Elevate your fine jewelry collection with this mesmerizing creation, backed by our complimentary insured worldwide shipping.",0.7 Carat Faint Pink Pear GIA Natural Diamond,in stock,new,765393.43 THB,https://colourdiam.com/diamonddetails/Menu/7178,https://www.colourdiam.com/Product/Diamond/7178/still.jpg,ColourDiam,Apparel & Accessories > Jewelry,,1,,,,unisex,,,adult,,,,,,,,,GIA,Fine Jewelry
5233,"Imbued with delicate romance, this 0.71-carat heart-cut natural light pink diamond captivates the soul. Certified by GIA with SI2 clarity, its romantic silhouette glows with ethereal warmth. Enjoy complimentary worldwide shipping on this exquisite masterpiece.",0.70ct E SI1 EX GIA Round Natural Diamond,in stock,new,187991.37 THB,https://colourdiam.com/diamonddetails/Menu/5233,https://www.colourdiam.com/Product/Diamond/5233/still.jpg,ColourDiam,Apparel & Accessories > Jewelry,,1,,,,unisex,,,adult,,,,,,,,,GIA,Fine Jewelry
8752,"Discover the enchanting soft allure of this 0.7 carat round natural faint pink diamond, graded I1 clarity with excellent symmetry. Certified by GIA and complete with free worldwide shipping, this rare gem embodies understated elegance for your bespoke fine jewelry creation.",0.7ct Fancy Pink VS2 Cushion GIA Natural Diamond,in stock,new,52955.32 THB,https://colourdiam.com/diamonddetails/Menu/8752,https://www.colourdiam.com/Product/Diamond/8752/still.jpg,ColourDiam,Apparel & Accessories > Jewelry,,1,,,,unisex,,,adult,,,,,,,,,GIA,Fine Jewelry
2472,"Discover the enchanting allure of this 0.7 carat cushion Fancy Pink natural diamond, certified by GIA for exceptional rarity. Featuring VS2 clarity and delicate faint fluorescence, this magnificent gemstone radiates romantic warmth. Enjoy complimentary worldwide shipping with your investment in this singular treasure from ColourDiam.",0.70ct Fancy Purplish Pink VS2 Radiant Diamond GIA,in stock,new,1853436.03 THB,https://colourdiam.com/diamonddetails/Menu/2472,https://www.colourdiam.com/Product/Diamond/2472/still.jpg,ColourDiam,Apparel & Accessories > Jewelry,,1,,,,unisex,,,adult,,,,,,,,,GIA,Fine Jewelry
7618,"Discover the exceptional beauty of this 0.7 carat radiant natural fancy purplish pink diamond, graded VS2 clarity by GIA. This rare gem features a captivating blush hue and measures 5.90 X 4.35 X 2.83 mm with faint fluorescence. Enjoy complimentary insured worldwide shipping on this exquisite piece.",0.7ct Fancy Brown Pink Heart Diamond GIA,in stock,new,1429793.51 THB,https://colourdiam.com/diamonddetails/Menu/7618,https://www.colourdiam.com/Product/Diamond/7618/still.jpg,ColourDiam,Apparel & Accessories > Jewelry,,1,,,,unisex,,,adult,,,,,,,,,GIA,Fine Jewelry
2477,"Discover the enchanting romance of this 0.7-carat heart-shaped natural diamond from ColourDiam. Exhibiting a captivating fancy brown pink hue and GIA certification, this unique gemstone combines fiery brilliance with exceptional charm. Enjoy complimentary worldwide shipping on your order.",0.70ct Faint Pink I1 GIA Round Diamond,in stock,new,158865.95 THB,https://colourdiam.com/diamonddetails/Menu/2477,https://www.colourdiam.com/Product/Diamond/2477/still.jpg,ColourDiam,Apparel & Accessories > Jewelry,,1,,,,unisex,,,adult,,,,,,,,,GIA,Fine Jewelry
7274,"Indulge in the rare allure of a 0.7-carat cushion natural fancy brownish purplish pink diamond, certified by GIA for uncompromising quality. This 5.06 x 4.51 x 3.31 mm gemstone displays a captivating blend of warm brown and romantic purple-pink tones. Enjoy complimentary worldwide shipping with your investment in this exquisite masterpiece.",0.70ct Fancy Brownish Purplish Pink Cushion Diamond GIA,in stock,new,62487.27 THB,https://colourdiam.com/diamonddetails/Menu/7274,https://www.colourdiam.com/Product/Diamond/7274/still.jpg,ColourDiam,Apparel & Accessories > Jewelry,,1,,,,unisex,,,adult,,,,,,,,,GIA,Fine Jewelry
5721,"Discover the enchanting warmth of this 0.7-carat pear-shaped fancy light yellow natural diamond, certified by GIA. Featuring graceful proportions of 6.72x4.97x2.90 mm and excellent polish, this exquisite gemstone radiates understated sophistication. Enjoy complimentary insured worldwide shipping with your acquisition.",0.70ct Fancy Light Yellow Pear GIA Natural Diamond,in stock,new,21208.77 THB,https://colourdiam.com/diamonddetails/Menu/5721,https://www.colourdiam.com/Product/Diamond/5721/still.jpg,ColourDiam,Apparel & Accessories > Jewelry,,1,,,,unisex,,,adult,,,,,,,,,GIA,Fine Jewelry
5407,"Discover the enchanting charm of this 0.7-carat round very light pink natural diamond, certified by GIA. Featuring an I1 clarity and medium fluorescence, this exquisite gemstone radiates a delicate romantic hue. Enjoy complimentary worldwide shipping with your investment in rare colored luxury.",0.70ct Very Light Pink I1 Round GIA Diamond,in stock,new,59442.51 THB,https://colourdiam.com/diamonddetails/Menu/5407,https://www.colourdiam.com/Product/Diamond/5407/still.jpg,ColourDiam,Apparel & Accessories > Jewelry,,1,,,,unisex,,,adult,,,,,,,,,GIA,Fine Jewelry
3321,"Discover the exceptional brilliance of this 0.7-carat N colour round natural diamond, certified by GIA. Featuring an SI2 clarity and excellent polish, this exquisite gemstone radiates timeless elegance. Enjoy complimentary insured worldwide shipping with your investment.",0.70ct N SI2 Round GIA Natural Diamond,in stock,new,52955.32 THB,https://colourdiam.com/diamonddetails/Menu/3321,https://www.colourdiam.com/Product/Diamond/3321/still.jpg,ColourDiam,Apparel & Accessories > Jewelry,,1,,,,unisex,,,adult,,,,,,,,,GIA,Fine Jewelry
3603,"Discover an exceptional 0.7-carat Fancy Brown Orange diamond, graded VS1 clarity by GIA. Measuring 9.04 x 3.92 x 2.40 mm with no fluorescence, this elongated masterpiece radiates warm, autumnal brilliance. Each ColourDiam acquisition includes GIA certification and complimentary secure worldwide shipping.",0.7ct Fancy Brown Orange VS1 GIA Natural Diamond,in stock,new,0 THB,https://colourdiam.com/diamonddetails/Menu/3603,https://www.colourdiam.com/Product/Diamond/3603/still.jpg,ColourDiam,Apparel & Accessories > Jewelry,,1,,,,unisex,,,adult,,,,,,,,,GIA,Fine Jewelry
6956,"Discover the enchanting charm of this GIA-certified 0.7-carat cushion natural diamond from ColourDiam. Displaying a rare light greenish yellow hue and SI1 clarity, this exquisite 4.77 x 4.50 x 3.37 mm gemstone radiates unique beauty. Enjoy complimentary worldwide shipping on this captivating piece.",0.70ct Light Greenish Yellow Cushion Diamond GIA SI1,in stock,new,74137.44 THB,https://colourdiam.com/diamonddetails/Menu/6956,https://www.colourdiam.com/Product/Diamond/6956/still.jpg,ColourDiam,Apparel & Accessories > Jewelry,,1,,,,unisex,,,adult,,,,,,,,,GIA,Fine Jewelry
2211,"Discover the enchanting allure of this 0.7 carat round natural fancy pink diamond, featuring SI2 clarity and certified by GIA. Meticulously cut to 5.86X5.80X3.36 mm with very good symmetry, this rare gemstone radiates romantic warmth. Enjoy complimentary worldwide shipping with your bespoke acquisition.",0.70ct Fancy Pink Round Diamond GIA,in stock,new,2250600.89 THB,https://colourdiam.com/diamonddetails/Menu/2211,https://www.colourdiam.com/Product/Diamond/2211/still.jpg,ColourDiam,Apparel & Accessories > Jewelry,,1,,,,unisex,,,adult,,,,,,,,,GIA,Fine Jewelry
6144,"Discover the exceptional 0.7-carat D colour radiant natural diamond, graded SI1 with GIA certification #6223000000. This magnificent 5.80x4.75x2.95 mm gemstone features flawless EX polish and symmetry. Enjoy complimentary insured worldwide shipping.",0.69ct Fancy Vivid Orange Yellow Marquise Diamond,in stock,new,51869.9 THB,https://colourdiam.com/diamonddetails/Menu/6144,https://www.colourdiam.com/Product/Diamond/6144/still.jpg,ColourDiam,Apparel & Accessories > Jewelry,,1,,,,unisex,,,adult,,,,,,,,,GIA,Fine Jewelry
7118,"Immerse yourself in the warm embrace of this 0.7-carat cushion natural diamond from ColourDiam. Boasting a striking Fancy Vivid Orange Yellow hue and SI2 clarity, this GIA-certified treasure radiates captivating brilliance. Enjoy the ultimate luxury of complimentary worldwide shipping on this exquisite piece.",0.66ct Fancy Purplish Pink Round Diamond GIA,in stock,new,145627.12 THB,https://colourdiam.com/diamonddetails/Menu/7118,https://www.colourdiam.com/Product/Diamond/7118/still.jpg,ColourDiam,Apparel & Accessories > Jewelry,,1,,,,unisex,,,adult,,,,,,,,,GIA,Fine Jewelry
9507,"Discover the enchanting blush of this 0.7 carat pear natural diamond from ColourDiam. Certified by GIA and boasting an I1 clarity with very good polish and symmetry, this 7.60 x 4.91 x 3.14 mm gem is a rare treasure. Enjoy complimentary worldwide shipping with every order.",0.65ct Light Pink Cushion VS2 GIA Natural Diamond,in stock,new,46335.9 THB,https://colourdiam.com/diamonddetails/Menu/9507,https://www.colourdiam.com/Product/Diamond/9507/still.jpg,ColourDiam,Apparel & Accessories > Jewelry,,1,,,,unisex,,,adult,,,,,,,,,GIA,Fine Jewelry
2950,"Discover the exceptional brilliance of this 0.7 carat round natural diamond, certified E color and SI1 clarity by GIA. Featuring an exquisite 5.80x5.76x3.50 mm profile with excellent polish and symmetry, this magnificent gemstone radiates timeless luxury. Enjoy complimentary insured worldwide shipping with every order from ColourDiam.",0.65ct Fancy Light Pink SI2 Cushion GIA Diamond,in stock,new,105910.63 THB,https://colourdiam.com/diamonddetails/Menu/2950,https://www.colourdiam.com/Product/Diamond/2950/still.jpg,ColourDiam,Apparel & Accessories > Jewelry,,1,,,,unisex,,,adult,,,,,,,,,GIA,Fine Jewelry
7684,"Immerse yourself in the extraordinary glow of this 0.69 carat marquise natural diamond, featuring a breathtaking Fancy Vivid Orange Yellow hue. Graced with GIA certification and accompanied by free worldwide shipping, this 9.40 x 4.25 x 2.68 mm masterpiece radiates an unforgettable, fiery radiance.",0.63ct Fancy Brownish Purplish Pink Radiant Diamond,in stock,new,104397.62 THB,https://colourdiam.com/diamonddetails/Menu/7684,https://www.colourdiam.com/Product/Diamond/7684/still.jpg,ColourDiam,Apparel & Accessories > Jewelry,,1,,,,unisex,,,adult,,,,,,,,,GIA,Fine Jewelry
1545,"Discover the exceptional beauty of this 0.66 carat Fancy Purplish Pink round natural diamond. Certified by GIA with a distinct I2 clarity and very good polish, this rare gemstone radiates enchanting allure. Enjoy complimentary secure worldwide shipping with your acquisition.",0.63ct G VS1 GIA Round Natural Diamond,in stock,new,748939.46 THB,https://colourdiam.com/diamonddetails/Menu/1545,https://www.colourdiam.com/Product/Diamond/1545/still.jpg,ColourDiam,Apparel & Accessories > Jewelry,,1,,,,unisex,,,adult,,,,,,,,,GIA,Fine Jewelry
6056,"Discover the enchanting allure of this GIA-certified 0.65-carat light pink cushion natural diamond, featuring VS2 clarity and mesmerizing scintillation. Exquisitely romantic and rare, this exceptional gemstone is presented with complimentary worldwide shipping from ColourDiam.",0.61ct Fancy Intense Blue Marquise VS1 GIA Diamond,in stock,new,216360.29 THB,https://colourdiam.com/diamonddetails/Menu/6056,https://www.colourdiam.com/Product/Diamond/6056/still.jpg,ColourDiam,Apparel & Accessories > Jewelry,,1,,,,unisex,,,adult,,,,,,,,,GIA,Fine Jewelry
5232,"Discover the enchanting allure of this 0.65 carat cushion fancy light pink natural diamond, certified by GIA for uncompromising rarity and brilliance. With an SI2 clarity and elegant 4.94X4.72X3.13 mm dimensions, this exquisite gem exudes romantic sophistication. Enjoy complimentary insured worldwide shipping on this mesmerizing investment piece.",0.61ct Fancy Intense Purplish Pink Oval Diamond GIA,in stock,new,356502.75 THB,https://colourdiam.com/diamonddetails/Menu/5232,https://www.colourdiam.com/Product/Diamond/5232/still.jpg,ColourDiam,Apparel & Accessories > Jewelry,,1,,,,unisex,,,adult,,,,,,,,,GIA,Fine Jewelry
6647,"Discover the exceptional brilliance of this GIA-certified 0.63-carat round natural diamond, boasting a pristine G color and VS1 clarity. Expertly cut with excellent polish and symmetry, this rare gemstone is delivered with complimentary worldwide insured shipping.",0.61ct Fancy Pinkish Brown Cushion Diamond GIA,in stock,new,71489.68 THB,https://colourdiam.com/diamonddetails/Menu/6647,https://www.colourdiam.com/Product/Diamond/6647/still.jpg,ColourDiam,Apparel & Accessories > Jewelry,,1,,,,unisex,,,adult,,,,,,,,,GIA,Fine Jewelry
1931,"Discover the enchanting allure of this 0.63 carat radiant natural diamond from ColourDiam. Featuring a rare Fancy Brownish Purplish Pink hue and GIA certification, this exquisite gemstone blends warmth with undeniable romance. Enjoy secure worldwide shipping with every order.",0.60ct U-V SI2 Cushion GIA Natural Diamond,in stock,new,214469.03 THB,https://colourdiam.com/diamonddetails/Menu/1931,https://www.colourdiam.com/Product/Diamond/1931/still.jpg,ColourDiam,Apparel & Accessories > Jewelry,,1,,,,unisex,,,adult,,,,,,,,,GIA,Fine Jewelry
4915,"Acquire a breathtaking 0.61 carat marquise natural fancy intense blue diamond with VS1 clarity, certified by GIA. This rare gem features captivating elongated dimensions of 9.97x4.36x2.08 mm and no fluorescence. Enjoy complimentary insured worldwide shipping with your purchase.",0.60ct Very Light Green Yellow Heart GIA Diamond,in stock,new,5127414.16 THB,https://colourdiam.com/diamonddetails/Menu/4915,https://www.colourdiam.com/Product/Diamond/4915/still.jpg,ColourDiam,Apparel & Accessories > Jewelry,,1,,,,unisex,,,adult,,,,,,,,,GIA,Fine Jewelry
2372,"Acquire a breathtaking 0.61 carat oval natural diamond featuring a rare Fancy Intense Purplish Pink hue. Certified by GIA and offered with complimentary worldwide shipping, this magnificent gem is a true collector's masterpiece.",0.60ct Fancy Intense Yellow Pear GIA Diamond,in stock,new,1269036.3 THB,https://colourdiam.com/diamonddetails/Menu/2372,https://www.colourdiam.com/Product/Diamond/2372/still.jpg,ColourDiam,Apparel & Accessories > Jewelry,,1,,,,unisex,,,adult,,,,,,,,,GIA,Fine Jewelry
6346,"Discover the enchanting warmth of this 0.61 carat cushion natural diamond from ColourDiam. Certified by GIA with an SI1 clarity and captivating fancy pinkish brown hue, it measures 5.39 x 4.15 x 3.04 mm. Enjoy complimentary worldwide shipping on this exquisite piece of fine jewellery.",0.59ct Faint Pink SI1 Round GIA Diamond,in stock,new,46146.77 THB,https://colourdiam.com/diamonddetails/Menu/6346,https://www.colourdiam.com/Product/Diamond/6346/still.jpg,ColourDiam,Apparel & Accessories > Jewelry,,1,,,,unisex,,,adult,,,,,,,,,GIA,Fine Jewelry
6958,"Discover the romance of our 0.6 Carat Very Light Green Yellow Heart GIA Certified Natural Diamond (SKU 6958). Featuring SI1 clarity and Very Good polish and symmetry, this exquisite gemstone radiates a tender, ethereal charm. Enjoy secure free worldwide shipping with every order.",0.58ct E IF GIA Radiant Natural Diamond,in stock,new,63546.38 THB,https://colourdiam.com/diamonddetails/Menu/6958,https://www.colourdiam.com/Product/Diamond/6958/still.jpg,ColourDiam,Apparel & Accessories > Jewelry,,1,,,,unisex,,,adult,,,,,,,,,GIA,Fine Jewelry
6087,"Discover the vibrant allure of this 0.6 Carat pear natural diamond, certified by GIA with a striking Fancy Intense Yellow hue. Featuring unique SI2 clarity and balanced pear proportions of 6.76 X 4.50 X 2.85 mm, it radiates rare warmth. Enjoy complimentary worldwide shipping with your investment in this singular gemstone.",0.58 Carat Light Pink Heart GIA Natural Diamond - Heart,in stock,new,25214.29 THB,https://colourdiam.com/diamonddetails/Menu/6087,https://www.colourdiam.com/Product/Diamond/6087/still.jpg,ColourDiam,Apparel & Accessories > Jewelry,,1,,,,unisex,,,adult,,,,,,,,,GIA,Fine Jewelry
6078,"Discover the exceptional warmth of this 0.6-carat cushion natural diamond from ColourDiam. Certified by GIA, this SI2 clarity diamond features dimensions of 5.03 X 4.41 X 3.07 mm with very good polish and symmetry. Enjoy complimentary worldwide shipping on this exquisite piece.",0.58 Carat Light Pink Heart GIA Natural Diamond,in stock,new,22695.14 THB,https://colourdiam.com/diamonddetails/Menu/6078,https://www.colourdiam.com/Product/Diamond/6078/still.jpg,ColourDiam,Apparel & Accessories > Jewelry,,1,,,,unisex,,,adult,,,,,,,,,GIA,Fine Jewelry
9129,"Discover the enchanting allure of this 0.59 carat round natural diamond, featuring a delicate Faint Pink hue and SI1 clarity. Certified by GIA and boasting excellent polish and symmetry, this rare gemstone is offered with complimentary worldwide shipping.",0.57ct Fancy Purple Pink Radiant GIA Diamond,in stock,new,40170.39 THB,https://colourdiam.com/diamonddetails/Menu/9129,https://www.colourdiam.com/Product/Diamond/9129/still.jpg,ColourDiam,Apparel & Accessories > Jewelry,,1,,,,unisex,,,adult,,,,,,,,,GIA,Fine Jewelry
1755,"Discover the romance of this 0.58 Carat GIA-certified light pink heart natural diamond, featuring zero fluorescence and measuring 5.12 x 5.66 x 3.10 mm. This exceptionally rare romantic cut offers a delicate blush hue, perfect for bespoke high-jewelry creations. Enjoy complimentary insured worldwide shipping with your investment.",0.56ct G VVS2 GIA Natural Diamond,in stock,new,175509.04 THB,https://colourdiam.com/diamonddetails/Menu/1755,https://www.colourdiam.com/Product/Diamond/1755/still.jpg,ColourDiam,Apparel & Accessories > Jewelry,,1,,,,unisex,,,adult,,,,,,,,,GIA,Fine Jewelry
648,"Discover the romance of a GIA-certified 0.58-carat light pink heart natural diamond from ColourDiam. Featuring a unique heart silhouette and I1 clarity, this rare gemstone is complemented by complimentary worldwide shipping.",0.56ct Light Pink Cushion SI2 GIA Natural Diamond,in stock,new,109693.15 THB,https://colourdiam.com/diamonddetails/Menu/648,https://www.colourdiam.com/Product/Diamond/648/still.jpg,ColourDiam,Apparel & Accessories > Jewelry,,1,,,,unisex,,,adult,,,,,,,,,GIA,Fine Jewelry
6268,"Discover the exceptional 0.58-carat E color IF clarity radiant cut natural diamond from ColourDiam. Certified by GIA with no fluorescence and excellent polish, this exquisite 0.58-carat masterpiece is offered with free worldwide shipping.",0.56ct Fancy Yellowish Green Radiant SI1 GIA Diamond,in stock,new,33939.09 THB,https://colourdiam.com/diamonddetails/Menu/6268,https://www.colourdiam.com/Product/Diamond/6268/still.jpg,ColourDiam,Apparel & Accessories > Jewelry,,1,,,,unisex,,,adult,,,,,,,,,GIA,Fine Jewelry
1584,"Discover the enchanting allure of this 0.57-carat radiant natural diamond from ColourDiam, featuring a mesmerizing fancy purple pink hue and GIA certification. This exquisite gemstone showcases a unique cut and brilliant depth, perfectly suited for a bespoke fine jewelry masterpiece. Enjoy complimentary secure worldwide shipping with every order.",0.56ct Fancy Light Yellowish Green Radiant Diamond GIA,in stock,new,334185.86 THB,https://colourdiam.com/diamonddetails/Menu/1584,https://www.colourdiam.com/Product/Diamond/1584/still.jpg,ColourDiam,Apparel & Accessories > Jewelry,,1,,,,unisex,,,adult,,,,,,,,,GIA,Fine Jewelry
7126,"Behold the ethereal beauty of a 0.56 carat light pink cushion natural diamond, certified by GIA for uncompromising rarity. This SI2 clarity gem exhibits a gentle fluorescence and measures 4.48x4.48x3.1 mm, offering timeless romance. Enjoy complimentary worldwide shipping with every ColourDiam acquisition.",0.56ct Faint Pinkish Brown Pear VS2 GIA Diamond,in stock,new,105910.63 THB,https://colourdiam.com/diamonddetails/Menu/7126,https://www.colourdiam.com/Product/Diamond/7126/still.jpg,ColourDiam,Apparel & Accessories > Jewelry,,1,,,,unisex,,,adult,,,,,,,,,GIA,Fine Jewelry
7208,"Discover the enchanting allure of this GIA-certified 0.56 carat pear natural diamond, featuring a rare faint pinkish brown hue and VS2 clarity. Beautifully proportioned with very good polish and symmetry, this rare gemstone promises timeless elegance. Enjoy complimentary insured worldwide shipping with your acquisition.",0.55ct Fancy Pink Radiant Diamond GIA,in stock,new,53061.23 THB,https://colourdiam.com/diamonddetails/Menu/7208,https://www.colourdiam.com/Product/Diamond/7208/still.jpg,ColourDiam,Apparel & Accessories > Jewelry,,1,,,,unisex,,,adult,,,,,,,,,GIA,Fine Jewelry
4969,"Discover the enchanting allure of this 0.56 carat radiant natural diamond, boasting a rare fancy yellowish green hue and SI1 clarity. Certified by GIA and accompanied by free worldwide shipping, this 5.30 x 3.97 x 2.82 mm masterpiece offers a truly distinctive aesthetic for the discerning connoisseur.",0.55ct Very Light Brown Cushion I1 GIA Diamond,in stock,new,16945.7 THB,https://colourdiam.com/diamonddetails/Menu/4969,https://www.colourdiam.com/Product/Diamond/4969/still.jpg,ColourDiam,Apparel & Accessories > Jewelry,,1,,,,unisex,,,adult,,,,,,,,,GIA,Fine Jewelry
4971,"Discover the enchanting allure of this 0.56 carat radiant natural diamond from ColourDiam. Certified by GIA, this rare Fancy Light Yellowish Green gem features SI1 clarity and exceptional brilliance. Enjoy complimentary insured worldwide shipping on this exquisite piece.",0.55ct Fancy Light Gray Blue GIA Diamond,in stock,new,16945.7 THB,https://colourdiam.com/diamonddetails/Menu/4971,https://www.colourdiam.com/Product/Diamond/4971/still.jpg,ColourDiam,Apparel & Accessories > Jewelry,,1,,,,unisex,,,adult,,,,,,,,,GIA,Fine Jewelry
6331,"Discover the exceptional beauty of this 0.56 carat G VVS2 natural diamond from ColourDiam. Certified by GIA and boasting an exquisite cut, this unique gemstone delivers unmatched brilliance. Enjoy complimentary insured worldwide shipping on your order.",0.55ct Fancy Vivid Orangy Yellow Emerald Diamond GIA,in stock,new,76255.65 THB,https://colourdiam.com/diamonddetails/Menu/6331,https://www.colourdiam.com/Product/Diamond/6331/still.jpg,ColourDiam,Apparel & Accessories > Jewelry,,1,,,,unisex,,,adult,,,,,,,,,GIA,Fine Jewelry
719,"Immerse yourself in the extraordinary glow of a 0.55 ct Emerald cut Fancy Vivid Orangy Yellow natural diamond, graded SI1 by GIA. This rare treasure features dimensions of 4.87X4.30X3.31 mm and zero fluorescence. Enjoy the pinnacle of fine jewelry shopping with our complimentary worldwide shipping.",0.54ct Fancy Light Grayish Yellowish Green Radiant Diamond,in stock,new,124823.24 THB,https://colourdiam.com/diamonddetails/Menu/719,https://www.colourdiam.com/Product/Diamond/719/still.jpg,ColourDiam,Apparel & Accessories > Jewelry,,1,,,,unisex,,,adult,,,,,,,,,GIA,Fine Jewelry
6086,"Discover the understated warmth of this 0.55-carat very light brown cushion diamond, certified by GIA. Featuring an I1 clarity and measuring 4.70 x 4.54 x 2.93 mm, this unique stone is a masterclass in subtle sophistication. Elevate your bespoke jewelry creation with free worldwide shipping included.",0.53ct Fancy Intense Yellow Oval Diamond GIA,in stock,new,20803.87 THB,https://colourdiam.com/diamonddetails/Menu/6086,https://www.colourdiam.com/Product/Diamond/6086/still.jpg,ColourDiam,Apparel & Accessories > Jewelry,,1,,,,unisex,,,adult,,,,,,,,,GIA,Fine Jewelry
1801,"Discover the mesmerizing depths of this 0.55 Carat Fancy Light Gray Blue diamond from ColourDiam. Cut into a distinctive cut-cornered square shape, this GIA-certified treasure features a unique slate-blue allure complemented by I1 clarity. Enjoy complimentary worldwide shipping on this rare natural masterpiece.",0.53 Carat Very Light Pink SI1 Diamond,in stock,new,416077.48 THB,https://colourdiam.com/diamonddetails/Menu/1801,https://www.colourdiam.com/Product/Diamond/1801/still.jpg,ColourDiam,Apparel & Accessories > Jewelry,,1,,,,unisex,,,adult,,,,,,,,,GIA,Fine Jewelry
7314,"Immerse yourself in the delicate allure of this 0.55-carat radiant fancy pink natural diamond, certified by GIA for uncompromising rarity. Its 5.05 x 4.07 x 2.94 mm dimensions capture a romantic blush hue, perfectly complemented by a radiant cut. Experience enduring sophistication with our complimentary secure worldwide shipping on every order.",0.53ct Fancy Light Orangy Pink Radiant GIA Diamond,in stock,new,260048.42 THB,https://colourdiam.com/diamonddetails/Menu/7314,https://www.colourdiam.com/Product/Diamond/7314/still.jpg,ColourDiam,Apparel & Accessories > Jewelry,,1,,,,unisex,,,adult,,,,,,,,,GIA,Fine Jewelry
445,"Discover the exceptional rarity of this 0.54 carat Fancy Light Grayish Yellowish Green radiant diamond, certified by GIA. Featuring a sophisticated VVS2 clarity and elegant measurements of 4.94X4.88X2.82, this natural diamond embodies understated elegance. Enjoy complimentary insured worldwide shipping with your acquisition.",0.53 Carat Light Pink GIA Natural Diamond,in stock,new,40851.24 THB,https://colourdiam.com/diamonddetails/Menu/445,https://www.colourdiam.com/Product/Diamond/445/still.jpg,ColourDiam,Apparel & Accessories > Jewelry,,1,,,,unisex,,,adult,,,,,,,,,GIA,Fine Jewelry
652,"Discover the enchanting allure of this 0.53 carat light pink cut cornered square natural diamond, certified by GIA. Featuring SI2 clarity and graceful measurements of 4.69 x 4.68 x 2.86 mm, this rare gemstone is a true masterpiece of nature. Enjoy complimentary worldwide shipping with every order from ColourDiam.",0.53ct E IF Radiant GIA Natural Diamond,in stock,new,120284.22 THB,https://colourdiam.com/diamonddetails/Menu/652,https://www.colourdiam.com/Product/Diamond/652/still.jpg,ColourDiam,Apparel & Accessories > Jewelry,,1,,,,unisex,,,adult,,,,,,,,,GIA,Fine Jewelry
6271,"Discover the exceptional brilliance of this 0.53-carat E color Radiant cut natural diamond, featuring flawless IF clarity. Certified by GIA and complete with free worldwide shipping, this 5.10 x 4.08 x 2.90 mm masterpiece embodies rare elegance.",0.52ct Fancy Deep Brownish Yellow Heart GIA Diamond,in stock,new,31434.41 THB,https://colourdiam.com/diamonddetails/Menu/6271,https://www.colourdiam.com/Product/Diamond/6271/still.jpg,ColourDiam,Apparel & Accessories > Jewelry,,1,,,,unisex,,,adult,,,,,,,,,GIA,Fine Jewelry
4204,"Immerse yourself in the breathtaking brilliance of this 0.53 carat oval natural diamond from ColourDiam. Certified by GIA, it showcases a captivating Fancy Intense Yellow hue and SI2 clarity, beautifully complemented by excellent polish. Enjoy free worldwide shipping on this exquisite masterpiece.",0.52ct Very Light Pinkish Brown Pear VS2 GIA Diamond,in stock,new,25059.38 THB,https://colourdiam.com/diamonddetails/Menu/4204,https://www.colourdiam.com/Product/Diamond/4204/still.jpg,ColourDiam,Apparel & Accessories > Jewelry,,1,,,,unisex,,,adult,,,,,,,,,GIA,Fine Jewelry
2054,"Discover the enchanting subtlety of this 0.53 carat Very Light Pink SI1 diamond, featuring an exquisite non-standard shape measuring 4.99x5.03x3.37 mm. Certified by CGL with no fluorescence, this rare treasure radiates an ethereal, delicate blush tone. Enjoy complimentary worldwide shipping with your acquisition.",0.52ct Light Blue Pear SI2 GIA Natural Diamond,in stock,new,100236.85 THB,https://colourdiam.com/diamonddetails/Menu/2054,https://www.colourdiam.com/Product/Diamond/2054/still.jpg,ColourDiam,Apparel & Accessories > Jewelry,,1,,,,unisex,,,adult,,,,,,,,,CGL,Fine Jewelry
5237,"Discover the enchanting allure of this 0.53-carat Radiant natural diamond, featuring a rare Fancy Light Orangy Pink hue and SI2 clarity. Certified by GIA and masterfully cut to 5.10 x 3.77 x 2.79 mm, this exquisite gemstone radiates warmth and sophistication. Enjoy complimentary worldwide shipping with every order.",0.52ct Light Pinkish Brown Pear SI1 Natural Diamond,in stock,new,222746.17 THB,https://colourdiam.com/diamonddetails/Menu/5237,https://www.colourdiam.com/Product/Diamond/5237/still.jpg,ColourDiam,Apparel & Accessories > Jewelry,,1,,,,unisex,,,adult,,,,,,,,,GIA,Fine Jewelry
3347,"Discover the 0.52 carat Fancy Deep Brownish Yellow heart diamond, certified by GIA. Featuring an I2 clarity and excellent polish, this rare 0.52 carat gemstone offers warmth and brilliance. Enjoy free worldwide shipping on this exquisite 0.52 carat natural diamond masterpiece.",0.52ct Faint Pink SI2 Round GIA Natural Diamond,in stock,new,9834.56 THB,https://colourdiam.com/diamonddetails/Menu/3347,https://www.colourdiam.com/Product/Diamond/3347/still.jpg,ColourDiam,Apparel & Accessories > Jewelry,,1,,,,unisex,,,adult,,,,,,,,,GIA,Fine Jewelry
4712,"Discover the serene beauty of a 0.52 carat light blue pear natural diamond from ColourDiam. Certified by GIA with SI2 clarity, this ethereal gemstone features exquisite proportions measuring 6.81x4.11x2.54 mm and a harmonious pear cut. Enjoy complimentary insured worldwide shipping with your investment.",0.52ct Fancy Brownish Orangy Pink Radiant Diamond VS2,in stock,new,88511.03 THB,https://colourdiam.com/diamonddetails/Menu/4712,https://www.colourdiam.com/Product/Diamond/4712/still.jpg,ColourDiam,Apparel & Accessories > Jewelry,,1,,,,unisex,,,adult,,,,,,,,,GIA,Fine Jewelry
7207,"Discover the enchanting warmth of this 0.52 carat pear natural diamond from ColourDiam. Featuring a unique very light pinkish brown hue and VS2 clarity, this GIA-certified treasure offers timeless elegance. Enjoy complimentary worldwide shipping with every order.",0.52ct Faint Gray SI1 Round GIA Natural Diamond,in stock,new,50156.25 THB,https://colourdiam.com/diamonddetails/Menu/7207,https://www.colourdiam.com/Product/Diamond/7207/still.jpg,ColourDiam,Apparel & Accessories > Jewelry,,1,,,,unisex,,,adult,,,,,,,,,GIA,Fine Jewelry
2965,"Discover the subtle warmth of this 0.52 carat pear-shaped natural diamond, featuring a delicate light pinkish brown hue and SI1 clarity. Measuring 5.63 by 4.21 by 4.21 by 2.87 mm, this CGL-certified gemstone exhibits exceptional brilliance and a sophisticated silhouette. Enjoy complimentary worldwide shipping with every order from ColourDiam.",0.52 Carat Pear Light Pinkish Brown SI1 Diamond,in stock,new,0 THB,https://colourdiam.com/diamonddetails/Menu/2965,https://www.colourdiam.com/Product/Diamond/2965/still.jpg,ColourDiam,Apparel & Accessories > Jewelry,,1,,,,unisex,,,adult,,,,,,,,,CGL,Fine Jewelry
6343,"Discover the subtle charm of this 0.52 carat faint pink round natural diamond, certified by GIA with excellent polish and symmetry. Measuring 5.22 x 5.23 x 3.14 mm with SI2 clarity, this delicate gemstone offers understated elegance for bespoke fine jewellery. Enjoy complimentary insured worldwide shipping with your purchase from ColourDiam.",0.52 Carat Faint Pink Round GIA Diamond,in stock,new,48189.34 THB,https://colourdiam.com/diamonddetails/Menu/6343,https://www.colourdiam.com/Product/Diamond/6343/still.jpg,ColourDiam,Apparel & Accessories > Jewelry,,1,,,,unisex,,,adult,,,,,,,,,GIA,Fine Jewelry
4544,"Discover the enchanting allure of this 0.52 carat radiant natural diamond from ColourDiam, featuring a rare fancy brownish orangy pink hue and VS2 clarity. Certified by GIA with excellent polish, this exquisite gemstone promises timeless sophistication. Enjoy complimentary insured worldwide shipping on your order.",0.51ct Fancy Vivid Yellow Orange Cushion GIA Diamond,in stock,new,174818.98 THB,https://colourdiam.com/diamonddetails/Menu/4544,https://www.colourdiam.com/Product/Diamond/4544/still.jpg,ColourDiam,Apparel & Accessories > Jewelry,,1,,,,unisex,,,adult,,,,,,,,,GIA,Fine Jewelry
5231,"Discover the understated elegance of this 0.52 carat round natural diamond, certified by GIA. Featuring a sophisticated faint gray hue, SI1 clarity, and exceptional triple-EX craftsmanship, it is a rare treasure. Enjoy complimentary worldwide shipping with every bespoke order from ColourDiam.",0.51ct Fancy Purplish Pink Radiant Diamond GIA,in stock,new,23602.94 THB,https://colourdiam.com/diamonddetails/Menu/5231,https://www.colourdiam.com/Product/Diamond/5231/still.jpg,ColourDiam,Apparel & Accessories > Jewelry,,1,,,,unisex,,,adult,,,,,,,,,GIA,Fine Jewelry
2009,"Discover the vibrant charm of this 0.52 carat pear natural diamond, showcasing a captivating fancy orangy pink hue. Certified by GIA with I2 clarity, this unique gemstone exhibits fiery brilliance and measures 6.72x4.57x2.37 mm. Enjoy complimentary worldwide shipping on this exquisite piece from ColourDiam.",0.52 Carat Fancy Orangy Pink Pear Diamond GIA,in stock,new,47205.88 THB,https://colourdiam.com/diamonddetails/Menu/2009,https://www.colourdiam.com/Product/Diamond/2009/still.jpg,ColourDiam,Apparel & Accessories > Jewelry,,1,,,,unisex,,,adult,,,,,,,,,GIA,Fine Jewelry
6687,"Discover the enchanting allure of this 0.52 carat cushion natural diamond from ColourDiam. Featuring a rare fancy grayish greenish yellow hue and SI2 clarity, this GIA-certified masterpiece (7307000000) exudes rare character. Enjoy complimentary insured worldwide shipping on this exceptional gem.",0.51ct Fancy Yellow Cushion SI2 GIA Diamond,in stock,new,21852.45 THB,https://colourdiam.com/diamonddetails/Menu/6687,https://www.colourdiam.com/Product/Diamond/6687/still.jpg,ColourDiam,Apparel & Accessories > Jewelry,,1,,,,unisex,,,adult,,,,,,,,,GIA,Fine Jewelry
9523,"Discover the enchanting allure of this 0.52 carat pear-shaped natural diamond, featuring a rare fancy light green yellow hue. Certified by GIA and accompanied by free worldwide shipping, this 0.52 ct SI2 clarity gemstone offers extraordinary elegance and sophistication.",0.51ct Light Pink Cushion VS2 GIA Natural Diamond - Cushion,in stock,new,59007.35 THB,https://colourdiam.com/diamonddetails/Menu/9523,https://www.colourdiam.com/Product/Diamond/9523/still.jpg,ColourDiam,Apparel & Accessories > Jewelry,,1,,,,unisex,,,adult,,,,,,,,,GIA,Fine Jewelry
179,"Discover the enchanting allure of this 0.51 carat cushion natural diamond from ColourDiam. Certified by GIA, this exquisite Fancy Purple Pink stone radiates rare sophistication. Enjoy complimentary insured worldwide shipping with your acquisition.",0.51ct Light Pink Pear SI1 GIA Natural Diamond,in stock,new,347235.57 THB,https://colourdiam.com/diamonddetails/Menu/179,https://www.colourdiam.com/Product/Diamond/179/still.jpg,ColourDiam,Apparel & Accessories > Jewelry,,1,,,,unisex,,,adult,,,,,,,,,GIA,Fine Jewelry
7111,"Experience the radiant warmth of this 0.51 carat Cushion-cut Fancy Vivid Yellow Orange diamond. Certified by GIA, this rare gemstone balances fiery sunset hues with exceptional polish. Enjoy peace of mind with our secure, free worldwide shipping.",0.51ct Light Pink Cushion VS2 GIA Natural Diamond,in stock,new,171457.14 THB,https://colourdiam.com/diamonddetails/Menu/7111,https://www.colourdiam.com/Product/Diamond/7111/still.jpg,ColourDiam,Apparel & Accessories > Jewelry,,1,,,,unisex,,,adult,,,,,,,,,GIA,Fine Jewelry
2522,"Experience the rare allure of this 0.51 carat Radiant-cut Fancy Purplish Pink diamond. Certified by GIA, this exquisite natural stone showcases a captivating hue and precise geometry. Enjoy peace of mind with our GIA certification and complimentary worldwide shipping on this investment-grade treasure.",0.51ct Light Blue Pear SI2 GIA Natural Diamond,in stock,new,250781.24 THB,https://colourdiam.com/diamonddetails/Menu/2522,https://www.colourdiam.com/Product/Diamond/2522/still.jpg,ColourDiam,Apparel & Accessories > Jewelry,,1,,,,unisex,,,adult,,,,,,,,,GIA,Fine Jewelry
4322,"Experience the radiant warmth of this 0.51 carat Fancy Intense Yellow oval diamond. Certified by GIA, this rare gem boasts exceptional brilliance and comes with complimentary worldwide shipping.",0.51ct Fancy Light Pink Oval SI2 GIA Natural Diamond,in stock,new,24113.75 THB,https://colourdiam.com/diamonddetails/Menu/4322,https://www.colourdiam.com/Product/Diamond/4322/still.jpg,ColourDiam,Apparel & Accessories > Jewelry,,1,,,,unisex,,,adult,,,,,,,,,GIA,Fine Jewelry
6179,"Experience the radiant warmth of this 0.51 carat Fancy Yellow cushion-cut diamond. Certified by GIA, this rare gemstone balances exceptional brilliance with a unique silhouette. Enjoy peace of mind with our GIA certification and complimentary worldwide shipping.",0.51ct Fancy Intense Orange Yellow Pear GIA Diamond,in stock,new,23149.04 THB,https://colourdiam.com/diamonddetails/Menu/6179,https://www.colourdiam.com/Product/Diamond/6179/still.jpg,ColourDiam,Apparel & Accessories > Jewelry,,1,,,,unisex,,,adult,,,,,,,,,GIA,Fine Jewelry
6106,"Experience the rare allure of this 0.51 carat Cushion-cut Light Pink natural diamond. Graded VS2 for exceptional clarity and certified by GIA, this exquisite stone radiates unparalleled elegance. Enjoy peace of mind with your purchase, including free worldwide shipping.",0.51ct Fancy Light Green Heart SI1 GIA Diamond,in stock,new,138894.23 THB,https://colourdiam.com/diamonddetails/Menu/6106,https://www.colourdiam.com/Product/Diamond/6106/still.jpg,ColourDiam,Apparel & Accessories > Jewelry,,1,,,,unisex,,,adult,,,,,,,,,GIA,Fine Jewelry
5607,"Exude ethereal grace with this exquisite 0.51-carat pear-shaped light pink natural diamond. Certified by GIA, this SI1 clarity gem offers a delicate hue and masterful cut. Enjoy secure, free worldwide shipping with your purchase.",0.51ct Fancy Purple Pink Cushion GIA Diamond,in stock,new,106099.76 THB,https://colourdiam.com/diamonddetails/Menu/5607,https://www.colourdiam.com/Product/Diamond/5607/still.jpg,ColourDiam,Apparel & Accessories > Jewelry,,1,,,,unisex,,,adult,,,,,,,,,GIA,Fine Jewelry
6055,"Experience the rare elegance of this 0.51 carat Light Pink Cushion diamond. Certified by GIA for its VS2 clarity and superior polish, this exquisite natural stone offers unmatched brilliance. Enjoy free worldwide shipping on this investment-grade masterpiece.",0.50ct Fancy Purple Pink Cushion Diamond GIA,in stock,new,154326.92 THB,https://colourdiam.com/diamonddetails/Menu/6055,https://www.colourdiam.com/Product/Diamond/6055/still.jpg,ColourDiam,Apparel & Accessories > Jewelry,,1,,,,unisex,,,adult,,,,,,,,,GIA,Fine Jewelry
8967,"Experience the rare allure of this 0.51 carat Fancy Light Green heart-shaped diamond. Certified by GIA, its unique hue and romantic cut offer unparalleled elegance for a bespoke piece. Includes free worldwide shipping and secure delivery.",0.50ct Light Pink Cushion SI2 GIA Natural Diamond,in stock,new,106099.76 THB,https://colourdiam.com/diamonddetails/Menu/8967,https://www.colourdiam.com/Product/Diamond/8967/still.jpg,ColourDiam,Apparel & Accessories > Jewelry,,1,,,,unisex,,,adult,,,,,,,,,GIA,Fine Jewelry
5439,"Discover the ethereal allure of this 0.51 carat pear-shaped light blue natural diamond. Graded SI2 for clarity and certified by GIA, this rare gem captures the serene essence of the sky. Enjoy peace of mind with our GIA certification and complimentary worldwide shipping on this exquisite investment piece.",0.50ct Fancy Brown Pink GIA Diamond,in stock,new,90667.06 THB,https://colourdiam.com/diamonddetails/Menu/5439,https://www.colourdiam.com/Product/Diamond/5439/still.jpg,ColourDiam,Apparel & Accessories > Jewelry,,1,,,,unisex,,,adult,,,,,,,,,GIA,Fine Jewelry
1067,"Discover the ethereal elegance of this 0.51 carat Fancy Light Pink oval diamond. Certified by GIA, this rare treasure showcases a delicate blush hue and graceful silhouette, perfect for a bespoke engagement ring. Enjoy the assurance of GIA certification and complimentary worldwide shipping with your purchase.",0.50ct Fancy Brown Pink Heart SI2 GIA Diamond,in stock,new,289362.97 THB,https://colourdiam.com/diamonddetails/Menu/1067,https://www.colourdiam.com/Product/Diamond/1067/still.jpg,ColourDiam,Apparel & Accessories > Jewelry,,1,,,,unisex,,,adult,,,,,,,,,GIA,Fine Jewelry
7055,"Experience the radiant warmth of this 0.51 carat Pear-cut Fancy Intense Orange Yellow diamond. Certified by GIA, this rare gemstone captivates with a vibrant sunset hue and elegant silhouette. Enjoy complimentary worldwide shipping with your purchase.",0.50ct Fancy Light Purplish Pink Oval Diamond GIA,in stock,new,69447.11 THB,https://colourdiam.com/diamonddetails/Menu/7055,https://www.colourdiam.com/Product/Diamond/7055/still.jpg,ColourDiam,Apparel & Accessories > Jewelry,,1,,,,unisex,,,adult,,,,,,,,,GIA,Fine Jewelry
2013,"Celebrate romance with this exquisite 0.5 carat heart-shaped diamond, boasting a rare Fancy Brown Pink hue. Certified by GIA for absolute authenticity, this SI2 clarity masterpiece is the ultimate symbol of sophisticated love. Enjoy complimentary worldwide shipping on this unique investment piece.",0.50ct Very Light Blue Pear SI2 GIA Diamond,in stock,new,52955.32 THB,https://colourdiam.com/diamonddetails/Menu/2013,https://www.colourdiam.com/Product/Diamond/2013/still.jpg,ColourDiam,Apparel & Accessories > Jewelry,,1,,,,unisex,,,adult,,,,,,,,,GIA,Fine Jewelry
7423,"Experience the ethereal allure of this 0.5 carat oval-cut Fancy Light Purplish Pink diamond. Certified by GIA, this rare treasure showcases a delicate blush hue and graceful silhouette, perfect for a bespoke engagement ring. Enjoy peace of mind with our GIA certification and complimentary worldwide shipping.",0.50ct Light Pinkish Brown Oval VS2 GIA Diamond,in stock,new,283689.19 THB,https://colourdiam.com/diamonddetails/Menu/7423,https://www.colourdiam.com/Product/Diamond/7423/still.jpg,ColourDiam,Apparel & Accessories > Jewelry,,1,,,,unisex,,,adult,,,,,,,,,GIA,Fine Jewelry
5438,"Experience the ethereal allure of this 0.5 carat pear-shaped natural diamond, featuring a delicate Very Light Blue hue. Certified by GIA (ID: 7382000000), this SI2 clarity gem offers a refined aesthetic with Very Good polish and symmetry. Enjoy peace of mind with your purchase, including complimentary worldwide shipping.",0.5 Carat Pear-Shaped Very Light Blue Natural Diamond,in stock,new,88889.28 THB,https://colourdiam.com/diamonddetails/Menu/5438,https://www.colourdiam.com/Product/Diamond/5438/still.jpg,ColourDiam,Apparel & Accessories > Jewelry,,1,,,,unisex,,,adult,,,,,,,,,GIA,Fine Jewelry
5410,"Exude timeless grace with this exquisite 0.50 carat Cushion cut natural diamond, showcasing a soft, romantic Light Pink hue. Certified by GIA, this SI2 clarity gem features an Excellent polish and Very Good symmetry for unparalleled brilliance. Enjoy the confidence of a GIA-certified treasure with complimentary worldwide shipping included.",0.50 Carat Cushion Cut Light Pink Natural Diamond,in stock,new,104019.37 THB,https://colourdiam.com/diamonddetails/Menu/5410,https://www.colourdiam.com/Product/Diamond/5410/still.jpg,ColourDiam,Apparel & Accessories > Jewelry,,1,,,,unisex,,,adult,,,,,,,,,GIA,Fine Jewelry
6113,"Experience the subtle allure of this 0.50 carat oval-cut diamond, featuring a sophisticated light pinkish brown hue. Graded VS2 for exceptional clarity and certified by GIA, this rare gem showcases an excellent polish. Enjoy free worldwide shipping on this exquisite natural diamond investment.",0.50 Carat Oval Light Pinkish Brown Diamond VS2 GIA,in stock,new,56737.84 THB,https://colourdiam.com/diamonddetails/Menu/6113,https://www.colourdiam.com/Product/Diamond/6113/still.jpg,ColourDiam,Apparel & Accessories > Jewelry,,1,,,,unisex,,,adult,,,,,,,,,GIA,Fine Jewelry
5541,"Experience the subtle allure of this 0.50ct radiant-cut natural diamond, featuring a sophisticated light pinkish brown hue. Graded VS2 for exceptional clarity and certified by GIA, this rare gem captures light with precision. Enjoy the confidence of a GIA-certified investment with complimentary worldwide shipping.",0.50ct Radiant Cut Light Pinkish Brown Diamond GIA,in stock,new,58629.1 THB,https://colourdiam.com/diamonddetails/Menu/5541,https://www.colourdiam.com/Product/Diamond/5541/still.jpg,ColourDiam,Apparel & Accessories > Jewelry,,1,,,,unisex,,,adult,,,,,,,,,GIA,Fine Jewelry
6336,"Experience the delicate allure of this 0.50 carat pear-shaped natural diamond, featuring a rare Very Light Pink hue. Certified by GIA (ID: 1426000000), this unique stone promises timeless elegance and investment-grade quality. Enjoy the peace of mind of GIA certification and complimentary worldwide shipping on this exquisite piece.",0.50 Carat Pear-Shaped Very Light Pink Natural Diamond,in stock,new,49683.6 THB,https://colourdiam.com/diamonddetails/Menu/6336,https://www.colourdiam.com/Product/Diamond/6336/still.jpg,ColourDiam,Apparel & Accessories > Jewelry,,1,,,,unisex,,,adult,,,,,,,,,GIA,Fine Jewelry
6342,"Experience the delicate allure of this 0.50 carat round-cut natural diamond, featuring a rare Faint Pink hue. Certified by GIA for absolute authenticity, this exquisite stone offers exceptional brilliance and polish. Enjoy the peace of mind that comes with professional grading and complimentary worldwide shipping.",0.50 Carat Round Faint Pink Natural Diamond,in stock,new,34042.7 THB,https://colourdiam.com/diamonddetails/Menu/6342,https://www.colourdiam.com/Product/Diamond/6342/still.jpg,ColourDiam,Apparel & Accessories > Jewelry,,1,,,,unisex,,,adult,,,,,,,,,GIA,Fine Jewelry
7101,"Experience the rare elegance of this 0.5 carat Light Pink Radiant diamond. Certified by GIA for absolute authenticity, this SI1 clarity gem offers a soft, romantic glow. Enjoy free worldwide shipping on this exquisite natural treasure.",0.50 Carat Fancy Yellow Oval GIA Natural Diamond,in stock,new,130497.03 THB,https://colourdiam.com/diamonddetails/Menu/7101,https://www.colourdiam.com/Product/Diamond/7101/still.jpg,ColourDiam,Apparel & Accessories > Jewelry,,1,,,,unisex,,,adult,,,,,,,,,GIA,Fine Jewelry
7108,"Experience the radiant warmth of this 0.5 carat cushion-cut Fancy Vivid Yellow Orange diamond. Certified by GIA, this rare gem showcases an intense sunset hue, perfect for a bespoke jewelry masterpiece. Enjoy free worldwide shipping on this unique treasure.",0.50ct Fancy Intense Orangy Yellow Marquise Diamond,in stock,new,189126.13 THB,https://colourdiam.com/diamonddetails/Menu/7108,https://www.colourdiam.com/Product/Diamond/7108/still.jpg,ColourDiam,Apparel & Accessories > Jewelry,,1,,,,unisex,,,adult,,,,,,,,,GIA,Fine Jewelry
5032,"Experience the radiant warmth of this 0.5 carat Fancy Yellow oval diamond. Certified by GIA, this rare gem boasts an elegant silhouette and comes with our complimentary worldwide shipping guarantee.",0.50ct Faint Pinkish Brown Heart GIA Diamond,in stock,new,12293.2 THB,https://colourdiam.com/diamonddetails/Menu/5032,https://www.colourdiam.com/Product/Diamond/5032/still.jpg,ColourDiam,Apparel & Accessories > Jewelry,,1,,,,unisex,,,adult,,,,,,,,,GIA,Fine Jewelry
1360,"Experience the radiant warmth of this 0.5 carat Fancy Intense Orangy Yellow marquise diamond. Certified by GIA, this rare gem showcases an elongated silhouette that captures light with unparalleled brilliance. Enjoy the confidence of a GIA-certified investment with complimentary worldwide shipping included.",0.50ct Princess Faint Pinkish Brown VS2 GIA Diamond,in stock,new,104019.37 THB,https://colourdiam.com/diamonddetails/Menu/1360,https://www.colourdiam.com/Product/Diamond/1360/still.jpg,ColourDiam,Apparel & Accessories > Jewelry,,1,,,,unisex,,,adult,,,,,,,,,GIA,Fine Jewelry
7269,"Discover the ethereal allure of this 0.5 carat Pear-shaped Very Light Pink natural diamond. Graded VS1 for exceptional clarity and certified by GIA, this rare gemstone promises unmatched brilliance. Enjoy the prestige of a GIA-certified treasure with the convenience of free worldwide shipping.",0.49 Carat Faint Green Round GIA Natural Diamond,in stock,new,109693.15 THB,https://colourdiam.com/diamonddetails/Menu/7269,https://www.colourdiam.com/Product/Diamond/7269/still.jpg,ColourDiam,Apparel & Accessories > Jewelry,,1,,,,unisex,,,adult,,,,,,,,,GIA,Fine Jewelry
7680,"Discover the rare allure of this 0.5 carat Princess-cut diamond, featuring a sophisticated faint pinkish-brown hue. Graded VS2 for exceptional clarity and boasting EX/EX polish and symmetry, this GIA-certified treasure arrives with free worldwide shipping. Elevate your collection with a stone that defines timeless elegance and natural brilliance.",0.49ct Fancy Dark Gray Yellowish Green Cushion Diamond,in stock,new,47281.53 THB,https://colourdiam.com/diamonddetails/Menu/7680,https://www.colourdiam.com/Product/Diamond/7680/still.jpg,ColourDiam,Apparel & Accessories > Jewelry,,1,,,,unisex,,,adult,,,,,,,,,GIA,Fine Jewelry
7798,"Exuding romantic charm, this 0.5-carat heart-shaped diamond features a rare Faint Pinkish Brown hue. Certified by GIA, this SI2 clarity gemstone offers an exceptional polish for maximum brilliance. Enjoy peace of mind with your investment and benefit from our complimentary worldwide shipping.",0.49ct Fancy Brown Pink Pear SI1 GIA Diamond,in stock,new,32151.44 THB,https://colourdiam.com/diamonddetails/Menu/7798,https://www.colourdiam.com/Product/Diamond/7798/still.jpg,ColourDiam,Apparel & Accessories > Jewelry,,1,,,,unisex,,,adult,,,,,,,,,GIA,Fine Jewelry
8335,"Experience the rare allure of this 0.5 carat Fancy Purple Pink cushion-cut diamond. Certified by GIA, this SI2 clarity masterpiece captures a vivid, romantic hue. Enjoy free worldwide shipping on this exceptional natural treasure.",0.48ct Fancy Light Yellow Green Radiant Diamond GIA,in stock,new,425533.78 THB,https://colourdiam.com/diamonddetails/Menu/8335,https://www.colourdiam.com/Product/Diamond/8335/still.jpg,ColourDiam,Apparel & Accessories > Jewelry,,1,,,,unisex,,,adult,,,,,,,,,GIA,Fine Jewelry
2012,"Discover the rare allure of this 0.5 carat Fancy Brown Pink diamond. Featuring a sophisticated cut-cornered square shape, this GIA-certified gemstone offers a unique, warm aesthetic for your bespoke jewelry collection. Enjoy peace of mind with our GIA certification and complimentary worldwide shipping.",0.48ct Fancy Vivid Yellow Cushion SI1 GIA Diamond,in stock,new,42553.38 THB,https://colourdiam.com/diamonddetails/Menu/2012,https://www.colourdiam.com/Product/Diamond/2012/still.jpg,ColourDiam,Apparel & Accessories > Jewelry,,1,,,,unisex,,,adult,,,,,,,,,GIA,Fine Jewelry
4973,"Experience the rare allure of this 0.49 carat Pear-shaped Fancy Brown Pink diamond. Certified by GIA, this SI1 clarity gem offers a sophisticated, warm hue perfect for a bespoke heirloom piece. Enjoy peace of mind with our GIA certification and complimentary worldwide shipping.",0.48 Carat Fancy Light Greenish Blue Pear GIA Diamond,in stock,new,37068.72 THB,https://colourdiam.com/diamonddetails/Menu/4973,https://www.colourdiam.com/Product/Diamond/4973/still.jpg,ColourDiam,Apparel & Accessories > Jewelry,,1,,,,unisex,,,adult,,,,,,,,,GIA,Fine Jewelry
1049,"Discover the ethereal beauty of this 0.49 carat round natural diamond, showcasing a rare and delicate faint green hue. Accompanied by a prestigious GIA certification, this exquisite gemstone promises timeless elegance and investment-grade quality. Enjoy the convenience of complimentary worldwide shipping with every purchase.",0.47ct Light Yellowish Gray Heart Diamond CGL,in stock,new,37068.72 THB,https://colourdiam.com/diamonddetails/Menu/1049,https://www.colourdiam.com/Product/Diamond/1049/still.jpg,ColourDiam,Apparel & Accessories > Jewelry,,1,,,,unisex,,,adult,,,,,,,,,GIA,Fine Jewelry
7100,"Discover the allure of this 0.49-carat cushion-cut natural diamond, featuring a rare Fancy Dark Gray Yellowish Green hue. Certified by GIA (6453000000), this unique gemstone offers a sophisticated aesthetic for the discerning collector. Enjoy free worldwide shipping with your purchase.",0.46ct Fancy Light Gray Radiant Diamond GIA,in stock,new,37198.31 THB,https://colourdiam.com/diamonddetails/Menu/7100,https://www.colourdiam.com/Product/Diamond/7100/still.jpg,ColourDiam,Apparel & Accessories > Jewelry,,1,,,,unisex,,,adult,,,,,,,,,GIA,Fine Jewelry
1381,"Experience the radiant warmth of this 0.48 carat Fancy Vivid Yellow cushion-cut diamond. Certified by GIA, this rare gem captures the sun's essence with exceptional brilliance and SI1 clarity. Enjoy peace of mind with our secure, free worldwide shipping.",0.46ct Fancy Vivid Yellow Orange Cushion Diamond GIA,in stock,new,81702.49 THB,https://colourdiam.com/diamonddetails/Menu/1381,https://www.colourdiam.com/Product/Diamond/1381/still.jpg,ColourDiam,Apparel & Accessories > Jewelry,,1,,,,unisex,,,adult,,,,,,,,,GIA,Fine Jewelry
4730,"Experience the ethereal allure of this 0.48 carat Pear-cut Fancy Light Greenish Blue diamond. Certified by GIA, this rare treasure captures the serene essence of ocean depths, offering a sophisticated SI1 clarity. Enjoy peace of mind with our secure, free worldwide shipping.",0.46ct Radiant Fancy Brownish Pink SI2 GIA Diamond,in stock,new,81702.49 THB,https://colourdiam.com/diamonddetails/Menu/4730,https://www.colourdiam.com/Product/Diamond/4730/still.jpg,ColourDiam,Apparel & Accessories > Jewelry,,1,,,,unisex,,,adult,,,,,,,,,GIA,Fine Jewelry
8698,"Experience the rare allure of this 0.48 carat Fancy Light Yellow Green radiant-cut diamond. Certified by GIA, this exquisite stone balances sophisticated color with brilliant geometry. Enjoy free worldwide shipping on this unique investment piece.",0.46ct Faint Pink VS2 Round GIA Natural Diamond,in stock,new,72624.43 THB,https://colourdiam.com/diamonddetails/Menu/8698,https://www.colourdiam.com/Product/Diamond/8698/still.jpg,ColourDiam,Apparel & Accessories > Jewelry,,1,,,,unisex,,,adult,,,,,,,,,GIA,Fine Jewelry
2963,"Celebrate love with this unique 0.47 carat heart-shaped natural diamond. Featuring a sophisticated light yellowish-gray hue and SI2 clarity, this CGL-certified gemstone is a rare find for a bespoke engagement ring. Enjoy complimentary worldwide shipping on this exquisite piece.",0.46ct Fancy Yellow Green Pear GIA Diamond,in stock,new,0 THB,https://colourdiam.com/diamonddetails/Menu/2963,https://www.colourdiam.com/Product/Diamond/2963/still.jpg,ColourDiam,Apparel & Accessories > Jewelry,,1,,,,unisex,,,adult,,,,,,,,,CGL,Fine Jewelry
1348,"Discover the understated elegance of this 0.46 carat Fancy Light Gray radiant diamond. Certified by GIA, this rare gemstone offers a sophisticated, modern aesthetic. Enjoy complimentary worldwide shipping with your purchase.",0.46ct Fancy Yellow Cushion GIA Natural Diamond,in stock,new,38279.13 THB,https://colourdiam.com/diamonddetails/Menu/1348,https://www.colourdiam.com/Product/Diamond/1348/still.jpg,ColourDiam,Apparel & Accessories > Jewelry,,1,,,,unisex,,,adult,,,,,,,,,GIA,Fine Jewelry
7107,"Experience the radiant warmth of this 0.46ct Cushion-cut Fancy Vivid Yellow Orange diamond. This GIA-certified masterpiece captures the sunset's brilliance, offering an exceptional hue for a bespoke engagement ring. Enjoy peace of mind with guaranteed natural origin and complimentary worldwide shipping.",0.46ct Fancy Light Purplish Pink Round Diamond GIA,in stock,new,154647.61 THB,https://colourdiam.com/diamonddetails/Menu/7107,https://www.colourdiam.com/Product/Diamond/7107/still.jpg,ColourDiam,Apparel & Accessories > Jewelry,,1,,,,unisex,,,adult,,,,,,,,,GIA,Fine Jewelry
5537,"Discover the allure of this 0.46 carat radiant-cut natural diamond, featuring a sophisticated Fancy Brownish Pink hue. Certified by GIA (6412000000), this SI2 clarity gem offers a unique play of light. Enjoy the peace of mind with our GIA certification and complimentary worldwide shipping on this exquisite piece.",0.46ct W-X SI2 Round GIA Natural Diamond,in stock,new,62638.57 THB,https://colourdiam.com/diamonddetails/Menu/5537,https://www.colourdiam.com/Product/Diamond/5537/still.jpg,ColourDiam,Apparel & Accessories > Jewelry,,1,,,,unisex,,,adult,,,,,,,,,GIA,Fine Jewelry
7794,"Experience the rare elegance of this 0.46 carat Faint Pink round diamond. Graded VS2 for exceptional clarity and featuring GIA certification, this exquisite stone showcases superior Excellent polish and symmetry. Enjoy peace of mind with your investment, including free worldwide shipping.",0.45ct Faint Pink I1 GIA Round Diamond,in stock,new,33059.25 THB,https://colourdiam.com/diamonddetails/Menu/7794,https://www.colourdiam.com/Product/Diamond/7794/still.jpg,ColourDiam,Apparel & Accessories > Jewelry,,1,,,,unisex,,,adult,,,,,,,,,GIA,Fine Jewelry
5723,"Experience the radiant warmth of this 0.46 carat Cushion-cut Fancy Yellow natural diamond. Graded SI1 by the GIA, this exquisite stone captures light with exceptional brilliance and professional polish. Enjoy peace of mind with your GIA-certified purchase, complete with free worldwide shipping.",0.45ct Faint Pink SI2 Round GIA Diamond,in stock,new,17399.6 THB,https://colourdiam.com/diamonddetails/Menu/5723,https://www.colourdiam.com/Product/Diamond/5723/still.jpg,ColourDiam,Apparel & Accessories > Jewelry,,1,,,,unisex,,,adult,,,,,,,,,GIA,Fine Jewelry
4970,"Experience the rare allure of this 0.46ct Fancy Yellow Green pear-shaped diamond. Certified by GIA, this unique stone displays a captivating verdant hue, perfect for a bespoke high-jewelry masterpiece. Enjoy complimentary worldwide shipping with your purchase.",0.45ct Fancy Intense Yellow Pear SI1 GIA Diamond,in stock,new,13919.68 THB,https://colourdiam.com/diamonddetails/Menu/4970,https://www.colourdiam.com/Product/Diamond/4970/still.jpg,ColourDiam,Apparel & Accessories > Jewelry,,1,,,,unisex,,,adult,,,,,,,,,GIA,Fine Jewelry
99,"Experience the ethereal allure of this 0.46 carat Fancy Light Purplish Pink round diamond. Certified by GIA, this rare treasure captures the light with unmatched grace. Enjoy peace of mind with our secure, free worldwide shipping.",0.45ct Fancy Vivid Yellow Orange Cushion Diamond GIA,in stock,new,313192.86 THB,https://colourdiam.com/diamonddetails/Menu/99,https://www.colourdiam.com/Product/Diamond/99/still.jpg,ColourDiam,Apparel & Accessories > Jewelry,,1,,,,unisex,,,adult,,,,,,,,,GIA,Fine Jewelry
2309,"Experience the radiant warmth of this exquisite 0.46 carat round natural diamond. Graded SI2 clarity and W-X colour, this GIA-certified gem captures a vintage-inspired glow. Enjoy peace of mind with your purchase, which includes GIA certification and complimentary worldwide shipping.",0.45ct Fancy Light Purplish Pink Cushion GIA Diamond,in stock,new,26099.41 THB,https://colourdiam.com/diamonddetails/Menu/2309,https://www.colourdiam.com/Product/Diamond/2309/still.jpg,ColourDiam,Apparel & Accessories > Jewelry,,1,,,,unisex,,,adult,,,,,,,,,GIA,Fine Jewelry
9259,"Experience the delicate allure of this 0.45 carat round-cut natural pink diamond. Certified by GIA, this rare gemstone showcases exceptional polish and symmetry, promising timeless elegance for your bespoke jewelry. Enjoy free worldwide shipping on this exquisite piece.",0.44ct Fancy Deep Purplish Pink Pear Diamond AGT,in stock,new,17021.35 THB,https://colourdiam.com/diamonddetails/Menu/9259,https://www.colourdiam.com/Product/Diamond/9259/still.jpg,ColourDiam,Apparel & Accessories > Jewelry,,1,,,,unisex,,,adult,,,,,,,,,GIA,Fine Jewelry
9258,"Experience the subtle allure of this 0.45 carat round-cut Faint Pink natural diamond. Certified by GIA (7529000000), this SI2 clarity gem features Excellent polish and symmetry, promising unparalleled brilliance. Enjoy free worldwide shipping on this exquisite, rare investment piece.",0.44ct Fancy Intense Orangy Yellow Marquise Diamond GIA,in stock,new,25532.03 THB,https://colourdiam.com/diamonddetails/Menu/9258,https://www.colourdiam.com/Product/Diamond/9258/still.jpg,ColourDiam,Apparel & Accessories > Jewelry,,1,,,,unisex,,,adult,,,,,,,,,GIA,Fine Jewelry
4161,"Experience the radiant warmth of this 0.45ct Fancy Intense Yellow pear-cut diamond. Certified by GIA, this SI1 clarity gem captures light with unmatched brilliance. Enjoy complimentary worldwide shipping on this exquisite natural treasure.",0.44ct Fancy Grayish Yellowish Green SI1 Round Diamond,in stock,new,30638.43 THB,https://colourdiam.com/diamonddetails/Menu/4161,https://www.colourdiam.com/Product/Diamond/4161/still.jpg,ColourDiam,Apparel & Accessories > Jewelry,,1,,,,unisex,,,adult,,,,,,,,,GIA,Fine Jewelry
7112,"Experience the radiant warmth of this 0.45 carat Fancy Vivid Yellow Orange cushion-cut diamond. Certified by GIA, this rare gem captures the essence of a sunset in its vibrant, fiery hue. Enjoy peace of mind with your purchase, including free worldwide shipping.",0.44 Carat F VVS2 GIA Round Natural Diamond,in stock,new,151285.77 THB,https://colourdiam.com/diamonddetails/Menu/7112,https://www.colourdiam.com/Product/Diamond/7112/still.jpg,ColourDiam,Apparel & Accessories > Jewelry,,1,,,,unisex,,,adult,,,,,,,,,GIA,Fine Jewelry
4657,"Experience the rare allure of this 0.45 carat cushion-cut natural diamond, showcasing a mesmerizing Fancy Light Purplish Pink hue. Certified by GIA, this exquisite stone offers exceptional brilliance and polish. Enjoy the peace of mind that comes with professional certification and complimentary worldwide shipping.",0.43ct Fancy Light Pinkish Purple Cushion Diamond GIA,in stock,new,91915.3 THB,https://colourdiam.com/diamonddetails/Menu/4657,https://www.colourdiam.com/Product/Diamond/4657/still.jpg,ColourDiam,Apparel & Accessories > Jewelry,,1,,,,unisex,,,adult,,,,,,,,,GIA,Fine Jewelry
7683,"Experience the radiant warmth of this 0.44 carat Fancy Intense Orangy Yellow marquise diamond. GIA certified, this rare gem captures the sunset's glow with exceptional fire. Enjoy free worldwide shipping on this exquisite, one-of-a-kind natural treasure.",0.43ct Fancy Pinkish Purple Heart Diamond GIA,in stock,new,46600.68 THB,https://colourdiam.com/diamonddetails/Menu/7683,https://www.colourdiam.com/Product/Diamond/7683/still.jpg,ColourDiam,Apparel & Accessories > Jewelry,,1,,,,unisex,,,adult,,,,,,,,,GIA,Fine Jewelry
5760,"Experience the allure of this exquisite 0.44 carat Fancy Deep Purplish Pink pear-cut diamond. Certified by AGT (5296452), this rare treasure radiates unparalleled elegance. Enjoy the peace of mind of certified luxury with free worldwide shipping included.",0.43ct Fancy Intense Yellow Oval SI1 GIA Diamond,in stock,new,249646.49 THB,https://colourdiam.com/diamonddetails/Menu/5760,https://www.colourdiam.com/Product/Diamond/5760/still.jpg,ColourDiam,Apparel & Accessories > Jewelry,,1,,,,unisex,,,adult,,,,,,,,,AGT,Fine Jewelry
8741,"Discover the rare allure of this 0.44-carat Fancy Grayish Yellowish Green round diamond. Certified by GIA, this unique stone showcases an ethereal, sophisticated hue perfect for a custom heirloom piece. Enjoy free worldwide shipping on this exceptional natural treasure.",0.43ct Fancy Light Orangy Pink Cushion SI1 GIA Diamond,in stock,new,29957.58 THB,https://colourdiam.com/diamonddetails/Menu/8741,https://www.colourdiam.com/Product/Diamond/8741/still.jpg,ColourDiam,Apparel & Accessories > Jewelry,,1,,,,unisex,,,adult,,,,,,,,,GIA,Fine Jewelry
1055,"Experience the brilliance of this exquisite 0.44 carat round natural diamond, graded F color and VVS2 clarity. Expertly polished with Very Good symmetry and certified by GIA, this rare gem offers unmatched radiance. Enjoy the luxury of free worldwide shipping with your purchase.",0.43ct Fancy Vivid Yellow Oval VS1 GIA Diamond,in stock,new,33286.2 THB,https://colourdiam.com/diamonddetails/Menu/1055,https://www.colourdiam.com/Product/Diamond/1055/still.jpg,ColourDiam,Apparel & Accessories > Jewelry,,1,,,,unisex,,,adult,,,,,,,,,GIA,Fine Jewelry
4511,"Experience the rare allure of this 0.43ct cushion-cut diamond, boasting a mesmerizing Fancy Light Pinkish Purple hue. Certified by GIA, this SI2 clarity masterpiece offers exceptional brilliance and elegance. Enjoy the peace of mind of a certified natural treasure with complimentary worldwide shipping.",0.43ct Cushion Cut Fancy Light Pinkish Purple Diamond,in stock,new,121986.35 THB,https://colourdiam.com/diamonddetails/Menu/4511,https://www.colourdiam.com/Product/Diamond/4511/still.jpg,ColourDiam,Apparel & Accessories > Jewelry,,1,,,,unisex,,,adult,,,,,,,,,GIA,Fine Jewelry
5757,"Experience the rare allure of this 0.43 carat Fancy Pinkish Purple heart-shaped natural diamond. Certified by GIA, this exquisite gemstone captures light with unparalleled romantic elegance. Enjoy complimentary worldwide shipping with your purchase.",0.43ct Fancy Intense Yellow Oval VS1 GIA Diamond,in stock,new,117106.9 THB,https://colourdiam.com/diamonddetails/Menu/5757,https://www.colourdiam.com/Product/Diamond/5757/still.jpg,ColourDiam,Apparel & Accessories > Jewelry,,1,,,,unisex,,,adult,,,,,,,,,GIA,Fine Jewelry
5033,"Experience the radiant allure of this 0.43ct Fancy Intense Yellow oval diamond, meticulously graded by GIA for exceptional vibrancy. Its unique silhouette and SI1 clarity offer a sophisticated centerpiece for bespoke fine jewelry. Enjoy peace of mind with your GIA-certified investment and complimentary worldwide shipping.",0.43ct Oval Fancy Intense Yellow GIA Diamond,in stock,new,24397.27 THB,https://colourdiam.com/diamonddetails/Menu/5033,https://www.colourdiam.com/Product/Diamond/5033/still.jpg,ColourDiam,Apparel & Accessories > Jewelry,,1,,,,unisex,,,adult,,,,,,,,,GIA,Fine Jewelry
4656,"Experience the rare allure of this 0.43ct cushion-cut Fancy Light Orangy Pink diamond. Certified by GIA, this exquisite natural stone radiates a unique, sunset-inspired glow, perfect for a bespoke engagement ring. Enjoy free worldwide shipping with your purchase of this SI1 clarity treasure.",0.43ct Cushion Fancy Light Orangy Pink Diamond,in stock,new,117106.9 THB,https://colourdiam.com/diamonddetails/Menu/4656,https://www.colourdiam.com/Product/Diamond/4656/still.jpg,ColourDiam,Apparel & Accessories > Jewelry,,1,,,,unisex,,,adult,,,,,,,,,GIA,Fine Jewelry
4309,"Experience the radiant warmth of this 0.43 carat Fancy Vivid Yellow oval diamond. Boasting an exceptional VS1 clarity and GIA certification, this rare gemstone captures pure sunlight in a sophisticated silhouette. Enjoy peace of mind with your purchase, including a GIA certificate and complimentary worldwide shipping.",0.42ct Very Light Pink Pear GIA Diamond,in stock,new,48794.54 THB,https://colourdiam.com/diamonddetails/Menu/4309,https://www.colourdiam.com/Product/Diamond/4309/still.jpg,ColourDiam,Apparel & Accessories > Jewelry,,1,,,,unisex,,,adult,,,,,,,,,GIA,Fine Jewelry
2238,"Discover the enchanting allure of this 0.43 carat Fancy Pink Purple cushion-cut natural diamond. Certified by GIA, this rare gemstone captivates with its unique violet-pink hue and exceptional polish. Enjoy peace of mind with our secure, free worldwide shipping on this investment-grade treasure.",0.42ct Fancy Intense Purple Pink Radiant Diamond GIA,in stock,new,130118.77 THB,https://colourdiam.com/diamonddetails/Menu/2238,https://www.colourdiam.com/Product/Diamond/2238/still.jpg,ColourDiam,Apparel & Accessories > Jewelry,,1,,,,unisex,,,adult,,,,,,,,,GIA,Fine Jewelry
6181,"Experience the radiant warmth of this 0.42 carat Fancy Yellow cushion-cut diamond. Certified by GIA, this exceptional stone offers brilliant light performance with excellent polish. Enjoy free worldwide shipping on this exquisite natural treasure.",0.42ct Fancy Pink Purple Marquise GIA Diamond,in stock,new,19063.91 THB,https://colourdiam.com/diamonddetails/Menu/6181,https://www.colourdiam.com/Product/Diamond/6181/still.jpg,ColourDiam,Apparel & Accessories > Jewelry,,1,,,,unisex,,,adult,,,,,,,,,GIA,Fine Jewelry
5160,"Experience the delicate allure of this 0.42ct Cushion Cut Light Pink natural diamond. Certified by GIA, this rare gemstone radiates soft elegance and timeless sophistication. Enjoy peace of mind with our secure, complimentary worldwide shipping on every purchase.",0.42ct Cushion Cut Light Pink Natural Diamond,in stock,new,42893.81 THB,https://colourdiam.com/diamonddetails/Menu/5160,https://www.colourdiam.com/Product/Diamond/5160/still.jpg,ColourDiam,Apparel & Accessories > Jewelry,,1,,,,unisex,,,adult,,,,,,,,,GIA,Fine Jewelry
7129,"Exude ethereal elegance with this exquisite 0.42ct pear-cut natural diamond. Featuring a delicate Very Light Pink hue, this GIA-certified treasure arrives with complimentary worldwide shipping, ensuring your investment is delivered with premium care.",0.42ct Pear-Cut Very Light Pink GIA Natural Diamond,in stock,new,41305.15 THB,https://colourdiam.com/diamonddetails/Menu/7129,https://www.colourdiam.com/Product/Diamond/7129/still.jpg,ColourDiam,Apparel & Accessories > Jewelry,,1,,,,unisex,,,adult,,,,,,,,,GIA,Fine Jewelry
118,"Experience the rare allure of this 0.42 carat Fancy Intense Purple Pink radiant-cut diamond. Certified by GIA, this exquisite stone radiates a unique, vivid hue that captures light with unparalleled brilliance. Enjoy peace of mind with our GIA certification and complimentary worldwide shipping.",0.42ct Fancy Intense Pink Oval Diamond AGT,in stock,new,317731.89 THB,https://colourdiam.com/diamonddetails/Menu/118,https://www.colourdiam.com/Product/Diamond/118/still.jpg,ColourDiam,Apparel & Accessories > Jewelry,,1,,,,unisex,,,adult,,,,,,,,,GIA,Fine Jewelry
330,"Experience the rare allure of this 0.42 carat Marquise-cut Fancy Pink Purple diamond. Certified by GIA, this exquisite natural stone showcases a unique floral hue and elegant silhouette. Enjoy peace of mind with our GIA certification and complimentary worldwide shipping on this investment-grade masterpiece.",0.42 Carat Marquise Fancy Pink Purple Natural Diamond,in stock,new,365391.67 THB,https://colourdiam.com/diamonddetails/Menu/330,https://www.colourdiam.com/Product/Diamond/330/still.jpg,ColourDiam,Apparel & Accessories > Jewelry,,1,,,,unisex,,,adult,,,,,,,,,GIA,Fine Jewelry
6034,"Discover the subtle elegance of this 0.42ct oval-cut natural diamond, featuring a rare Light Pink Brown hue. Certified by GIA, this SI2 clarity gemstone offers exceptional symmetry and polish. Enjoy complimentary worldwide shipping on this exquisite investment piece.",0.42ct Oval Light Pink Brown Natural Diamond,in stock,new,42893.81 THB,https://colourdiam.com/diamonddetails/Menu/6034,https://www.colourdiam.com/Product/Diamond/6034/still.jpg,ColourDiam,Apparel & Accessories > Jewelry,,1,,,,unisex,,,adult,,,,,,,,,GIA,Fine Jewelry
2975,"Experience the captivating allure of this rare 0.42ct oval-cut Fancy Intense Pink diamond. Certified by AGT, this exceptional natural gemstone offers a vibrant hue and sophisticated silhouette. Enjoy peace of mind with our secure, free worldwide shipping on this investment-grade treasure.",0.42ct Oval Fancy Intense Pink Diamond AGT Certified,in stock,new,714896.75 THB,https://colourdiam.com/diamonddetails/Menu/2975,https://www.colourdiam.com/Product/Diamond/2975/still.jpg,ColourDiam,Apparel & Accessories > Jewelry,,1,,,,unisex,,,adult,,,,,,,,,AGT,Fine Jewelry
2109,"Discover the ethereal allure of this 0.42ct Fancy Light Gray Blue round natural diamond. Certified by GIA, this rare gemstone exhibits a sophisticated, moody hue perfect for a bespoke heirloom piece. Enjoy peace of mind with your purchase, including complimentary worldwide shipping on this exquisite 0.42ct rarity.",0.42ct Fancy Light Gray Blue Round Natural Diamond,in stock,new,476597.84 THB,https://colourdiam.com/diamonddetails/Menu/2109,https://www.colourdiam.com/Product/Diamond/2109/still.jpg,ColourDiam,Apparel & Accessories > Jewelry,,1,,,,unisex,,,adult,,,,,,,,,GIA,Fine Jewelry
9498,"Experience the rare allure of this 0.42ct Radiant-cut Fancy Intense Pink diamond. Certified by GIA, this exceptional natural gemstone exhibits a vivid, captivating hue. Enjoy peace of mind with our GIA certification and complimentary worldwide shipping on this investment-grade treasure.",0.42ct Radiant Fancy Intense Pink Natural Diamond,in stock,new,0 THB,https://colourdiam.com/diamonddetails/Menu/9498,https://www.colourdiam.com/Product/Diamond/9498/still.jpg,ColourDiam,Apparel & Accessories > Jewelry,,1,,,,unisex,,,adult,,,,,,,,,GIA,Fine Jewelry
6629,"Experience the pristine brilliance of this 0.41ct Radiant cut natural diamond. Boasting an exceptional F color and flawless IF clarity, this GIA-certified masterpiece offers unmatched fire and symmetry. Enjoy peace of mind with your purchase, including a GIA certificate and complimentary worldwide shipping.",0.41ct Radiant Cut F-IF GIA Certified Natural Diamond,in stock,new,18610.01 THB,https://colourdiam.com/diamonddetails/Menu/6629,https://www.colourdiam.com/Product/Diamond/6629/still.jpg,ColourDiam,Apparel & Accessories > Jewelry,,1,,,,unisex,,,adult,,,,,,,,,GIA,Fine Jewelry
1896,"Experience the radiant glow of this 0.41ct cushion-cut Fancy Intense Yellow diamond. Certified by GIA, this exceptional natural stone offers unparalleled brilliance and color saturation. Enjoy the peace of mind of a certified gem with complimentary worldwide shipping included with your purchase.",0.41ct Cushion Fancy Intense Yellow GIA Diamond,in stock,new,20936.43 THB,https://colourdiam.com/diamonddetails/Menu/1896,https://www.colourdiam.com/Product/Diamond/1896/still.jpg,ColourDiam,Apparel & Accessories > Jewelry,,1,,,,unisex,,,adult,,,,,,,,,GIA,Fine Jewelry
7235,"Experience the rare allure of this 0.41 carat cushion-cut Fancy Pinkish Purple diamond. Graded VVS2 for exceptional clarity and certified by GIA, this masterpiece offers unparalleled brilliance. Enjoy the prestige of a GIA-certified gemstone with complimentary worldwide shipping included.",0.41ct Fancy Blue Gray Radiant Diamond,in stock,new,387708.56 THB,https://colourdiam.com/diamonddetails/Menu/7235,https://www.colourdiam.com/Product/Diamond/7235/still.jpg,ColourDiam,Apparel & Accessories > Jewelry,,1,,,,unisex,,,adult,,,,,,,,,GIA,Fine Jewelry
2340,"Experience the ethereal allure of this 0.41 carat Fancy Light Bluish Green round diamond. Boasting VVS2 clarity and GIA certification, this rare gem captures the essence of oceanic serenity. Enjoy peace of mind with our secure, free worldwide shipping.",0.41ct Light Pink Pear GIA Diamond,in stock,new,255887.65 THB,https://colourdiam.com/diamonddetails/Menu/2340,https://www.colourdiam.com/Product/Diamond/2340/still.jpg,ColourDiam,Apparel & Accessories > Jewelry,,1,,,,unisex,,,adult,,,,,,,,,GIA,Fine Jewelry
4139,"Experience the rare allure of this 0.41 carat cushion-cut light pink natural diamond. Certified by GIA, this exquisite stone offers a delicate blush hue and exceptional brilliance, perfect for a bespoke heirloom piece. Enjoy peace of mind with our GIA certification and complimentary worldwide shipping.",0.41ct Light Pink Pear VS2 GIA Natural Diamond,in stock,new,69787.54 THB,https://colourdiam.com/diamonddetails/Menu/4139,https://www.colourdiam.com/Product/Diamond/4139/still.jpg,ColourDiam,Apparel & Accessories > Jewelry,,1,,,,unisex,,,adult,,,,,,,,,GIA,Fine Jewelry
7679,"Discover the ethereal elegance of this 0.41 carat Faint Pink pear-cut diamond. Graded VS2 for exceptional clarity and certified by GIA, this rare treasure captures the softest blush of light. Enjoy complimentary worldwide shipping on this exquisite, one-of-a-kind natural gemstone.",0.41ct Light Pink Cushion GIA Natural Diamond,in stock,new,60482.53 THB,https://colourdiam.com/diamonddetails/Menu/7679,https://www.colourdiam.com/Product/Diamond/7679/still.jpg,ColourDiam,Apparel & Accessories > Jewelry,,1,,,,unisex,,,adult,,,,,,,,,GIA,Fine Jewelry
80,"Experience the allure of this exquisite 0.41 carat Radiant-cut Fancy Blue Gray diamond. Certified by GIA, this rare gemstone offers a sophisticated, cool-toned elegance perfect for a bespoke jewelry masterpiece. Enjoy complimentary worldwide shipping on this unique investment-grade stone.",0.41ct Fancy Light Pinkish Purple Pear Diamond GIA,in stock,new,310166.85 THB,https://colourdiam.com/diamonddetails/Menu/80,https://www.colourdiam.com/Product/Diamond/80/still.jpg,ColourDiam,Apparel & Accessories > Jewelry,,1,,,,unisex,,,adult,,,,,,,,,GIA,Fine Jewelry
7130,"Discover the ethereal allure of this 0.41 carat pear-shaped Light Pink natural diamond. Certified by GIA, this rare gem captures light with sophisticated grace and arrives with complimentary worldwide shipping.",0.41ct Fancy Yellow Radiant GIA Diamond,in stock,new,46618.11 THB,https://colourdiam.com/diamonddetails/Menu/7130,https://www.colourdiam.com/Product/Diamond/7130/still.jpg,ColourDiam,Apparel & Accessories > Jewelry,,1,,,,unisex,,,adult,,,,,,,,,GIA,Fine Jewelry
6387,"Experience the ethereal allure of this 0.41 carat pear-shaped Light Pink natural diamond. Graded VS2 by GIA, this exquisite stone offers a delicate hue and masterful cut. Your purchase includes GIA certification and complimentary worldwide shipping.",0.41ct Fancy Vivid Yellow Orange Cushion Diamond,in stock,new,62033.37 THB,https://colourdiam.com/diamonddetails/Menu/6387,https://www.colourdiam.com/Product/Diamond/6387/still.jpg,ColourDiam,Apparel & Accessories > Jewelry,,1,,,,unisex,,,adult,,,,,,,,,GIA,Fine Jewelry
6315,"Discover the ethereal allure of this 0.41 carat cushion-cut light pink natural diamond. Graded by GIA, this rare gemstone showcases exceptional polish and symmetry, making it the perfect centerpiece for a bespoke engagement ring. Enjoy peace of mind with our GIA certification and complimentary worldwide shipping.",0.40ct Fancy Light Purplish Pink Cushion Diamond GIA,in stock,new,93050.05 THB,https://colourdiam.com/diamonddetails/Menu/6315,https://www.colourdiam.com/Product/Diamond/6315/still.jpg,ColourDiam,Apparel & Accessories > Jewelry,,1,,,,unisex,,,adult,,,,,,,,,GIA,Fine Jewelry
5408,"Experience the ethereal allure of this 0.41 carat Fancy Light Pinkish Purple pear-cut diamond. Certified by GIA, this VS2 clarity masterpiece offers a unique, romantic hue and comes with complimentary worldwide shipping.",0.40ct Fancy Brownish Greenish Yellow Oval Diamond GIA,in stock,new,209362.62 THB,https://colourdiam.com/diamonddetails/Menu/5408,https://www.colourdiam.com/Product/Diamond/5408/still.jpg,ColourDiam,Apparel & Accessories > Jewelry,,1,,,,unisex,,,adult,,,,,,,,,GIA,Fine Jewelry
5733,"Illuminate your collection with this exquisite 0.41 carat Radiant-cut Fancy Yellow natural diamond. Certified by GIA, this vibrant stone offers a bold, sun-kissed glow and exceptional polish. Enjoy peace of mind with our secure, free worldwide shipping.",0.40ct Fancy Pink Purple Radiant VS1 GIA Diamond,in stock,new,13957.51 THB,https://colourdiam.com/diamonddetails/Menu/5733,https://www.colourdiam.com/Product/Diamond/5733/still.jpg,ColourDiam,Apparel & Accessories > Jewelry,,1,,,,unisex,,,adult,,,,,,,,,GIA,Fine Jewelry
7110,"Experience the radiant warmth of this exquisite 0.41 carat Fancy Vivid Yellow Orange cushion-cut diamond. Certified by GIA, this rare treasure captures the sunset's glow with exceptional saturation. Enjoy complimentary worldwide shipping on this unique investment piece.",0.40ct Light Pink Cushion GIA Natural Diamond,in stock,new,137838.08 THB,https://colourdiam.com/diamonddetails/Menu/7110,https://www.colourdiam.com/Product/Diamond/7110/still.jpg,ColourDiam,Apparel & Accessories > Jewelry,,1,,,,unisex,,,adult,,,,,,,,,GIA,Fine Jewelry
7116,"Discover the enchanting allure of this 0.4 carat Fancy Light Purplish Pink cushion-cut diamond. Certified by GIA, this rare treasure showcases a delicate floral hue and unique character. Enjoy the peace of mind of a certified stone with complimentary worldwide shipping included.",0.40ct F VS2 Pear GIA Natural Diamond,in stock,new,134476.24 THB,https://colourdiam.com/diamonddetails/Menu/7116,https://www.colourdiam.com/Product/Diamond/7116/still.jpg,ColourDiam,Apparel & Accessories > Jewelry,,1,,,,unisex,,,adult,,,,,,,,,GIA,Fine Jewelry
6075,"Discover the rare allure of this 0.4 carat Fancy Brownish Greenish Yellow oval diamond. Certified by GIA, this unique SI2 gem offers a sophisticated, earthy palette perfect for a bespoke setting. Enjoy peace of mind with our GIA certification and complimentary worldwide shipping.",0.40ct F VVS2 Pear GIA Natural Diamond,in stock,new,15130.09 THB,https://colourdiam.com/diamonddetails/Menu/6075,https://www.colourdiam.com/Product/Diamond/6075/still.jpg,ColourDiam,Apparel & Accessories > Jewelry,,1,,,,unisex,,,adult,,,,,,,,,GIA,Fine Jewelry
6401,"Discover the enchanting allure of this 0.4 carat cushion-cut light pink natural diamond. Certified by GIA, this rare gem features very good polish and symmetry, promising a brilliant display of soft, romantic hues. Enjoy peace of mind with your purchase, which includes GIA certification and complimentary worldwide shipping.",0.40ct O-P SI2 Round GIA Natural Diamond,in stock,new,90780.54 THB,https://colourdiam.com/diamonddetails/Menu/6401,https://www.colourdiam.com/Product/Diamond/6401/still.jpg,ColourDiam,Apparel & Accessories > Jewelry,,1,,,,unisex,,,adult,,,,,,,,,GIA,Fine Jewelry
7722,"Experience the rare allure of this 0.4 carat Radiant cut Fancy Pink Purple diamond. Graded VS1 by GIA, this exceptional stone captures a breathtaking blend of violet and rose hues. Includes free worldwide shipping and certified authenticity.",0.40ct Fancy Light Pink Cushion GIA Diamond,in stock,new,279906.67 THB,https://colourdiam.com/diamonddetails/Menu/7722,https://www.colourdiam.com/Product/Diamond/7722/still.jpg,ColourDiam,Apparel & Accessories > Jewelry,,1,,,,unisex,,,adult,,,,,,,,,GIA,Fine Jewelry
8923,"Experience the sophisticated allure of this 0.4 carat pear-cut natural diamond. Graded F-colour and VS2-clarity, this GIA-certified gem offers exceptional brilliance and fire. Enjoy peace of mind with our secure, free worldwide shipping.",0.40ct Fancy Light Pink Cushion Diamond GIA SI2,in stock,new,14373.59 THB,https://colourdiam.com/diamonddetails/Menu/8923,https://www.colourdiam.com/Product/Diamond/8923/still.jpg,ColourDiam,Apparel & Accessories > Jewelry,,1,,,,unisex,,,adult,,,,,,,,,GIA,Fine Jewelry
9368,"Experience the ethereal grace of this 0.40 carat pear-cut natural diamond. Boasting an exceptional F color and VVS2 clarity, this GIA-certified treasure offers unmatched brilliance and fire. Every purchase includes free worldwide shipping, ensuring your exquisite investment arrives securely at your doorstep.",0.40ct E VVS1 Emerald GIA Natural Diamond,in stock,new,16643.1 THB,https://colourdiam.com/diamonddetails/Menu/9368,https://www.colourdiam.com/Product/Diamond/9368/still.jpg,ColourDiam,Apparel & Accessories > Jewelry,,1,,,,unisex,,,adult,,,,,,,,,GIA,Fine Jewelry
3771,"Discover the understated elegance of this 0.4-carat round brilliant-cut natural diamond. Graded O-P color with SI2 clarity, this GIA-certified gem offers a unique, warm vintage aesthetic. Enjoy peace of mind with your purchase and complimentary worldwide shipping.",0.40ct Fancy Light Bluish Green Cushion VVS1 GIA Diamond,in stock,new,12860.58 THB,https://colourdiam.com/diamonddetails/Menu/3771,https://www.colourdiam.com/Product/Diamond/3771/still.jpg,ColourDiam,Apparel & Accessories > Jewelry,,1,,,,unisex,,,adult,,,,,,,,,GIA,Fine Jewelry
6272,"Experience the rare allure of this 0.4 carat Fancy Light Pink cushion-cut diamond. Certified by GIA, this SI2 natural treasure captures light with unparalleled grace. Enjoy peace of mind with our secure, free worldwide shipping.",0.40ct Fancy Pink VVS1 Pear GIA Natural Diamond,in stock,new,134476.24 THB,https://colourdiam.com/diamonddetails/Menu/6272,https://www.colourdiam.com/Product/Diamond/6272/still.jpg,ColourDiam,Apparel & Accessories > Jewelry,,1,,,,unisex,,,adult,,,,,,,,,GIA,Fine Jewelry
6175,"Discover the architectural elegance of this 0.4-carat E-color, VVS1-clarity Emerald-cut diamond. Certified by GIA for unparalleled precision, this rare stone showcases flawless symmetry and exceptional brilliance. Enjoy free worldwide shipping on this exquisite, investment-grade natural diamond.",0.40ct Faint Pink VS2 Round GIA Diamond,in stock,new,17323.95 THB,https://colourdiam.com/diamonddetails/Menu/6175,https://www.colourdiam.com/Product/Diamond/6175/still.jpg,ColourDiam,Apparel & Accessories > Jewelry,,1,,,,unisex,,,adult,,,,,,,,,GIA,Fine Jewelry
6058,"Discover the ethereal allure of this 0.4 carat Fancy Light Pink cushion-cut diamond. Certified by GIA, this rare treasure features exceptional Very Good polish and symmetry. Enjoy peace of mind with our GIA certification and complimentary worldwide shipping.",0.39ct Fancy Intense Orange Yellow Cushion Diamond,in stock,new,149787.89 THB,https://colourdiam.com/diamonddetails/Menu/6058,https://www.colourdiam.com/Product/Diamond/6058/still.jpg,ColourDiam,Apparel & Accessories > Jewelry,,1,,,,unisex,,,adult,,,,,,,,,GIA,Fine Jewelry
5415,"Discover the ethereal allure of this 0.40 carat cushion-cut diamond, boasting a rare Fancy Light Bluish Green hue. Graded VVS1 for exceptional clarity and accompanied by GIA certification, this masterpiece is a collector’s dream. Enjoy the confidence of a certified natural gem with complimentary worldwide shipping.",0.39ct Fancy Intense Yellow SI1 Cushion Diamond GIA,in stock,new,71111.42 THB,https://colourdiam.com/diamonddetails/Menu/5415,https://www.colourdiam.com/Product/Diamond/5415/still.jpg,ColourDiam,Apparel & Accessories > Jewelry,,1,,,,unisex,,,adult,,,,,,,,,GIA,Fine Jewelry
9374,"Experience unparalleled elegance with this exquisite 0.4 carat Fancy Pink pear-cut diamond. Boasting VVS1 clarity and exceptional polish, this GIA-certified treasure radiates soft, romantic brilliance. Enjoy peace of mind with our secure, free worldwide shipping.",0.38ct Fancy Light Purplish Pink SI2 Diamond,in stock,new,272341.62 THB,https://colourdiam.com/diamonddetails/Menu/9374,https://www.colourdiam.com/Product/Diamond/9374/still.jpg,ColourDiam,Apparel & Accessories > Jewelry,,1,,,,unisex,,,adult,,,,,,,,,GIA,Fine Jewelry
9216,"Experience the ethereal allure of this 0.4 carat round natural diamond, boasting a delicate Faint Pink hue. Certified by GIA (7361000000), this VS2 clarity gem offers exceptional brilliance and is backed by our signature free worldwide shipping.",0.37ct Fancy Purplish Pink Round Diamond GIA,in stock,new,30260.18 THB,https://colourdiam.com/diamonddetails/Menu/9216,https://www.colourdiam.com/Product/Diamond/9216/still.jpg,ColourDiam,Apparel & Accessories > Jewelry,,1,,,,unisex,,,adult,,,,,,,,,GIA,Fine Jewelry
258,"Experience the radiant warmth of this 0.39 carat Cushion-cut Fancy Intense Orange Yellow diamond. Certified by GIA, this rare treasure captures the golden glow of a sunset in a sophisticated silhouette. Enjoy peace of mind with our GIA certification and complimentary worldwide shipping.",0.37ct Fancy Light Purplish Pink Oval Diamond GIA,in stock,new,51631.43 THB,https://colourdiam.com/diamonddetails/Menu/258,https://www.colourdiam.com/Product/Diamond/258/still.jpg,ColourDiam,Apparel & Accessories > Jewelry,,1,,,,unisex,,,adult,,,,,,,,,GIA,Fine Jewelry
6182,"Experience the radiant warmth of this 0.39 carat Fancy Intense Yellow cushion-cut diamond. Certified by GIA for its exceptional color grade, this SI1 clarity gem offers a brilliant, sun-drenched glow. Enjoy peace of mind with your purchase, which includes GIA certification and complimentary worldwide shipping.",0.37ct Fancy Deep Pink Pear Diamond CGL,in stock,new,26553.31 THB,https://colourdiam.com/diamonddetails/Menu/6182,https://www.colourdiam.com/Product/Diamond/6182/still.jpg,ColourDiam,Apparel & Accessories > Jewelry,,1,,,,unisex,,,adult,,,,,,,,,GIA,Fine Jewelry
213,"Discover the rare allure of this 0.38 carat Fancy Light Purplish Pink diamond. Certified by CGL, this unique SI2 clarity gem displays a mesmerizing hue, perfect for an exquisite custom-designed engagement ring. Enjoy free worldwide shipping on this investment-grade natural treasure.",0.37ct Fancy Light Orangy Pink VS2 Marquise Diamond GIA,in stock,new,359339.64 THB,https://colourdiam.com/diamonddetails/Menu/213,https://www.colourdiam.com/Product/Diamond/213/still.jpg,ColourDiam,Apparel & Accessories > Jewelry,,1,,,,unisex,,,adult,,,,,,,,,CGL,Fine Jewelry
1398,"Experience the rare allure of this 0.37 carat Fancy Purplish Pink round diamond. Graded by GIA (Cert #2257000000), this natural gemstone captures a sophisticated, romantic hue. Enjoy the prestige of a certified investment piece with complimentary worldwide shipping included.",0.37ct Fancy Light Pink Brown Pear SI2 GIA Diamond,in stock,new,216927.67 THB,https://colourdiam.com/diamonddetails/Menu/1398,https://www.colourdiam.com/Product/Diamond/1398/still.jpg,ColourDiam,Apparel & Accessories > Jewelry,,1,,,,unisex,,,adult,,,,,,,,,GIA,Fine Jewelry
149,"Discover the enchanting allure of this 0.37 carat oval-cut Fancy Light Purplish Pink diamond. Certified by GIA, this rare treasure showcases a delicate blush hue, perfect for an exquisite custom engagement ring. Enjoy the prestige of natural luxury with complimentary worldwide shipping included.",0.36ct Fancy Intense Orange Yellow Marquise Diamond,in stock,new,104965 THB,https://colourdiam.com/diamonddetails/Menu/149,https://www.colourdiam.com/Product/Diamond/149/still.jpg,ColourDiam,Apparel & Accessories > Jewelry,,1,,,,unisex,,,adult,,,,,,,,,GIA,Fine Jewelry
1325,"Experience the rare allure of this 0.37 carat Fancy Deep Pink pear-cut diamond. Certified by CGL, this exceptional stone captures an intense, romantic hue that commands attention. Enjoy the peace of mind of our free worldwide shipping on this exquisite natural treasure.",0.35ct Faint Pinkish Brown Heart VS2 GIA Diamond,in stock,new,349883.33 THB,https://colourdiam.com/diamonddetails/Menu/1325,https://www.colourdiam.com/Product/Diamond/1325/still.jpg,ColourDiam,Apparel & Accessories > Jewelry,,1,,,,unisex,,,adult,,,,,,,,,CGL,Fine Jewelry
5756,"Discover the rare allure of this 0.37 carat Fancy Light Orangy Pink Marquise diamond. Graded VS2 by GIA, this exquisite stone features an elegant elongated silhouette and exceptional polish. Enjoy peace of mind with GIA certification and complimentary worldwide shipping on this unique investment piece.",0.35ct Light Purplish Pink Diamond,in stock,new,83972 THB,https://colourdiam.com/diamonddetails/Menu/5756,https://www.colourdiam.com/Product/Diamond/5756/still.jpg,ColourDiam,Apparel & Accessories > Jewelry,,1,,,,unisex,,,adult,,,,,,,,,GIA,Fine Jewelry
5737,"Discover the enchanting allure of this 0.37 carat pear-shaped Fancy Light Pink Brown diamond. Certified by GIA, this rare gemstone exhibits a unique blush hue that captures the light with elegance. Enjoy peace of mind with your purchase, which includes secure, free worldwide shipping.",0.35ct Fancy Vivid Purplish Pink Pear GIA Diamond,in stock,new,43385.53 THB,https://colourdiam.com/diamonddetails/Menu/5737,https://www.colourdiam.com/Product/Diamond/5737/still.jpg,ColourDiam,Apparel & Accessories > Jewelry,,1,,,,unisex,,,adult,,,,,,,,,GIA,Fine Jewelry
7686,"Experience the radiant warmth of this 0.36 carat Fancy Intense Orange Yellow diamond. Expertly cut into a sophisticated marquise shape, this GIA-certified treasure features VS2 clarity and a vibrant hue. Enjoy peace of mind with your purchase, which includes GIA certification and complimentary worldwide shipping.",0.35ct Faint Pinkish Brown SI1 Round GIA Diamond,in stock,new,40851.24 THB,https://colourdiam.com/diamonddetails/Menu/7686,https://www.colourdiam.com/Product/Diamond/7686/still.jpg,ColourDiam,Apparel & Accessories > Jewelry,,1,,,,unisex,,,adult,,,,,,,,,GIA,Fine Jewelry
9590,"Experience the pinnacle of brilliance with this exquisite 0.36-carat round brilliant diamond. Graded E-colour with VVS1 clarity, this GIA-certified masterpiece offers exceptional fire and scintillation. Includes free worldwide shipping and secure delivery.",0.35ct Fancy Purple Pink Cushion VS2 GIA Diamond,in stock,new,0 THB,https://colourdiam.com/diamonddetails/Menu/9590,https://www.colourdiam.com/Product/Diamond/9590/still.jpg,ColourDiam,Apparel & Accessories > Jewelry,,1,,,,unisex,,,adult,,,,,,,,,GIA,Fine Jewelry
2308,"Experience the subtle elegance of this 0.35 carat round brilliant diamond. Featuring a sophisticated U-V colour grade and exceptional VS1 clarity, this GIA-certified gem captures light with refined grace. Enjoy complimentary worldwide shipping on this exquisite natural treasure.",0.35ct U-V VS1 Round GIA Natural Diamond,in stock,new,19858.24 THB,https://colourdiam.com/diamonddetails/Menu/2308,https://www.colourdiam.com/Product/Diamond/2308/still.jpg,ColourDiam,Apparel & Accessories > Jewelry,,1,,,,unisex,,,adult,,,,,,,,,GIA,Fine Jewelry
5608,"Experience the rare allure of this 0.35 carat Fancy Purple Pink cushion-cut diamond. Certified by GIA for its exceptional VS2 clarity, this natural masterpiece promises unmatched brilliance. Enjoy free worldwide shipping on this exquisite investment piece.",0.34ct H VS1 GIA Oval Natural Diamond,in stock,new,185343.6 THB,https://colourdiam.com/diamonddetails/Menu/5608,https://www.colourdiam.com/Product/Diamond/5608/still.jpg,ColourDiam,Apparel & Accessories > Jewelry,,1,,,,unisex,,,adult,,,,,,,,,GIA,Fine Jewelry
7799,"Celebrate romance with this exquisite 0.35 carat heart-shaped natural diamond, showcasing a unique Faint Pinkish Brown hue. Graded VS2 for exceptional clarity and certified by GIA, this rare gem captures light with an excellent polish. Enjoy the prestige of a GIA-certified diamond with the convenience of free worldwide shipping.",0.34ct Fancy Light Pinkish Brown Pear Diamond,in stock,new,26477.66 THB,https://colourdiam.com/diamonddetails/Menu/7799,https://www.colourdiam.com/Product/Diamond/7799/still.jpg,ColourDiam,Apparel & Accessories > Jewelry,,1,,,,unisex,,,adult,,,,,,,,,GIA,Fine Jewelry
7132,"Discover the ethereal beauty of this 0.35 carat Faint Pink round diamond. Graded VVS2 for exceptional clarity and featuring Excellent polish and symmetry, this GIA-certified treasure is a rare find for the discerning collector. Enjoy complimentary worldwide shipping on this exquisite natural gemstone.",0.34ct Faint Pink VVS2 Heart GIA Diamond,in stock,new,23829.89 THB,https://colourdiam.com/diamonddetails/Menu/7132,https://www.colourdiam.com/Product/Diamond/7132/still.jpg,ColourDiam,Apparel & Accessories > Jewelry,,1,,,,unisex,,,adult,,,,,,,,,GIA,Fine Jewelry
2052,"Discover the ethereal allure of this 0.35 carat Light Purplish Pink natural diamond. Boasting a unique shape and certified by CGL, this rare gem offers a sophisticated blush hue perfect for bespoke fine jewelry. Enjoy complimentary worldwide shipping on this exquisite selection.",0.34ct Very Light Gray VVS2 Round GIA Diamond,in stock,new,33097.07 THB,https://colourdiam.com/diamonddetails/Menu/2052,https://www.colourdiam.com/Product/Diamond/2052/still.jpg,ColourDiam,Apparel & Accessories > Jewelry,,1,,,,unisex,,,adult,,,,,,,,,CGL,Fine Jewelry
8832,"Experience the subtle allure of this 0.35 carat round natural diamond, featuring a unique faint pinkish-brown hue. Certified by GIA for your peace of mind, this SI1 clarity stone offers exceptional symmetry and comes with complimentary worldwide shipping.",0.34ct Fancy Purplish Pink Pear Diamond GIA,in stock,new,10591.06 THB,https://colourdiam.com/diamonddetails/Menu/8832,https://www.colourdiam.com/Product/Diamond/8832/still.jpg,ColourDiam,Apparel & Accessories > Jewelry,,1,,,,unisex,,,adult,,,,,,,,,GIA,Fine Jewelry
3442,"This exquisite 0.35-carat pear-shaped Fancy Vivid Purplish Pink diamond captures the essence of rare beauty. Certified by GIA (6165000000), this natural masterpiece radiates unmatched saturation and elegance. Enjoy the peace of mind that comes with our guaranteed GIA certification and complimentary worldwide shipping.",0.34ct Fancy Light Pink Oval SI1 GIA Natural Diamond,in stock,new,1323882.88 THB,https://colourdiam.com/diamonddetails/Menu/3442,https://www.colourdiam.com/Product/Diamond/3442/still.jpg,ColourDiam,Apparel & Accessories > Jewelry,,1,,,,unisex,,,adult,,,,,,,,,GIA,Fine Jewelry
2545,"Experience the understated elegance of this 0.34ct Very Light Gray round natural diamond. Featuring VVS2 clarity and an Excellent symmetry grade, this GIA-certified masterpiece is the pinnacle of sophistication. Includes free worldwide shipping.",0.34ct Very Light Pink Pear VS1 GIA Diamond,in stock,new,16718.75 THB,https://colourdiam.com/diamonddetails/Menu/2545,https://www.colourdiam.com/Product/Diamond/2545/still.jpg,ColourDiam,Apparel & Accessories > Jewelry,,1,,,,unisex,,,adult,,,,,,,,,GIA,Fine Jewelry
6073,"Discover the rare elegance of this 0.34-carat pear-shaped Fancy Light Pinkish Brown diamond. Certified by GIA, this unique SI2 stone offers a sophisticated warmth and exceptional polish. Enjoy secure, free worldwide shipping with your purchase.",0.33ct Light Pink Round GIA Natural Diamond,in stock,new,32151.44 THB,https://colourdiam.com/diamonddetails/Menu/6073,https://www.colourdiam.com/Product/Diamond/6073/still.jpg,ColourDiam,Apparel & Accessories > Jewelry,,1,,,,unisex,,,adult,,,,,,,,,GIA,Fine Jewelry
2236,"Discover the enchanting allure of this 0.34ct pear-cut Fancy Purplish Pink diamond. Certified by GIA, this rare gem showcases a romantic hue and exquisite polish. Enjoy peace of mind with your purchase, including free worldwide shipping.",0.33ct Fancy Brownish Orangy Pink Pear Diamond GIA,in stock,new,102884.61 THB,https://colourdiam.com/diamonddetails/Menu/2236,https://www.colourdiam.com/Product/Diamond/2236/still.jpg,ColourDiam,Apparel & Accessories > Jewelry,,1,,,,unisex,,,adult,,,,,,,,,GIA,Fine Jewelry
6335,"Discover the ethereal allure of this 0.34 carat Fancy Light Pink oval diamond. Certified by GIA, this rare SI1 clarity gem radiates a delicate, romantic glow. Each purchase includes free worldwide shipping and secure delivery.",0.33ct Fancy Intense Blue Pear Diamond GIA,in stock,new,87451.92 THB,https://colourdiam.com/diamonddetails/Menu/6335,https://www.colourdiam.com/Product/Diamond/6335/still.jpg,ColourDiam,Apparel & Accessories > Jewelry,,1,,,,unisex,,,adult,,,,,,,,,GIA,Fine Jewelry
7133,"Exude ethereal elegance with this exquisite 0.34-carat pear-shaped natural diamond, boasting a delicate Very Light Pink hue. Graded VS1 for exceptional clarity and certified by GIA, this rare gemstone is a masterpiece of light and form. Enjoy the luxury of free worldwide shipping with every purchase.",0.33ct Fancy Intense Yellow Orange Cushion Diamond GIA,in stock,new,51442.31 THB,https://colourdiam.com/diamonddetails/Menu/7133,https://www.colourdiam.com/Product/Diamond/7133/still.jpg,ColourDiam,Apparel & Accessories > Jewelry,,1,,,,unisex,,,adult,,,,,,,,,GIA,Fine Jewelry
6012,"Discover the timeless elegance of this 0.34ct oval-cut natural diamond. Boasting VS1 clarity and H color, this GIA-certified gem offers exceptional brilliance and sophistication. Enjoy free worldwide shipping on this exquisite piece.",0.33ct Cushion Fancy Dark Gray Yellowish Green Diamond,in stock,new,12731.97 THB,https://colourdiam.com/diamonddetails/Menu/6012,https://www.colourdiam.com/Product/Diamond/6012/still.jpg,ColourDiam,Apparel & Accessories > Jewelry,,1,,,,unisex,,,adult,,,,,,,,,GIA,Fine Jewelry
7797,"Celebrate romance with this exquisite 0.34 carat heart-shaped natural diamond, showcasing a delicate Faint Pink hue and exceptional VVS2 clarity. Expertly graded by GIA, this rare gemstone promises unmatched brilliance and romantic allure. Enjoy peace of mind with your purchase, including GIA certification and complimentary worldwide shipping.",0.33ct L VS1 Marquise IGI Natural Diamond,in stock,new,38581.73 THB,https://colourdiam.com/diamonddetails/Menu/7797,https://www.colourdiam.com/Product/Diamond/7797/still.jpg,ColourDiam,Apparel & Accessories > Jewelry,,1,,,,unisex,,,adult,,,,,,,,,GIA,Fine Jewelry
9500,"Celebrate eternal romance with this exquisite 0.34-carat heart-shaped natural diamond. Boasting an F color grade and VS2 clarity, this IGI-certified masterpiece offers brilliant symmetry and fire. Enjoy peace of mind with your purchase, including free worldwide shipping.",0.33ct M I1 Radiant GIA Natural Diamond,in stock,new,0 THB,https://colourdiam.com/diamonddetails/Menu/9500,https://www.colourdiam.com/Product/Diamond/9500/still.jpg,ColourDiam,Apparel & Accessories > Jewelry,,1,,,,unisex,,,adult,,,,,,,,,IGI,Fine Jewelry
3166,"Discover the sophisticated allure of this 0.33ct Marquise-cut natural diamond. Featuring a distinct L color and VS1 clarity, this IGI-certified gem offers a unique elongated silhouette. Enjoy complimentary worldwide shipping on this exquisite piece.",0.32ct M VS2 GIA Pear Natural Diamond,in stock,new,7489.39 THB,https://colourdiam.com/diamonddetails/Menu/3166,https://www.colourdiam.com/Product/Diamond/3166/still.jpg,ColourDiam,Apparel & Accessories > Jewelry,,1,,,,unisex,,,adult,,,,,,,,,IGI,Fine Jewelry
4966,"Discover the captivating allure of this 0.33 carat Radiant cut natural diamond. Certified by GIA (6412000000), this M-colour gem offers a unique warmth and brilliance. Enjoy free worldwide shipping on this exquisite piece.",0.32ct Fancy Brownish Pink Oval SI1 GIA Diamond,in stock,new,6241.16 THB,https://colourdiam.com/diamonddetails/Menu/4966,https://www.colourdiam.com/Product/Diamond/4966/still.jpg,ColourDiam,Apparel & Accessories > Jewelry,,1,,,,unisex,,,adult,,,,,,,,,GIA,Fine Jewelry
7338,"Discover the ethereal beauty of this 0.33 carat round light pink natural diamond. Graded by the GIA (Cert #6482000000), this rare gem features excellent polish and symmetry for unmatched brilliance. Enjoy the confidence of a certified investment piece with complimentary worldwide shipping included.",0.32ct Fancy Vivid Yellow Orange Cushion SI2 GIA Diamond,in stock,new,43688.13 THB,https://colourdiam.com/diamonddetails/Menu/7338,https://www.colourdiam.com/Product/Diamond/7338/still.jpg,ColourDiam,Apparel & Accessories > Jewelry,,1,,,,unisex,,,adult,,,,,,,,,GIA,Fine Jewelry
257,"Experience the rare allure of this 0.33 carat pear-shaped Fancy Brownish Orangy Pink diamond. Certified by GIA, this exquisite natural stone captures a sunset-inspired hue, perfect for an heirloom-quality bespoke setting. Enjoy free worldwide shipping with your purchase.",0.32ct Fancy Vivid Yellow Radiant GIA Natural Diamond,in stock,new,87376.27 THB,https://colourdiam.com/diamonddetails/Menu/257,https://www.colourdiam.com/Product/Diamond/257/still.jpg,ColourDiam,Apparel & Accessories > Jewelry,,1,,,,unisex,,,adult,,,,,,,,,GIA,Fine Jewelry
4610,"Experience the rare allure of this 0.33 carat Fancy Intense Blue pear-cut diamond. Graded VS2 for exceptional clarity and accompanied by a GIA certificate, this masterpiece offers investment-grade beauty. Enjoy complimentary worldwide shipping with your purchase.",0.32ct Fancy Pink Oval Diamond GIA,in stock,new,2246818.37 THB,https://colourdiam.com/diamonddetails/Menu/4610,https://www.colourdiam.com/Product/Diamond/4610/still.jpg,ColourDiam,Apparel & Accessories > Jewelry,,1,,,,unisex,,,adult,,,,,,,,,GIA,Fine Jewelry
7106,"Experience the radiant warmth of this 0.33 carat cushion-cut Fancy Intense Yellow Orange diamond. Certified by GIA, this rare gem captures the golden glow of a sunset in its unique facets. Enjoy peace of mind with our secure, free worldwide shipping.",0.31ct Fancy Pink Heart SI2 CGL Diamond,in stock,new,44936.37 THB,https://colourdiam.com/diamonddetails/Menu/7106,https://www.colourdiam.com/Product/Diamond/7106/still.jpg,ColourDiam,Apparel & Accessories > Jewelry,,1,,,,unisex,,,adult,,,,,,,,,GIA,Fine Jewelry
7102,"Discover the allure of this 0.33 carat cushion-cut Fancy Dark Gray Yellowish Green diamond. Graded by GIA (Cert #1285000000), this rare SI2 specimen offers a sophisticated, moody aesthetic for a bespoke ring. Enjoy complimentary worldwide shipping with your purchase of this unique natural treasure.",0.31ct Light Pinkish Brown Pear Diamond GIA SI2,in stock,new,36198.74 THB,https://colourdiam.com/diamonddetails/Menu/7102,https://www.colourdiam.com/Product/Diamond/7102/still.jpg,ColourDiam,Apparel & Accessories > Jewelry,,1,,,,unisex,,,adult,,,,,,,,,GIA,Fine Jewelry
6273,"Discover the rare elegance of this 0.32 carat Fancy Brownish Pink oval diamond. Certified by GIA, this SI1 clarity gem offers a warm, sophisticated glow for your bespoke jewelry. Enjoy peace of mind with our GIA certification and complimentary worldwide shipping.",0.31ct Very Light Pink Pear GIA Diamond,in stock,new,48416.29 THB,https://colourdiam.com/diamonddetails/Menu/6273,https://www.colourdiam.com/Product/Diamond/6273/still.jpg,ColourDiam,Apparel & Accessories > Jewelry,,1,,,,unisex,,,adult,,,,,,,,,GIA,Fine Jewelry
6696,"Experience the radiant warmth of this 0.32 carat Fancy Vivid Yellow Orange cushion-cut diamond. Certified by GIA, this rare gem captures the sunset's brilliance with exceptional saturation. Enjoy complimentary worldwide shipping on this exquisite natural investment.",0.31ct Heart Faint Pinkish Brown VS1 GIA Diamond,in stock,new,67238.12 THB,https://colourdiam.com/diamonddetails/Menu/6696,https://www.colourdiam.com/Product/Diamond/6696/still.jpg,ColourDiam,Apparel & Accessories > Jewelry,,1,,,,unisex,,,adult,,,,,,,,,GIA,Fine Jewelry
2385,"Experience the radiant warmth of this 0.32 carat Fancy Vivid Yellow diamond. Expertly cut into a brilliant radiant shape, this GIA-certified gemstone offers unparalleled saturation and fire. Enjoy peace of mind with our secure, complimentary worldwide shipping on this natural masterpiece.",0.31ct Fancy Deep Yellow Orange Oval SI2 GIA Diamond,in stock,new,33891.4 THB,https://colourdiam.com/diamonddetails/Menu/2385,https://www.colourdiam.com/Product/Diamond/2385/still.jpg,ColourDiam,Apparel & Accessories > Jewelry,,1,,,,unisex,,,adult,,,,,,,,,GIA,Fine Jewelry
333,"Discover the enchanting allure of this 0.32ct Fancy Pink oval diamond. Certified by GIA, this rare treasure exudes romantic elegance and sophisticated brilliance. Enjoy peace of mind with our secure, complimentary worldwide shipping on this exquisite natural gemstone.",0.31ct Fancy Deep Orangy Pink Pear Diamond GIA,in stock,new,484162.88 THB,https://colourdiam.com/diamonddetails/Menu/333,https://www.colourdiam.com/Product/Diamond/333/still.jpg,ColourDiam,Apparel & Accessories > Jewelry,,1,,,,unisex,,,adult,,,,,,,,,GIA,Fine Jewelry
2992,"Experience the graceful silhouette of this 0.32 carat pear-shaped natural diamond. Featuring a sophisticated M color and VS2 clarity, this GIA-certified gem is a testament to timeless elegance. Enjoy the peace of mind that comes with a trusted certificate and complimentary worldwide shipping.",0.31ct Fancy Brownish Purplish Pink Radiant GIA Diamond,in stock,new,9683.26 THB,https://colourdiam.com/diamonddetails/Menu/2992,https://www.colourdiam.com/Product/Diamond/2992/still.jpg,ColourDiam,Apparel & Accessories > Jewelry,,1,,,,unisex,,,adult,,,,,,,,,GIA,Fine Jewelry
2056,"Experience the rare allure of this 0.31 carat Fancy Intense Purplish Pink round diamond. Accompanied by GIA certification, this exceptional natural gem captures light with unparalleled vibrance. Enjoy complimentary worldwide shipping on this exquisite investment piece.",0.31ct Fancy Intense Purplish Pink Diamond,in stock,new,386952.05 THB,https://colourdiam.com/diamonddetails/Menu/2056,https://www.colourdiam.com/Product/Diamond/2056/still.jpg,ColourDiam,Apparel & Accessories > Jewelry,,1,,,,unisex,,,adult,,,,,,,,,GIA,Fine Jewelry
1464,"Experience the rare allure of this 0.31 carat Fancy Brownish Purplish Pink radiant-cut diamond. Certified by GIA, this exceptional natural stone offers a unique color profile and includes free worldwide shipping for a truly seamless acquisition.",0.30ct Faint Yellow Green VS2 Round Diamond GIA,in stock,new,52766.19 THB,https://colourdiam.com/diamonddetails/Menu/1464,https://www.colourdiam.com/Product/Diamond/1464/still.jpg,ColourDiam,Apparel & Accessories > Jewelry,,1,,,,unisex,,,adult,,,,,,,,,GIA,Fine Jewelry
5787,"Celebrate eternal romance with this exquisite 0.31 carat Fancy Pink heart-shaped natural diamond. Certified by CGL, this rare treasure captures the essence of passion with its delicate hue and unique silhouette. Enjoy peace of mind with our secure, free worldwide shipping on this investment-grade masterpiece.",0.30ct Faint Pinkish Brown Marquise Diamond SI1 GIA,in stock,new,216927.67 THB,https://colourdiam.com/diamonddetails/Menu/5787,https://www.colourdiam.com/Product/Diamond/5787/still.jpg,ColourDiam,Apparel & Accessories > Jewelry,,1,,,,unisex,,,adult,,,,,,,,,CGL,Fine Jewelry
6072,"Discover the enchanting allure of this 0.31 carat pear-cut diamond, boasting a rare light pinkish-brown hue. Certified by GIA, this SI2 clarity gem offers a sophisticated teardrop silhouette, perfect for a bespoke heirloom piece. Enjoy peace of mind with our guaranteed natural provenance and complimentary worldwide shipping.",0.30ct Pear Very Light Green Yellow SI1 GIA Diamond,in stock,new,29314.55 THB,https://colourdiam.com/diamonddetails/Menu/6072,https://www.colourdiam.com/Product/Diamond/6072/still.jpg,ColourDiam,Apparel & Accessories > Jewelry,,1,,,,unisex,,,adult,,,,,,,,,GIA,Fine Jewelry
6404,"Discover the ethereal elegance of this 0.31 carat pear-shaped natural diamond, showcasing a delicate Very Light Pink hue. Certified by GIA, this exquisite stone offers a sophisticated silhouette and brilliant polish. Enjoy peace of mind with our GIA certification and complimentary worldwide shipping.",0.30ct Fancy Vivid Yellowish Orange Cushion Diamond GIA,in stock,new,29314.55 THB,https://colourdiam.com/diamonddetails/Menu/6404,https://www.colourdiam.com/Product/Diamond/6404/still.jpg,ColourDiam,Apparel & Accessories > Jewelry,,1,,,,unisex,,,adult,,,,,,,,,GIA,Fine Jewelry
5771,"Celebrate romance with this exquisite 0.31 carat heart-shaped natural diamond. Featuring a unique faint pinkish-brown hue and VS1 clarity, this GIA-certified gem is a masterpiece of precision. Enjoy peace of mind with your purchase, which includes global insurance and free worldwide shipping.",0.30ct L VS2 Pear GIA Natural Diamond,in stock,new,21106.48 THB,https://colourdiam.com/diamonddetails/Menu/5771,https://www.colourdiam.com/Product/Diamond/5771/still.jpg,ColourDiam,Apparel & Accessories > Jewelry,,1,,,,unisex,,,adult,,,,,,,,,GIA,Fine Jewelry
3746,"Experience the radiant warmth of this 0.31 carat Fancy Deep Yellow Orange oval diamond. Certified by GIA for absolute authenticity, this rare gem showcases a vibrant sunset hue and comes with the assurance of complimentary worldwide shipping.",0.30ct Q-R VS2 Round Natural Diamond,in stock,new,35177.46 THB,https://colourdiam.com/diamonddetails/Menu/3746,https://www.colourdiam.com/Product/Diamond/3746/still.jpg,ColourDiam,Apparel & Accessories > Jewelry,,1,,,,unisex,,,adult,,,,,,,,,GIA,Fine Jewelry
5522,"Experience the allure of this 0.31 carat Fancy Deep Orangy Pink pear-cut diamond. Certified by GIA, this rare gemstone captivates with its intense, sunset-hued brilliance. Enjoy peace of mind with our GIA certification and complimentary worldwide shipping.",0.30ct D IF Round GIA Natural Diamond,in stock,new,586290.99 THB,https://colourdiam.com/diamonddetails/Menu/5522,https://www.colourdiam.com/Product/Diamond/5522/still.jpg,ColourDiam,Apparel & Accessories > Jewelry,,1,,,,unisex,,,adult,,,,,,,,,GIA,Fine Jewelry
7153,"Experience the rare allure of this 0.3 carat Fancy Brownish Purple Pink heart-shaped diamond. Certified by GIA, this SI1 clarity treasure radiates unique romantic warmth. Enjoy free worldwide shipping with your purchase.",0.30ct Fancy Brownish Purple Pink SI1 Heart Diamond,in stock,new,90780.54 THB,https://colourdiam.com/diamonddetails/Menu/7153,https://www.colourdiam.com/Product/Diamond/7153/still.jpg,ColourDiam,Apparel & Accessories > Jewelry,,1,,,,unisex,,,adult,,,,,,,,,GIA,Fine Jewelry
2557,"Experience the rare allure of this 0.3-carat cushion-cut Fancy Brown Pink diamond. Certified by GIA, this exquisite natural stone captures a unique warm glow, making it a perfect centerpiece for bespoke fine jewelry. Enjoy peace of mind with our GIA certification and complimentary worldwide shipping.",0.30ct Fancy Brown Pink Cushion Diamond GIA,in stock,new,34042.7 THB,https://colourdiam.com/diamonddetails/Menu/2557,https://www.colourdiam.com/Product/Diamond/2557/still.jpg,ColourDiam,Apparel & Accessories > Jewelry,,1,,,,unisex,,,adult,,,,,,,,,GIA,Fine Jewelry
7135,"Experience the delicate allure of this 0.3 carat Radiant-cut natural diamond, featuring a rare Very Light Pink hue. Certified by GIA (6455000000), this SI1 clarity gemstone offers exceptional brilliance and symmetry. Enjoy peace of mind with our secure, free worldwide shipping on this exquisite piece.",0.30ct Very Light Pink Radiant SI1 GIA Natural Diamond,in stock,new,23829.89 THB,https://colourdiam.com/diamonddetails/Menu/7135,https://www.colourdiam.com/Product/Diamond/7135/still.jpg,ColourDiam,Apparel & Accessories > Jewelry,,1,,,,unisex,,,adult,,,,,,,,,GIA,Fine Jewelry
1483,"Experience the rare allure of this 0.3 carat cushion-cut Fancy Deep Orangy Pink diamond. Certified by GIA, this exceptional natural gemstone radiates warmth and sophistication. Enjoy complimentary worldwide shipping with your purchase.",0.30ct Fancy Deep Orangy Pink Cushion Diamond GIA,in stock,new,397164.86 THB,https://colourdiam.com/diamonddetails/Menu/1483,https://www.colourdiam.com/Product/Diamond/1483/still.jpg,ColourDiam,Apparel & Accessories > Jewelry,,1,,,,unisex,,,adult,,,,,,,,,GIA,Fine Jewelry
3380,"Experience the sophisticated allure of this 0.3-carat Emerald cut natural diamond. Boasting VS1 clarity and GIA certification, this exceptional stone offers timeless elegance. Enjoy complimentary worldwide shipping on this exquisite piece.",0.30ct N VS1 Emerald GIA Natural Diamond,in stock,new,9078.05 THB,https://colourdiam.com/diamonddetails/Menu/3380,https://www.colourdiam.com/Product/Diamond/3380/still.jpg,ColourDiam,Apparel & Accessories > Jewelry,,1,,,,unisex,,,adult,,,,,,,,,GIA,Fine Jewelry
2539,"Experience the delicate allure of this 0.3 carat cushion-cut natural diamond. Featuring a rare Faint Pink hue and VS2 clarity, this exquisite piece is certified by CGL and arrives with complimentary worldwide shipping.",0.30ct Faint Pink Cushion VS2 Diamond,in stock,new,15966.19 THB,https://colourdiam.com/diamonddetails/Menu/2539,https://www.colourdiam.com/Product/Diamond/2539/still.jpg,ColourDiam,Apparel & Accessories > Jewelry,,1,,,,unisex,,,adult,,,,,,,,,CGL,Fine Jewelry
2967,"Discover the rare elegance of this 0.3 carat Marquise-cut Light Yellowish Gray natural diamond. Certified by CGL, this unique stone showcases an ethereal, sophisticated hue perfect for a bespoke heirloom piece. Experience unparalleled luxury with our complimentary worldwide shipping.",0.30ct Light Yellowish Gray Marquise Natural Diamond,in stock,new,0 THB,https://colourdiam.com/diamonddetails/Menu/2967,https://www.colourdiam.com/Product/Diamond/2967/still.jpg,ColourDiam,Apparel & Accessories > Jewelry,,1,,,,unisex,,,adult,,,,,,,,,CGL,Fine Jewelry
1836,"Experience the warmth of this 0.3 carat pear-cut natural diamond, featuring a unique Fancy Light Brownish Yellow hue. Certified by GIA, this SI2 clarity gem offers a sophisticated silhouette for bespoke fine jewelry. Enjoy complimentary worldwide shipping with your purchase.",0.30ct Fancy Light Brownish Yellow Pear GIA Diamond,in stock,new,6241.16 THB,https://colourdiam.com/diamonddetails/Menu/1836,https://www.colourdiam.com/Product/Diamond/1836/still.jpg,ColourDiam,Apparel & Accessories > Jewelry,,1,,,,unisex,,,adult,,,,,,,,,GIA,Fine Jewelry
6395,"Discover the ethereal elegance of this 0.3 carat Marquise-cut Light Pink natural diamond. Graded SI1 for clarity and accompanied by a GIA certificate, this rare gemstone offers timeless sophistication. Enjoy complimentary worldwide shipping on this exquisite investment piece.",0.30ct Light Pink Marquise SI1 GIA Diamond,in stock,new,43120.76 THB,https://colourdiam.com/diamonddetails/Menu/6395,https://www.colourdiam.com/Product/Diamond/6395/still.jpg,ColourDiam,Apparel & Accessories > Jewelry,,1,,,,unisex,,,adult,,,,,,,,,GIA,Fine Jewelry
7109,"Experience the radiant warmth of this rare 0.3 carat cushion-cut Fancy Vivid Orange Yellow diamond. Certified by GIA, this exceptional stone captures the essence of a sunset in its vibrant, fiery hue. Enjoy peace of mind with our GIA certification and complimentary worldwide shipping.",0.30ct Very Light Pinkish Brown SI2 Round Diamond GIA,in stock,new,75642.88 THB,https://colourdiam.com/diamonddetails/Menu/7109,https://www.colourdiam.com/Product/Diamond/7109/still.jpg,ColourDiam,Apparel & Accessories > Jewelry,,1,,,,unisex,,,adult,,,,,,,,,GIA,Fine Jewelry
7134,"Experience the rare elegance of this 0.3 carat round natural diamond, featuring a delicate Faint Pink hue and exceptional VS1 clarity. Certified by GIA for your peace of mind, this exquisite stone offers brilliant light performance with EX polish and symmetry. Enjoy free worldwide shipping on this unique investment piece.",0.30ct Fancy Vivid Orange Yellow Cushion Diamond GIA,in stock,new,20425.62 THB,https://colourdiam.com/diamonddetails/Menu/7134,https://www.colourdiam.com/Product/Diamond/7134/still.jpg,ColourDiam,Apparel & Accessories > Jewelry,,1,,,,unisex,,,adult,,,,,,,,,GIA,Fine Jewelry
7337,"Experience the subtle allure of this 0.3 carat round natural diamond, featuring a rare Very Light Pinkish Brown hue. Graded SI2 clarity and certified by GIA, this exquisite stone offers timeless sophistication for your bespoke jewelry creation. Enjoy peace of mind with our GIA certification and complimentary worldwide shipping.",0.30ct Faint Pink Pear SI1 GIA Natural Diamond,in stock,new,22695.14 THB,https://colourdiam.com/diamonddetails/Menu/7337,https://www.colourdiam.com/Product/Diamond/7337/still.jpg,ColourDiam,Apparel & Accessories > Jewelry,,1,,,,unisex,,,adult,,,,,,,,,GIA,Fine Jewelry
6322,"Experience the ethereal allure of this 0.3 carat pear-cut natural diamond. Featuring a delicate Faint Pink hue and SI1 clarity, this GIA-certified treasure is the perfect centerpiece for a bespoke heirloom piece. Enjoy complimentary worldwide shipping with your purchase.",0.29ct Fancy Intense Yellow Orange Marquise Diamond GIA,in stock,new,38581.73 THB,https://colourdiam.com/diamonddetails/Menu/6322,https://www.colourdiam.com/Product/Diamond/6322/still.jpg,ColourDiam,Apparel & Accessories > Jewelry,,1,,,,unisex,,,adult,,,,,,,,,GIA,Fine Jewelry
9257,"Experience the unique allure of this 0.3-carat round brilliant diamond, boasting a rare Faint Yellow Green hue. Certified by GIA (ID: 6402000000) with VS2 clarity and excellent polish, this natural gemstone is a collector's masterpiece. Enjoy peace of mind with our secure, free worldwide shipping.",0.28ct Y-Z VS1 Cushion IGI Natural Diamond,in stock,new,11347.57 THB,https://colourdiam.com/diamonddetails/Menu/9257,https://www.colourdiam.com/Product/Diamond/9257/still.jpg,ColourDiam,Apparel & Accessories > Jewelry,,1,,,,unisex,,,adult,,,,,,,,,GIA,Fine Jewelry
9189,"Discover the ethereal allure of this 0.3 carat pear-cut natural diamond, featuring a rare Very Light Green Yellow hue. Certified by GIA (2418000000), this SI1 clarity gem offers exceptional brilliance with excellent polish. Enjoy peace of mind with our guaranteed authenticity and complimentary worldwide shipping.",0.28ct Fancy Brown Pink Radiant SI2 GIA Diamond,in stock,new,20425.62 THB,https://colourdiam.com/diamonddetails/Menu/9189,https://www.colourdiam.com/Product/Diamond/9189/still.jpg,ColourDiam,Apparel & Accessories > Jewelry,,1,,,,unisex,,,adult,,,,,,,,,GIA,Fine Jewelry
9245,"Discover the rare elegance of this 0.3 carat Marquise-cut natural diamond. Featuring a unique Faint Pinkish Brown hue and SI1 clarity, this GIA-certified treasure arrives with free worldwide shipping, ensuring a sophisticated addition to your private collection.",0.28ct Fancy Pink Purple Radiant Diamond,in stock,new,17021.35 THB,https://colourdiam.com/diamonddetails/Menu/9245,https://www.colourdiam.com/Product/Diamond/9245/still.jpg,ColourDiam,Apparel & Accessories > Jewelry,,1,,,,unisex,,,adult,,,,,,,,,GIA,Fine Jewelry
7105,"Experience the radiant warmth of this 0.3 carat Cushion-cut Fancy Vivid Yellowish Orange diamond. Graded SI2 for its unique character and certified by GIA, this rare gem balances fiery orange hues with sun-drenched yellow tones. Enjoy secure, free worldwide shipping with your purchase.",0.28ct Light Orangy Pink SI2 Round Diamond,in stock,new,100857.18 THB,https://colourdiam.com/diamonddetails/Menu/7105,https://www.colourdiam.com/Product/Diamond/7105/still.jpg,ColourDiam,Apparel & Accessories > Jewelry,,1,,,,unisex,,,adult,,,,,,,,,GIA,Fine Jewelry
9191,"Discover the ethereal allure of this 0.3 carat round brilliant diamond. Featuring a rare Faint Yellow Green hue and VS2 clarity, this GIA-certified treasure is crafted for the discerning collector. Enjoy free worldwide shipping on this exquisite natural stone.",0.28ct Fancy Brownish Orangy Pink Round Diamond,in stock,new,11347.57 THB,https://colourdiam.com/diamonddetails/Menu/9191,https://www.colourdiam.com/Product/Diamond/9191/still.jpg,ColourDiam,Apparel & Accessories > Jewelry,,1,,,,unisex,,,adult,,,,,,,,,GIA,Fine Jewelry
3164,"Experience the sophisticated allure of this 0.3 carat pear-cut natural diamond. Graded VS2 clarity and L color, this elegant stone features GIA certification for guaranteed authenticity. Enjoy complimentary worldwide shipping on this exquisite selection.",0.27ct Fancy Brownish Pink Pear Diamond GIA,in stock,new,9078.05 THB,https://colourdiam.com/diamonddetails/Menu/3164,https://www.colourdiam.com/Product/Diamond/3164/still.jpg,ColourDiam,Apparel & Accessories > Jewelry,,1,,,,unisex,,,adult,,,,,,,,,GIA,Fine Jewelry
6287,"Discover the understated elegance of this 0.3 carat round brilliant natural diamond. Featuring a sophisticated Q-R color grade and VS2 clarity, this IGI-certified gem offers exceptional sparkle and precision polish. Enjoy the confidence of authentic quality with free worldwide shipping included.",0.27ct Fancy Dark Gray Green Oval Diamond GIA SI1,in stock,new,11347.57 THB,https://colourdiam.com/diamonddetails/Menu/6287,https://www.colourdiam.com/Product/Diamond/6287/still.jpg,ColourDiam,Apparel & Accessories > Jewelry,,1,,,,unisex,,,adult,,,,,,,,,IGI,Fine Jewelry
3194,"Experience the pinnacle of purity with this exquisite 0.3 carat round brilliant diamond. Graded D-color with Flawless (IF) clarity, this GIA-certified masterpiece offers unmatched fire and brilliance. Enjoy free worldwide shipping on this investment-grade treasure.",0.27ct Fancy Purple Pink Cushion GIA Diamond,in stock,new,31773.19 THB,https://colourdiam.com/diamonddetails/Menu/3194,https://www.colourdiam.com/Product/Diamond/3194/still.jpg,ColourDiam,Apparel & Accessories > Jewelry,,1,,,,unisex,,,adult,,,,,,,,,GIA,Fine Jewelry
7685,"Embrace the golden hour with this exquisite 0.29 carat Fancy Intense Yellow Orange marquise diamond. Certified by GIA, this rare gem captures the warmth of a sunset in its elegant elongated silhouette. Experience global luxury with complimentary worldwide shipping on this singular, natural masterpiece.",0.27ct Fancy Light Yellowish Gray Marquise Diamond SI2 CGL,in stock,new,32907.95 THB,https://colourdiam.com/diamonddetails/Menu/7685,https://www.colourdiam.com/Product/Diamond/7685/still.jpg,ColourDiam,Apparel & Accessories > Jewelry,,1,,,,unisex,,,adult,,,,,,,,,GIA,Fine Jewelry
6128,"Experience the rare allure of this 0.28 carat Fancy Pink Purple radiant diamond. Certified by GIA, this exceptional stone offers a mesmerizing hue and superior cut. Enjoy free worldwide shipping on this exquisite natural treasure.",0.27ct E SI1 Pear GIA Natural Diamond,in stock,new,74158.49 THB,https://colourdiam.com/diamonddetails/Menu/6128,https://www.colourdiam.com/Product/Diamond/6128/still.jpg,ColourDiam,Apparel & Accessories > Jewelry,,1,,,,unisex,,,adult,,,,,,,,,GIA,Fine Jewelry
1318,"Experience the rare allure of this 0.28ct round-cut natural diamond, featuring a delicate Light Orangy Pink hue. Graded SI2 for character, this exquisite stone is certified by CGL and arrives with complimentary worldwide shipping.",0.26ct Fancy Light Brownish Pink Marquise Diamond,in stock,new,142979.35 THB,https://colourdiam.com/diamonddetails/Menu/1318,https://www.colourdiam.com/Product/Diamond/1318/still.jpg,ColourDiam,Apparel & Accessories > Jewelry,,1,,,,unisex,,,adult,,,,,,,,,CGL,Fine Jewelry
2977,"Discover the rare allure of this 0.28ct round-cut natural diamond, featuring a unique Fancy Brownish Orangy Pink hue. Certified by AGT (5296479), this exquisite stone offers a distinctive aesthetic for the discerning collector. Enjoy free worldwide shipping with every purchase.",0.26ct Fancy Deep Pink Oval Diamond SI2 CGL,in stock,new,5295.53 THB,https://colourdiam.com/diamonddetails/Menu/2977,https://www.colourdiam.com/Product/Diamond/2977/still.jpg,ColourDiam,Apparel & Accessories > Jewelry,,1,,,,unisex,,,adult,,,,,,,,,AGT,Fine Jewelry
6189,"Discover the understated elegance of this 0.28-carat cushion-cut natural diamond, featuring a warm Y-Z color grade and VS1 clarity. Certified by IGI, this unique gem offers a soft, sun-kissed glow perfect for a bespoke setting. Enjoy peace of mind with your purchase, including free worldwide shipping on this exquisite piece.",0.26ct Fancy Deep Brownish Orangy Pink Cushion VS2 GIA Diamond,in stock,new,8472.85 THB,https://colourdiam.com/diamonddetails/Menu/6189,https://www.colourdiam.com/Product/Diamond/6189/still.jpg,ColourDiam,Apparel & Accessories > Jewelry,,1,,,,unisex,,,adult,,,,,,,,,IGI,Fine Jewelry
6067,"Discover the rare allure of this 0.28 carat Fancy Brown Pink radiant-cut diamond. Certified by GIA, this exceptional stone balances warm earthy undertones with delicate rose hues. Enjoy complimentary worldwide shipping on this exquisite natural treasure.",0.26ct Fancy Light Blue Radiant VS2 GIA Diamond,in stock,new,41834.7 THB,https://colourdiam.com/diamonddetails/Menu/6067,https://www.colourdiam.com/Product/Diamond/6067/still.jpg,ColourDiam,Apparel & Accessories > Jewelry,,1,,,,unisex,,,adult,,,,,,,,,GIA,Fine Jewelry
6096,"Discover the exquisite brilliance of this 0.27 carat pear-shaped natural diamond. Featuring a pristine E color and SI1 clarity, this GIA-certified masterpiece is graded for exceptional light performance. Enjoy peace of mind with your purchase, which includes a GIA report and complimentary worldwide shipping.",0.25ct Fancy Orangy Pink Round Diamond CGL,in stock,new,26808.55 THB,https://colourdiam.com/diamonddetails/Menu/6096,https://www.colourdiam.com/Product/Diamond/6096/still.jpg,ColourDiam,Apparel & Accessories > Jewelry,,1,,,,unisex,,,adult,,,,,,,,,GIA,Fine Jewelry
606,"Discover the enchanting allure of this 0.27 carat pear-shaped Fancy Brownish Pink diamond. Certified by GIA, this rare gemstone balances sophisticated earthy undertones with delicate blush hues. Experience unparalleled elegance with free worldwide shipping on this unique investment piece.",0.25ct Fancy Deep Brownish Orangy Pink Emerald Diamond,in stock,new,81702.49 THB,https://colourdiam.com/diamonddetails/Menu/606,https://www.colourdiam.com/Product/Diamond/606/still.jpg,ColourDiam,Apparel & Accessories > Jewelry,,1,,,,unisex,,,adult,,,,,,,,,GIA,Fine Jewelry
5461,"Discover the rare allure of this 0.27 carat Fancy Dark Gray Green oval diamond. Certified by GIA, this SI1 clarity treasure offers a sophisticated, moody aesthetic for discerning collectors. Enjoy complimentary worldwide shipping with your purchase.",0.25ct Fancy Pinkish Brown Pear SI2 GIA Diamond,in stock,new,595406.87 THB,https://colourdiam.com/diamonddetails/Menu/5461,https://www.colourdiam.com/Product/Diamond/5461/still.jpg,ColourDiam,Apparel & Accessories > Jewelry,,1,,,,unisex,,,adult,,,,,,,,,GIA,Fine Jewelry
2237,"Experience the rare allure of this 0.27 carat Cushion-cut Fancy Purple Pink diamond. Certified by GIA, this exquisite stone showcases a unique violet-pink hue that radiates sophisticated elegance. Enjoy the peace of mind that comes with GIA certification and complimentary worldwide shipping.",0.25ct Fancy Brownish Pink Oval VS2 GIA Diamond,in stock,new,73532.24 THB,https://colourdiam.com/diamonddetails/Menu/2237,https://www.colourdiam.com/Product/Diamond/2237/still.jpg,ColourDiam,Apparel & Accessories > Jewelry,,1,,,,unisex,,,adult,,,,,,,,,GIA,Fine Jewelry
2960,"Discover the rare allure of this 0.27 carat Marquise-cut natural diamond, featuring a sophisticated Fancy Light Yellowish Gray hue. Certified by CGL, this unique SI2 clarity stone offers a distinctive elongated silhouette perfect for bespoke high-jewelry designs. Enjoy the peace of mind that comes with our guaranteed natural origin and complimentary worldwide shipping.",0.25ct Fancy Brownish Orangy Pink Pear VS2 Diamond,in stock,new,0 THB,https://colourdiam.com/diamonddetails/Menu/2960,https://www.colourdiam.com/Product/Diamond/2960/still.jpg,ColourDiam,Apparel & Accessories > Jewelry,,1,,,,unisex,,,adult,,,,,,,,,CGL,Fine Jewelry
2494,"Discover the rare allure of this 0.26 carat Marquise-cut natural diamond. Featuring a sophisticated Fancy Light Brownish Pink hue, this unique stone is certified by CGL and arrives with complimentary worldwide shipping.",0.25ct Fancy Gray Blue Cushion SI2 GIA Diamond,in stock,new,19669.12 THB,https://colourdiam.com/diamonddetails/Menu/2494,https://www.colourdiam.com/Product/Diamond/2494/still.jpg,ColourDiam,Apparel & Accessories > Jewelry,,1,,,,unisex,,,adult,,,,,,,,,CGL,Fine Jewelry
1321,"Experience the allure of this exquisite 0.26 carat Fancy Deep Pink oval diamond. This rare, SI2-clarity gem captivates with its intense, romantic hue and elegant silhouette. Certified by CGL, your investment includes complimentary worldwide shipping and bespoke luxury packaging.",0.25ct Fancy Pinkish Purple Radiant Diamond GIA,in stock,new,132766.54 THB,https://colourdiam.com/diamonddetails/Menu/1321,https://www.colourdiam.com/Product/Diamond/1321/still.jpg,ColourDiam,Apparel & Accessories > Jewelry,,1,,,,unisex,,,adult,,,,,,,,,CGL,Fine Jewelry
423,"Experience the rare allure of this 0.26 carat cushion-cut natural diamond, featuring a breathtaking Fancy Deep Brownish Orangy Pink hue. Graded VS2 for exceptional clarity and certified by GIA, this exquisite gemstone promises unparalleled brilliance. Enjoy the prestige of owning a unique masterpiece with complimentary worldwide shipping included.",0.25ct Fancy Purple Pink Pear GIA Diamond,in stock,new,196691.17 THB,https://colourdiam.com/diamonddetails/Menu/423,https://www.colourdiam.com/Product/Diamond/423/still.jpg,ColourDiam,Apparel & Accessories > Jewelry,,1,,,,unisex,,,adult,,,,,,,,,GIA,Fine Jewelry
2529,"Experience the ethereal allure of this 0.26 carat Fancy Light Blue radiant-cut diamond. Certified by GIA, this VS2 clarity gem showcases exceptional polish and symmetry for unmatched brilliance. Enjoy complimentary worldwide shipping with your purchase of this rare, investment-grade masterpiece.",0.25ct Very Light Pink Cushion VS1 GIA Diamond,in stock,new,344209.55 THB,https://colourdiam.com/diamonddetails/Menu/2529,https://www.colourdiam.com/Product/Diamond/2529/still.jpg,ColourDiam,Apparel & Accessories > Jewelry,,1,,,,unisex,,,adult,,,,,,,,,GIA,Fine Jewelry
2666,"Experience the rare allure of this 0.25 carat Fancy Orangy Pink round diamond. Graded I1 in clarity, this exquisite natural stone captures a sunset-inspired brilliance, perfect for a bespoke heirloom piece. Enjoy certified quality and complimentary worldwide shipping with your purchase.",0.25ct Fancy Light Pink VS2 Round GIA Diamond,in stock,new,70922.3 THB,https://colourdiam.com/diamonddetails/Menu/2666,https://www.colourdiam.com/Product/Diamond/2666/still.jpg,ColourDiam,Apparel & Accessories > Jewelry,,1,,,,unisex,,,adult,,,,,,,,,CGL,Fine Jewelry
6071,"Discover the rare allure of this 0.25 carat Pear-cut Fancy Pinkish Brown diamond. Certified by GIA, this unique SI2 clarity stone offers a sophisticated, warm aesthetic. Enjoy the confidence of a GIA-certified treasure with complimentary worldwide shipping.",0.25ct Fancy Brownish Orangy Pink Pear Diamond GIA,in stock,new,23640.77 THB,https://colourdiam.com/diamonddetails/Menu/6071,https://www.colourdiam.com/Product/Diamond/6071/still.jpg,ColourDiam,Apparel & Accessories > Jewelry,,1,,,,unisex,,,adult,,,,,,,,,GIA,Fine Jewelry
7157,"Discover the enchanting allure of this 0.25 carat oval-cut Fancy Brownish Pink diamond. Graded VS2 for exceptional clarity and accompanied by a GIA certificate, this rare treasure radiates sophistication. Enjoy the exclusivity of natural beauty with complimentary worldwide shipping included.",0.25ct Fancy Pinkish Purple Cushion SI1 GIA Diamond,in stock,new,36879.59 THB,https://colourdiam.com/diamonddetails/Menu/7157,https://www.colourdiam.com/Product/Diamond/7157/still.jpg,ColourDiam,Apparel & Accessories > Jewelry,,1,,,,unisex,,,adult,,,,,,,,,GIA,Fine Jewelry
7155,"Discover the rare allure of this 0.25 carat Emerald-cut Fancy Deep Brownish Orangy Pink diamond. Certified by GIA, this unique gemstone captures a sunset-inspired hue with sophisticated clarity. Enjoy peace of mind with your purchase, including free worldwide shipping.",0.24ct M VVS2 Round GIA Natural Diamond,in stock,new,94563.06 THB,https://colourdiam.com/diamonddetails/Menu/7155,https://www.colourdiam.com/Product/Diamond/7155/still.jpg,ColourDiam,Apparel & Accessories > Jewelry,,1,,,,unisex,,,adult,,,,,,,,,GIA,Fine Jewelry
7154,"Experience the rare allure of this 0.25 carat pear-shaped diamond, boasting a unique Fancy Brownish Orangy Pink hue. Graded VS2 for exceptional clarity and certified by GIA, this exquisite stone is a masterpiece of natural beauty. Enjoy peace of mind with your purchase, which includes GIA certification and complimentary worldwide shipping.",0.24ct Fancy Deep Orangy Pink Radiant GIA Diamond,in stock,new,94563.06 THB,https://colourdiam.com/diamonddetails/Menu/7154,https://www.colourdiam.com/Product/Diamond/7154/still.jpg,ColourDiam,Apparel & Accessories > Jewelry,,1,,,,unisex,,,adult,,,,,,,,,GIA,Fine Jewelry
2887,"Discover the ethereal allure of this 0.25 carat Cushion-cut Fancy Gray Blue diamond. Certified by GIA, this rare treasure showcases a sophisticated cool-toned hue and exceptional polish. Enjoy complimentary worldwide shipping with your purchase of this exquisite natural gemstone.",0.23ct Fancy Light Brown Pink Round Diamond,in stock,new,189126.13 THB,https://colourdiam.com/diamonddetails/Menu/2887,https://www.colourdiam.com/Product/Diamond/2887/still.jpg,ColourDiam,Apparel & Accessories > Jewelry,,1,,,,unisex,,,adult,,,,,,,,,GIA,Fine Jewelry
1583,"Experience the rare allure of this 0.25 carat Fancy Pinkish Purple radiant diamond. Certified by GIA, this exceptional natural stone offers a unique color profile and includes complimentary worldwide shipping.",0.23ct Fancy Light Grayish Blue Pear VS1 GIA Diamond,in stock,new,137116.44 THB,https://colourdiam.com/diamonddetails/Menu/1583,https://www.colourdiam.com/Product/Diamond/1583/still.jpg,ColourDiam,Apparel & Accessories > Jewelry,,1,,,,unisex,,,adult,,,,,,,,,GIA,Fine Jewelry
7156,"Experience the rare allure of this 0.25 carat Pear-cut Fancy Purple Pink diamond. Certified by GIA, this SI2 clarity masterpiece radiates unmatched elegance and comes with complimentary worldwide shipping.",0.23ct Fancy Deep Orangy Pink Shield Diamond GIA,in stock,new,94553.52 THB,https://colourdiam.com/diamonddetails/Menu/7156,https://www.colourdiam.com/Product/Diamond/7156/still.jpg,ColourDiam,Apparel & Accessories > Jewelry,,1,,,,unisex,,,adult,,,,,,,,,GIA,Fine Jewelry
7098,"Discover the rare allure of this 0.25 carat round natural diamond, featuring a unique Faint Yellow Green hue. Certified by GIA (2176000000) for your peace of mind, this SI1 clarity gem offers exceptional brilliance and character. Enjoy complimentary worldwide shipping on this exquisite investment piece.",0.23ct Fancy Intense Pink Radiant GIA Diamond,in stock,new,6619.41 THB,https://colourdiam.com/diamonddetails/Menu/7098,https://www.colourdiam.com/Product/Diamond/7098/still.jpg,ColourDiam,Apparel & Accessories > Jewelry,,1,,,,unisex,,,adult,,,,,,,,,GIA,Fine Jewelry
5601,"Experience the rare allure of this 0.25 carat cushion-cut Very Light Pink natural diamond. Graded VS1 by GIA, this exquisite stone offers exceptional brilliance and a delicate blush tone. Each purchase includes GIA certification and complimentary worldwide shipping.",0.22ct E VVS2 GIA Natural Diamond,in stock,new,33097.07 THB,https://colourdiam.com/diamonddetails/Menu/5601,https://www.colourdiam.com/Product/Diamond/5601/still.jpg,ColourDiam,Apparel & Accessories > Jewelry,,1,,,,unisex,,,adult,,,,,,,,,GIA,Fine Jewelry
1327,"Experience the rare allure of this 0.25 carat Fancy Light Pink round diamond. Graded VS2 for exceptional clarity and featuring GIA certification, this exquisite natural stone offers a mesmerizing blush hue. Enjoy the prestige of a perfectly polished gem with complimentary worldwide shipping included.",0.22ct Fancy Brownish Greenish Yellow SI2 Round Diamond,in stock,new,141844.59 THB,https://colourdiam.com/diamonddetails/Menu/1327,https://www.colourdiam.com/Product/Diamond/1327/still.jpg,ColourDiam,Apparel & Accessories > Jewelry,,1,,,,unisex,,,adult,,,,,,,,,GIA,Fine Jewelry
314,"Discover the enchanting allure of this 0.25-carat pear-shaped Fancy Brownish Orangy Pink diamond. Certified by GIA, this rare gem showcases a unique sunset hue, perfect for a bespoke heirloom piece. Enjoy peace of mind with our GIA certification and complimentary worldwide shipping.",0.22ct Fancy Pink Round SI2 GIA Natural Diamond,in stock,new,113475.68 THB,https://colourdiam.com/diamonddetails/Menu/314,https://www.colourdiam.com/Product/Diamond/314/still.jpg,ColourDiam,Apparel & Accessories > Jewelry,,1,,,,unisex,,,adult,,,,,,,,,GIA,Fine Jewelry
5755,"Discover the rare allure of this 0.25 carat Cushion-cut Fancy Pinkish Purple natural diamond. Certified by GIA, this exquisite gem showcases a unique violet-hued saturation perfect for a bespoke heirloom piece. Enjoy peace of mind with our GIA certification and complimentary worldwide shipping.",0.21ct Fancy Intense Purplish Pink Round Diamond GIA,in stock,new,170213.51 THB,https://colourdiam.com/diamonddetails/Menu/5755,https://www.colourdiam.com/Product/Diamond/5755/still.jpg,ColourDiam,Apparel & Accessories > Jewelry,,1,,,,unisex,,,adult,,,,,,,,,GIA,Fine Jewelry
1460,"Experience the allure of this 0.24 carat Radiant-cut Fancy Deep Orangy Pink diamond. Certified by GIA, this rare gemstone radiates warmth and sophisticated brilliance. Enjoy complimentary worldwide shipping with your purchase.",0.21ct Fancy Brownish Pink Round GIA Diamond,in stock,new,181561.08 THB,https://colourdiam.com/diamonddetails/Menu/1460,https://www.colourdiam.com/Product/Diamond/1460/still.jpg,ColourDiam,Apparel & Accessories > Jewelry,,1,,,,unisex,,,adult,,,,,,,,,GIA,Fine Jewelry
6289,"Discover the exquisite brilliance of this 0.24ct round-cut natural diamond. Boasting VVS2 clarity and GIA certification, this M-colour gem offers a sophisticated warmth. Enjoy free worldwide shipping on this timeless investment piece.",0.21ct Fancy Light Pink SI1 Round Diamond,in stock,new,9078.05 THB,https://colourdiam.com/diamonddetails/Menu/6289,https://www.colourdiam.com/Product/Diamond/6289/still.jpg,ColourDiam,Apparel & Accessories > Jewelry,,1,,,,unisex,,,adult,,,,,,,,,GIA,Fine Jewelry
2964,"Discover the rare allure of this 0.23 carat Fancy Light Brown Pink round diamond. Graded by CGL, its unique warm hue offers a sophisticated alternative for bespoke fine jewelry. Enjoy complimentary worldwide shipping with your purchase.",0.21ct Fancy Orangy Pink SI1 Round GIA Diamond,in stock,new,0 THB,https://colourdiam.com/diamonddetails/Menu/2964,https://www.colourdiam.com/Product/Diamond/2964/still.jpg,ColourDiam,Apparel & Accessories > Jewelry,,1,,,,unisex,,,adult,,,,,,,,,CGL,Fine Jewelry
2558,"Discover the ethereal allure of this 0.23 carat Pear-shaped Fancy Light Grayish Blue diamond. Graded VS1 for exceptional clarity and certified by GIA, this rare gemstone captures the serene depth of twilight. Enjoy peace of mind with our GIA certification and complimentary worldwide shipping.",0.21ct Fancy Light Purplish Pink SI1 Round Diamond GIA,in stock,new,156596.43 THB,https://colourdiam.com/diamonddetails/Menu/2558,https://www.colourdiam.com/Product/Diamond/2558/still.jpg,ColourDiam,Apparel & Accessories > Jewelry,,1,,,,unisex,,,adult,,,,,,,,,GIA,Fine Jewelry
6852,"Discover the rare allure of this 0.23 carat Fancy Deep Orangy Pink diamond, expertly cut into a sophisticated shield shape. Certified by GIA, this SI2 natural treasure captures a vivid sunset hue, perfect for a bespoke heirloom piece. Enjoy free worldwide shipping on this unique acquisition.",0.21ct Fancy Intense Pink Pear Diamond GIA,in stock,new,43499.01 THB,https://colourdiam.com/diamonddetails/Menu/6852,https://www.colourdiam.com/Product/Diamond/6852/still.jpg,ColourDiam,Apparel & Accessories > Jewelry,,1,,,,unisex,,,adult,,,,,,,,,GIA,Fine Jewelry
6856,"Experience the rare allure of this 0.23 carat Fancy Intense Pink radiant diamond. Certified by GIA, this exceptional stone showcases a vivid saturation and elegant silhouette, perfect for a bespoke heirloom piece. Enjoy complimentary worldwide shipping on this investment-grade treasure.",0.21ct D VS2 GIA Certified Natural Diamond,in stock,new,391491.08 THB,https://colourdiam.com/diamonddetails/Menu/6856,https://www.colourdiam.com/Product/Diamond/6856/still.jpg,ColourDiam,Apparel & Accessories > Jewelry,,1,,,,unisex,,,adult,,,,,,,,,GIA,Fine Jewelry
6330,"Discover the exceptional brilliance of this 0.22 carat natural diamond, graded E color and VVS2 clarity. Expertly cut for maximum fire and accompanied by GIA certification, this rare gemstone is a testament to timeless sophistication. Enjoy complimentary worldwide shipping on this exquisite investment piece.",0.20ct Fancy Light Brownish Greenish Yellow Diamond,in stock,new,19139.56 THB,https://colourdiam.com/diamonddetails/Menu/6330,https://www.colourdiam.com/Product/Diamond/6330/still.jpg,ColourDiam,Apparel & Accessories > Jewelry,,1,,,,unisex,,,adult,,,,,,,,,GIA,Fine Jewelry
2972,"Discover the rare allure of this 0.22 carat round-cut Fancy Brownish Greenish Yellow natural diamond. Certified by CGL, this unique SI2 clarity stone offers a sophisticated, earthy palette that radiates timeless elegance. Enjoy the luxury of free worldwide shipping with your purchase.",0.20ct Fancy Light Pink Round GIA Natural Diamond,in stock,new,0 THB,https://colourdiam.com/diamonddetails/Menu/2972,https://www.colourdiam.com/Product/Diamond/2972/still.jpg,ColourDiam,Apparel & Accessories > Jewelry,,1,,,,unisex,,,adult,,,,,,,,,CGL,Fine Jewelry
1059,"Experience the rare allure of this 0.22 carat Fancy Pink round diamond. Graded by GIA, this exquisite stone radiates unparalleled elegance and comes with a certified guarantee of authenticity. Enjoy complimentary worldwide shipping on this investment-grade natural treasure.",0.20ct Fancy Gray Cushion VS1 GIA Natural Diamond,in stock,new,166430.99 THB,https://colourdiam.com/diamonddetails/Menu/1059,https://www.colourdiam.com/Product/Diamond/1059/still.jpg,ColourDiam,Apparel & Accessories > Jewelry,,1,,,,unisex,,,adult,,,,,,,,,GIA,Fine Jewelry
2785,"Discover the rare elegance of this 0.21 carat Fancy Brownish Pink round diamond. Certified by GIA (7246000000), this natural gemstone captures a sophisticated, warm blush hue. Experience world-class luxury with free worldwide shipping on this exquisite piece.",0.20ct Fancy Light Brownish Pink Heart SI1 Diamond,in stock,new,63546.38 THB,https://colourdiam.com/diamonddetails/Menu/2785,https://www.colourdiam.com/Product/Diamond/2785/still.jpg,ColourDiam,Apparel & Accessories > Jewelry,,1,,,,unisex,,,adult,,,,,,,,,GIA,Fine Jewelry
79,"Experience the rare allure of this 0.21 carat Fancy Intense Purplish Pink round diamond. Certified by GIA (6128000000), this exceptional natural stone displays a vivid hue and impeccable brilliance. Enjoy peace of mind with our complimentary worldwide shipping on this investment-grade treasure.",0.19ct Fancy Deep Pink Marquise Diamond GIA,in stock,new,238298.92 THB,https://colourdiam.com/diamonddetails/Menu/79,https://www.colourdiam.com/Product/Diamond/79/still.jpg,ColourDiam,Apparel & Accessories > Jewelry,,1,,,,unisex,,,adult,,,,,,,,,GIA,Fine Jewelry
5759,"Experience the rare elegance of this 0.21 carat Fancy Light Pink round diamond. Graded SI1 for character and certified by AGT (5377842), this delicate gem offers a unique investment piece. Enjoy free worldwide shipping on this exquisite natural treasure.",0.19ct Fancy Pink Purple Pear VS2 GIA Diamond,in stock,new,99291.22 THB,https://colourdiam.com/diamonddetails/Menu/5759,https://www.colourdiam.com/Product/Diamond/5759/still.jpg,ColourDiam,Apparel & Accessories > Jewelry,,1,,,,unisex,,,adult,,,,,,,,,AGT,Fine Jewelry
2562,"Experience the rare allure of this 0.21 carat Fancy Orangy Pink round diamond. Certified by GIA (6205000000), this SI1 clarity gem captures the sunset's warmth in a brilliant cut. Enjoy complimentary worldwide shipping on this exquisite natural treasure.",0.19ct Fancy Light Orangy Pink SI2 Cushion GIA Diamond,in stock,new,357448.38 THB,https://colourdiam.com/diamonddetails/Menu/2562,https://www.colourdiam.com/Product/Diamond/2562/still.jpg,ColourDiam,Apparel & Accessories > Jewelry,,1,,,,unisex,,,adult,,,,,,,,,GIA,Fine Jewelry
221,"Experience the rare allure of this 0.21-carat round Fancy Light Purplish Pink diamond. Certified by GIA, this exquisite natural stone showcases a delicate blush hue, perfect for a bespoke heirloom piece. Enjoy peace of mind with our GIA-certified quality and complimentary worldwide shipping.",0.18ct Fancy Orangy Pink SI1 Cushion GIA Diamond,in stock,new,79432.97 THB,https://colourdiam.com/diamonddetails/Menu/221,https://www.colourdiam.com/Product/Diamond/221/still.jpg,ColourDiam,Apparel & Accessories > Jewelry,,1,,,,unisex,,,adult,,,,,,,,,GIA,Fine Jewelry
408,"Experience the rare allure of this 0.21-carat Fancy Intense Pink pear-cut diamond. Certified by GIA, this exquisite stone captures light with a captivating hue, perfect for a bespoke heirloom piece. Enjoy peace of mind with our GIA certification and complimentary worldwide shipping.",0.18ct Fancy Deep Brown Pink Radiant GIA Diamond,in stock,new,158865.95 THB,https://colourdiam.com/diamonddetails/Menu/408,https://www.colourdiam.com/Product/Diamond/408/still.jpg,ColourDiam,Apparel & Accessories > Jewelry,,1,,,,unisex,,,adult,,,,,,,,,GIA,Fine Jewelry
6329,"Experience the pinnacle of brilliance with this exquisite 0.21 carat natural diamond, graded D color for incomparable icy transparency. Certified by GIA, this VS2 clarity stone offers exceptional fire and precision, perfect for a bespoke heirloom piece. Enjoy peace of mind with our GIA certification and complimentary worldwide shipping on every order.",0.18ct Fancy Light Pinkish Purple Round Diamond GIA,in stock,new,17475.25 THB,https://colourdiam.com/diamonddetails/Menu/6329,https://www.colourdiam.com/Product/Diamond/6329/still.jpg,ColourDiam,Apparel & Accessories > Jewelry,,1,,,,unisex,,,adult,,,,,,,,,GIA,Fine Jewelry
2969,"Discover the rare allure of this 0.2 carat Round-cut Fancy Light Brownish Greenish Yellow diamond. Graded SI2 for distinctive character, this natural treasure is certified by CGL. Experience exclusivity with free worldwide shipping on this unique investment piece.",0.18ct Fancy Purple Pink SI2 Round Diamond,in stock,new,0 THB,https://colourdiam.com/diamonddetails/Menu/2969,https://www.colourdiam.com/Product/Diamond/2969/still.jpg,ColourDiam,Apparel & Accessories > Jewelry,,1,,,,unisex,,,adult,,,,,,,,,CGL,Fine Jewelry
305,"Discover the ethereal allure of this 0.2 carat Fancy Light Pink round diamond. Certified by GIA (7182000000), this natural treasure offers a delicate blush hue perfect for bespoke fine jewelry. Enjoy complimentary worldwide shipping with every purchase.",0.17ct Fancy Deep Orangy Pink Cushion SI2 GIA Diamond,in stock,new,64302.88 THB,https://colourdiam.com/diamonddetails/Menu/305,https://www.colourdiam.com/Product/Diamond/305/still.jpg,ColourDiam,Apparel & Accessories > Jewelry,,1,,,,unisex,,,adult,,,,,,,,,GIA,Fine Jewelry
3761,"Discover the understated elegance of this 0.2 carat Fancy Gray cushion-cut diamond. Graded VS1 by GIA, this rare gemstone offers a sophisticated, modern aesthetic. Enjoy complimentary worldwide shipping with your purchase of this certified natural treasure.",0.17ct Fancy Intense Pink Purple Round Diamond,in stock,new,37825.23 THB,https://colourdiam.com/diamonddetails/Menu/3761,https://www.colourdiam.com/Product/Diamond/3761/still.jpg,ColourDiam,Apparel & Accessories > Jewelry,,1,,,,unisex,,,adult,,,,,,,,,GIA,Fine Jewelry
2541,"Celebrate eternal romance with this exquisite 0.20ct heart-shaped natural diamond, featuring a rare Fancy Light Brownish Pink hue. Certified by GIA for guaranteed quality, this SI1 clarity gem is the ultimate symbol of sophisticated love. Enjoy peace of mind with our secure, free worldwide shipping on this unique investment piece.",0.16ct Fancy Deep Pink Cushion Diamond GIA,in stock,new,28747.17 THB,https://colourdiam.com/diamonddetails/Menu/2541,https://www.colourdiam.com/Product/Diamond/2541/still.jpg,ColourDiam,Apparel & Accessories > Jewelry,,1,,,,unisex,,,adult,,,,,,,,,GIA,Fine Jewelry
8911,"Discover the allure of this exquisite 0.19 carat Fancy Light Orangy Pink cushion-cut natural diamond. Certified by GIA, this rare gem showcases a romantic sunset hue and captivating brilliance. Enjoy peace of mind with our GIA certification and complimentary worldwide shipping.",0.16ct Fancy Brownish Pink Marquise Diamond GIA SI2,in stock,new,57494.34 THB,https://colourdiam.com/diamonddetails/Menu/8911,https://www.colourdiam.com/Product/Diamond/8911/still.jpg,ColourDiam,Apparel & Accessories > Jewelry,,1,,,,unisex,,,adult,,,,,,,,,GIA,Fine Jewelry
402,"Discover the rare allure of this 0.19-carat Fancy Deep Pink marquise diamond. Certified by GIA, this exquisite natural stone showcases a unique, elongated silhouette perfect for bespoke high jewellery. Enjoy the peace of mind of GIA certification and complimentary worldwide shipping with your purchase.",0.16ct Fancy Deep Pink Cushion Diamond,in stock,new,179669.82 THB,https://colourdiam.com/diamonddetails/Menu/402,https://www.colourdiam.com/Product/Diamond/402/still.jpg,ColourDiam,Apparel & Accessories > Jewelry,,1,,,,unisex,,,adult,,,,,,,,,GIA,Fine Jewelry
2499,"Discover the rare allure of this 0.19 carat Fancy Pink Purple pear-cut diamond. Certified by GIA, this VS2 clarity masterpiece radiates unmatched elegance. Enjoy free worldwide shipping on this exquisite natural treasure.",0.16ct Fancy Deep Pink Marquise Diamond GIA SI2,in stock,new,63876.28 THB,https://colourdiam.com/diamonddetails/Menu/2499,https://www.colourdiam.com/Product/Diamond/2499/still.jpg,ColourDiam,Apparel & Accessories > Jewelry,,1,,,,unisex,,,adult,,,,,,,,,GIA,Fine Jewelry
5404,"Experience the rare allure of this 0.18 carat cushion-cut Fancy Orangy Pink diamond. Certified by GIA, this exquisite stone offers a unique sunset hue and SI1 clarity. Enjoy peace of mind with our GIA-certified selection and complimentary worldwide shipping.",0.15ct Fancy Intense Pink GIA Diamond,in stock,new,54468.32 THB,https://colourdiam.com/diamonddetails/Menu/5404,https://www.colourdiam.com/Product/Diamond/5404/still.jpg,ColourDiam,Apparel & Accessories > Jewelry,,1,,,,unisex,,,adult,,,,,,,,,GIA,Fine Jewelry
286,"Discover the rare allure of this 0.18 carat Fancy Deep Brown Pink radiant-cut diamond. Certified by GIA, this exquisite natural stone captures a sophisticated, deep-toned glow. Enjoy peace of mind with our GIA certification and complimentary worldwide shipping.",0.15ct Fancy Intense Purplish Pink Diamond GIA,in stock,new,88511.03 THB,https://colourdiam.com/diamonddetails/Menu/286,https://www.colourdiam.com/Product/Diamond/286/still.jpg,ColourDiam,Apparel & Accessories > Jewelry,,1,,,,unisex,,,adult,,,,,,,,,GIA,Fine Jewelry
304,"Experience the rare allure of this 0.18 carat Fancy Light Pinkish Purple round diamond. Certified by GIA, this exquisite natural treasure showcases a unique hue and precise 3.64 x 3.69 x 2.18 mm dimensions. Enjoy peace of mind with our GIA certification and complimentary worldwide shipping.",0.15ct Fancy Orangy Pink SI2 Round Diamond,in stock,new,61276.86 THB,https://colourdiam.com/diamonddetails/Menu/304,https://www.colourdiam.com/Product/Diamond/304/still.jpg,ColourDiam,Apparel & Accessories > Jewelry,,1,,,,unisex,,,adult,,,,,,,,,GIA,Fine Jewelry
5758,"Experience the rare allure of this 0.18 carat Fancy Purple Pink round diamond. Certified by AGT (ID: 5296501), this exquisite SI2 stone captures a unique botanical hue. Enjoy peace of mind with our secure, free worldwide shipping.",0.15ct Fancy Deep Pink Round Diamond AGT,in stock,new,122553.73 THB,https://colourdiam.com/diamonddetails/Menu/5758,https://www.colourdiam.com/Product/Diamond/5758/still.jpg,ColourDiam,Apparel & Accessories > Jewelry,,1,,,,unisex,,,adult,,,,,,,,,AGT,Fine Jewelry
252,"Experience the rare allure of this 0.17ct cushion-cut Fancy Deep Orangy Pink diamond. Certified by GIA, this exceptional natural stone offers a vivid, warm saturation perfect for a bespoke heirloom piece. Enjoy peace of mind with our secure, free worldwide shipping.",0.17ct Cushion Fancy Deep Orangy Pink Diamond,in stock,new,96454.32 THB,https://colourdiam.com/diamonddetails/Menu/252,https://www.colourdiam.com/Product/Diamond/252/still.jpg,ColourDiam,Apparel & Accessories > Jewelry,,1,,,,unisex,,,adult,,,,,,,,,GIA,Fine Jewelry
2970,"Discover the rare allure of this 0.17ct Round Fancy Intense Pink Purple natural diamond. Graded by CGL, this unique gemstone captures a mesmerizing blend of feminine pink and regal purple hues, perfect for a bespoke heirloom piece. Enjoy complimentary worldwide shipping with every order.",0.17ct Round Fancy Intense Pink Purple Natural Diamond,in stock,new,0 THB,https://colourdiam.com/diamonddetails/Menu/2970,https://www.colourdiam.com/Product/Diamond/2970/still.jpg,ColourDiam,Apparel & Accessories > Jewelry,,1,,,,unisex,,,adult,,,,,,,,,CGL,Fine Jewelry
244,"Exude unparalleled elegance with this rare 0.16ct Fancy Deep Pink cushion-cut natural diamond. Certified by the GIA, this exquisite stone showcases a saturated hue and sophisticated brilliance. Enjoy peace of mind with our GIA certification and complimentary worldwide shipping on every purchase.",0.16ct Fancy Deep Pink Cushion Cut Natural Diamond - Cushion,in stock,new,127092.76 THB,https://colourdiam.com/diamonddetails/Menu/244,https://www.colourdiam.com/Product/Diamond/244/still.jpg,ColourDiam,Apparel & Accessories > Jewelry,,1,,,,unisex,,,adult,,,,,,,,,GIA,Fine Jewelry
586,"Discover the rare allure of this 0.16 carat Fancy Brownish Pink marquise diamond. Certified by GIA, this SI2 clarity gem offers a sophisticated, elongated silhouette perfect for bespoke high jewelry. Enjoy free worldwide shipping on this exquisite natural treasure.",0.13 Carat Fancy Light Pink Pear GIA Diamond,in stock,new,42364.25 THB,https://colourdiam.com/diamonddetails/Menu/586,https://www.colourdiam.com/Product/Diamond/586/still.jpg,ColourDiam,Apparel & Accessories > Jewelry,,1,,,,unisex,,,adult,,,,,,,,,GIA,Fine Jewelry
2250,"Exude unparalleled elegance with this exquisite 0.16ct Fancy Deep Pink cushion cut natural diamond. Renowned for its captivating saturation and soft, rounded corners, this rare gemstone is a testament to sophisticated luxury. Certified by CGL, each purchase includes complimentary worldwide shipping to ensure your investment arrives in pristine condition.",0.16ct Fancy Deep Pink Cushion Cut Natural Diamond,in stock,new,121040.72 THB,https://colourdiam.com/diamonddetails/Menu/2250,https://www.colourdiam.com/Product/Diamond/2250/still.jpg,ColourDiam,Apparel & Accessories > Jewelry,,1,,,,unisex,,,adult,,,,,,,,,CGL,Fine Jewelry
309,"Experience the rare allure of this 0.16 carat Marquise-cut Fancy Deep Pink natural diamond. Certified by the GIA, this exquisite stone showcases a vivid, saturated hue and elegant silhouette, perfect for a bespoke heirloom piece. Enjoy complimentary worldwide shipping with your purchase of this investment-grade treasure.",0.16 Carat Marquise Fancy Deep Pink Diamond,in stock,new,121040.72 THB,https://colourdiam.com/diamonddetails/Menu/309,https://www.colourdiam.com/Product/Diamond/309/still.jpg,ColourDiam,Apparel & Accessories > Jewelry,,1,,,,unisex,,,adult,,,,,,,,,GIA,Fine Jewelry
409,"Discover the rare allure of this 0.15 carat Fancy Intense Pink diamond. Featuring a sophisticated cut-cornered square shape and GIA certification, this natural gem offers a vibrant hue for your bespoke jewelry collection. Enjoy free worldwide shipping on this exquisite investment piece.",0.11ct Fancy Deep Brownish Orangy Pink Radiant GIA Diamond,in stock,new,113475.68 THB,https://colourdiam.com/diamonddetails/Menu/409,https://www.colourdiam.com/Product/Diamond/409/still.jpg,ColourDiam,Apparel & Accessories > Jewelry,,1,,,,unisex,,,adult,,,,,,,,,GIA,Fine Jewelry
256,"Experience the rare allure of this 0.15ct Fancy Intense Purplish Pink round diamond. Certified by GIA, this exquisite natural stone showcases a vibrant hue and unique character, perfect for a bespoke heirloom piece. Enjoy free worldwide shipping with your purchase.",0.15ct Fancy Intense Purplish Pink Round Diamond,in stock,new,124823.24 THB,https://colourdiam.com/diamonddetails/Menu/256,https://www.colourdiam.com/Product/Diamond/256/still.jpg,ColourDiam,Apparel & Accessories > Jewelry,,1,,,,unisex,,,adult,,,,,,,,,GIA,Fine Jewelry
2662,"Discover the rare allure of this 0.15ct round-cut Fancy Orangy Pink natural diamond. Certified by CGL, this unique stone radiates a warm, sunset-hued brilliance that is perfect for a bespoke heirloom piece. Enjoy peace of mind with our complimentary worldwide shipping on all natural diamond acquisitions.",0.15ct Round Fancy Orangy Pink Natural Diamond,in stock,new,89645.78 THB,https://colourdiam.com/diamonddetails/Menu/2662,https://www.colourdiam.com/Product/Diamond/2662/still.jpg,ColourDiam,Apparel & Accessories > Jewelry,,1,,,,unisex,,,adult,,,,,,,,,CGL,Fine Jewelry
2474,"Experience the rare allure of this 0.15ct Fancy Deep Pink round diamond, certified by AGT. This exquisite natural gemstone captures light with unparalleled intensity, making it a prized addition to any high-jewelry collection. Enjoy peace of mind with AGT certification and complimentary worldwide shipping on this unique investment piece.",0.15ct Fancy Deep Pink Round Natural Diamond,in stock,new,141844.59 THB,https://colourdiam.com/diamonddetails/Menu/2474,https://www.colourdiam.com/Product/Diamond/2474/still.jpg,ColourDiam,Apparel & Accessories > Jewelry,,1,,,,unisex,,,adult,,,,,,,,,AGT,Fine Jewelry
2386,"Discover the rare allure of this 0.15ct Fancy Deep Brownish Purple Pink marquise diamond. Certified by GIA, this exquisite gemstone showcases a captivating, multi-tonal hue. Enjoy the prestige of a natural diamond with complimentary worldwide shipping.",0.15ct Marquise Fancy Deep Brownish Purple Pink Diamond,in stock,new,19858.24 THB,https://colourdiam.com/diamonddetails/Menu/2386,https://www.colourdiam.com/Product/Diamond/2386/still.jpg,ColourDiam,Apparel & Accessories > Jewelry,,1,,,,unisex,,,adult,,,,,,,,,GIA,Fine Jewelry
2966,"Discover the rare elegance of this 0.15 carat round-cut diamond, featuring a unique Fancy Light Yellowish Gray hue. Certified by CGL, this SI2 clarity stone offers a sophisticated, understated brilliance perfect for bespoke jewelry. Enjoy free worldwide shipping with your purchase of this exquisite natural diamond.",0.15 Carat Round Fancy Light Yellowish Gray Diamond,in stock,new,0 THB,https://colourdiam.com/diamonddetails/Menu/2966,https://www.colourdiam.com/Product/Diamond/2966/still.jpg,ColourDiam,Apparel & Accessories > Jewelry,,1,,,,unisex,,,adult,,,,,,,,,CGL,Fine Jewelry
5583,"Exude ethereal grace with this exquisite 0.13ct pear-cut Fancy Light Pink diamond. Certified by GIA, this rare treasure boasts SI1 clarity and captivating brilliance, making it the perfect centerpiece for a bespoke engagement ring. Enjoy the peace of mind of GIA certification and complimentary worldwide shipping with every purchase.",0.13ct Pear Cut Fancy Light Pink Diamond GIA,in stock,new,29503.68 THB,https://colourdiam.com/diamonddetails/Menu/5583,https://www.colourdiam.com/Product/Diamond/5583/still.jpg,ColourDiam,Apparel & Accessories > Jewelry,,1,,,,unisex,,,adult,,,,,,,,,GIA,Fine Jewelry
598,"Discover the breathtaking allure of this 0.13ct Radiant-cut Fancy Intense Pink natural diamond. Certified by GIA, this rare gem showcases an exquisite saturation and precise geometry. Enjoy complimentary worldwide shipping on this investment-grade treasure.",0.13ct Radiant Fancy Intense Pink Natural Diamond,in stock,new,88511.03 THB,https://colourdiam.com/diamonddetails/Menu/598,https://www.colourdiam.com/Product/Diamond/598/still.jpg,ColourDiam,Apparel & Accessories > Jewelry,,1,,,,unisex,,,adult,,,,,,,,,GIA,Fine Jewelry
2640,"Behold the rare intensity of this 0.12ct Fancy Vivid Pink marquise-cut diamond. Certified by CGL, this exceptional stone showcases a breathtaking saturation that defines true luxury. Enjoy complimentary worldwide shipping with your purchase of this exquisite natural treasure.",0.12ct Marquise Fancy Vivid Pink Natural Diamond,in stock,new,113475.68 THB,https://colourdiam.com/diamonddetails/Menu/2640,https://www.colourdiam.com/Product/Diamond/2640/still.jpg,ColourDiam,Apparel & Accessories > Jewelry,,1,,,,unisex,,,adult,,,,,,,,,CGL,Fine Jewelry
681,"Experience the rarity of this 0.11ct Fancy Deep Pink marquise-cut natural diamond. Certified by GIA, this exquisite gem showcases a vivid, saturated hue and elegant elongated silhouette. Enjoy peace of mind with your investment and complimentary worldwide shipping on this unique piece.",0.11ct Fancy Deep Pink Marquise GIA Natural Diamond,in stock,new,74893.95 THB,https://colourdiam.com/diamonddetails/Menu/681,https://www.colourdiam.com/Product/Diamond/681/still.jpg,ColourDiam,Apparel & Accessories > Jewelry,,1,,,,unisex,,,adult,,,,,,,,,GIA,Fine Jewelry
241,Sku - 241 Weight - 0.11 Colour - Fancy Deep Brownish Orangy Pink Shape - Radiant Clarity -  Measurements - 2.77 x 2.43 x 1.81 Fluoresence - None Polish -  Symmetry -  No Of Diamonds - 1,"Sku - 241
Weight - 0.11
Colour - Fancy Deep Brownish Orangy Pink
Shape - Radiant
Clarity - 
Measurements - 2.77 x 2.43 x 1.81
Fluoresence - None
Polish - 
Symmetry - 
No Of Diamonds - 1",in stock,new,0 THB,,https://colourdiam.com/Product/Diamond/241/colour-diam-241-fancy-deep-brownish-orangy-pink-radiant-measurements-2-77-x-2-43-x-1-81-0-11ct-gia-01.jpg,ColourDiam,Apparel & Accessories > Jewelry,,1,,,,unisex,,,adult,,,,,,,,,GIA,Fine Jewelry
9480,Sku - 9480 Weight - 0.11 Colour - Fancy Blue Shape - Radiant Clarity - VS2 Measurements - 2.94 x 2.87 x 1.6 Fluoresence -  Polish -  Symmetry -  No Of Diamonds - 1,"Sku - 9480
Weight - 0.11
Colour - Fancy Blue
Shape - Radiant
Clarity - VS2
Measurements - 2.94 x 2.87 x 1.6
Fluoresence - 
Polish - 
Symmetry - 
No Of Diamonds - 1",in stock,new,0 THB,,https://colourdiam.com/Product/Diamond/9480/bA1.jpg,ColourDiam,Apparel & Accessories > Jewelry,,1,,,,unisex,,,adult,,,,,,,,,GIA,Fine Jewelry
1065,Sku - 1065 Weight - 0.1 Colour -  Shape - Pear Clarity - I1 Measurements - 3.45x2.83x1.62 Fluoresence - None Polish -  Symmetry -  No Of Diamonds - 1,"Sku - 1065
Weight - 0.1
Colour - 
Shape - Pear
Clarity - I1
Measurements - 3.45x2.83x1.62
Fluoresence - None
Polish - 
Symmetry - 
No Of Diamonds - 1",in stock,new,0 THB,,https://colourdiam.com/Product/Diamond/1065/colour-diam-1065-shape-pear-pear-i1-0-1ct-cgl-01.jpg,ColourDiam,Apparel & Accessories > Jewelry,,1,,,,unisex,,,adult,,,,,,,,,CGL,Fine Jewelry
2507,Sku - 2507 Weight - 0.1 Colour - Fancy Deep Pink Shape - Radiant Clarity - SI2 Measurements -  Fluoresence - None Polish -  Symmetry -  No Of Diamonds - 1,"Sku - 2507
Weight - 0.1
Colour - Fancy Deep Pink
Shape - Radiant
Clarity - SI2
Measurements - 
Fluoresence - None
Polish - 
Symmetry - 
No Of Diamonds - 1",in stock,new,0 THB,,,ColourDiam,Apparel & Accessories > Jewelry,,1,,,,unisex,,,adult,,,,,,,,,CGL,Fine Jewelry
2961,Sku - 2961 Weight - 0.09 Colour - Fancy Light Yellowish Gray Shape - Round Clarity - I1 Measurements - 2.86-2.88*1.78 Fluoresence - None Polish -  Symmetry -  No Of Diamonds - 1,"Sku - 2961
Weight - 0.09
Colour - Fancy Light Yellowish Gray
Shape - Round
Clarity - I1
Measurements - 2.86-2.88*1.78
Fluoresence - None
Polish - 
Symmetry - 
No Of Diamonds - 1",in stock,new,0 THB,,,ColourDiam,Apparel & Accessories > Jewelry,,1,,,,unisex,,,adult,,,,,,,,,CGL,Fine Jewelry
2503,Sku - 2503 Weight - 0.07 Colour - Fancy Purple Pink Shape - Marquise Clarity - I1 Measurements -  Fluoresence - None Polish -  Symmetry -  No Of Diamonds - 1,"Sku - 2503
Weight - 0.07
Colour - Fancy Purple Pink
Shape - Marquise
Clarity - I1
Measurements - 
Fluoresence - None
Polish - 
Symmetry - 
No Of Diamonds - 1",in stock,new,0 THB,,,ColourDiam,Apparel & Accessories > Jewelry,,1,,,,unisex,,,adult,,,,,,,,,AGT,Fine Jewelry
3602,Sku - 3602 Weight - 0.06 Colour - Fancy Green Shape - Round Clarity - SI1 Measurements - 2.53 X 2.57 x 1.51 Fluoresence - None Polish -  Symmetry -  No Of Diamonds - 1,"Sku - 3602
Weight - 0.06
Colour - Fancy Green
Shape - Round
Clarity - SI1
Measurements - 2.53 X 2.57 x 1.51
Fluoresence - None
Polish - 
Symmetry - 
No Of Diamonds - 1",in stock,new,0 THB,,,ColourDiam,Apparel & Accessories > Jewelry,,1,,,,unisex,,,adult,,,,,,,,,GIA,Fine Jewelry
2509,Sku - 2509 Weight - 0.05 Colour - Fancy Orangy Pink Shape - Marquise Clarity - SI2 Measurements -  Fluoresence - None Polish -  Symmetry -  No Of Diamonds - 1,"Sku - 2509
Weight - 0.05
Colour - Fancy Orangy Pink
Shape - Marquise
Clarity - SI2
Measurements - 
Fluoresence - None
Polish - 
Symmetry - 
No Of Diamonds - 1",in stock,new,0 THB,,,ColourDiam,Apparel & Accessories > Jewelry,,1,,,,unisex,,,adult,,,,,,,,,CGL,Fine Jewelry
2371,Sku - 2371 Weight - 0.05 Colour - Fancy Deep Violet Shape - Pear Clarity - SI2 Measurements - 2.96x1.94x1.40 Fluoresence - None Polish -  Symmetry -  No Of Diamonds - 1,"Sku - 2371
Weight - 0.05
Colour - Fancy Deep Violet
Shape - Pear
Clarity - SI2
Measurements - 2.96x1.94x1.40
Fluoresence - None
Polish - 
Symmetry - 
No Of Diamonds - 1",in stock,new,0 THB,,https://colourdiam.com/Product/Diamond/2371/colour-diam-2371-fancy-deep-violet-pear-si2-0-05ct-cgl-01.jpg,ColourDiam,Apparel & Accessories > Jewelry,,1,,,,unisex,,,adult,,,,,,,,,CGL,Fine Jewelry
2536,Sku - 2536 Weight - 0.05 Colour - Light Bluish Gray Shape - Round Clarity - VS2 Measurements - 2.39x2.4x1.43 Fluoresence - None Polish -  Symmetry -  No Of Diamonds - 1,"Sku - 2536
Weight - 0.05
Colour - Light Bluish Gray
Shape - Round
Clarity - VS2
Measurements - 2.39x2.4x1.43
Fluoresence - None
Polish - 
Symmetry - 
No Of Diamonds - 1",in stock,new,0 THB,,https://colourdiam.com/Product/Diamond/2536/colour-diam-2536-light-bluish-gray-round-vs2-0-05ct-cgl-01.jpg,ColourDiam,Apparel & Accessories > Jewelry,,1,,,,unisex,,,adult,,,,,,,,,CGL,Fine Jewelry
