# Required | A unique content ID for the item. Use the item's SKU if you can. Each content ID must appear only once in your catalog. To run dynamic ads this ID must exactly match the content ID for the same item in your Meta Pixel code. Character limit: 100,# Required | A specific and relevant title for the item. See title specifications: https://www.facebook.com/business/help/2104231189874655 Character limit: 200,# Required | A short and relevant description of the item. Include specific or unique product features like material or color. Use plain text and don't enter text in all capital letters. See description specifications: https://www.facebook.com/business/help/2302017289821154 Character limit: 9999,# Required | The current availability of the item. | Supported values: in stock; out of stock,# Required | The current condition of the item. | Supported values: new; used,# Required | The price of the item. Format the price as a number followed by the 3-letter currency code (ISO 4217 standards). Use a period (.) as the decimal point; don't use a comma.,# Required | The URL of the specific product page where people can buy the item.,# Required | The URL for the main image of your item. Images must be in a supported format (JPG/GIF/PNG) and at least 500 x 500 pixels.,# Required | The brand name of the item. Character limit: 100.,# Optional | The Google product category for the item. Learn more about product categories: https://www.facebook.com/business/help/526764014610932.,# Optional | The Facebook product category for the item. Learn more about product categories: https://www.facebook.com/business/help/526764014610932.,# Optional | The quantity of this item you have to sell on Facebook and Instagram with checkout. Must be 1 or higher or the item won't be buyable,# Optional | The discounted price of the item if it's on sale. Format the price as a number followed by the 3-letter currency code (ISO 4217 standards). Use a period (.) as the decimal point; don't use a comma. A sale price is required if you want to use an overlay for discounted prices.,# Optional | The time range for your sale period. Includes the date and time/time zone when your sale starts and ends. If this field is blank any items with a sale_price remain on sale until you remove the sale price. Use this format: YYYY-MM-DDT23:59+00:00/YYYY-MM-DDT23:59+00:00. Enter the start date as YYYY-MM-DD. Enter a 'T'. Enter the start time in 24-hour format (00:00 to 23:59) followed by the UTC time zone (-12:00 to +14:00). Enter '/' and then repeat the same format for your end date and time. The example row below uses PST time zone (-08:00).,# Optional | Use this field to create variants of the same item. Enter the same group ID for all variants within a group. Learn more about variants: https://www.facebook.com/business/help/2256580051262113 Character limit: 100.,# Optional | The gender of a person that the item is targeted towards. | Supported values: female; male; unisex,# Optional | The color of the item. Use one or more words to describe the color. Don't use a hex code. Character limit: 200.,# Optional | The size of the item written as a word or abbreviation or number. For example: small; XL; 12. Character limit: 200.,# Optional | The age group that the item is targeted towards. | Supported values: adult; all ages; infant; kids; newborn; teen; toddler,# Optional | The material the item is made from; such as cotton; denim or leather. Character limit: 200.,# Optional | The pattern or graphic print on the item. Character limit: 100.,"# Optional | Shipping details for the item. Format as Country:Region:Service:Price. Include the 3-letter ISO 4217 currency code in the price. Enter the price as 0.0 to use the free shipping overlay in your ads. Use a semi-colon ';' or a comma "";"" to separate multiple shipping details for different regions or countries. Only people in the specified region or country will see shipping details for that region or country. You can leave out the region (keep the double '::') if your shipping details are the same for an entire country.",# Optional | The shipping weight of the item. Include the unit of measurement (lb/oz/g/kg).,"# Optional | Legal disclaimer text for product offers. This text provides important legal or regulatory information that must be displayed with the product offer. For example: ""Valid while supplies last. Terms and conditions apply.""","# Optional | URL linking to the full disclaimer text. This provides a link to a page containing the complete disclaimer information for the product offer. For example: ""https://example.com/terms-and-conditions""",# Optional | The URL for a video of your product. Link should be a videos file on a file hosting website; not a video player. Videos must be in a supported format (.3g2; .3gp; .3gpp; .asf; .avi; .dat; .divx; .dv; .f4v; .flv; .gif; .m2ts; .m4v; .mkv; .mod; .mov; .mp4; .mpe; .mpeg; .mpeg4; .mpg; .mts; .nsv; .ogm; .ogv; .qt; .tod; .ts; .vob or .wmv).,# Optional | The item’s Global Trade Item Number (GTIN). Recommended to help classify the item. May appear on the barcode; packaging or book cover. Only provide GTIN if you’re sure it’s correct. GTIN types include UPC (12 digits); EAN (13 digits); JAN (8 or 13 digits); ISBN (13 digits) or ITF-14 (14 digits),# Optional | Add labels to products to help filter them into product sets. Max characters: 110 per label; 5000 labels per product,# Optional | Describe the fashion style of this item.
id,title,description,availability,condition,price,link,image_link,brand,google_product_category,fb_product_category,quantity_to_sell_on_facebook,sale_price,sale_price_effective_date,item_group_id,gender,color,size,age_group,material,pattern,shipping,shipping_weight,offer_disclaimer,offer_disclaimer_url,video[0].tag[0],gtin,product_tags[1],style[0]
665_142,1.66 ct Fancy Yellow Diamond Earring | Colour Diam | 665_142,1.66 ct Fancy Yellow Diamond Earring: a piece to explore in detail. The listed clarity grades are VS1 / VS2. The supplier specifies 18K for the setting. GIA is listed as the grading laboratory. Ask to review the original report before purchase. The supplier lists a jewellery weight of 6.15 g. Quote stock 665_142 for current images and availability.,in stock,new,10276939.93 KRW,https://colourdiam.com/productdetail/Menu/665/142,https://www.colourdiam.com/Product/Jewellery/665_142/white45/center.jpg,Colour Diam,Apparel & Accessories > Jewelry,,1,,,,unisex,,,adult,,,,,,,,,GIA,Fine Jewelry
298,2.01 ct Fancy Intense Yellow Diamond Ring | Colour Diam | 298,Explore the details of 2.01 ct Fancy Intense Yellow Diamond Ring. The listed clarity is I1. The supplier specifies 18K for the setting. GIA is listed as the grading laboratory. Ask to review the original report before purchase. The supplier lists a jewellery weight of 3.252 g. Quote stock 298 for current images and availability.,in stock,new,30908090 KRW,https://colourdiam.com/productdetail/298,https://www.colourdiam.com/Product/Jewellery/298/white45/center.jpg,Colour Diam,Apparel & Accessories > Jewelry,,1,,,,unisex,,,adult,,,,,,,,,GIA,Fine Jewelry
414,0.377 ct Fancy Pink Diamond Ring | Colour Diam | 414,Consider 0.377 ct Fancy Pink Diamond Ring for your next jewellery consultation. The listed clarity is SI1. Ask our team about the available documentation. The supplier lists a jewellery weight of 6.895 g. Quote stock 414 for current images and availability.,in stock,new,8499724.75 KRW,https://colourdiam.com/productdetail/414,https://www.colourdiam.com/Product/Jewellery/414/white45/center.jpg,Colour Diam,Apparel & Accessories > Jewelry,,1,,,,unisex,,,adult,,,,,,,,,NON CERTIFIED,Fine Jewelry
415,0.175 ct Fancy Pink Diamond Ring | Colour Diam | 415,Make 0.175 ct Fancy Pink Diamond Ring the starting point of your colour story. The listed clarity is SI1. Ask our team about the available documentation. The supplier lists a jewellery weight of 5.634 g. Quote stock 415 for current images and availability.,in stock,new,8499724.75 KRW,https://colourdiam.com/productdetail/415,https://www.colourdiam.com/Product/Jewellery/415/white45/center.jpg,Colour Diam,Apparel & Accessories > Jewelry,,1,,,,unisex,,,adult,,,,,,,,,NON CERTIFIED,Fine Jewelry
416,0.272 ct Very Light Pink Diamond Ring | Colour Diam | 416,Take a closer look at 0.272 ct Very Light Pink Diamond Ring. The listed clarity is SI1. Ask our team about the available documentation. The supplier lists a jewellery weight of 7.805 g. Quote stock 416 for current images and availability.,in stock,new,8499724.75 KRW,https://colourdiam.com/productdetail/416,https://www.colourdiam.com/Product/Jewellery/416/white45/center.jpg,Colour Diam,Apparel & Accessories > Jewelry,,1,,,,unisex,,,adult,,,,,,,,,NON CERTIFIED,Fine Jewelry
461,1.26 ct Fancy Intense Yellow Diamond Ring | Colour Diam | 461,Meet 1.26 ct Fancy Intense Yellow Diamond Ring from Colour Diam. The listed clarity is SI1. The supplier specifies 18K for the setting. GIA is listed as the grading laboratory. Ask to review the original report before purchase. The supplier lists a jewellery weight of 5.69 g. Quote stock 461 for current images and availability.,in stock,new,16226747.25 KRW,https://colourdiam.com/productdetail/461,https://www.colourdiam.com/Product/Jewellery/461/white45/center.jpg,Colour Diam,Apparel & Accessories > Jewelry,,1,,,,unisex,,,adult,,,,,,,,,GIA,Fine Jewelry
633,1.62 ct Fancy Green Diamond Ring | Colour Diam | 633,Colour Diam presents 1.62 ct Fancy Green Diamond Ring. The listed clarity is SI. The supplier specifies 18K for the setting. AGL is listed as the grading laboratory. Ask to review the original report before purchase. The supplier lists a jewellery weight of 4.67 g. Quote stock 633 for current images and availability.,in stock,new,6954320.25 KRW,https://colourdiam.com/productdetail/633,https://www.colourdiam.com/Product/Jewellery/633/white45/center.jpg,Colour Diam,Apparel & Accessories > Jewelry,,1,,,,unisex,,,adult,,,,,,,,,AGL,Fine Jewelry
731,0.83 ct Fancy Light Green Diamond Ring | Colour Diam | 731,Take a closer look at 0.83 ct Fancy Light Green Diamond Ring. The listed clarity is VS1. The supplier specifies 18K for the setting. GIA is listed as the grading laboratory. Ask to review the original report before purchase. The supplier lists a jewellery weight of 4.347 g. Quote stock 731 for current images and availability.,in stock,new,22408365.25 KRW,https://colourdiam.com/productdetail/731,https://www.colourdiam.com/Product/Jewellery/731/white45/center.jpg,Colour Diam,Apparel & Accessories > Jewelry,,1,,,,unisex,,,adult,,,,,,,,,GIA,Fine Jewelry
1003,1.05 ct Fancy Yellow Diamond Ring | Colour Diam | 1003,Your search for colour continues with 1.05 ct Fancy Yellow Diamond Ring. The listed clarity is SI1. The supplier specifies 18K for the setting. GIA is listed as the grading laboratory. Ask to review the original report before purchase. The supplier lists a jewellery weight of 4.07 g. Quote stock 1003 for current images and availability.,in stock,new,23953769.75 KRW,https://colourdiam.com/productdetail/1003,https://www.colourdiam.com/Product/Jewellery/1003/white45/center.jpg,Colour Diam,Apparel & Accessories > Jewelry,,1,,,,unisex,,,adult,,,,,,,,,GIA,Fine Jewelry
1135,1.02 ct Fancy Intense yellow Diamond Ring | Colour Diam | 1135,Your search for colour continues with 1.02 ct Fancy Intense yellow Diamond Ring. The supplier specifies 18K for the setting. GIA is listed as the grading laboratory. Ask to review the original report before purchase. Quote stock 1135 for current images and availability.,in stock,new,7727022.5 KRW,https://colourdiam.com/productdetail/1135,https://www.colourdiam.com/Product/Jewellery/1135/white45/center.jpg,Colour Diam,Apparel & Accessories > Jewelry,,1,,,,unisex,,,adult,,,,,,,,,GIA,Fine Jewelry
1263,0.30 ct Fancy Green Diamond Ring | Colour Diam | 1263,Colour Diam presents 0.30 ct Fancy Green Diamond Ring. The listed clarity is VS. The supplier specifies 18K for the setting. AGL is listed as the grading laboratory. Ask to review the original report before purchase. The supplier lists a jewellery weight of 5.183 g. Quote stock 1263 for current images and availability.,in stock,new,2781728.1 KRW,https://colourdiam.com/productdetail/1263,https://www.colourdiam.com/Product/Jewellery/1263/white45/center.jpg,Colour Diam,Apparel & Accessories > Jewelry,,1,,,,unisex,,,adult,,,,,,,,,AGL,Fine Jewelry
1328,0.60 ct Fancy Light Green Diamond Ring | Colour Diam | 1328,Find your next inspiration in 0.60 ct Fancy Light Green Diamond Ring. The supplier specifies 18K for the setting. GIA is listed as the grading laboratory. Ask to review the original report before purchase. The supplier lists a jewellery weight of 6.40 g. Quote stock 1328 for current images and availability.,in stock,new,18544854 KRW,https://colourdiam.com/productdetail/1328,https://www.colourdiam.com/Product/Jewellery/1328/white45/center.jpg,Colour Diam,Apparel & Accessories > Jewelry,,1,,,,unisex,,,adult,,,,,,,,,GIA,Fine Jewelry
1333_6674_6673,0.91 ct Fancy Intense Yellow Diamond Ring | Colour Diam | 1333_6674_6673,Explore the details of 0.91 ct Fancy Intense Yellow Diamond Ring. The listed clarity grades are SI1 / VS2 / VVS2. The supplier specifies 18K for the setting. GIA is listed as the grading laboratory. Ask to review the original report before purchase. The supplier lists a jewellery weight of 3.98 g. Quote stock 1333_6674_6673 for current images and availability.,in stock,new,23953769.75 KRW,https://colourdiam.com/productdetail/Menu/1333/6674/6673,https://www.colourdiam.com/Product/Jewellery/1333_6674_6673/white45/center.jpg,Colour Diam,Apparel & Accessories > Jewelry,,1,,,,unisex,,,adult,,,,,,,,,GIA,Fine Jewelry
1477,1.51 ct Fancy Greenish Yellow Diamond Ring | Colour Diam | 1477,Put 1.51 ct Fancy Greenish Yellow Diamond Ring on your personal shortlist. The listed clarity is SI2. The supplier specifies 18K for the setting. GIA is listed as the grading laboratory. Ask to review the original report before purchase. The supplier lists a jewellery weight of 7.57 g. Quote stock 1477 for current images and availability.,in stock,new,15454045 KRW,https://colourdiam.com/productdetail/1477,https://www.colourdiam.com/Product/Jewellery/1477/white45/center.jpg,Colour Diam,Apparel & Accessories > Jewelry,,1,,,,unisex,,,adult,,,,,,,,,GIA,Fine Jewelry
1481,0.36 ct Fancy Light Pink Diamond Ring | Colour Diam | 1481,Find your next inspiration in 0.36 ct Fancy Light Pink Diamond Ring. The listed clarity is VS1. The supplier specifies 18K for the setting. GIA is listed as the grading laboratory. Ask to review the original report before purchase. The supplier lists a jewellery weight of 2.718 g. Quote stock 1481 for current images and availability.,in stock,new,38635112.5 KRW,https://colourdiam.com/productdetail/1481,https://www.colourdiam.com/Product/Jewellery/1481/white45/center.jpg,Colour Diam,Apparel & Accessories > Jewelry,,1,,,,unisex,,,adult,,,,,,,,,GIA,Fine Jewelry
1779,0.92 ct Fancy Yellow Diamond Ring | Colour Diam | 1779,Discover 0.92 ct Fancy Yellow Diamond Ring with Colour Diam. The listed clarity is VS. The supplier specifies 18K for the setting. AGL is listed as the grading laboratory. Ask to review the original report before purchase. The supplier lists a jewellery weight of 3.235 g. Quote stock 1779 for current images and availability.,in stock,new,3399889.9 KRW,https://colourdiam.com/productdetail/1779,https://www.colourdiam.com/Product/Jewellery/1779/white45/center.jpg,Colour Diam,Apparel & Accessories > Jewelry,,1,,,,unisex,,,adult,,,,,,,,,AGL,Fine Jewelry
1850,0.70 ct Fancy Brownish Yellow Diamond Ring | Colour Diam | 1850,0.70 ct Fancy Brownish Yellow Diamond Ring brings its own character to your selection. The listed clarity is SI1. The supplier specifies 18K for the setting. GIA is listed as the grading laboratory. Ask to review the original report before purchase. The supplier lists a jewellery weight of 3.48 g. Quote stock 1850 for current images and availability.,in stock,new,2318106.75 KRW,https://colourdiam.com/productdetail/1850,https://www.colourdiam.com/Product/Jewellery/1850/white45/center.jpg,Colour Diam,Apparel & Accessories > Jewelry,,1,,,,unisex,,,adult,,,,,,,,,GIA,Fine Jewelry
1873,0.57 ct Fancy Light Brownish Yellow Diamond Ring | Colour Diam | 1873,Put 0.57 ct Fancy Light Brownish Yellow Diamond Ring on your personal shortlist. The listed clarity is SI2. The supplier specifies 18K for the setting. GIA is listed as the grading laboratory. Ask to review the original report before purchase. The supplier lists a jewellery weight of 5.82 g. Quote stock 1873 for current images and availability.,in stock,new,5408915.75 KRW,https://colourdiam.com/productdetail/1873,https://www.colourdiam.com/Product/Jewellery/1873/white45/center.jpg,Colour Diam,Apparel & Accessories > Jewelry,,1,,,,unisex,,,adult,,,,,,,,,GIA,Fine Jewelry
1913,0.70 ct Fancy Light Yellow Diamond Ring | Colour Diam | 1913,0.70 ct Fancy Light Yellow Diamond Ring brings its own character to your selection. The listed clarity is VS1. The supplier specifies 18K for the setting. GIA is listed as the grading laboratory. Ask to review the original report before purchase. The supplier lists a jewellery weight of 3.95 g. Quote stock 1913 for current images and availability.,in stock,new,3863511.25 KRW,https://colourdiam.com/productdetail/1913,https://www.colourdiam.com/Product/Jewellery/1913/white45/center.jpg,Colour Diam,Apparel & Accessories > Jewelry,,1,,,,unisex,,,adult,,,,,,,,,GIA,Fine Jewelry
1996_6379,0.96 ct Faint Pink Diamond Ring | Colour Diam | 1996_6379,Explore the details of 0.96 ct Faint Pink Diamond Ring. The listed clarity grades are SI1 / SI2. The supplier specifies 18K for the setting. GIA is listed as the grading laboratory. Ask to review the original report before purchase. The supplier lists a jewellery weight of 4.87 g. Quote stock 1996_6379 for current images and availability.,in stock,new,7727022.5 KRW,https://colourdiam.com/productdetail/Menu/1996/6379,https://www.colourdiam.com/Product/Jewellery/1996_6379/white45/center.jpg,Colour Diam,Apparel & Accessories > Jewelry,,1,,,,unisex,,,adult,,,,,,,,,GIA,Fine Jewelry
2048,0.99 ct Fancy Light Yellow Diamond Ring | Colour Diam | 2048,0.99 ct Fancy Light Yellow Diamond Ring brings its own character to your selection. The listed clarity is VVS1. The supplier specifies 18K for the setting. AGL is listed as the grading laboratory. Ask to review the original report before purchase. The supplier lists a jewellery weight of 3.047 g. Quote stock 2048 for current images and availability.,in stock,new,4945294.4 KRW,https://colourdiam.com/productdetail/2048,https://www.colourdiam.com/Product/Jewellery/2048/white45/center.jpg,Colour Diam,Apparel & Accessories > Jewelry,,1,,,,unisex,,,adult,,,,,,,,,AGL,Fine Jewelry
2150,0.80 ct Fancy Light Yellow Diamond Ring | Colour Diam | 2150,0.80 ct Fancy Light Yellow Diamond Ring brings its own character to your selection. The listed clarity is SI2. The supplier specifies 18K for the setting. GIA is listed as the grading laboratory. Ask to review the original report before purchase. The supplier lists a jewellery weight of 7.82 g. Quote stock 2150 for current images and availability.,in stock,new,5872537.1 KRW,https://colourdiam.com/productdetail/2150,https://www.colourdiam.com/Product/Jewellery/2150/white45/center.jpg,Colour Diam,Apparel & Accessories > Jewelry,,1,,,,unisex,,,adult,,,,,,,,,GIA,Fine Jewelry
2240,0.64 ct Fancy Pink Diamond Ring | Colour Diam | 2240,Find your next inspiration in 0.64 ct Fancy Pink Diamond Ring. The supplier specifies 18K for the setting. GIA is listed as the grading laboratory. Ask to review the original report before purchase. The supplier lists a jewellery weight of 2.82 g. Quote stock 2240 for current images and availability.,in stock,new,25499174.25 KRW,https://colourdiam.com/productdetail/2240,https://www.colourdiam.com/Product/Jewellery/2240/white45/center.jpg,Colour Diam,Apparel & Accessories > Jewelry,,1,,,,unisex,,,adult,,,,,,,,,GIA,Fine Jewelry
2253,0.64 ct Fancy Light Yellow - Green Diamond Ring | Colour Diam | 2253,Colour Diam presents 0.64 ct Fancy Light Yellow - Green Diamond Ring. The listed clarity is VS2. The supplier specifies 18K for the setting. GIA is listed as the grading laboratory. Ask to review the original report before purchase. The supplier lists a jewellery weight of 3.99 g. Quote stock 2253 for current images and availability.,in stock,new,5949807.33 KRW,https://colourdiam.com/productdetail/2253,https://www.colourdiam.com/Product/Jewellery/2253/white45/center.jpg,Colour Diam,Apparel & Accessories > Jewelry,,1,,,,unisex,,,adult,,,,,,,,,GIA,Fine Jewelry
2281,0.70 ct Light Green Diamond Ring | Colour Diam | 2281,Explore the details of 0.70 ct Light Green Diamond Ring. The listed clarity is I1. The supplier specifies 18K for the setting. GIA is listed as the grading laboratory. Ask to review the original report before purchase. The supplier lists a jewellery weight of 5.71 g. Quote stock 2281 for current images and availability.,in stock,new,7727022.5 KRW,https://colourdiam.com/productdetail/2281,https://www.colourdiam.com/Product/Jewellery/2281/white45/center.jpg,Colour Diam,Apparel & Accessories > Jewelry,,1,,,,unisex,,,adult,,,,,,,,,GIA,Fine Jewelry
2354,0.41 ct Fancy Light Purplish Pink Diamond Ring | Colour Diam | 2354,Find your next inspiration in 0.41 ct Fancy Light Purplish Pink Diamond Ring. The listed clarity is SI2. The supplier specifies 18K for the setting. GIA is listed as the grading laboratory. Ask to review the original report before purchase. Quote stock 2354 for current images and availability.,in stock,new,15454045 KRW,https://colourdiam.com/productdetail/2354,https://www.colourdiam.com/Product/Jewellery/2354/white45/center.jpg,Colour Diam,Apparel & Accessories > Jewelry,,1,,,,unisex,,,adult,,,,,,,,,GIA,Fine Jewelry
2376,0.83 ct Fancy Light Pinkish Brown Diamond Ring | Colour Diam | 2376,Discover 0.83 ct Fancy Light Pinkish Brown Diamond Ring with Colour Diam. The listed clarity is VS1. The supplier specifies 18K for the setting. GIA is listed as the grading laboratory. Ask to review the original report before purchase. Quote stock 2376 for current images and availability.,in stock,new,11590533.75 KRW,https://colourdiam.com/productdetail/2376,https://www.colourdiam.com/Product/Jewellery/2376/white45/center.jpg,Colour Diam,Apparel & Accessories > Jewelry,,1,,,,unisex,,,adult,,,,,,,,,GIA,Fine Jewelry
2379,0.353 ct Fancy Light Pink Diamond Ring | Colour Diam | 2379,Consider 0.353 ct Fancy Light Pink Diamond Ring for your next jewellery consultation. The listed clarity is VS. The supplier specifies 18K for the setting. AGL is listed as the grading laboratory. Ask to review the original report before purchase. The supplier lists a jewellery weight of 3.540 g. Quote stock 2379 for current images and availability.,in stock,new,5408915.75 KRW,https://colourdiam.com/productdetail/2379,https://www.colourdiam.com/Product/Jewellery/2379/white45/center.jpg,Colour Diam,Apparel & Accessories > Jewelry,,1,,,,unisex,,,adult,,,,,,,,,AGL,Fine Jewelry
2391_7808,1.15 ct fancy light yellow Diamond Ring | Colour Diam | 2391_7808,Consider 1.15 ct fancy light yellow Diamond Ring for your next jewellery consultation. The listed clarity grades are vvs1 / VS1. The supplier specifies 18K for the setting. GIA is listed as the grading laboratory. Ask to review the original report before purchase. The supplier lists a jewellery weight of 5.61 g. Quote stock 2391_7808 for current images and availability.,in stock,new,5408915.75 KRW,https://colourdiam.com/productdetail/Menu/2391/7808,https://www.colourdiam.com/Product/Jewellery/2391_7808/white45/center.jpg,Colour Diam,Apparel & Accessories > Jewelry,,1,,,,unisex,,,adult,,,,,,,,,GIA,Fine Jewelry
2518,1.01 ct Light Pink Diamond Ring | Colour Diam | 2518,Your search for colour continues with 1.01 ct Light Pink Diamond Ring. The supplier specifies 18K for the setting. GIA is listed as the grading laboratory. Ask to review the original report before purchase. Quote stock 2518 for current images and availability.,in stock,new,10045129.25 KRW,https://colourdiam.com/productdetail/2518,https://www.colourdiam.com/Product/Jewellery/2518/white45/center.jpg,Colour Diam,Apparel & Accessories > Jewelry,,1,,,,unisex,,,adult,,,,,,,,,GIA,Fine Jewelry
2553,2.04 ct Very Light Pink Diamond Ring | Colour Diam | 2553,2.04 ct Very Light Pink Diamond Ring: a piece to explore in detail. The listed clarity is SI1. The supplier specifies 18K for the setting. CGL is listed as the grading laboratory. Ask to review the original report before purchase. Quote stock 2553 for current images and availability.,in stock,new,33998899 KRW,https://colourdiam.com/productdetail/2553,https://www.colourdiam.com/Product/Jewellery/2553/white45/center.jpg,Colour Diam,Apparel & Accessories > Jewelry,,1,,,,unisex,,,adult,,,,,,,,,CGL,Fine Jewelry
2556,1.46 ct Fancy Orangy Pink Diamond Ring | Colour Diam | 2556,Discover 1.46 ct Fancy Orangy Pink Diamond Ring with Colour Diam. The supplier specifies 18K for the setting. GIA is listed as the grading laboratory. Ask to review the original report before purchase. The supplier lists a jewellery weight of 6.70 g. Quote stock 2556 for current images and availability.,in stock,new,46362135 KRW,https://colourdiam.com/productdetail/2556,https://www.colourdiam.com/Product/Jewellery/2556/white45/center.jpg,Colour Diam,Apparel & Accessories > Jewelry,,1,,,,unisex,,,adult,,,,,,,,,GIA,Fine Jewelry
2644,0.52 ct Fancy Light Gray Blue EMERALD RING | Colour Diam | 2644,Make 0.52 ct Fancy Light Gray Blue EMERALD RING the starting point of your colour story. The listed clarity is VVS1. The supplier specifies 18K for the setting. GIA is listed as the grading laboratory. Ask to review the original report before purchase. The supplier lists a jewellery weight of 6.56 g. Quote stock 2644 for current images and availability.,in stock,new,38635112.5 KRW,https://colourdiam.com/productdetail/2644,https://www.colourdiam.com/Product/Jewellery/2644/white45/center.jpg,Colour Diam,Apparel & Accessories > Jewelry,,1,,,,unisex,,,adult,,,,,,,,,GIA,Fine Jewelry
3061,1.01 ct Fancy Pinkish Brown Diamond Ring | Colour Diam | 3061,Make 1.01 ct Fancy Pinkish Brown Diamond Ring the starting point of your colour story. The listed clarity is I2. The supplier specifies 18K for the setting. GIA is listed as the grading laboratory. Ask to review the original report before purchase. The supplier lists a jewellery weight of 4.755 g. Quote stock 3061 for current images and availability.,in stock,new,9272427 KRW,https://colourdiam.com/productdetail/3061,https://www.colourdiam.com/Product/Jewellery/3061/white45/center.jpg,Colour Diam,Apparel & Accessories > Jewelry,,1,,,,unisex,,,adult,,,,,,,,,GIA,Fine Jewelry
3170,0.30 ct Diamond Ring | Colour Diam | 3170,Meet 0.30 ct Diamond Ring from Colour Diam. The listed clarity is IF. The supplier specifies 18K for the setting. GIA is listed as the grading laboratory. Ask to review the original report before purchase. The supplier lists a jewellery weight of 2.96 g. Quote stock 3170 for current images and availability.,in stock,new,2318106.75 KRW,https://colourdiam.com/productdetail/3170,https://www.colourdiam.com/Product/Jewellery/3170/white45/center.jpg,Colour Diam,Apparel & Accessories > Jewelry,,1,,,,unisex,,,adult,,,,,,,,,GIA,Fine Jewelry
3443_3444,0.73 ct Fancy Orangy Pink Diamond Earring | Colour Diam | 3443_3444,Discover 0.73 ct Fancy Orangy Pink Diamond Earring with Colour Diam. The listed clarity grades are SI1 / SI2. The supplier specifies 18K for the setting. GIA is listed as the grading laboratory. Ask to review the original report before purchase. The supplier lists a jewellery weight of 4.60 g. Quote stock 3443_3444 for current images and availability.,in stock,new,23181067.5 KRW,https://colourdiam.com/productdetail/Menu/3443/3444,https://colourdiam.com/Product/Jewellery/3443_3444/white45/center.jpg,Colour Diam,Apparel & Accessories > Jewelry,,1,,,,unisex,,,adult,,,,,,,,,GIA,Fine Jewelry
6321_3607,0.84 ct Light Pink Diamond Ring | Colour Diam | 6321_3607,Explore the details of 0.84 ct Light Pink Diamond Ring. The listed clarity grades are SI1 / VVS1. The supplier specifies 18K for the setting. GIA is listed as the grading laboratory. Ask to review the original report before purchase. The supplier lists a jewellery weight of 5.27 g. Quote stock 6321_3607 for current images and availability.,in stock,new,16226747.25 KRW,https://colourdiam.com/productdetail/Menu/6321/3607,https://colourdiam.com/Product/Jewellery/6321_3607/white45/center.jpg,Colour Diam,Apparel & Accessories > Jewelry,,1,,,,unisex,,,adult,,,,,,,,,GIA,Fine Jewelry
3608_3619,0.51 ct Fancy Pink Diamond Ring | Colour Diam | 3608_3619,Put 0.51 ct Fancy Pink Diamond Ring on your personal shortlist. The listed clarity is SI. The supplier specifies 18K for the setting. AGL is listed as the grading laboratory. Ask to review the original report before purchase. The supplier lists a jewellery weight of 3.683 g. Quote stock 3608_3619 for current images and availability.,in stock,new,6954320.25 KRW,https://colourdiam.com/productdetail/Menu/3608/3619,https://colourdiam.com/Product/Jewellery/3608_3619/white45/center.jpg,Colour Diam,Apparel & Accessories > Jewelry,,1,,,,unisex,,,adult,,,,,,,,,AGL,Fine Jewelry
3747,1.01 ct Diamond Ring | Colour Diam | 3747,Consider 1.01 ct Diamond Ring for your next jewellery consultation. The listed clarity is SI2. The supplier specifies 18K for the setting. IGI is listed as the grading laboratory. Ask to review the original report before purchase. The supplier lists a jewellery weight of 3.188 g. Quote stock 3747 for current images and availability.,in stock,new,3090809 KRW,https://colourdiam.com/productdetail/3747,https://www.colourdiam.com/Product/Jewellery/3747/white45/center.jpg,Colour Diam,Apparel & Accessories > Jewelry,,1,,,,unisex,,,adult,,,,,,,,,IGI,Fine Jewelry
3760,0.36 ct Fancy Light Greenish Yellow Diamond Ring | Colour Diam | 3760,Your search for colour continues with 0.36 ct Fancy Light Greenish Yellow Diamond Ring. The listed clarity is VS2. The supplier specifies 18K for the setting. GIA is listed as the grading laboratory. Ask to review the original report before purchase. The supplier lists a jewellery weight of 3.85 g. Quote stock 3760 for current images and availability.,in stock,new,3863511.25 KRW,https://colourdiam.com/productdetail/3760,https://colourdiam.com/Product/Jewellery/3760/white360/center.jpg,Colour Diam,Apparel & Accessories > Jewelry,,1,,,,unisex,,,adult,,,,,,,,,GIA,Fine Jewelry
3763,1.02 ct Fancy Light Yellow Diamond Ring | Colour Diam | 3763,Explore the details of 1.02 ct Fancy Light Yellow Diamond Ring. The listed clarity is I1. The supplier specifies 18K for the setting. GIA is listed as the grading laboratory. Ask to review the original report before purchase. The supplier lists a jewellery weight of 3.968 g. Quote stock 3763 for current images and availability.,in stock,new,4636213.5 KRW,https://colourdiam.com/productdetail/3763,https://colourdiam.com/Product/Jewellery/3763/white45/center.jpg,Colour Diam,Apparel & Accessories > Jewelry,,1,,,,unisex,,,adult,,,,,,,,,GIA,Fine Jewelry
3793,1.01 ct Light Pink Diamond Ring / Pendant | Colour Diam | 3793,Your search for colour continues with 1.01 ct Light Pink Diamond Ring / Pendant. The listed clarity is VS2. The supplier specifies 18K for the setting. GIA is listed as the grading laboratory. Ask to review the original report before purchase. Quote stock 3793 for current images and availability.,in stock,new,38635112.5 KRW,https://colourdiam.com/productdetail/3793,https://www.colourdiam.com/Product/Jewellery/3793/white45/center.jpg,Colour Diam,Apparel & Accessories > Jewelry,,1,,,,unisex,,,adult,,,,,,,,,GIA,Fine Jewelry
3967,1.51 ct Fancy Light Brownish Pink Diamond Ring | Colour Diam | 3967,Put 1.51 ct Fancy Light Brownish Pink Diamond Ring on your personal shortlist. The listed clarity is I1. The supplier specifies 18K for the setting. GIA is listed as the grading laboratory. Ask to review the original report before purchase. The supplier lists a jewellery weight of 4.734 g. Quote stock 3967 for current images and availability.,in stock,new,18544854 KRW,https://colourdiam.com/productdetail/3967,https://www.colourdiam.com/Product/Jewellery/3967/white45/center.jpg,Colour Diam,Apparel & Accessories > Jewelry,,1,,,,unisex,,,adult,,,,,,,,,GIA,Fine Jewelry
4059,1.01 ct Fancy Brown Pink Diamond Ring | Colour Diam | 4059,Discover 1.01 ct Fancy Brown Pink Diamond Ring with Colour Diam. The listed clarity is I1. The supplier specifies 18K for the setting. GIA is listed as the grading laboratory. Ask to review the original report before purchase. The supplier lists a jewellery weight of 4.20 g. Quote stock 4059 for current images and availability.,in stock,new,10817831.5 KRW,https://colourdiam.com/productdetail/4059,https://colourdiam.com/Product/Jewellery/4059/white45/center.jpg,Colour Diam,Apparel & Accessories > Jewelry,,1,,,,unisex,,,adult,,,,,,,,,GIA,Fine Jewelry
4085_4456_4800_5452_5554_5558_5592_5594_5598,3.19 ct Fancy Vivid Greenish Yellow Diamond Bracelet | Colour Diam | 4085_4456_4800_5452_5554_5558_5592_5594_5598,Take a closer look at 3.19 ct Fancy Vivid Greenish Yellow Diamond Bracelet. The listed clarity grades are VS1 / VVS2 / vvs2 / SI2 / SI1 / I1. The supplier specifies 18K for the setting. GIA is listed as the grading laboratory. Ask to review the original report before purchase. The supplier lists a jewellery weight of 11.82 g. Quote stock 4085_4456_4800_5452_5554_5558_5592_5594_5598 for current images and availability.,in stock,new,20090258.5 KRW,https://colourdiam.com/productdetail/Menu/4085/4456/4800/5452/5554/5558/5592/5594/5598,https://colourdiam.com/Product/Jewellery/4085_4456_4800_5452_5554_5558_5592_5594_5598/white360/center.jpg,Colour Diam,Apparel & Accessories > Jewelry,,1,,,,unisex,,,adult,,,,,,,,,GIA,Fine Jewelry
4191,0.52 ct Very light pink Diamond Ring | Colour Diam | 4191,0.52 ct Very light pink Diamond Ring: a piece to explore in detail. The listed clarity is VS2. The supplier specifies 18K for the setting. GIA is listed as the grading laboratory. Ask to review the original report before purchase. The supplier lists a jewellery weight of 7.70 g. Quote stock 4191 for current images and availability.,in stock,new,11590533.75 KRW,https://colourdiam.com/productdetail/4191,https://colourdiam.com/Product/Jewellery/4191/white45/center.jpg,Colour Diam,Apparel & Accessories > Jewelry,,1,,,,unisex,,,adult,,,,,,,,,GIA,Fine Jewelry
4193_4185_4184_4183_4180_4171_4169_4168_4167_4166_4124_4086_3953,5.90 ct fancy light pinkish brown Diamond Bracelet | Colour Diam | 4193_4185_4184_4183_4180_4171_4169_4168_4167_4166_4124_4086_3953,Consider 5.90 ct fancy light pinkish brown Diamond Bracelet for your next jewellery consultation. The listed clarity grades are SI1 / I1 / VS2 / VVS1 / SI2 / VVS2. The supplier specifies 18K for the setting. GIA is listed as the grading laboratory. Ask to review the original report before purchase. The supplier lists a jewellery weight of 31.33 g. Quote stock 4193_4185_4184_4183_4180_4171_4169_4168_4167_4166_4124_4086_3953 for current images and availability.,in stock,new,61816180 KRW,https://colourdiam.com/productdetail/Menu/4193/4185/4184/4183/4180/4171/4169/4168/4167/4166/4124/4086/3953,https://colourdiam.com/Product/Jewellery/4193_4185_4184_4183_4180_4171_4169_4168_4167_4166_4124_4086_3953/black360/CENTER.jpg,Colour Diam,Apparel & Accessories > Jewelry,,1,,,,unisex,,,adult,,,,,,,,,GIA,Fine Jewelry
4207_4208_4227_4553_5156_5183_5482,4.52 ct Fancy intense yellow Diamond Bracelet | Colour Diam | 4207_4208_4227_4553_5156_5183_5482,Your search for colour continues with 4.52 ct Fancy intense yellow Diamond Bracelet. The listed clarity grades are i1 / i2 / si1 / si2. The supplier specifies 18K for the setting. GIA is listed as the grading laboratory. Ask to review the original report before purchase. Quote stock 4207_4208_4227_4553_5156_5183_5482 for current images and availability.,in stock,new,18544854 KRW,https://colourdiam.com/productdetail/Menu/4207/4208/4227/4553/5156/5183/5482,https://colourdiam.com/Product/Jewellery/4207_4208_4227_4553_5156_5183_5482/white360/center.jpg,Colour Diam,Apparel & Accessories > Jewelry,,1,,,,unisex,,,adult,,,,,,,,,GIA,Fine Jewelry
4262,3.10 ct Diamond Ring | Colour Diam | 4262,3.10 ct Diamond Ring brings its own character to your selection. The listed clarity is Si1. The supplier specifies 18K for the setting. GIA is listed as the grading laboratory. Ask to review the original report before purchase. The supplier lists a jewellery weight of 8.93 g. Quote stock 4262 for current images and availability.,in stock,new,15452499.6 KRW,https://colourdiam.com/productdetail/4262,https://colourdiam.com/Product/Jewellery/4262/white45/center.jpg,Colour Diam,Apparel & Accessories > Jewelry,,1,,,,unisex,,,adult,,,,,,,,,GIA,Fine Jewelry
4268,2.00 ct Diamond Ring | Colour Diam | 4268,Find your next inspiration in 2.00 ct Diamond Ring. The listed clarity is I1. The supplier specifies 18K for the setting. GIA is listed as the grading laboratory. Ask to review the original report before purchase. The supplier lists a jewellery weight of 6.97 g. Quote stock 4268 for current images and availability.,in stock,new,9272427 KRW,https://colourdiam.com/productdetail/4268,https://www.colourdiam.com/Product/Jewellery/4268/white45/center.jpg,Colour Diam,Apparel & Accessories > Jewelry,,1,,,,unisex,,,adult,,,,,,,,,GIA,Fine Jewelry
4280,1.51 ct Fancy green Diamond Ring | Colour Diam | 4280,1.51 ct Fancy green Diamond Ring brings its own character to your selection. The listed clarity is vs. The supplier specifies 18K for the setting. AGL is listed as the grading laboratory. Ask to review the original report before purchase. The supplier lists a jewellery weight of 6.79 g. Quote stock 4280 for current images and availability.,in stock,new,10045129.25 KRW,https://colourdiam.com/productdetail/4280,https://colourdiam.com/Product/Jewellery/4280/white45/center.jpg,Colour Diam,Apparel & Accessories > Jewelry,,1,,,,unisex,,,adult,,,,,,,,,AGL,Fine Jewelry
4281,1.56 ct Fancy Green Diamond Ring | Colour Diam | 4281,Consider 1.56 ct Fancy Green Diamond Ring for your next jewellery consultation. The listed clarity is VS. The supplier specifies 18K for the setting. AGL is listed as the grading laboratory. Ask to review the original report before purchase. The supplier lists a jewellery weight of 6.778 g. Quote stock 4281 for current images and availability.,in stock,new,10045129.25 KRW,https://colourdiam.com/productdetail/4281,https://www.colourdiam.com/Product/Jewellery/4281/white45/center.jpg,Colour Diam,Apparel & Accessories > Jewelry,,1,,,,unisex,,,adult,,,,,,,,,AGL,Fine Jewelry
4282_4283,3.00 ct Diamond Earring | Colour Diam | 4282_4283,Discover 3.00 ct Diamond Earring with Colour Diam. The listed clarity is SI1. The supplier specifies 18K for the setting. GIA is listed as the grading laboratory. Ask to review the original report before purchase. The supplier lists a jewellery weight of 6.49 g. Quote stock 4282_4283 for current images and availability.,in stock,new,11590533.75 KRW,https://colourdiam.com/productdetail/Menu/4282/4283,https://colourdiam.com/Product/Jewellery/4282_4283/white360/center.jpg,Colour Diam,Apparel & Accessories > Jewelry,,1,,,,unisex,,,adult,,,,,,,,,GIA,Fine Jewelry
4286,1.01 ct Light Pink Diamond Ring | Colour Diam | 4286,Find your next inspiration in 1.01 ct Light Pink Diamond Ring. The listed clarity is I2. The supplier specifies 18K for the setting. GIA is listed as the grading laboratory. Ask to review the original report before purchase. The supplier lists a jewellery weight of 9.27 g. Quote stock 4286 for current images and availability.,in stock,new,23953769.75 KRW,https://colourdiam.com/productdetail/4286,https://colourdiam.com/Product/Jewellery/4286/white45/center.jpg,Colour Diam,Apparel & Accessories > Jewelry,,1,,,,unisex,,,adult,,,,,,,,,GIA,Fine Jewelry
4327_4328,2.01 ct Diamond Earring | Colour Diam | 4327_4328,Make 2.01 ct Diamond Earring the starting point of your colour story. The listed clarity is si1. The supplier specifies 18K for the setting. GIA is listed as the grading laboratory. Ask to review the original report before purchase. The supplier lists a jewellery weight of 4.6 g. Quote stock 4327_4328 for current images and availability.,in stock,new,9828772.62 KRW,https://colourdiam.com/productdetail/Menu/4327/4328,https://colourdiam.com/Product/Jewellery/4327_4328/white360/center.jpg,Colour Diam,Apparel & Accessories > Jewelry,,1,,,,unisex,,,adult,,,,,,,,,GIA,Fine Jewelry
4377,1.01 ct Diamond Ring | Colour Diam | 4377,Consider 1.01 ct Diamond Ring for your next jewellery consultation. The listed clarity is SI2. The supplier specifies 18K for the setting. IGI is listed as the grading laboratory. Ask to review the original report before purchase. The supplier lists a jewellery weight of 3.92 g. Quote stock 4377 for current images and availability.,in stock,new,4790753.95 KRW,https://colourdiam.com/productdetail/4377,https://colourdiam.com/Product/Jewellery/4377/black360/center.jpg,Colour Diam,Apparel & Accessories > Jewelry,,1,,,,unisex,,,adult,,,,,,,,,IGI,Fine Jewelry
4401_4402_4406_4409_4410_4422_4423_4354_4417,3.04 ct VERY LIGHT PINK Diamond Bracelet | Colour Diam | 4401_4402_4406_4409_4410_4422_4423_4354_4417,Find your next inspiration in 3.04 ct VERY LIGHT PINK Diamond Bracelet. The supplier specifies 18K for the setting. GIA is listed as the grading laboratory. Ask to review the original report before purchase. Quote stock 4401_4402_4406_4409_4410_4422_4423_4354_4417 for current images and availability.,in stock,new,27817281 KRW,https://colourdiam.com/productdetail/Menu/4401/4402/4406/4409/4410/4422/4423/4354/4417,https://colourdiam.com/Product/Jewellery/4401_4402_4406_4409_4410_4422_4423_4354_4417/white360/center.jpg,Colour Diam,Apparel & Accessories > Jewelry,,1,,,,unisex,,,adult,,,,,,,,,GIA,Fine Jewelry
4403,0.57 ct Faint Pinkish Brown Diamond Ring | Colour Diam | 4403,Meet 0.57 ct Faint Pinkish Brown Diamond Ring from Colour Diam. The listed clarity is I1. The supplier specifies 18K for the setting. GIA is listed as the grading laboratory. Ask to review the original report before purchase. The supplier lists a jewellery weight of 5.61 g. Quote stock 4403 for current images and availability.,in stock,new,6954320.25 KRW,https://colourdiam.com/productdetail/4403,https://colourdiam.com/Product/Jewellery/4403/white45/center.jpg,Colour Diam,Apparel & Accessories > Jewelry,,1,,,,unisex,,,adult,,,,,,,,,GIA,Fine Jewelry
4415,0.62 ct Very Light Pink Diamond Ring | Colour Diam | 4415,Find your next inspiration in 0.62 ct Very Light Pink Diamond Ring. The listed clarity is SI2. The supplier specifies 18K for the setting. GIA is listed as the grading laboratory. Ask to review the original report before purchase. The supplier lists a jewellery weight of 4.80 g. Quote stock 4415 for current images and availability.,in stock,new,8963346.1 KRW,https://colourdiam.com/productdetail/4415,https://www.colourdiam.com/Product/Jewellery/4415/white45/center.jpg,Colour Diam,Apparel & Accessories > Jewelry,,1,,,,unisex,,,adult,,,,,,,,,GIA,Fine Jewelry
4416,0.52 ct Very Light Pink Diamond Ring | Colour Diam | 4416,0.52 ct Very Light Pink Diamond Ring: a piece to explore in detail. The listed clarity is I3. The supplier specifies 18K for the setting. GIA is listed as the grading laboratory. Ask to review the original report before purchase. Quote stock 4416 for current images and availability.,in stock,new,6954320.25 KRW,https://colourdiam.com/productdetail/4416,https://colourdiam.com/Product/Jewellery/4416/white45/center.jpg,Colour Diam,Apparel & Accessories > Jewelry,,1,,,,unisex,,,adult,,,,,,,,,GIA,Fine Jewelry
3400_4462,1.00 ct Faint Pink Diamond Earring | Colour Diam | 3400_4462,Your search for colour continues with 1.00 ct Faint Pink Diamond Earring. The listed clarity grades are SI1 / SI2. The supplier specifies 18K for the setting. GIA is listed as the grading laboratory. Ask to review the original report before purchase. The supplier lists a jewellery weight of 11.32 g. Quote stock 3400_4462 for current images and availability.,in stock,new,6181618 KRW,https://colourdiam.com/productdetail/Menu/3400/4462,https://www.colourdiam.com/Product/Jewellery/3400_4462/white45/center.jpg,Colour Diam,Apparel & Accessories > Jewelry,,1,,,,unisex,,,adult,,,,,,,,,GIA,Fine Jewelry
4468,0.90 ct Very Light Pink Diamond Ring | Colour Diam | 4468,Your search for colour continues with 0.90 ct Very Light Pink Diamond Ring. The listed clarity is SI2. The supplier specifies 18K for the setting. GIA is listed as the grading laboratory. Ask to review the original report before purchase. The supplier lists a jewellery weight of 4.09 g. Quote stock 4468 for current images and availability.,in stock,new,23181067.5 KRW,https://colourdiam.com/productdetail/4468,https://colourdiam.com/Product/Jewellery/4468/white45/center.jpg,Colour Diam,Apparel & Accessories > Jewelry,,1,,,,unisex,,,adult,,,,,,,,,GIA,Fine Jewelry
4509,1.02 ct Faint Pink Diamond Ring | Colour Diam | 4509,Colour Diam presents 1.02 ct Faint Pink Diamond Ring. The listed clarity is SI2. The supplier specifies 18K for the setting. GIA is listed as the grading laboratory. Ask to review the original report before purchase. The supplier lists a jewellery weight of 7.20 g. Quote stock 4509 for current images and availability.,in stock,new,25499174.25 KRW,https://colourdiam.com/productdetail/4509,https://colourdiam.com/Product/Jewellery/4509/white45/center.jpg,Colour Diam,Apparel & Accessories > Jewelry,,1,,,,unisex,,,adult,,,,,,,,,GIA,Fine Jewelry
4510,1.15 ct Light Pinkish Brown Diamond Ring | Colour Diam | 4510,Make 1.15 ct Light Pinkish Brown Diamond Ring the starting point of your colour story. The listed clarity is SI2. The supplier specifies 18K for the setting. GIA is listed as the grading laboratory. Ask to review the original report before purchase. The supplier lists a jewellery weight of 5.812 g. Quote stock 4510 for current images and availability.,in stock,new,17772151.75 KRW,https://colourdiam.com/productdetail/4510,https://colourdiam.com/Product/Jewellery/4510/white45/center.jpg,Colour Diam,Apparel & Accessories > Jewelry,,1,,,,unisex,,,adult,,,,,,,,,GIA,Fine Jewelry
4520,0.40 ct Very Light Pink Diamond Ring | Colour Diam | 4520,Meet 0.40 ct Very Light Pink Diamond Ring from Colour Diam. The listed clarity is SI1. The supplier specifies 18K for the setting. GIA is listed as the grading laboratory. Ask to review the original report before purchase. The supplier lists a jewellery weight of 6.42 g. Quote stock 4520 for current images and availability.,in stock,new,8499724.75 KRW,https://colourdiam.com/productdetail/4520,https://www.colourdiam.com/Product/Jewellery/4520/white45/center.jpg,Colour Diam,Apparel & Accessories > Jewelry,,1,,,,unisex,,,adult,,,,,,,,,GIA,Fine Jewelry
4551,0.91 ct Fancy yellow Diamond Ring | Colour Diam | 4551,0.91 ct Fancy yellow Diamond Ring: a piece to explore in detail. The listed clarity is I2. The supplier specifies 18K for the setting. GIA is listed as the grading laboratory. Ask to review the original report before purchase. The supplier lists a jewellery weight of 3.80 g. Quote stock 4551 for current images and availability.,in stock,new,4172592.15 KRW,https://colourdiam.com/productdetail/4551,https://colourdiam.com/Product/Jewellery/4551/white45/center.jpg,Colour Diam,Apparel & Accessories > Jewelry,,1,,,,unisex,,,adult,,,,,,,,,GIA,Fine Jewelry
4643,1.00 ct fancy yellow Diamond Ring | Colour Diam | 4643,Take a closer look at 1.00 ct fancy yellow Diamond Ring. The listed clarity is Si2. The supplier specifies 18K for the setting. GIA is listed as the grading laboratory. Ask to review the original report before purchase. The supplier lists a jewellery weight of 5.74 g. Quote stock 4643 for current images and availability.,in stock,new,6181618 KRW,https://colourdiam.com/productdetail/4643,https://colourdiam.com/Product/Jewellery/4643/white45/center.jpg,Colour Diam,Apparel & Accessories > Jewelry,,1,,,,unisex,,,adult,,,,,,,,,GIA,Fine Jewelry
4649,0.82 ct Faint Pink Diamond Ring | Colour Diam | 4649,Meet 0.82 ct Faint Pink Diamond Ring from Colour Diam. The listed clarity is SI1. The supplier specifies 18K for the setting. GIA is listed as the grading laboratory. Ask to review the original report before purchase. The supplier lists a jewellery weight of 7.99 g. Quote stock 4649 for current images and availability.,in stock,new,11590533.75 KRW,https://colourdiam.com/productdetail/4649,https://colourdiam.com/Product/Jewellery/4649/white45/center.jpg,Colour Diam,Apparel & Accessories > Jewelry,,1,,,,unisex,,,adult,,,,,,,,,GIA,Fine Jewelry
4874_4676,2.04 ct Light Green Yellow Diamond Ring | Colour Diam | 4874_4676,Meet 2.04 ct Light Green Yellow Diamond Ring from Colour Diam. The listed clarity is I1. The supplier specifies 18K for the setting. GIA is listed as the grading laboratory. Ask to review the original report before purchase. The supplier lists a jewellery weight of 4.191 g. Quote stock 4874_4676 for current images and availability.,in stock,new,15454045 KRW,https://colourdiam.com/productdetail/Menu/4874/4676,https://www.colourdiam.com/Product/Jewellery/4874_4676/white45/center.jpg,Colour Diam,Apparel & Accessories > Jewelry,,1,,,,unisex,,,adult,,,,,,,,,GIA,Fine Jewelry
4686,0.50 ct Faint Pink Diamond Ring | Colour Diam | 4686,Discover 0.50 ct Faint Pink Diamond Ring with Colour Diam. The listed clarity is Vs2. The supplier specifies 18K for the setting. GIA is listed as the grading laboratory. Ask to review the original report before purchase. The supplier lists a jewellery weight of 5.252 g. Quote stock 4686 for current images and availability.,in stock,new,10045129.25 KRW,https://colourdiam.com/productdetail/4686,https://www.colourdiam.com/Product/Jewellery/4686/white45/center.jpg,Colour Diam,Apparel & Accessories > Jewelry,,1,,,,unisex,,,adult,,,,,,,,,GIA,Fine Jewelry
4691,1.00 ct Light Pinkish Brown Diamond Ring | Colour Diam | 4691,1.00 ct Light Pinkish Brown Diamond Ring brings its own character to your selection. The listed clarity is I1. The supplier specifies 18K for the setting. GIA is listed as the grading laboratory. Ask to review the original report before purchase. The supplier lists a jewellery weight of 4.52 g. Quote stock 4691 for current images and availability.,in stock,new,9272427 KRW,https://colourdiam.com/productdetail/4691,https://colourdiam.com/Product/Jewellery/4691/white45/center.jpg,Colour Diam,Apparel & Accessories > Jewelry,,1,,,,unisex,,,adult,,,,,,,,,GIA,Fine Jewelry
4725,0.84 ct Fancy Grayish Green Diamond Ring | Colour Diam | 4725,Colour Diam presents 0.84 ct Fancy Grayish Green Diamond Ring. The listed clarity is VS2. The supplier specifies 18K for the setting. GIA is listed as the grading laboratory. Ask to review the original report before purchase. The supplier lists a jewellery weight of 5.81 g. Quote stock 4725 for current images and availability.,in stock,new,10045129.25 KRW,https://colourdiam.com/productdetail/4725,https://colourdiam.com/Product/Jewellery/4725/white45/center.jpg,Colour Diam,Apparel & Accessories > Jewelry,,1,,,,unisex,,,adult,,,,,,,,,GIA,Fine Jewelry
4747,0.83 ct FANCY LIGHT GREEN Diamond Ring | Colour Diam | 4747,Your search for colour continues with 0.83 ct FANCY LIGHT GREEN Diamond Ring. The listed clarity is VS2. The supplier specifies 18K for the setting. GIA is listed as the grading laboratory. Ask to review the original report before purchase. The supplier lists a jewellery weight of 5.15 g. Quote stock 4747 for current images and availability.,in stock,new,8499724.75 KRW,https://colourdiam.com/productdetail/4747,https://colourdiam.com/Product/Jewellery/4747/black360/center.jpg,Colour Diam,Apparel & Accessories > Jewelry,,1,,,,unisex,,,adult,,,,,,,,,GIA,Fine Jewelry
4774,1.00 ct Diamond Ring | Colour Diam | 4774,Make 1.00 ct Diamond Ring the starting point of your colour story. The listed clarity is VS2. The supplier specifies 18K for the setting. GIA is listed as the grading laboratory. Ask to review the original report before purchase. The supplier lists a jewellery weight of 4.184 g. Quote stock 4774 for current images and availability.,in stock,new,4636213.5 KRW,https://colourdiam.com/productdetail/4774,https://colourdiam.com/Product/Jewellery/4774/white45/center.jpg,Colour Diam,Apparel & Accessories > Jewelry,,1,,,,unisex,,,adult,,,,,,,,,GIA,Fine Jewelry
4789,0.71 ct Faint Pink Diamond Ring | Colour Diam | 4789,Make 0.71 ct Faint Pink Diamond Ring the starting point of your colour story. The listed clarity is I1. The supplier specifies 18K for the setting. GIA is listed as the grading laboratory. Ask to review the original report before purchase. The supplier lists a jewellery weight of 4.97 g. Quote stock 4789 for current images and availability.,in stock,new,13135938.25 KRW,https://colourdiam.com/productdetail/4789,https://colourdiam.com/Product/Jewellery/4789/white45/center.jpg,Colour Diam,Apparel & Accessories > Jewelry,,1,,,,unisex,,,adult,,,,,,,,,GIA,Fine Jewelry
4849,0.33 ct Faint Pink Diamond Ring | Colour Diam | 4849,Explore the details of 0.33 ct Faint Pink Diamond Ring. The listed clarity is I1. The supplier specifies 18K for the setting. GIA is listed as the grading laboratory. Ask to review the original report before purchase. The supplier lists a jewellery weight of 5.39 g. Quote stock 4849 for current images and availability.,in stock,new,6181618 KRW,https://colourdiam.com/productdetail/4849,https://colourdiam.com/Product/Jewellery/4849/white45/center.jpg,Colour Diam,Apparel & Accessories > Jewelry,,1,,,,unisex,,,adult,,,,,,,,,GIA,Fine Jewelry
4917,1.01 ct Very Light Pink Diamond Ring / Pendant | Colour Diam | 4917,Consider 1.01 ct Very Light Pink Diamond Ring / Pendant for your next jewellery consultation. The listed clarity is SI2. The supplier specifies 18K for the setting. GIA is listed as the grading laboratory. Ask to review the original report before purchase. The supplier lists a jewellery weight of 5.74 g. Quote stock 4917 for current images and availability.,in stock,new,21635663 KRW,https://colourdiam.com/productdetail/4917,https://colourdiam.com/Product/Jewellery/4917/white45/center.jpg,Colour Diam,Apparel & Accessories > Jewelry,,1,,,,unisex,,,adult,,,,,,,,,GIA,Fine Jewelry
4976,0.50 ct very Light Green Yellow Diamond Ring | Colour Diam | 4976,Find your next inspiration in 0.50 ct very Light Green Yellow Diamond Ring. The listed clarity is Si1. The supplier specifies 18K for the setting. GIA is listed as the grading laboratory. Ask to review the original report before purchase. The supplier lists a jewellery weight of 4.45 g. Quote stock 4976 for current images and availability.,in stock,new,4636213.5 KRW,https://colourdiam.com/productdetail/4976,https://colourdiam.com/Product/Jewellery/4976/white45/center.jpg,Colour Diam,Apparel & Accessories > Jewelry,,1,,,,unisex,,,adult,,,,,,,,,GIA,Fine Jewelry
5052,2.16 ct Fancy Yellow Green EMERALD Ring | Colour Diam | 5052,Discover 2.16 ct Fancy Yellow Green EMERALD Ring with Colour Diam. The listed clarity is SI2. The supplier specifies 18K for the setting. GIA is listed as the grading laboratory. Ask to review the original report before purchase. The supplier lists a jewellery weight of 5.585 g. Quote stock 5052 for current images and availability.,in stock,new,33226196.75 KRW,https://colourdiam.com/productdetail/5052,https://colourdiam.com/Product/Jewellery/5052/black360/center.jpg,Colour Diam,Apparel & Accessories > Jewelry,,1,,,,unisex,,,adult,,,,,,,,,GIA,Fine Jewelry
4907_5148_5163_5164_5159_5460,2.41 ct Fancy Light Brown Pink Diamond Bracelet | Colour Diam | 4907_5148_5163_5164_5159_5460,Explore the details of 2.41 ct Fancy Light Brown Pink Diamond Bracelet. The listed clarity grades are vs2 / I1 / Si1 / Vs2 / si1 / Vs1. The supplier specifies 18K for the setting. GIA is listed as the grading laboratory. Ask to review the original report before purchase. The supplier lists a jewellery weight of 5.719 g. Quote stock 4907_5148_5163_5164_5159_5460 for current images and availability.,in stock,new,15454045 KRW,https://colourdiam.com/productdetail/Menu/4907/5148/5163/5164/5159/5460,https://colourdiam.com/Product/Jewellery/4907_5148_5163_5164_5159_5460/white360/center.jpg,Colour Diam,Apparel & Accessories > Jewelry,,1,,,,unisex,,,adult,,,,,,,,,GIA,Fine Jewelry
5171,0.52 ct Very Light Pink Diamond Ring | Colour Diam | 5171,0.52 ct Very Light Pink Diamond Ring brings its own character to your selection. The listed clarity is Si2. The supplier specifies 18K for the setting. GIA is listed as the grading laboratory. Ask to review the original report before purchase. The supplier lists a jewellery weight of 5.96 g. Quote stock 5171 for current images and availability.,in stock,new,9272427 KRW,https://colourdiam.com/productdetail/5171,https://colourdiam.com/Product/Jewellery/5171/white45/center.jpg,Colour Diam,Apparel & Accessories > Jewelry,,1,,,,unisex,,,adult,,,,,,,,,GIA,Fine Jewelry
5201,1.01 ct Fancy Pink Diamond Ring | Colour Diam | 5201,1.01 ct Fancy Pink Diamond Ring brings its own character to your selection. The listed clarity is VS. The supplier specifies 18K for the setting. AGL is listed as the grading laboratory. Ask to review the original report before purchase. The supplier lists a jewellery weight of 5.77 g. Quote stock 5201 for current images and availability.,in stock,new,9272427 KRW,https://colourdiam.com/productdetail/5201,https://colourdiam.com/Product/Jewellery/5201/white45/center.jpg,Colour Diam,Apparel & Accessories > Jewelry,,1,,,,unisex,,,adult,,,,,,,,,AGL,Fine Jewelry
5212,0.50 ct Very Light Pink Diamond Ring | Colour Diam | 5212,Your search for colour continues with 0.50 ct Very Light Pink Diamond Ring. The listed clarity is VS2. The supplier specifies 18K for the setting. GIA is listed as the grading laboratory. Ask to review the original report before purchase. The supplier lists a jewellery weight of 5.53 g. Quote stock 5212 for current images and availability.,in stock,new,10817831.5 KRW,https://colourdiam.com/productdetail/5212,https://www.colourdiam.com/Product/Jewellery/5212/white45/center.jpg,Colour Diam,Apparel & Accessories > Jewelry,,1,,,,unisex,,,adult,,,,,,,,,GIA,Fine Jewelry
5228,0.60 ct Very Light Pink Diamond Ring | Colour Diam | 5228,Meet 0.60 ct Very Light Pink Diamond Ring from Colour Diam. The listed clarity is SI1. The supplier specifies 18K for the setting. GIA is listed as the grading laboratory. Ask to review the original report before purchase. The supplier lists a jewellery weight of 5.42 g. Quote stock 5228 for current images and availability.,in stock,new,16226747.25 KRW,https://colourdiam.com/productdetail/5228,https://colourdiam.com/Product/Jewellery/5228/white45/center.jpg,Colour Diam,Apparel & Accessories > Jewelry,,1,,,,unisex,,,adult,,,,,,,,,GIA,Fine Jewelry
5335,0.31 ct Light Pink Diamond Ring | Colour Diam | 5335,Make 0.31 ct Light Pink Diamond Ring the starting point of your colour story. The listed clarity is I3. The supplier specifies 18K for the setting. GIA is listed as the grading laboratory. Ask to review the original report before purchase. The supplier lists a jewellery weight of 3.04 g. Quote stock 5335 for current images and availability.,in stock,new,3090809 KRW,https://colourdiam.com/productdetail/5335,https://colourdiam.com/Product/Jewellery/5335/white45/center.jpg,Colour Diam,Apparel & Accessories > Jewelry,,1,,,,unisex,,,adult,,,,,,,,,GIA,Fine Jewelry
5229_6619,1.20 ct Fancy Brownish Greenish Yellow Diamond Ring | Colour Diam | 5229_6619,Meet 1.20 ct Fancy Brownish Greenish Yellow Diamond Ring from Colour Diam. The listed clarity is SI1. The supplier specifies 18K for the setting. GIA is listed as the grading laboratory. Ask to review the original report before purchase. The supplier lists a jewellery weight of 3.28 g. Quote stock 5229_6619 for current images and availability.,in stock,new,6954320.25 KRW,https://colourdiam.com/productdetail/Menu/5229/6619,https://www.colourdiam.com/Product/Jewellery/5229_6619/white45/center.jpg,Colour Diam,Apparel & Accessories > Jewelry,,1,,,,unisex,,,adult,,,,,,,,,GIA,Fine Jewelry
5402_5001,1.33 ct Fancy Light Yellow Diamond Ring | Colour Diam | 5402_5001,1.33 ct Fancy Light Yellow Diamond Ring brings its own character to your selection. The listed clarity is VS1. The supplier specifies 18K for the setting. GIA is listed as the grading laboratory. Ask to review the original report before purchase. Quote stock 5402_5001 for current images and availability.,in stock,new,6181618 KRW,https://colourdiam.com/productdetail/Menu/5402/5001,https://colourdiam.com/Product/Jewellery/5402_5001/black45/center.jpg,Colour Diam,Apparel & Accessories > Jewelry,,1,,,,unisex,,,adult,,,,,,,,,GIA,Fine Jewelry
5409,0.71 ct Light Pink Diamond Ring | Colour Diam | 5409,Discover 0.71 ct Light Pink Diamond Ring with Colour Diam. The listed clarity is I2. The supplier specifies 18K for the setting. GIA is listed as the grading laboratory. Ask to review the original report before purchase. The supplier lists a jewellery weight of 5.31 g. Quote stock 5409 for current images and availability.,in stock,new,6954320.25 KRW,https://colourdiam.com/productdetail/5409,https://colourdiam.com/Product/Jewellery/5409/white45/center.jpg,Colour Diam,Apparel & Accessories > Jewelry,,1,,,,unisex,,,adult,,,,,,,,,GIA,Fine Jewelry
5427,0.57 ct Fancy Light Bluish Green Diamond Ring | Colour Diam | 5427,Discover 0.57 ct Fancy Light Bluish Green Diamond Ring with Colour Diam. The listed clarity is SI2. The supplier specifies 18K for the setting. GIA is listed as the grading laboratory. Ask to review the original report before purchase. The supplier lists a jewellery weight of 6.954 g. Quote stock 5427 for current images and availability.,in stock,new,10817831.5 KRW,https://colourdiam.com/productdetail/5427,https://colourdiam.com/Product/Jewellery/5427/white45/center.jpg,Colour Diam,Apparel & Accessories > Jewelry,,1,,,,unisex,,,adult,,,,,,,,,GIA,Fine Jewelry
5448,"1.29 ct fancy light brownish yellow Diamond Ring, Ring | Colour Diam | 5448","Consider 1.29 ct fancy light brownish yellow Diamond Ring, Ring for your next jewellery consultation. The listed clarity is vvs2. The supplier specifies 18K for the setting. GIA is listed as the grading laboratory. Ask to review the original report before purchase. The supplier lists a jewellery weight of 4.54 g. Quote stock 5448 for current images and availability.",in stock,new,8499724.75 KRW,https://colourdiam.com/productdetail/5448,https://colourdiam.com/Product/Jewellery/5448/white45/center.jpg,Colour Diam,Apparel & Accessories > Jewelry,,1,,,,unisex,,,adult,,,,,,,,,GIA,Fine Jewelry
5465,0.43 ct Faint Pink Diamond Ring | Colour Diam | 5465,0.43 ct Faint Pink Diamond Ring brings its own character to your selection. The listed clarity is I2. The supplier specifies 18K for the setting. GIA is listed as the grading laboratory. Ask to review the original report before purchase. The supplier lists a jewellery weight of 5.11 g. Quote stock 5465 for current images and availability.,in stock,new,8499724.75 KRW,https://colourdiam.com/productdetail/5465,https://colourdiam.com/Product/Jewellery/5465/white45/center.jpg,Colour Diam,Apparel & Accessories > Jewelry,,1,,,,unisex,,,adult,,,,,,,,,GIA,Fine Jewelry
5528_5170,2.02 ct FANCY BROWNISH YELLOW Diamond Ring | Colour Diam | 5528_5170,Colour Diam presents 2.02 ct FANCY BROWNISH YELLOW Diamond Ring. The listed clarity is SI1. The supplier specifies 18K for the setting. GIA is listed as the grading laboratory. Ask to review the original report before purchase. The supplier lists a jewellery weight of 4.15 g. Quote stock 5528_5170 for current images and availability.,in stock,new,10045129.25 KRW,https://colourdiam.com/productdetail/Menu/5528/5170,https://colourdiam.com/Product/Jewellery/5528_5170/white45/center.jpg,Colour Diam,Apparel & Accessories > Jewelry,,1,,,,unisex,,,adult,,,,,,,,,GIA,Fine Jewelry
5531,2.01 ct FANCY BROWNISH YELLOW Diamond Ring | Colour Diam | 5531,2.01 ct FANCY BROWNISH YELLOW Diamond Ring brings its own character to your selection. The listed clarity is SI2. The supplier specifies 18K for the setting. GIA is listed as the grading laboratory. Ask to review the original report before purchase. The supplier lists a jewellery weight of 5.68 g. Quote stock 5531 for current images and availability.,in stock,new,7727022.5 KRW,https://colourdiam.com/productdetail/5531,https://colourdiam.com/Product/Jewellery/5531/white45/center.jpg,Colour Diam,Apparel & Accessories > Jewelry,,1,,,,unisex,,,adult,,,,,,,,,GIA,Fine Jewelry
5545_5581_4685,1.40 ct Faint Pink Diamond Ring | Colour Diam | 5545_5581_4685,Consider 1.40 ct Faint Pink Diamond Ring for your next jewellery consultation. The listed clarity grades are Vs1 / Vs2 / Si1. The supplier specifies 18K for the setting. GIA is listed as the grading laboratory. Ask to review the original report before purchase. The supplier lists a jewellery weight of 10.38 g. Quote stock 5545_5581_4685 for current images and availability.,in stock,new,22408365.25 KRW,https://colourdiam.com/productdetail/Menu/5545/5581/4685,https://colourdiam.com/Product/Jewellery/5545_5581_4685/white45/center.jpg,Colour Diam,Apparel & Accessories > Jewelry,,1,,,,unisex,,,adult,,,,,,,,,GIA,Fine Jewelry
5547,2.38 ct Fancy Light Greenish Yellow Diamond Ring | Colour Diam | 5547,Consider 2.38 ct Fancy Light Greenish Yellow Diamond Ring for your next jewellery consultation. The listed clarity is Vs1. The supplier specifies 18K for the setting. GIA is listed as the grading laboratory. Ask to review the original report before purchase. The supplier lists a jewellery weight of 3.55 g. Quote stock 5547 for current images and availability.,in stock,new,28589983.25 KRW,https://colourdiam.com/productdetail/5547,https://colourdiam.com/Product/Jewellery/5547/white45/center.jpg,Colour Diam,Apparel & Accessories > Jewelry,,1,,,,unisex,,,adult,,,,,,,,,GIA,Fine Jewelry
5551,1.50 ct Light Pink Diamond Ring | Colour Diam | 5551,Make 1.50 ct Light Pink Diamond Ring the starting point of your colour story. The listed clarity is Si2. The supplier specifies 18K for the setting. GIA is listed as the grading laboratory. Ask to review the original report before purchase. The supplier lists a jewellery weight of 5.75 g. Quote stock 5551 for current images and availability.,in stock,new,43271326 KRW,https://colourdiam.com/productdetail/5551,https://colourdiam.com/Product/Jewellery/5551/white45/center.jpg,Colour Diam,Apparel & Accessories > Jewelry,,1,,,,unisex,,,adult,,,,,,,,,GIA,Fine Jewelry
5585_5361,1.74 ct Fancy Light Greenish Yellow Diamond Ring | Colour Diam | 5585_5361,Consider 1.74 ct Fancy Light Greenish Yellow Diamond Ring for your next jewellery consultation. The listed clarity is si2. The supplier specifies 18K for the setting. GIA is listed as the grading laboratory. Ask to review the original report before purchase. The supplier lists a jewellery weight of 4.70 g. Quote stock 5585_5361 for current images and availability.,in stock,new,23181067.5 KRW,https://colourdiam.com/productdetail/Menu/5585/5361,https://colourdiam.com/Product/Jewellery/5585_5361/white45/CENTER.jpg,Colour Diam,Apparel & Accessories > Jewelry,,1,,,,unisex,,,adult,,,,,,,,,GIA,Fine Jewelry
5595,0.31 ct Faint Pink Diamond Ring | Colour Diam | 5595,Discover 0.31 ct Faint Pink Diamond Ring with Colour Diam. The listed clarity is Vs2. The supplier specifies 18K for the setting. GIA is listed as the grading laboratory. Ask to review the original report before purchase. The supplier lists a jewellery weight of 3.84 g. Quote stock 5595 for current images and availability.,in stock,new,6181618 KRW,https://colourdiam.com/productdetail/5595,https://colourdiam.com/Product/Jewellery/5595/white45/center.jpg,Colour Diam,Apparel & Accessories > Jewelry,,1,,,,unisex,,,adult,,,,,,,,,GIA,Fine Jewelry
5596,0.51 ct Faint Pink Diamond Ring | Colour Diam | 5596,Explore the details of 0.51 ct Faint Pink Diamond Ring. The listed clarity is SI1. The supplier specifies 18K for the setting. GIA is listed as the grading laboratory. Ask to review the original report before purchase. The supplier lists a jewellery weight of 3.03 g. Quote stock 5596 for current images and availability.,in stock,new,9272427 KRW,https://colourdiam.com/productdetail/5596,https://colourdiam.com/Product/Jewellery/5596/white45/center.jpg,Colour Diam,Apparel & Accessories > Jewelry,,1,,,,unisex,,,adult,,,,,,,,,GIA,Fine Jewelry
5597,0.32 ct Faint Pink Diamond Ring | Colour Diam | 5597,0.32 ct Faint Pink Diamond Ring brings its own character to your selection. The listed clarity is VVS2. The supplier specifies 18K for the setting. GIA is listed as the grading laboratory. Ask to review the original report before purchase. The supplier lists a jewellery weight of 4.5 g. Quote stock 5597 for current images and availability.,in stock,new,6181618 KRW,https://colourdiam.com/productdetail/5597,https://colourdiam.com/Product/Jewellery/5597/white45/center.jpg,Colour Diam,Apparel & Accessories > Jewelry,,1,,,,unisex,,,adult,,,,,,,,,GIA,Fine Jewelry
5610_5611,0.70 ct Faint Pink Diamond Earring | Colour Diam | 5610_5611,Discover 0.70 ct Faint Pink Diamond Earring with Colour Diam. The listed clarity grades are Vs1 / vvs2. The supplier specifies 18K for the setting. GIA is listed as the grading laboratory. Ask to review the original report before purchase. The supplier lists a jewellery weight of 2.91 g. Quote stock 5610_5611 for current images and availability.,in stock,new,7727022.5 KRW,https://colourdiam.com/productdetail/Menu/5610/5611,https://colourdiam.com/Product/Jewellery/5610_5611/black45/center.jpg,Colour Diam,Apparel & Accessories > Jewelry,,1,,,,unisex,,,adult,,,,,,,,,GIA,Fine Jewelry
5618_5658,3.25 ct FANCY GREEN Diamond Ring | Colour Diam | 5618_5658,Put 3.25 ct FANCY GREEN Diamond Ring on your personal shortlist. The listed clarity is VS1. The supplier specifies 18K for the setting. AGL is listed as the grading laboratory. Ask to review the original report before purchase. The supplier lists a jewellery weight of 3.80 g. Quote stock 5618_5658 for current images and availability.,in stock,new,32453494.5 KRW,https://colourdiam.com/productdetail/Menu/5618/5658,https://colourdiam.com/Product/Jewellery/5618_5658/white45/center.jpg,Colour Diam,Apparel & Accessories > Jewelry,,1,,,,unisex,,,adult,,,,,,,,,AGL,Fine Jewelry
5699,0.27 ct Fancy Yellow Diamond Ring | Colour Diam | 5699,Take a closer look at 0.27 ct Fancy Yellow Diamond Ring. The listed clarity is SI. The supplier specifies 18K for the setting. AGL is listed as the grading laboratory. Ask to review the original report before purchase. The supplier lists a jewellery weight of 3.424 g. Quote stock 5699 for current images and availability.,in stock,new,2318106.75 KRW,https://colourdiam.com/productdetail/5699,https://colourdiam.com/Product/Jewellery/5699/white45/center.jpg,Colour Diam,Apparel & Accessories > Jewelry,,1,,,,unisex,,,adult,,,,,,,,,AGL,Fine Jewelry
5708,0.24 ct Fancy Yellow Diamond Pendant | Colour Diam | 5708,0.24 ct Fancy Yellow Diamond Pendant brings its own character to your selection. The listed clarity is VS. The supplier specifies 18K for the setting. AGL is listed as the grading laboratory. Ask to review the original report before purchase. The supplier lists a jewellery weight of 3.561 g. Quote stock 5708 for current images and availability.,in stock,new,2549917.43 KRW,https://colourdiam.com/productdetail/5708,https://colourdiam.com/Product/Jewellery/5708/white45/center.jpg,Colour Diam,Apparel & Accessories > Jewelry,,1,,,,unisex,,,adult,,,,,,,,,AGL,Fine Jewelry
5715,0.12 ct Fancy Light Pink Diamond Pendant | Colour Diam | 5715,Colour Diam presents 0.12 ct Fancy Light Pink Diamond Pendant. The listed clarity is VS. The supplier specifies 18K for the setting. AGL is listed as the grading laboratory. Ask to review the original report before purchase. The supplier lists a jewellery weight of 3.51 g. Quote stock 5715 for current images and availability.,in stock,new,2318106.75 KRW,https://colourdiam.com/productdetail/5715,https://www.colourdiam.com/Product/Jewellery/5715/white45/center.jpg,Colour Diam,Apparel & Accessories > Jewelry,,1,,,,unisex,,,adult,,,,,,,,,AGL,Fine Jewelry
5730,2.21 ct Fancy Grayish Yellowish Green Diamond Ring | Colour Diam | 5730,Consider 2.21 ct Fancy Grayish Yellowish Green Diamond Ring for your next jewellery consultation. The listed clarity is SI2. The supplier specifies 18K for the setting. GIA is listed as the grading laboratory. Ask to review the original report before purchase. The supplier lists a jewellery weight of 6.01 g. Quote stock 5730 for current images and availability.,in stock,new,16226747.25 KRW,https://colourdiam.com/productdetail/5730,https://colourdiam.com/Product/Jewellery/5730/white45/center.jpg,Colour Diam,Apparel & Accessories > Jewelry,,1,,,,unisex,,,adult,,,,,,,,,GIA,Fine Jewelry
5735,0.50 ct Diamond Ring | Colour Diam | 5735,Find your next inspiration in 0.50 ct Diamond Ring. The listed clarity is VS2. The supplier specifies 18K for the setting. GIA is listed as the grading laboratory. Ask to review the original report before purchase. The supplier lists a jewellery weight of 2.36 g. Quote stock 5735 for current images and availability.,in stock,new,2318106.75 KRW,https://colourdiam.com/productdetail/5735,https://colourdiam.com/Product/Jewellery/5735/white45/center.jpg,Colour Diam,Apparel & Accessories > Jewelry,,1,,,,unisex,,,adult,,,,,,,,,GIA,Fine Jewelry
5766,0.31 ct Faint Pink Diamond Ring | Colour Diam | 5766,Colour Diam presents 0.31 ct Faint Pink Diamond Ring. The listed clarity is si1. The supplier specifies 18K for the setting. CGL is listed as the grading laboratory. Ask to review the original report before purchase. The supplier lists a jewellery weight of 2.70 g. Quote stock 5766 for current images and availability.,in stock,new,1854485.4 KRW,https://colourdiam.com/productdetail/5766,https://colourdiam.com/Product/Jewellery/5766/white45/center.jpg,Colour Diam,Apparel & Accessories > Jewelry,,1,,,,unisex,,,adult,,,,,,,,,CGL,Fine Jewelry
5769,1.00 ct Diamond Ring | Colour Diam | 5769,1.00 ct Diamond Ring: a piece to explore in detail. The listed clarity is VS2. The supplier specifies 18K for the setting. GIA is listed as the grading laboratory. Ask to review the original report before purchase. The supplier lists a jewellery weight of 3.85 g. Quote stock 5769 for current images and availability.,in stock,new,10045129.25 KRW,https://colourdiam.com/productdetail/5769,https://colourdiam.com/Product/Jewellery/5769/white45/center.jpg,Colour Diam,Apparel & Accessories > Jewelry,,1,,,,unisex,,,adult,,,,,,,,,GIA,Fine Jewelry
5932,0.40 ct Very Light Pink Diamond Ring | Colour Diam | 5932,Put 0.40 ct Very Light Pink Diamond Ring on your personal shortlist. The listed clarity is SI2. The supplier specifies 18K for the setting. GIA is listed as the grading laboratory. Ask to review the original report before purchase. The supplier lists a jewellery weight of 3.188 g. Quote stock 5932 for current images and availability.,in stock,new,7727022.5 KRW,https://colourdiam.com/productdetail/5932,https://colourdiam.com/Product/Jewellery/5932/white45/center.jpg,Colour Diam,Apparel & Accessories > Jewelry,,1,,,,unisex,,,adult,,,,,,,,,GIA,Fine Jewelry
5982_5362,1.04 ct fancy pink Diamond Ring | Colour Diam | 5982_5362,Put 1.04 ct fancy pink Diamond Ring on your personal shortlist. The listed clarity is vs2. The supplier specifies 18K for the setting. AGL is listed as the grading laboratory. Ask to review the original report before purchase. The supplier lists a jewellery weight of 4.35 g. Quote stock 5982_5362 for current images and availability.,in stock,new,4636213.5 KRW,https://colourdiam.com/productdetail/Menu/5982/5362,https://colourdiam.com/Product/Jewellery/5982_5362/white45/center.jpg,Colour Diam,Apparel & Accessories > Jewelry,,1,,,,unisex,,,adult,,,,,,,,,AGL,Fine Jewelry
5983,1.01 ct Fancy Pink Diamond Ring | Colour Diam | 5983,Put 1.01 ct Fancy Pink Diamond Ring on your personal shortlist. The listed clarity is SI1. The supplier specifies 18K for the setting. AGL is listed as the grading laboratory. Ask to review the original report before purchase. The supplier lists a jewellery weight of 8.43 g. Quote stock 5983 for current images and availability.,in stock,new,7727022.5 KRW,https://colourdiam.com/productdetail/5983,https://colourdiam.com/Product/Jewellery/5983/white45/center.jpg,Colour Diam,Apparel & Accessories > Jewelry,,1,,,,unisex,,,adult,,,,,,,,,AGL,Fine Jewelry
5991,1.01 ct Fancy Pink Diamond Ring | Colour Diam | 5991,Discover 1.01 ct Fancy Pink Diamond Ring with Colour Diam. The listed clarity is VS. The supplier specifies 18K for the setting. AGL is listed as the grading laboratory. Ask to review the original report before purchase. The supplier lists a jewellery weight of 9.811 g. Quote stock 5991 for current images and availability.,in stock,new,7727022.5 KRW,https://colourdiam.com/productdetail/5991,https://colourdiam.com/Product/Jewellery/5991/white45/center.jpg,Colour Diam,Apparel & Accessories > Jewelry,,1,,,,unisex,,,adult,,,,,,,,,AGL,Fine Jewelry
6000,0.33 ct Faint Pink Diamond Ring | Colour Diam | 6000,Colour Diam presents 0.33 ct Faint Pink Diamond Ring. The listed clarity is SI2. The supplier specifies 18K for the setting. GIA is listed as the grading laboratory. Ask to review the original report before purchase. The supplier lists a jewellery weight of 2.98 g. Quote stock 6000 for current images and availability.,in stock,new,4636213.5 KRW,https://colourdiam.com/productdetail/6000,https://colourdiam.com/Product/Jewellery/6000/white45/center.jpg,Colour Diam,Apparel & Accessories > Jewelry,,1,,,,unisex,,,adult,,,,,,,,,GIA,Fine Jewelry
6001,0.27 ct Faint Pink Diamond Ring | Colour Diam | 6001,Put 0.27 ct Faint Pink Diamond Ring on your personal shortlist. The listed clarity is VS2. The supplier specifies 18K for the setting. GIA is listed as the grading laboratory. Ask to review the original report before purchase. The supplier lists a jewellery weight of 9.79 g. Quote stock 6001 for current images and availability.,in stock,new,4636213.5 KRW,https://colourdiam.com/productdetail/6001,https://colourdiam.com/Product/Jewellery/6001/white45/center.jpg,Colour Diam,Apparel & Accessories > Jewelry,,1,,,,unisex,,,adult,,,,,,,,,GIA,Fine Jewelry
6002,0.24 ct Fancy pink Diamond Ring | Colour Diam | 6002,Find your next inspiration in 0.24 ct Fancy pink Diamond Ring. The listed clarity is vs. The supplier specifies 18K for the setting. AGL is listed as the grading laboratory. Ask to review the original report before purchase. The supplier lists a jewellery weight of 2.624 g. Quote stock 6002 for current images and availability.,in stock,new,2318106.75 KRW,https://colourdiam.com/productdetail/6002,https://colourdiam.com/Product/Jewellery/6002/white45/center.jpg,Colour Diam,Apparel & Accessories > Jewelry,,1,,,,unisex,,,adult,,,,,,,,,AGL,Fine Jewelry
6009,0.24 ct Fancy pink Diamond Ring | Colour Diam | 6009,Consider 0.24 ct Fancy pink Diamond Ring for your next jewellery consultation. The listed clarity is vs. The supplier specifies 18K for the setting. AGL is listed as the grading laboratory. Ask to review the original report before purchase. The supplier lists a jewellery weight of 2.515 g. Quote stock 6009 for current images and availability.,in stock,new,2318106.75 KRW,https://colourdiam.com/productdetail/6009,https://colourdiam.com/Product/Jewellery/6009/white45/center.jpg,Colour Diam,Apparel & Accessories > Jewelry,,1,,,,unisex,,,adult,,,,,,,,,AGL,Fine Jewelry
6060,0.40 ct Faint Pinkish Brown Diamond Ring | Colour Diam | 6060,Discover 0.40 ct Faint Pinkish Brown Diamond Ring with Colour Diam. The supplier specifies 18K for the setting. GIA is listed as the grading laboratory. Ask to review the original report before purchase. The supplier lists a jewellery weight of 4.52 g. Quote stock 6060 for current images and availability.,in stock,new,5640726.43 KRW,https://colourdiam.com/productdetail/6060,https://colourdiam.com/Product/Jewellery/6060/white45/center.jpg,Colour Diam,Apparel & Accessories > Jewelry,,1,,,,unisex,,,adult,,,,,,,,,GIA,Fine Jewelry
6064,0.26 ct Faint Pink Diamond Ring | Colour Diam | 6064,Make 0.26 ct Faint Pink Diamond Ring the starting point of your colour story. The listed clarity is VS1. The supplier specifies 18K for the setting. GIA is listed as the grading laboratory. Ask to review the original report before purchase. The supplier lists a jewellery weight of 4.37 g. Quote stock 6064 for current images and availability.,in stock,new,4636213.5 KRW,https://colourdiam.com/productdetail/6064,https://colourdiam.com/Product/Jewellery/6064/black360/center.jpg,Colour Diam,Apparel & Accessories > Jewelry,,1,,,,unisex,,,adult,,,,,,,,,GIA,Fine Jewelry
6065,0.26 ct Faint Pink Diamond Ring | Colour Diam | 6065,Take a closer look at 0.26 ct Faint Pink Diamond Ring. The listed clarity is si1. The supplier specifies 18K for the setting. GIA is listed as the grading laboratory. Ask to review the original report before purchase. The supplier lists a jewellery weight of 4.42 g. Quote stock 6065 for current images and availability.,in stock,new,4636213.5 KRW,https://colourdiam.com/productdetail/6065,https://colourdiam.com/Product/Jewellery/6065/white45/center.jpg,Colour Diam,Apparel & Accessories > Jewelry,,1,,,,unisex,,,adult,,,,,,,,,GIA,Fine Jewelry
6109,1.00 ct Fancy Greenish Yellow Diamond Ring | Colour Diam | 6109,Make 1.00 ct Fancy Greenish Yellow Diamond Ring the starting point of your colour story. The listed clarity is VS1. The supplier specifies 18K for the setting. GIA is listed as the grading laboratory. Ask to review the original report before purchase. The supplier lists a jewellery weight of 5.89 g. Quote stock 6109 for current images and availability.,in stock,new,10045129.25 KRW,https://colourdiam.com/productdetail/6109,https://colourdiam.com/Product/Jewellery/6109/white45/center.jpg,Colour Diam,Apparel & Accessories > Jewelry,,1,,,,unisex,,,adult,,,,,,,,,GIA,Fine Jewelry
6111,0.60 ct Faint Pink Diamond Ring | Colour Diam | 6111,Consider 0.60 ct Faint Pink Diamond Ring for your next jewellery consultation. The listed clarity is Vs1. The supplier specifies 18K for the setting. GIA is listed as the grading laboratory. Ask to review the original report before purchase. The supplier lists a jewellery weight of 2.71 g. Quote stock 6111 for current images and availability.,in stock,new,7727022.5 KRW,https://colourdiam.com/productdetail/6111,https://colourdiam.com/Product/Jewellery/6111/white45/center.jpg,Colour Diam,Apparel & Accessories > Jewelry,,1,,,,unisex,,,adult,,,,,,,,,GIA,Fine Jewelry
6120,1.01 ct Diamond Ring | Colour Diam | 6120,1.01 ct Diamond Ring: a piece to explore in detail. The listed clarity is VS1. The supplier specifies 18K for the setting. GIA is listed as the grading laboratory. Ask to review the original report before purchase. The supplier lists a jewellery weight of 5.60 g. Quote stock 6120 for current images and availability.,in stock,new,8213824.92 KRW,https://colourdiam.com/productdetail/6120,https://colourdiam.com/Product/Jewellery/6120/white45/center.jpg,Colour Diam,Apparel & Accessories > Jewelry,,1,,,,unisex,,,adult,,,,,,,,,GIA,Fine Jewelry
6126_5641,2.01 ct Fancy Brown Pink Diamond Ring | Colour Diam | 6126_5641,2.01 ct Fancy Brown Pink Diamond Ring brings its own character to your selection. The listed clarity is SI1. The supplier specifies 18K for the setting. GIA is listed as the grading laboratory. Ask to review the original report before purchase. The supplier lists a jewellery weight of 5.74 g. Quote stock 6126_5641 for current images and availability.,in stock,new,100451292.5 KRW,https://colourdiam.com/productdetail/Menu/6126/5641,https://www.colourdiam.com/Product/Jewellery/6126_5641/white45/center.jpg,Colour Diam,Apparel & Accessories > Jewelry,,1,,,,unisex,,,adult,,,,,,,,,GIA,Fine Jewelry
6139,1.02 ct Diamond Ring | Colour Diam | 6139,Explore the details of 1.02 ct Diamond Ring. The listed clarity is If. The supplier specifies 18K for the setting. GIA is listed as the grading laboratory. Ask to review the original report before purchase. The supplier lists a jewellery weight of 2.99 g. Quote stock 6139 for current images and availability.,in stock,new,8499724.75 KRW,https://colourdiam.com/productdetail/6139,https://colourdiam.com/Product/Jewellery/6139/white45/center.jpg,Colour Diam,Apparel & Accessories > Jewelry,,1,,,,unisex,,,adult,,,,,,,,,GIA,Fine Jewelry
6141,1.01 ct Diamond Ring | Colour Diam | 6141,Discover 1.01 ct Diamond Ring with Colour Diam. The listed clarity is VS1. The supplier specifies 18K for the setting. GIA is listed as the grading laboratory. Ask to review the original report before purchase. The supplier lists a jewellery weight of 5.80 g. Quote stock 6141 for current images and availability.,in stock,new,9272427 KRW,https://colourdiam.com/productdetail/6141,https://colourdiam.com/Product/Jewellery/6141/white45/center.jpg,Colour Diam,Apparel & Accessories > Jewelry,,1,,,,unisex,,,adult,,,,,,,,,GIA,Fine Jewelry
6147,1.02 ct Fancy Pink Diamond Ring | Colour Diam | 6147,Colour Diam presents 1.02 ct Fancy Pink Diamond Ring. The listed clarity is SI. The supplier specifies 18K for the setting. AGL is listed as the grading laboratory. Ask to review the original report before purchase. The supplier lists a jewellery weight of 4.49 g. Quote stock 6147 for current images and availability.,in stock,new,8499724.75 KRW,https://colourdiam.com/productdetail/6147,https://colourdiam.com/Product/Jewellery/6147/white45/center.jpg,Colour Diam,Apparel & Accessories > Jewelry,,1,,,,unisex,,,adult,,,,,,,,,AGL,Fine Jewelry
4564_6149,1.03 ct Fancy Pink Diamond Ring | Colour Diam | 4564_6149,Find your next inspiration in 1.03 ct Fancy Pink Diamond Ring. The listed clarity is Vs. The supplier specifies 18K for the setting. AGL is listed as the grading laboratory. Ask to review the original report before purchase. The supplier lists a jewellery weight of 3.528 g. Quote stock 4564_6149 for current images and availability.,in stock,new,9272427 KRW,https://colourdiam.com/productdetail/Menu/4564/6149,https://colourdiam.com/Product/Jewellery/4564_6149/white45/center.jpg,Colour Diam,Apparel & Accessories > Jewelry,,1,,,,unisex,,,adult,,,,,,,,,AGL,Fine Jewelry
6163,0.60 ct Faint Pink Diamond Ring / Pendant | Colour Diam | 6163,Make 0.60 ct Faint Pink Diamond Ring / Pendant the starting point of your colour story. The listed clarity is VVS2. The supplier specifies 18K for the setting. GIA is listed as the grading laboratory. Ask to review the original report before purchase. The supplier lists a jewellery weight of 7.97 g. Quote stock 6163 for current images and availability.,in stock,new,7727022.5 KRW,https://colourdiam.com/productdetail/6163,https://colourdiam.com/Product/Jewellery/6163/white45/center.jpg,Colour Diam,Apparel & Accessories > Jewelry,,1,,,,unisex,,,adult,,,,,,,,,GIA,Fine Jewelry
6166,1.01 ct Diamond Ring | Colour Diam | 6166,Put 1.01 ct Diamond Ring on your personal shortlist. The listed clarity is Si1. The supplier specifies 18K for the setting. GIA is listed as the grading laboratory. Ask to review the original report before purchase. The supplier lists a jewellery weight of 3.97 g. Quote stock 6166 for current images and availability.,in stock,new,6954320.25 KRW,https://colourdiam.com/productdetail/6166,https://colourdiam.com/Product/Jewellery/6166/white45/center.jpg,Colour Diam,Apparel & Accessories > Jewelry,,1,,,,unisex,,,adult,,,,,,,,,GIA,Fine Jewelry
6186,1.00 ct Diamond Ring | Colour Diam | 6186,1.00 ct Diamond Ring: a piece to explore in detail. The listed clarity is VS2. The supplier specifies 18K for the setting. GIA is listed as the grading laboratory. Ask to review the original report before purchase. The supplier lists a jewellery weight of 2.88 g. Quote stock 6186 for current images and availability.,in stock,new,5130742.94 KRW,https://colourdiam.com/productdetail/6186,https://colourdiam.com/Product/Jewellery/6186/white45/center.jpg,Colour Diam,Apparel & Accessories > Jewelry,,1,,,,unisex,,,adult,,,,,,,,,GIA,Fine Jewelry
6193,3.01 ct Fancy Brownish Greenish Yellow Diamond Ring | Colour Diam | 6193,Explore the details of 3.01 ct Fancy Brownish Greenish Yellow Diamond Ring. The listed clarity is SI2. The supplier specifies 18K for the setting. GIA is listed as the grading laboratory. Ask to review the original report before purchase. The supplier lists a jewellery weight of 6.85 g. Quote stock 6193 for current images and availability.,in stock,new,24726472 KRW,https://colourdiam.com/productdetail/6193,https://colourdiam.com/Product/Jewellery/6193/white45/center.jpg,Colour Diam,Apparel & Accessories > Jewelry,,1,,,,unisex,,,adult,,,,,,,,,GIA,Fine Jewelry
6267,0.51 ct Diamond Ring | Colour Diam | 6267,0.51 ct Diamond Ring: a piece to explore in detail. The listed clarity is VVS1. The supplier specifies 18K for the setting. GIA is listed as the grading laboratory. Ask to review the original report before purchase. The supplier lists a jewellery weight of 2.21 g. Quote stock 6267 for current images and availability.,in stock,new,2009025.85 KRW,https://colourdiam.com/productdetail/6267,https://colourdiam.com/Product/Jewellery/6267/white45/CENTER.jpg,Colour Diam,Apparel & Accessories > Jewelry,,1,,,,unisex,,,adult,,,,,,,,,GIA,Fine Jewelry
6270,0.20 ct Faint Pinkish Brown Diamond Pendant | Colour Diam | 6270,0.20 ct Faint Pinkish Brown Diamond Pendant: a piece to explore in detail. The listed clarity is VS2. The supplier specifies 18K for the setting. GIA is listed as the grading laboratory. Ask to review the original report before purchase. The supplier lists a jewellery weight of 3.69 g. Quote stock 6270 for current images and availability.,in stock,new,4636213.5 KRW,https://colourdiam.com/productdetail/6270,https://colourdiam.com/Product/Jewellery/6270/black360/center.jpg,Colour Diam,Apparel & Accessories > Jewelry,,1,,,,unisex,,,adult,,,,,,,,,GIA,Fine Jewelry
6279_6318,0.60 ct Faint Pink Diamond Earring | Colour Diam | 6279_6318,Take a closer look at 0.60 ct Faint Pink Diamond Earring. The listed clarity grades are Si2 / Si1. The supplier specifies 18K for the setting. GIA is listed as the grading laboratory. Ask to review the original report before purchase. The supplier lists a jewellery weight of 5.85 g. Quote stock 6279_6318 for current images and availability.,in stock,new,11590533.75 KRW,https://colourdiam.com/productdetail/Menu/6279/6318,https://colourdiam.com/Product/Jewellery/6279_6318/white45/CENTER.jpg,Colour Diam,Apparel & Accessories > Jewelry,,1,,,,unisex,,,adult,,,,,,,,,GIA,Fine Jewelry
6280_6385,0.60 ct Faint Pink Diamond Ring | Colour Diam | 6280_6385,Explore the details of 0.60 ct Faint Pink Diamond Ring. The listed clarity grades are SI2 / I2. The supplier specifies 18K for the setting. GIA is listed as the grading laboratory. Ask to review the original report before purchase. The supplier lists a jewellery weight of 3.16 g. Quote stock 6280_6385 for current images and availability.,in stock,new,7727022.5 KRW,https://colourdiam.com/productdetail/Menu/6280/6385,https://colourdiam.com/Product/Jewellery/6280_6385/white45/CENTER.jpg,Colour Diam,Apparel & Accessories > Jewelry,,1,,,,unisex,,,adult,,,,,,,,,GIA,Fine Jewelry
6283,0.33 ct Faint Pink Diamond Ring | Colour Diam | 6283,Put 0.33 ct Faint Pink Diamond Ring on your personal shortlist. The listed clarity is VS2. The supplier specifies 18K for the setting. GIA is listed as the grading laboratory. Ask to review the original report before purchase. The supplier lists a jewellery weight of 3.82 g. Quote stock 6283 for current images and availability.,in stock,new,4636213.5 KRW,https://colourdiam.com/productdetail/6283,https://colourdiam.com/Product/Jewellery/6283/white45/center.jpg,Colour Diam,Apparel & Accessories > Jewelry,,1,,,,unisex,,,adult,,,,,,,,,GIA,Fine Jewelry
6313,0.35 ct Faint pink Diamond Ring | Colour Diam | 6313,Put 0.35 ct Faint pink Diamond Ring on your personal shortlist. The listed clarity is VS1. The supplier specifies 18K for the setting. GIA is listed as the grading laboratory. Ask to review the original report before purchase. The supplier lists a jewellery weight of 9.15 g. Quote stock 6313 for current images and availability.,in stock,new,6954320.25 KRW,https://colourdiam.com/productdetail/6313,https://colourdiam.com/Product/Jewellery/6313/white45/center.jpg,Colour Diam,Apparel & Accessories > Jewelry,,1,,,,unisex,,,adult,,,,,,,,,GIA,Fine Jewelry
6357,1.00 ct Diamond Ring | Colour Diam | 6357,Consider 1.00 ct Diamond Ring for your next jewellery consultation. The listed clarity is VS2. The supplier specifies 18K for the setting. IGI is listed as the grading laboratory. Ask to review the original report before purchase. The supplier lists a jewellery weight of 5 g. Quote stock 6357 for current images and availability.,in stock,new,6490698.9 KRW,https://colourdiam.com/productdetail/6357,https://colourdiam.com/Product/Jewellery/6357/white45/center.jpg,Colour Diam,Apparel & Accessories > Jewelry,,1,,,,unisex,,,adult,,,,,,,,,IGI,Fine Jewelry
6373,0.71 ct Faint Pink Diamond Ring / Pendant | Colour Diam | 6373,Explore the details of 0.71 ct Faint Pink Diamond Ring / Pendant. The listed clarity is VS2. The supplier specifies 18K for the setting. GIA is listed as the grading laboratory. Ask to review the original report before purchase. The supplier lists a jewellery weight of 4.85 g. Quote stock 6373 for current images and availability.,in stock,new,13135938.25 KRW,https://colourdiam.com/productdetail/6373,https://colourdiam.com/Product/Jewellery/6373/white45/center.jpg,Colour Diam,Apparel & Accessories > Jewelry,,1,,,,unisex,,,adult,,,,,,,,,GIA,Fine Jewelry
6374,1.00 ct faint pinkish brown Diamond Ring | Colour Diam | 6374,1.00 ct faint pinkish brown Diamond Ring brings its own character to your selection. The listed clarity is Si2. The supplier specifies 18K for the setting. GIA is listed as the grading laboratory. Ask to review the original report before purchase. The supplier lists a jewellery weight of 4.94 g. Quote stock 6374 for current images and availability.,in stock,new,13908640.5 KRW,https://colourdiam.com/productdetail/6374,https://colourdiam.com/Product/Jewellery/6374/white360/CENTER.jpg,Colour Diam,Apparel & Accessories > Jewelry,,1,,,,unisex,,,adult,,,,,,,,,GIA,Fine Jewelry
6400_1236,0.56 ct Faint intense Yellow Diamond Ring | Colour Diam | 6400_1236,Explore the details of 0.56 ct Faint intense Yellow Diamond Ring. The listed clarity grades are Vs2 / I1. The supplier specifies 18K for the setting. GIA is listed as the grading laboratory. Ask to review the original report before purchase. The supplier lists a jewellery weight of 4.91 g. Quote stock 6400_1236 for current images and availability.,in stock,new,12363236 KRW,https://colourdiam.com/productdetail/Menu/6400/1236,https://www.colourdiam.com/Product/Jewellery/6400_1236/white45/center.jpg,Colour Diam,Apparel & Accessories > Jewelry,,1,,,,unisex,,,adult,,,,,,,,,GIA,Fine Jewelry
6639,2.21 ct Fancy Pink Diamond Earring | Colour Diam | 6639,Colour Diam presents 2.21 ct Fancy Pink Diamond Earring. The listed clarity is Si. The supplier specifies 18K for the setting. AGL is listed as the grading laboratory. Ask to review the original report before purchase. The supplier lists a jewellery weight of 14.317 g. Quote stock 6639 for current images and availability.,in stock,new,23181067.5 KRW,https://colourdiam.com/productdetail/6639,https://colourdiam.com/Product/Jewellery/6639/white45/CENTER.jpg,Colour Diam,Apparel & Accessories > Jewelry,,1,,,,unisex,,,adult,,,,,,,,,AGL,Fine Jewelry
6626_6627,0.30 ct Fancy orange Diamond Ring | Colour Diam | 6626_6627,Make 0.30 ct Fancy orange Diamond Ring the starting point of your colour story. The listed clarity is vs. The supplier specifies 18K for the setting. AGL is listed as the grading laboratory. Ask to review the original report before purchase. The supplier lists a jewellery weight of 3.90 g. Quote stock 6626_6627 for current images and availability.,in stock,new,6954320.25 KRW,https://colourdiam.com/productdetail/Menu/6626/6627,https://colourdiam.com/Product/Jewellery/6626_6627/white45/center.jpg,Colour Diam,Apparel & Accessories > Jewelry,,1,,,,unisex,,,adult,,,,,,,,,AGL,Fine Jewelry
6686,0.30 ct Faint Pinkish Brown Diamond Ring | Colour Diam | 6686,0.30 ct Faint Pinkish Brown Diamond Ring brings its own character to your selection. The listed clarity is VS2. The supplier specifies 18K for the setting. GIA is listed as the grading laboratory. Ask to review the original report before purchase. The supplier lists a jewellery weight of 6.05 g. Quote stock 6686 for current images and availability.,in stock,new,5408915.75 KRW,https://colourdiam.com/productdetail/6686,https://colourdiam.com/Product/Jewellery/6686/white45/CENTER.jpg,Colour Diam,Apparel & Accessories > Jewelry,,1,,,,unisex,,,adult,,,,,,,,,GIA,Fine Jewelry
6802,1.52 ct Fancy Green Yellow Diamond Ring | Colour Diam | 6802,Make 1.52 ct Fancy Green Yellow Diamond Ring the starting point of your colour story. The listed clarity is i1. The supplier specifies 18K for the setting. GIA is listed as the grading laboratory. Ask to review the original report before purchase. The supplier lists a jewellery weight of 5.30 g. Quote stock 6802 for current images and availability.,in stock,new,10045129.25 KRW,https://colourdiam.com/productdetail/6802,https://colourdiam.com/Product/Jewellery/6802/white360/center.jpg,Colour Diam,Apparel & Accessories > Jewelry,,1,,,,unisex,,,adult,,,,,,,,,GIA,Fine Jewelry
6843,3.481 ct Diamond Necklace | Colour Diam | 6843,3.481 ct Diamond Necklace: a piece to explore in detail. The supplier specifies 18K for the setting. AGL is listed as the grading laboratory. Ask to review the original report before purchase. The supplier lists a jewellery weight of 35.267 g. Quote stock 6843 for current images and availability.,in stock,new,33998899 KRW,https://colourdiam.com/productdetail/6843,https://colourdiam.com/Product/Jewellery/6843/white45/center.jpg,Colour Diam,Apparel & Accessories > Jewelry,,1,,,,unisex,,,adult,,,,,,,,,AGL,Fine Jewelry
6851,1.00 ct Very Light Green Yellow Diamond Ring | Colour Diam | 6851,1.00 ct Very Light Green Yellow Diamond Ring brings its own character to your selection. The listed clarity is SI1. The supplier specifies 18K for the setting. GIA is listed as the grading laboratory. Ask to review the original report before purchase. The supplier lists a jewellery weight of 6.50 g. Quote stock 6851 for current images and availability.,in stock,new,10045129.25 KRW,https://colourdiam.com/productdetail/6851,https://colourdiam.com/Product/Jewellery/6851/white45/CENTER.jpg,Colour Diam,Apparel & Accessories > Jewelry,,1,,,,unisex,,,adult,,,,,,,,,GIA,Fine Jewelry
6865,0.50 ct Faint Pinkish Brown Diamond Ring | Colour Diam | 6865,Explore the details of 0.50 ct Faint Pinkish Brown Diamond Ring. The listed clarity is VS2. The supplier specifies 18K for the setting. GIA is listed as the grading laboratory. Ask to review the original report before purchase. The supplier lists a jewellery weight of 5.45 g. Quote stock 6865 for current images and availability.,in stock,new,6181618 KRW,https://colourdiam.com/productdetail/6865,https://colourdiam.com/Product/Jewellery/6865/white45/CENTER.jpg,Colour Diam,Apparel & Accessories > Jewelry,,1,,,,unisex,,,adult,,,,,,,,,GIA,Fine Jewelry
6961,1.28 ct Fancy Light Yellowish Green Diamond Ring / Pendant | Colour Diam | 6961,Your search for colour continues with 1.28 ct Fancy Light Yellowish Green Diamond Ring / Pendant. The listed clarity is I1. The supplier specifies 18K for the setting. GIA is listed as the grading laboratory. Ask to review the original report before purchase. The supplier lists a jewellery weight of 6.87 g. Quote stock 6961 for current images and availability.,in stock,new,18544854 KRW,https://colourdiam.com/productdetail/6961,https://www.colourdiam.com/Product/Jewellery/6961/white45/center.jpg,Colour Diam,Apparel & Accessories > Jewelry,,1,,,,unisex,,,adult,,,,,,,,,GIA,Fine Jewelry
6964,1.02 ct fancy yellow Diamond Ring | Colour Diam | 6964,Explore the details of 1.02 ct fancy yellow Diamond Ring. The supplier specifies 18K for the setting. AGL is listed as the grading laboratory. Ask to review the original report before purchase. The supplier lists a jewellery weight of 5.02 g. Quote stock 6964 for current images and availability.,in stock,new,6954320.25 KRW,https://colourdiam.com/productdetail/6964,https://www.colourdiam.com/Product/Jewellery/6964/white45/center.jpg,Colour Diam,Apparel & Accessories > Jewelry,,1,,,,unisex,,,adult,,,,,,,,,AGL,Fine Jewelry
6967,1.21 ct Diamond Ring | Colour Diam | 6967,Make 1.21 ct Diamond Ring the starting point of your colour story. The supplier specifies 9K for the setting. Ask our team about the available documentation. The supplier lists a jewellery weight of 2.63 g. Quote stock 6967 for current images and availability.,in stock,new,3863511.25 KRW,https://colourdiam.com/productdetail/6967,https://colourdiam.com/Product/Jewellery/6967/black360/CENTER.jpg,Colour Diam,Apparel & Accessories > Jewelry,,1,,,,unisex,,,adult,,,,,,,,,NON CERTIFIED,Fine Jewelry
6975,1.00 ct Fancy Green Diamond Ring | Colour Diam | 6975,1.00 ct Fancy Green Diamond Ring: a piece to explore in detail. The listed clarity is VS. The supplier specifies 18K for the setting. AGL is listed as the grading laboratory. Ask to review the original report before purchase. The supplier lists a jewellery weight of 5.266 g. Quote stock 6975 for current images and availability.,in stock,new,7727022.5 KRW,https://colourdiam.com/productdetail/6975,https://colourdiam.com/Product/Jewellery/6975/white45/center.jpg,Colour Diam,Apparel & Accessories > Jewelry,,1,,,,unisex,,,adult,,,,,,,,,AGL,Fine Jewelry
7045,0.26 ct Faint Pink Diamond Ring | Colour Diam | 7045,Your search for colour continues with 0.26 ct Faint Pink Diamond Ring. The listed clarity is VS1. The supplier specifies 18K for the setting. GIA is listed as the grading laboratory. Ask to review the original report before purchase. The supplier lists a jewellery weight of 5.97 g. Quote stock 7045 for current images and availability.,in stock,new,5408915.75 KRW,https://colourdiam.com/productdetail/7045,https://colourdiam.com/Product/Jewellery/7045/white45/CENTER.jpg,Colour Diam,Apparel & Accessories > Jewelry,,1,,,,unisex,,,adult,,,,,,,,,GIA,Fine Jewelry
7051_7489_7597,6.13 ct Fancy Light yellow Diamond Ring | Colour Diam | 7051_7489_7597,Meet 6.13 ct Fancy Light yellow Diamond Ring from Colour Diam. The listed clarity is VS2. The supplier specifies 18K for the setting. GIA is listed as the grading laboratory. Ask to review the original report before purchase. The supplier lists a jewellery weight of 6.44 g. Quote stock 7051_7489_7597 for current images and availability.,in stock,new,80361034 KRW,https://colourdiam.com/productdetail/Menu/7051/7489/7597,https://colourdiam.com/Product/Jewellery/7051_7489_7597/black360/CENTER.jpg,Colour Diam,Apparel & Accessories > Jewelry,,1,,,,unisex,,,adult,,,,,,,,,GIA,Fine Jewelry
7057_5137,2.01 ct Fancy Light Brownish Pink Diamond Ring | Colour Diam | 7057_5137,Find your next inspiration in 2.01 ct Fancy Light Brownish Pink Diamond Ring. The listed clarity is VS. The supplier specifies 18K for the setting. AGL is listed as the grading laboratory. Ask to review the original report before purchase. The supplier lists a jewellery weight of 3.904 g. Quote stock 7057_5137 for current images and availability.,in stock,new,14681342.75 KRW,https://colourdiam.com/productdetail/Menu/7057/5137,https://www.colourdiam.com/Product/Jewellery/7057_5137/white45/center.jpg,Colour Diam,Apparel & Accessories > Jewelry,,1,,,,unisex,,,adult,,,,,,,,,AGL,Fine Jewelry
7074,1.01 ct Fancy Green Diamond Ring | Colour Diam | 7074,Colour Diam presents 1.01 ct Fancy Green Diamond Ring. The listed clarity is VS1. The supplier specifies 18K for the setting. AGL is listed as the grading laboratory. Ask to review the original report before purchase. The supplier lists a jewellery weight of 6.38 g. Quote stock 7074 for current images and availability.,in stock,new,8499724.75 KRW,https://colourdiam.com/productdetail/7074,https://colourdiam.com/Product/Jewellery/7074/white45/center.jpg,Colour Diam,Apparel & Accessories > Jewelry,,1,,,,unisex,,,adult,,,,,,,,,AGL,Fine Jewelry
7076,1.02 ct Fancy Green Diamond Ring | Colour Diam | 7076,Find your next inspiration in 1.02 ct Fancy Green Diamond Ring. The listed clarity is VS. The supplier specifies 18K for the setting. AGL is listed as the grading laboratory. Ask to review the original report before purchase. The supplier lists a jewellery weight of 6.715 g. Quote stock 7076 for current images and availability.,in stock,new,6181618 KRW,https://colourdiam.com/productdetail/7076,https://www.colourdiam.com/Product/Jewellery/7076/white45/center.jpg,Colour Diam,Apparel & Accessories > Jewelry,,1,,,,unisex,,,adult,,,,,,,,,AGL,Fine Jewelry
7078,1.00 ct Fancy Green Emerald Ring | Colour Diam | 7078,Your search for colour continues with 1.00 ct Fancy Green Emerald Ring. The listed clarity is Vs. The supplier specifies 18K for the setting. AGL is listed as the grading laboratory. Ask to review the original report before purchase. The supplier lists a jewellery weight of 7.267 g. Quote stock 7078 for current images and availability.,in stock,new,9272427 KRW,https://colourdiam.com/productdetail/7078,https://www.colourdiam.com/Product/Jewellery/7078/white45/center.jpg,Colour Diam,Apparel & Accessories > Jewelry,,1,,,,unisex,,,adult,,,,,,,,,AGL,Fine Jewelry
7081,1.00 ct Fancy Green Diamond Ring | Colour Diam | 7081,Your search for colour continues with 1.00 ct Fancy Green Diamond Ring. The listed clarity is Vs. The supplier specifies 18K for the setting. AGL is listed as the grading laboratory. Ask to review the original report before purchase. The supplier lists a jewellery weight of 5.275 g. Quote stock 7081 for current images and availability.,in stock,new,10045129.25 KRW,https://colourdiam.com/productdetail/7081,https://colourdiam.com/Product/Jewellery/7081/white360/CENTER.jpg,Colour Diam,Apparel & Accessories > Jewelry,,1,,,,unisex,,,adult,,,,,,,,,AGL,Fine Jewelry
7090,1.01 ct Fancy Green Diamond Ring | Colour Diam | 7090,Make 1.01 ct Fancy Green Diamond Ring the starting point of your colour story. The listed clarity is VS. The supplier specifies 18K for the setting. AGL is listed as the grading laboratory. Ask to review the original report before purchase. The supplier lists a jewellery weight of 5.74 g. Quote stock 7090 for current images and availability.,in stock,new,9272427 KRW,https://colourdiam.com/productdetail/7090,https://www.colourdiam.com/Product/Jewellery/7090/white45/center.jpg,Colour Diam,Apparel & Accessories > Jewelry,,1,,,,unisex,,,adult,,,,,,,,,AGL,Fine Jewelry
7093_7096_5646,2.00 ct Fancy Green Diamond Earring | Colour Diam | 7093_7096_5646,Make 2.00 ct Fancy Green Diamond Earring the starting point of your colour story. The listed clarity grades are VS / SI. The supplier specifies 18K for the setting. AGL is listed as the grading laboratory. Ask to review the original report before purchase. The supplier lists a jewellery weight of 8.328 g. Quote stock 7093_7096_5646 for current images and availability.,in stock,new,23953769.75 KRW,https://colourdiam.com/productdetail/Menu/7093/7096/5646,https://colourdiam.com/Product/Jewellery/7093_7096_5646/white360/center.jpg,Colour Diam,Apparel & Accessories > Jewelry,,1,,,,unisex,,,adult,,,,,,,,,AGL,Fine Jewelry
7120,1.00 ct Fancy Intense Green Diamond Earring | Colour Diam | 7120,Make 1.00 ct Fancy Intense Green Diamond Earring the starting point of your colour story. The listed clarity is VVS. The supplier specifies 18K for the setting. AGL is listed as the grading laboratory. Ask to review the original report before purchase. The supplier lists a jewellery weight of 9.11 g. Quote stock 7120 for current images and availability.,in stock,new,10817831.5 KRW,https://colourdiam.com/productdetail/7120,https://colourdiam.com/Product/Jewellery/7120/white45/center.jpg,Colour Diam,Apparel & Accessories > Jewelry,,1,,,,unisex,,,adult,,,,,,,,,AGL,Fine Jewelry
7169,0.54 ct Fancy Light Yellow green Diamond Ring | Colour Diam | 7169,Take a closer look at 0.54 ct Fancy Light Yellow green Diamond Ring. The listed clarity is VS2. The supplier specifies 18K for the setting. GIA is listed as the grading laboratory. Ask to review the original report before purchase. The supplier lists a jewellery weight of 4.52 g. Quote stock 7169 for current images and availability.,in stock,new,7108860.7 KRW,https://colourdiam.com/productdetail/7169,https://www.colourdiam.com/Product/Jewellery/7169/white45/center.jpg,Colour Diam,Apparel & Accessories > Jewelry,,1,,,,unisex,,,adult,,,,,,,,,GIA,Fine Jewelry
7173,2.98 ct Light pinkish brown Diamond Ring | Colour Diam | 7173,Colour Diam presents 2.98 ct Light pinkish brown Diamond Ring. The listed clarity is SI2. The supplier specifies 18K for the setting. GIA is listed as the grading laboratory. Ask to review the original report before purchase. The supplier lists a jewellery weight of 5.21 g. Quote stock 7173 for current images and availability.,in stock,new,72634011.5 KRW,https://colourdiam.com/productdetail/7173,https://colourdiam.com/Product/Jewellery/7173/white360/CENTER.JPG,Colour Diam,Apparel & Accessories > Jewelry,,1,,,,unisex,,,adult,,,,,,,,,GIA,Fine Jewelry
7230,2.01 ct Faint Pink Diamond Ring | Colour Diam | 7230,Discover 2.01 ct Faint Pink Diamond Ring with Colour Diam. The listed clarity is SI2. The supplier specifies 18K for the setting. GIA is listed as the grading laboratory. Ask to review the original report before purchase. The supplier lists a jewellery weight of 5.56 g. Quote stock 7230 for current images and availability.,in stock,new,35544303.5 KRW,https://colourdiam.com/productdetail/7230,https://www.colourdiam.com/Product/Jewellery/7230/white45/center.jpg,Colour Diam,Apparel & Accessories > Jewelry,,1,,,,unisex,,,adult,,,,,,,,,GIA,Fine Jewelry
7311,3.01 ct Fancy Light Brownish Greenish Yellow Diamond Ring | Colour Diam | 7311,Discover 3.01 ct Fancy Light Brownish Greenish Yellow Diamond Ring with Colour Diam. The listed clarity is SI1. The supplier specifies 18K for the setting. GIA is listed as the grading laboratory. Ask to review the original report before purchase. The supplier lists a jewellery weight of 6.32 g. Quote stock 7311 for current images and availability.,in stock,new,33226196.75 KRW,https://colourdiam.com/productdetail/7311,https://www.colourdiam.com/Product/Jewellery/7311/white45/center.jpg,Colour Diam,Apparel & Accessories > Jewelry,,1,,,,unisex,,,adult,,,,,,,,,GIA,Fine Jewelry
7312,0.80 ct Faint Pinkish Brown Diamond Ring | Colour Diam | 7312,Explore the details of 0.80 ct Faint Pinkish Brown Diamond Ring. The listed clarity is si1. The supplier specifies 18K for the setting. GIA is listed as the grading laboratory. Ask to review the original report before purchase. The supplier lists a jewellery weight of 4.08 g. Quote stock 7312 for current images and availability.,in stock,new,8499724.75 KRW,https://colourdiam.com/productdetail/7312,https://colourdiam.com/Product/Jewellery/7312/white45/CENTER.jpg,Colour Diam,Apparel & Accessories > Jewelry,,1,,,,unisex,,,adult,,,,,,,,,GIA,Fine Jewelry
7313,2.01 ct Fancy Light Brownish Greenish Yellow Diamond Ring | Colour Diam | 7313,2.01 ct Fancy Light Brownish Greenish Yellow Diamond Ring brings its own character to your selection. The listed clarity is VS2. The supplier specifies 18K for the setting. GIA is listed as the grading laboratory. Ask to review the original report before purchase. The supplier lists a jewellery weight of 5.46 g. Quote stock 7313 for current images and availability.,in stock,new,19317556.25 KRW,https://colourdiam.com/productdetail/7313,https://www.colourdiam.com/Product/Jewellery/7313/white45/center.jpg,Colour Diam,Apparel & Accessories > Jewelry,,1,,,,unisex,,,adult,,,,,,,,,GIA,Fine Jewelry
7342,4.55 ct Ruby Ring | Colour Diam | 7342,Your search for colour continues with 4.55 ct Ruby Ring. The supplier specifies 18K for the setting. Ask our team about the available documentation. The supplier lists a jewellery weight of 5.69 g. Quote stock 7342 for current images and availability.,in stock,new,3090809 KRW,https://colourdiam.com/productdetail/7342,https://colourdiam.com/Product/Jewellery/7342/white45/center.jpg,Colour Diam,Apparel & Accessories > Jewelry,,1,,,,unisex,,,adult,,,,,,,,,,Fine Jewelry
7344,4.49 ct Ruby Ring | Colour Diam | 7344,Discover 4.49 ct Ruby Ring with Colour Diam. The supplier specifies 18K for the setting. Ask our team about the available documentation. The supplier lists a jewellery weight of 5.52 g. Quote stock 7344 for current images and availability.,in stock,new,2719911.92 KRW,https://colourdiam.com/productdetail/7344,https://colourdiam.com/Product/Jewellery/7344/white45/CENTER.jpg,Colour Diam,Apparel & Accessories > Jewelry,,1,,,,unisex,,,adult,,,,,,,,,,Fine Jewelry
7345,5.03 ct Ruby Ring | Colour Diam | 7345,Explore the details of 5.03 ct Ruby Ring. The supplier specifies 18K for the setting. Ask our team about the available documentation. The supplier lists a jewellery weight of 5.83 g. Quote stock 7345 for current images and availability.,in stock,new,1699944.95 KRW,https://colourdiam.com/productdetail/7345,https://www.colourdiam.com/Product/Jewellery/7345/white45/center.jpg,Colour Diam,Apparel & Accessories > Jewelry,,1,,,,unisex,,,adult,,,,,,,,,,Fine Jewelry
7346,0.81 ct Sapphire Ring | Colour Diam | 7346,0.81 ct Sapphire Ring brings its own character to your selection. The supplier specifies 18K for the setting. Ask our team about the available documentation. The supplier lists a jewellery weight of 3.79 g. Quote stock 7346 for current images and availability.,in stock,new,1638128.77 KRW,https://colourdiam.com/productdetail/7346,https://www.colourdiam.com/Product/Jewellery/7346/white45/center.jpg,Colour Diam,Apparel & Accessories > Jewelry,,1,,,,unisex,,,adult,,,,,,,,,,Fine Jewelry
7347,0.80 ct Sapphire Ring | Colour Diam | 7347,Consider 0.80 ct Sapphire Ring for your next jewellery consultation. The supplier specifies 18K for the setting. Ask our team about the available documentation. The supplier lists a jewellery weight of 3.95 g. Quote stock 7347 for current images and availability.,in stock,new,1483588.32 KRW,https://colourdiam.com/productdetail/7347,https://www.colourdiam.com/Product/Jewellery/7347/white45/center.jpg,Colour Diam,Apparel & Accessories > Jewelry,,1,,,,unisex,,,adult,,,,,,,,,,Fine Jewelry
7348,0.78 ct Sapphire Ring | Colour Diam | 7348,Make 0.78 ct Sapphire Ring the starting point of your colour story. The supplier specifies 18K for the setting. Ask our team about the available documentation. The supplier lists a jewellery weight of 3.71 g. Quote stock 7348 for current images and availability.,in stock,new,1259504.67 KRW,https://colourdiam.com/productdetail/7348,https://colourdiam.com/Product/Jewellery/7348/white45/center.jpg,Colour Diam,Apparel & Accessories > Jewelry,,1,,,,unisex,,,adult,,,,,,,,,,Fine Jewelry
7349,0.94 ct Sapphire Ring | Colour Diam | 7349,Take a closer look at 0.94 ct Sapphire Ring. The supplier specifies 18K for the setting. Ask our team about the available documentation. The supplier lists a jewellery weight of 4.03 g. Quote stock 7349 for current images and availability.,in stock,new,1390864.05 KRW,https://colourdiam.com/productdetail/7349,https://www.colourdiam.com/Product/Jewellery/7349/white45/center.jpg,Colour Diam,Apparel & Accessories > Jewelry,,1,,,,unisex,,,adult,,,,,,,,,,Fine Jewelry
7350,0.97 ct Sapphire Ring | Colour Diam | 7350,Consider 0.97 ct Sapphire Ring for your next jewellery consultation. The supplier specifies 18K for the setting. Ask our team about the available documentation. The supplier lists a jewellery weight of 3.62 g. Quote stock 7350 for current images and availability.,in stock,new,1699944.95 KRW,https://colourdiam.com/productdetail/7350,https://colourdiam.com/Product/Jewellery/7350/white45/CENTER.jpg,Colour Diam,Apparel & Accessories > Jewelry,,1,,,,unisex,,,adult,,,,,,,,,,Fine Jewelry
7351,0.93 ct Sapphire Ring | Colour Diam | 7351,Make 0.93 ct Sapphire Ring the starting point of your colour story. The supplier specifies 18K for the setting. Ask our team about the available documentation. The supplier lists a jewellery weight of 3.97 g. Quote stock 7351 for current images and availability.,in stock,new,1669036.86 KRW,https://colourdiam.com/productdetail/7351,https://colourdiam.com/Product/Jewellery/7351/white45/CENTER.jpg,Colour Diam,Apparel & Accessories > Jewelry,,1,,,,unisex,,,adult,,,,,,,,,,Fine Jewelry
7370,4.01 ct Fancy Brownish Greenish Yellow Diamond Ring | Colour Diam | 7370,Take a closer look at 4.01 ct Fancy Brownish Greenish Yellow Diamond Ring. The listed clarity is SI1. The supplier specifies 18K for the setting. GIA is listed as the grading laboratory. Ask to review the original report before purchase. The supplier lists a jewellery weight of 4.85 g. Quote stock 7370 for current images and availability.,in stock,new,58725371 KRW,https://colourdiam.com/productdetail/7370,https://www.colourdiam.com/Product/Jewellery/7370/white45/center.jpg,Colour Diam,Apparel & Accessories > Jewelry,,1,,,,unisex,,,adult,,,,,,,,,GIA,Fine Jewelry
7466,0.81 ct Very Light Yellow Green Diamond Ring | Colour Diam | 7466,Take a closer look at 0.81 ct Very Light Yellow Green Diamond Ring. The listed clarity is SI2. The supplier specifies 18K for the setting. GIA is listed as the grading laboratory. Ask to review the original report before purchase. The supplier lists a jewellery weight of 5.545 g. Quote stock 7466 for current images and availability.,in stock,new,10045129.25 KRW,https://colourdiam.com/productdetail/7466,https://colourdiam.com/Product/Jewellery/7466/white360/center.jpg,Colour Diam,Apparel & Accessories > Jewelry,,1,,,,unisex,,,adult,,,,,,,,,GIA,Fine Jewelry
7477,2.00 ct Fancy Green Diamond Ring | Colour Diam | 7477,Explore the details of 2.00 ct Fancy Green Diamond Ring. The listed clarity is VS. The supplier specifies 18K for the setting. AGL is listed as the grading laboratory. Ask to review the original report before purchase. The supplier lists a jewellery weight of 6.30 g. Quote stock 7477 for current images and availability.,in stock,new,15299504.55 KRW,https://colourdiam.com/productdetail/7477,https://colourdiam.com/Product/Jewellery/7477/white360/center.jpg,Colour Diam,Apparel & Accessories > Jewelry,,1,,,,unisex,,,adult,,,,,,,,,AGL,Fine Jewelry
7491,Diamond Ring | Colour Diam | 7491,Diamond Ring: a piece to explore in detail. The listed clarity grades are VS / SI. The supplier specifies 18K for the setting. Ask our team about the available documentation. The supplier lists a jewellery weight of 3.13 g. Quote stock 7491 for current images and availability.,in stock,new,1854485.4 KRW,https://colourdiam.com/productdetail/7491,https://colourdiam.com/Product/Jewellery/7491/white45/center.jpg,Colour Diam,Apparel & Accessories > Jewelry,,1,,,,unisex,,,adult,,,,,,,,,NON CERTIFIED,Fine Jewelry
7492,0.46 ct Diamond Ring | Colour Diam | 7492,Your search for colour continues with 0.46 ct Diamond Ring. The listed clarity grades are VS / SI. The supplier specifies 18K for the setting. Ask our team about the available documentation. The supplier lists a jewellery weight of 2.31 g. Quote stock 7492 for current images and availability.,in stock,new,1236323.6 KRW,https://colourdiam.com/productdetail/7492,https://colourdiam.com/Product/Jewellery/7492/black360/center.jpg,Colour Diam,Apparel & Accessories > Jewelry,,1,,,,unisex,Round Diamonds - 16 pcs - 0.46 cts,,adult,,,,,,,,,NON CERTIFIED,Fine Jewelry
7513,fancy yellow Diamond Ring | Colour Diam | 7513,Make fancy yellow Diamond Ring the starting point of your colour story. The listed clarity grades are Vs2 / VS / SI. The supplier specifies 18K for the setting. Ask our team about the available documentation. The supplier lists a jewellery weight of 2.48 g. Quote stock 7513 for current images and availability.,in stock,new,1004512.93 KRW,https://colourdiam.com/productdetail/7513,https://www.colourdiam.com/Product/Jewellery/7513/white45/center.jpg,Colour Diam,Apparel & Accessories > Jewelry,,1,,,,unisex,F to G,,adult,,,,,,,,,NON CERTIFIED,Fine Jewelry
7517,0.44 ct Diamond Ring | Colour Diam | 7517,Find your next inspiration in 0.44 ct Diamond Ring. The listed clarity grades are VS / VVS. The supplier specifies 18K for the setting. Ask our team about the available documentation. The supplier lists a jewellery weight of 2.61 g. Quote stock 7517 for current images and availability.,in stock,new,849972.48 KRW,https://colourdiam.com/productdetail/7517,https://colourdiam.com/Product/Jewellery/7517/white45/CENTER.jpg,Colour Diam,Apparel & Accessories > Jewelry,,1,,,,unisex,F To G,,adult,,,,,,,,,NON CERTIFIED,Fine Jewelry
7569,1.20 ct Fancy Pink Diamond Ring | Colour Diam | 7569,1.20 ct Fancy Pink Diamond Ring: a piece to explore in detail. The listed clarity is VS. The supplier specifies 18K for the setting. AGL is listed as the grading laboratory. Ask to review the original report before purchase. The supplier lists a jewellery weight of 4.85 g. Quote stock 7569 for current images and availability.,in stock,new,10817831.5 KRW,https://colourdiam.com/productdetail/7569,https://www.colourdiam.com/Product/Jewellery/7569/white45/center.jpg,Colour Diam,Apparel & Accessories > Jewelry,,1,,,,unisex,,,adult,,,,,,,,,AGL,Fine Jewelry
7539,3.00 ct Fancy Green Diamond Ring | Colour Diam | 7539,Discover 3.00 ct Fancy Green Diamond Ring with Colour Diam. The listed clarity is VVS. The supplier specifies 18K for the setting. AGL is listed as the grading laboratory. Ask to review the original report before purchase. The supplier lists a jewellery weight of 6.598 g. Quote stock 7539 for current images and availability.,in stock,new,35544303.5 KRW,https://colourdiam.com/productdetail/7539,https://www.colourdiam.com/Product/Jewellery/7539/white45/center.jpg,Colour Diam,Apparel & Accessories > Jewelry,,1,,,,unisex,,,adult,,,,,,,,,AGL,Fine Jewelry
7540,1.11 ct Sapphire Ring | Colour Diam | 7540,Your search for colour continues with 1.11 ct Sapphire Ring. The supplier specifies 18K for the setting. Ask our team about the available documentation. The supplier lists a jewellery weight of 3.76 g. Quote stock 7540 for current images and availability.,in stock,new,1390864.05 KRW,https://colourdiam.com/productdetail/7540,https://colourdiam.com/Product/Jewellery/7540/black360/CENTER.jpg,Colour Diam,Apparel & Accessories > Jewelry,,1,,,,unisex,,,adult,,,,,,,,,NON CERTIFIED,Fine Jewelry
7583,3.03 ct Fancy Brownish Greenish Yellow Diamond Ring | Colour Diam | 7583,Take a closer look at 3.03 ct Fancy Brownish Greenish Yellow Diamond Ring. The listed clarity is VS1. The supplier specifies 18K for the setting. GIA is listed as the grading laboratory. Ask to review the original report before purchase. The supplier lists a jewellery weight of 7.73 g. Quote stock 7583 for current images and availability.,in stock,new,40953219.25 KRW,https://colourdiam.com/productdetail/7583,https://www.colourdiam.com/Product/Jewellery/7583/white45/center.jpg,Colour Diam,Apparel & Accessories > Jewelry,,1,,,,unisex,,,adult,,,,,,,,,GIA,Fine Jewelry
7592,0.66 ct Diamond Ring | Colour Diam | 7592,Meet 0.66 ct Diamond Ring from Colour Diam. The supplier specifies 18K for the setting. Ask our team about the available documentation. The supplier lists a jewellery weight of 2.63 g. Quote stock 7592 for current images and availability.,in stock,new,2318106.75 KRW,https://colourdiam.com/productdetail/7592,https://colourdiam.com/Product/Jewellery/7592/white360/CENTER.jpg,Colour Diam,Apparel & Accessories > Jewelry,,1,,,,unisex,,,adult,,,,,,,,,NON CERTIFIED,Fine Jewelry
6365_6369,4.00 ct Diamond Earring | Colour Diam | 6365_6369,Put 4.00 ct Diamond Earring on your personal shortlist. The supplier specifies 18K for the setting. Ask our team about the available documentation. The supplier lists a jewellery weight of 4.05 g. Quote stock 6365_6369 for current images and availability.,in stock,new,13908640.5 KRW,https://colourdiam.com/productdetail/Menu/6365/6369,https://colourdiam.com/Product/Jewellery/6365_6369/black45/center.jpg,Colour Diam,Apparel & Accessories > Jewelry,,1,,,,unisex,,,adult,,,,,,,,,NON CERTIFIED,Fine Jewelry
6405_6406,2.13 ct Diamond Earring | Colour Diam | 6405_6406,Make 2.13 ct Diamond Earring the starting point of your colour story. The supplier specifies 18K for the setting. Ask our team about the available documentation. The supplier lists a jewellery weight of 4.05 g. Quote stock 6405_6406 for current images and availability.,in stock,new,9111704.93 KRW,https://colourdiam.com/productdetail/Menu/6405/6406,https://colourdiam.com/Product/Jewellery/6405_6406/white45/colour-diam-6405-6406-2-13-ct-k-earring-4-05-gram-earring-colour-diam-07.jpg,Colour Diam,Apparel & Accessories > Jewelry,,1,,,,unisex,,,adult,,,,,,,,,NON CERTIFIED,Fine Jewelry
6413_6412,0.65 ct Diamond Earring | Colour Diam | 6413_6412,Colour Diam presents 0.65 ct Diamond Earring. The supplier specifies 18K for the setting. Ask our team about the available documentation. The supplier lists a jewellery weight of 1.52 g. Quote stock 6413_6412 for current images and availability.,in stock,new,1854485.4 KRW,https://colourdiam.com/productdetail/Menu/6413/6412,https://www.colourdiam.com/Product/Jewellery/6413_6412/white45/center.jpg,Colour Diam,Apparel & Accessories > Jewelry,,1,,,,unisex,,,adult,,,,,,,,,NON CERTIFIED,Fine Jewelry
6362_6363,0.27 ct Diamond Earring | Colour Diam | 6362_6363,Make 0.27 ct Diamond Earring the starting point of your colour story. The supplier specifies 18K for the setting. Ask our team about the available documentation. The supplier lists a jewellery weight of 3.69 g. Quote stock 6362_6363 for current images and availability.,in stock,new,10045129.25 KRW,https://colourdiam.com/productdetail/Menu/6362/6363,,Colour Diam,Apparel & Accessories > Jewelry,,1,,,,unisex,,,adult,,,,,,,,,NON CERTIFIED,Fine Jewelry
7616,2.01 ct Fancy Light Greenish Yellow Diamond Ring | Colour Diam | 7616,Find your next inspiration in 2.01 ct Fancy Light Greenish Yellow Diamond Ring. The listed clarity is VS2. The supplier specifies 18K for the setting. GIA is listed as the grading laboratory. Ask to review the original report before purchase. The supplier lists a jewellery weight of 6.26 g. Quote stock 7616 for current images and availability.,in stock,new,19317556.25 KRW,https://colourdiam.com/productdetail/7616,https://colourdiam.com/Product/Jewellery/7616/white45/CENTER.jpg,Colour Diam,Apparel & Accessories > Jewelry,,1,,,,unisex,,,adult,,,,,,,,,GIA,Fine Jewelry
7629,0.34 ct Diamond Ring | Colour Diam | 7629,Colour Diam presents 0.34 ct Diamond Ring. The supplier specifies 18K for the setting. Ask our team about the available documentation. The supplier lists a jewellery weight of 3.81 g. Quote stock 7629 for current images and availability.,in stock,new,2140385.23 KRW,https://colourdiam.com/productdetail/7629,https://colourdiam.com/Product/Jewellery/7629/black360/center.JPG,Colour Diam,Apparel & Accessories > Jewelry,,1,,,,unisex,,,adult,,,,,,,,,NON CERTIFIED,Fine Jewelry
7654,2.00 ct Fancy Light Brownish Greenish yellow Diamond Ring | Colour Diam | 7654,Your search for colour continues with 2.00 ct Fancy Light Brownish Greenish yellow Diamond Ring. The listed clarity is Si2. The supplier specifies 18K for the setting. GIA is listed as the grading laboratory. Ask to review the original report before purchase. The supplier lists a jewellery weight of 9.40 g. Quote stock 7654 for current images and availability.,in stock,new,15454045 KRW,https://colourdiam.com/productdetail/7654,https://www.colourdiam.com/Product/Jewellery/7654/white45/center.jpg,Colour Diam,Apparel & Accessories > Jewelry,,1,,,,unisex,,,adult,,,,,,,,,GIA,Fine Jewelry
7689,0.45 ct Diamond Ring | Colour Diam | 7689,Discover 0.45 ct Diamond Ring with Colour Diam. The supplier specifies 18K for the setting. Ask our team about the available documentation. The supplier lists a jewellery weight of 2.124 g. Quote stock 7689 for current images and availability.,in stock,new,772702.25 KRW,https://colourdiam.com/productdetail/7689,https://www.colourdiam.com/Product/Jewellery/7689/white45/center.jpg,Colour Diam,Apparel & Accessories > Jewelry,,1,,,,unisex,,,adult,,,,,,,,,NON CERTIFIED,Fine Jewelry
7692,Diamond Ring | Colour Diam | 7692,Discover Diamond Ring with Colour Diam. The listed clarity is SI. The supplier specifies 18K for the setting. Ask our team about the available documentation. The supplier lists a jewellery weight of 1.40 g. Quote stock 7692 for current images and availability.,in stock,new,618161.8 KRW,https://colourdiam.com/productdetail/7692,https://colourdiam.com/Product/Jewellery/7692/black360/center.jpg,Colour Diam,Apparel & Accessories > Jewelry,,1,,,,unisex,,,adult,,,,,,,,,NON CERTIFIED,Fine Jewelry
7729,Diamond Ring | Colour Diam | 7729,Put Diamond Ring on your personal shortlist. The listed clarity is SI. The supplier specifies 18K for the setting. Ask our team about the available documentation. The supplier lists a jewellery weight of 1.40 g. Quote stock 7729 for current images and availability.,in stock,new,618161.8 KRW,https://colourdiam.com/productdetail/7729,https://www.colourdiam.com/Product/Jewellery/7729/white45/center.jpg,Colour Diam,Apparel & Accessories > Jewelry,,1,,,,unisex,,,adult,,,,,,,,,NON CERTIFIED,Fine Jewelry
7730,Diamond Ring | Colour Diam | 7730,Take a closer look at Diamond Ring. The listed clarity is SI. The supplier specifies 18K for the setting. Ask our team about the available documentation. The supplier lists a jewellery weight of 1.40 g. Quote stock 7730 for current images and availability.,in stock,new,618161.8 KRW,https://colourdiam.com/productdetail/7730,https://colourdiam.com/Product/Jewellery/7730/black360/center.jpg,Colour Diam,Apparel & Accessories > Jewelry,,1,,,,unisex,,,adult,,,,,,,,,NON CERTIFIED,Fine Jewelry
7731,Diamond Ring | Colour Diam | 7731,Colour Diam presents Diamond Ring. The listed clarity is SI. The supplier specifies 18K for the setting. Ask our team about the available documentation. The supplier lists a jewellery weight of 1.40 g. Quote stock 7731 for current images and availability.,in stock,new,618161.8 KRW,https://colourdiam.com/productdetail/7731,https://colourdiam.com/Product/Jewellery/7731/black360/center.jpg,Colour Diam,Apparel & Accessories > Jewelry,,1,,,,unisex,,,adult,,,,,,,,,NON CERTIFIED,Fine Jewelry
7732,Diamond Ring | Colour Diam | 7732,Put Diamond Ring on your personal shortlist. The listed clarity is SI. The supplier specifies 18K for the setting. Ask our team about the available documentation. The supplier lists a jewellery weight of 1.40 g. Quote stock 7732 for current images and availability.,in stock,new,618161.8 KRW,https://colourdiam.com/productdetail/7732,https://colourdiam.com/Product/Jewellery/7732/black360/center.jpg,Colour Diam,Apparel & Accessories > Jewelry,,1,,,,unisex,,,adult,,,,,,,,,NON CERTIFIED,Fine Jewelry
7733,Diamond Ring | Colour Diam | 7733,Find your next inspiration in Diamond Ring. The listed clarity is SI. The supplier specifies 18K for the setting. Ask our team about the available documentation. The supplier lists a jewellery weight of 1.40 g. Quote stock 7733 for current images and availability.,in stock,new,618161.8 KRW,https://colourdiam.com/productdetail/7733,https://colourdiam.com/Product/Jewellery/7733/black360/center.jpg,Colour Diam,Apparel & Accessories > Jewelry,,1,,,,unisex,,,adult,,,,,,,,,NON CERTIFIED,Fine Jewelry
7734,0.45 ct Diamond Ring | Colour Diam | 7734,0.45 ct Diamond Ring: a piece to explore in detail. The supplier specifies 18K for the setting. Ask our team about the available documentation. The supplier lists a jewellery weight of 2.124 g. Quote stock 7734 for current images and availability.,in stock,new,695432.03 KRW,https://colourdiam.com/productdetail/7734,https://colourdiam.com/Product/Jewellery/7734/white45/CENTER.jpg,Colour Diam,Apparel & Accessories > Jewelry,,1,,,,unisex,,,adult,,,,,,,,,NON CERTIFIED,Fine Jewelry
7735,0.45 ct Diamond Ring | Colour Diam | 7735,Your search for colour continues with 0.45 ct Diamond Ring. The supplier specifies 18K for the setting. Ask our team about the available documentation. The supplier lists a jewellery weight of 2.124 g. Quote stock 7735 for current images and availability.,in stock,new,695432.03 KRW,https://colourdiam.com/productdetail/7735,https://colourdiam.com/Product/Jewellery/7735/white45/CENTER.jpg,Colour Diam,Apparel & Accessories > Jewelry,,1,,,,unisex,,,adult,,,,,,,,,NON CERTIFIED,Fine Jewelry
7737,0.45 ct Diamond Ring | Colour Diam | 7737,Discover 0.45 ct Diamond Ring with Colour Diam. The supplier specifies 18K for the setting. Ask our team about the available documentation. The supplier lists a jewellery weight of 2.124 g. Quote stock 7737 for current images and availability.,in stock,new,695432.03 KRW,https://colourdiam.com/productdetail/7737,https://colourdiam.com/Product/Jewellery/7737/white45/CENTER.jpg,Colour Diam,Apparel & Accessories > Jewelry,,1,,,,unisex,,,adult,,,,,,,,,NON CERTIFIED,Fine Jewelry
7738,0.45 ct Diamond Ring | Colour Diam | 7738,Explore the details of 0.45 ct Diamond Ring. The supplier specifies 18K for the setting. Ask our team about the available documentation. The supplier lists a jewellery weight of 2.124 g. Quote stock 7738 for current images and availability.,in stock,new,695432.03 KRW,https://colourdiam.com/productdetail/7738,https://colourdiam.com/Product/Jewellery/7738/white45/CENTER.jpg,Colour Diam,Apparel & Accessories > Jewelry,,1,,,,unisex,,,adult,,,,,,,,,NON CERTIFIED,Fine Jewelry
7739,0.45 ct Diamond Ring | Colour Diam | 7739,0.45 ct Diamond Ring brings its own character to your selection. The supplier specifies 18K for the setting. Ask our team about the available documentation. The supplier lists a jewellery weight of 2.124 g. Quote stock 7739 for current images and availability.,in stock,new,695432.03 KRW,https://colourdiam.com/productdetail/7739,https://colourdiam.com/Product/Jewellery/7739/white45/CENTER.jpg,Colour Diam,Apparel & Accessories > Jewelry,,1,,,,unisex,,,adult,,,,,,,,,NON CERTIFIED,Fine Jewelry
7740,0.45 ct Diamond Ring | Colour Diam | 7740,Discover 0.45 ct Diamond Ring with Colour Diam. The supplier specifies 18K for the setting. Ask our team about the available documentation. The supplier lists a jewellery weight of 2.124 g. Quote stock 7740 for current images and availability.,in stock,new,695432.03 KRW,https://colourdiam.com/productdetail/7740,https://colourdiam.com/Product/Jewellery/7740/white45/CENTER.jpg,Colour Diam,Apparel & Accessories > Jewelry,,1,,,,unisex,,,adult,,,,,,,,,NON CERTIFIED,Fine Jewelry
7741,0.45 ct Diamond Ring | Colour Diam | 7741,Explore the details of 0.45 ct Diamond Ring. The supplier specifies 18K for the setting. Ask our team about the available documentation. The supplier lists a jewellery weight of 2.124 g. Quote stock 7741 for current images and availability.,in stock,new,695432.03 KRW,https://colourdiam.com/productdetail/7741,https://colourdiam.com/Product/Jewellery/7741/white45/CENTER.jpg,Colour Diam,Apparel & Accessories > Jewelry,,1,,,,unisex,,,adult,,,,,,,,,NON CERTIFIED,Fine Jewelry
7742,0.45 ct Diamond Ring | Colour Diam | 7742,0.45 ct Diamond Ring brings its own character to your selection. The supplier specifies 18K for the setting. Ask our team about the available documentation. The supplier lists a jewellery weight of 2.124 g. Quote stock 7742 for current images and availability.,in stock,new,695432.03 KRW,https://colourdiam.com/productdetail/7742,https://colourdiam.com/Product/Jewellery/7742/white45/CENTER.jpg,Colour Diam,Apparel & Accessories > Jewelry,,1,,,,unisex,,,adult,,,,,,,,,NON CERTIFIED,Fine Jewelry
7768,3.308 ct Diamond Necklace | Colour Diam | 7768,Your search for colour continues with 3.308 ct Diamond Necklace. The supplier specifies 18K for the setting. Ask our team about the available documentation. The supplier lists a jewellery weight of 18.16 g. Quote stock 7768 for current images and availability.,in stock,new,23953769.75 KRW,https://colourdiam.com/productdetail/7768,https://colourdiam.com/Product/Jewellery/7768/black360/center.jpg,Colour Diam,Apparel & Accessories > Jewelry,,1,,,,unisex,,,adult,,,,,,,,,,Fine Jewelry
7772,1.58 ct Light Greenish Yellow Diamond Ring | Colour Diam | 7772,Meet 1.58 ct Light Greenish Yellow Diamond Ring from Colour Diam. The listed clarity is VS2. The supplier specifies 18K for the setting. GIA is listed as the grading laboratory. Ask to review the original report before purchase. The supplier lists a jewellery weight of 7.50 g. Quote stock 7772 for current images and availability.,in stock,new,12363236 KRW,https://colourdiam.com/productdetail/7772,https://www.colourdiam.com/Product/Jewellery/7772/white45/center.jpg,Colour Diam,Apparel & Accessories > Jewelry,,1,,,,unisex,,,adult,,,,,,,,,GIA,Fine Jewelry
7778,9.898 ct Fancy Pink Diamond Necklace | Colour Diam | 7778,Take a closer look at 9.898 ct Fancy Pink Diamond Necklace. The listed clarity grades are VS / SI. The supplier specifies 18K for the setting. AGL is listed as the grading laboratory. Ask to review the original report before purchase. Quote stock 7778 for current images and availability.,in stock,new,54089157.5 KRW,https://colourdiam.com/productdetail/7778,https://colourdiam.com/Product/Jewellery/7778/white360/center.Jpg,Colour Diam,Apparel & Accessories > Jewelry,,1,,,,unisex,,,adult,,,,,,,,,AGL,Fine Jewelry
7880,0.269 ct Fancy Yellow Diamond Ring | Colour Diam | 7880,Take a closer look at 0.269 ct Fancy Yellow Diamond Ring. The supplier specifies 18K for the setting. AGL is listed as the grading laboratory. Ask to review the original report before purchase. The supplier lists a jewellery weight of 2.71 g. Quote stock 7880 for current images and availability.,in stock,new,2472647.2 KRW,https://colourdiam.com/productdetail/7880,https://colourdiam.com/Product/Jewellery/7880/white360/center.jpg,Colour Diam,Apparel & Accessories > Jewelry,,1,,,,unisex,,,adult,,,,,,,,,AGL,Fine Jewelry
7881,0.435 ct Fancy Intense Yellow Diamond Ring | Colour Diam | 7881,Colour Diam presents 0.435 ct Fancy Intense Yellow Diamond Ring. The supplier specifies 18K for the setting. AGL is listed as the grading laboratory. Ask to review the original report before purchase. The supplier lists a jewellery weight of 2.43 g. Quote stock 7881 for current images and availability.,in stock,new,2781728.1 KRW,https://colourdiam.com/productdetail/7881,https://colourdiam.com/Product/Jewellery/7881/white45/CENTER.jpg,Colour Diam,Apparel & Accessories > Jewelry,,1,,,,unisex,,,adult,,,,,,,,,AGL,Fine Jewelry
7882,0.168 ct Fancy Yellow Diamond Ring | Colour Diam | 7882,Put 0.168 ct Fancy Yellow Diamond Ring on your personal shortlist. The supplier specifies 18K for the setting. AGL is listed as the grading laboratory. Ask to review the original report before purchase. The supplier lists a jewellery weight of 2.31 g. Quote stock 7882 for current images and availability.,in stock,new,2318106.75 KRW,https://colourdiam.com/productdetail/7882,https://colourdiam.com/Product/Jewellery/7882/white45/center.jpg,Colour Diam,Apparel & Accessories > Jewelry,,1,,,,unisex,,,adult,,,,,,,,,AGL,Fine Jewelry
7883,0.12 ct Fancy Yellow Diamond Ring | Colour Diam | 7883,Find your next inspiration in 0.12 ct Fancy Yellow Diamond Ring. The supplier specifies 18K for the setting. AGL is listed as the grading laboratory. Ask to review the original report before purchase. The supplier lists a jewellery weight of 2.87 g. Quote stock 7883 for current images and availability.,in stock,new,2318106.75 KRW,https://colourdiam.com/productdetail/7883,https://www.colourdiam.com/Product/Jewellery/7883/white45/center.jpg,Colour Diam,Apparel & Accessories > Jewelry,,1,,,,unisex,,,adult,,,,,,,,,AGL,Fine Jewelry
7884_7885,0.508 ct Fancy Intense Yellow Diamond Ring | Colour Diam | 7884_7885,Discover 0.508 ct Fancy Intense Yellow Diamond Ring with Colour Diam. The supplier specifies 18K for the setting. AGL is listed as the grading laboratory. Ask to review the original report before purchase. The supplier lists a jewellery weight of 3.16 g. Quote stock 7884_7885 for current images and availability.,in stock,new,3090809 KRW,https://colourdiam.com/productdetail/Menu/7884/7885,https://www.colourdiam.com/Product/Jewellery/7884_7885/white45/center.jpg,Colour Diam,Apparel & Accessories > Jewelry,,1,,,,unisex,,,adult,,,,,,,,,AGL,Fine Jewelry
7891,11.22 ct Sapphire Bracelet | Colour Diam | 7891,Explore the details of 11.22 ct Sapphire Bracelet. The supplier specifies 9K for the setting. Ask our team about the available documentation. The supplier lists a jewellery weight of 11.98 g. Quote stock 7891 for current images and availability.,in stock,new,3477160.13 KRW,https://colourdiam.com/productdetail/7891,https://www.colourdiam.com/Product/Jewellery/7891/white45/center.jpg,Colour Diam,Apparel & Accessories > Jewelry,,1,,,,unisex,,,adult,,,,,,,,,,Fine Jewelry
7915,0.11 ct Fancy Yellow Diamond Ring | Colour Diam | 7915,Your search for colour continues with 0.11 ct Fancy Yellow Diamond Ring. The listed clarity is VS. The supplier specifies 18K for the setting. AGL is listed as the grading laboratory. Ask to review the original report before purchase. The supplier lists a jewellery weight of 2.59 g. Quote stock 7915 for current images and availability.,in stock,new,1699944.95 KRW,https://colourdiam.com/productdetail/7915,https://colourdiam.com/Product/Jewellery/7915/white45/CENTER.jpg,Colour Diam,Apparel & Accessories > Jewelry,,1,,,,unisex,,,adult,,,,,,,,,AGL,Fine Jewelry
7916,0.098 ct Fancy yellow Diamond Ring | Colour Diam | 7916,Meet 0.098 ct Fancy yellow Diamond Ring from Colour Diam. The listed clarity is VS. The supplier specifies 18K for the setting. AGL is listed as the grading laboratory. Ask to review the original report before purchase. The supplier lists a jewellery weight of 4.28 g. Quote stock 7916 for current images and availability.,in stock,new,2163566.3 KRW,https://colourdiam.com/productdetail/7916,https://colourdiam.com/Product/Jewellery/7916/white45/CENTER.jpg,Colour Diam,Apparel & Accessories > Jewelry,,1,,,,unisex,,,adult,,,,,,,,,AGL,Fine Jewelry
7919,0.113 ct Fancy intense yellow Diamond Ring | Colour Diam | 7919,0.113 ct Fancy intense yellow Diamond Ring brings its own character to your selection. The listed clarity is VS. The supplier specifies 18K for the setting. AGL is listed as the grading laboratory. Ask to review the original report before purchase. The supplier lists a jewellery weight of 2.86 g. Quote stock 7919 for current images and availability.,in stock,new,1854485.4 KRW,https://colourdiam.com/productdetail/7919,https://www.colourdiam.com/Product/Jewellery/7919/white45/center.jpg,Colour Diam,Apparel & Accessories > Jewelry,,1,,,,unisex,,,adult,,,,,,,,,AGL,Fine Jewelry
7920,0.51 ct Fancy intense yellow Diamond Ring | Colour Diam | 7920,Discover 0.51 ct Fancy intense yellow Diamond Ring with Colour Diam. The listed clarity is VS. The supplier specifies 18K for the setting. AGL is listed as the grading laboratory. Ask to review the original report before purchase. The supplier lists a jewellery weight of 2.87 g. Quote stock 7920 for current images and availability.,in stock,new,1236323.6 KRW,https://colourdiam.com/productdetail/7920,https://colourdiam.com/Product/Jewellery/7920/white360/CENTER.jpg,Colour Diam,Apparel & Accessories > Jewelry,,1,,,,unisex,,,adult,,,,,,,,,AGL,Fine Jewelry
7921,0.136 ct Fancy yellow Diamond Ring | Colour Diam | 7921,Explore the details of 0.136 ct Fancy yellow Diamond Ring. The listed clarity is VS. The supplier specifies 18K for the setting. AGL is listed as the grading laboratory. Ask to review the original report before purchase. The supplier lists a jewellery weight of 2.91 g. Quote stock 7921 for current images and availability.,in stock,new,1545404.5 KRW,https://colourdiam.com/productdetail/7921,https://www.colourdiam.com/Product/Jewellery/7921/white45/center.jpg,Colour Diam,Apparel & Accessories > Jewelry,,1,,,,unisex,,,adult,,,,,,,,,AGL,Fine Jewelry
7922,0.20 ct Fancy intense yellow Diamond Ring | Colour Diam | 7922,0.20 ct Fancy intense yellow Diamond Ring brings its own character to your selection. The listed clarity is VS. The supplier specifies 18K for the setting. AGL is listed as the grading laboratory. Ask to review the original report before purchase. The supplier lists a jewellery weight of 2.13 g. Quote stock 7922 for current images and availability.,in stock,new,1854485.4 KRW,https://colourdiam.com/productdetail/7922,https://colourdiam.com/Product/Jewellery/7922/white360/CENTER.jpg,Colour Diam,Apparel & Accessories > Jewelry,,1,,,,unisex,,,adult,,,,,,,,,AGL,Fine Jewelry
7923,0.243 ct Fancy intense yellow Diamond Ring | Colour Diam | 7923,Consider 0.243 ct Fancy intense yellow Diamond Ring for your next jewellery consultation. The listed clarity is VS. The supplier specifies 18K for the setting. AGL is listed as the grading laboratory. Ask to review the original report before purchase. The supplier lists a jewellery weight of 2.85 g. Quote stock 7923 for current images and availability.,in stock,new,1854485.4 KRW,https://colourdiam.com/productdetail/7923,https://www.colourdiam.com/Product/Jewellery/7923/white45/center.jpg,Colour Diam,Apparel & Accessories > Jewelry,,1,,,,unisex,,,adult,,,,,,,,,AGL,Fine Jewelry
7924,0.11 ct Fancy intense yellow Diamond Ring | Colour Diam | 7924,Make 0.11 ct Fancy intense yellow Diamond Ring the starting point of your colour story. The listed clarity is VS. The supplier specifies 18K for the setting. AGL is listed as the grading laboratory. Ask to review the original report before purchase. The supplier lists a jewellery weight of 2.49 g. Quote stock 7924 for current images and availability.,in stock,new,1313593.83 KRW,https://colourdiam.com/productdetail/7924,https://www.colourdiam.com/Product/Jewellery/7924/white45/center.jpg,Colour Diam,Apparel & Accessories > Jewelry,,1,,,,unisex,,,adult,,,,,,,,,AGL,Fine Jewelry
7925,0.156 ct Fancy yellow Diamond Ring | Colour Diam | 7925,Take a closer look at 0.156 ct Fancy yellow Diamond Ring. The listed clarity is VS. The supplier specifies 18K for the setting. AGL is listed as the grading laboratory. Ask to review the original report before purchase. The supplier lists a jewellery weight of 3.12 g. Quote stock 7925 for current images and availability.,in stock,new,1854485.4 KRW,https://colourdiam.com/productdetail/7925,https://www.colourdiam.com/Product/Jewellery/7925/white45/center.jpg,Colour Diam,Apparel & Accessories > Jewelry,,1,,,,unisex,,,adult,,,,,,,,,AGL,Fine Jewelry
7926,0.137 ct Fancy yellow Diamond Ring | Colour Diam | 7926,Colour Diam presents 0.137 ct Fancy yellow Diamond Ring. The listed clarity is SI. The supplier specifies 18K for the setting. AGL is listed as the grading laboratory. Ask to review the original report before purchase. The supplier lists a jewellery weight of 2.37 g. Quote stock 7926 for current images and availability.,in stock,new,1545404.5 KRW,https://colourdiam.com/productdetail/7926,https://www.colourdiam.com/Product/Jewellery/7926/white45/center.jpg,Colour Diam,Apparel & Accessories > Jewelry,,1,,,,unisex,,,adult,,,,,,,,,AGL,Fine Jewelry
7927,0.341 ct Fancy yellow Diamond Ring | Colour Diam | 7927,Put 0.341 ct Fancy yellow Diamond Ring on your personal shortlist. The listed clarity is SI. The supplier specifies 18K for the setting. AGL is listed as the grading laboratory. Ask to review the original report before purchase. The supplier lists a jewellery weight of 2.87 g. Quote stock 7927 for current images and availability.,in stock,new,1854485.4 KRW,https://colourdiam.com/productdetail/7927,https://www.colourdiam.com/Product/Jewellery/7927/white45/center.jpg,Colour Diam,Apparel & Accessories > Jewelry,,1,,,,unisex,,,adult,,,,,,,,,AGL,Fine Jewelry
7929,0.101 ct Fancy Pink Diamond Ring | Colour Diam | 7929,0.101 ct Fancy Pink Diamond Ring: a piece to explore in detail. The listed clarity is VS. The supplier specifies 18K for the setting. AGL is listed as the grading laboratory. Ask to review the original report before purchase. The supplier lists a jewellery weight of 2.96 g. Quote stock 7929 for current images and availability.,in stock,new,1854485.4 KRW,https://colourdiam.com/productdetail/7929,https://www.colourdiam.com/Product/Jewellery/7929/white45/center.jpg,Colour Diam,Apparel & Accessories > Jewelry,,1,,,,unisex,,,adult,,,,,,,,,AGL,Fine Jewelry
7930,0.16 ct Fancy yellow Diamond Ring | Colour Diam | 7930,Put 0.16 ct Fancy yellow Diamond Ring on your personal shortlist. The listed clarity is VS. The supplier specifies 18K for the setting. AGL is listed as the grading laboratory. Ask to review the original report before purchase. The supplier lists a jewellery weight of 2.81 g. Quote stock 7930 for current images and availability.,in stock,new,1854485.4 KRW,https://colourdiam.com/productdetail/7930,https://colourdiam.com/Product/Jewellery/7930/white45/center.jpg,Colour Diam,Apparel & Accessories > Jewelry,,1,,,,unisex,,,adult,,,,,,,,,AGL,Fine Jewelry
7934,0.141 ct Fancy yellow Diamond Ring | Colour Diam | 7934,Meet 0.141 ct Fancy yellow Diamond Ring from Colour Diam. The listed clarity is VS. The supplier specifies 18K for the setting. AGL is listed as the grading laboratory. Ask to review the original report before purchase. The supplier lists a jewellery weight of 2.68 g. Quote stock 7934 for current images and availability.,in stock,new,1545404.5 KRW,https://colourdiam.com/productdetail/7934,https://www.colourdiam.com/Product/Jewellery/7934/white45/center.jpg,Colour Diam,Apparel & Accessories > Jewelry,,1,,,,unisex,,,adult,,,,,,,,,AGL,Fine Jewelry
7935,0.091 ct Fancy Brownish yellow Diamond Ring | Colour Diam | 7935,Discover 0.091 ct Fancy Brownish yellow Diamond Ring with Colour Diam. The supplier specifies 18K for the setting. AGL is listed as the grading laboratory. Ask to review the original report before purchase. The supplier lists a jewellery weight of 3.87 g. Quote stock 7935 for current images and availability.,in stock,new,1545404.5 KRW,https://colourdiam.com/productdetail/7935,https://colourdiam.com/Product/Jewellery/7935/white360/CENTER.jpg,Colour Diam,Apparel & Accessories > Jewelry,,1,,,,unisex,,,adult,,,,,,,,,AGL,Fine Jewelry
7936,0.32 ct Fancy Brownish yellow Diamond Ring | Colour Diam | 7936,Explore the details of 0.32 ct Fancy Brownish yellow Diamond Ring. The supplier specifies 18K for the setting. AGL is listed as the grading laboratory. Ask to review the original report before purchase. The supplier lists a jewellery weight of 2.83 g. Quote stock 7936 for current images and availability.,in stock,new,1545404.5 KRW,https://colourdiam.com/productdetail/7936,https://www.colourdiam.com/Product/Jewellery/7936/white45/center.jpg,Colour Diam,Apparel & Accessories > Jewelry,,1,,,,unisex,,,adult,,,,,,,,,AGL,Fine Jewelry
7937,0.125 ct Fancy intense yellow Diamond Ring | Colour Diam | 7937,0.125 ct Fancy intense yellow Diamond Ring brings its own character to your selection. The listed clarity is VS. The supplier specifies 18K for the setting. AGL is listed as the grading laboratory. Ask to review the original report before purchase. The supplier lists a jewellery weight of 2.78 g. Quote stock 7937 for current images and availability.,in stock,new,1545404.5 KRW,https://colourdiam.com/productdetail/7937,https://www.colourdiam.com/Product/Jewellery/7937/white45/center.jpg,Colour Diam,Apparel & Accessories > Jewelry,,1,,,,unisex,,,adult,,,,,,,,,AGL,Fine Jewelry
7938,0.233 ct Fancy intense yellow Diamond Ring | Colour Diam | 7938,Consider 0.233 ct Fancy intense yellow Diamond Ring for your next jewellery consultation. The listed clarity is VS. The supplier specifies 18K for the setting. AGL is listed as the grading laboratory. Ask to review the original report before purchase. The supplier lists a jewellery weight of 2.52 g. Quote stock 7938 for current images and availability.,in stock,new,2318106.75 KRW,https://colourdiam.com/productdetail/7938,https://www.colourdiam.com/Product/Jewellery/7938/white45/center.jpg,Colour Diam,Apparel & Accessories > Jewelry,,1,,,,unisex,,,adult,,,,,,,,,AGL,Fine Jewelry
7939_7940,0.55 ct Fancy intense yellow Diamond Ring | Colour Diam | 7939_7940,0.55 ct Fancy intense yellow Diamond Ring: a piece to explore in detail. The listed clarity is VS. The supplier specifies 18K for the setting. AGL is listed as the grading laboratory. Ask to review the original report before purchase. The supplier lists a jewellery weight of 3.08 g. Quote stock 7939_7940 for current images and availability.,in stock,new,2318106.75 KRW,https://colourdiam.com/productdetail/Menu/7939/7940,https://www.colourdiam.com/Product/Jewellery/7939_7940/white45/center.jpg,Colour Diam,Apparel & Accessories > Jewelry,,1,,,,unisex,,,adult,,,,,,,,,AGL,Fine Jewelry
7941,0.098 ct Fancy Yellow Diamond Ring | Colour Diam | 7941,Consider 0.098 ct Fancy Yellow Diamond Ring for your next jewellery consultation. The listed clarity is VS. The supplier specifies 18K for the setting. AGL is listed as the grading laboratory. Ask to review the original report before purchase. The supplier lists a jewellery weight of 2.78 g. Quote stock 7941 for current images and availability.,in stock,new,1854485.4 KRW,https://colourdiam.com/productdetail/7941,https://www.colourdiam.com/Product/Jewellery/7941/white45/center.jpg,Colour Diam,Apparel & Accessories > Jewelry,,1,,,,unisex,,,adult,,,,,,,,,AGL,Fine Jewelry
7944,0.344 ct Fancy Intense Yellow Diamond Ring | Colour Diam | 7944,Colour Diam presents 0.344 ct Fancy Intense Yellow Diamond Ring. The listed clarity is VS. The supplier specifies 18K for the setting. AGL is listed as the grading laboratory. Ask to review the original report before purchase. The supplier lists a jewellery weight of 2.89 g. Quote stock 7944 for current images and availability.,in stock,new,1854485.4 KRW,https://colourdiam.com/productdetail/7944,https://www.colourdiam.com/Product/Jewellery/7944/white45/center.jpg,Colour Diam,Apparel & Accessories > Jewelry,,1,,,,unisex,,,adult,,,,,,,,,AGL,Fine Jewelry
7945,0.068 ct Fancy Yellow Diamond Ring | Colour Diam | 7945,Put 0.068 ct Fancy Yellow Diamond Ring on your personal shortlist. The listed clarity is VS. The supplier specifies 18K for the setting. AGL is listed as the grading laboratory. Ask to review the original report before purchase. The supplier lists a jewellery weight of 3.01 g. Quote stock 7945 for current images and availability.,in stock,new,1545404.5 KRW,https://colourdiam.com/productdetail/7945,https://colourdiam.com/Product/Jewellery/7945/black360/center.jpg,Colour Diam,Apparel & Accessories > Jewelry,,1,,,,unisex,,,adult,,,,,,,,,AGL,Fine Jewelry
7947,0.147 ct Fancy Intense Yellow Diamond Ring | Colour Diam | 7947,0.147 ct Fancy Intense Yellow Diamond Ring: a piece to explore in detail. The listed clarity is VS. The supplier specifies 18K for the setting. AGL is listed as the grading laboratory. Ask to review the original report before purchase. The supplier lists a jewellery weight of 2.85 g. Quote stock 7947 for current images and availability.,in stock,new,1854485.4 KRW,https://colourdiam.com/productdetail/7947,https://www.colourdiam.com/Product/Jewellery/7947/white45/center.jpg,Colour Diam,Apparel & Accessories > Jewelry,,1,,,,unisex,,,adult,,,,,,,,,AGL,Fine Jewelry
7948,0.147 ct Fancy Intense Yellow Diamond Ring | Colour Diam | 7948,Your search for colour continues with 0.147 ct Fancy Intense Yellow Diamond Ring. The listed clarity is VS. The supplier specifies 18K for the setting. AGL is listed as the grading laboratory. Ask to review the original report before purchase. The supplier lists a jewellery weight of 3.09 g. Quote stock 7948 for current images and availability.,in stock,new,1390864.05 KRW,https://colourdiam.com/productdetail/7948,https://colourdiam.com/Product/Jewellery/7948/white45/CENTER.jpg,Colour Diam,Apparel & Accessories > Jewelry,,1,,,,unisex,,,adult,,,,,,,,,AGL,Fine Jewelry
7950,0.149 ct Fancy yellow Diamond Ring | Colour Diam | 7950,0.149 ct Fancy yellow Diamond Ring: a piece to explore in detail. The listed clarity is VS. The supplier specifies 18K for the setting. AGL is listed as the grading laboratory. Ask to review the original report before purchase. The supplier lists a jewellery weight of 2.59 g. Quote stock 7950 for current images and availability.,in stock,new,1854485.4 KRW,https://colourdiam.com/productdetail/7950,https://colourdiam.com/Product/Jewellery/7950/white360/center.jpg,Colour Diam,Apparel & Accessories > Jewelry,,1,,,,unisex,,,adult,,,,,,,,,AGL,Fine Jewelry
7951,0.251 ct Fancy intense yellow Diamond Ring | Colour Diam | 7951,Your search for colour continues with 0.251 ct Fancy intense yellow Diamond Ring. The listed clarity is VS. The supplier specifies 18K for the setting. AGL is listed as the grading laboratory. Ask to review the original report before purchase. The supplier lists a jewellery weight of 2.82 g. Quote stock 7951 for current images and availability.,in stock,new,1854485.4 KRW,https://colourdiam.com/productdetail/7951,https://www.colourdiam.com/Product/Jewellery/7951/white45/center.jpg,Colour Diam,Apparel & Accessories > Jewelry,,1,,,,unisex,,,adult,,,,,,,,,AGL,Fine Jewelry
7952,0.235 ct Fancy intense yellow Diamond Ring | Colour Diam | 7952,Meet 0.235 ct Fancy intense yellow Diamond Ring from Colour Diam. The listed clarity is VS. The supplier specifies 18K for the setting. AGL is listed as the grading laboratory. Ask to review the original report before purchase. The supplier lists a jewellery weight of 3.17 g. Quote stock 7952 for current images and availability.,in stock,new,1854485.4 KRW,https://colourdiam.com/productdetail/7952,https://www.colourdiam.com/Product/Jewellery/7952/white45/center.jpg,Colour Diam,Apparel & Accessories > Jewelry,,1,,,,unisex,,,adult,,,,,,,,,AGL,Fine Jewelry
7953,0.203 ct Fancy Pink Diamond Ring | Colour Diam | 7953,Discover 0.203 ct Fancy Pink Diamond Ring with Colour Diam. The listed clarity is VS. The supplier specifies 18K for the setting. AGL is listed as the grading laboratory. Ask to review the original report before purchase. The supplier lists a jewellery weight of 2.9 g. Quote stock 7953 for current images and availability.,in stock,new,2318106.75 KRW,https://colourdiam.com/productdetail/7953,https://www.colourdiam.com/Product/Jewellery/7953/white45/center.jpg,Colour Diam,Apparel & Accessories > Jewelry,,1,,,,unisex,,,adult,,,,,,,,,AGL,Fine Jewelry
7954,0.141 ct Fancy yellow Diamond Pendant | Colour Diam | 7954,Explore the details of 0.141 ct Fancy yellow Diamond Pendant. The listed clarity is VS. The supplier specifies 18K for the setting. AGL is listed as the grading laboratory. Ask to review the original report before purchase. The supplier lists a jewellery weight of 3.76 g. Quote stock 7954 for current images and availability.,in stock,new,1854485.4 KRW,https://colourdiam.com/productdetail/7954,https://www.colourdiam.com/Product/Jewellery/7954/white45/center.jpg,Colour Diam,Apparel & Accessories > Jewelry,,1,,,,unisex,,,adult,,,,,,,,,AGL,Fine Jewelry
7955,0.198 ct Fancy intense yellow Diamond Ring | Colour Diam | 7955,0.198 ct Fancy intense yellow Diamond Ring brings its own character to your selection. The listed clarity is VS. The supplier specifies 18K for the setting. AGL is listed as the grading laboratory. Ask to review the original report before purchase. The supplier lists a jewellery weight of 3.76 g. Quote stock 7955 for current images and availability.,in stock,new,2009025.85 KRW,https://colourdiam.com/productdetail/7955,https://colourdiam.com/Product/Jewellery/7955/white45/CENTER.jpg,Colour Diam,Apparel & Accessories > Jewelry,,1,,,,unisex,,,adult,,,,,,,,,AGL,Fine Jewelry
7956,0.186 ct Fancy intense yellow Diamond Ring | Colour Diam | 7956,Consider 0.186 ct Fancy intense yellow Diamond Ring for your next jewellery consultation. The listed clarity is VS. The supplier specifies 18K for the setting. AGL is listed as the grading laboratory. Ask to review the original report before purchase. The supplier lists a jewellery weight of 2.65 g. Quote stock 7956 for current images and availability.,in stock,new,1854485.4 KRW,https://colourdiam.com/productdetail/7956,https://www.colourdiam.com/Product/Jewellery/7956/white45/center.jpg,Colour Diam,Apparel & Accessories > Jewelry,,1,,,,unisex,,,adult,,,,,,,,,AGL,Fine Jewelry
7957,0.182 ct Fancy intense green Diamond Ring | Colour Diam | 7957,Make 0.182 ct Fancy intense green Diamond Ring the starting point of your colour story. The listed clarity is VS. The supplier specifies 18K for the setting. AGL is listed as the grading laboratory. Ask to review the original report before purchase. The supplier lists a jewellery weight of 2.83 g. Quote stock 7957 for current images and availability.,in stock,new,2318106.75 KRW,https://colourdiam.com/productdetail/7957,https://www.colourdiam.com/Product/Jewellery/7957/white45/center.jpg,Colour Diam,Apparel & Accessories > Jewelry,,1,,,,unisex,,,adult,,,,,,,,,AGL,Fine Jewelry
7958,0.184 ct Fancy yellow Diamond Ring | Colour Diam | 7958,Take a closer look at 0.184 ct Fancy yellow Diamond Ring. The listed clarity is VS. The supplier specifies 18K for the setting. AGL is listed as the grading laboratory. Ask to review the original report before purchase. The supplier lists a jewellery weight of 2.63 g. Quote stock 7958 for current images and availability.,in stock,new,1854485.4 KRW,https://colourdiam.com/productdetail/7958,https://www.colourdiam.com/Product/Jewellery/7958/white45/center.jpg,Colour Diam,Apparel & Accessories > Jewelry,,1,,,,unisex,,,adult,,,,,,,,,AGL,Fine Jewelry
7959,0.142 ct Fancy yellow Diamond Pendant | Colour Diam | 7959,Colour Diam presents 0.142 ct Fancy yellow Diamond Pendant. The listed clarity is VS. The supplier specifies 18K for the setting. AGL is listed as the grading laboratory. Ask to review the original report before purchase. The supplier lists a jewellery weight of 4.14 g. Quote stock 7959 for current images and availability.,in stock,new,1854485.4 KRW,https://colourdiam.com/productdetail/7959,https://www.colourdiam.com/Product/Jewellery/7959/white45/center.jpg,Colour Diam,Apparel & Accessories > Jewelry,,1,,,,unisex,,,adult,,,,,,,,,AGL,Fine Jewelry
7994,0.12 ct Fancy Green Diamond Ring | Colour Diam | 7994,Take a closer look at 0.12 ct Fancy Green Diamond Ring. The listed clarity is VS2. The supplier specifies 18K for the setting. AGL is listed as the grading laboratory. Ask to review the original report before purchase. The supplier lists a jewellery weight of 1.97 g. Quote stock 7994 for current images and availability.,in stock,new,1236323.6 KRW,https://colourdiam.com/productdetail/7994,https://www.colourdiam.com/Product/Jewellery/7994/white45/center.jpg,Colour Diam,Apparel & Accessories > Jewelry,,1,,,,unisex,,,adult,,,,,,,,,AGL,Fine Jewelry
7999,0.203 ct Fancy Intense Pink Diamond Ring | Colour Diam | 7999,Your search for colour continues with 0.203 ct Fancy Intense Pink Diamond Ring. The listed clarity is SI. The supplier specifies 18K for the setting. AGL is listed as the grading laboratory. Ask to review the original report before purchase. The supplier lists a jewellery weight of 2.21 g. Quote stock 7999 for current images and availability.,in stock,new,3090809 KRW,https://colourdiam.com/productdetail/7999,https://colourdiam.com/Product/Jewellery/7999/black360/CENTER.jpg,Colour Diam,Apparel & Accessories > Jewelry,,1,,,,unisex,,,adult,,,,,,,,,AGL,Fine Jewelry
8000,0.505 ct Fancy Intense Green Diamond Ring | Colour Diam | 8000,Find your next inspiration in 0.505 ct Fancy Intense Green Diamond Ring. The listed clarity is VVS. The supplier specifies 18K for the setting. AGL is listed as the grading laboratory. Ask to review the original report before purchase. The supplier lists a jewellery weight of 2.2 g. Quote stock 8000 for current images and availability.,in stock,new,1854485.4 KRW,https://colourdiam.com/productdetail/8000,https://www.colourdiam.com/Product/Jewellery/8000/white45/center.jpg,Colour Diam,Apparel & Accessories > Jewelry,,1,,,,unisex,,,adult,,,,,,,,,AGL,Fine Jewelry
8001,0.116 ct Fancy Yellow Diamond Ring | Colour Diam | 8001,0.116 ct Fancy Yellow Diamond Ring: a piece to explore in detail. The listed clarity is VS. The supplier specifies 18K for the setting. AGL is listed as the grading laboratory. Ask to review the original report before purchase. The supplier lists a jewellery weight of 2.53 g. Quote stock 8001 for current images and availability.,in stock,new,1545404.5 KRW,https://colourdiam.com/productdetail/8001,https://www.colourdiam.com/Product/Jewellery/8001/white45/center.jpg,Colour Diam,Apparel & Accessories > Jewelry,,1,,,,unisex,,,adult,,,,,,,,,AGL,Fine Jewelry
8002,0.113 ct Fancy Intense Green Diamond Ring | Colour Diam | 8002,Your search for colour continues with 0.113 ct Fancy Intense Green Diamond Ring. The listed clarity is VS. The supplier specifies 18K for the setting. AGL is listed as the grading laboratory. Ask to review the original report before purchase. The supplier lists a jewellery weight of 1.98 g. Quote stock 8002 for current images and availability.,in stock,new,1236323.6 KRW,https://colourdiam.com/productdetail/8002,https://colourdiam.com/Product/Jewellery/8002/black360/CENTER.jpg,Colour Diam,Apparel & Accessories > Jewelry,,1,,,,unisex,,,adult,,,,,,,,,AGL,Fine Jewelry
8003,0.102 ct Fancy Intense Green Diamond Ring | Colour Diam | 8003,Meet 0.102 ct Fancy Intense Green Diamond Ring from Colour Diam. The listed clarity is SI. The supplier specifies 18K for the setting. AGL is listed as the grading laboratory. Ask to review the original report before purchase. The supplier lists a jewellery weight of 1.96 g. Quote stock 8003 for current images and availability.,in stock,new,1236323.6 KRW,https://colourdiam.com/productdetail/8003,https://colourdiam.com/Product/Jewellery/8003/black360/CENTER.jpg,Colour Diam,Apparel & Accessories > Jewelry,,1,,,,unisex,,,adult,,,,,,,,,AGL,Fine Jewelry
8006,0.156 ct Fancy Intense Pink Diamond Ring | Colour Diam | 8006,0.156 ct Fancy Intense Pink Diamond Ring brings its own character to your selection. The listed clarity is VS. The supplier specifies 18K for the setting. AGL is listed as the grading laboratory. Ask to review the original report before purchase. The supplier lists a jewellery weight of 2.07 g. Quote stock 8006 for current images and availability.,in stock,new,1236323.6 KRW,https://colourdiam.com/productdetail/8006,https://colourdiam.com/Product/Jewellery/8006/white45/center.jpg,Colour Diam,Apparel & Accessories > Jewelry,,1,,,,unisex,,,adult,,,,,,,,,AGL,Fine Jewelry
8008,0.324 ct Fancy Vivid Yellow Diamond Ring | Colour Diam | 8008,Make 0.324 ct Fancy Vivid Yellow Diamond Ring the starting point of your colour story. The listed clarity is VS. The supplier specifies 18K for the setting. AGL is listed as the grading laboratory. Ask to review the original report before purchase. The supplier lists a jewellery weight of 1.84 g. Quote stock 8008 for current images and availability.,in stock,new,1854485.4 KRW,https://colourdiam.com/productdetail/8008,https://www.colourdiam.com/Product/Jewellery/8008/white45/center.jpg,Colour Diam,Apparel & Accessories > Jewelry,,1,,,,unisex,,,adult,,,,,,,,,AGL,Fine Jewelry
8015,0.26 ct Fancy Green Diamond Ring | Colour Diam | 8015,Find your next inspiration in 0.26 ct Fancy Green Diamond Ring. The listed clarity is VS. The supplier specifies 18K for the setting. AGL is listed as the grading laboratory. Ask to review the original report before purchase. The supplier lists a jewellery weight of 2.330 g. Quote stock 8015 for current images and availability.,in stock,new,4636213.5 KRW,https://colourdiam.com/productdetail/8015,https://colourdiam.com/Product/Jewellery/8015/center.jpg,Colour Diam,Apparel & Accessories > Jewelry,,1,,,,unisex,,,adult,,,,,,,,,AGL,Fine Jewelry
8021,0.111 ct Fancy Intense green Diamond Pendant | Colour Diam | 8021,Meet 0.111 ct Fancy Intense green Diamond Pendant from Colour Diam. The listed clarity is VVS1. The supplier specifies 18K for the setting. AGL is listed as the grading laboratory. Ask to review the original report before purchase. The supplier lists a jewellery weight of 2.94 g. Quote stock 8021 for current images and availability.,in stock,new,1236323.6 KRW,https://colourdiam.com/productdetail/8021,https://www.colourdiam.com/Product/Jewellery/8021/white45/center.jpg,Colour Diam,Apparel & Accessories > Jewelry,,1,,,,unisex,,,adult,,,,,,,,,AGL,Fine Jewelry
8022,0.137 ct Fancy intense green Diamond Bracelet | Colour Diam | 8022,Discover 0.137 ct Fancy intense green Diamond Bracelet with Colour Diam. The listed clarity is VVS. The supplier specifies 18K for the setting. AGL is listed as the grading laboratory. Ask to review the original report before purchase. The supplier lists a jewellery weight of 2.14 g. Quote stock 8022 for current images and availability.,in stock,new,1545404.5 KRW,https://colourdiam.com/productdetail/8022,https://colourdiam.com/Product/Jewellery/8022/white360/center.jpg,Colour Diam,Apparel & Accessories > Jewelry,,1,,,,unisex,,,adult,,,,,,,,,AGL,Fine Jewelry
8023,0.137 ct Fancy green Diamond Bracelet | Colour Diam | 8023,Explore the details of 0.137 ct Fancy green Diamond Bracelet. The listed clarity is SI1. The supplier specifies 18K for the setting. AGL is listed as the grading laboratory. Ask to review the original report before purchase. The supplier lists a jewellery weight of 2.21 g. Quote stock 8023 for current images and availability.,in stock,new,1236323.6 KRW,https://colourdiam.com/productdetail/8023,https://colourdiam.com/Product/Jewellery/8023/white360/center.jpg,Colour Diam,Apparel & Accessories > Jewelry,,1,,,,unisex,,,adult,,,,,,,,,AGL,Fine Jewelry
8024,0.106 ct Fancy Intense yellow Diamond Pendant | Colour Diam | 8024,0.106 ct Fancy Intense yellow Diamond Pendant brings its own character to your selection. The listed clarity is I1. The supplier specifies 18K for the setting. AGL is listed as the grading laboratory. Ask to review the original report before purchase. The supplier lists a jewellery weight of 3.6 g. Quote stock 8024 for current images and availability.,in stock,new,1236323.6 KRW,https://colourdiam.com/productdetail/8024,https://colourdiam.com/Product/Jewellery/8024/white45/center.jpg,Colour Diam,Apparel & Accessories > Jewelry,,1,,,,unisex,,,adult,,,,,,,,,AGL,Fine Jewelry
8026,0.25 ct Fancy intense Pink Diamond Bracelet | Colour Diam | 8026,Make 0.25 ct Fancy intense Pink Diamond Bracelet the starting point of your colour story. The listed clarity is VVS1. The supplier specifies 18K for the setting. AGL is listed as the grading laboratory. Ask to review the original report before purchase. The supplier lists a jewellery weight of 2.19 g. Quote stock 8026 for current images and availability.,in stock,new,1236323.6 KRW,https://colourdiam.com/productdetail/8026,https://colourdiam.com/Product/Jewellery/8026/white360/center.jpg,Colour Diam,Apparel & Accessories > Jewelry,,1,,,,unisex,,,adult,,,,,,,,,AGL,Fine Jewelry
8027,0.285 ct Fancy pink Diamond Bracelet | Colour Diam | 8027,Take a closer look at 0.285 ct Fancy pink Diamond Bracelet. The listed clarity is VVS. The supplier specifies 18K for the setting. AGL is listed as the grading laboratory. Ask to review the original report before purchase. The supplier lists a jewellery weight of 2.25 g. Quote stock 8027 for current images and availability.,in stock,new,1854485.4 KRW,https://colourdiam.com/productdetail/8027,https://colourdiam.com/Product/Jewellery/8027/white45/center.jpg,Colour Diam,Apparel & Accessories > Jewelry,,1,,,,unisex,,,adult,,,,,,,,,AGL,Fine Jewelry
8028,0.243 ct Fancy purplish pink Diamond Bracelet | Colour Diam | 8028,Colour Diam presents 0.243 ct Fancy purplish pink Diamond Bracelet. The listed clarity is si1. The supplier specifies 18K for the setting. AGL is listed as the grading laboratory. Ask to review the original report before purchase. The supplier lists a jewellery weight of 2.3 g. Quote stock 8028 for current images and availability.,in stock,new,1236323.6 KRW,https://colourdiam.com/productdetail/8028,https://colourdiam.com/Product/Jewellery/8028/white360/center.jpg,Colour Diam,Apparel & Accessories > Jewelry,,1,,,,unisex,,,adult,,,,,,,,,AGL,Fine Jewelry
8029,0.11 ct Fancy Orange-pink Diamond Bracelet | Colour Diam | 8029,Put 0.11 ct Fancy Orange-pink Diamond Bracelet on your personal shortlist. The listed clarity is VS. The supplier specifies 18K for the setting. AGL is listed as the grading laboratory. Ask to review the original report before purchase. The supplier lists a jewellery weight of 2.11 g. Quote stock 8029 for current images and availability.,in stock,new,1236323.6 KRW,https://colourdiam.com/productdetail/8029,https://colourdiam.com/Product/Jewellery/8029/white45/center.jpg,Colour Diam,Apparel & Accessories > Jewelry,,1,,,,unisex,,,adult,,,,,,,,,AGL,Fine Jewelry
8057,0.115 ct Fancy Yellow Diamond Bracelet | Colour Diam | 8057,0.115 ct Fancy Yellow Diamond Bracelet brings its own character to your selection. The listed clarity is SI1. The supplier specifies 18K for the setting. AGL is listed as the grading laboratory. Ask to review the original report before purchase. The supplier lists a jewellery weight of 2.07 g. Quote stock 8057 for current images and availability.,in stock,new,1236323.6 KRW,https://colourdiam.com/productdetail/8057,https://colourdiam.com/Product/Jewellery/8057/white360/center.jpg,Colour Diam,Apparel & Accessories > Jewelry,,1,,,,unisex,,,adult,,,,,,,,,AGL,Fine Jewelry
8062,0.179 ct Diamond Ring | Colour Diam | 8062,Make 0.179 ct Diamond Ring the starting point of your colour story. The listed clarity is SI1. The supplier specifies 18K for the setting. AGL is listed as the grading laboratory. Ask to review the original report before purchase. The supplier lists a jewellery weight of 2.13 g. Quote stock 8062 for current images and availability.,in stock,new,1236323.6 KRW,https://colourdiam.com/productdetail/8062,https://colourdiam.com/Product/Jewellery/8062/white45/center.jpg,Colour Diam,Apparel & Accessories > Jewelry,,1,,,,unisex,,,adult,,,,,,,,,AGL,Fine Jewelry
8068,0.119 ct Fancy Intense Green Diamond Pendant | Colour Diam | 8068,Your search for colour continues with 0.119 ct Fancy Intense Green Diamond Pendant. The listed clarity is SI. The supplier specifies 18K for the setting. AGL is listed as the grading laboratory. Ask to review the original report before purchase. The supplier lists a jewellery weight of 3.43 g. Quote stock 8068 for current images and availability.,in stock,new,1545404.5 KRW,https://colourdiam.com/productdetail/8068,https://colourdiam.com/Product/Jewellery/8068/black360/center.jpg,Colour Diam,Apparel & Accessories > Jewelry,,1,,,,unisex,,,adult,,,,,,,,,AGL,Fine Jewelry
8112,1.00 ct Diamond Bracelet | Colour Diam | 8112,Colour Diam presents 1.00 ct Diamond Bracelet. The supplier specifies 18K for the setting. Ask our team about the available documentation. The supplier lists a jewellery weight of 6.35 g. Quote stock 8112 for current images and availability.,in stock,new,3399889.9 KRW,https://colourdiam.com/productdetail/8112,https://colourdiam.com/Product/Jewellery/8112/Black360/center.jpg,Colour Diam,Apparel & Accessories > Jewelry,,1,,,,unisex,,,adult,,,,,,,,,,Fine Jewelry
8113,0.24 ct Fancy Pink Diamond Bracelet | Colour Diam | 8113,Put 0.24 ct Fancy Pink Diamond Bracelet on your personal shortlist. The supplier specifies 18K for the setting. AGL is listed as the grading laboratory. Ask to review the original report before purchase. The supplier lists a jewellery weight of 8.90 g. Quote stock 8113 for current images and availability.,in stock,new,3863511.25 KRW,https://colourdiam.com/productdetail/8113,https://colourdiam.com/Product/Jewellery/8113/white360/center.jpg,Colour Diam,Apparel & Accessories > Jewelry,,1,,,,unisex,,,adult,,,,,,,,,AGL,Fine Jewelry
8141,"0.18 ct Fancy Pink Diamond Ring, Set | Colour Diam | 8141","0.18 ct Fancy Pink Diamond Ring, Set brings its own character to your selection. The supplier specifies 18K for the setting. Ask our team about the available documentation. The supplier lists a jewellery weight of 2.50 g. Quote stock 8141 for current images and availability.",in stock,new,3863511.25 KRW,https://colourdiam.com/productdetail/8141,https://colourdiam.com/Product/Jewellery/8141/white360/CENTER.jpg,Colour Diam,Apparel & Accessories > Jewelry,,1,,,,unisex,,,adult,,,,,,,,,,Fine Jewelry
8142,"0.22 ct Fancy Pink Diamond Earring, Set | Colour Diam | 8142","Consider 0.22 ct Fancy Pink Diamond Earring, Set for your next jewellery consultation. The supplier specifies 18K for the setting. Ask our team about the available documentation. The supplier lists a jewellery weight of 2.40 g. Quote stock 8142 for current images and availability.",in stock,new,,https://colourdiam.com/productdetail/8142,https://colourdiam.com/Product/Jewellery/8142/black360/center.jpg,Colour Diam,Apparel & Accessories > Jewelry,,1,,,,unisex,,,adult,,,,,,,,,,Fine Jewelry
8143,0.42 ct Emerald Pendant | Colour Diam | 8143,Make 0.42 ct Emerald Pendant the starting point of your colour story. The supplier specifies 18K for the setting. Ask our team about the available documentation. The supplier lists a jewellery weight of 6.08 g. Quote stock 8143 for current images and availability.,in stock,new,1004512.93 KRW,https://colourdiam.com/productdetail/8143,https://colourdiam.com/Product/Jewellery/8143/white45/center.jpg,Colour Diam,Apparel & Accessories > Jewelry,,1,,,,unisex,,,adult,,,,,,,,,,Fine Jewelry
8263,0.235 ct Fancy green Diamond Pendant | Colour Diam | 8263,Put 0.235 ct Fancy green Diamond Pendant on your personal shortlist. The supplier specifies 18K for the setting. Ask our team about the available documentation. The supplier lists a jewellery weight of 3.70 g. Quote stock 8263 for current images and availability.,in stock,new,1854485.4 KRW,https://colourdiam.com/productdetail/8263,https://colourdiam.com/Product/Jewellery/8263/white45/center.jpg,Colour Diam,Apparel & Accessories > Jewelry,,1,,,,unisex,,,adult,,,,,,,,,,Fine Jewelry
8265,0.950 ct Fancy Pink Diamond Ring | Colour Diam | 8265,0.950 ct Fancy Pink Diamond Ring: a piece to explore in detail. The listed clarity is VS. The supplier specifies 18K for the setting. AGL is listed as the grading laboratory. Ask to review the original report before purchase. The supplier lists a jewellery weight of 6.430 g. Quote stock 8265 for current images and availability.,in stock,new,8499724.75 KRW,https://colourdiam.com/productdetail/8265,https://www.colourdiam.com/Product/Jewellery/8265/white45/center.jpg,Colour Diam,Apparel & Accessories > Jewelry,,1,,,,unisex,,,adult,,,,,,,,,AGL,Fine Jewelry
8266,0.137 ct Fancy Yellow Diamond Bracelet | Colour Diam | 8266,Your search for colour continues with 0.137 ct Fancy Yellow Diamond Bracelet. The listed clarity is VS. The supplier specifies 18K for the setting. AGL is listed as the grading laboratory. Ask to review the original report before purchase. The supplier lists a jewellery weight of 2.30 g. Quote stock 8266 for current images and availability.,in stock,new,1854485.4 KRW,https://colourdiam.com/productdetail/8266,https://colourdiam.com/Product/Jewellery/8266/white45/center.jpg,Colour Diam,Apparel & Accessories > Jewelry,,1,,,,unisex,,,adult,,,,,,,,,AGL,Fine Jewelry
8273,0.144 ct Fancy Blue Diamond Bracelet | Colour Diam | 8273,0.144 ct Fancy Blue Diamond Bracelet brings its own character to your selection. The listed clarity is VS. The supplier specifies 18K for the setting. AGL is listed as the grading laboratory. Ask to review the original report before purchase. The supplier lists a jewellery weight of 2.11 g. Quote stock 8273 for current images and availability.,in stock,new,1854485.4 KRW,https://colourdiam.com/productdetail/8273,https://www.colourdiam.com/Product/Jewellery/8273/white45/center.jpg,Colour Diam,Apparel & Accessories > Jewelry,,1,,,,unisex,,,adult,,,,,,,,,AGL,Fine Jewelry
8269,0.092 ct Fancy Pink Diamond Bracelet | Colour Diam | 8269,Explore the details of 0.092 ct Fancy Pink Diamond Bracelet. The listed clarity is SI. The supplier specifies 18K for the setting. AGL is listed as the grading laboratory. Ask to review the original report before purchase. The supplier lists a jewellery weight of 2.11 g. Quote stock 8269 for current images and availability.,in stock,new,1854485.4 KRW,https://colourdiam.com/productdetail/8269,https://colourdiam.com/Product/Jewellery/8269/white45/center.jpg,Colour Diam,Apparel & Accessories > Jewelry,,1,,,,unisex,,,adult,,,,,,,,,AGL,Fine Jewelry
8270,0.12 ct Fancy Blue Diamond Pendant | Colour Diam | 8270,Meet 0.12 ct Fancy Blue Diamond Pendant from Colour Diam. The listed clarity is SI. The supplier specifies 18K for the setting. AGL is listed as the grading laboratory. Ask to review the original report before purchase. The supplier lists a jewellery weight of 0.87 g. Quote stock 8270 for current images and availability.,in stock,new,1236323.6 KRW,https://colourdiam.com/productdetail/8270,https://colourdiam.com/Product/Jewellery/8270/white45/center.jpg,Colour Diam,Apparel & Accessories > Jewelry,,1,,,,unisex,,,adult,,,,,,,,,AGL,Fine Jewelry
8272,0.137 ct Fancy Blue Diamond Bracelet | Colour Diam | 8272,Explore the details of 0.137 ct Fancy Blue Diamond Bracelet. The listed clarity is SI. The supplier specifies 18K for the setting. AGL is listed as the grading laboratory. Ask to review the original report before purchase. The supplier lists a jewellery weight of 2.18 g. Quote stock 8272 for current images and availability.,in stock,new,1854485.4 KRW,https://colourdiam.com/productdetail/8272,https://colourdiam.com/Product/Jewellery/8272/white45/center.jpg,Colour Diam,Apparel & Accessories > Jewelry,,1,,,,unisex,,,adult,,,,,,,,,AGL,Fine Jewelry
8276,"0.18 ct Fancy Pink Diamond Ring, Set | Colour Diam | 8276","Take a closer look at 0.18 ct Fancy Pink Diamond Ring, Set. The supplier specifies 18K for the setting. Ask our team about the available documentation. The supplier lists a jewellery weight of 2.50 g. Quote stock 8276 for current images and availability.",in stock,new,3863511.25 KRW,https://colourdiam.com/productdetail/8276,https://colourdiam.com/Product/Jewellery/8276/white360/CENTER.jpg,Colour Diam,Apparel & Accessories > Jewelry,,1,,,,unisex,,,adult,,,,,,,,,,Fine Jewelry
8277,"0.20 ct Fancy Pink Diamond Pendant, Set | Colour Diam | 8277","Colour Diam presents 0.20 ct Fancy Pink Diamond Pendant, Set. The supplier specifies 18K for the setting. Ask our team about the available documentation. The supplier lists a jewellery weight of 2.80 g. Quote stock 8277 for current images and availability.",in stock,new,,https://colourdiam.com/productdetail/8277,https://colourdiam.com/Product/Jewellery/8277/black360/center.jpg,Colour Diam,Apparel & Accessories > Jewelry,,1,,,,unisex,,,adult,,,,,,,,,,Fine Jewelry
8278,"0.22 ct Fancy Pink Diamond Earring, Set | Colour Diam | 8278","Put 0.22 ct Fancy Pink Diamond Earring, Set on your personal shortlist. The supplier specifies 18K for the setting. Ask our team about the available documentation. The supplier lists a jewellery weight of 2.40 g. Quote stock 8278 for current images and availability.",in stock,new,,https://colourdiam.com/productdetail/8278,https://colourdiam.com/Product/Jewellery/8278/black360/center.jpg,Colour Diam,Apparel & Accessories > Jewelry,,1,,,,unisex,,,adult,,,,,,,,,,Fine Jewelry
8580,2.30 ct Fancy Light Greenish Yellow Diamond Ring / Pendant | Colour Diam | 8580,2.30 ct Fancy Light Greenish Yellow Diamond Ring / Pendant: a piece to explore in detail. The listed clarity is VS2. The supplier specifies 18K for the setting. GIA is listed as the grading laboratory. Ask to review the original report before purchase. The supplier lists a jewellery weight of 11.577 g. Quote stock 8580 for current images and availability.,in stock,new,27817281 KRW,https://colourdiam.com/productdetail/8580,https://colourdiam.com/Product/Jewellery/8580/white45/center.jpg,Colour Diam,Apparel & Accessories > Jewelry,,1,,,,unisex,,,adult,,,,,,,,,GIA,Fine Jewelry
7441,0.12 ct Diamond Earring | Colour Diam | 7441,Your search for colour continues with 0.12 ct Diamond Earring. The listed clarity is Si1. The supplier specifies 18K for the setting. Ask our team about the available documentation. The supplier lists a jewellery weight of 2.76 g. Quote stock 7441 for current images and availability.,in stock,new,579526.69 KRW,https://colourdiam.com/productdetail/7441,https://colourdiam.com/Product/Jewellery/7441/white45/CENTER.jpg,Colour Diam,Apparel & Accessories > Jewelry,,1,,,,unisex,,,adult,,,,,,,,,,Fine Jewelry
7504,Sapphire Bracelet | Colour Diam | 7504,Your search for colour continues with Sapphire Bracelet. Ask our team about the available documentation. The supplier lists a jewellery weight of 11.73 g. Quote stock 7504 for current images and availability.,in stock,new,927242.7 KRW,https://colourdiam.com/productdetail/7504,https://colourdiam.com/Product/Jewellery/7504/white360/center.jpg,Colour Diam,Apparel & Accessories > Jewelry,,1,,,,unisex,,,adult,,,,,,,,,,Fine Jewelry
7502,Gemstone Bracelet — Stock 7502 | Colour Diam | 7502,Find your next inspiration in Gemstone Bracelet — Stock 7502. Ask our team about the available documentation. The supplier lists a jewellery weight of 12.99 g. Quote stock 7502 for current images and availability.,in stock,new,1004512.93 KRW,https://colourdiam.com/productdetail/7502,https://colourdiam.com/Product/Jewellery/7502/white360/center.jpg,Colour Diam,Apparel & Accessories > Jewelry,,1,,,,unisex,,,adult,,,,,,,,,,Fine Jewelry
7503,Sapphire Bracelet | Colour Diam | 7503,Sapphire Bracelet: a piece to explore in detail. The supplier specifies 9K for the setting. Ask our team about the available documentation. The supplier lists a jewellery weight of 12.74 g. Quote stock 7503 for current images and availability.,in stock,new,3477160.13 KRW,https://colourdiam.com/productdetail/7503,https://colourdiam.com/Product/Jewellery/7503/white360/center.jpg,Colour Diam,Apparel & Accessories > Jewelry,,1,,,,unisex,,,adult,,,,,,,,,,Fine Jewelry
2593,1.01 ct Fancy Deep yellow Diamond Ring | Colour Diam | 2593,Explore the details of 1.01 ct Fancy Deep yellow Diamond Ring. The listed clarity is Vs2. The supplier specifies 18K for the setting. GIA is listed as the grading laboratory. Ask to review the original report before purchase. The supplier lists a jewellery weight of 3.23 g. Quote stock 2593 for current images and availability.,in stock,new,10045129.25 KRW,https://colourdiam.com/productdetail/2593,https://colourdiam.com/Product/Jewellery/2593/black360/center.jpg,Colour Diam,Apparel & Accessories > Jewelry,,1,,,,unisex,,,adult,,,,,,,,,GIA,Fine Jewelry
7514,0.88 ct Sapphire Ring | Colour Diam | 7514,Take a closer look at 0.88 ct Sapphire Ring. The supplier specifies 18K for the setting. Ask our team about the available documentation. The supplier lists a jewellery weight of 2.79 g. Quote stock 7514 for current images and availability.,in stock,new,849972.48 KRW,https://colourdiam.com/productdetail/7514,https://colourdiam.com/Product/Jewellery/7514/black360/center.jpg,Colour Diam,Apparel & Accessories > Jewelry,,1,,,,unisex,,,adult,,,,,,,,,,Fine Jewelry
7451,Diamond Ring | Colour Diam | 7451,Take a closer look at Diamond Ring. The supplier specifies 18K for the setting. Ask our team about the available documentation. The supplier lists a jewellery weight of 2.14 g. Quote stock 7451 for current images and availability.,in stock,new,710886.07 KRW,https://colourdiam.com/productdetail/7451,https://www.colourdiam.com/Product/Jewellery/7451/white45/center.jpg,Colour Diam,Apparel & Accessories > Jewelry,,1,,,,unisex,,,adult,,,,,,,,,,Fine Jewelry
7431,0.33 ct Diamond Ring | Colour Diam | 7431,Consider 0.33 ct Diamond Ring for your next jewellery consultation. The listed clarity is vs. The supplier specifies 18K for the setting. Ask our team about the available documentation. Quote stock 7431 for current images and availability.,in stock,new,2240836.53 KRW,https://colourdiam.com/productdetail/7431,https://colourdiam.com/Product/Jewellery/7431/black360/center.jpg,Colour Diam,Apparel & Accessories > Jewelry,,1,,,,unisex,,,adult,,,,,,,,,,Fine Jewelry
7510,1.22 ct Sapphire Ring | Colour Diam | 7510,Explore the details of 1.22 ct Sapphire Ring. The supplier specifies 18K for the setting. Ask our team about the available documentation. Quote stock 7510 for current images and availability.,in stock,new,1390864.05 KRW,https://colourdiam.com/productdetail/7510,https://colourdiam.com/Product/Jewellery/7510/white360/CENTER.jpg,Colour Diam,Apparel & Accessories > Jewelry,,1,,,,unisex,,,adult,,,,,,,,,,Fine Jewelry
7498,1.25 ct Diamond Ring | Colour Diam | 7498,Make 1.25 ct Diamond Ring the starting point of your colour story. The listed clarity grades are VS / VVS. The supplier specifies 18K for the setting. Ask our team about the available documentation. Quote stock 7498 for current images and availability.,in stock,new,1931755.63 KRW,https://colourdiam.com/productdetail/7498,https://colourdiam.com/Product/Jewellery/7498/black360/center.jpg,Colour Diam,Apparel & Accessories > Jewelry,,1,,,,unisex,,,adult,,,,,,,,,,Fine Jewelry
7499,0.44 ct Diamond Ring | Colour Diam | 7499,Take a closer look at 0.44 ct Diamond Ring. The listed clarity grades are VS / SI. The supplier specifies 18K for the setting. Ask our team about the available documentation. The supplier lists a jewellery weight of 2.63 g. Quote stock 7499 for current images and availability.,in stock,new,1236323.6 KRW,https://colourdiam.com/productdetail/7499,https://www.colourdiam.com/Product/Jewellery/7499/white45/center.jpg,Colour Diam,Apparel & Accessories > Jewelry,,1,,,,unisex,F to G,,adult,,,,,,,,,,Fine Jewelry
7501,0.31 ct Diamond Ring | Colour Diam | 7501,Put 0.31 ct Diamond Ring on your personal shortlist. The listed clarity is Si1. The supplier specifies 18K for the setting. Ask our team about the available documentation. Quote stock 7501 for current images and availability.,in stock,new,1159053.38 KRW,https://colourdiam.com/productdetail/7501,https://colourdiam.com/Product/Jewellery/7501/white45/center.jpg,Colour Diam,Apparel & Accessories > Jewelry,,1,,,,unisex,,,adult,,,,,,,,,,Fine Jewelry
7496,0.38 ct Diamond Ring | Colour Diam | 7496,0.38 ct Diamond Ring brings its own character to your selection. The listed clarity grades are VS / Si. The supplier specifies 18K for the setting. Ask our team about the available documentation. Quote stock 7496 for current images and availability.,in stock,new,687705 KRW,https://colourdiam.com/productdetail/7496,https://www.colourdiam.com/Product/Jewellery/7496/white45/center.jpg,Colour Diam,Apparel & Accessories > Jewelry,,1,,,,unisex,F to G,,adult,,,,,,,,,,Fine Jewelry
7500,0.47 ct Diamond Ring | Colour Diam | 7500,Colour Diam presents 0.47 ct Diamond Ring. The supplier specifies 18K for the setting. Ask our team about the available documentation. Quote stock 7500 for current images and availability.,in stock,new,849972.48 KRW,https://colourdiam.com/productdetail/7500,https://colourdiam.com/Product/Jewellery/7500/black360/center.jpg,Colour Diam,Apparel & Accessories > Jewelry,,1,,,,unisex,,,adult,,,,,,,,,,Fine Jewelry
3576_3578_3879_3577_3580,0.98 ct Diamond Ring | Colour Diam | 3576_3578_3879_3577_3580,Take a closer look at 0.98 ct Diamond Ring. The listed clarity grades are VS2 / VS1. The supplier specifies 18K for the setting. IGI is listed as the grading laboratory. Ask to review the original report before purchase. Quote stock 3576_3578_3879_3577_3580 for current images and availability.,in stock,new,3090809 KRW,https://colourdiam.com/productdetail/Menu/3576/3578/3879/3577/3580,https://colourdiam.com/Product/Jewellery/3576_3578_3879_3577_3580/model%20image/center.jpg,Colour Diam,Apparel & Accessories > Jewelry,,1,,,,unisex,,,adult,,,,,,,,,IGI,Fine Jewelry
7523,Diamond Ring | Colour Diam | 7523,Meet Diamond Ring from Colour Diam. The listed clarity grades are VS / Si. The supplier specifies 18K for the setting. Ask our team about the available documentation. Quote stock 7523 for current images and availability.,in stock,new,1159053.38 KRW,https://colourdiam.com/productdetail/7523,https://colourdiam.com/Product/Jewellery/7523/black360/center.jpg,Colour Diam,Apparel & Accessories > Jewelry,,1,,,,unisex,F to G,,adult,,,,,,,,,,Fine Jewelry
7495,0.40 ct Diamond Ring | Colour Diam | 7495,Explore the details of 0.40 ct Diamond Ring. The listed clarity grades are VS / Si. The supplier specifies 18K for the setting. Ask our team about the available documentation. Quote stock 7495 for current images and availability.,in stock,new,695432.03 KRW,https://colourdiam.com/productdetail/7495,https://colourdiam.com/Product/Jewellery/7495/white45/center.jpg,Colour Diam,Apparel & Accessories > Jewelry,,1,,,,unisex,F to G,,adult,,,,,,,,,,Fine Jewelry
7493,0.41 ct Diamond Ring | Colour Diam | 7493,Meet 0.41 ct Diamond Ring from Colour Diam. The listed clarity grades are VS / SI. The supplier specifies 18K for the setting. Ask our team about the available documentation. Quote stock 7493 for current images and availability.,in stock,new,1159053.38 KRW,https://colourdiam.com/productdetail/7493,https://colourdiam.com/Product/Jewellery/7493/white45/CENTER.jpg,Colour Diam,Apparel & Accessories > Jewelry,,1,,,,unisex,F to G,,adult,,,,,,,,,,Fine Jewelry
7521,0.25 ct Diamond Ring | Colour Diam | 7521,0.25 ct Diamond Ring: a piece to explore in detail. The listed clarity grades are VS / VVS. The supplier specifies 18K for the setting. Ask our team about the available documentation. Quote stock 7521 for current images and availability.,in stock,new,1329047.87 KRW,https://colourdiam.com/productdetail/7521,https://www.colourdiam.com/Product/Jewellery/7521/white45/center.jpg,Colour Diam,Apparel & Accessories > Jewelry,,1,,,,unisex,D to F,,adult,,,,,,,,,,Fine Jewelry
7520,0.36 ct Diamond Ring | Colour Diam | 7520,Find your next inspiration in 0.36 ct Diamond Ring. The listed clarity grades are VS / VVS. The supplier specifies 18K for the setting. Ask our team about the available documentation. Quote stock 7520 for current images and availability.,in stock,new,1159053.38 KRW,https://colourdiam.com/productdetail/7520,https://colourdiam.com/Product/Jewellery/7520/white45/center.jpg,Colour Diam,Apparel & Accessories > Jewelry,,1,,,,unisex,,,adult,,,,,,,,,,Fine Jewelry
7497,0.25 ct Diamond Ring | Colour Diam | 7497,Consider 0.25 ct Diamond Ring for your next jewellery consultation. The supplier specifies 18K for the setting. Ask our team about the available documentation. Quote stock 7497 for current images and availability.,in stock,new,1468134.28 KRW,https://colourdiam.com/productdetail/7497,https://colourdiam.com/Product/Jewellery/7497/white360/CENTER.jpg,Colour Diam,Apparel & Accessories > Jewelry,,1,,,,unisex,,,adult,,,,,,,,,,Fine Jewelry
7439,0.88 ct Sapphire Ring | Colour Diam | 7439,Meet 0.88 ct Sapphire Ring from Colour Diam. The supplier specifies 18K for the setting. Ask our team about the available documentation. Quote stock 7439 for current images and availability.,in stock,new,927242.7 KRW,https://colourdiam.com/productdetail/7439,https://colourdiam.com/Product/Jewellery/7439/white45/center.jpg,Colour Diam,Apparel & Accessories > Jewelry,,1,,,,unisex,,,adult,,,,,,,,,,Fine Jewelry
7494,1.19 ct Sapphire Ring | Colour Diam | 7494,Discover 1.19 ct Sapphire Ring with Colour Diam. The supplier specifies 18K for the setting. Ask our team about the available documentation. Quote stock 7494 for current images and availability.,in stock,new,1004512.93 KRW,https://colourdiam.com/productdetail/7494,https://www.colourdiam.com/Product/Jewellery/7494/white45/center.jpg,Colour Diam,Apparel & Accessories > Jewelry,,1,,,,unisex,,,adult,,,,,,,,,,Fine Jewelry
7438,0.88 ct Sapphire Ring | Colour Diam | 7438,Your search for colour continues with 0.88 ct Sapphire Ring. The supplier specifies 18K for the setting. Ask our team about the available documentation. Quote stock 7438 for current images and availability.,in stock,new,927242.7 KRW,https://colourdiam.com/productdetail/7438,https://colourdiam.com/Product/Jewellery/7438/black360/center.jpg,Colour Diam,Apparel & Accessories > Jewelry,,1,,,,unisex,,,adult,,,,,,,,,,Fine Jewelry
7434,Diamond Bracelet | Colour Diam | 7434,Colour Diam presents Diamond Bracelet. The supplier specifies 18K for the setting. Ask our team about the available documentation. The supplier lists a jewellery weight of 3 g. Quote stock 7434 for current images and availability.,in stock,new,3322619.68 KRW,https://colourdiam.com/productdetail/7434,https://colourdiam.com/Product/Jewellery/7434/white45/center.jpg,Colour Diam,Apparel & Accessories > Jewelry,,1,,,,unisex,,,adult,,,,,,,,,,Fine Jewelry
8612,Sapphire Bracelet | Colour Diam | 8612,Meet Sapphire Bracelet from Colour Diam. The supplier specifies 9K for the setting. Ask our team about the available documentation. The supplier lists a jewellery weight of 18.65 g. Quote stock 8612 for current images and availability.,in stock,new,3477160.13 KRW,https://colourdiam.com/productdetail/8612,https://colourdiam.com/Product/Jewellery/8612/white360/center.jpg,Colour Diam,Apparel & Accessories > Jewelry,,1,,,,unisex,,,adult,,,,,,,,,,Fine Jewelry
6110,1.00 ct Faint Pinkish Brown Diamond Ring | Colour Diam | 6110,1.00 ct Faint Pinkish Brown Diamond Ring brings its own character to your selection. The listed clarity is VS2. The supplier specifies 18K for the setting. GIA is listed as the grading laboratory. Ask to review the original report before purchase. The supplier lists a jewellery weight of 5.968 g. Quote stock 6110 for current images and availability.,in stock,new,27817281 KRW,https://colourdiam.com/productdetail/6110,https://colourdiam.com/Product/Jewellery/6110/white45/center.jpg,Colour Diam,Apparel & Accessories > Jewelry,,1,,,,unisex,,,adult,,,,,,,,,GIA,Fine Jewelry
8473,0.16 ct Diamond Bracelet | Colour Diam | 8473,Make 0.16 ct Diamond Bracelet the starting point of your colour story. The supplier specifies 9K for the setting. Ask our team about the available documentation. The supplier lists a jewellery weight of 5.040 g. Quote stock 8473 for current images and availability.,in stock,new,1043148.04 KRW,https://colourdiam.com/productdetail/8473,https://colourdiam.com/Product/Jewellery/8473/white45/center.jpg,Colour Diam,Apparel & Accessories > Jewelry,,1,,,,unisex,,,adult,,,,,,,,,,Fine Jewelry
8474,0.17 ct Diamond Bracelet | Colour Diam | 8474,Take a closer look at 0.17 ct Diamond Bracelet. The supplier specifies 9K for the setting. Ask our team about the available documentation. The supplier lists a jewellery weight of 5.480 g. Quote stock 8474 for current images and availability.,in stock,new,1043148.04 KRW,https://colourdiam.com/productdetail/8474,https://colourdiam.com/Product/Jewellery/8474/white45/center.jpg,Colour Diam,Apparel & Accessories > Jewelry,,1,,,,unisex,,,adult,,,,,,,,,,Fine Jewelry
8477,0.16 ct Diamond Bracelet | Colour Diam | 8477,Find your next inspiration in 0.16 ct Diamond Bracelet. The supplier specifies 9K for the setting. Ask our team about the available documentation. The supplier lists a jewellery weight of 5.460 g. Quote stock 8477 for current images and availability.,in stock,new,1043148.04 KRW,https://colourdiam.com/productdetail/8477,https://colourdiam.com/Product/Jewellery/8477/white45/center.jpg,Colour Diam,Apparel & Accessories > Jewelry,,1,,,,unisex,,,adult,,,,,,,,,,Fine Jewelry
7284,7.74 ct Sapphire Bracelet | Colour Diam | 7284,Consider 7.74 ct Sapphire Bracelet for your next jewellery consultation. Ask our team about the available documentation. The supplier lists a jewellery weight of 12.03 g. Quote stock 7284 for current images and availability.,in stock,new,679977.98 KRW,https://colourdiam.com/productdetail/7284,https://colourdiam.com/Product/Jewellery/7284/black360/center.jpg,Colour Diam,Apparel & Accessories > Jewelry,,1,,,,unisex,,,adult,,,,,,,,,,Fine Jewelry
3510_3507_3508_3509,0.40 ct Diamond Ring | Colour Diam | 3510_3507_3508_3509,Find your next inspiration in 0.40 ct Diamond Ring. The listed clarity grades are SI2 / SI1. The supplier specifies 18K for the setting. Ask our team about the available documentation. The supplier lists a jewellery weight of 4.07 g. Quote stock 3510_3507_3508_3509 for current images and availability.,in stock,new,2318106.75 KRW,https://colourdiam.com/productdetail/Menu/3510/3507/3508/3509,https://www.colourdiam.com/Product/Jewellery/3510_3507_3508_3509/white45/center.jpg,Colour Diam,Apparel & Accessories > Jewelry,,1,,,,unisex,,,adult,,,,,,,,,,Fine Jewelry
7581,2.03 ct Fancy Pinkish Brown Diamond Ring | Colour Diam | 7581,Consider 2.03 ct Fancy Pinkish Brown Diamond Ring for your next jewellery consultation. The listed clarity is VS2. The supplier specifies 18K for the setting. GIA is listed as the grading laboratory. Ask to review the original report before purchase. The supplier lists a jewellery weight of 8.01 g. Quote stock 7581 for current images and availability.,in stock,new,54089157.5 KRW,https://colourdiam.com/productdetail/7581,https://colourdiam.com/Product/Jewellery/7581/white45/center.jpg,Colour Diam,Apparel & Accessories > Jewelry,,1,,,,unisex,,,adult,,,,,,,,,GIA,Fine Jewelry
7573_7575_6515,2.00 ct FANCY BLUE Diamond Earring | Colour Diam | 7573_7575_6515,Take a closer look at 2.00 ct FANCY BLUE Diamond Earring. The listed clarity is VS. AGL is listed as the grading laboratory. Ask to review the original report before purchase. Quote stock 7573_7575_6515 for current images and availability.,in stock,new,23181067.5 KRW,https://colourdiam.com/productdetail/Menu/7573/7575/6515,https://www.colourdiam.com/Product/Jewellery/7573_7575_6515/white45/center.jpg,Colour Diam,Apparel & Accessories > Jewelry,,1,,,,unisex,,,adult,,,,,,,,,AGL,Fine Jewelry
7565,1.73 ct Fancy Pink Diamond Ring | Colour Diam | 7565,Take a closer look at 1.73 ct Fancy Pink Diamond Ring. The listed clarity is VS. The supplier specifies 18K for the setting. AGL is listed as the grading laboratory. Ask to review the original report before purchase. The supplier lists a jewellery weight of 6.098 g. Quote stock 7565 for current images and availability.,in stock,new,15454045 KRW,https://colourdiam.com/productdetail/7565,https://colourdiam.com/Product/Jewellery/7565/white360/center.jpg,Colour Diam,Apparel & Accessories > Jewelry,,1,,,,unisex,,,adult,,,,,,,,,AGL,Fine Jewelry
8409,2.01 ct Light Pink Diamond Necklace | Colour Diam | 8409,2.01 ct Light Pink Diamond Necklace: a piece to explore in detail. The listed clarity is VVS2. The supplier specifies 18K for the setting. GIA is listed as the grading laboratory. Ask to review the original report before purchase. The supplier lists a jewellery weight of 17.26 g. Quote stock 8409 for current images and availability.,in stock,new,38635112.5 KRW,https://colourdiam.com/productdetail/8409,https://colourdiam.com/Product/Jewellery/8409/white360/center.jpg,Colour Diam,Apparel & Accessories > Jewelry,,1,,,,unisex,,,adult,,,,,,,,,GIA,Fine Jewelry
8417,0.46 ct Fancy Green Diamond Ring | Colour Diam | 8417,0.46 ct Fancy Green Diamond Ring brings its own character to your selection. The listed clarity is SI. The supplier specifies 18K for the setting. AGL is listed as the grading laboratory. Ask to review the original report before purchase. The supplier lists a jewellery weight of 4.05 g. Quote stock 8417 for current images and availability.,in stock,new,5408915.75 KRW,https://colourdiam.com/productdetail/8417,https://colourdiam.com/Product/Jewellery/8417/white360/center.jpg,Colour Diam,Apparel & Accessories > Jewelry,,1,,,,unisex,,,adult,,,,,,,,,AGL,Fine Jewelry
8400,31.60 ct Diamond Ring | Colour Diam | 8400,Discover 31.60 ct Diamond Ring with Colour Diam. The supplier specifies 18K for the setting. Ask our team about the available documentation. The supplier lists a jewellery weight of 17.290 g. Quote stock 8400 for current images and availability.,in stock,new,3399889.9 KRW,https://colourdiam.com/productdetail/8400,https://colourdiam.com/Product/Jewellery/8400/white360/center.jpg,Colour Diam,Apparel & Accessories > Jewelry,,1,,,,unisex,,,adult,,,,,,,,,,Fine Jewelry
8401,0.70 ct Sapphire Ring | Colour Diam | 8401,Explore the details of 0.70 ct Sapphire Ring. The supplier specifies 18K for the setting. Ask our team about the available documentation. The supplier lists a jewellery weight of 8.100 g. Quote stock 8401 for current images and availability.,in stock,new,3245349.45 KRW,https://colourdiam.com/productdetail/8401,https://colourdiam.com/Product/Jewellery/8401/white45/center.jpg,Colour Diam,Apparel & Accessories > Jewelry,,1,,,,unisex,,,adult,,,,,,,,,,Fine Jewelry
8402,0.16 ct Ruby Ring | Colour Diam | 8402,0.16 ct Ruby Ring brings its own character to your selection. The supplier specifies 18K for the setting. Ask our team about the available documentation. The supplier lists a jewellery weight of 2.870 g. Quote stock 8402 for current images and availability.,in stock,new,1159053.38 KRW,https://colourdiam.com/productdetail/8402,https://colourdiam.com/Product/Jewellery/8402/white360/center.jpg,Colour Diam,Apparel & Accessories > Jewelry,,1,,,,unisex,,,adult,,,,,,,,,,Fine Jewelry
8404,0.16 ct Sapphire Ring | Colour Diam | 8404,Make 0.16 ct Sapphire Ring the starting point of your colour story. The supplier specifies 18K for the setting. Ask our team about the available documentation. The supplier lists a jewellery weight of 2.80 g. Quote stock 8404 for current images and availability.,in stock,new,1081783.15 KRW,https://colourdiam.com/productdetail/8404,https://colourdiam.com/Product/Jewellery/8404/white360/center.jpg,Colour Diam,Apparel & Accessories > Jewelry,,1,,,,unisex,,,adult,,,,,,,,,,Fine Jewelry
8424,0.55 ct Diamond Bracelet | Colour Diam | 8424,Colour Diam presents 0.55 ct Diamond Bracelet. The supplier specifies 18K for the setting. AGL is listed as the grading laboratory. Ask to review the original report before purchase. Quote stock 8424 for current images and availability.,in stock,new,3206714.34 KRW,https://colourdiam.com/productdetail/8424,https://colourdiam.com/Product/Jewellery/8424/white360/center.jpg,Colour Diam,Apparel & Accessories > Jewelry,,1,,,,unisex,,,adult,,,,,,,,,AGL,Fine Jewelry
8425,0.58 ct Diamond Bracelet | Colour Diam | 8425,Put 0.58 ct Diamond Bracelet on your personal shortlist. The supplier specifies 18K for the setting. Ask our team about the available documentation. Quote stock 8425 for current images and availability.,in stock,new,6529334.01 KRW,https://colourdiam.com/productdetail/8425,https://colourdiam.com/Product/Jewellery/8425/white45/center.jpg,Colour Diam,Apparel & Accessories > Jewelry,,1,,,,unisex,,,adult,,,,,,,,,,Fine Jewelry
7332,1.75 ct Sapphire Ring | Colour Diam | 7332,Consider 1.75 ct Sapphire Ring for your next jewellery consultation. The supplier specifies 18K for the setting. GII is listed as the grading laboratory. Ask to review the original report before purchase. The supplier lists a jewellery weight of 4.11 g. Quote stock 7332 for current images and availability.,in stock,new,3399889.9 KRW,https://colourdiam.com/productdetail/7332,https://colourdiam.com/Product/Jewellery/7332/white45/CENTER.JPG,Colour Diam,Apparel & Accessories > Jewelry,,1,,,,unisex,,,adult,,,,,,,,,GII,Fine Jewelry
6102_6021,3.01 ct Diamond Ring | Colour Diam | 6102_6021,Put 3.01 ct Diamond Ring on your personal shortlist. The listed clarity is VS1. The supplier specifies 18K for the setting. GIA is listed as the grading laboratory. Ask to review the original report before purchase. The supplier lists a jewellery weight of 4.184 g. Quote stock 6102_6021 for current images and availability.,in stock,new,18544854 KRW,https://colourdiam.com/productdetail/Menu/6102/6021,https://colourdiam.com/Product/Jewellery/6102_6021/black45/CENTER.jpg,Colour Diam,Apparel & Accessories > Jewelry,,1,,,,unisex,,,adult,,,,,,,,,GIA,Fine Jewelry
8012,0.71 ct Faint Pinkish Brown Diamond Ring | Colour Diam | 8012,Take a closer look at 0.71 ct Faint Pinkish Brown Diamond Ring. The listed clarity is VS2. The supplier specifies 18K for the setting. GIA is listed as the grading laboratory. Ask to review the original report before purchase. The supplier lists a jewellery weight of 7.67 g. Quote stock 8012 for current images and availability.,in stock,new,18544854 KRW,https://colourdiam.com/productdetail/8012,https://colourdiam.com/Product/Jewellery/8012/white360/center.jpg,Colour Diam,Apparel & Accessories > Jewelry,,1,,,,unisex,,,adult,,,,,,,,,GIA,Fine Jewelry
8481,1.00 ct Diamond Bracelet | Colour Diam | 8481,1.00 ct Diamond Bracelet: a piece to explore in detail. The supplier specifies 18K for the setting. Ask our team about the available documentation. The supplier lists a jewellery weight of 6.35 g. Quote stock 8481 for current images and availability.,in stock,new,3399889.9 KRW,https://colourdiam.com/productdetail/8481,https://colourdiam.com/Product/Jewellery/8481/black360/center.jpg,Colour Diam,Apparel & Accessories > Jewelry,,1,,,,unisex,,,adult,,,,,,,,,NON CERTIFIED,Fine Jewelry
8482,1.00 ct Diamond Bracelet | Colour Diam | 8482,Your search for colour continues with 1.00 ct Diamond Bracelet. The supplier specifies 18K for the setting. Ask our team about the available documentation. The supplier lists a jewellery weight of 6.35 g. Quote stock 8482 for current images and availability.,in stock,new,3399889.9 KRW,https://colourdiam.com/productdetail/8482,https://colourdiam.com/Product/Jewellery/8482/black360/center.jpg,Colour Diam,Apparel & Accessories > Jewelry,,1,,,,unisex,,,adult,,,,,,,,,NON CERTIFIED,Fine Jewelry
8483,1.00 ct Diamond Bracelet | Colour Diam | 8483,Meet 1.00 ct Diamond Bracelet from Colour Diam. The supplier specifies 18K for the setting. Ask our team about the available documentation. The supplier lists a jewellery weight of 6.35 g. Quote stock 8483 for current images and availability.,in stock,new,3399889.9 KRW,https://colourdiam.com/productdetail/8483,https://colourdiam.com/Product/Jewellery/8483/black360/center.jpg,Colour Diam,Apparel & Accessories > Jewelry,,1,,,,unisex,,,adult,,,,,,,,,NON CERTIFIED,Fine Jewelry
8484,1.00 ct Diamond Bracelet | Colour Diam | 8484,Discover 1.00 ct Diamond Bracelet with Colour Diam. The supplier specifies 18K for the setting. Ask our team about the available documentation. The supplier lists a jewellery weight of 6.35 g. Quote stock 8484 for current images and availability.,in stock,new,3399889.9 KRW,https://colourdiam.com/productdetail/8484,https://colourdiam.com/Product/Jewellery/8484/black360/center.jpg,Colour Diam,Apparel & Accessories > Jewelry,,1,,,,unisex,,,adult,,,,,,,,,NON CERTIFIED,Fine Jewelry
8485,0.16 ct Fancy Pink Diamond Ring | Colour Diam | 8485,Explore the details of 0.16 ct Fancy Pink Diamond Ring. The supplier specifies 18K for the setting. Ask our team about the available documentation. The supplier lists a jewellery weight of 4.0 g. Quote stock 8485 for current images and availability.,in stock,new,1287321.95 KRW,https://colourdiam.com/productdetail/8485,https://colourdiam.com/Product/Jewellery/8485/white360/CENTER.jpg,Colour Diam,Apparel & Accessories > Jewelry,,1,,,,unisex,,,adult,,,,,,,,,,Fine Jewelry
8487,0.20 ct Fancy Pink Diamond Earring | Colour Diam | 8487,Consider 0.20 ct Fancy Pink Diamond Earring for your next jewellery consultation. The supplier specifies 18K for the setting. Ask our team about the available documentation. The supplier lists a jewellery weight of 3.0 g. Quote stock 8487 for current images and availability.,in stock,new,1287389.14 KRW,https://colourdiam.com/productdetail/8487,https://colourdiam.com/Product/Jewellery/8487/white360/CENTER.jpg,Colour Diam,Apparel & Accessories > Jewelry,,1,,,,unisex,,,adult,,,,,,,,,,Fine Jewelry
8489,0.16 ct Fancy Pink Diamond Pendant | Colour Diam | 8489,Take a closer look at 0.16 ct Fancy Pink Diamond Pendant. The supplier specifies 18K for the setting. Ask our team about the available documentation. The supplier lists a jewellery weight of 3.9 g. Quote stock 8489 for current images and availability.,in stock,new,1287321.95 KRW,https://colourdiam.com/productdetail/8489,https://colourdiam.com/Product/Jewellery/8489/white45/CENTER.jpg,Colour Diam,Apparel & Accessories > Jewelry,,1,,,,unisex,,,adult,,,,,,,,,,Fine Jewelry
8486,0.16 ct Fancy Pink Diamond Ring | Colour Diam | 8486,0.16 ct Fancy Pink Diamond Ring brings its own character to your selection. The supplier specifies 18K for the setting. Ask our team about the available documentation. The supplier lists a jewellery weight of 4.0 g. Quote stock 8486 for current images and availability.,in stock,new,1287321.95 KRW,https://colourdiam.com/productdetail/8486,https://colourdiam.com/Product/Jewellery/8486/white360/center.jpg,Colour Diam,Apparel & Accessories > Jewelry,,1,,,,unisex,,,adult,,,,,,,,,,Fine Jewelry
8488,0.20 ct Fancy Pink Diamond Earring | Colour Diam | 8488,Make 0.20 ct Fancy Pink Diamond Earring the starting point of your colour story. The supplier specifies 18K for the setting. Ask our team about the available documentation. The supplier lists a jewellery weight of 3.0 g. Quote stock 8488 for current images and availability.,in stock,new,1287321.95 KRW,https://colourdiam.com/productdetail/8488,https://colourdiam.com/Product/Jewellery/8488/white360/center.jpg,Colour Diam,Apparel & Accessories > Jewelry,,1,,,,unisex,,,adult,,,,,,,,,,Fine Jewelry
8490,0.16 ct Fancy Pink Diamond Pendant | Colour Diam | 8490,Consider 0.16 ct Fancy Pink Diamond Pendant for your next jewellery consultation. The supplier specifies 18K for the setting. Ask our team about the available documentation. The supplier lists a jewellery weight of 3.9 g. Quote stock 8490 for current images and availability.,in stock,new,1287321.95 KRW,https://colourdiam.com/productdetail/8490,https://colourdiam.com/Product/Jewellery/8490/white45/center.jpg,Colour Diam,Apparel & Accessories > Jewelry,,1,,,,unisex,,,adult,,,,,,,,,,Fine Jewelry
7179,4.49 ct Faint Pink Diamond Ring | Colour Diam | 7179,Discover 4.49 ct Faint Pink Diamond Ring with Colour Diam. The listed clarity is VVS1. The supplier specifies 18K for the setting. GIA is listed as the grading laboratory. Ask to review the original report before purchase. The supplier lists a jewellery weight of 9.87 g. Quote stock 7179 for current images and availability.,in stock,new,386351125 KRW,https://colourdiam.com/productdetail/7179,https://www.colourdiam.com/Product/Jewellery/7179/white45/center.jpg,Colour Diam,Apparel & Accessories > Jewelry,,1,,,,unisex,,,adult,,,,,,,,,GIA,Fine Jewelry
8363,0.22 ct Fancy Pink Diamond Ring / Pendant | Colour Diam | 8363,Find your next inspiration in 0.22 ct Fancy Pink Diamond Ring / Pendant. The supplier specifies 18K for the setting. Ask our team about the available documentation. The supplier lists a jewellery weight of 5.08 g. Quote stock 8363 for current images and availability.,in stock,new,1854485.4 KRW,https://colourdiam.com/productdetail/8363,https://colourdiam.com/Product/Jewellery/8363/white360/center.jpg,Colour Diam,Apparel & Accessories > Jewelry,,1,,,,unisex,,,adult,,,,,,,,,,Fine Jewelry
8098,0.22 ct Fancy Pink Diamond Ring / Pendant | Colour Diam | 8098,Put 0.22 ct Fancy Pink Diamond Ring / Pendant on your personal shortlist. The supplier specifies 18K for the setting. Ask our team about the available documentation. The supplier lists a jewellery weight of 5.08 g. Quote stock 8098 for current images and availability.,in stock,new,1854485.4 KRW,https://colourdiam.com/productdetail/8098,https://www.colourdiam.com/Product/Jewellery/8098/white45/center.jpg,Colour Diam,Apparel & Accessories > Jewelry,,1,,,,unisex,,,adult,,,,,,,,,,Fine Jewelry
6158,1.01 ct Diamond Ring | Colour Diam | 6158,1.01 ct Diamond Ring brings its own character to your selection. The listed clarity is VVS2. The supplier specifies 18K for the setting. GIA is listed as the grading laboratory. Ask to review the original report before purchase. The supplier lists a jewellery weight of 5.07 g. Quote stock 6158 for current images and availability.,in stock,new,6954320.25 KRW,https://colourdiam.com/productdetail/6158,https://colourdiam.com/Product/Jewellery/6158/white45/center.jpg,Colour Diam,Apparel & Accessories > Jewelry,,1,,,,unisex,,,adult,,,,,,,,,GIA,Fine Jewelry
6115,1.00 ct Diamond Ring | Colour Diam | 6115,Put 1.00 ct Diamond Ring on your personal shortlist. The listed clarity is VS1. The supplier specifies 18K for the setting. GIA is listed as the grading laboratory. Ask to review the original report before purchase. The supplier lists a jewellery weight of 3.12 g. Quote stock 6115 for current images and availability.,in stock,new,5563456.2 KRW,https://colourdiam.com/productdetail/6115,https://colourdiam.com/Product/Jewellery/6115/white45/center.jpg,Colour Diam,Apparel & Accessories > Jewelry,,1,,,,unisex,,,adult,,,,,,,,,GIA,Fine Jewelry
6160,1.00 ct Diamond Ring | Colour Diam | 6160,Explore the details of 1.00 ct Diamond Ring. The listed clarity is VVS1. The supplier specifies 18K for the setting. GIA is listed as the grading laboratory. Ask to review the original report before purchase. The supplier lists a jewellery weight of 3.23 g. Quote stock 6160 for current images and availability.,in stock,new,6954320.25 KRW,https://colourdiam.com/productdetail/6160,https://colourdiam.com/Product/Jewellery/6160/white45/center.jpg,Colour Diam,Apparel & Accessories > Jewelry,,1,,,,unisex,,,adult,,,,,,,,,GIA,Fine Jewelry
5320,1.01 ct Diamond Ring | Colour Diam | 5320,Make 1.01 ct Diamond Ring the starting point of your colour story. The listed clarity is VS2. The supplier specifies 18K for the setting. GIA is listed as the grading laboratory. Ask to review the original report before purchase. The supplier lists a jewellery weight of 2.91 g. Quote stock 5320 for current images and availability.,in stock,new,5717996.65 KRW,https://colourdiam.com/productdetail/5320,https://colourdiam.com/Product/Jewellery/5320/white45/center.jpg,Colour Diam,Apparel & Accessories > Jewelry,,1,,,,unisex,,,adult,,,,,,,,,GIA,Fine Jewelry
7352,0.82 ct Sapphire Ring | Colour Diam | 7352,Take a closer look at 0.82 ct Sapphire Ring. The supplier specifies 18K for the setting. Ask our team about the available documentation. The supplier lists a jewellery weight of 3.88 g. Quote stock 7352 for current images and availability.,in stock,new,1313593.83 KRW,https://colourdiam.com/productdetail/7352,https://www.colourdiam.com/Product/Jewellery/7352/white45/center.jpg,Colour Diam,Apparel & Accessories > Jewelry,,1,,,,unisex,,,adult,,,,,,,,,,Fine Jewelry
7355,0.94 ct Sapphire Ring | Colour Diam | 7355,Find your next inspiration in 0.94 ct Sapphire Ring. The supplier specifies 18K for the setting. Ask our team about the available documentation. The supplier lists a jewellery weight of 3.79 g. Quote stock 7355 for current images and availability.,in stock,new,1329047.87 KRW,https://colourdiam.com/productdetail/7355,https://colourdiam.com/Product/Jewellery/7355/white45/center.jpg,Colour Diam,Apparel & Accessories > Jewelry,,1,,,,unisex,,,adult,,,,,,,,,,Fine Jewelry
7356,0.79 ct Sapphire Ring | Colour Diam | 7356,0.79 ct Sapphire Ring: a piece to explore in detail. The supplier specifies 18K for the setting. Ask our team about the available documentation. The supplier lists a jewellery weight of 3.79 g. Quote stock 7356 for current images and availability.,in stock,new,1282685.74 KRW,https://colourdiam.com/productdetail/7356,https://colourdiam.com/Product/Jewellery/7356/white45/center.jpg,Colour Diam,Apparel & Accessories > Jewelry,,1,,,,unisex,,,adult,,,,,,,,,,Fine Jewelry
7357,0.70 ct Sapphire Ring | Colour Diam | 7357,Your search for colour continues with 0.70 ct Sapphire Ring. The supplier specifies 18K for the setting. Ask our team about the available documentation. The supplier lists a jewellery weight of 3.68 g. Quote stock 7357 for current images and availability.,in stock,new,1236323.6 KRW,https://colourdiam.com/productdetail/7357,https://www.colourdiam.com/Product/Jewellery/7357/white45/center.jpg,Colour Diam,Apparel & Accessories > Jewelry,,1,,,,unisex,,,adult,,,,,,,,,,Fine Jewelry
7358,0.66 ct Sapphire Ring | Colour Diam | 7358,Meet 0.66 ct Sapphire Ring from Colour Diam. The supplier specifies 18K for the setting. Ask our team about the available documentation. The supplier lists a jewellery weight of 3.76 g. Quote stock 7358 for current images and availability.,in stock,new,1244050.62 KRW,https://colourdiam.com/productdetail/7358,https://colourdiam.com/Product/Jewellery/7358/white45/center.jpg,Colour Diam,Apparel & Accessories > Jewelry,,1,,,,unisex,,,adult,,,,,,,,,,Fine Jewelry
7359,0.87 ct Sapphire Ring | Colour Diam | 7359,Discover 0.87 ct Sapphire Ring with Colour Diam. The supplier specifies 18K for the setting. Ask our team about the available documentation. The supplier lists a jewellery weight of 3.91 g. Quote stock 7359 for current images and availability.,in stock,new,1313593.83 KRW,https://colourdiam.com/productdetail/7359,https://www.colourdiam.com/Product/Jewellery/7359/white45/center.jpg,Colour Diam,Apparel & Accessories > Jewelry,,1,,,,unisex,,,adult,,,,,,,,,,Fine Jewelry
7360,0.94 ct Sapphire Ring | Colour Diam | 7360,Your search for colour continues with 0.94 ct Sapphire Ring. The supplier specifies 18K for the setting. Ask our team about the available documentation. The supplier lists a jewellery weight of 3.97 g. Quote stock 7360 for current images and availability.,in stock,new,1375410.01 KRW,https://colourdiam.com/productdetail/7360,https://colourdiam.com/Product/Jewellery/7360/white45/center.jpg,Colour Diam,Apparel & Accessories > Jewelry,,1,,,,unisex,,,adult,,,,,,,,,,Fine Jewelry
7361,0.73 ct Sapphire Ring | Colour Diam | 7361,Meet 0.73 ct Sapphire Ring from Colour Diam. The supplier specifies 18K for the setting. Ask our team about the available documentation. The supplier lists a jewellery weight of 3.87 g. Quote stock 7361 for current images and availability.,in stock,new,1288867.35 KRW,https://colourdiam.com/productdetail/7361,https://www.colourdiam.com/Product/Jewellery/7361/white45/center.jpg,Colour Diam,Apparel & Accessories > Jewelry,,1,,,,unisex,,,adult,,,,,,,,,,Fine Jewelry
7362,0.50 ct Sapphire Ring | Colour Diam | 7362,Discover 0.50 ct Sapphire Ring with Colour Diam. The supplier specifies 18K for the setting. Ask our team about the available documentation. The supplier lists a jewellery weight of 3.63 g. Quote stock 7362 for current images and availability.,in stock,new,1159053.38 KRW,https://colourdiam.com/productdetail/7362,https://www.colourdiam.com/Product/Jewellery/7362/white45/center.jpg,Colour Diam,Apparel & Accessories > Jewelry,,1,,,,unisex,,,adult,,,,,,,,,,Fine Jewelry
7363,0.75 ct Sapphire Ring | Colour Diam | 7363,Explore the details of 0.75 ct Sapphire Ring. The supplier specifies 18K for the setting. Ask our team about the available documentation. The supplier lists a jewellery weight of 3.77 g. Quote stock 7363 for current images and availability.,in stock,new,1267231.69 KRW,https://colourdiam.com/productdetail/7363,https://www.colourdiam.com/Product/Jewellery/7363/white45/center.jpg,Colour Diam,Apparel & Accessories > Jewelry,,1,,,,unisex,,,adult,,,,,,,,,,Fine Jewelry
7364,0.74 ct Sapphire Ring | Colour Diam | 7364,0.74 ct Sapphire Ring brings its own character to your selection. The supplier specifies 18K for the setting. Ask our team about the available documentation. The supplier lists a jewellery weight of 3.71 g. Quote stock 7364 for current images and availability.,in stock,new,1245596.03 KRW,https://colourdiam.com/productdetail/7364,https://colourdiam.com/Product/Jewellery/7364/white45/CENTER.jpg,Colour Diam,Apparel & Accessories > Jewelry,,1,,,,unisex,,,adult,,,,,,,,,,Fine Jewelry
7365,0.74 ct Sapphire Ring | Colour Diam | 7365,Consider 0.74 ct Sapphire Ring for your next jewellery consultation. The supplier specifies 18K for the setting. Ask our team about the available documentation. The supplier lists a jewellery weight of 3.93 g. Quote stock 7365 for current images and availability.,in stock,new,1545404.5 KRW,https://colourdiam.com/productdetail/7365,https://www.colourdiam.com/Product/Jewellery/7365/white45/center.jpg,Colour Diam,Apparel & Accessories > Jewelry,,1,,,,unisex,,,adult,,,,,,,,,,Fine Jewelry
7353,0.94 ct Sapphire Ring | Colour Diam | 7353,Colour Diam presents 0.94 ct Sapphire Ring. The supplier specifies 18K for the setting. Ask our team about the available documentation. The supplier lists a jewellery weight of 3.79 g. Quote stock 7353 for current images and availability.,in stock,new,1329047.87 KRW,https://colourdiam.com/productdetail/7353,https://www.colourdiam.com/Product/Jewellery/7353/white45/center.jpg,Colour Diam,Apparel & Accessories > Jewelry,,1,,,,unisex,,,adult,,,,,,,,,,Fine Jewelry
7354,0.94 ct Sapphire Ring | Colour Diam | 7354,Put 0.94 ct Sapphire Ring on your personal shortlist. The supplier specifies 18K for the setting. Ask our team about the available documentation. The supplier lists a jewellery weight of 3.83 g. Quote stock 7354 for current images and availability.,in stock,new,1329047.87 KRW,https://colourdiam.com/productdetail/7354,https://www.colourdiam.com/Product/Jewellery/7354/white45/center.jpg,Colour Diam,Apparel & Accessories > Jewelry,,1,,,,unisex,,,adult,,,,,,,,,,Fine Jewelry
8155,0.235 ct Fancy Brownish Yellow Diamond Ring | Colour Diam | 8155,Explore the details of 0.235 ct Fancy Brownish Yellow Diamond Ring. The listed clarity is SI. The supplier specifies 18K for the setting. AGL is listed as the grading laboratory. Ask to review the original report before purchase. The supplier lists a jewellery weight of 1.73 g. Quote stock 8155 for current images and availability.,in stock,new,1545404.5 KRW,https://colourdiam.com/productdetail/8155,https://colourdiam.com/Product/Jewellery/8155/white45/center.jpg,Colour Diam,Apparel & Accessories > Jewelry,,1,,,,unisex,,,adult,,,,,,,,,AGL,Fine Jewelry
8605,0.30 ct Diamond Ring | Colour Diam | 8605,Put 0.30 ct Diamond Ring on your personal shortlist. The supplier specifies 18K for the setting. Ask our team about the available documentation. The supplier lists a jewellery weight of 2.75 g. Quote stock 8605 for current images and availability.,in stock,new,618161.8 KRW,https://colourdiam.com/productdetail/8605,https://colourdiam.com/Product/Jewellery/8605/white45/center.jpg,Colour Diam,Apparel & Accessories > Jewelry,,1,,,,unisex,,,adult,,,,,,,,,,Fine Jewelry
7453,0.50 ct Diamond Earring | Colour Diam | 7453,Put 0.50 ct Diamond Earring on your personal shortlist. The listed clarity is VS. The supplier specifies 18K for the setting. Ask our team about the available documentation. The supplier lists a jewellery weight of 4.18 g. Quote stock 7453 for current images and availability.,in stock,new,2318106.75 KRW,https://colourdiam.com/productdetail/7453,https://colourdiam.com/Product/Jewellery/7453/white45/center.jpg,Colour Diam,Apparel & Accessories > Jewelry,,1,,,,unisex,,,adult,,,,,,,,,,Fine Jewelry
7942,0.185 ct Fancy Yellow Diamond Ring | Colour Diam | 7942,Make 0.185 ct Fancy Yellow Diamond Ring the starting point of your colour story. The listed clarity is VS. The supplier specifies 18K for the setting. AGL is listed as the grading laboratory. Ask to review the original report before purchase. The supplier lists a jewellery weight of 1.91 g. Quote stock 7942 for current images and availability.,in stock,new,1545404.5 KRW,https://colourdiam.com/productdetail/7942,https://www.colourdiam.com/Product/Jewellery/7942/white45/center.jpg,Colour Diam,Apparel & Accessories > Jewelry,,1,,,,unisex,,,adult,,,,,,,,,AGL,Fine Jewelry
8316,0.115 ct Fancy Pink Diamond Ring | Colour Diam | 8316,Discover 0.115 ct Fancy Pink Diamond Ring with Colour Diam. The supplier specifies 18K for the setting. Ask our team about the available documentation. The supplier lists a jewellery weight of 5.994 g. Quote stock 8316 for current images and availability.,in stock,new,2318106.75 KRW,https://colourdiam.com/productdetail/8316,https://colourdiam.com/Product/Jewellery/8316/center.jpg,Colour Diam,Apparel & Accessories > Jewelry,,1,,,,unisex,,,adult,,,,,,,,,,Fine Jewelry
8613,0.35 ct Diamond Ring | Colour Diam | 8613,Discover 0.35 ct Diamond Ring with Colour Diam. The supplier specifies 18K for the setting.   is listed as the grading laboratory. Ask to review the original report before purchase. The supplier lists a jewellery weight of 2.35 g. Quote stock 8613 for current images and availability.,in stock,new,695432.03 KRW,https://colourdiam.com/productdetail/8613,https://colourdiam.com/Product/Jewellery/8613/white360/center.jpg,Colour Diam,Apparel & Accessories > Jewelry,,1,,,,unisex,,,adult,,,,,,,,,,Fine Jewelry
7401_7402_7403_7405_7406,1.73 ct Fancy Pink Diamond Bracelet | Colour Diam | 7401_7402_7403_7405_7406,Make 1.73 ct Fancy Pink Diamond Bracelet the starting point of your colour story. The listed clarity grades are VS1 / SI1 / SI2. The supplier specifies 18K for the setting. GIA is listed as the grading laboratory. Ask to review the original report before purchase. The supplier lists a jewellery weight of 6.28 g. Quote stock 7401_7402_7403_7405_7406 for current images and availability.,in stock,new,14681342.75 KRW,https://colourdiam.com/productdetail/Menu/7401/7402/7403/7405/7406,https://www.colourdiam.com/Product/Jewellery/7401_7402_7403_7405_7406/white45/center.jpg,Colour Diam,Apparel & Accessories > Jewelry,,1,,,,unisex,,,adult,,,,,,,,,GIA,Fine Jewelry
7942,0.185 ct Fancy Yellow Diamond Ring | Colour Diam | 7942,Make 0.185 ct Fancy Yellow Diamond Ring the starting point of your colour story. The listed clarity is VS. The supplier specifies 18K for the setting. AGL is listed as the grading laboratory. Ask to review the original report before purchase. The supplier lists a jewellery weight of 1.91 g. Quote stock 7942 for current images and availability.,in stock,new,1390864.05 KRW,https://colourdiam.com/productdetail/7942,https://www.colourdiam.com/Product/Jewellery/7942/white45/center.jpg,Colour Diam,Apparel & Accessories > Jewelry,,1,,,,unisex,,,adult,,,,,,,,,AGL,Fine Jewelry
5026,1.00 ct Diamond Ring | Colour Diam | 5026,Put 1.00 ct Diamond Ring on your personal shortlist. The listed clarity is SI2. The supplier specifies 18K for the setting. IGI is listed as the grading laboratory. Ask to review the original report before purchase. The supplier lists a jewellery weight of 2.81 g. Quote stock 5026 for current images and availability.,in stock,new,3863511.25 KRW,https://colourdiam.com/productdetail/5026,https://colourdiam.com/Product/Jewellery/5026/white45/center.jpg,Colour Diam,Apparel & Accessories > Jewelry,,1,,,,unisex,,,adult,,,,,,,,,IGI,Fine Jewelry
7652,2.71 ct Fancy Brownish Greenish Yellow Diamond Ring | Colour Diam | 7652,Find your next inspiration in 2.71 ct Fancy Brownish Greenish Yellow Diamond Ring. The listed clarity is VVS2. The supplier specifies 18K for the setting. GIA is listed as the grading laboratory. Ask to review the original report before purchase. The supplier lists a jewellery weight of 8.93 g. Quote stock 7652 for current images and availability.,in stock,new,27817281 KRW,https://colourdiam.com/productdetail/7652,https://colourdiam.com/Product/Jewellery/7652/white45/center.jpg,Colour Diam,Apparel & Accessories > Jewelry,,1,,,,unisex,,,adult,,,,,,,,,GIA,Fine Jewelry
8607,0.36 ct Diamond Pendant | Colour Diam | 8607,0.36 ct Diamond Pendant: a piece to explore in detail. The supplier specifies 18K for the setting. Ask our team about the available documentation. The supplier lists a jewellery weight of 3.75 g. Quote stock 8607 for current images and availability.,in stock,new,1236323.6 KRW,https://colourdiam.com/productdetail/8607,https://colourdiam.com/Product/Jewellery/8607/white45/center.jpg,Colour Diam,Apparel & Accessories > Jewelry,,1,,,,unisex,,,adult,,,,,,,,,,Fine Jewelry
5616,0.56 ct LIGHT PINK Diamond Ring | Colour Diam | 5616,Colour Diam presents 0.56 ct LIGHT PINK Diamond Ring. The listed clarity is VS1. The supplier specifies 18K for the setting. GIA is listed as the grading laboratory. Ask to review the original report before purchase. The supplier lists a jewellery weight of 3.186 g. Quote stock 5616 for current images and availability.,in stock,new,11590533.75 KRW,https://colourdiam.com/productdetail/5616,https://colourdiam.com/Product/Jewellery/5616/white45/center.jpg,Colour Diam,Apparel & Accessories > Jewelry,,1,,,,unisex,,,adult,,,,,,,,,GIA,Fine Jewelry
5420,0.57 ct LIGHT BLUE Diamond RING | Colour Diam | 5420,Take a closer look at 0.57 ct LIGHT BLUE Diamond RING. The listed clarity is VVS2. The supplier specifies 18K for the setting. GIA is listed as the grading laboratory. Ask to review the original report before purchase. The supplier lists a jewellery weight of 3.21 g. Quote stock 5420 for current images and availability.,in stock,new,7727022.5 KRW,https://colourdiam.com/productdetail/5420,https://colourdiam.com/Product/Jewellery/5420/white360/center.jpg,Colour Diam,Apparel & Accessories > Jewelry,,1,,,,unisex,,,adult,,,,,,,,,GIA,Fine Jewelry
8364,0.32 ct Fancy Pink Diamond Ring | Colour Diam | 8364,0.32 ct Fancy Pink Diamond Ring: a piece to explore in detail. The supplier specifies 18K for the setting. Ask our team about the available documentation. The supplier lists a jewellery weight of 1.90 g. Quote stock 8364 for current images and availability.,in stock,new,1545404.5 KRW,https://colourdiam.com/productdetail/8364,https://colourdiam.com/Product/Jewellery/8364/white360/CENTER.jpg,Colour Diam,Apparel & Accessories > Jewelry,,1,,,,unisex,,,adult,,,,,,,,,,Fine Jewelry
8366,0.4 ct Fancy Pink Diamond Pendant | Colour Diam | 8366,Meet 0.4 ct Fancy Pink Diamond Pendant from Colour Diam. The supplier specifies 18K for the setting. Ask our team about the available documentation. The supplier lists a jewellery weight of 2.0 g. Quote stock 8366 for current images and availability.,in stock,new,,https://colourdiam.com/productdetail/8366,https://colourdiam.com/Product/Jewellery/8366/white360/CENTER.jpg,Colour Diam,Apparel & Accessories > Jewelry,,1,,,,unisex,,,adult,,,,,,,,,,Fine Jewelry
7047,8.01 ct Diamond Ring | Colour Diam | 7047,Discover 8.01 ct Diamond Ring with Colour Diam. The listed clarity is VS2. The supplier specifies 18K for the setting. GIA is listed as the grading laboratory. Ask to review the original report before purchase. The supplier lists a jewellery weight of 8.47 g. Quote stock 7047 for current images and availability.,in stock,new,92724270 KRW,https://colourdiam.com/productdetail/7047,https://colourdiam.com/Product/Jewellery/7047/white360/center.jpg,Colour Diam,Apparel & Accessories > Jewelry,,1,,,,unisex,,,adult,,,,,,,,,GIA,Fine Jewelry
5440,0.33 ct Light Blue Diamond RING | Colour Diam | 5440,Put 0.33 ct Light Blue Diamond RING on your personal shortlist. The listed clarity is SI1. The supplier specifies 18K for the setting. GIA is listed as the grading laboratory. Ask to review the original report before purchase. The supplier lists a jewellery weight of 3.00 g. Quote stock 5440 for current images and availability.,in stock,new,6181618 KRW,https://colourdiam.com/productdetail/5440,https://colourdiam.com/Product/Jewellery/5440/white45/center.jpg,Colour Diam,Apparel & Accessories > Jewelry,,1,,,,unisex,,,adult,,,,,,,,,GIA,Fine Jewelry
5421,0.53 ct Faint Blue Diamond RING | Colour Diam | 5421,Colour Diam presents 0.53 ct Faint Blue Diamond RING. The listed clarity is VS2. The supplier specifies 18K for the setting. GIA is listed as the grading laboratory. Ask to review the original report before purchase. The supplier lists a jewellery weight of 3.36 g. Quote stock 5421 for current images and availability.,in stock,new,6954320.25 KRW,https://colourdiam.com/productdetail/5421,https://colourdiam.com/Product/Jewellery/5421/white45/center.jpg,Colour Diam,Apparel & Accessories > Jewelry,,1,,,,unisex,,,adult,,,,,,,,,GIA,Fine Jewelry
4748,0.65 ct Fancy Yellowish Green Diamond Ring | Colour Diam | 4748,Meet 0.65 ct Fancy Yellowish Green Diamond Ring from Colour Diam. The listed clarity is I1. The supplier specifies 18K for the setting. GIA is listed as the grading laboratory. Ask to review the original report before purchase. The supplier lists a jewellery weight of 5.86 g. Quote stock 4748 for current images and availability.,in stock,new,6954320.25 KRW,https://colourdiam.com/productdetail/4748,https://colourdiam.com/Product/Jewellery/4748/white45/center.jpg,Colour Diam,Apparel & Accessories > Jewelry,,1,,,,unisex,,,adult,,,,,,,,,GIA,Fine Jewelry
8507,1.00 ct Fancy Green Diamond Ring | Colour Diam | 8507,Find your next inspiration in 1.00 ct Fancy Green Diamond Ring. The listed clarity is VS. The supplier specifies 18K for the setting. AGL is listed as the grading laboratory. Ask to review the original report before purchase. The supplier lists a jewellery weight of 4.15 g. Quote stock 8507 for current images and availability.,in stock,new,7727022.5 KRW,https://colourdiam.com/productdetail/8507,https://colourdiam.com/Product/Jewellery/8507/white45/center.jpg,Colour Diam,Apparel & Accessories > Jewelry,,1,,,,unisex,,,adult,,,,,,,,,AGL,Fine Jewelry
8508,1.51 ct Fancy Green Diamond Ring | Colour Diam | 8508,1.51 ct Fancy Green Diamond Ring: a piece to explore in detail. The listed clarity is VS. The supplier specifies 18K for the setting. AGL is listed as the grading laboratory. Ask to review the original report before purchase. The supplier lists a jewellery weight of 3.15 g. Quote stock 8508 for current images and availability.,in stock,new,11590533.75 KRW,https://colourdiam.com/productdetail/8508,https://colourdiam.com/Product/Jewellery/8508/white360/center.jpg,Colour Diam,Apparel & Accessories > Jewelry,,1,,,,unisex,,,adult,,,,,,,,,AGL,Fine Jewelry
5431,0.39 ct Very light Blue Diamond RING | Colour Diam | 5431,Explore the details of 0.39 ct Very light Blue Diamond RING. The listed clarity is Vs1. The supplier specifies 18K for the setting. GIA is listed as the grading laboratory. Ask to review the original report before purchase. The supplier lists a jewellery weight of 3.84 g. Quote stock 5431 for current images and availability.,in stock,new,8499724.75 KRW,https://colourdiam.com/productdetail/5431,https://colourdiam.com/Product/Jewellery/5431/white45/center.jpg,Colour Diam,Apparel & Accessories > Jewelry,,1,,,,unisex,,,adult,,,,,,,,,GIA,Fine Jewelry
8512,1.03 ct Fancy Green Diamond Ring | Colour Diam | 8512,Your search for colour continues with 1.03 ct Fancy Green Diamond Ring. The listed clarity is VS. The supplier specifies 18K for the setting. AGL is listed as the grading laboratory. Ask to review the original report before purchase. The supplier lists a jewellery weight of 5.08 g. Quote stock 8512 for current images and availability.,in stock,new,6181618 KRW,https://colourdiam.com/productdetail/8512,https://colourdiam.com/Product/Jewellery/8512/white360/CENTER.jpg,Colour Diam,Apparel & Accessories > Jewelry,,1,,,,unisex,,,adult,,,,,,,,,AGL,Fine Jewelry
8510,1.00 ct Fancy Green Diamond Ring | Colour Diam | 8510,Find your next inspiration in 1.00 ct Fancy Green Diamond Ring. The listed clarity is VS. The supplier specifies 18K for the setting. AGL is listed as the grading laboratory. Ask to review the original report before purchase. The supplier lists a jewellery weight of 3.73 g. Quote stock 8510 for current images and availability.,in stock,new,7727022.5 KRW,https://colourdiam.com/productdetail/8510,https://colourdiam.com/Product/Jewellery/8510/white360/CENTER.jpg,Colour Diam,Apparel & Accessories > Jewelry,,1,,,,unisex,,,adult,,,,,,,,,AGL,Fine Jewelry
8503,1.51 ct Fancy Intense Green Diamond Ring | Colour Diam | 8503,Make 1.51 ct Fancy Intense Green Diamond Ring the starting point of your colour story. The listed clarity is SI1. The supplier specifies 18K for the setting. AGL is listed as the grading laboratory. Ask to review the original report before purchase. The supplier lists a jewellery weight of 3.97 g. Quote stock 8503 for current images and availability.,in stock,new,13135938.25 KRW,https://colourdiam.com/productdetail/8503,https://www.colourdiam.com/Product/Jewellery/8503/white45/center.jpg,Colour Diam,Apparel & Accessories > Jewelry,,1,,,,unisex,,,adult,,,,,,,,,AGL,Fine Jewelry
5422,0.35 ct Light Blue Diamond RING | Colour Diam | 5422,Put 0.35 ct Light Blue Diamond RING on your personal shortlist. The listed clarity is SI2. The supplier specifies 18K for the setting. GIA is listed as the grading laboratory. Ask to review the original report before purchase. The supplier lists a jewellery weight of 3.26 g. Quote stock 5422 for current images and availability.,in stock,new,7727022.5 KRW,https://colourdiam.com/productdetail/5422,https://colourdiam.com/Product/Jewellery/5422/white45/center.jpg,Colour Diam,Apparel & Accessories > Jewelry,,1,,,,unisex,,,adult,,,,,,,,,GIA,Fine Jewelry
4254,1.02 ct Fancy Green Diamond Ring | Colour Diam | 4254,1.02 ct Fancy Green Diamond Ring: a piece to explore in detail. The listed clarity is SI. The supplier specifies 18K for the setting. AGL is listed as the grading laboratory. Ask to review the original report before purchase. The supplier lists a jewellery weight of 4.051 g. Quote stock 4254 for current images and availability.,in stock,new,5408915.75 KRW,https://colourdiam.com/productdetail/4254,https://colourdiam.com/Product/Jewellery/4254/white45/center.jpg,Colour Diam,Apparel & Accessories > Jewelry,,1,,,,unisex,,,adult,,,,,,,,,AGL,Fine Jewelry
8505,1.50 ct Fancy Green Diamond Ring | Colour Diam | 8505,Colour Diam presents 1.50 ct Fancy Green Diamond Ring. The listed clarity is VS. The supplier specifies 18K for the setting. AGL is listed as the grading laboratory. Ask to review the original report before purchase. The supplier lists a jewellery weight of 4.66 g. Quote stock 8505 for current images and availability.,in stock,new,10045129.25 KRW,https://colourdiam.com/productdetail/8505,https://colourdiam.com/Product/Jewellery/8505/white45/center.jpg,Colour Diam,Apparel & Accessories > Jewelry,,1,,,,unisex,,,adult,,,,,,,,,AGL,Fine Jewelry
8509,1.01 ct Fancy Green Diamond Ring | Colour Diam | 8509,Your search for colour continues with 1.01 ct Fancy Green Diamond Ring. The listed clarity is SI. The supplier specifies 18K for the setting. AGL is listed as the grading laboratory. Ask to review the original report before purchase. The supplier lists a jewellery weight of 6.56 g. Quote stock 8509 for current images and availability.,in stock,new,6181618 KRW,https://colourdiam.com/productdetail/8509,https://colourdiam.com/Product/Jewellery/8509/white45/center.jpg,Colour Diam,Apparel & Accessories > Jewelry,,1,,,,unisex,,,adult,,,,,,,,,AGL,Fine Jewelry
4744_4858,"1.11 ct Light Blue Diamond RING, Ring | Colour Diam | 4744_4858","Put 1.11 ct Light Blue Diamond RING, Ring on your personal shortlist. The listed clarity grades are SI2 / VS2. The supplier specifies 18K for the setting. GIA is listed as the grading laboratory. Ask to review the original report before purchase. The supplier lists a jewellery weight of 4.83 g. Quote stock 4744_4858 for current images and availability.",in stock,new,14681342.75 KRW,https://colourdiam.com/productdetail/Menu/4744/4858,https://www.colourdiam.com/Product/Jewellery/4744_4858/white45/center.jpg,Colour Diam,Apparel & Accessories > Jewelry,,1,,,,unisex,,,adult,,,,,,,,,GIA,Fine Jewelry
7988,4.23 ct Emerald Earring | Colour Diam | 7988,4.23 ct Emerald Earring brings its own character to your selection. The supplier specifies 18K for the setting. Ask our team about the available documentation. The supplier lists a jewellery weight of 9.42 g. Quote stock 7988 for current images and availability.,in stock,new,1854485.4 KRW,https://colourdiam.com/productdetail/7988,https://colourdiam.com/Product/Jewellery/7988/white360/center.jpg,Colour Diam,Apparel & Accessories > Jewelry,,1,,,,unisex,,,adult,,,,,,,,,,Fine Jewelry
7989,20.91 ct Diamond Earring | Colour Diam | 7989,Consider 20.91 ct Diamond Earring for your next jewellery consultation. The supplier specifies 18K for the setting. Ask our team about the available documentation. The supplier lists a jewellery weight of 10.29 g. Quote stock 7989 for current images and availability.,in stock,new,4334859.62 KRW,https://colourdiam.com/productdetail/7989,https://colourdiam.com/Product/Jewellery/7989/white360/center.jpg,Colour Diam,Apparel & Accessories > Jewelry,,1,,,,unisex,,,adult,,,,,,,,,,Fine Jewelry
7990,24.03 ct Emerald Pendant | Colour Diam | 7990,Explore the details of 24.03 ct Emerald Pendant. The supplier specifies 18K for the setting. Ask our team about the available documentation. The supplier lists a jewellery weight of 10.83 g. Quote stock 7990 for current images and availability.,in stock,new,4868024.18 KRW,https://colourdiam.com/productdetail/7990,https://colourdiam.com/Product/Jewellery/7990/white360/center.jpg,Colour Diam,Apparel & Accessories > Jewelry,,1,,,,unisex,,,adult,,,,,,,,,,Fine Jewelry
8511,1.50 ct Fancy Green Diamond Ring | Colour Diam | 8511,1.50 ct Fancy Green Diamond Ring: a piece to explore in detail. The listed clarity is SI. The supplier specifies 18K for the setting. AGL is listed as the grading laboratory. Ask to review the original report before purchase. The supplier lists a jewellery weight of 5.35 g. Quote stock 8511 for current images and availability.,in stock,new,11590533.75 KRW,https://colourdiam.com/productdetail/8511,https://colourdiam.com/Product/Jewellery/8511/white360/CENTER.jpg,Colour Diam,Apparel & Accessories > Jewelry,,1,,,,unisex,,,adult,,,,,,,,,AGL,Fine Jewelry
8551,1.51 ct Fancy Brownish Greenish Yellow Diamond Ring | Colour Diam | 8551,Explore the details of 1.51 ct Fancy Brownish Greenish Yellow Diamond Ring. The listed clarity is VS2. The supplier specifies 18K for the setting. GIA is listed as the grading laboratory. Ask to review the original report before purchase. The supplier lists a jewellery weight of 3.22 g. Quote stock 8551 for current images and availability.,in stock,new,13135938.25 KRW,https://colourdiam.com/productdetail/8551,https://colourdiam.com/Product/Jewellery/8551/White45/center.jpg,Colour Diam,Apparel & Accessories > Jewelry,,1,,,,unisex,,,adult,,,,,,,,,GIA,Fine Jewelry
8678,0.90 ct Fancy Vivid Yellow Diamond Ring | Colour Diam | 8678,Meet 0.90 ct Fancy Vivid Yellow Diamond Ring from Colour Diam. The listed clarity is I1. The supplier specifies 18K for the setting. GIA is listed as the grading laboratory. Ask to review the original report before purchase. The supplier lists a jewellery weight of 6.420 g. Quote stock 8678 for current images and availability.,in stock,new,2009025.85 KRW,https://colourdiam.com/productdetail/8678,https://colourdiam.com/Product/Jewellery/8678/white45/center.jpg,Colour Diam,Apparel & Accessories > Jewelry,,1,,,,unisex,,,adult,,,,,,,,,GIA,Fine Jewelry
4706,0.65 ct Light Blue Diamond RING | Colour Diam | 4706,Take a closer look at 0.65 ct Light Blue Diamond RING. The listed clarity is SI1. The supplier specifies 18K for the setting. GIA is listed as the grading laboratory. Ask to review the original report before purchase. The supplier lists a jewellery weight of 5.47 g. Quote stock 4706 for current images and availability.,in stock,new,10045129.25 KRW,https://colourdiam.com/productdetail/4706,https://colourdiam.com/Product/Jewellery/4706/white45/center.jpg,Colour Diam,Apparel & Accessories > Jewelry,,1,,,,unisex,,,adult,,,,,,,,,GIA,Fine Jewelry
4750,0.69 ct Light Green Diamond Ring | Colour Diam | 4750,Your search for colour continues with 0.69 ct Light Green Diamond Ring. The listed clarity is VS1. The supplier specifies 18K for the setting. GIA is listed as the grading laboratory. Ask to review the original report before purchase. The supplier lists a jewellery weight of 6.19 g. Quote stock 4750 for current images and availability.,in stock,new,8499724.75 KRW,https://colourdiam.com/productdetail/4750,https://colourdiam.com/Product/Jewellery/4750/white45/center.jpg,Colour Diam,Apparel & Accessories > Jewelry,,1,,,,unisex,,,adult,,,,,,,,,GIA,Fine Jewelry
7127,0.55 ct Faint Pink Diamond Ring | Colour Diam | 7127,Meet 0.55 ct Faint Pink Diamond Ring from Colour Diam. The listed clarity is SI2. The supplier specifies 18K for the setting. GIA is listed as the grading laboratory. Ask to review the original report before purchase. The supplier lists a jewellery weight of 9.55 g. Quote stock 7127 for current images and availability.,in stock,new,10045129.25 KRW,https://colourdiam.com/productdetail/7127,https://colourdiam.com/Product/Jewellery/7127/white45/center.jpg,Colour Diam,Apparel & Accessories > Jewelry,,1,,,,unisex,,,adult,,,,,,,,,GIA,Fine Jewelry
6185,1.50 ct Diamond Ring | Colour Diam | 6185,Find your next inspiration in 1.50 ct Diamond Ring. The listed clarity is VS1. The supplier specifies 18K for the setting. GIA is listed as the grading laboratory. Ask to review the original report before purchase. The supplier lists a jewellery weight of 5.92 g. Quote stock 6185 for current images and availability.,in stock,new,15454045 KRW,https://colourdiam.com/productdetail/6185,https://colourdiam.com/Product/Jewellery/6185/white45/center.jpg,Colour Diam,Apparel & Accessories > Jewelry,,1,,,,unisex,,,adult,,,,,,,,,GIA,Fine Jewelry
3832,1.00 ct Diamond Ring | Colour Diam | 3832,Make 1.00 ct Diamond Ring the starting point of your colour story. The listed clarity is Si2. The supplier specifies 18K for the setting. IGI is listed as the grading laboratory. Ask to review the original report before purchase. The supplier lists a jewellery weight of 2.19 g. Quote stock 3832 for current images and availability.,in stock,new,4327132.6 KRW,https://colourdiam.com/productdetail/3832,https://colourdiam.com/Product/Jewellery/3832/white45/center.jpg,Colour Diam,Apparel & Accessories > Jewelry,,1,,,,unisex,,,adult,,,,,,,,,IGI,Fine Jewelry
5564_6916,1.40 ct Faint Pink Diamond Earring | Colour Diam | 5564_6916,Take a closer look at 1.40 ct Faint Pink Diamond Earring. The listed clarity grades are SI2 / SI1. The supplier specifies 18K for the setting. GIA is listed as the grading laboratory. Ask to review the original report before purchase. The supplier lists a jewellery weight of 8.134 g. Quote stock 5564_6916 for current images and availability.,in stock,new,15454045 KRW,https://colourdiam.com/productdetail/Menu/5564/6916,https://www.colourdiam.com/Product/Jewellery/5564_6916/white45/center.jpg,Colour Diam,Apparel & Accessories > Jewelry,,1,,,,unisex,,,adult,,,,,,,,,GIA,Fine Jewelry
7233,1.25 ct Faint Pink Diamond Ring | Colour Diam | 7233,Consider 1.25 ct Faint Pink Diamond Ring for your next jewellery consultation. The listed clarity is SI2. The supplier specifies 18K for the setting. GIA is listed as the grading laboratory. Ask to review the original report before purchase. The supplier lists a jewellery weight of 6.92 g. Quote stock 7233 for current images and availability.,in stock,new,23181067.5 KRW,https://colourdiam.com/productdetail/7233,https://colourdiam.com/Product/Jewellery/7233/white45/center.jpg,Colour Diam,Apparel & Accessories > Jewelry,,1,,,,unisex,,,adult,,,,,,,,,GIA,Fine Jewelry
4732_4745,"1.05 ct Faint Blue Diamond RING, Ring | Colour Diam | 4732_4745","Take a closer look at 1.05 ct Faint Blue Diamond RING, Ring. The listed clarity grades are SI1 / VS2. The supplier specifies 18K for the setting. GIA is listed as the grading laboratory. Ask to review the original report before purchase. The supplier lists a jewellery weight of 4.80 g. Quote stock 4732_4745 for current images and availability.",in stock,new,15299504.55 KRW,https://colourdiam.com/productdetail/Menu/4732/4745,https://colourdiam.com/Product/Jewellery/4732_4745/Black45/center.jpg,Colour Diam,Apparel & Accessories > Jewelry,,1,,,,unisex,,,adult,,,,,,,,,GIA,Fine Jewelry
8334,3.02 ct Light Green Yellow Diamond Ring | Colour Diam | 8334,Discover 3.02 ct Light Green Yellow Diamond Ring with Colour Diam. The listed clarity is SI2. The supplier specifies 18K for the setting. GIA is listed as the grading laboratory. Ask to review the original report before purchase. The supplier lists a jewellery weight of 6.87 g. Quote stock 8334 for current images and availability.,in stock,new,27817281 KRW,https://colourdiam.com/productdetail/8334,https://colourdiam.com/Product/Jewellery/8334/white45/CENTER.jpg,Colour Diam,Apparel & Accessories > Jewelry,,1,,,,unisex,,,adult,,,,,,,,,GIA,Fine Jewelry
7475,2.23 ct Fancy Green Diamond Ring | Colour Diam | 7475,Meet 2.23 ct Fancy Green Diamond Ring from Colour Diam. The listed clarity is SI. The supplier specifies 18K for the setting. AGL is listed as the grading laboratory. Ask to review the original report before purchase. The supplier lists a jewellery weight of 8.59 g. Quote stock 7475 for current images and availability.,in stock,new,22408365.25 KRW,https://colourdiam.com/productdetail/7475,https://colourdiam.com/Product/Jewellery/7475/white45/center.jpg,Colour Diam,Apparel & Accessories > Jewelry,,1,,,,unisex,,,adult,,,,,,,,,AGL,Fine Jewelry
7369,3.60 ct Fancy Brownish Greenish Yellow Diamond Ring | Colour Diam | 7369,Put 3.60 ct Fancy Brownish Greenish Yellow Diamond Ring on your personal shortlist. The listed clarity is Vs2. The supplier specifies 18K for the setting. GIA is listed as the grading laboratory. Ask to review the original report before purchase. The supplier lists a jewellery weight of 8.674 g. Quote stock 7369 for current images and availability.,in stock,new,38635112.5 KRW,https://colourdiam.com/productdetail/7369,https://colourdiam.com/Product/Jewellery/7369/white45/center.jpg,Colour Diam,Apparel & Accessories > Jewelry,,1,,,,unisex,,,adult,,,,,,,,,GIA,Fine Jewelry
4723,0.79 ct Fancy Light Green Diamond Ring | Colour Diam | 4723,Make 0.79 ct Fancy Light Green Diamond Ring the starting point of your colour story. The listed clarity is SI2. The supplier specifies 18K for the setting. GIA is listed as the grading laboratory. Ask to review the original report before purchase. The supplier lists a jewellery weight of 6.344 g. Quote stock 4723 for current images and availability.,in stock,new,8499724.75 KRW,https://colourdiam.com/productdetail/4723,https://colourdiam.com/Product/Jewellery/4723/white45/center.jpg,Colour Diam,Apparel & Accessories > Jewelry,,1,,,,unisex,,,adult,,,,,,,,,GIA,Fine Jewelry
6278,0.70 ct Very Light Pink Diamond Ring | Colour Diam | 6278,Take a closer look at 0.70 ct Very Light Pink Diamond Ring. The listed clarity is SI2. The supplier specifies 18K for the setting. GIA is listed as the grading laboratory. Ask to review the original report before purchase. The supplier lists a jewellery weight of 6.344 g. Quote stock 6278 for current images and availability.,in stock,new,12363236 KRW,https://colourdiam.com/productdetail/6278,https://colourdiam.com/Product/Jewellery/6278/white45/center.jpg,Colour Diam,Apparel & Accessories > Jewelry,,1,,,,unisex,,,adult,,,,,,,,,GIA,Fine Jewelry
5437,0.66 ct Fancy Light Green Diamond Ring | Colour Diam | 5437,Put 0.66 ct Fancy Light Green Diamond Ring on your personal shortlist. The listed clarity is VVS2. The supplier specifies 18K for the setting. GIA is listed as the grading laboratory. Ask to review the original report before purchase. The supplier lists a jewellery weight of 4.310 g. Quote stock 5437 for current images and availability.,in stock,new,8499724.75 KRW,https://colourdiam.com/productdetail/5437,https://colourdiam.com/Product/Jewellery/5437/white45/center.jpg,Colour Diam,Apparel & Accessories > Jewelry,,1,,,,unisex,,,adult,,,,,,,,,GIA,Fine Jewelry
8513,1.00 ct Fancy Green Diamond Ring | Colour Diam | 8513,Meet 1.00 ct Fancy Green Diamond Ring from Colour Diam. The listed clarity is VS. The supplier specifies 18K for the setting. AGL is listed as the grading laboratory. Ask to review the original report before purchase. The supplier lists a jewellery weight of 3.437 g. Quote stock 8513 for current images and availability.,in stock,new,4636213.5 KRW,https://colourdiam.com/productdetail/8513,https://www.colourdiam.com/Product/Jewellery/8513/white45/center.jpg,Colour Diam,Apparel & Accessories > Jewelry,,1,,,,unisex,,,adult,,,,,,,,,AGL,Fine Jewelry
8694,1.19 ct Light Green Yellow Diamond Ring | Colour Diam | 8694,1.19 ct Light Green Yellow Diamond Ring: a piece to explore in detail. The listed clarity is VS1. The supplier specifies 18K for the setting. GIA is listed as the grading laboratory. Ask to review the original report before purchase. The supplier lists a jewellery weight of 4.27 g. Quote stock 8694 for current images and availability.,in stock,new,12363236 KRW,https://colourdiam.com/productdetail/8694,https://colourdiam.com/Product/Jewellery/8694/white45/center.jpg,Colour Diam,Apparel & Accessories > Jewelry,,1,,,,unisex,,,adult,,,,,,,,,GIA,Fine Jewelry
8696,1.10 ct Fancy Light Greenish Yellow Diamond Ring | Colour Diam | 8696,Meet 1.10 ct Fancy Light Greenish Yellow Diamond Ring from Colour Diam. The listed clarity is VVS2. The supplier specifies 18K for the setting. GIA is listed as the grading laboratory. Ask to review the original report before purchase. The supplier lists a jewellery weight of 4.336 g. Quote stock 8696 for current images and availability.,in stock,new,13908640.5 KRW,https://colourdiam.com/productdetail/8696,https://colourdiam.com/Product/Jewellery/8696/White45/center.jpg,Colour Diam,Apparel & Accessories > Jewelry,,1,,,,unisex,,,adult,,,,,,,,,GIA,Fine Jewelry
8380,1.74 ct Fancy Brownish Greenish Yellow Diamond Ring | Colour Diam | 8380,Put 1.74 ct Fancy Brownish Greenish Yellow Diamond Ring on your personal shortlist. The listed clarity is VS2. The supplier specifies 18K for the setting. GIA is listed as the grading laboratory. Ask to review the original report before purchase. The supplier lists a jewellery weight of 4.78 g. Quote stock 8380 for current images and availability.,in stock,new,13908640.5 KRW,https://colourdiam.com/productdetail/8380,https://colourdiam.com/Product/Jewellery/8380/white45/center.jpg,Colour Diam,Apparel & Accessories > Jewelry,,1,,,,unisex,,,adult,,,,,,,,,GIA,Fine Jewelry
8550,3.030 ct Fancy Dark Brown Greenish Yellow Diamond Ring | Colour Diam | 8550,Discover 3.030 ct Fancy Dark Brown Greenish Yellow Diamond Ring with Colour Diam. The listed clarity is SI2. The supplier specifies 18K for the setting. GIA is listed as the grading laboratory. Ask to review the original report before purchase. The supplier lists a jewellery weight of 5.97 g. Quote stock 8550 for current images and availability.,in stock,new,27817281 KRW,https://colourdiam.com/productdetail/8550,https://colourdiam.com/Product/Jewellery/8550/white45/center.jpg,Colour Diam,Apparel & Accessories > Jewelry,,1,,,,unisex,,,adult,,,,,,,,,GIA,Fine Jewelry
7589,3.01 ct Fancy Pink Diamond Ring | Colour Diam | 7589,Meet 3.01 ct Fancy Pink Diamond Ring from Colour Diam. The listed clarity is VS. The supplier specifies 18K for the setting. AGL is listed as the grading laboratory. Ask to review the original report before purchase. The supplier lists a jewellery weight of 6.524 g. Quote stock 7589 for current images and availability.,in stock,new,46362135 KRW,https://colourdiam.com/productdetail/7589,https://colourdiam.com/Product/Jewellery/7589/white45/center.jpg,Colour Diam,Apparel & Accessories > Jewelry,,1,,,,unisex,,,adult,,,,,,,,,AGL,Fine Jewelry
7745,0.53 ct Faint Pink Diamond Ring | Colour Diam | 7745,Take a closer look at 0.53 ct Faint Pink Diamond Ring. The listed clarity is SI2. The supplier specifies 18K for the setting. GIA is listed as the grading laboratory. Ask to review the original report before purchase. The supplier lists a jewellery weight of 2.81 g. Quote stock 7745 for current images and availability.,in stock,new,9272427 KRW,https://colourdiam.com/productdetail/7745,https://colourdiam.com/Product/Jewellery/7745/white45/center.jpg,Colour Diam,Apparel & Accessories > Jewelry,,1,,,,unisex,,,adult,,,,,,,,,GIA,Fine Jewelry
7746,0.51 ct Faint Pink Diamond Ring | Colour Diam | 7746,Colour Diam presents 0.51 ct Faint Pink Diamond Ring. The listed clarity is SI1. The supplier specifies 18K for the setting. GIA is listed as the grading laboratory. Ask to review the original report before purchase. The supplier lists a jewellery weight of 4.157 g. Quote stock 7746 for current images and availability.,in stock,new,10817831.5 KRW,https://colourdiam.com/productdetail/7746,https://colourdiam.com/Product/Jewellery/7746/white45/center.jpg,Colour Diam,Apparel & Accessories > Jewelry,,1,,,,unisex,,,adult,,,,,,,,,GIA,Fine Jewelry
7819,0.53 ct Light Pink Diamond Ring | Colour Diam | 7819,Explore the details of 0.53 ct Light Pink Diamond Ring. The listed clarity is SI2. The supplier specifies 18K for the setting. GIA is listed as the grading laboratory. Ask to review the original report before purchase. The supplier lists a jewellery weight of 4.157 g. Quote stock 7819 for current images and availability.,in stock,new,12363236 KRW,https://colourdiam.com/productdetail/7819,https://colourdiam.com/Product/Jewellery/7819/white45/CENTER.jpg,Colour Diam,Apparel & Accessories > Jewelry,,1,,,,unisex,,,adult,,,,,,,,,GIA,Fine Jewelry
7800,0.50 ct Faint Pink Diamond Ring | Colour Diam | 7800,0.50 ct Faint Pink Diamond Ring: a piece to explore in detail. The listed clarity is VS1. The supplier specifies 18K for the setting. GIA is listed as the grading laboratory. Ask to review the original report before purchase. The supplier lists a jewellery weight of 4.15 g. Quote stock 7800 for current images and availability.,in stock,new,12363236 KRW,https://colourdiam.com/productdetail/7800,https://colourdiam.com/Product/Jewellery/7800/white45/center.jpg,Colour Diam,Apparel & Accessories > Jewelry,,1,,,,unisex,,,adult,,,,,,,,,GIA,Fine Jewelry
8013,1.01 ct Faint Yellow Green Diamond Ring | Colour Diam | 8013,Colour Diam presents 1.01 ct Faint Yellow Green Diamond Ring. The listed clarity is VS1. The supplier specifies 18K for the setting. GIA is listed as the grading laboratory. Ask to review the original report before purchase. The supplier lists a jewellery weight of 4.325 g. Quote stock 8013 for current images and availability.,in stock,new,10817831.5 KRW,https://colourdiam.com/productdetail/8013,https://colourdiam.com/Product/Jewellery/8013/white45/center.jpg,Colour Diam,Apparel & Accessories > Jewelry,,1,,,,unisex,,,adult,,,,,,,,,GIA,Fine Jewelry
8587,1.00 ct Fancy Light Brownish Greenish Yellow Diamond Ring | Colour Diam | 8587,Make 1.00 ct Fancy Light Brownish Greenish Yellow Diamond Ring the starting point of your colour story. The listed clarity is SI2. The supplier specifies 18K for the setting. GIA is listed as the grading laboratory. Ask to review the original report before purchase. The supplier lists a jewellery weight of 4.403 g. Quote stock 8587 for current images and availability.,in stock,new,10045129.25 KRW,https://colourdiam.com/productdetail/8587,https://colourdiam.com/Product/Jewellery/8587/white45/center.jpg,Colour Diam,Apparel & Accessories > Jewelry,,1,,,,unisex,,,adult,,,,,,,,,GIA,Fine Jewelry
7170,1.00 ct Fancy Green Yellow Diamond Ring | Colour Diam | 7170,Consider 1.00 ct Fancy Green Yellow Diamond Ring for your next jewellery consultation. The listed clarity is SI1. The supplier specifies 18K for the setting. GIA is listed as the grading laboratory. Ask to review the original report before purchase. The supplier lists a jewellery weight of 2.65 g. Quote stock 7170 for current images and availability.,in stock,new,6181618 KRW,https://colourdiam.com/productdetail/7170,https://colourdiam.com/Product/Jewellery/7170/white360/center.jpg,Colour Diam,Apparel & Accessories > Jewelry,,1,,,,unisex,,,adult,,,,,,,,,GIA,Fine Jewelry
7984,0.54 ct Very Light Pink Diamond Ring | Colour Diam | 7984,Your search for colour continues with 0.54 ct Very Light Pink Diamond Ring. The listed clarity is VS2. The supplier specifies 18K for the setting. GIA is listed as the grading laboratory. Ask to review the original report before purchase. The supplier lists a jewellery weight of 5.096 g. Quote stock 7984 for current images and availability.,in stock,new,13599559.6 KRW,https://colourdiam.com/productdetail/7984,https://colourdiam.com/Product/Jewellery/7984/white45/center.jpg,Colour Diam,Apparel & Accessories > Jewelry,,1,,,,unisex,,,adult,,,,,,,,,GIA,Fine Jewelry
8585,1.01 ct Fancy Brownish Greenish Yellow Diamond Ring | Colour Diam | 8585,1.01 ct Fancy Brownish Greenish Yellow Diamond Ring brings its own character to your selection. The listed clarity is Si2. The supplier specifies 18K for the setting. GIA is listed as the grading laboratory. Ask to review the original report before purchase. The supplier lists a jewellery weight of 3.63 g. Quote stock 8585 for current images and availability.,in stock,new,10817831.5 KRW,https://colourdiam.com/productdetail/8585,https://colourdiam.com/Product/Jewellery/8585/white45/center.jpg,Colour Diam,Apparel & Accessories > Jewelry,,1,,,,unisex,,,adult,,,,,,,,,GIA,Fine Jewelry
7983,0.61 ct Faint Pink Diamond Ring | Colour Diam | 7983,0.61 ct Faint Pink Diamond Ring: a piece to explore in detail. The listed clarity is VS2. The supplier specifies 18K for the setting. GIA is listed as the grading laboratory. Ask to review the original report before purchase. The supplier lists a jewellery weight of 3.535 g. Quote stock 7983 for current images and availability.,in stock,new,14681342.75 KRW,https://colourdiam.com/productdetail/7983,https://colourdiam.com/Product/Jewellery/7983/white360/center.jpg,Colour Diam,Apparel & Accessories > Jewelry,,1,,,,unisex,,,adult,,,,,,,,,GIA,Fine Jewelry
7699,0.72 ct Faint Pink Diamond Ring | Colour Diam | 7699,Put 0.72 ct Faint Pink Diamond Ring on your personal shortlist. The listed clarity is I1. The supplier specifies 18K for the setting. GIA is listed as the grading laboratory. Ask to review the original report before purchase. The supplier lists a jewellery weight of 3.301 g. Quote stock 7699 for current images and availability.,in stock,new,10045129.25 KRW,https://colourdiam.com/productdetail/7699,https://colourdiam.com/Product/Jewellery/7699/white45/center.jpg,Colour Diam,Apparel & Accessories > Jewelry,,1,,,,unisex,,,adult,,,,,,,,,GIA,Fine Jewelry
8844_8848,0.60 ct Diamond Earring | Colour Diam | 8844_8848,Consider 0.60 ct Diamond Earring for your next jewellery consultation. The listed clarity is SI1. The supplier specifies 18K for the setting. GIA is listed as the grading laboratory. Ask to review the original report before purchase. The supplier lists a jewellery weight of 1.096 g. Quote stock 8844_8848 for current images and availability.,in stock,new,849972.48 KRW,https://colourdiam.com/productdetail/Menu/8844/8848,https://www.colourdiam.com/Product/Jewellery/8844_8848/white45/center.jpg,Colour Diam,Apparel & Accessories > Jewelry,,1,,,,unisex,,,adult,,,,,,,,,GIA,Fine Jewelry
8838,"0.40 ct Fancy Pink Diamond Earring, Gemstone | Colour Diam | 8838","0.40 ct Fancy Pink Diamond Earring, Gemstone: a piece to explore in detail. The supplier specifies 18K for the setting. Ask our team about the available documentation. The supplier lists a jewellery weight of 11.496 g. Quote stock 8838 for current images and availability.",in stock,new,3504977.41 KRW,https://colourdiam.com/productdetail/8838,https://colourdiam.com/Product/Jewellery/8838/white45/center.jpg,Colour Diam,Apparel & Accessories > Jewelry,,1,,,,unisex,,,adult,,,,,,,,,,Fine Jewelry
6066,0.28 ct Faint Pink Diamond Ring | Colour Diam | 6066,Colour Diam presents 0.28 ct Faint Pink Diamond Ring. The listed clarity is Si1. The supplier specifies 18K for the setting. GIA is listed as the grading laboratory. Ask to review the original report before purchase. The supplier lists a jewellery weight of 5.578 g. Quote stock 6066 for current images and availability.,in stock,new,9272427 KRW,https://colourdiam.com/productdetail/6066,https://colourdiam.com/Product/Jewellery/6066/white45/center.jpg,Colour Diam,Apparel & Accessories > Jewelry,,1,,,,unisex,,,adult,,,,,,,,,GIA,Fine Jewelry
7566_7571_4668,2.90 ct Fancy Pink Diamond Earring | Colour Diam | 7566_7571_4668,Colour Diam presents 2.90 ct Fancy Pink Diamond Earring. The listed clarity is SI2. The supplier specifies 18K for the setting. AGL is listed as the grading laboratory. Ask to review the original report before purchase. The supplier lists a jewellery weight of 9.50 g. Quote stock 7566_7571_4668 for current images and availability.,in stock,new,30908090 KRW,https://colourdiam.com/productdetail/Menu/7566/7571/4668,https://www.colourdiam.com/Product/Jewellery/7566_7571_4668/white45/center.jpg,Colour Diam,Apparel & Accessories > Jewelry,,1,,,,unisex,,,adult,,,,,,,,,AGL,Fine Jewelry
5416,0.47 ct Fancy Light Bluish Green Diamond Ring | Colour Diam | 5416,Make 0.47 ct Fancy Light Bluish Green Diamond Ring the starting point of your colour story. The listed clarity is VS1. The supplier specifies 18K for the setting. GIA is listed as the grading laboratory. Ask to review the original report before purchase. The supplier lists a jewellery weight of 4.175 g. Quote stock 5416 for current images and availability.,in stock,new,7727022.5 KRW,https://colourdiam.com/productdetail/5416,https://colourdiam.com/Product/Jewellery/5416/white45/center.jpg,Colour Diam,Apparel & Accessories > Jewelry,,1,,,,unisex,,,adult,,,,,,,,,GIA,Fine Jewelry
5435,0.50 ct Fancy Light Blue Green Diamond Ring | Colour Diam | 5435,Take a closer look at 0.50 ct Fancy Light Blue Green Diamond Ring. The listed clarity is VS1. The supplier specifies 18K for the setting. GIA is listed as the grading laboratory. Ask to review the original report before purchase. The supplier lists a jewellery weight of 4.70 g. Quote stock 5435 for current images and availability.,in stock,new,7727022.5 KRW,https://colourdiam.com/productdetail/5435,https://colourdiam.com/Product/Jewellery/5435/white45/center.jpg,Colour Diam,Apparel & Accessories > Jewelry,,1,,,,unisex,,,adult,,,,,,,,,GIA,Fine Jewelry
8549_8559,3.01 ct Fancy Brownish Greenish Yellow Diamond Earring | Colour Diam | 8549_8559,3.01 ct Fancy Brownish Greenish Yellow Diamond Earring brings its own character to your selection. The listed clarity grades are VS1 / SI1. The supplier specifies 18K for the setting. GIA is listed as the grading laboratory. Ask to review the original report before purchase. The supplier lists a jewellery weight of 7.745 g. Quote stock 8549_8559 for current images and availability.,in stock,new,25499174.25 KRW,https://colourdiam.com/productdetail/Menu/8549/8559,https://www.colourdiam.com/Product/Jewellery/8549_8559/white45/center.jpg,Colour Diam,Apparel & Accessories > Jewelry,,1,,,,unisex,,,adult,,,,,,,,,GIA,Fine Jewelry
8554_7272,"1.25 ct Light Pink Diamond Ring, Ring | Colour Diam | 8554_7272","Explore the details of 1.25 ct Light Pink Diamond Ring, Ring. The listed clarity grades are SI1 / SI2. The supplier specifies 18K for the setting. GIA is listed as the grading laboratory. Ask to review the original report before purchase. The supplier lists a jewellery weight of 5.435 g. Quote stock 8554_7272 for current images and availability.",in stock,new,18544854 KRW,https://colourdiam.com/productdetail/Menu/8554/7272,https://www.colourdiam.com/Product/Jewellery/8554_7272/white45/center.jpg,Colour Diam,Apparel & Accessories > Jewelry,,1,,,,unisex,,,adult,,,,,,,,,GIA,Fine Jewelry
8665,1.07 ct Fancy Brownish Greenish Yellow Diamond Ring | Colour Diam | 8665,Explore the details of 1.07 ct Fancy Brownish Greenish Yellow Diamond Ring. The listed clarity is SI2. The supplier specifies 18K for the setting. GIA is listed as the grading laboratory. Ask to review the original report before purchase. The supplier lists a jewellery weight of 5.796 g. Quote stock 8665 for current images and availability.,in stock,new,13135938.25 KRW,https://colourdiam.com/productdetail/8665,https://colourdiam.com/Product/Jewellery/8665/white45/center.jpg,Colour Diam,Apparel & Accessories > Jewelry,,1,,,,unisex,,,adult,,,,,,,,,GIA,Fine Jewelry
9143,2.505 ct Fancy Yellow Diamond Earring | Colour Diam | 9143,Meet 2.505 ct Fancy Yellow Diamond Earring from Colour Diam. The supplier specifies 18K for the setting. AGL is listed as the grading laboratory. Ask to review the original report before purchase. The supplier lists a jewellery weight of 11.45 g. Quote stock 9143 for current images and availability.,in stock,new,11590533.75 KRW,https://colourdiam.com/productdetail/9143,https://colourdiam.com/Product/Jewellery/9143/white45/center.jpg,Colour Diam,Apparel & Accessories > Jewelry,,1,,,,unisex,,,adult,,,,,,,,,AGL,Fine Jewelry
8539,22.55 ct Ruby Earring / Pendant | Colour Diam | 8539,Put 22.55 ct Ruby Earring / Pendant on your personal shortlist. The supplier specifies 18K for the setting. Ask our team about the available documentation. The supplier lists a jewellery weight of 11.52 g. Quote stock 8539 for current images and availability.,in stock,new,,https://colourdiam.com/productdetail/8539,https://colourdiam.com/Product/Jewellery/8539/Black360/center.jpg,Colour Diam,Apparel & Accessories > Jewelry,,1,,,,unisex,,,adult,,,,,,,,,,Fine Jewelry
7152_7268,1.14 ct Very Light Pink Diamond Ring | Colour Diam | 7152_7268,Explore the details of 1.14 ct Very Light Pink Diamond Ring. The listed clarity grades are I1 / SI2. The supplier specifies 18K for the setting. GIA is listed as the grading laboratory. Ask to review the original report before purchase. The supplier lists a jewellery weight of 7.625 g. Quote stock 7152_7268 for current images and availability.,in stock,new,23181067.5 KRW,https://colourdiam.com/productdetail/Menu/7152/7268,https://colourdiam.com/Product/Jewellery/7152_7268/White360/center.jpg,Colour Diam,Apparel & Accessories > Jewelry,,1,,,,unisex,,,adult,,,,,,,,,GIA,Fine Jewelry
8555,1.00 ct Fancy Brownish Greenish Yellow Diamond Ring | Colour Diam | 8555,Take a closer look at 1.00 ct Fancy Brownish Greenish Yellow Diamond Ring. The listed clarity is VS2. The supplier specifies 18K for the setting. GIA is listed as the grading laboratory. Ask to review the original report before purchase. The supplier lists a jewellery weight of 3.238 g. Quote stock 8555 for current images and availability.,in stock,new,9272427 KRW,https://colourdiam.com/productdetail/8555,https://colourdiam.com/Product/Jewellery/8555/white45/center.jpg,Colour Diam,Apparel & Accessories > Jewelry,,1,,,,unisex,,,adult,,,,,,,,,GIA,Fine Jewelry
8898,1.63 ct Fancy Yellow Diamond Earring | Colour Diam | 8898,Consider 1.63 ct Fancy Yellow Diamond Earring for your next jewellery consultation. The listed clarity is VS. The supplier specifies 18K for the setting. Ask our team about the available documentation. The supplier lists a jewellery weight of 3.716 g. Quote stock 8898 for current images and availability.,in stock,new,1854485.4 KRW,https://colourdiam.com/productdetail/8898,https://colourdiam.com/Product/Jewellery/8898/white45/center.jpg,Colour Diam,Apparel & Accessories > Jewelry,,1,,,,unisex,,,adult,,,,,,,,,,Fine Jewelry
8179_5668,"1.71 ct Fancy Light Greenish Yellow Diamond Ring, Ring | Colour Diam | 8179_5668","Consider 1.71 ct Fancy Light Greenish Yellow Diamond Ring, Ring for your next jewellery consultation. The listed clarity is Si1. The supplier specifies 18K for the setting. GIA is listed as the grading laboratory. Ask to review the original report before purchase. The supplier lists a jewellery weight of 4.45 g. Quote stock 8179_5668 for current images and availability.",in stock,new,23181067.5 KRW,https://colourdiam.com/productdetail/Menu/8179/5668,https://www.colourdiam.com/Product/Jewellery/8179_5668/white45/center.jpg,Colour Diam,Apparel & Accessories > Jewelry,,1,,,,unisex,,,adult,,,,,,,,,GIA,Fine Jewelry
9131_9132,9.73 ct Ruby Earring / Pendant | Colour Diam | 9131_9132,Make 9.73 ct Ruby Earring / Pendant the starting point of your colour story. Ask our team about the available documentation. The supplier lists a jewellery weight of 8.92 g. Quote stock 9131_9132 for current images and availability.,in stock,new,540891.58 KRW,https://colourdiam.com/productdetail/Menu/9131/9132,https://www.colourdiam.com/Product/Jewellery/9131_9132/white45/center.jpg,Colour Diam,Apparel & Accessories > Jewelry,,1,,,,unisex,,,adult,,,,,,,,,,Fine Jewelry
9133,"Jewellery Pendant, Gemstone | Colour Diam | 9133",Make Pendant — Stock 9133 the starting point of your colour story. Contact us for confirmed stone and setting specifications before ordering. Quote stock 9133 for current images and availability.,in stock,new,540891.58 KRW,https://colourdiam.com/productdetail/9133,https://colourdiam.com/Product/Jewellery/9133/white45/center.jpg,Colour Diam,Apparel & Accessories > Jewelry,,1,,,,unisex,,,adult,,,,,,,,,,Fine Jewelry
6156,1.01 ct Diamond Ring | Colour Diam | 6156,Discover 1.01 ct Diamond Ring with Colour Diam. The listed clarity is VS1. The supplier specifies 18K for the setting. GIA is listed as the grading laboratory. Ask to review the original report before purchase. The supplier lists a jewellery weight of 2.81 g. Quote stock 6156 for current images and availability.,in stock,new,6954320.25 KRW,https://colourdiam.com/productdetail/6156,https://colourdiam.com/Product/Jewellery/6156/white45/center.jpg,Colour Diam,Apparel & Accessories > Jewelry,,1,,,,unisex,,,adult,,,,,,,,,GIA,Fine Jewelry
6665,"1.17 ct Fancy Pinkish Brown Diamond Ring, Ring | Colour Diam | 6665","Meet 1.17 ct Fancy Pinkish Brown Diamond Ring, Ring from Colour Diam. The listed clarity is Si2. The supplier specifies 18K for the setting. GIA is listed as the grading laboratory. Ask to review the original report before purchase. The supplier lists a jewellery weight of 3.01 g. Quote stock 6665 for current images and availability.",in stock,new,10045129.25 KRW,https://colourdiam.com/productdetail/6665,https://colourdiam.com/Product/Jewellery/6665/white45/center.jpg,Colour Diam,Apparel & Accessories > Jewelry,,1,,,,unisex,,,adult,,,,,,,,,GIA,Fine Jewelry
7557,"3.02 ct Light Greenish Yellow Diamond Ring, Ring | Colour Diam | 7557","Discover 3.02 ct Light Greenish Yellow Diamond Ring, Ring with Colour Diam. The listed clarity is SI1. The supplier specifies 18K for the setting. GIA is listed as the grading laboratory. Ask to review the original report before purchase. The supplier lists a jewellery weight of 8.88 g. Quote stock 7557 for current images and availability.",in stock,new,34771601.25 KRW,https://colourdiam.com/productdetail/7557,https://colourdiam.com/Product/Jewellery/7557/white45/center.jpg,Colour Diam,Apparel & Accessories > Jewelry,,1,,,,unisex,,,adult,,,,,,,,,GIA,Fine Jewelry
9148,"3.36 ct Ruby Earring, Gemstone | Colour Diam | 9148","Make 3.36 ct Ruby Earring, Gemstone the starting point of your colour story. Ask our team about the available documentation. The supplier lists a jewellery weight of 3.75 g. Quote stock 9148 for current images and availability.",in stock,new,224083.65 KRW,https://colourdiam.com/productdetail/9148,https://colourdiam.com/Product/Jewellery/9148/white45/center.jpg,Colour Diam,Apparel & Accessories > Jewelry,,1,,,,unisex,,,adult,,,,,,,,,,Fine Jewelry
5425,0.43 ct Fancy Light Greenish Blue Diamond RING | Colour Diam | 5425,Your search for colour continues with 0.43 ct Fancy Light Greenish Blue Diamond RING. The listed clarity is Vs2. The supplier specifies 18K for the setting. GIA is listed as the grading laboratory. Ask to review the original report before purchase. The supplier lists a jewellery weight of 4.27 g. Quote stock 5425 for current images and availability.,in stock,new,8499724.75 KRW,https://colourdiam.com/productdetail/5425,https://colourdiam.com/Product/Jewellery/5425/white45/center.jpg,Colour Diam,Apparel & Accessories > Jewelry,,1,,,,unisex,,,adult,,,,,,,,,GIA,Fine Jewelry
6952,0.40 ct Faint Pink Diamond Ring | Colour Diam | 6952,Make 0.40 ct Faint Pink Diamond Ring the starting point of your colour story. The listed clarity is Si2. The supplier specifies 18K for the setting. GIA is listed as the grading laboratory. Ask to review the original report before purchase. The supplier lists a jewellery weight of 4.05 g. Quote stock 6952 for current images and availability.,in stock,new,6954320.25 KRW,https://colourdiam.com/productdetail/6952,https://colourdiam.com/Product/Jewellery/6952/white45/center.jpg,Colour Diam,Apparel & Accessories > Jewelry,,1,,,,unisex,,,adult,,,,,,,,,GIA,Fine Jewelry
3605,Fancy Yellow Diamond Ring | Colour Diam | 3605,Find your next inspiration in Fancy Yellow Diamond Ring. The listed clarity is VVS. The supplier specifies 18K for the setting. AGL is listed as the grading laboratory. Ask to review the original report before purchase. The supplier lists a jewellery weight of 4.77 g. Quote stock 3605 for current images and availability.,in stock,new,6181618 KRW,https://colourdiam.com/productdetail/3605,https://colourdiam.com/Product/Jewellery/3605/white45/center.jpg,Colour Diam,Apparel & Accessories > Jewelry,,1,,,,unisex,,,adult,,,,,,,,,AGL,Fine Jewelry
8178,1.20 ct Light Green Yellow Diamond Ring | Colour Diam | 8178,Colour Diam presents 1.20 ct Light Green Yellow Diamond Ring. The listed clarity is VS1. The supplier specifies 18K for the setting. GIA is listed as the grading laboratory. Ask to review the original report before purchase. The supplier lists a jewellery weight of 3.710 g. Quote stock 8178 for current images and availability.,in stock,new,11590533.75 KRW,https://colourdiam.com/productdetail/8178,https://colourdiam.com/Product/Jewellery/8178/white45/center.jpg,Colour Diam,Apparel & Accessories > Jewelry,,1,,,,unisex,,,adult,,,,,,,,,GIA,Fine Jewelry
1980,"0.75 ct Fancy Deep Yellowish Orange Diamond Ring, Ring | Colour Diam | 1980","Discover 0.75 ct Fancy Deep Yellowish Orange Diamond Ring, Ring with Colour Diam. The listed clarity is SI2. The supplier specifies 18K for the setting. GIA is listed as the grading laboratory. Ask to review the original report before purchase. The supplier lists a jewellery weight of 2.560 g. Quote stock 1980 for current images and availability.",in stock,new,6181618 KRW,https://colourdiam.com/productdetail/1980,https://colourdiam.com/Product/Jewellery/1980/white45/center.jpg,Colour Diam,Apparel & Accessories > Jewelry,,1,,,,unisex,,,adult,,,,,,,,,GIA,Fine Jewelry
4728,0.80 ct Fancy Light Green Diamond Ring | Colour Diam | 4728,0.80 ct Fancy Light Green Diamond Ring: a piece to explore in detail. The listed clarity is VVS2. The supplier specifies 18K for the setting. GIA is listed as the grading laboratory. Ask to review the original report before purchase. The supplier lists a jewellery weight of 4.34 g. Quote stock 4728 for current images and availability.,in stock,new,8499724.75 KRW,https://colourdiam.com/productdetail/4728,https://colourdiam.com/Product/Jewellery/4728/white45/center.jpg,Colour Diam,Apparel & Accessories > Jewelry,,1,,,,unisex,,,adult,,,,,,,,,GIA,Fine Jewelry
9156,0.44 ct Sapphire Earring | Colour Diam | 9156,0.44 ct Sapphire Earring: a piece to explore in detail. The supplier specifies 18K for the setting. Ask our team about the available documentation. The supplier lists a jewellery weight of 5.782 g. Quote stock 9156 for current images and availability.,in stock,new,2781728.1 KRW,https://colourdiam.com/productdetail/9156,https://colourdiam.com/Product/Jewellery/9156/white45/center.jpg,Colour Diam,Apparel & Accessories > Jewelry,,1,,,,unisex,,,adult,,,,,,,,,,Fine Jewelry
9026_9024,0.60 ct Diamond Earring | Colour Diam | 9026_9024,Explore the details of 0.60 ct Diamond Earring. The listed clarity is SI1. The supplier specifies 18K for the setting. IGI is listed as the grading laboratory. Ask to review the original report before purchase. The supplier lists a jewellery weight of 1.067 g. Quote stock 9026_9024 for current images and availability.,in stock,new,849972.48 KRW,https://colourdiam.com/productdetail/Menu/9026/9024,https://colourdiam.com/Product/Jewellery/9026_9024/white360/center.jpg,Colour Diam,Apparel & Accessories > Jewelry,,1,,,,unisex,,,adult,,,,,,,,,IGI,Fine Jewelry
9028_9121,0.60 ct Diamond Earring | Colour Diam | 9028_9121,Explore the details of 0.60 ct Diamond Earring. The listed clarity is SI1. The supplier specifies 18K for the setting. IGI is listed as the grading laboratory. Ask to review the original report before purchase. The supplier lists a jewellery weight of 1.061 g. Quote stock 9028_9121 for current images and availability.,in stock,new,849972.48 KRW,https://colourdiam.com/productdetail/Menu/9028/9121,https://colourdiam.com/Product/Jewellery/9028_9121/white45/center.jpg,Colour Diam,Apparel & Accessories > Jewelry,,1,,,,unisex,,,adult,,,,,,,,,IGI,Fine Jewelry
9029_9056,0.60 ct Diamond Earring | Colour Diam | 9029_9056,0.60 ct Diamond Earring: a piece to explore in detail. The listed clarity is SI1. The supplier specifies 18K for the setting. IGI is listed as the grading laboratory. Ask to review the original report before purchase. The supplier lists a jewellery weight of 1.069 g. Quote stock 9029_9056 for current images and availability.,in stock,new,849972.48 KRW,https://colourdiam.com/productdetail/Menu/9029/9056,https://colourdiam.com/Product/Jewellery/9029_9056/white360/center.jpg,Colour Diam,Apparel & Accessories > Jewelry,,1,,,,unisex,,,adult,,,,,,,,,IGI,Fine Jewelry
9030_9048,0.60 ct Diamond Earring | Colour Diam | 9030_9048,0.60 ct Diamond Earring brings its own character to your selection. The listed clarity is SI1. The supplier specifies 18K for the setting. IGI is listed as the grading laboratory. Ask to review the original report before purchase. The supplier lists a jewellery weight of 1.114 g. Quote stock 9030_9048 for current images and availability.,in stock,new,849972.48 KRW,https://colourdiam.com/productdetail/Menu/9030/9048,https://colourdiam.com/Product/Jewellery/9030_9048/white45/center.jpg,Colour Diam,Apparel & Accessories > Jewelry,,1,,,,unisex,,,adult,,,,,,,,,IGI,Fine Jewelry
9031_9071,0.60 ct Diamond Earring | Colour Diam | 9031_9071,Meet 0.60 ct Diamond Earring from Colour Diam. The listed clarity is SI1. The supplier specifies 18K for the setting. IGI is listed as the grading laboratory. Ask to review the original report before purchase. The supplier lists a jewellery weight of 1.034 g. Quote stock 9031_9071 for current images and availability.,in stock,new,849972.48 KRW,https://colourdiam.com/productdetail/Menu/9031/9071,https://www.colourdiam.com/Product/Jewellery/9031_9071/white45/center.jpg,Colour Diam,Apparel & Accessories > Jewelry,,1,,,,unisex,,,adult,,,,,,,,,IGI,Fine Jewelry
9032_9087,0.60 ct Diamond Earring | Colour Diam | 9032_9087,Put 0.60 ct Diamond Earring on your personal shortlist. The listed clarity is SI1. The supplier specifies 18K for the setting. IGI is listed as the grading laboratory. Ask to review the original report before purchase. The supplier lists a jewellery weight of 1.027 g. Quote stock 9032_9087 for current images and availability.,in stock,new,849972.48 KRW,https://colourdiam.com/productdetail/Menu/9032/9087,https://colourdiam.com/Product/Jewellery/9032_9087/white360/center.jpg,Colour Diam,Apparel & Accessories > Jewelry,,1,,,,unisex,,,adult,,,,,,,,,IGI,Fine Jewelry
9034_9120,0.60 ct Diamond Earring | Colour Diam | 9034_9120,0.60 ct Diamond Earring: a piece to explore in detail. The listed clarity is SI1. The supplier specifies 18K for the setting. IGI is listed as the grading laboratory. Ask to review the original report before purchase. The supplier lists a jewellery weight of 1.036 g. Quote stock 9034_9120 for current images and availability.,in stock,new,849972.48 KRW,https://colourdiam.com/productdetail/Menu/9034/9120,https://colourdiam.com/Product/Jewellery/9034_9120/white360/center.jpg,Colour Diam,Apparel & Accessories > Jewelry,,1,,,,unisex,,,adult,,,,,,,,,IGI,Fine Jewelry
9037_9055,0.60 ct Diamond Earring | Colour Diam | 9037_9055,Put 0.60 ct Diamond Earring on your personal shortlist. The listed clarity is SI1. The supplier specifies 18K for the setting. IGI is listed as the grading laboratory. Ask to review the original report before purchase. The supplier lists a jewellery weight of 1.029 g. Quote stock 9037_9055 for current images and availability.,in stock,new,849972.48 KRW,https://colourdiam.com/productdetail/Menu/9037/9055,https://colourdiam.com/Product/Jewellery/9037_9055/white360/center.jpg,Colour Diam,Apparel & Accessories > Jewelry,,1,,,,unisex,,,adult,,,,,,,,,IGI,Fine Jewelry
9040_9089,0.60 ct Diamond Earring | Colour Diam | 9040_9089,Find your next inspiration in 0.60 ct Diamond Earring. The listed clarity is SI1. The supplier specifies 18K for the setting. IGI is listed as the grading laboratory. Ask to review the original report before purchase. The supplier lists a jewellery weight of 1.102 g. Quote stock 9040_9089 for current images and availability.,in stock,new,849972.48 KRW,https://colourdiam.com/productdetail/Menu/9040/9089,https://colourdiam.com/Product/Jewellery/9040_9089/white360/center.jpg,Colour Diam,Apparel & Accessories > Jewelry,,1,,,,unisex,,,adult,,,,,,,,,IGI,Fine Jewelry
9041_9067,0.60 ct Diamond Earring | Colour Diam | 9041_9067,Meet 0.60 ct Diamond Earring from Colour Diam. The listed clarity is SI1. The supplier specifies 18K for the setting. IGI is listed as the grading laboratory. Ask to review the original report before purchase. The supplier lists a jewellery weight of 1.087 g. Quote stock 9041_9067 for current images and availability.,in stock,new,849972.48 KRW,https://colourdiam.com/productdetail/Menu/9041/9067,https://colourdiam.com/Product/Jewellery/9041_9067/white45/center.jpg,Colour Diam,Apparel & Accessories > Jewelry,,1,,,,unisex,,,adult,,,,,,,,,IGI,Fine Jewelry
9042_9075,0.60 ct Diamond Earring | Colour Diam | 9042_9075,Meet 0.60 ct Diamond Earring from Colour Diam. The listed clarity is SI1. The supplier specifies 18K for the setting. IGI is listed as the grading laboratory. Ask to review the original report before purchase. The supplier lists a jewellery weight of 1.068 g. Quote stock 9042_9075 for current images and availability.,in stock,new,849972.48 KRW,https://colourdiam.com/productdetail/Menu/9042/9075,https://www.colourdiam.com/Product/Jewellery/9042_9075/white45/center.jpg,Colour Diam,Apparel & Accessories > Jewelry,,1,,,,unisex,,,adult,,,,,,,,,IGI,Fine Jewelry
9044_9049,0.60 ct Diamond Earring | Colour Diam | 9044_9049,Find your next inspiration in 0.60 ct Diamond Earring. The listed clarity is SI1. The supplier specifies 18K for the setting. IGI is listed as the grading laboratory. Ask to review the original report before purchase. The supplier lists a jewellery weight of 1.020 g. Quote stock 9044_9049 for current images and availability.,in stock,new,849972.48 KRW,https://colourdiam.com/productdetail/Menu/9044/9049,https://colourdiam.com/Product/Jewellery/9044_9049/white360/center.jpg,Colour Diam,Apparel & Accessories > Jewelry,,1,,,,unisex,,,adult,,,,,,,,,IGI,Fine Jewelry
9045_9061,0.60 ct Diamond Earring | Colour Diam | 9045_9061,0.60 ct Diamond Earring: a piece to explore in detail. The listed clarity is SI1. The supplier specifies 18K for the setting. IGI is listed as the grading laboratory. Ask to review the original report before purchase. The supplier lists a jewellery weight of 1.104 g. Quote stock 9045_9061 for current images and availability.,in stock,new,849972.48 KRW,https://colourdiam.com/productdetail/Menu/9045/9061,https://colourdiam.com/Product/Jewellery/9045_9061/white360/center.jpg,Colour Diam,Apparel & Accessories > Jewelry,,1,,,,unisex,,,adult,,,,,,,,,IGI,Fine Jewelry
9046_9107,0.60 ct Diamond Earring | Colour Diam | 9046_9107,Take a closer look at 0.60 ct Diamond Earring. The listed clarity is SI1. The supplier specifies 18K for the setting. IGI is listed as the grading laboratory. Ask to review the original report before purchase. The supplier lists a jewellery weight of 1.015 g. Quote stock 9046_9107 for current images and availability.,in stock,new,849972.48 KRW,https://colourdiam.com/productdetail/Menu/9046/9107,https://colourdiam.com/Product/Jewellery/9046_9107/white360/center.jpg,Colour Diam,Apparel & Accessories > Jewelry,,1,,,,unisex,,,adult,,,,,,,,,IGI,Fine Jewelry
9047_9108,0.60 ct Diamond Earring | Colour Diam | 9047_9108,Explore the details of 0.60 ct Diamond Earring. The listed clarity is SI1. The supplier specifies 18K for the setting. IGI is listed as the grading laboratory. Ask to review the original report before purchase. The supplier lists a jewellery weight of 1.067 g. Quote stock 9047_9108 for current images and availability.,in stock,new,849972.48 KRW,https://colourdiam.com/productdetail/Menu/9047/9108,https://colourdiam.com/Product/Jewellery/9047_9108/white45/center.jpg,Colour Diam,Apparel & Accessories > Jewelry,,1,,,,unisex,,,adult,,,,,,,,,IGI,Fine Jewelry
9050_9127,0.60 ct Diamond Earring | Colour Diam | 9050_9127,0.60 ct Diamond Earring brings its own character to your selection. The listed clarity is SI1. The supplier specifies 18K for the setting. IGI is listed as the grading laboratory. Ask to review the original report before purchase. The supplier lists a jewellery weight of 1.089 g. Quote stock 9050_9127 for current images and availability.,in stock,new,849972.48 KRW,https://colourdiam.com/productdetail/Menu/9050/9127,https://www.colourdiam.com/Product/Jewellery/9050_9127/white45/center.jpg,Colour Diam,Apparel & Accessories > Jewelry,,1,,,,unisex,,,adult,,,,,,,,,IGI,Fine Jewelry
9060_9077,0.60 ct Diamond Earring | Colour Diam | 9060_9077,Explore the details of 0.60 ct Diamond Earring. The listed clarity is SI1. The supplier specifies 18K for the setting. IGI is listed as the grading laboratory. Ask to review the original report before purchase. The supplier lists a jewellery weight of 1.037 g. Quote stock 9060_9077 for current images and availability.,in stock,new,849972.48 KRW,https://colourdiam.com/productdetail/Menu/9060/9077,https://www.colourdiam.com/Product/Jewellery/9060_9077/white45/center.jpg,Colour Diam,Apparel & Accessories > Jewelry,,1,,,,unisex,,,adult,,,,,,,,,IGI,Fine Jewelry
9062_9078,0.60 ct Diamond Earring | Colour Diam | 9062_9078,Discover 0.60 ct Diamond Earring with Colour Diam. The listed clarity is SI1. The supplier specifies 18K for the setting. IGI is listed as the grading laboratory. Ask to review the original report before purchase. The supplier lists a jewellery weight of 1.023 g. Quote stock 9062_9078 for current images and availability.,in stock,new,849972.48 KRW,https://colourdiam.com/productdetail/Menu/9062/9078,https://colourdiam.com/Product/Jewellery/9062_9078/white360/center.jpg,Colour Diam,Apparel & Accessories > Jewelry,,1,,,,unisex,,,adult,,,,,,,,,IGI,Fine Jewelry
9063_9074,0.60 ct Diamond Earring | Colour Diam | 9063_9074,Consider 0.60 ct Diamond Earring for your next jewellery consultation. The listed clarity is SI1. The supplier specifies 18K for the setting. IGI is listed as the grading laboratory. Ask to review the original report before purchase. The supplier lists a jewellery weight of 1.101 g. Quote stock 9063_9074 for current images and availability.,in stock,new,849972.48 KRW,https://colourdiam.com/productdetail/Menu/9063/9074,https://colourdiam.com/Product/Jewellery/9063_9074/white360/center.jpg,Colour Diam,Apparel & Accessories > Jewelry,,1,,,,unisex,,,adult,,,,,,,,,IGI,Fine Jewelry
9064_9103,0.60 ct Diamond Earring | Colour Diam | 9064_9103,0.60 ct Diamond Earring: a piece to explore in detail. The listed clarity is SI1. The supplier specifies 18K for the setting. IGI is listed as the grading laboratory. Ask to review the original report before purchase. The supplier lists a jewellery weight of 1.027 g. Quote stock 9064_9103 for current images and availability.,in stock,new,77270.23 KRW,https://colourdiam.com/productdetail/Menu/9064/9103,https://www.colourdiam.com/Product/Jewellery/9064_9103/white45/center.jpg,Colour Diam,Apparel & Accessories > Jewelry,,1,,,,unisex,,,adult,,,,,,,,,IGI,Fine Jewelry
9065_9113,0.60 ct Diamond Earring | Colour Diam | 9065_9113,Meet 0.60 ct Diamond Earring from Colour Diam. The listed clarity is SI1. The supplier specifies 18K for the setting. IGI is listed as the grading laboratory. Ask to review the original report before purchase. The supplier lists a jewellery weight of 1.106 g. Quote stock 9065_9113 for current images and availability.,in stock,new,849972.48 KRW,https://colourdiam.com/productdetail/Menu/9065/9113,https://colourdiam.com/Product/Jewellery/9065_9113/white45/center.jpg,Colour Diam,Apparel & Accessories > Jewelry,,1,,,,unisex,,,adult,,,,,,,,,IGI,Fine Jewelry
9066_9124,0.60 ct Diamond Earring | Colour Diam | 9066_9124,0.60 ct Diamond Earring brings its own character to your selection. The listed clarity is SI1. The supplier specifies 18K for the setting. IGI is listed as the grading laboratory. Ask to review the original report before purchase. The supplier lists a jewellery weight of 1.064 g. Quote stock 9066_9124 for current images and availability.,in stock,new,849972.48 KRW,https://colourdiam.com/productdetail/Menu/9066/9124,https://colourdiam.com/Product/Jewellery/9066_9124/white360/center.jpg,Colour Diam,Apparel & Accessories > Jewelry,,1,,,,unisex,,,adult,,,,,,,,,IGI,Fine Jewelry
9068_9102,0.60 ct Diamond Earring | Colour Diam | 9068_9102,Discover 0.60 ct Diamond Earring with Colour Diam. The listed clarity is SI1. The supplier specifies 18K for the setting. IGI is listed as the grading laboratory. Ask to review the original report before purchase. The supplier lists a jewellery weight of 1.037 g. Quote stock 9068_9102 for current images and availability.,in stock,new,849972.48 KRW,https://colourdiam.com/productdetail/Menu/9068/9102,https://colourdiam.com/Product/Jewellery/9068_9102/white360/center.jpg,Colour Diam,Apparel & Accessories > Jewelry,,1,,,,unisex,,,adult,,,,,,,,,IGI,Fine Jewelry
9069_9079,0.60 ct Diamond Earring | Colour Diam | 9069_9079,0.60 ct Diamond Earring brings its own character to your selection. The listed clarity is SI1. The supplier specifies 18K for the setting. IGI is listed as the grading laboratory. Ask to review the original report before purchase. The supplier lists a jewellery weight of 1.019 g. Quote stock 9069_9079 for current images and availability.,in stock,new,849972.48 KRW,https://colourdiam.com/productdetail/Menu/9069/9079,https://colourdiam.com/Product/Jewellery/9069_9079/white360/center.jpg,Colour Diam,Apparel & Accessories > Jewelry,,1,,,,unisex,,,adult,,,,,,,,,IGI,Fine Jewelry
9072_9100,0.60 ct Diamond Earring | Colour Diam | 9072_9100,Take a closer look at 0.60 ct Diamond Earring. The listed clarity is SI1. The supplier specifies 18K for the setting. IGI is listed as the grading laboratory. Ask to review the original report before purchase. The supplier lists a jewellery weight of 1.095 g. Quote stock 9072_9100 for current images and availability.,in stock,new,849972.48 KRW,https://colourdiam.com/productdetail/Menu/9072/9100,https://colourdiam.com/Product/Jewellery/9072_9100/white45/center.jpg,Colour Diam,Apparel & Accessories > Jewelry,,1,,,,unisex,,,adult,,,,,,,,,IGI,Fine Jewelry
9088_9118,0.60 ct Diamond Earring | Colour Diam | 9088_9118,Consider 0.60 ct Diamond Earring for your next jewellery consultation. The listed clarity is SI1. The supplier specifies 18K for the setting. IGI is listed as the grading laboratory. Ask to review the original report before purchase. The supplier lists a jewellery weight of 1.028 g. Quote stock 9088_9118 for current images and availability.,in stock,new,849972.48 KRW,https://colourdiam.com/productdetail/Menu/9088/9118,https://colourdiam.com/Product/Jewellery/9088_9118/white360/center.jpg,Colour Diam,Apparel & Accessories > Jewelry,,1,,,,unisex,,,adult,,,,,,,,,IGI,Fine Jewelry
9092_9110,0.60 ct Diamond Earring | Colour Diam | 9092_9110,0.60 ct Diamond Earring brings its own character to your selection. The listed clarity is SI1. The supplier specifies 18K for the setting. IGI is listed as the grading laboratory. Ask to review the original report before purchase. The supplier lists a jewellery weight of 1.055 g. Quote stock 9092_9110 for current images and availability.,in stock,new,849972.48 KRW,https://colourdiam.com/productdetail/Menu/9092/9110,https://www.colourdiam.com/Product/Jewellery/9092_9110/white45/center.jpg,Colour Diam,Apparel & Accessories > Jewelry,,1,,,,unisex,,,adult,,,,,,,,,IGI,Fine Jewelry
9104_9033,0.60 ct Diamond Earring | Colour Diam | 9104_9033,Your search for colour continues with 0.60 ct Diamond Earring. The listed clarity is SI1. The supplier specifies 18K for the setting. IGI is listed as the grading laboratory. Ask to review the original report before purchase. The supplier lists a jewellery weight of 1.027 g. Quote stock 9104_9033 for current images and availability.,in stock,new,849972.48 KRW,https://colourdiam.com/productdetail/Menu/9104/9033,https://colourdiam.com/Product/Jewellery/9104_9033/white360/center.jpg,Colour Diam,Apparel & Accessories > Jewelry,,1,,,,unisex,,,adult,,,,,,,,,IGI,Fine Jewelry
9106_9128,0.60 ct Diamond Earring | Colour Diam | 9106_9128,Meet 0.60 ct Diamond Earring from Colour Diam. The listed clarity is SI1. The supplier specifies 18K for the setting. IGI is listed as the grading laboratory. Ask to review the original report before purchase. The supplier lists a jewellery weight of 1.072 g. Quote stock 9106_9128 for current images and availability.,in stock,new,849972.48 KRW,https://colourdiam.com/productdetail/Menu/9106/9128,https://colourdiam.com/Product/Jewellery/9106_9128/white360/center.jpg,Colour Diam,Apparel & Accessories > Jewelry,,1,,,,unisex,,,adult,,,,,,,,,IGI,Fine Jewelry
9116_9123,0.60 ct Diamond Earring | Colour Diam | 9116_9123,Put 0.60 ct Diamond Earring on your personal shortlist. The listed clarity is SI1. The supplier specifies 18K for the setting. IGI is listed as the grading laboratory. Ask to review the original report before purchase. The supplier lists a jewellery weight of 1.024 g. Quote stock 9116_9123 for current images and availability.,in stock,new,849972.48 KRW,https://colourdiam.com/productdetail/Menu/9116/9123,https://colourdiam.com/Product/Jewellery/9116_9123/white360/center.jpg,Colour Diam,Apparel & Accessories > Jewelry,,1,,,,unisex,,,adult,,,,,,,,,IGI,Fine Jewelry
9025_9027,0.60 ct Diamond Earring | Colour Diam | 9025_9027,0.60 ct Diamond Earring: a piece to explore in detail. The listed clarity is SI1. The supplier specifies 18K for the setting. IGI is listed as the grading laboratory. Ask to review the original report before purchase. The supplier lists a jewellery weight of 1.070 g. Quote stock 9025_9027 for current images and availability.,in stock,new,849972.48 KRW,https://colourdiam.com/productdetail/Menu/9025/9027,https://www.colourdiam.com/Product/Jewellery/9025_9027/white45/center.jpg,Colour Diam,Apparel & Accessories > Jewelry,,1,,,,unisex,,,adult,,,,,,,,,IGI,Fine Jewelry
9035_9109,0.60 ct Diamond Earring | Colour Diam | 9035_9109,Meet 0.60 ct Diamond Earring from Colour Diam. The listed clarity is SI1. The supplier specifies 18K for the setting. IGI is listed as the grading laboratory. Ask to review the original report before purchase. The supplier lists a jewellery weight of 1.019 g. Quote stock 9035_9109 for current images and availability.,in stock,new,849972.48 KRW,https://colourdiam.com/productdetail/Menu/9035/9109,https://colourdiam.com/Product/Jewellery/9035_9109/white360/center.jpg,Colour Diam,Apparel & Accessories > Jewelry,,1,,,,unisex,,,adult,,,,,,,,,IGI,Fine Jewelry
9036_9119,0.60 ct Diamond Earring | Colour Diam | 9036_9119,Explore the details of 0.60 ct Diamond Earring. The listed clarity is SI1. The supplier specifies 18K for the setting. IGI is listed as the grading laboratory. Ask to review the original report before purchase. The supplier lists a jewellery weight of 1.039 g. Quote stock 9036_9119 for current images and availability.,in stock,new,849972.48 KRW,https://colourdiam.com/productdetail/Menu/9036/9119,https://colourdiam.com/Product/Jewellery/9036_9119/white360/center.jpg,Colour Diam,Apparel & Accessories > Jewelry,,1,,,,unisex,,,adult,,,,,,,,,IGI,Fine Jewelry
9039_9043,0.60 ct Diamond Earring | Colour Diam | 9039_9043,Discover 0.60 ct Diamond Earring with Colour Diam. The listed clarity is SI1. The supplier specifies 18K for the setting. IGI is listed as the grading laboratory. Ask to review the original report before purchase. The supplier lists a jewellery weight of 1.012 g. Quote stock 9039_9043 for current images and availability.,in stock,new,849972.48 KRW,https://colourdiam.com/productdetail/Menu/9039/9043,https://www.colourdiam.com/Product/Jewellery/9039_9043/white45/center.jpg,Colour Diam,Apparel & Accessories > Jewelry,,1,,,,unisex,,,adult,,,,,,,,,IGI,Fine Jewelry
5424_8731,0.55 ct Faint Blue Diamond Ring | Colour Diam | 5424_8731,Put 0.55 ct Faint Blue Diamond Ring on your personal shortlist. The listed clarity is Vs1. The supplier specifies 18K for the setting. GIA is listed as the grading laboratory. Ask to review the original report before purchase. The supplier lists a jewellery weight of 4.186 g. Quote stock 5424_8731 for current images and availability.,in stock,new,8499724.75 KRW,https://colourdiam.com/productdetail/Menu/5424/8731,https://www.colourdiam.com/Product/Jewellery/5424_8731/white45/center.jpg,Colour Diam,Apparel & Accessories > Jewelry,,1,,,,unisex,,,adult,,,,,,,,,GIA,Fine Jewelry
9150,2.04 ct Diamond Ring | Colour Diam | 9150,Consider 2.04 ct Diamond Ring for your next jewellery consultation. The listed clarity is VS2. The supplier specifies 18K for the setting. IGI is listed as the grading laboratory. Ask to review the original report before purchase. The supplier lists a jewellery weight of 2.900 g. Quote stock 9150 for current images and availability.,in stock,new,1545404.5 KRW,https://colourdiam.com/productdetail/9150,https://colourdiam.com/Product/Jewellery/9150/white45/center.jpg,Colour Diam,Apparel & Accessories > Jewelry,,1,,,,unisex,,,adult,,,,,,,,,IGI,Fine Jewelry
8553,"1.24 ct Fancy Brownish Greenish Yellow Diamond Ring, Ring | Colour Diam | 8553","Consider 1.24 ct Fancy Brownish Greenish Yellow Diamond Ring, Ring for your next jewellery consultation. The listed clarity is VS2. The supplier specifies 18K for the setting. GIA is listed as the grading laboratory. Ask to review the original report before purchase. The supplier lists a jewellery weight of 3.477 g. Quote stock 8553 for current images and availability.",in stock,new,9272427 KRW,https://colourdiam.com/productdetail/8553,https://colourdiam.com/Product/Jewellery/8553/white45/center.jpg,Colour Diam,Apparel & Accessories > Jewelry,,1,,,,unisex,,,adult,,,,,,,,,GIA,Fine Jewelry
9176,0.10 ct Fancy Pink Diamond Pendant | Colour Diam | 9176,Meet 0.10 ct Fancy Pink Diamond Pendant from Colour Diam. The listed clarity is VS. The supplier specifies 18K for the setting. Ask our team about the available documentation. The supplier lists a jewellery weight of 1.261 g. Quote stock 9176 for current images and availability.,in stock,new,3863511.25 KRW,https://colourdiam.com/productdetail/9176,https://colourdiam.com/Product/Jewellery/9176/white360/center.jpg,Colour Diam,Apparel & Accessories > Jewelry,,1,,,,unisex,,,adult,,,,,,,,,,Fine Jewelry
5754_6998,2.60 ct Fancy Yellow Diamond Earring | Colour Diam | 5754_6998,Discover 2.60 ct Fancy Yellow Diamond Earring with Colour Diam. The listed clarity is SI2. The supplier specifies 18K for the setting. GIA is listed as the grading laboratory. Ask to review the original report before purchase. The supplier lists a jewellery weight of 9.780 g. Quote stock 5754_6998 for current images and availability.,in stock,new,27817281 KRW,https://colourdiam.com/productdetail/Menu/5754/6998,https://www.colourdiam.com/Product/Jewellery/5754_6998/white45/center.jpg,Colour Diam,Apparel & Accessories > Jewelry,,1,,,,unisex,,,adult,,,,,,,,,GIA,Fine Jewelry
8716,0.66 ct Light Yellow Green Diamond Ring | Colour Diam | 8716,Make 0.66 ct Light Yellow Green Diamond Ring the starting point of your colour story. The listed clarity is SI1. The supplier specifies 18K for the setting. GIA is listed as the grading laboratory. Ask to review the original report before purchase. The supplier lists a jewellery weight of 5.324 g. Quote stock 8716 for current images and availability.,in stock,new,12363236 KRW,https://colourdiam.com/productdetail/8716,https://colourdiam.com/Product/Jewellery/8716/white45/center.jpg,Colour Diam,Apparel & Accessories > Jewelry,,1,,,,unisex,,,adult,,,,,,,,,GIA,Fine Jewelry
5478,"2.01 ct Fancy Light Brownish Yellow Diamond Ring, Ring | Colour Diam | 5478","Discover 2.01 ct Fancy Light Brownish Yellow Diamond Ring, Ring with Colour Diam. The listed clarity is I1. The supplier specifies 18K for the setting. GIA is listed as the grading laboratory. Ask to review the original report before purchase. The supplier lists a jewellery weight of 6.533 g. Quote stock 5478 for current images and availability.",in stock,new,12363236 KRW,https://colourdiam.com/productdetail/5478,https://colourdiam.com/Product/Jewellery/5478/white45/center.jpg,Colour Diam,Apparel & Accessories > Jewelry,,1,,,,unisex,,,adult,,,,,,,,,GIA,Fine Jewelry
8556,"1.35 ct Fancy Light Brownish Greenish Yellow Diamond Ring, Ring | Colour Diam | 8556","Colour Diam presents 1.35 ct Fancy Light Brownish Greenish Yellow Diamond Ring, Ring. The listed clarity is Vs2. The supplier specifies 18K for the setting. GIA is listed as the grading laboratory. Ask to review the original report before purchase. The supplier lists a jewellery weight of 6.23 g. Quote stock 8556 for current images and availability.",in stock,new,13908640.5 KRW,https://colourdiam.com/productdetail/8556,https://colourdiam.com/Product/Jewellery/8556/white45/center.jpg,Colour Diam,Apparel & Accessories > Jewelry,,1,,,,unisex,,,adult,,,,,,,,,GIA,Fine Jewelry
7476,2.00 ct Fancy Brownish Yellow Diamond Ring | Colour Diam | 7476,Discover 2.00 ct Fancy Brownish Yellow Diamond Ring with Colour Diam. The listed clarity is SI1. The supplier specifies 18K for the setting. GIA is listed as the grading laboratory. Ask to review the original report before purchase. The supplier lists a jewellery weight of 4.095 g. Quote stock 7476 for current images and availability.,in stock,new,13135938.25 KRW,https://colourdiam.com/productdetail/7476,https://colourdiam.com/Product/Jewellery/7476/white45/center.jpg,Colour Diam,Apparel & Accessories > Jewelry,,1,,,,unisex,,,adult,,,,,,,,,GIA,Fine Jewelry
7070,1.01 ct Fancy Green Diamond Ring | Colour Diam | 7070,1.01 ct Fancy Green Diamond Ring brings its own character to your selection. The listed clarity is SI. The supplier specifies 18K for the setting. AGL is listed as the grading laboratory. Ask to review the original report before purchase. The supplier lists a jewellery weight of 5.037 g. Quote stock 7070 for current images and availability.,in stock,new,7727022.5 KRW,https://colourdiam.com/productdetail/7070,https://colourdiam.com/Product/Jewellery/7070/white45/center.jpg,Colour Diam,Apparel & Accessories > Jewelry,,1,,,,unisex,,,adult,,,,,,,,,AGL,Fine Jewelry
6325,1.01 ct Diamond Ring | Colour Diam | 6325,Make 1.01 ct Diamond Ring the starting point of your colour story. The listed clarity is SI2. The supplier specifies 18K for the setting. HRD is listed as the grading laboratory. Ask to review the original report before purchase. The supplier lists a jewellery weight of 2.440 g. Quote stock 6325 for current images and availability.,in stock,new,6181618 KRW,https://colourdiam.com/productdetail/6325,https://colourdiam.com/Product/Jewellery/6325/white45/center.jpg,Colour Diam,Apparel & Accessories > Jewelry,,1,,,,unisex,,,adult,,,,,,,,,HRD,Fine Jewelry
3485,1.71 ct Fancy Green Diamond Ring | Colour Diam | 3485,1.71 ct Fancy Green Diamond Ring brings its own character to your selection. The listed clarity is VS. The supplier specifies 18K for the setting. AGL is listed as the grading laboratory. Ask to review the original report before purchase. The supplier lists a jewellery weight of 3.623 g. Quote stock 3485 for current images and availability.,in stock,new,13135938.25 KRW,https://colourdiam.com/productdetail/3485,https://colourdiam.com/Product/Jewellery/3485/white45/center.jpg,Colour Diam,Apparel & Accessories > Jewelry,,1,,,,unisex,,,adult,,,,,,,,,AGL,Fine Jewelry
8552,"1.20 ct Fancy Brownish Greenish Yellow Diamond Ring, Ring | Colour Diam | 8552","1.20 ct Fancy Brownish Greenish Yellow Diamond Ring, Ring brings its own character to your selection. The listed clarity is SI2. The supplier specifies 18K for the setting. GIA is listed as the grading laboratory. Ask to review the original report before purchase. The supplier lists a jewellery weight of 2.867 g. Quote stock 8552 for current images and availability.",in stock,new,12363236 KRW,https://colourdiam.com/productdetail/8552,https://colourdiam.com/Product/Jewellery/8552/white45/center.jpg,Colour Diam,Apparel & Accessories > Jewelry,,1,,,,unisex,,,adult,,,,,,,,,GIA,Fine Jewelry
8584,1.04 ct Faint Green Diamond Ring | Colour Diam | 8584,Explore the details of 1.04 ct Faint Green Diamond Ring. The listed clarity is I2. The supplier specifies 18K for the setting. GIA is listed as the grading laboratory. Ask to review the original report before purchase. The supplier lists a jewellery weight of 4.908 g. Quote stock 8584 for current images and availability.,in stock,new,10045129.25 KRW,https://colourdiam.com/productdetail/8584,https://colourdiam.com/Product/Jewellery/8584/white45/center.jpg,Colour Diam,Apparel & Accessories > Jewelry,,1,,,,unisex,,,adult,,,,,,,,,GIA,Fine Jewelry
8673,0.43 ct Faint Pink Diamond Ring | Colour Diam | 8673,Colour Diam presents 0.43 ct Faint Pink Diamond Ring. The listed clarity is VS1. The supplier specifies 18K for the setting. GIA is listed as the grading laboratory. Ask to review the original report before purchase. The supplier lists a jewellery weight of 3.223 g. Quote stock 8673 for current images and availability.,in stock,new,10045129.25 KRW,https://colourdiam.com/productdetail/8673,https://colourdiam.com/Product/Jewellery/8673/white45/center.jpg,Colour Diam,Apparel & Accessories > Jewelry,,1,,,,unisex,,,adult,,,,,,,,,GIA,Fine Jewelry
8821_8769,"2.05 ct Light Yellow Green Diamond Ring, Ring | Colour Diam | 8821_8769","Your search for colour continues with 2.05 ct Light Yellow Green Diamond Ring, Ring. The listed clarity grades are VS2 / SI2. The supplier specifies 18K for the setting. GIA is listed as the grading laboratory. Ask to review the original report before purchase. The supplier lists a jewellery weight of 4.655 g. Quote stock 8821_8769 for current images and availability.",in stock,new,18544854 KRW,https://colourdiam.com/productdetail/Menu/8821/8769,https://www.colourdiam.com/Product/Jewellery/8821_8769/white45/center.jpg,Colour Diam,Apparel & Accessories > Jewelry,,1,,,,unisex,,,adult,,,,,,,,,GIA,Fine Jewelry
8738_8534,"2.06 ct Faint Green Diamond Ring, Ring | Colour Diam | 8738_8534","Explore the details of 2.06 ct Faint Green Diamond Ring, Ring. The listed clarity grades are VS2 / VS1. The supplier specifies 18K for the setting. GIA is listed as the grading laboratory. Ask to review the original report before purchase. The supplier lists a jewellery weight of 5.179 g. Quote stock 8738_8534 for current images and availability.",in stock,new,38635112.5 KRW,https://colourdiam.com/productdetail/Menu/8738/8534,https://www.colourdiam.com/Product/Jewellery/8738_8534/white45/center.jpg,Colour Diam,Apparel & Accessories > Jewelry,,1,,,,unisex,,,adult,,,,,,,,,GIA,Fine Jewelry
8558,"1.03 ct Fancy Brownish Greenish Yellow Diamond Ring, Ring | Colour Diam | 8558","Find your next inspiration in 1.03 ct Fancy Brownish Greenish Yellow Diamond Ring, Ring. The listed clarity is VS1. The supplier specifies 18K for the setting. GIA is listed as the grading laboratory. Ask to review the original report before purchase. The supplier lists a jewellery weight of 3.782 g. Quote stock 8558 for current images and availability.",in stock,new,7727022.5 KRW,https://colourdiam.com/productdetail/8558,https://colourdiam.com/Product/Jewellery/8558/white45/center.jpg,Colour Diam,Apparel & Accessories > Jewelry,,1,,,,unisex,,,adult,,,,,,,,,GIA,Fine Jewelry
9220,0.40 ct Fancy Intense Yellow Diamond Ring | Colour Diam | 9220,Put 0.40 ct Fancy Intense Yellow Diamond Ring on your personal shortlist. The listed clarity is VS. The supplier specifies 18K for the setting. AGL is listed as the grading laboratory. Ask to review the original report before purchase. The supplier lists a jewellery weight of 1.723 g. Quote stock 9220 for current images and availability.,in stock,new,1236323.6 KRW,https://colourdiam.com/productdetail/9220,https://colourdiam.com/Product/Jewellery/9220/white45/center.jpg,Colour Diam,Apparel & Accessories > Jewelry,,1,,,,unisex,,,adult,,,,,,,,,AGL,Fine Jewelry
8840,"1.60 ct Fancy Light Brownish Greenish Yellow Diamond Ring, Ring | Colour Diam | 8840","Find your next inspiration in 1.60 ct Fancy Light Brownish Greenish Yellow Diamond Ring, Ring. The listed clarity is VS1. The supplier specifies 18K for the setting. GIA is listed as the grading laboratory. Ask to review the original report before purchase. The supplier lists a jewellery weight of 4.817 g. Quote stock 8840 for current images and availability.",in stock,new,11590533.75 KRW,https://colourdiam.com/productdetail/8840,https://colourdiam.com/Product/Jewellery/8840/white45/center.jpg,Colour Diam,Apparel & Accessories > Jewelry,,1,,,,unisex,,,adult,,,,,,,,,GIA,Fine Jewelry
9147,3.58 ct Fancy Green Diamond Bracelet | Colour Diam | 9147,Consider 3.58 ct Fancy Green Diamond Bracelet for your next jewellery consultation. The listed clarity is VS. The supplier specifies 18K for the setting. AGL is listed as the grading laboratory. Ask to review the original report before purchase. The supplier lists a jewellery weight of 9.395 g. Quote stock 9147 for current images and availability.,in stock,new,23181067.5 KRW,https://colourdiam.com/productdetail/9147,https://colourdiam.com/Product/Jewellery/9147/white45/center.jpg,Colour Diam,Apparel & Accessories > Jewelry,,1,,,,unisex,,,adult,,,,,,,,,AGL,Fine Jewelry
7801,"0.40 ct Very Light Yellow Green Diamond Ring, Ring | Colour Diam | 7801","Your search for colour continues with 0.40 ct Very Light Yellow Green Diamond Ring, Ring. The listed clarity is VS2. The supplier specifies 18K for the setting. GIA is listed as the grading laboratory. Ask to review the original report before purchase. The supplier lists a jewellery weight of 3.290 g. Quote stock 7801 for current images and availability.",in stock,new,6954320.25 KRW,https://colourdiam.com/productdetail/7801,https://colourdiam.com/Product/Jewellery/7801/white45/center.jpg,Colour Diam,Apparel & Accessories > Jewelry,,1,,,,unisex,,,adult,,,,,,,,,GIA,Fine Jewelry
8195_8191_8187_8189_8193_8190,4.29 ct Fancy Green Diamond Pendant | Colour Diam | 8195_8191_8187_8189_8193_8190,Your search for colour continues with 4.29 ct Fancy Green Diamond Pendant. The listed clarity is VS. The supplier specifies 18K for the setting. AGL is listed as the grading laboratory. Ask to review the original report before purchase. The supplier lists a jewellery weight of 6.130 g. Quote stock 8195_8191_8187_8189_8193_8190 for current images and availability.,in stock,new,23181067.5 KRW,https://colourdiam.com/productdetail/Menu/8195/8191/8187/8189/8193/8190,https://www.colourdiam.com/Product/Jewellery/8195_8191_8187_8189_8193_8190/white45/center.jpg,Colour Diam,Apparel & Accessories > Jewelry,,1,,,,unisex,,,adult,,,,,,,,,AGL,Fine Jewelry
9172,1.07 ct Diamond Bracelet | Colour Diam | 9172,Put 1.07 ct Diamond Bracelet on your personal shortlist. The supplier specifies 18K for the setting. Ask our team about the available documentation. The supplier lists a jewellery weight of 6.790 g. Quote stock 9172 for current images and availability.,in stock,new,3090809 KRW,https://colourdiam.com/productdetail/9172,https://colourdiam.com/Product/Jewellery/9172/white45/center.jpg,Colour Diam,Apparel & Accessories > Jewelry,,1,,,,unisex,,,adult,,,,,,,,,,Fine Jewelry
9173,1.07 ct Diamond Bracelet | Colour Diam | 9173,Find your next inspiration in 1.07 ct Diamond Bracelet. The supplier specifies 18K for the setting. AGL is listed as the grading laboratory. Ask to review the original report before purchase. The supplier lists a jewellery weight of 6.745 g. Quote stock 9173 for current images and availability.,in stock,new,3090809 KRW,https://colourdiam.com/productdetail/9173,https://colourdiam.com/Product/Jewellery/9173/white45/center.jpg,Colour Diam,Apparel & Accessories > Jewelry,,1,,,,unisex,,,adult,,,,,,,,,AGL,Fine Jewelry
9175,1.07 ct Diamond Bracelet | Colour Diam | 9175,Your search for colour continues with 1.07 ct Diamond Bracelet. The supplier specifies 18K for the setting. Ask our team about the available documentation. The supplier lists a jewellery weight of 6.773 g. Quote stock 9175 for current images and availability.,in stock,new,3090809 KRW,https://colourdiam.com/productdetail/9175,https://colourdiam.com/Product/Jewellery/9175/white45/center.jpg,Colour Diam,Apparel & Accessories > Jewelry,,1,,,,unisex,,,adult,,,,,,,,,,Fine Jewelry
9178,2.61 ct Sapphire Bracelet | Colour Diam | 9178,Explore the details of 2.61 ct Sapphire Bracelet. The supplier specifies 18K for the setting. Ask our team about the available documentation. The supplier lists a jewellery weight of 6.926 g. Quote stock 9178 for current images and availability.,in stock,new,2549917.43 KRW,https://colourdiam.com/productdetail/9178,https://colourdiam.com/Product/Jewellery/9178/white45/center.jpg,Colour Diam,Apparel & Accessories > Jewelry,,1,,,,unisex,,,adult,,,,,,,,,,Fine Jewelry
9206,2.78 ct Sapphire Bracelet | Colour Diam | 9206,Meet 2.78 ct Sapphire Bracelet from Colour Diam. The supplier specifies 18K for the setting. Ask our team about the available documentation. The supplier lists a jewellery weight of 6.940 g. Quote stock 9206 for current images and availability.,in stock,new,2549917.43 KRW,https://colourdiam.com/productdetail/9206,https://colourdiam.com/Product/Jewellery/9206/white45/center.jpg,Colour Diam,Apparel & Accessories > Jewelry,,1,,,,unisex,,,adult,,,,,,,,,,Fine Jewelry
9215,2.59 ct Sapphire Bracelet | Colour Diam | 9215,Take a closer look at 2.59 ct Sapphire Bracelet. The supplier specifies 18K for the setting. Ask our team about the available documentation. The supplier lists a jewellery weight of 6.998 g. Quote stock 9215 for current images and availability.,in stock,new,2549917.43 KRW,https://colourdiam.com/productdetail/9215,https://colourdiam.com/Product/Jewellery/9215/white45/center.jpg,Colour Diam,Apparel & Accessories > Jewelry,,1,,,,unisex,,,adult,,,,,,,,,,Fine Jewelry
9248,1.03 ct Diamond Bracelet | Colour Diam | 9248,Take a closer look at 1.03 ct Diamond Bracelet. The listed clarity is VS. The supplier specifies 18K for the setting. Ask our team about the available documentation. The supplier lists a jewellery weight of 8.105 g. Quote stock 9248 for current images and availability.,in stock,new,3477160.13 KRW,https://colourdiam.com/productdetail/9248,https://colourdiam.com/Product/Jewellery/9248/white45/center.jpg,Colour Diam,Apparel & Accessories > Jewelry,,1,,,,unisex,,,adult,,,,,,,,,,Fine Jewelry
9254,1.08 ct Diamond Bracelet | Colour Diam | 9254,Find your next inspiration in 1.08 ct Diamond Bracelet. The listed clarity is VS. The supplier specifies 18K for the setting. Ask our team about the available documentation. The supplier lists a jewellery weight of 6.86 g. Quote stock 9254 for current images and availability.,in stock,new,3090809 KRW,https://colourdiam.com/productdetail/9254,https://colourdiam.com/Product/Jewellery/9254/white45/center.jpg,Colour Diam,Apparel & Accessories > Jewelry,,1,,,,unisex,,,adult,,,,,,,,,,Fine Jewelry
9225,0.11 ct Fancy Intense Pink Diamond Pendant | Colour Diam | 9225,Discover 0.11 ct Fancy Intense Pink Diamond Pendant with Colour Diam. The listed clarity is VS. The supplier specifies 18K for the setting. AGL is listed as the grading laboratory. Ask to review the original report before purchase. The supplier lists a jewellery weight of 3.770 g. Quote stock 9225 for current images and availability.,in stock,new,2318106.75 KRW,https://colourdiam.com/productdetail/9225,https://colourdiam.com/Product/Jewellery/9225/white45/center.jpg,Colour Diam,Apparel & Accessories > Jewelry,,1,,,,unisex,,,adult,,,,,,,,,AGL,Fine Jewelry
8712,0.31 ct Faint Pink Diamond Ring | Colour Diam | 8712,Discover 0.31 ct Faint Pink Diamond Ring with Colour Diam. The listed clarity is VS2. The supplier specifies 18K for the setting. GIA is listed as the grading laboratory. Ask to review the original report before purchase. The supplier lists a jewellery weight of 3.705 g. Quote stock 8712 for current images and availability.,in stock,new,7727022.5 KRW,https://colourdiam.com/productdetail/8712,https://colourdiam.com/Product/Jewellery/8712/white45/center.jpg,Colour Diam,Apparel & Accessories > Jewelry,,1,,,,unisex,,,adult,,,,,,,,,GIA,Fine Jewelry
7813,0.31 ct Faint Pink Diamond Ring | Colour Diam | 7813,Put 0.31 ct Faint Pink Diamond Ring on your personal shortlist. The listed clarity is SI2. The supplier specifies 18K for the setting. GIA is listed as the grading laboratory. Ask to review the original report before purchase. The supplier lists a jewellery weight of 4.295 g. Quote stock 7813 for current images and availability.,in stock,new,10045129.25 KRW,https://colourdiam.com/productdetail/7813,https://colourdiam.com/Product/Jewellery/7813/white45/center.jpg,Colour Diam,Apparel & Accessories > Jewelry,,1,,,,unisex,,,adult,,,,,,,,,GIA,Fine Jewelry
3748,1.00 ct Fancy Deep Brownish Yellow Diamond Ring | Colour Diam | 3748,Make 1.00 ct Fancy Deep Brownish Yellow Diamond Ring the starting point of your colour story. The listed clarity is VVS2. The supplier specifies 18K for the setting. GIA is listed as the grading laboratory. Ask to review the original report before purchase. The supplier lists a jewellery weight of 6.464 g. Quote stock 3748 for current images and availability.,in stock,new,10045129.25 KRW,https://colourdiam.com/productdetail/3748,https://colourdiam.com/Product/Jewellery/3748/white45/center.jpg,Colour Diam,Apparel & Accessories > Jewelry,,1,,,,unisex,,,adult,,,,,,,,,GIA,Fine Jewelry
5739,1.58 ct Faint Green Diamond Ring | Colour Diam | 5739,Discover 1.58 ct Faint Green Diamond Ring with Colour Diam. The listed clarity is VS2. The supplier specifies 18K for the setting. GIA is listed as the grading laboratory. Ask to review the original report before purchase. The supplier lists a jewellery weight of 5.837 g. Quote stock 5739 for current images and availability.,in stock,new,34771601.25 KRW,https://colourdiam.com/productdetail/5739,https://colourdiam.com/Product/Jewellery/5739/white45/center.jpg,Colour Diam,Apparel & Accessories > Jewelry,,1,,,,unisex,,,adult,,,,,,,,,GIA,Fine Jewelry
1990,0.41 ct Fancy Brownish Pink Diamond Ring | Colour Diam | 1990,Put 0.41 ct Fancy Brownish Pink Diamond Ring on your personal shortlist. The listed clarity is I1. The supplier specifies 18K for the setting. GIA is listed as the grading laboratory. Ask to review the original report before purchase. The supplier lists a jewellery weight of 3.460 g. Quote stock 1990 for current images and availability.,in stock,new,8499724.75 KRW,https://colourdiam.com/productdetail/1990,https://colourdiam.com/Product/Jewellery/1990/white45/center.jpg,Colour Diam,Apparel & Accessories > Jewelry,,1,,,,unisex,,,adult,,,,,,,,,GIA,Fine Jewelry
9149,1.96 ct Diamond Bracelet | Colour Diam | 9149,Take a closer look at 1.96 ct Diamond Bracelet. The supplier specifies 18K for the setting. Ask our team about the available documentation. The supplier lists a jewellery weight of 13.022 g. Quote stock 9149 for current images and availability.,in stock,new,9272427 KRW,https://colourdiam.com/productdetail/9149,https://colourdiam.com/Product/Jewellery/9149/white45/center.jpg,Colour Diam,Apparel & Accessories > Jewelry,,1,,,,unisex,,,adult,,,,,,,,,,Fine Jewelry
5559,"0.40 ct Fancy Brown Pink Diamond Ring, Ring | Colour Diam | 5559","Discover 0.40 ct Fancy Brown Pink Diamond Ring, Ring with Colour Diam. The listed clarity is VS1. The supplier specifies 18K for the setting. GIA is listed as the grading laboratory. Ask to review the original report before purchase. The supplier lists a jewellery weight of 3.281 g. Quote stock 5559 for current images and availability.",in stock,new,7727022.5 KRW,https://colourdiam.com/productdetail/5559,https://colourdiam.com/Product/Jewellery/5559/white45/center.jpg,Colour Diam,Apparel & Accessories > Jewelry,,1,,,,unisex,,,adult,,,,,,,,,GIA,Fine Jewelry
9282,0.22 ct Fancy Blue Diamond RING | Colour Diam | 9282,Consider 0.22 ct Fancy Blue Diamond RING for your next jewellery consultation. The listed clarity is VS. The supplier specifies 18K for the setting. Ask our team about the available documentation. The supplier lists a jewellery weight of 5.080 g. Quote stock 9282 for current images and availability.,in stock,new,2318106.75 KRW,https://colourdiam.com/productdetail/9282,https://colourdiam.com/Product/Jewellery/9282/white45/center.jpg,Colour Diam,Apparel & Accessories > Jewelry,,1,,,,unisex,,,adult,,,,,,,,,,Fine Jewelry
9283,0.22 ct Fancy Blue Diamond RING | Colour Diam | 9283,Make 0.22 ct Fancy Blue Diamond RING the starting point of your colour story. The listed clarity is VS. The supplier specifies 18K for the setting. Ask our team about the available documentation. The supplier lists a jewellery weight of 5.080 g. Quote stock 9283 for current images and availability.,in stock,new,2318106.75 KRW,https://colourdiam.com/productdetail/9283,https://colourdiam.com/Product/Jewellery/9283/white45/center.jpg,Colour Diam,Apparel & Accessories > Jewelry,,1,,,,unisex,,,adult,,,,,,,,,,Fine Jewelry
9284,0.22 ct Fancy Blue Diamond RING | Colour Diam | 9284,Take a closer look at 0.22 ct Fancy Blue Diamond RING. The listed clarity is VS. The supplier specifies 18K for the setting. Ask our team about the available documentation. The supplier lists a jewellery weight of 5.080 g. Quote stock 9284 for current images and availability.,in stock,new,2318106.75 KRW,https://colourdiam.com/productdetail/9284,https://colourdiam.com/Product/Jewellery/9284/white45/center.jpg,Colour Diam,Apparel & Accessories > Jewelry,,1,,,,unisex,,,adult,,,,,,,,,,Fine Jewelry
9285,0.22 ct Fancy Blue Diamond RING | Colour Diam | 9285,Colour Diam presents 0.22 ct Fancy Blue Diamond RING. The listed clarity is VS. The supplier specifies 18K for the setting. Ask our team about the available documentation. The supplier lists a jewellery weight of 5.080 g. Quote stock 9285 for current images and availability.,in stock,new,2318106.75 KRW,https://colourdiam.com/productdetail/9285,https://colourdiam.com/Product/Jewellery/9285/white45/center.jpg,Colour Diam,Apparel & Accessories > Jewelry,,1,,,,unisex,,,adult,,,,,,,,,,Fine Jewelry
9286,0.22 ct Fancy Blue Diamond RING | Colour Diam | 9286,Put 0.22 ct Fancy Blue Diamond RING on your personal shortlist. The listed clarity is VS. The supplier specifies 18K for the setting. Ask our team about the available documentation. The supplier lists a jewellery weight of 5.080 g. Quote stock 9286 for current images and availability.,in stock,new,2318106.75 KRW,https://colourdiam.com/productdetail/9286,https://colourdiam.com/Product/Jewellery/9286/white45/center.jpg,Colour Diam,Apparel & Accessories > Jewelry,,1,,,,unisex,,,adult,,,,,,,,,,Fine Jewelry
8593,11.88 ct Amethyst Bracelet | Colour Diam | 8593,Put 11.88 ct Amethyst Bracelet on your personal shortlist. The supplier specifies 18K for the setting. Ask our team about the available documentation. The supplier lists a jewellery weight of 14.58 g. Quote stock 8593 for current images and availability.,in stock,new,3863511.25 KRW,https://colourdiam.com/productdetail/8593,https://colourdiam.com/Product/Jewellery/8593/white45/center.jpg,Colour Diam,Apparel & Accessories > Jewelry,,1,,,,unisex,,,adult,,,,,,,,,,Fine Jewelry
9280,1.05 ct Fancy Green Diamond Earring | Colour Diam | 9280,Explore the details of 1.05 ct Fancy Green Diamond Earring. The listed clarity is VS. The supplier specifies 18K for the setting. AGL is listed as the grading laboratory. Ask to review the original report before purchase. The supplier lists a jewellery weight of 7.111 g. Quote stock 9280 for current images and availability.,in stock,new,6954320.25 KRW,https://colourdiam.com/productdetail/9280,https://colourdiam.com/Product/Jewellery/9280/white45/center.jpg,Colour Diam,Apparel & Accessories > Jewelry,,1,,,,unisex,,,adult,,,,,,,,,AGL,Fine Jewelry
9217,0.11 ct Fancy Intense Pink Diamond Ring | Colour Diam | 9217,Put 0.11 ct Fancy Intense Pink Diamond Ring on your personal shortlist. The listed clarity is VS. The supplier specifies 18K for the setting. AGL is listed as the grading laboratory. Ask to review the original report before purchase. The supplier lists a jewellery weight of 1.795 g. Quote stock 9217 for current images and availability.,in stock,new,1236323.6 KRW,https://colourdiam.com/productdetail/9217,https://colourdiam.com/Product/Jewellery/9217/white45/center.jpg,Colour Diam,Apparel & Accessories > Jewelry,,1,,,,unisex,,,adult,,,,,,,,,AGL,Fine Jewelry
9218,0.28 ct Fancy Intense Green Diamond Ring | Colour Diam | 9218,Find your next inspiration in 0.28 ct Fancy Intense Green Diamond Ring. The listed clarity is VS. The supplier specifies 18K for the setting. AGL is listed as the grading laboratory. Ask to review the original report before purchase. The supplier lists a jewellery weight of 1.876 g. Quote stock 9218 for current images and availability.,in stock,new,1236323.6 KRW,https://colourdiam.com/productdetail/9218,https://colourdiam.com/Product/Jewellery/9218/white45/center.jpg,Colour Diam,Apparel & Accessories > Jewelry,,1,,,,unisex,,,adult,,,,,,,,,AGL,Fine Jewelry
8936,0.50 ct Diamond Ring | Colour Diam | 8936,Find your next inspiration in 0.50 ct Diamond Ring. The listed clarity is VS2. The supplier specifies 18K for the setting. GIA is listed as the grading laboratory. Ask to review the original report before purchase. The supplier lists a jewellery weight of 2.446 g. Quote stock 8936 for current images and availability.,in stock,new,3090809 KRW,https://colourdiam.com/productdetail/8936,https://colourdiam.com/Product/Jewellery/8936/white45/center.jpg,Colour Diam,Apparel & Accessories > Jewelry,,1,,,,unisex,,,adult,,,,,,,,,GIA,Fine Jewelry
4709,0.45 ct Light Blue Diamond RING | Colour Diam | 4709,Find your next inspiration in 0.45 ct Light Blue Diamond RING. The listed clarity is SI1. The supplier specifies 18K for the setting. GIA is listed as the grading laboratory. Ask to review the original report before purchase. The supplier lists a jewellery weight of 4.450 g. Quote stock 4709 for current images and availability.,in stock,new,8499724.75 KRW,https://colourdiam.com/productdetail/4709,https://colourdiam.com/Product/Jewellery/4709/white45/center.jpg,Colour Diam,Apparel & Accessories > Jewelry,,1,,,,unisex,,,adult,,,,,,,,,GIA,Fine Jewelry
7143,1.51 ct Fancy Yellow Diamond Ring | Colour Diam | 7143,1.51 ct Fancy Yellow Diamond Ring: a piece to explore in detail. The listed clarity is VVS2. The supplier specifies 18K for the setting. GIA is listed as the grading laboratory. Ask to review the original report before purchase. The supplier lists a jewellery weight of 4.981 g. Quote stock 7143 for current images and availability.,in stock,new,12363236 KRW,https://colourdiam.com/productdetail/7143,https://colourdiam.com/Product/Jewellery/7143/white45/center.jpg,Colour Diam,Apparel & Accessories > Jewelry,,1,,,,unisex,,,adult,,,,,,,,,GIA,Fine Jewelry
9335,0.41 ct Fancy Intense Pink Diamond Ring | Colour Diam | 9335,Find your next inspiration in 0.41 ct Fancy Intense Pink Diamond Ring. The listed clarity is VS. The supplier specifies 18K for the setting. AGL is listed as the grading laboratory. Ask to review the original report before purchase. The supplier lists a jewellery weight of 2.330 g. Quote stock 9335 for current images and availability.,in stock,new,1545404.5 KRW,https://colourdiam.com/productdetail/9335,https://colourdiam.com/Product/Jewellery/9335/white45/center.jpg,Colour Diam,Apparel & Accessories > Jewelry,,1,,,,unisex,,,adult,,,,,,,,,AGL,Fine Jewelry
5194,0.70 ct Light Pinkish Brown Diamond Ring | Colour Diam | 5194,Put 0.70 ct Light Pinkish Brown Diamond Ring on your personal shortlist. The listed clarity is Vs1. The supplier specifies 18K for the setting. GIA is listed as the grading laboratory. Ask to review the original report before purchase. The supplier lists a jewellery weight of 3.26 g. Quote stock 5194 for current images and availability.,in stock,new,10045129.25 KRW,https://colourdiam.com/productdetail/5194,https://colourdiam.com/Product/Jewellery/5194/white45/center.jpg,Colour Diam,Apparel & Accessories > Jewelry,,1,,,,unisex,,,adult,,,,,,,,,GIA,Fine Jewelry
9360,0.94 ct Diamond Bracelet | Colour Diam | 9360,Discover 0.94 ct Diamond Bracelet with Colour Diam. The supplier specifies 9K for the setting. Ask our team about the available documentation. The supplier lists a jewellery weight of 13.000 g. Quote stock 9360 for current images and availability.,in stock,new,2163566.3 KRW,https://colourdiam.com/productdetail/9360,https://www.colourdiam.com/Product/Jewellery/9360/white45/center.jpg,Colour Diam,Apparel & Accessories > Jewelry,,1,,,,unisex,,,adult,,,,,,,,,,Fine Jewelry
9378,0.98 ct Diamond Bracelet | Colour Diam | 9378,Consider 0.98 ct Diamond Bracelet for your next jewellery consultation. The listed clarity is I1. The supplier specifies 9K for the setting. Ask our team about the available documentation. The supplier lists a jewellery weight of 12.330 g. Quote stock 9378 for current images and availability.,in stock,new,2163566.3 KRW,https://colourdiam.com/productdetail/9378,https://colourdiam.com/Product/Jewellery/9378/black360/center.jpg,Colour Diam,Apparel & Accessories > Jewelry,,1,,,,unisex,,,adult,,,,,,,,,,Fine Jewelry
9379,0.98 ct Diamond Bracelet | Colour Diam | 9379,Make 0.98 ct Diamond Bracelet the starting point of your colour story. The listed clarity is I1. The supplier specifies 9K for the setting. Ask our team about the available documentation. The supplier lists a jewellery weight of 12.250 g. Quote stock 9379 for current images and availability.,in stock,new,2163566.3 KRW,https://colourdiam.com/productdetail/9379,https://colourdiam.com/Product/Jewellery/9379/black360/center.jpg,Colour Diam,Apparel & Accessories > Jewelry,,1,,,,unisex,,,adult,,,,,,,,,,Fine Jewelry
9380,0.98 ct Diamond Bracelet | Colour Diam | 9380,0.98 ct Diamond Bracelet brings its own character to your selection. The listed clarity is I1. The supplier specifies 9K for the setting. Ask our team about the available documentation. The supplier lists a jewellery weight of 12.550 g. Quote stock 9380 for current images and availability.,in stock,new,2163566.3 KRW,https://colourdiam.com/productdetail/9380,https://colourdiam.com/Product/Jewellery/9380/black360/center.jpg,Colour Diam,Apparel & Accessories > Jewelry,,1,,,,unisex,,,adult,,,,,,,,,,Fine Jewelry
9381,0.98 ct Diamond Bracelet | Colour Diam | 9381,Consider 0.98 ct Diamond Bracelet for your next jewellery consultation. The listed clarity is I1. The supplier specifies 9K for the setting. Ask our team about the available documentation. The supplier lists a jewellery weight of 12.370 g. Quote stock 9381 for current images and availability.,in stock,new,2163566.3 KRW,https://colourdiam.com/productdetail/9381,https://colourdiam.com/Product/Jewellery/9381/black360/center.jpg,Colour Diam,Apparel & Accessories > Jewelry,,1,,,,unisex,,,adult,,,,,,,,,,Fine Jewelry
4293,1.52 ct Fancy Green Diamond Ring | Colour Diam | 4293,Discover 1.52 ct Fancy Green Diamond Ring with Colour Diam. The listed clarity is SI2. The supplier specifies 18K for the setting. AGL is listed as the grading laboratory. Ask to review the original report before purchase. The supplier lists a jewellery weight of 5.540 g. Quote stock 4293 for current images and availability.,in stock,new,10817831.5 KRW,https://colourdiam.com/productdetail/4293,https://colourdiam.com/Product/Jewellery/4293/white45/center.jpg,Colour Diam,Apparel & Accessories > Jewelry,,1,,,,unisex,,,adult,,,,,,,,,AGL,Fine Jewelry
5613_5653,5.52 ct Fancy Intense Green Diamond Ring | Colour Diam | 5613_5653,Consider 5.52 ct Fancy Intense Green Diamond Ring for your next jewellery consultation. The listed clarity is VVS2. The supplier specifies 18K for the setting. AGL is listed as the grading laboratory. Ask to review the original report before purchase. The supplier lists a jewellery weight of 6.95 g. Quote stock 5613_5653 for current images and availability.,in stock,new,69543202.5 KRW,https://colourdiam.com/productdetail/Menu/5613/5653,https://colourdiam.com/Product/Jewellery/5613_5653/white45/center.jpg,Colour Diam,Apparel & Accessories > Jewelry,,1,,,,unisex,,,adult,,,,,,,,,AGL,Fine Jewelry
5436,"0.76 ct Fancy Blue Green Diamond RING, Ring | Colour Diam | 5436","Colour Diam presents 0.76 ct Fancy Blue Green Diamond RING, Ring. The listed clarity is SI1. The supplier specifies 18K for the setting. GIA is listed as the grading laboratory. Ask to review the original report before purchase. The supplier lists a jewellery weight of 4.900 g. Quote stock 5436 for current images and availability.",in stock,new,10045129.25 KRW,https://colourdiam.com/productdetail/5436,https://colourdiam.com/Product/Jewellery/5436/white45/center.jpg,Colour Diam,Apparel & Accessories > Jewelry,,1,,,,unisex,,,adult,,,,,,,,,GIA,Fine Jewelry
9287_9312,0.60 ct Diamond Earring | Colour Diam | 9287_9312,0.60 ct Diamond Earring brings its own character to your selection. The listed clarity is SI1. The supplier specifies 18K for the setting. IGI is listed as the grading laboratory. Ask to review the original report before purchase. The supplier lists a jewellery weight of 1.100 g. Quote stock 9287_9312 for current images and availability.,in stock,new,849972.48 KRW,https://colourdiam.com/productdetail/Menu/9287/9312,https://colourdiam.com/Product/Jewellery/9287_9312/white45/center.jpg,Colour Diam,Apparel & Accessories > Jewelry,,1,,,,unisex,,,adult,,,,,,,,,IGI,Fine Jewelry
9288_9313,0.60 ct Diamond Earring | Colour Diam | 9288_9313,Your search for colour continues with 0.60 ct Diamond Earring. The listed clarity is SI1. The supplier specifies 18K for the setting. IGI is listed as the grading laboratory. Ask to review the original report before purchase. The supplier lists a jewellery weight of 1.130 g. Quote stock 9288_9313 for current images and availability.,in stock,new,849972.48 KRW,https://colourdiam.com/productdetail/Menu/9288/9313,https://colourdiam.com/Product/Jewellery/9288_9313/white45/center.jpg,Colour Diam,Apparel & Accessories > Jewelry,,1,,,,unisex,,,adult,,,,,,,,,IGI,Fine Jewelry
9289_9309,0.60 ct Diamond Earring | Colour Diam | 9289_9309,Make 0.60 ct Diamond Earring the starting point of your colour story. The listed clarity is SI1. The supplier specifies 18K for the setting. IGI is listed as the grading laboratory. Ask to review the original report before purchase. The supplier lists a jewellery weight of 1.134 g. Quote stock 9289_9309 for current images and availability.,in stock,new,849972.48 KRW,https://colourdiam.com/productdetail/Menu/9289/9309,https://colourdiam.com/Product/Jewellery/9289_9309/white45/center.jpg,Colour Diam,Apparel & Accessories > Jewelry,,1,,,,unisex,,,adult,,,,,,,,,IGI,Fine Jewelry
9291_9311,0.60 ct Diamond Earring | Colour Diam | 9291_9311,Find your next inspiration in 0.60 ct Diamond Earring. The listed clarity is SI1. The supplier specifies 18K for the setting. IGI is listed as the grading laboratory. Ask to review the original report before purchase. The supplier lists a jewellery weight of 1.126 g. Quote stock 9291_9311 for current images and availability.,in stock,new,849972.48 KRW,https://colourdiam.com/productdetail/Menu/9291/9311,https://colourdiam.com/Product/Jewellery/9291_9311/white45/center.jpg,Colour Diam,Apparel & Accessories > Jewelry,,1,,,,unisex,,,adult,,,,,,,,,IGI,Fine Jewelry
9292_9319,0.60 ct Diamond Earring | Colour Diam | 9292_9319,Meet 0.60 ct Diamond Earring from Colour Diam. The listed clarity is SI1. The supplier specifies 18K for the setting. IGI is listed as the grading laboratory. Ask to review the original report before purchase. The supplier lists a jewellery weight of 1.138 g. Quote stock 9292_9319 for current images and availability.,in stock,new,849972.48 KRW,https://colourdiam.com/productdetail/Menu/9292/9319,https://colourdiam.com/Product/Jewellery/9292_9319/white45/center.jpg,Colour Diam,Apparel & Accessories > Jewelry,,1,,,,unisex,,,adult,,,,,,,,,IGI,Fine Jewelry
9293_9327,0.60 ct Diamond Earring | Colour Diam | 9293_9327,Meet 0.60 ct Diamond Earring from Colour Diam. The listed clarity is SI1. The supplier specifies 18K for the setting. IGI is listed as the grading laboratory. Ask to review the original report before purchase. The supplier lists a jewellery weight of 1.146 g. Quote stock 9293_9327 for current images and availability.,in stock,new,849972.48 KRW,https://colourdiam.com/productdetail/Menu/9293/9327,https://colourdiam.com/Product/Jewellery/9293_9327/white45/center.jpg,Colour Diam,Apparel & Accessories > Jewelry,,1,,,,unisex,,,adult,,,,,,,,,IGI,Fine Jewelry
9294_9308,0.60 ct Diamond Earring | Colour Diam | 9294_9308,Take a closer look at 0.60 ct Diamond Earring. The listed clarity is SI1. The supplier specifies 18K for the setting. IGI is listed as the grading laboratory. Ask to review the original report before purchase. The supplier lists a jewellery weight of 1.118 g. Quote stock 9294_9308 for current images and availability.,in stock,new,849972.48 KRW,https://colourdiam.com/productdetail/Menu/9294/9308,https://colourdiam.com/Product/Jewellery/9294_9308/white45/center.jpg,Colour Diam,Apparel & Accessories > Jewelry,,1,,,,unisex,,,adult,,,,,,,,,IGI,Fine Jewelry
9295_9324,0.60 ct Diamond Earring | Colour Diam | 9295_9324,Your search for colour continues with 0.60 ct Diamond Earring. The listed clarity is SI1. The supplier specifies 18K for the setting. IGI is listed as the grading laboratory. Ask to review the original report before purchase. The supplier lists a jewellery weight of 1.156 g. Quote stock 9295_9324 for current images and availability.,in stock,new,849972.48 KRW,https://colourdiam.com/productdetail/Menu/9295/9324,https://colourdiam.com/Product/Jewellery/9295_9324/white45/center.jpg,Colour Diam,Apparel & Accessories > Jewelry,,1,,,,unisex,,,adult,,,,,,,,,IGI,Fine Jewelry
9296_9323,0.60 ct Diamond Earring | Colour Diam | 9296_9323,Make 0.60 ct Diamond Earring the starting point of your colour story. The listed clarity is SI1. The supplier specifies 18K for the setting. IGI is listed as the grading laboratory. Ask to review the original report before purchase. The supplier lists a jewellery weight of 1.150 g. Quote stock 9296_9323 for current images and availability.,in stock,new,849972.48 KRW,https://colourdiam.com/productdetail/Menu/9296/9323,https://colourdiam.com/Product/Jewellery/9296_9323/white45/center.jpg,Colour Diam,Apparel & Accessories > Jewelry,,1,,,,unisex,,,adult,,,,,,,,,IGI,Fine Jewelry
9297_9299,0.60 ct Diamond Earring | Colour Diam | 9297_9299,Take a closer look at 0.60 ct Diamond Earring. The listed clarity is SI1. The supplier specifies 18K for the setting. IGI is listed as the grading laboratory. Ask to review the original report before purchase. The supplier lists a jewellery weight of 1.140 g. Quote stock 9297_9299 for current images and availability.,in stock,new,849972.48 KRW,https://colourdiam.com/productdetail/Menu/9297/9299,https://colourdiam.com/Product/Jewellery/9297_9299/white45/center.jpg,Colour Diam,Apparel & Accessories > Jewelry,,1,,,,unisex,,,adult,,,,,,,,,IGI,Fine Jewelry
9298_9316,0.60 ct Diamond Earring | Colour Diam | 9298_9316,0.60 ct Diamond Earring brings its own character to your selection. The listed clarity is SI1. The supplier specifies 18K for the setting. IGI is listed as the grading laboratory. Ask to review the original report before purchase. The supplier lists a jewellery weight of 1.146 g. Quote stock 9298_9316 for current images and availability.,in stock,new,849972.48 KRW,https://colourdiam.com/productdetail/Menu/9298/9316,https://www.colourdiam.com/Product/Jewellery/9298_9316/white45/center.jpg,Colour Diam,Apparel & Accessories > Jewelry,,1,,,,unisex,,,adult,,,,,,,,,IGI,Fine Jewelry
9300_9328,0.60 ct Diamond Earring | Colour Diam | 9300_9328,0.60 ct Diamond Earring: a piece to explore in detail. The listed clarity is SI1. The supplier specifies 18K for the setting. IGI is listed as the grading laboratory. Ask to review the original report before purchase. The supplier lists a jewellery weight of 1.117 g. Quote stock 9300_9328 for current images and availability.,in stock,new,849972.48 KRW,https://colourdiam.com/productdetail/Menu/9300/9328,https://colourdiam.com/Product/Jewellery/9300_9328/white45/center.jpg,Colour Diam,Apparel & Accessories > Jewelry,,1,,,,unisex,,,adult,,,,,,,,,IGI,Fine Jewelry
9302_9304,0.60 ct Diamond Earring | Colour Diam | 9302_9304,Take a closer look at 0.60 ct Diamond Earring. The listed clarity is SI1. The supplier specifies 18K for the setting. IGI is listed as the grading laboratory. Ask to review the original report before purchase. The supplier lists a jewellery weight of 1.127 g. Quote stock 9302_9304 for current images and availability.,in stock,new,849972.48 KRW,https://colourdiam.com/productdetail/Menu/9302/9304,https://www.colourdiam.com/Product/Jewellery/9302_9304/white45/center.jpg,Colour Diam,Apparel & Accessories > Jewelry,,1,,,,unisex,,,adult,,,,,,,,,IGI,Fine Jewelry
9305_9329,0.60 ct Diamond Earring | Colour Diam | 9305_9329,Take a closer look at 0.60 ct Diamond Earring. The listed clarity is SI1. The supplier specifies 18K for the setting. IGI is listed as the grading laboratory. Ask to review the original report before purchase. The supplier lists a jewellery weight of 1.118 g. Quote stock 9305_9329 for current images and availability.,in stock,new,849972.48 KRW,https://colourdiam.com/productdetail/Menu/9305/9329,https://www.colourdiam.com/Product/Jewellery/9305_9329/white45/center.jpg,Colour Diam,Apparel & Accessories > Jewelry,,1,,,,unisex,,,adult,,,,,,,,,IGI,Fine Jewelry
9306_9322,0.60 ct Diamond Earring | Colour Diam | 9306_9322,Take a closer look at 0.60 ct Diamond Earring. The listed clarity is SI1. The supplier specifies 18K for the setting. IGI is listed as the grading laboratory. Ask to review the original report before purchase. The supplier lists a jewellery weight of 1.130 g. Quote stock 9306_9322 for current images and availability.,in stock,new,849972.48 KRW,https://colourdiam.com/productdetail/Menu/9306/9322,https://colourdiam.com/Product/Jewellery/9306_9322/white45/center.jpg,Colour Diam,Apparel & Accessories > Jewelry,,1,,,,unisex,,,adult,,,,,,,,,IGI,Fine Jewelry
9307_9320,0.60 ct Diamond Earring | Colour Diam | 9307_9320,Your search for colour continues with 0.60 ct Diamond Earring. The listed clarity is SI1. The supplier specifies 18K for the setting. IGI is listed as the grading laboratory. Ask to review the original report before purchase. The supplier lists a jewellery weight of 1.140 g. Quote stock 9307_9320 for current images and availability.,in stock,new,849972.48 KRW,https://colourdiam.com/productdetail/Menu/9307/9320,https://www.colourdiam.com/Product/Jewellery/9307_9320/white45/center.jpg,Colour Diam,Apparel & Accessories > Jewelry,,1,,,,unisex,,,adult,,,,,,,,,IGI,Fine Jewelry
9310_9330,0.60 ct Diamond Earring | Colour Diam | 9310_9330,Take a closer look at 0.60 ct Diamond Earring. The listed clarity is SI1. The supplier specifies 18K for the setting. IGI is listed as the grading laboratory. Ask to review the original report before purchase. The supplier lists a jewellery weight of 1.148 g. Quote stock 9310_9330 for current images and availability.,in stock,new,849972.48 KRW,https://colourdiam.com/productdetail/Menu/9310/9330,https://www.colourdiam.com/Product/Jewellery/9310_9330/white45/center.jpg,Colour Diam,Apparel & Accessories > Jewelry,,1,,,,unisex,,,adult,,,,,,,,,IGI,Fine Jewelry
9317_9325,0.60 ct Diamond Earring | Colour Diam | 9317_9325,Make 0.60 ct Diamond Earring the starting point of your colour story. The listed clarity is SI1. The supplier specifies 18K for the setting. IGI is listed as the grading laboratory. Ask to review the original report before purchase. The supplier lists a jewellery weight of 1.106 g. Quote stock 9317_9325 for current images and availability.,in stock,new,849972.48 KRW,https://colourdiam.com/productdetail/Menu/9317/9325,https://www.colourdiam.com/Product/Jewellery/9317_9325/white45/center.jpg,Colour Diam,Apparel & Accessories > Jewelry,,1,,,,unisex,,,adult,,,,,,,,,IGI,Fine Jewelry
9318_9314,0.60 ct Diamond Earring | Colour Diam | 9318_9314,Consider 0.60 ct Diamond Earring for your next jewellery consultation. The listed clarity is SI1. The supplier specifies 18K for the setting. IGI is listed as the grading laboratory. Ask to review the original report before purchase. The supplier lists a jewellery weight of 1.140 g. Quote stock 9318_9314 for current images and availability.,in stock,new,849972.48 KRW,https://colourdiam.com/productdetail/Menu/9318/9314,https://www.colourdiam.com/Product/Jewellery/9318_9314/white45/center.jpg,Colour Diam,Apparel & Accessories > Jewelry,,1,,,,unisex,,,adult,,,,,,,,,IGI,Fine Jewelry
9301_9303,0.60 ct Diamond Earring | Colour Diam | 9301_9303,0.60 ct Diamond Earring: a piece to explore in detail. The listed clarity is SI1. The supplier specifies 18K for the setting. IGI is listed as the grading laboratory. Ask to review the original report before purchase. The supplier lists a jewellery weight of 1.158 g. Quote stock 9301_9303 for current images and availability.,in stock,new,849972.48 KRW,https://colourdiam.com/productdetail/Menu/9301/9303,https://www.colourdiam.com/Product/Jewellery/9301_9303/white45/center.jpg,Colour Diam,Apparel & Accessories > Jewelry,,1,,,,unisex,,,adult,,,,,,,,,IGI,Fine Jewelry
9321_9326,0.60 ct Diamond Earring | Colour Diam | 9321_9326,Discover 0.60 ct Diamond Earring with Colour Diam. The listed clarity is SI1. The supplier specifies 18K for the setting. IGI is listed as the grading laboratory. Ask to review the original report before purchase. The supplier lists a jewellery weight of 1.119 g. Quote stock 9321_9326 for current images and availability.,in stock,new,849972.48 KRW,https://colourdiam.com/productdetail/Menu/9321/9326,https://www.colourdiam.com/Product/Jewellery/9321_9326/white45/center.jpg,Colour Diam,Apparel & Accessories > Jewelry,,1,,,,unisex,,,adult,,,,,,,,,IGI,Fine Jewelry
9290_9315,0.60 ct Diamond Earring | Colour Diam | 9290_9315,Take a closer look at 0.60 ct Diamond Earring. The listed clarity is SI1. The supplier specifies 18K for the setting. IGI is listed as the grading laboratory. Ask to review the original report before purchase. The supplier lists a jewellery weight of 1.120 g. Quote stock 9290_9315 for current images and availability.,in stock,new,849972.48 KRW,https://colourdiam.com/productdetail/Menu/9290/9315,https://www.colourdiam.com/Product/Jewellery/9290_9315/white45/center.jpg,Colour Diam,Apparel & Accessories > Jewelry,,1,,,,unisex,,,adult,,,,,,,,,IGI,Fine Jewelry
9484,0.12 ct Fancy Blue Diamond Pendant | Colour Diam | 9484,Put 0.12 ct Fancy Blue Diamond Pendant on your personal shortlist. The listed clarity is VS. The supplier specifies 18K for the setting. AGL is listed as the grading laboratory. Ask to review the original report before purchase. The supplier lists a jewellery weight of 3.499 g. Quote stock 9484 for current images and availability.,in stock,new,2318106.75 KRW,https://colourdiam.com/productdetail/9484,https://colourdiam.com/Product/Jewellery/9484/white45/center.jpg,Colour Diam,Apparel & Accessories > Jewelry,,1,,,,unisex,,,adult,,,,,,,,,AGL,Fine Jewelry
4317,0.70 ct Light Pinkish Brown Diamond Ring | Colour Diam | 4317,0.70 ct Light Pinkish Brown Diamond Ring: a piece to explore in detail. The listed clarity is SI2. The supplier specifies 18K for the setting. GIA is listed as the grading laboratory. Ask to review the original report before purchase. The supplier lists a jewellery weight of 4.56 g. Quote stock 4317 for current images and availability.,in stock,new,10045129.25 KRW,https://colourdiam.com/productdetail/4317,https://colourdiam.com/Product/Jewellery/4317/white45/center.jpg,Colour Diam,Apparel & Accessories > Jewelry,,1,,,,unisex,,,adult,,,,,,,,,GIA,Fine Jewelry
6101,2.70 ct Fancy Orange Brown Diamond Ring | Colour Diam | 6101,Find your next inspiration in 2.70 ct Fancy Orange Brown Diamond Ring. The listed clarity is SI1. The supplier specifies 18K for the setting. GIA is listed as the grading laboratory. Ask to review the original report before purchase. The supplier lists a jewellery weight of 4.99 g. Quote stock 6101 for current images and availability.,in stock,new,23181067.5 KRW,https://colourdiam.com/productdetail/6101,https://colourdiam.com/Product/Jewellery/6101/white45/center.jpg,Colour Diam,Apparel & Accessories > Jewelry,,1,,,,unisex,,,adult,,,,,,,,,GIA,Fine Jewelry
5429,0.38 ct Fancy Light Blueish Green Diamond RING | Colour Diam | 5429,0.38 ct Fancy Light Blueish Green Diamond RING brings its own character to your selection. The listed clarity is SI2. The supplier specifies 18K for the setting. GIA is listed as the grading laboratory. Ask to review the original report before purchase. The supplier lists a jewellery weight of 5.62 g. Quote stock 5429 for current images and availability.,in stock,new,10045129.25 KRW,https://colourdiam.com/productdetail/5429,https://colourdiam.com/Product/Jewellery/5429/white45/center.jpg,Colour Diam,Apparel & Accessories > Jewelry,,1,,,,unisex,,,adult,,,,,,,,,GIA,Fine Jewelry
4713,0.80 ct Fancy Light Blueish Green Diamond RING | Colour Diam | 4713,0.80 ct Fancy Light Blueish Green Diamond RING: a piece to explore in detail. The listed clarity is SI2. The supplier specifies 18K for the setting. GIA is listed as the grading laboratory. Ask to review the original report before purchase. The supplier lists a jewellery weight of 6.254 g. Quote stock 4713 for current images and availability.,in stock,new,13290478.7 KRW,https://colourdiam.com/productdetail/4713,,Colour Diam,Apparel & Accessories > Jewelry,,1,,,,unisex,,,adult,,,,,,,,,GIA,Fine Jewelry
5573,0.43 ct Faint Brown Pink Diamond Ring | Colour Diam | 5573,Find your next inspiration in 0.43 ct Faint Brown Pink Diamond Ring. The listed clarity is si1. The supplier specifies 18K for the setting. GIA is listed as the grading laboratory. Ask to review the original report before purchase. The supplier lists a jewellery weight of 4.07 g. Quote stock 5573 for current images and availability.,in stock,new,10045129.25 KRW,https://colourdiam.com/productdetail/5573,https://colourdiam.com/Product/Jewellery/5573/white45/center.jpg,Colour Diam,Apparel & Accessories > Jewelry,,1,,,,unisex,,,adult,,,,,,,,,GIA,Fine Jewelry
9550,0.42 ct Fancy Intense Pink Diamond Ring | Colour Diam | 9550,Put 0.42 ct Fancy Intense Pink Diamond Ring on your personal shortlist. The listed clarity is VS1. The supplier specifies 18K for the setting. AGL is listed as the grading laboratory. Ask to review the original report before purchase. The supplier lists a jewellery weight of 2.49 g. Quote stock 9550 for current images and availability.,in stock,new,1854485.4 KRW,https://colourdiam.com/productdetail/9550,https://colourdiam.com/Product/Jewellery/9550/white45/center.jpg,Colour Diam,Apparel & Accessories > Jewelry,,1,,,,unisex,,,adult,,,,,,,,,AGL,Fine Jewelry
7232_6528_5445,2.66 ct Fancy Pink Brown Diamond Ring | Colour Diam | 7232_6528_5445,Take a closer look at 2.66 ct Fancy Pink Brown Diamond Ring. The listed clarity is I1. GIA is listed as the grading laboratory. Ask to review the original report before purchase. The supplier lists a jewellery weight of 6.53 g. Quote stock 7232_6528_5445 for current images and availability.,in stock,new,20090258.5 KRW,https://colourdiam.com/productdetail/Menu/7232/6528/5445,,Colour Diam,Apparel & Accessories > Jewelry,,1,,,,unisex,,,adult,,,,,,,,,GIA,Fine Jewelry
7462,0.70 ct Very light pink Diamond Ring | Colour Diam | 7462,Explore the details of 0.70 ct Very light pink Diamond Ring. The listed clarity is Si1. The supplier specifies 18K for the setting. GIA is listed as the grading laboratory. Ask to review the original report before purchase. The supplier lists a jewellery weight of 5.51 g. Quote stock 7462 for current images and availability.,in stock,new,10817831.5 KRW,https://colourdiam.com/productdetail/7462,https://colourdiam.com/Product/Jewellery/7462/white45/center.jpg,Colour Diam,Apparel & Accessories > Jewelry,,1,,,,unisex,,,adult,,,,,,,,,GIA,Fine Jewelry
7572,1.110 ct Fancy Green Diamond Ring | Colour Diam | 7572,1.110 ct Fancy Green Diamond Ring: a piece to explore in detail. The listed clarity is Si1. The supplier specifies 18K for the setting. AGL is listed as the grading laboratory. Ask to review the original report before purchase. The supplier lists a jewellery weight of 5.990 g. Quote stock 7572 for current images and availability.,in stock,new,6181618 KRW,https://colourdiam.com/productdetail/7572,https://colourdiam.com/Product/Jewellery/7572/white45/center.jpg,Colour Diam,Apparel & Accessories > Jewelry,,1,,,,unisex,,,adult,,,,,,,,,AGL,Fine Jewelry
7471,2.05 ct Fancy Green Diamond Ring | Colour Diam | 7471,Put 2.05 ct Fancy Green Diamond Ring on your personal shortlist. The listed clarity is VS2. The supplier specifies 18K for the setting. AGL is listed as the grading laboratory. Ask to review the original report before purchase. The supplier lists a jewellery weight of 6.00 g. Quote stock 7471 for current images and availability.,in stock,new,19781177.6 KRW,https://colourdiam.com/productdetail/7471,https://colourdiam.com/Product/Jewellery/7471/white45/center.jpg,Colour Diam,Apparel & Accessories > Jewelry,,1,,,,unisex,,,adult,,,,,,,,,AGL,Fine Jewelry
9596,1.38 ct Sapphire Ring | Colour Diam | 9596,Take a closer look at 1.38 ct Sapphire Ring. Ask our team about the available documentation. Quote stock 9596 for current images and availability.,in stock,new,1635037.96 KRW,https://colourdiam.com/productdetail/9596,https://colourdiam.com/Product/Jewellery/9596/black360/center.jpg,Colour Diam,Apparel & Accessories > Jewelry,,1,,,,unisex,,,adult,,,,,,,,,,Fine Jewelry
9597,7.25 ct Sapphire Ring | Colour Diam | 9597,Colour Diam presents 7.25 ct Sapphire Ring. Ask our team about the available documentation. Quote stock 9597 for current images and availability.,in stock,new,11267544.21 KRW,https://colourdiam.com/productdetail/9597,https://colourdiam.com/Product/Jewellery/9597/black360/center.jpg,Colour Diam,Apparel & Accessories > Jewelry,,1,,,,unisex,,,adult,,,,,,,,,,Fine Jewelry
9598,3.61 ct Emerald Ring | Colour Diam | 9598,Put 3.61 ct Emerald Ring on your personal shortlist. Ask our team about the available documentation. Quote stock 9598 for current images and availability.,in stock,new,3855784.23 KRW,https://colourdiam.com/productdetail/9598,https://colourdiam.com/Product/Jewellery/9598/black360/center.jpg,Colour Diam,Apparel & Accessories > Jewelry,,1,,,,unisex,,,adult,,,,,,,,,,Fine Jewelry
9599,6.016 ct Emerald Ring | Colour Diam | 9599,Find your next inspiration in 6.016 ct Emerald Ring. Ask our team about the available documentation. Quote stock 9599 for current images and availability.,in stock,new,7023863.45 KRW,https://colourdiam.com/productdetail/9599,https://colourdiam.com/Product/Jewellery/9599/black360/center.jpg,Colour Diam,Apparel & Accessories > Jewelry,,1,,,,unisex,,,adult,,,,,,,,,,Fine Jewelry
9600,2.60 ct Emerald Ring | Colour Diam | 9600,2.60 ct Emerald Ring: a piece to explore in detail. Ask our team about the available documentation. Quote stock 9600 for current images and availability.,in stock,new,7201584.97 KRW,https://colourdiam.com/productdetail/9600,https://colourdiam.com/Product/Jewellery/9600/black360/center.jpg,Colour Diam,Apparel & Accessories > Jewelry,,1,,,,unisex,,,adult,,,,,,,,,,Fine Jewelry
9601,2.15 ct Ruby Ring | Colour Diam | 9601,Your search for colour continues with 2.15 ct Ruby Ring. Ask our team about the available documentation. Quote stock 9601 for current images and availability.,in stock,new,8886075.88 KRW,https://colourdiam.com/productdetail/9601,https://colourdiam.com/Product/Jewellery/9601/black360/center.jpg,Colour Diam,Apparel & Accessories > Jewelry,,1,,,,unisex,,,adult,,,,,,,,,,Fine Jewelry
9602,6.76 ct Sapphire Ring | Colour Diam | 9602,Meet 6.76 ct Sapphire Ring from Colour Diam. Ask our team about the available documentation. Quote stock 9602 for current images and availability.,in stock,new,14485076.38 KRW,https://colourdiam.com/productdetail/9602,https://colourdiam.com/Product/Jewellery/9602/black360/center.jpg,Colour Diam,Apparel & Accessories > Jewelry,,1,,,,unisex,,,adult,,,,,,,,,,Fine Jewelry
9603,1.83 ct Sapphire Ring | Colour Diam | 9603,Discover 1.83 ct Sapphire Ring with Colour Diam. Ask our team about the available documentation. Quote stock 9603 for current images and availability.,in stock,new,3109353.85 KRW,https://colourdiam.com/productdetail/9603,https://colourdiam.com/Product/Jewellery/9603/black360/center.jpg,Colour Diam,Apparel & Accessories > Jewelry,,1,,,,unisex,,,adult,,,,,,,,,,Fine Jewelry
9604,0.87 ct Sapphire Ring | Colour Diam | 9604,Explore the details of 0.87 ct Sapphire Ring. Ask our team about the available documentation. Quote stock 9604 for current images and availability.,in stock,new,1332138.68 KRW,https://colourdiam.com/productdetail/9604,https://colourdiam.com/Product/Jewellery/9604/black360/center.jpg,Colour Diam,Apparel & Accessories > Jewelry,,1,,,,unisex,,,adult,,,,,,,,,,Fine Jewelry
9605,1.00 ct Sapphire Ring | Colour Diam | 9605,1.00 ct Sapphire Ring brings its own character to your selection. Ask our team about the available documentation. Quote stock 9605 for current images and availability.,in stock,new,1332138.68 KRW,https://colourdiam.com/productdetail/9605,https://colourdiam.com/Product/Jewellery/9605/black360/center.jpg,Colour Diam,Apparel & Accessories > Jewelry,,1,,,,unisex,,,adult,,,,,,,,,,Fine Jewelry
9608,2.80 ct Emerald Ring | Colour Diam | 9608,Take a closer look at 2.80 ct Emerald Ring. GIA is listed as the grading laboratory. Ask to review the original report before purchase. Quote stock 9608 for current images and availability.,in stock,new,10933736.84 KRW,https://colourdiam.com/productdetail/9608,https://colourdiam.com/Product/Jewellery/9608/black360/center.jpg,Colour Diam,Apparel & Accessories > Jewelry,,1,,,,unisex,,,adult,,,,,,,,,GIA,Fine Jewelry
9609,4.74 ct Emerald Ring | Colour Diam | 9609,Colour Diam presents 4.74 ct Emerald Ring. Ask our team about the available documentation. Quote stock 9609 for current images and availability.,in stock,new,15454045 KRW,https://colourdiam.com/productdetail/9609,https://colourdiam.com/Product/Jewellery/9609/black360/center.jpg,Colour Diam,Apparel & Accessories > Jewelry,,1,,,,unisex,,,adult,,,,,,,,,,Fine Jewelry
9610,2.42 ct Emerald Ring | Colour Diam | 9610,Make 2.42 ct Emerald Ring the starting point of your colour story. GRS is listed as the grading laboratory. Ask to review the original report before purchase. Quote stock 9610 for current images and availability.,in stock,new,7819746.77 KRW,https://colourdiam.com/productdetail/9610,https://colourdiam.com/Product/Jewellery/9610/black360/center.jpg,Colour Diam,Apparel & Accessories > Jewelry,,1,,,,unisex,,,adult,,,,,,,,,GRS,Fine Jewelry
9611,1.24 ct Emerald Ring | Colour Diam | 9611,Take a closer look at 1.24 ct Emerald Ring. Ask our team about the available documentation. Quote stock 9611 for current images and availability.,in stock,new,4744391.82 KRW,https://colourdiam.com/productdetail/9611,https://colourdiam.com/Product/Jewellery/9611/black360/center.jpg,Colour Diam,Apparel & Accessories > Jewelry,,1,,,,unisex,,,adult,,,,,,,,,,Fine Jewelry
9612,3.66 ct Emerald Ring | Colour Diam | 9612,Colour Diam presents 3.66 ct Emerald Ring. Ask our team about the available documentation. Quote stock 9612 for current images and availability.,in stock,new,9329606.97 KRW,https://colourdiam.com/productdetail/9612,https://colourdiam.com/Product/Jewellery/9612/black360/center.jpg,Colour Diam,Apparel & Accessories > Jewelry,,1,,,,unisex,,,adult,,,,,,,,,,Fine Jewelry
7820,3.26 ct Light Greenish Yellow Diamond Ring | Colour Diam | 7820,Meet 3.26 ct Light Greenish Yellow Diamond Ring from Colour Diam. The listed clarity is VS2. The supplier specifies 18K for the setting. GIA is listed as the grading laboratory. Ask to review the original report before purchase. Quote stock 7820 for current images and availability.,in stock,new,43271326 KRW,https://colourdiam.com/productdetail/7820,https://colourdiam.com/Product/Jewellery/7820/white45/center.jpg,Colour Diam,Apparel & Accessories > Jewelry,,1,,,,unisex,,,adult,,,,,,,,,GIA,Fine Jewelry
9595,16.32 ct Sapphire Bracelet | Colour Diam | 9595,Make 16.32 ct Sapphire Bracelet the starting point of your colour story. Ask our team about the available documentation. The supplier lists a jewellery weight of 19.506 g. Quote stock 9595 for current images and availability.,in stock,new,849972.48 KRW,https://colourdiam.com/productdetail/9595,https://colourdiam.com/Product/Jewellery/9595/white360/center.jpg,Colour Diam,Apparel & Accessories > Jewelry,,1,,,,unisex,,,adult,,,,,,,,,,Fine Jewelry
8588,1.00 ct Diamond Ring | Colour Diam | 8588,Take a closer look at 1.00 ct Diamond Ring. The listed clarity is I1. The supplier specifies 18K for the setting. GIA is listed as the grading laboratory. Ask to review the original report before purchase. The supplier lists a jewellery weight of 4.190 g. Quote stock 8588 for current images and availability.,in stock,new,5563456.2 KRW,https://colourdiam.com/productdetail/8588,https://colourdiam.com/Product/Jewellery/8588/white45/center.jpg,Colour Diam,Apparel & Accessories > Jewelry,,1,,,,unisex,,,adult,,,,,,,,,GIA,Fine Jewelry
8330,1.50 ct Fancy Brownish Greenish Yellow Diamond Ring | Colour Diam | 8330,Find your next inspiration in 1.50 ct Fancy Brownish Greenish Yellow Diamond Ring. The listed clarity is VS2. The supplier specifies 18K for the setting. GIA is listed as the grading laboratory. Ask to review the original report before purchase. The supplier lists a jewellery weight of 3.870 g. Quote stock 8330 for current images and availability.,in stock,new,11590533.75 KRW,https://colourdiam.com/productdetail/8330,https://colourdiam.com/Product/Jewellery/8330/white45/center.jpg,Colour Diam,Apparel & Accessories > Jewelry,,1,,,,unisex,,,adult,,,,,,,,,GIA,Fine Jewelry
7669,2.50 ct Fancy Brownish Greenish Yellow Diamond Ring | Colour Diam | 7669,Your search for colour continues with 2.50 ct Fancy Brownish Greenish Yellow Diamond Ring. The listed clarity is VS2. The supplier specifies 18K for the setting. GIA is listed as the grading laboratory. Ask to review the original report before purchase. The supplier lists a jewellery weight of 6.490 g. Quote stock 7669 for current images and availability.,in stock,new,19317556.25 KRW,https://colourdiam.com/productdetail/7669,https://colourdiam.com/Product/Jewellery/7669/white45/center.jpg,Colour Diam,Apparel & Accessories > Jewelry,,1,,,,unisex,,,adult,,,,,,,,,GIA,Fine Jewelry
2772,0.72 ct Faint Blue Diamond RING | Colour Diam | 2772,Discover 0.72 ct Faint Blue Diamond RING with Colour Diam. The listed clarity is VVS2. The supplier specifies 18K for the setting. CGL is listed as the grading laboratory. Ask to review the original report before purchase. The supplier lists a jewellery weight of 4.317 g. Quote stock 2772 for current images and availability.,in stock,new,23181067.5 KRW,https://colourdiam.com/productdetail/2772,https://colourdiam.com/Product/Jewellery/2772/white45/center.jpg,Colour Diam,Apparel & Accessories > Jewelry,,1,,,,unisex,,,adult,,,,,,,,,CGL,Fine Jewelry
4329_5655,1.01 ct Fancy Green Diamond Ring | Colour Diam | 4329_5655,Your search for colour continues with 1.01 ct Fancy Green Diamond Ring. The listed clarity is vs. The supplier specifies 18K for the setting. AGL is listed as the grading laboratory. Ask to review the original report before purchase. The supplier lists a jewellery weight of 3.606 g. Quote stock 4329_5655 for current images and availability.,in stock,new,7727022.5 KRW,https://colourdiam.com/productdetail/Menu/4329/5655,https://www.colourdiam.com/Product/Jewellery/4329_5655/white45/center.jpg,Colour Diam,Apparel & Accessories > Jewelry,,1,,,,unisex,,,adult,,,,,,,,,AGL,Fine Jewelry
5777,1.61 ct Diamond Ring | Colour Diam | 5777,1.61 ct Diamond Ring brings its own character to your selection. The supplier specifies 18K for the setting. GIA is listed as the grading laboratory. Ask to review the original report before purchase. The supplier lists a jewellery weight of 5.477 g. Quote stock 5777 for current images and availability.,in stock,new,6181618 KRW,https://colourdiam.com/productdetail/5777,https://colourdiam.com/Product/Jewellery/5777/white45/center.jpg,Colour Diam,Apparel & Accessories > Jewelry,,1,,,,unisex,,,adult,,,,,,,,,GIA,Fine Jewelry
9552,0.17 ct Fancy Pink Diamond Pendant | Colour Diam | 9552,0.17 ct Fancy Pink Diamond Pendant: a piece to explore in detail. The supplier specifies 18K for the setting. Ask our team about the available documentation. The supplier lists a jewellery weight of 1.236 g. Quote stock 9552 for current images and availability.,in stock,new,772702.25 KRW,https://colourdiam.com/productdetail/9552,https://colourdiam.com/Product/Jewellery/9552/white360/center.jpg,Colour Diam,Apparel & Accessories > Jewelry,,1,,,,unisex,,,adult,,,,,,,,,,Fine Jewelry
9553,0.17 ct Fancy Pink Diamond Pendant | Colour Diam | 9553,Your search for colour continues with 0.17 ct Fancy Pink Diamond Pendant. The supplier specifies 18K for the setting. Ask our team about the available documentation. The supplier lists a jewellery weight of 1.215 g. Quote stock 9553 for current images and availability.,in stock,new,772702.25 KRW,https://colourdiam.com/productdetail/9553,https://colourdiam.com/Product/Jewellery/9553/white360/CENTER.jpg,Colour Diam,Apparel & Accessories > Jewelry,,1,,,,unisex,,,adult,,,,,,,,,,Fine Jewelry
9554,0.17 ct Fancy Pink Diamond Pendant | Colour Diam | 9554,Meet 0.17 ct Fancy Pink Diamond Pendant from Colour Diam. The supplier specifies 18K for the setting. Ask our team about the available documentation. The supplier lists a jewellery weight of 1.217 g. Quote stock 9554 for current images and availability.,in stock,new,772702.25 KRW,https://colourdiam.com/productdetail/9554,https://colourdiam.com/Product/Jewellery/9554/white360/CENTER.jpg,Colour Diam,Apparel & Accessories > Jewelry,,1,,,,unisex,,,adult,,,,,,,,,,Fine Jewelry
9555,0.17 ct Fancy Pink Diamond Pendant | Colour Diam | 9555,Discover 0.17 ct Fancy Pink Diamond Pendant with Colour Diam. The supplier specifies 18K for the setting. Ask our team about the available documentation. The supplier lists a jewellery weight of 1.216 g. Quote stock 9555 for current images and availability.,in stock,new,772702.25 KRW,https://colourdiam.com/productdetail/9555,https://colourdiam.com/Product/Jewellery/9555/white360/center.jpg,Colour Diam,Apparel & Accessories > Jewelry,,1,,,,unisex,,,adult,,,,,,,,,,Fine Jewelry
9556,0.17 ct Fancy Pink Diamond Pendant | Colour Diam | 9556,Explore the details of 0.17 ct Fancy Pink Diamond Pendant. The supplier specifies 18K for the setting. Ask our team about the available documentation. The supplier lists a jewellery weight of 1.222 g. Quote stock 9556 for current images and availability.,in stock,new,772702.25 KRW,https://colourdiam.com/productdetail/9556,https://colourdiam.com/Product/Jewellery/9556/white360/center.jpg,Colour Diam,Apparel & Accessories > Jewelry,,1,,,,unisex,,,adult,,,,,,,,,,Fine Jewelry
9468,6.11 ct Fancy Brownish Greenish Yellow Pear Diamond | Colour Diam | 9468,6.11 ct Fancy Brownish Greenish Yellow Pear Diamond: a piece to explore in detail. The listed clarity is I1. Measurements: 14.66 x 9.19 x 6.31 mm. GIA is listed as the grading laboratory. Ask to review the original report before purchase. Polish EX and symmetry GD are listed in the stock record. Quote stock 9468 for current images and availability.,in stock,new,16996358.69 KRW,https://www.colourdiam.com/diamonddetails/Diamonds/Product/9468,https://www.colourdiam.com/Product/Diamond/9468/still.jpg,Colour Diam,Apparel & Accessories > Jewelry,,1,,,,unisex,Fancy Brownish Greenish Yellow,,adult,,,,,,,,,GIA,Fine Jewelry
9582,4.09 ct D Asscher Diamond | Colour Diam | 9582,Colour Diam presents 4.09 ct D Asscher Diamond. The listed clarity is VVS2. Measurements: 8.96 x 8.49 x 5.50 mm. IGI is listed as the grading laboratory. Ask to review the original report before purchase. Polish EX and symmetry EX are listed in the stock record. Quote stock 9582 for current images and availability.,in stock,new,,https://www.colourdiam.com/diamonddetails/Diamonds/Product/9582,https://www.colourdiam.com/Product/Diamond/9582/still.jpg,Colour Diam,Apparel & Accessories > Jewelry,,1,,,,unisex,D,,adult,,,,,,,,,IGI,Fine Jewelry
9583,4.07 ct D Asscher Diamond | Colour Diam | 9583,Put 4.07 ct D Asscher Diamond on your personal shortlist. The listed clarity is VVS2. Measurements: 9.00 x 8.52 x 5.70 mm. IGI is listed as the grading laboratory. Ask to review the original report before purchase. Polish EX and symmetry EX are listed in the stock record. Quote stock 9583 for current images and availability.,in stock,new,,https://www.colourdiam.com/diamonddetails/Diamonds/Product/9583,https://www.colourdiam.com/Product/Diamond/9583/still.jpg,Colour Diam,Apparel & Accessories > Jewelry,,1,,,,unisex,D,,adult,,,,,,,,,IGI,Fine Jewelry
8732,3.52 ct U-V Radiant Diamond | Colour Diam | 8732,3.52 ct U-V Radiant Diamond brings its own character to your selection. The listed clarity is SI2. Measurements: 8.81 x 7.52 x 5.22 mm. GIA is listed as the grading laboratory. Ask to review the original report before purchase. Polish VG and symmetry VG are listed in the stock record. Quote stock 8732 for current images and availability.,in stock,new,10879647.68 KRW,https://www.colourdiam.com/diamonddetails/Diamonds/Product/8732,https://www.colourdiam.com/Product/Diamond/8732/still.jpg,Colour Diam,Apparel & Accessories > Jewelry,,1,,,,unisex,U-V,,adult,,,,,,,,,GIA,Fine Jewelry
7670,3.19 ct Fancy Light Yellow Pear Diamond | Colour Diam | 7670,Find your next inspiration in 3.19 ct Fancy Light Yellow Pear Diamond. The listed clarity is VS1. Measurements: 12.13X7.49X4.86 mm. GIA is listed as the grading laboratory. Ask to review the original report before purchase. Polish EX and symmetry EX are listed in the stock record. Quote stock 7670 for current images and availability.,in stock,new,27114121.95 KRW,https://www.colourdiam.com/diamonddetails/Diamonds/Product/7670,https://www.colourdiam.com/Product/Diamond/7670/still.jpg,Colour Diam,Apparel & Accessories > Jewelry,,1,,,,unisex,Fancy Light Yellow,,adult,,,,,,,,,GIA,Fine Jewelry
9577,3.02 ct H Round Diamond | Colour Diam | 9577,Make 3.02 ct H Round Diamond the starting point of your colour story. The listed clarity is VS2. Measurements: 9.24 - 9.30 x 5.75 mm. GIA is listed as the grading laboratory. Ask to review the original report before purchase. Polish EX and symmetry EX are listed in the stock record. Quote stock 9577 for current images and availability.,in stock,new,,https://www.colourdiam.com/diamonddetails/Diamonds/Product/9577,https://www.colourdiam.com/Product/Diamond/9577/still.jpg,Colour Diam,Apparel & Accessories > Jewelry,,1,,,,unisex,H,,adult,,,,,,,,,GIA,Fine Jewelry
9581,3.01 ct Faint Pinkish Brown Round Diamond | Colour Diam | 9581,Take a closer look at 3.01 ct Faint Pinkish Brown Round Diamond. The listed clarity is VS2. Measurements: 9.00 - 9.07 X 5.81 mm. GIA is listed as the grading laboratory. Ask to review the original report before purchase. Polish EX and symmetry VG are listed in the stock record. Quote stock 9581 for current images and availability.,in stock,new,32561672.82 KRW,https://www.colourdiam.com/diamonddetails/Diamonds/Product/9581,https://www.colourdiam.com/Product/Diamond/9581/still.jpg,Colour Diam,Apparel & Accessories > Jewelry,,1,,,,unisex,Faint Pinkish Brown,,adult,,,,,,,,,GIA,Fine Jewelry
6282,3.01 ct H Cushion Diamond | Colour Diam | 6282,Colour Diam presents 3.01 ct H Cushion Diamond. The listed clarity is VVS2. Measurements: 8.06 X 7.27 X 5.50 mm. HRD is listed as the grading laboratory. Ask to review the original report before purchase. Polish EX and symmetry EX are listed in the stock record. Quote stock 6282 for current images and availability.,in stock,new,32077894.02 KRW,https://www.colourdiam.com/diamonddetails/Diamonds/Product/6282,https://www.colourdiam.com/Product/Diamond/6282/still.jpg,Colour Diam,Apparel & Accessories > Jewelry,,1,,,,unisex,H,,adult,,,,,,,,,HRD,Fine Jewelry
6796,3 ct Fancy Yellow Pear Diamond | Colour Diam | 6796,Your search for colour continues with 3 ct Fancy Yellow Pear Diamond. The listed clarity is VS2. Measurements: 11.56 X 7.52 X 4.63 mm. GIA is listed as the grading laboratory. Ask to review the original report before purchase. Polish VG and symmetry GD are listed in the stock record. Quote stock 6796 for current images and availability.,in stock,new,32453494.5 KRW,https://www.colourdiam.com/diamonddetails/Diamonds/Product/6796,https://www.colourdiam.com/Product/Diamond/6796/still.jpg,Colour Diam,Apparel & Accessories > Jewelry,,1,,,,unisex,Fancy Yellow,,adult,,,,,,,,,GIA,Fine Jewelry
9504,3 ct Fancy Brownish Greenish Yellow Cushion Diamond | Colour Diam | 9504,Discover 3 ct Fancy Brownish Greenish Yellow Cushion Diamond with Colour Diam. The listed clarity is SI1. Measurements: 8.38X7.33X5.21 mm. GIA is listed as the grading laboratory. Ask to review the original report before purchase. Polish EX and symmetry EX are listed in the stock record. Quote stock 9504 for current images and availability.,in stock,new,11590533.75 KRW,https://www.colourdiam.com/diamonddetails/Diamonds/Product/9504,https://www.colourdiam.com/Product/Diamond/9504/still.jpg,Colour Diam,Apparel & Accessories > Jewelry,,1,,,,unisex,Fancy Brownish Greenish Yellow,,adult,,,,,,,,,GIA,Fine Jewelry
3070,2.52 ct Fancy Deep Pink Emerald Diamond | Colour Diam | 3070,Your search for colour continues with 2.52 ct Fancy Deep Pink Emerald Diamond. The listed clarity is SI1. Measurements: 9.26X6.33X4.16 mm. GIA is listed as the grading laboratory. Ask to review the original report before purchase. Polish EX and symmetry GD are listed in the stock record. Quote stock 3070 for current images and availability.,in stock,new,9736048.35 KRW,https://www.colourdiam.com/diamonddetails/Diamonds/Product/3070,https://www.colourdiam.com/Product/Diamond/3070/still.jpg,Colour Diam,Apparel & Accessories > Jewelry,,1,,,,unisex,Fancy Deep Pink,,adult,,,,,,,,,GIA,Fine Jewelry
9545,2.5 ct Fancy Grayish Yellowish Green Oval Diamond | Colour Diam | 9545,Take a closer look at 2.5 ct Fancy Grayish Yellowish Green Oval Diamond. The listed clarity is SI2. Measurements: 10.66 x 7.37 x 4.68 mm. GIA is listed as the grading laboratory. Ask to review the original report before purchase. Polish EX and symmetry EX are listed in the stock record. Quote stock 9545 for current images and availability.,in stock,new,17385800.63 KRW,https://www.colourdiam.com/diamonddetails/Diamonds/Product/9545,https://www.colourdiam.com/Product/Diamond/9545/still.jpg,Colour Diam,Apparel & Accessories > Jewelry,,1,,,,unisex,Fancy Grayish Yellowish Green,,adult,,,,,,,,,GIA,Fine Jewelry
7669,2.5 ct Fancy Brownish Greenish Yellow Cushion Diamond | Colour Diam | 7669,Your search for colour continues with 2.5 ct Fancy Brownish Greenish Yellow Cushion Diamond. The listed clarity is VS2. Measurements: 7.66 x 7.13 x 4.98 mm. GIA is listed as the grading laboratory. Ask to review the original report before purchase. Polish VG and symmetry VG are listed in the stock record. Quote stock 7669 for current images and availability.,in stock,new,8886075.88 KRW,https://www.colourdiam.com/diamonddetails/Diamonds/Product/7669,https://www.colourdiam.com/Product/Diamond/7669/still.jpg,Colour Diam,Apparel & Accessories > Jewelry,,1,,,,unisex,Fancy Brownish Greenish Yellow,,adult,,,,,,,,,GIA,Fine Jewelry
7295,2.5 ct Fancy Brownish Greenish Yellow Cushion Diamond | Colour Diam | 7295,Meet 2.5 ct Fancy Brownish Greenish Yellow Cushion Diamond from Colour Diam. The listed clarity is SI2. Measurements: 7.31 x 7.11 x 4.89 mm. GIA is listed as the grading laboratory. Ask to review the original report before purchase. Polish VG and symmetry VG are listed in the stock record. Quote stock 7295 for current images and availability.,in stock,new,5795266.88 KRW,https://www.colourdiam.com/diamonddetails/Diamonds/Product/7295,https://www.colourdiam.com/Product/Diamond/7295/still.jpg,Colour Diam,Apparel & Accessories > Jewelry,,1,,,,unisex,Fancy Brownish Greenish Yellow,,adult,,,,,,,,,GIA,Fine Jewelry
9549,2.3 ct F Pear Diamond | Colour Diam | 9549,2.3 ct F Pear Diamond: a piece to explore in detail. The listed clarity is VS2. Measurements: 10.43 x 6.52 x 4.37 mm. GIA is listed as the grading laboratory. Ask to review the original report before purchase. Polish VG and symmetry VG are listed in the stock record. Quote stock 9549 for current images and availability.,in stock,new,44430379.38 KRW,https://www.colourdiam.com/diamonddetails/Diamonds/Product/9549,https://www.colourdiam.com/Product/Diamond/9549/still.jpg,Colour Diam,Apparel & Accessories > Jewelry,,1,,,,unisex,F,,adult,,,,,,,,,GIA,Fine Jewelry
4143,2.24 ct G Shield Diamond | Colour Diam | 4143,Discover 2.24 ct G Shield Diamond with Colour Diam. The listed clarity is I1. Measurements: 8.31*15.76*2.45 mm. GIA is listed as the grading laboratory. Ask to review the original report before purchase. Polish G and symmetry VG are listed in the stock record. Quote stock 4143 for current images and availability.,in stock,new,8308094.59 KRW,https://www.colourdiam.com/diamonddetails/Diamonds/Product/4143,https://www.colourdiam.com/Product/Diamond/4143/still.jpg,Colour Diam,Apparel & Accessories > Jewelry,,1,,,,unisex,G,,adult,,,,,,,,,GIA,Fine Jewelry
7651,2.02 ct Faint Pink Cushion Diamond | Colour Diam | 7651,Put 2.02 ct Faint Pink Cushion Diamond on your personal shortlist. The listed clarity is SI2. Measurements: 7.38 X 6.80 X 4.55 mm. GIA is listed as the grading laboratory. Ask to review the original report before purchase. Polish EX and symmetry EX are listed in the stock record. Quote stock 7651 for current images and availability.,in stock,new,42143180.72 KRW,https://www.colourdiam.com/diamonddetails/Diamonds/Product/7651,https://www.colourdiam.com/Product/Diamond/7651/still.jpg,Colour Diam,Apparel & Accessories > Jewelry,,1,,,,unisex,Faint Pink,,adult,,,,,,,,,GIA,Fine Jewelry
6032,2.02 ct E Round Diamond | Colour Diam | 6032,Take a closer look at 2.02 ct E Round Diamond. The listed clarity is VVS1. Measurements: 8.31 x 8.37 x 4.85 mm. GIA is listed as the grading laboratory. Ask to review the original report before purchase. Polish EX and symmetry EX are listed in the stock record. Quote stock 6032 for current images and availability.,in stock,new,56190907.62 KRW,https://www.colourdiam.com/diamonddetails/Diamonds/Product/6032,https://www.colourdiam.com/Product/Diamond/6032/still.jpg,Colour Diam,Apparel & Accessories > Jewelry,,1,,,,unisex,E,,adult,,,,,,,,,GIA,Fine Jewelry
8491,2.01 ct Fancy Vivid Yellow Heart Diamond | Colour Diam | 8491,Make 2.01 ct Fancy Vivid Yellow Heart Diamond the starting point of your colour story. The listed clarity is SI2. Measurements: 6.89X7.66X4.71 mm. GIA is listed as the grading laboratory. Ask to review the original report before purchase. Polish EX and symmetry VG are listed in the stock record. Quote stock 8491 for current images and availability.,in stock,new,22365093.92 KRW,https://www.colourdiam.com/diamonddetails/Diamonds/Product/8491,https://www.colourdiam.com/Product/Diamond/8491/still.jpg,Colour Diam,Apparel & Accessories > Jewelry,,1,,,,unisex,Fancy Vivid Yellow,,adult,,,,,,,,,GIA,Fine Jewelry
9219,2.01 ct Fancy Light Greenish Yellow Cushion Diamond | Colour Diam | 9219,2.01 ct Fancy Light Greenish Yellow Cushion Diamond: a piece to explore in detail. The listed clarity is SI2. Measurements: 6.85 x 6.66 x 4.63 mm. GIA is listed as the grading laboratory. Ask to review the original report before purchase. Polish VG and symmetry VG are listed in the stock record. Quote stock 9219 for current images and availability.,in stock,new,11182546.96 KRW,https://www.colourdiam.com/diamonddetails/Diamonds/Product/9219,https://www.colourdiam.com/Product/Diamond/9219/still.jpg,Colour Diam,Apparel & Accessories > Jewelry,,1,,,,unisex,Fancy Light Greenish Yellow,,adult,,,,,,,,,GIA,Fine Jewelry
6918,2.01 ct Very Light Pink Oval Diamond | Colour Diam | 6918,Colour Diam presents 2.01 ct Very Light Pink Oval Diamond. The listed clarity is SI2. Measurements: 9.70 x 6.85 x 4.56 mm. GIA is listed as the grading laboratory. Ask to review the original report before purchase. Polish EX and symmetry VG are listed in the stock record. Quote stock 6918 for current images and availability.,in stock,new,69027373.35 KRW,https://www.colourdiam.com/diamonddetails/Diamonds/Product/6918,https://www.colourdiam.com/Product/Diamond/6918/still.jpg,Colour Diam,Apparel & Accessories > Jewelry,,1,,,,unisex,Very Light Pink,,adult,,,,,,,,,GIA,Fine Jewelry
5484,2 ct Fancy Brownish Purplish Pink Cushion Diamond | Colour Diam | 5484,Consider 2 ct Fancy Brownish Purplish Pink Cushion Diamond for your next jewellery consultation. The listed clarity is SI1. Measurements: 7.58X6.88X4.41 mm. GIA is listed as the grading laboratory. Ask to review the original report before purchase. Polish EX and symmetry GD are listed in the stock record. Quote stock 5484 for current images and availability.,in stock,new,77270225 KRW,https://www.colourdiam.com/diamonddetails/Diamonds/Product/5484,https://www.colourdiam.com/Product/Diamond/5484/still.jpg,Colour Diam,Apparel & Accessories > Jewelry,,1,,,,unisex,Fancy Brownish Purplish Pink,,adult,,,,,,,,,GIA,Fine Jewelry
9409,2 ct Fancy Yellow Green Pear Diamond | Colour Diam | 9409,Make 2 ct Fancy Yellow Green Pear Diamond the starting point of your colour story. The listed clarity is VVS2. Measurements: 10.85 x 6.95 x 4.43 mm. GIA is listed as the grading laboratory. Ask to review the original report before purchase. Polish EX and symmetry VG are listed in the stock record. Quote stock 9409 for current images and availability.,in stock,new,18544854 KRW,https://www.colourdiam.com/diamonddetails/Diamonds/Product/9409,https://www.colourdiam.com/Product/Diamond/9409/still.jpg,Colour Diam,Apparel & Accessories > Jewelry,,1,,,,unisex,Fancy Yellow Green,,adult,,,,,,,,,GIA,Fine Jewelry
7698,2 ct Fancy Yellow Cushion Diamond | Colour Diam | 7698,Colour Diam presents 2 ct Fancy Yellow Cushion Diamond. The listed clarity is VS1. Measurements: 7.54X6.75X4.56 mm. GIA is listed as the grading laboratory. Ask to review the original report before purchase. Polish VG and symmetry VG are listed in the stock record. Quote stock 7698 for current images and availability.,in stock,new,11126912.4 KRW,https://www.colourdiam.com/diamonddetails/Diamonds/Product/7698,https://www.colourdiam.com/Product/Diamond/7698/still.jpg,Colour Diam,Apparel & Accessories > Jewelry,,1,,,,unisex,Fancy Yellow,,adult,,,,,,,,,GIA,Fine Jewelry
484,2 ct Fancy Yellow Radiant Diamond | Colour Diam | 484,Make 2 ct Fancy Yellow Radiant Diamond the starting point of your colour story. The listed clarity is VS1. Measurements: 7.29X6.86X4.74 mm. GIA is listed as the grading laboratory. Ask to review the original report before purchase. Polish EX and symmetry GD are listed in the stock record. Quote stock 484 for current images and availability.,in stock,new,12363236 KRW,https://www.colourdiam.com/diamonddetails/Diamonds/Product/484,https://www.colourdiam.com/Product/Diamond/484/still.jpg,Colour Diam,Apparel & Accessories > Jewelry,,1,,,,unisex,Fancy Yellow,,adult,,,,,,,,,GIA,Fine Jewelry
5693,2 ct W-X Cushion Diamond | Colour Diam | 5693,Meet 2 ct W-X Cushion Diamond from Colour Diam. The listed clarity is VVS1. Measurements: 9X77 x 6.72 x 4.68 mm. GIA is listed as the grading laboratory. Ask to review the original report before purchase. Polish EX and symmetry  are listed in the stock record. Quote stock 5693 for current images and availability.,in stock,new,6799779.8 KRW,https://www.colourdiam.com/diamonddetails/Diamonds/Product/5693,https://www.colourdiam.com/Product/Diamond/5693/still.jpg,Colour Diam,Apparel & Accessories > Jewelry,,1,,,,unisex,W-X,,adult,,,,,,,,,GIA,Fine Jewelry
358,1.86 ct Fancy White Other Diamond | Colour Diam | 358,Your search for colour continues with 1.86 ct Fancy White Other Diamond. Measurements: 13.52 x 5.17 x 3.32 mm. GIA is listed as the grading laboratory. Ask to review the original report before purchase. Quote stock 358 for current images and availability.,in stock,new,8623357.11 KRW,https://www.colourdiam.com/diamonddetails/Diamonds/Product/358,https://www.colourdiam.com/Product/Diamond/358/still.jpg,Colour Diam,Apparel & Accessories > Jewelry,,1,,,,unisex,Fancy White,,adult,,,,,,,,,GIA,Fine Jewelry
6076,1.78 ct M Oval Diamond | Colour Diam | 6076,Explore the details of 1.78 ct M Oval Diamond. The listed clarity is SI2. Measurements: 8.31 X 6.04 X 4.35 mm. IGI is listed as the grading laboratory. Ask to review the original report before purchase. Polish VG and symmetry VG are listed in the stock record. Quote stock 6076 for current images and availability.,in stock,new,3056165.06 KRW,https://www.colourdiam.com/diamonddetails/Diamonds/Product/6076,https://www.colourdiam.com/Product/Diamond/6076/still.jpg,Colour Diam,Apparel & Accessories > Jewelry,,1,,,,unisex,M,,adult,,,,,,,,,IGI,Fine Jewelry
2983,1.72 ct Fancy Yellow Green Round Diamond | Colour Diam | 2983,Your search for colour continues with 1.72 ct Fancy Yellow Green Round Diamond. The listed clarity is SI1. Measurements: 7.87X6.76X3.45 mm. CGL is listed as the grading laboratory. Ask to review the original report before purchase. Quote stock 2983 for current images and availability.,in stock,new,2679355.13 KRW,https://www.colourdiam.com/diamonddetails/Diamonds/Product/2983,https://www.colourdiam.com/Product/Diamond/2983/still.jpg,Colour Diam,Apparel & Accessories > Jewelry,,1,,,,unisex,Fancy Yellow Green,,adult,,,,,,,,,CGL,Fine Jewelry
2848,1.7 ct Fancy Deep Brownish Orangy Yellow Pear Diamond | Colour Diam | 2848,Your search for colour continues with 1.7 ct Fancy Deep Brownish Orangy Yellow Pear Diamond. The listed clarity is I2. Measurements: 9.05X5.95X4.22 mm. GIA is listed as the grading laboratory. Ask to review the original report before purchase. Polish VG and symmetry GD are listed in the stock record. Quote stock 2848 for current images and availability.,in stock,new,2364468.89 KRW,https://www.colourdiam.com/diamonddetails/Diamonds/Product/2848,https://www.colourdiam.com/Product/Diamond/2848/still.jpg,Colour Diam,Apparel & Accessories > Jewelry,,1,,,,unisex,Fancy Deep Brownish Orangy Yellow,,adult,,,,,,,,,GIA,Fine Jewelry
2552,1.69 ct Fancy Yellowish Brown Round Diamond | Colour Diam | 2552,Find your next inspiration in 1.69 ct Fancy Yellowish Brown Round Diamond. The listed clarity is SI2. Measurements: 7.4*5.64*4.62 mm. CGL is listed as the grading laboratory. Ask to review the original report before purchase. Quote stock 2552 for current images and availability.,in stock,new,3395253.69 KRW,https://www.colourdiam.com/diamonddetails/Diamonds/Product/2552,https://www.colourdiam.com/Product/Diamond/2552/still.jpg,Colour Diam,Apparel & Accessories > Jewelry,,1,,,,unisex,Fancy Yellowish Brown,,adult,,,,,,,,,CGL,Fine Jewelry
2550,1.66 ct Fancy Greenish Yellow Round Diamond | Colour Diam | 2550,Colour Diam presents 1.66 ct Fancy Greenish Yellow Round Diamond. The listed clarity is I1. Measurements: XX mm. CGL is listed as the grading laboratory. Ask to review the original report before purchase. Quote stock 2550 for current images and availability.,in stock,new,2565371.47 KRW,https://www.colourdiam.com/diamonddetails/Diamonds/Product/2550,https://www.colourdiam.com/Product/Diamond/2550/still.jpg,Colour Diam,Apparel & Accessories > Jewelry,,1,,,,unisex,Fancy Greenish Yellow,,adult,,,,,,,,,CGL,Fine Jewelry
9508,1.64 ct Fancy Light Grayish Greenish Yellow Pear Diamond | Colour Diam | 9508,Make 1.64 ct Fancy Light Grayish Greenish Yellow Pear Diamond the starting point of your colour story. The listed clarity is VS1. Measurements: 9.32 x 5.83 x 3.95 mm. GIA is listed as the grading laboratory. Ask to review the original report before purchase. Polish EX and symmetry EX are listed in the stock record. Quote stock 9508 for current images and availability.,in stock,new,3548248.73 KRW,https://www.colourdiam.com/diamonddetails/Diamonds/Product/9508,https://www.colourdiam.com/Product/Diamond/9508/still.jpg,Colour Diam,Apparel & Accessories > Jewelry,,1,,,,unisex,Fancy Light Grayish Greenish Yellow,,adult,,,,,,,,,GIA,Fine Jewelry
9559,1.56 ct Light Greenish Yellow Pear Diamond | Colour Diam | 9559,Make 1.56 ct Light Greenish Yellow Pear Diamond the starting point of your colour story. The listed clarity is SI1. Measurements: 8.86 X 5.61 X 3.91 mm. GIA is listed as the grading laboratory. Ask to review the original report before purchase. Polish EX and symmetry VG are listed in the stock record. Quote stock 9559 for current images and availability.,in stock,new,3977871.18 KRW,https://www.colourdiam.com/diamonddetails/Diamonds/Product/9559,https://www.colourdiam.com/Product/Diamond/9559/still.jpg,Colour Diam,Apparel & Accessories > Jewelry,,1,,,,unisex,Light Greenish Yellow,,adult,,,,,,,,,GIA,Fine Jewelry
9520,1.56 ct Fancy Brownish Greenish Yellow Radiant Diamond | Colour Diam | 9520,Your search for colour continues with 1.56 ct Fancy Brownish Greenish Yellow Radiant Diamond. The listed clarity is VS2. Measurements: 7.23 X 5.64 X 3.93 mm. GIA is listed as the grading laboratory. Ask to review the original report before purchase. Polish EX and symmetry EX are listed in the stock record. Quote stock 9520 for current images and availability.,in stock,new,3013538.78 KRW,https://www.colourdiam.com/diamonddetails/Diamonds/Product/9520,https://www.colourdiam.com/Product/Diamond/9520/still.jpg,Colour Diam,Apparel & Accessories > Jewelry,,1,,,,unisex,Fancy Brownish Greenish Yellow,,adult,,,,,,,,,GIA,Fine Jewelry
9557,1.55 ct Fancy Yellow Green Pear Diamond | Colour Diam | 9557,1.55 ct Fancy Yellow Green Pear Diamond brings its own character to your selection. The listed clarity is SI1. Measurements: 9.22 X 5.71 X 3.92 mm. GIA is listed as the grading laboratory. Ask to review the original report before purchase. Polish EX and symmetry VG are listed in the stock record. Quote stock 9557 for current images and availability.,in stock,new,13174573.36 KRW,https://www.colourdiam.com/diamonddetails/Diamonds/Product/9557,https://www.colourdiam.com/Product/Diamond/9557/still.jpg,Colour Diam,Apparel & Accessories > Jewelry,,1,,,,unisex,Fancy Yellow Green,,adult,,,,,,,,,GIA,Fine Jewelry
9514,1.54 ct Fancy Light Greenish Yellow Pear Diamond | Colour Diam | 9514,Put 1.54 ct Fancy Light Greenish Yellow Pear Diamond on your personal shortlist. The listed clarity is SI1. Measurements: 9.25 X 5.71 X 3.93 mm. GIA is listed as the grading laboratory. Ask to review the original report before purchase. Polish EX and symmetry EX are listed in the stock record. Quote stock 9514 for current images and availability.,in stock,new,3807876.69 KRW,https://www.colourdiam.com/diamonddetails/Diamonds/Product/9514,https://www.colourdiam.com/Product/Diamond/9514/still.jpg,Colour Diam,Apparel & Accessories > Jewelry,,1,,,,unisex,Fancy Light Greenish Yellow,,adult,,,,,,,,,GIA,Fine Jewelry
191,1.54 ct Fancy Black Emerald Diamond | Colour Diam | 191,Take a closer look at 1.54 ct Fancy Black Emerald Diamond. Measurements: 6.78 x 6.72 x 3.34 mm. GIA is listed as the grading laboratory. Ask to review the original report before purchase. Quote stock 191 for current images and availability.,in stock,new,2855907.52 KRW,https://www.colourdiam.com/diamonddetails/Diamonds/Product/191,https://www.colourdiam.com/Product/Diamond/191/still.jpg,Colour Diam,Apparel & Accessories > Jewelry,,1,,,,unisex,Fancy Black,,adult,,,,,,,,,GIA,Fine Jewelry
9517,1.53 ct Light Greenish Yellow Pear Diamond | Colour Diam | 9517,Your search for colour continues with 1.53 ct Light Greenish Yellow Pear Diamond. The listed clarity is VS2. Measurements: 9.51 X 5.59 X 3.89 mm. GIA is listed as the grading laboratory. Ask to review the original report before purchase. Polish EX and symmetry VG are listed in the stock record. Quote stock 9517 for current images and availability.,in stock,new,3783150.22 KRW,https://www.colourdiam.com/diamonddetails/Diamonds/Product/9517,https://www.colourdiam.com/Product/Diamond/9517/still.jpg,Colour Diam,Apparel & Accessories > Jewelry,,1,,,,unisex,Light Greenish Yellow,,adult,,,,,,,,,GIA,Fine Jewelry
8709,1.52 ct Fancy Brownish Greenish Yellow Cut cornered square Diamond | Colour Diam | 8709,Discover 1.52 ct Fancy Brownish Greenish Yellow Cut cornered square Diamond with Colour Diam. The listed clarity is VS1. Measurements: 6.05 x 6.01 x 4.15 mm. GIA is listed as the grading laboratory. Ask to review the original report before purchase. Polish EX and symmetry VG are listed in the stock record. Quote stock 8709 for current images and availability.,in stock,new,3523522.26 KRW,https://www.colourdiam.com/diamonddetails/Diamonds/Product/8709,https://www.colourdiam.com/Product/Diamond/8709/still.jpg,Colour Diam,Apparel & Accessories > Jewelry,,1,,,,unisex,Fancy Brownish Greenish Yellow,,adult,,,,,,,,,GIA,Fine Jewelry
2511,1.52 ct Fancy Brownish Greenish Yellow Round Diamond | Colour Diam | 2511,Consider 1.52 ct Fancy Brownish Greenish Yellow Round Diamond for your next jewellery consultation. The listed clarity is SI1. CGL is listed as the grading laboratory. Ask to review the original report before purchase. Quote stock 2511 for current images and availability.,in stock,new,2349014.84 KRW,https://www.colourdiam.com/diamonddetails/Diamonds/Product/2511,https://www.colourdiam.com/Product/Diamond/2511/still.jpg,Colour Diam,Apparel & Accessories > Jewelry,,1,,,,unisex,Fancy Brownish Greenish Yellow,,adult,,,,,,,,,CGL,Fine Jewelry
5566,1.52 ct Very Light Pink Cushion Diamond | Colour Diam | 5566,Make 1.52 ct Very Light Pink Cushion Diamond the starting point of your colour story. The listed clarity is SI2. Measurements: 6.30X6.11X4.25 mm. GIA is listed as the grading laboratory. Ask to review the original report before purchase. Polish VG and symmetry EX are listed in the stock record. Quote stock 5566 for current images and availability.,in stock,new,28188178.08 KRW,https://www.colourdiam.com/diamonddetails/Diamonds/Product/5566,https://www.colourdiam.com/Product/Diamond/5566/still.jpg,Colour Diam,Apparel & Accessories > Jewelry,,1,,,,unisex,Very Light Pink,,adult,,,,,,,,,GIA,Fine Jewelry
4584,1.51 ct Fancy Pink Brown Pear Diamond | Colour Diam | 4584,1.51 ct Fancy Pink Brown Pear Diamond: a piece to explore in detail. The listed clarity is I1. Measurements: 9.40*6.02*3.31 mm. GIA is listed as the grading laboratory. Ask to review the original report before purchase. Polish EX and symmetry EX are listed in the stock record. Quote stock 4584 for current images and availability.,in stock,new,7777752.08 KRW,https://www.colourdiam.com/diamonddetails/Diamonds/Product/4584,https://www.colourdiam.com/Product/Diamond/4584/still.jpg,Colour Diam,Apparel & Accessories > Jewelry,,1,,,,unisex,Fancy Pink Brown,,adult,,,,,,,,,GIA,Fine Jewelry
4904,1.51 ct Fancy Light Green Yellow Heart Diamond | Colour Diam | 4904,Take a closer look at 1.51 ct Fancy Light Green Yellow Heart Diamond. The listed clarity is VS1. Measurements: 6.46*7.30*4.08 mm. GIA is listed as the grading laboratory. Ask to review the original report before purchase. Polish EX and symmetry VG are listed in the stock record. Quote stock 4904 for current images and availability.,in stock,new,9334243.18 KRW,https://www.colourdiam.com/diamonddetails/Diamonds/Product/4904,https://www.colourdiam.com/Product/Diamond/4904/still.jpg,Colour Diam,Apparel & Accessories > Jewelry,,1,,,,unisex,Fancy Light Green Yellow,,adult,,,,,,,,,GIA,Fine Jewelry
9281,1.51 ct Light Pink Round Diamond | Colour Diam | 9281,1.51 ct Light Pink Round Diamond brings its own character to your selection. The listed clarity is SI2. Measurements: 7.11 - 7.19 x 4.59 mm. GIA is listed as the grading laboratory. Ask to review the original report before purchase. Polish EX and symmetry VG are listed in the stock record. Quote stock 9281 for current images and availability.,in stock,new,42004094.31 KRW,https://www.colourdiam.com/diamonddetails/Diamonds/Product/9281,https://www.colourdiam.com/Product/Diamond/9281/still.jpg,Colour Diam,Apparel & Accessories > Jewelry,,1,,,,unisex,Light Pink,,adult,,,,,,,,,GIA,Fine Jewelry
9529,1.51 ct Fancy Brown Greenish Yellow Heart Diamond | Colour Diam | 9529,Put 1.51 ct Fancy Brown Greenish Yellow Heart Diamond on your personal shortlist. The listed clarity is SI2. Measurements: 6.75X7.39X4.03 mm. GIA is listed as the grading laboratory. Ask to review the original report before purchase. Polish EX and symmetry VG are listed in the stock record. Quote stock 9529 for current images and availability.,in stock,new,2333560.8 KRW,https://www.colourdiam.com/diamonddetails/Diamonds/Product/9529,https://www.colourdiam.com/Product/Diamond/9529/still.jpg,Colour Diam,Apparel & Accessories > Jewelry,,1,,,,unisex,Fancy Brown Greenish Yellow,,adult,,,,,,,,,GIA,Fine Jewelry
9515,1.5 ct Fancy Light Grayish Greenish Yellow Cushion Diamond | Colour Diam | 9515,Find your next inspiration in 1.5 ct Fancy Light Grayish Greenish Yellow Cushion Diamond. The listed clarity is VS2. Measurements: 7..16 X 5.70 X 3.97 mm. GIA is listed as the grading laboratory. Ask to review the original report before purchase. Polish EX and symmetry VG are listed in the stock record. Quote stock 9515 for current images and availability.,in stock,new,3245349.45 KRW,https://www.colourdiam.com/diamonddetails/Diamonds/Product/9515,https://www.colourdiam.com/Product/Diamond/9515/still.jpg,Colour Diam,Apparel & Accessories > Jewelry,,1,,,,unisex,Fancy Light Grayish Greenish Yellow,,adult,,,,,,,,,GIA,Fine Jewelry
9572,1.5 ct Fancy Yellow Round Diamond | Colour Diam | 9572,Meet 1.5 ct Fancy Yellow Round Diamond from Colour Diam. The listed clarity is SI2. Measurements: 6.99 X 7.08 X 4.66 mm. GIA is listed as the grading laboratory. Ask to review the original report before purchase. Polish EX and symmetry VG are listed in the stock record. Quote stock 9572 for current images and availability.,in stock,new,,https://www.colourdiam.com/diamonddetails/Diamonds/Product/9572,https://www.colourdiam.com/Product/Diamond/9572/still.jpg,Colour Diam,Apparel & Accessories > Jewelry,,1,,,,unisex,Fancy Yellow,,adult,,,,,,,,,GIA,Fine Jewelry
9509,1.5 ct Fancy Brownish Greenish Yellow Oval Diamond | Colour Diam | 9509,Take a closer look at 1.5 ct Fancy Brownish Greenish Yellow Oval Diamond. The listed clarity is VS2. Measurements: 8.17 X 5.81 X 3.94 mm. GIA is listed as the grading laboratory. Ask to review the original report before purchase. Polish EX and symmetry VG are listed in the stock record. Quote stock 9509 for current images and availability.,in stock,new,2897633.44 KRW,https://www.colourdiam.com/diamonddetails/Diamonds/Product/9509,https://www.colourdiam.com/Product/Diamond/9509/still.jpg,Colour Diam,Apparel & Accessories > Jewelry,,1,,,,unisex,Fancy Brownish Greenish Yellow,,adult,,,,,,,,,GIA,Fine Jewelry
727,1.5 ct Fancy Vivid Yellow Round Diamond | Colour Diam | 727,Make 1.5 ct Fancy Vivid Yellow Round Diamond the starting point of your colour story. The listed clarity is VS1. Measurements: 7.22X7.18X4.52 mm. GIA is listed as the grading laboratory. Ask to review the original report before purchase. Polish VG and symmetry VG are listed in the stock record. Quote stock 727 for current images and availability.,in stock,new,81133736.25 KRW,https://www.colourdiam.com/diamonddetails/Diamonds/Product/727,https://www.colourdiam.com/Product/Diamond/727/still.jpg,Colour Diam,Apparel & Accessories > Jewelry,,1,,,,unisex,Fancy Vivid Yellow,,adult,,,,,,,,,GIA,Fine Jewelry
3743,1.41 ct Fancy Brown Pink Radiant Diamond | Colour Diam | 3743,Meet 1.41 ct Fancy Brown Pink Radiant Diamond from Colour Diam. The listed clarity is I2. Measurements: 6.39x6.27x3.98 mm. GIA is listed as the grading laboratory. Ask to review the original report before purchase. Quote stock 3743 for current images and availability.,in stock,new,30506284.83 KRW,https://www.colourdiam.com/diamonddetails/Diamonds/Product/3743,https://www.colourdiam.com/Product/Diamond/3743/still.jpg,Colour Diam,Apparel & Accessories > Jewelry,,1,,,,unisex,Fancy Brown Pink,,adult,,,,,,,,,GIA,Fine Jewelry
5605,1.4 ct Fancy Grayish Yellowish Green Radiant Diamond | Colour Diam | 5605,Your search for colour continues with 1.4 ct Fancy Grayish Yellowish Green Radiant Diamond. The listed clarity is SI1. Measurements: 6.40 x 6.35 x 3.94 mm. GIA is listed as the grading laboratory. Ask to review the original report before purchase. Polish EX and symmetry VG are listed in the stock record. Quote stock 5605 for current images and availability.,in stock,new,5625272.38 KRW,https://www.colourdiam.com/diamonddetails/Diamonds/Product/5605,https://www.colourdiam.com/Product/Diamond/5605/still.jpg,Colour Diam,Apparel & Accessories > Jewelry,,1,,,,unisex,Fancy Grayish Yellowish Green,,adult,,,,,,,,,GIA,Fine Jewelry
6070,1.4 ct Fancy Brown Pink Radiant Diamond | Colour Diam | 6070,Put 1.4 ct Fancy Brown Pink Radiant Diamond on your personal shortlist. The listed clarity is SI2. Measurements: 6.98 X 5.46 X 3.66 mm. GIA is listed as the grading laboratory. Ask to review the original report before purchase. Polish G and symmetry GD are listed in the stock record. Quote stock 6070 for current images and availability.,in stock,new,22717446.15 KRW,https://www.colourdiam.com/diamonddetails/Diamonds/Product/6070,https://www.colourdiam.com/Product/Diamond/6070/still.jpg,Colour Diam,Apparel & Accessories > Jewelry,,1,,,,unisex,Fancy Brown Pink,,adult,,,,,,,,,GIA,Fine Jewelry
268,1.38 ct Fancy White Round Diamond | Colour Diam | 268,Make 1.38 ct Fancy White Round Diamond the starting point of your colour story. Measurements: 7.07 x 7.10 x 4.22 mm. GIA is listed as the grading laboratory. Ask to review the original report before purchase. Quote stock 268 for current images and availability.,in stock,new,6397974.63 KRW,https://www.colourdiam.com/diamonddetails/Diamonds/Product/268,https://www.colourdiam.com/Product/Diamond/268/still.jpg,Colour Diam,Apparel & Accessories > Jewelry,,1,,,,unisex,Fancy White,,adult,,,,,,,,,GIA,Fine Jewelry
2208,1.36 ct Fancy Light Green Radiant Diamond | Colour Diam | 2208,Discover 1.36 ct Fancy Light Green Radiant Diamond with Colour Diam. The listed clarity is SI1. Measurements: 6.04 x 5.94 x 4.16 mm. GIA is listed as the grading laboratory. Ask to review the original report before purchase. Polish VG and symmetry GD are listed in the stock record. Quote stock 2208 for current images and availability.,in stock,new,37831502.16 KRW,https://www.colourdiam.com/diamonddetails/Diamonds/Product/2208,https://www.colourdiam.com/Product/Diamond/2208/still.jpg,Colour Diam,Apparel & Accessories > Jewelry,,1,,,,unisex,Fancy Light Green,,adult,,,,,,,,,GIA,Fine Jewelry
1524,1.35 ct Fancy White Round Diamond | Colour Diam | 1524,Colour Diam presents 1.35 ct Fancy White Round Diamond. Measurements: 6.63X6.69X4.71 mm. GIA is listed as the grading laboratory. Ask to review the original report before purchase. Quote stock 1524 for current images and availability.,in stock,new,6258888.23 KRW,https://www.colourdiam.com/diamonddetails/Diamonds/Product/1524,https://www.colourdiam.com/Product/Diamond/1524/still.jpg,Colour Diam,Apparel & Accessories > Jewelry,,1,,,,unisex,Fancy White,,adult,,,,,,,,,GIA,Fine Jewelry
317,1.33 ct Fancy Intense Purple Pink Cut cornered square Diamond | Colour Diam | 317,Take a closer look at 1.33 ct Fancy Intense Purple Pink Cut cornered square Diamond. The listed clarity is I1. Measurements: 6.16X6.08X4.44 mm. GIA is listed as the grading laboratory. Ask to review the original report before purchase. Polish VG and symmetry GD are listed in the stock record. Quote stock 317 for current images and availability.,in stock,new,143877158.95 KRW,https://www.colourdiam.com/diamonddetails/Diamonds/Product/317,https://www.colourdiam.com/Product/Diamond/317/still.jpg,Colour Diam,Apparel & Accessories > Jewelry,,1,,,,unisex,Fancy Intense Purple Pink,,adult,,,,,,,,,GIA,Fine Jewelry
7279,1.33 ct S-T Cushion Diamond | Colour Diam | 7279,Explore the details of 1.33 ct S-T Cushion Diamond. The listed clarity is VVS2. Measurements: 5.95 X 5.94 X 4.10 mm. GIA is listed as the grading laboratory. Ask to review the original report before purchase. Polish EX and symmetry VG are listed in the stock record. Quote stock 7279 for current images and availability.,in stock,new,2877543.18 KRW,https://www.colourdiam.com/diamonddetails/Diamonds/Product/7279,https://www.colourdiam.com/Product/Diamond/7279/still.jpg,Colour Diam,Apparel & Accessories > Jewelry,,1,,,,unisex,S-T,,adult,,,,,,,,,GIA,Fine Jewelry
9575,1.32 ct F Round Diamond | Colour Diam | 9575,1.32 ct F Round Diamond brings its own character to your selection. The listed clarity is SI1. Measurements: 6.99 - 7.03 x 4.28 mm. GIA is listed as the grading laboratory. Ask to review the original report before purchase. Polish VG and symmetry VG are listed in the stock record. Quote stock 9575 for current images and availability.,in stock,new,4589851.37 KRW,https://www.colourdiam.com/diamonddetails/Diamonds/Product/9575,https://www.colourdiam.com/Product/Diamond/9575/still.jpg,Colour Diam,Apparel & Accessories > Jewelry,,1,,,,unisex,F,,adult,,,,,,,,,GIA,Fine Jewelry
5731,1.31 ct Fancy Greenish Yellow Pear Diamond | Colour Diam | 5731,Make 1.31 ct Fancy Greenish Yellow Pear Diamond the starting point of your colour story. The listed clarity is SI1. Measurements: 8.25x6.05x3.71 mm. GIA is listed as the grading laboratory. Ask to review the original report before purchase. Polish VG and symmetry GD are listed in the stock record. Quote stock 5731 for current images and availability.,in stock,new,5870991.7 KRW,https://www.colourdiam.com/diamonddetails/Diamonds/Product/5731,https://www.colourdiam.com/Product/Diamond/5731/still.jpg,Colour Diam,Apparel & Accessories > Jewelry,,1,,,,unisex,Fancy Greenish Yellow,,adult,,,,,,,,,GIA,Fine Jewelry
8730,1.31 ct Fancy Light Yellow Green Cushion Diamond | Colour Diam | 8730,Discover 1.31 ct Fancy Light Yellow Green Cushion Diamond with Colour Diam. The listed clarity is VS1. Measurements: 6.86 x 5.39 x 3.72 mm. GIA is listed as the grading laboratory. Ask to review the original report before purchase. Polish VG and symmetry VG are listed in the stock record. Quote stock 8730 for current images and availability.,in stock,new,9110159.53 KRW,https://www.colourdiam.com/diamonddetails/Diamonds/Product/8730,https://www.colourdiam.com/Product/Diamond/8730/still.jpg,Colour Diam,Apparel & Accessories > Jewelry,,1,,,,unisex,Fancy Light Yellow Green,,adult,,,,,,,,,GIA,Fine Jewelry
8889,1.3 ct Fancy Light Yellow Green Marquise Diamond | Colour Diam | 8889,1.3 ct Fancy Light Yellow Green Marquise Diamond: a piece to explore in detail. The listed clarity is SI1. Measurements: 10.93x5.82x3.59 mm. GIA is listed as the grading laboratory. Ask to review the original report before purchase. Polish VG and symmetry VG are listed in the stock record. Quote stock 8889 for current images and availability.,in stock,new,13058668.03 KRW,https://www.colourdiam.com/diamonddetails/Diamonds/Product/8889,https://www.colourdiam.com/Product/Diamond/8889/still.jpg,Colour Diam,Apparel & Accessories > Jewelry,,1,,,,unisex,Fancy Light Yellow Green,,adult,,,,,,,,,GIA,Fine Jewelry
4914,1.28 ct Light Pink Radiant Diamond | Colour Diam | 4914,Discover 1.28 ct Light Pink Radiant Diamond with Colour Diam. The listed clarity is IF. Measurements: 6.63 x 5.67 x 3.70 mm. GIA is listed as the grading laboratory. Ask to review the original report before purchase. Polish G and symmetry GD are listed in the stock record. Quote stock 4914 for current images and availability.,in stock,new,39562355.2 KRW,https://www.colourdiam.com/diamonddetails/Diamonds/Product/4914,https://www.colourdiam.com/Product/Diamond/4914/still.jpg,Colour Diam,Apparel & Accessories > Jewelry,,1,,,,unisex,Light Pink,,adult,,,,,,,,,GIA,Fine Jewelry
9525,1.27 ct Fancy Dark Brown Greenish Yellow Pear Diamond | Colour Diam | 9525,Consider 1.27 ct Fancy Dark Brown Greenish Yellow Pear Diamond for your next jewellery consultation. The listed clarity is VVS2. Measurements: 9.04X5.31X3.62 mm. GIA is listed as the grading laboratory. Ask to review the original report before purchase. Polish VG and symmetry VG are listed in the stock record. Quote stock 9525 for current images and availability.,in stock,new,2158930.09 KRW,https://www.colourdiam.com/diamonddetails/Diamonds/Product/9525,https://www.colourdiam.com/Product/Diamond/9525/still.jpg,Colour Diam,Apparel & Accessories > Jewelry,,1,,,,unisex,Fancy Dark Brown Greenish Yellow,,adult,,,,,,,,,GIA,Fine Jewelry
9526,1.26 ct Fancy Brownish Greenish Yellow Heart Diamond | Colour Diam | 9526,Make 1.26 ct Fancy Brownish Greenish Yellow Heart Diamond the starting point of your colour story. The listed clarity is VS1. Measurements: 6.23X7.33X3.62 mm. GIA is listed as the grading laboratory. Ask to review the original report before purchase. Polish EX and symmetry EX are listed in the stock record. Quote stock 9526 for current images and availability.,in stock,new,2239291.12 KRW,https://www.colourdiam.com/diamonddetails/Diamonds/Product/9526,https://www.colourdiam.com/Product/Diamond/9526/still.jpg,Colour Diam,Apparel & Accessories > Jewelry,,1,,,,unisex,Fancy Brownish Greenish Yellow,,adult,,,,,,,,,GIA,Fine Jewelry
9519,1.23 ct Fancy Light Brownish Greenish Yellow Radiant Diamond | Colour Diam | 9519,Discover 1.23 ct Fancy Light Brownish Greenish Yellow Radiant Diamond with Colour Diam. The listed clarity is VS1. Measurements: 6.72 X 5.24 X 3.60 mm. GIA is listed as the grading laboratory. Ask to review the original report before purchase. Polish EX and symmetry VG are listed in the stock record. Quote stock 9519 for current images and availability.,in stock,new,2281017.04 KRW,https://www.colourdiam.com/diamonddetails/Diamonds/Product/9519,https://www.colourdiam.com/Product/Diamond/9519/still.jpg,Colour Diam,Apparel & Accessories > Jewelry,,1,,,,unisex,Fancy Light Brownish Greenish Yellow,,adult,,,,,,,,,GIA,Fine Jewelry
7122,1.23 ct Faint Pink Round Diamond | Colour Diam | 7122,Colour Diam presents 1.23 ct Faint Pink Round Diamond. The listed clarity is VS1. Measurements: 6.83*6.89*4.24 mm. GIA is listed as the grading laboratory. Ask to review the original report before purchase. Polish EX and symmetry EX are listed in the stock record. Quote stock 7122 for current images and availability.,in stock,new,11405085.21 KRW,https://www.colourdiam.com/diamonddetails/Diamonds/Product/7122,https://www.colourdiam.com/Product/Diamond/7122/still.jpg,Colour Diam,Apparel & Accessories > Jewelry,,1,,,,unisex,Faint Pink,,adult,,,,,,,,,GIA,Fine Jewelry
8833,1.23 ct Light Greenish Yellow Cushion Diamond | Colour Diam | 8833,Make 1.23 ct Light Greenish Yellow Cushion Diamond the starting point of your colour story. The listed clarity is SI1. Measurements: 5.89 x 5.84 x 3.99 mm. GIA is listed as the grading laboratory. Ask to review the original report before purchase. Polish G and symmetry VG are listed in the stock record. Quote stock 8833 for current images and availability.,in stock,new,3801695.07 KRW,https://www.colourdiam.com/diamonddetails/Diamonds/Product/8833,https://www.colourdiam.com/Product/Diamond/8833/still.jpg,Colour Diam,Apparel & Accessories > Jewelry,,1,,,,unisex,Light Greenish Yellow,,adult,,,,,,,,,GIA,Fine Jewelry
9578,1.22 ct Fancy Green Cushion Diamond | Colour Diam | 9578,Take a closer look at 1.22 ct Fancy Green Cushion Diamond. The listed clarity is SI2. Measurements: 5.89 X 5.82 X 4.00 mm. GIA is listed as the grading laboratory. Ask to review the original report before purchase. Polish G and symmetry GD are listed in the stock record. Quote stock 9578 for current images and availability.,in stock,new,56561804.7 KRW,https://www.colourdiam.com/diamonddetails/Diamonds/Product/9578,https://www.colourdiam.com/Product/Diamond/9578/still.jpg,Colour Diam,Apparel & Accessories > Jewelry,,1,,,,unisex,Fancy Green,,adult,,,,,,,,,GIA,Fine Jewelry
8717,1.21 ct Light Green Yellow Marquise Diamond | Colour Diam | 8717,Take a closer look at 1.21 ct Light Green Yellow Marquise Diamond. The listed clarity is VVS2. Measurements: 10.48x5.58x3.41 mm. GIA is listed as the grading laboratory. Ask to review the original report before purchase. Polish EX and symmetry EX are listed in the stock record. Quote stock 8717 for current images and availability.,in stock,new,6731782 KRW,https://www.colourdiam.com/diamonddetails/Diamonds/Product/8717,https://www.colourdiam.com/Product/Diamond/8717/still.jpg,Colour Diam,Apparel & Accessories > Jewelry,,1,,,,unisex,Light Green Yellow,,adult,,,,,,,,,GIA,Fine Jewelry
9476,1.2 ct Light Green Yellow Oval Diamond | Colour Diam | 9476,1.2 ct Light Green Yellow Oval Diamond brings its own character to your selection. The listed clarity is VVS2. Measurements: 8.64 x 5.75 x 3.59 mm. GIA is listed as the grading laboratory. Ask to review the original report before purchase. Polish EX and symmetry EX are listed in the stock record. Quote stock 9476 for current images and availability.,in stock,new,3708970.8 KRW,https://www.colourdiam.com/diamonddetails/Diamonds/Product/9476,https://www.colourdiam.com/Product/Diamond/9476/still.jpg,Colour Diam,Apparel & Accessories > Jewelry,,1,,,,unisex,Light Green Yellow,,adult,,,,,,,,,GIA,Fine Jewelry
7803,1.2 ct Fancy Intense Yellow Pear Diamond | Colour Diam | 7803,Discover 1.2 ct Fancy Intense Yellow Pear Diamond with Colour Diam. The listed clarity is VS2. Measurements: 8.86 X 5.73 X 3.38 mm. GIA is listed as the grading laboratory. Ask to review the original report before purchase. Polish EX and symmetry VG are listed in the stock record. Quote stock 7803 for current images and availability.,in stock,new,6676147.44 KRW,https://www.colourdiam.com/diamonddetails/Diamonds/Product/7803,https://www.colourdiam.com/Product/Diamond/7803/still.jpg,Colour Diam,Apparel & Accessories > Jewelry,,1,,,,unisex,Fancy Intense Yellow,,adult,,,,,,,,,GIA,Fine Jewelry
105,1.16 ct Fancy Pink Purple Cushion Diamond | Colour Diam | 105,Colour Diam presents 1.16 ct Fancy Pink Purple Cushion Diamond. The listed clarity is VS1. Measurements: 5.76 X 5.49 X 3.98 mm. GIA is listed as the grading laboratory. Ask to review the original report before purchase. Polish G and symmetry GD are listed in the stock record. Quote stock 105 for current images and availability.,in stock,new,161340229.8 KRW,https://www.colourdiam.com/diamonddetails/Diamonds/Product/105,https://www.colourdiam.com/Product/Diamond/105/still.jpg,Colour Diam,Apparel & Accessories > Jewelry,,1,,,,unisex,Fancy Pink Purple,,adult,,,,,,,,,GIA,Fine Jewelry
9536,1.15 ct N Pear Diamond | Colour Diam | 9536,Meet 1.15 ct N Pear Diamond from Colour Diam. The listed clarity is VS2. Measurements: 8.85 X 5.11 X 3.49 mm. GIA is listed as the grading laboratory. Ask to review the original report before purchase. Polish VG and symmetry VG are listed in the stock record. Quote stock 9536 for current images and availability.,in stock,new,1332918.1 KRW,https://www.colourdiam.com/diamonddetails/Diamonds/Product/9536,https://www.colourdiam.com/Product/Diamond/9536/still.jpg,Colour Diam,Apparel & Accessories > Jewelry,,1,,,,unisex,N,,adult,,,,,,,,,GIA,Fine Jewelry
9165,1.14 ct Fancy Light Yellow Green Round Diamond | Colour Diam | 9165,Consider 1.14 ct Fancy Light Yellow Green Round Diamond for your next jewellery consultation. The listed clarity is SI2. Measurements: 6.69 - 6.74 x 4.13 mm. GIA is listed as the grading laboratory. Ask to review the original report before purchase. Polish G and symmetry GD are listed in the stock record. Quote stock 9165 for current images and availability.,in stock,new,10570566.78 KRW,https://www.colourdiam.com/diamonddetails/Diamonds/Product/9165,https://www.colourdiam.com/Product/Diamond/9165/still.jpg,Colour Diam,Apparel & Accessories > Jewelry,,1,,,,unisex,Fancy Light Yellow Green,,adult,,,,,,,,,GIA,Fine Jewelry
4386,1.12 ct Fancy Light Yellow Cushion Diamond | Colour Diam | 4386,1.12 ct Fancy Light Yellow Cushion Diamond: a piece to explore in detail. The listed clarity is I3. Measurements: 6.01*5.64*3.83 mm. GIA is listed as the grading laboratory. Ask to review the original report before purchase. Polish VG and symmetry VG are listed in the stock record. Quote stock 4386 for current images and availability.,in stock,new,1038511.82 KRW,https://www.colourdiam.com/diamonddetails/Diamonds/Product/4386,https://www.colourdiam.com/Product/Diamond/4386/still.jpg,Colour Diam,Apparel & Accessories > Jewelry,,1,,,,unisex,Fancy Light Yellow,,adult,,,,,,,,,GIA,Fine Jewelry
9542,1.12 ct M Pear Diamond | Colour Diam | 9542,1.12 ct M Pear Diamond brings its own character to your selection. The listed clarity is SI1. Measurements: 8.49 X 4.99 X 3.48 mm. GIA is listed as the grading laboratory. Ask to review the original report before purchase. Polish VG and symmetry VG are listed in the stock record. Quote stock 9542 for current images and availability.,in stock,new,1038511.82 KRW,https://www.colourdiam.com/diamonddetails/Diamonds/Product/9542,https://www.colourdiam.com/Product/Diamond/9542/still.jpg,Colour Diam,Apparel & Accessories > Jewelry,,1,,,,unisex,M,,adult,,,,,,,,,GIA,Fine Jewelry
4662,1.11 ct Fancy Light Brownish Yellow Cushion Diamond | Colour Diam | 4662,Colour Diam presents 1.11 ct Fancy Light Brownish Yellow Cushion Diamond. The listed clarity is VS2. Measurements: 6.01 x 5.62 x 3.60 mm. GIA is listed as the grading laboratory. Ask to review the original report before purchase. Polish EX and symmetry VG are listed in the stock record. Quote stock 4662 for current images and availability.,in stock,new,1715399 KRW,https://www.colourdiam.com/diamonddetails/Diamonds/Product/4662,https://www.colourdiam.com/Product/Diamond/4662/still.jpg,Colour Diam,Apparel & Accessories > Jewelry,,1,,,,unisex,Fancy Light Brownish Yellow,,adult,,,,,,,,,GIA,Fine Jewelry
7550,1.11 ct Fancy Yellow Green Radiant Diamond | Colour Diam | 7550,Take a closer look at 1.11 ct Fancy Yellow Green Radiant Diamond. The listed clarity is SI2. Measurements: 6.36 X 5.05 X 3.52 mm. GIA is listed as the grading laboratory. Ask to review the original report before purchase. Polish EX and symmetry EX are listed in the stock record. Quote stock 7550 for current images and availability.,in stock,new,13340657.31 KRW,https://www.colourdiam.com/diamonddetails/Diamonds/Product/7550,https://www.colourdiam.com/Product/Diamond/7550/still.jpg,Colour Diam,Apparel & Accessories > Jewelry,,1,,,,unisex,Fancy Yellow Green,,adult,,,,,,,,,GIA,Fine Jewelry
5788,1.11 ct Fancy Intense Purplish Pink Round Diamond | Colour Diam | 5788,Your search for colour continues with 1.11 ct Fancy Intense Purplish Pink Round Diamond. The listed clarity is I1. Measurements: 6.65*6.72*4.08 mm. CGL is listed as the grading laboratory. Ask to review the original report before purchase. Polish VG and symmetry GD are listed in the stock record. Quote stock 5788 for current images and availability.,in stock,new,360233788.95 KRW,https://www.colourdiam.com/diamonddetails/Diamonds/Product/5788,https://www.colourdiam.com/Product/Diamond/5788/still.jpg,Colour Diam,Apparel & Accessories > Jewelry,,1,,,,unisex,Fancy Intense Purplish Pink,,adult,,,,,,,,,CGL,Fine Jewelry
9560,1.1 ct Fancy Light Greenish Yellow Pear Diamond | Colour Diam | 9560,1.1 ct Fancy Light Greenish Yellow Pear Diamond brings its own character to your selection. The listed clarity is VS2. Measurements: 8.19 X 5.13 X 3.48 mm. GIA is listed as the grading laboratory. Ask to review the original report before purchase. Polish EX and symmetry VG are listed in the stock record. Quote stock 9560 for current images and availability.,in stock,new,3059900.91 KRW,https://www.colourdiam.com/diamonddetails/Diamonds/Product/9560,https://www.colourdiam.com/Product/Diamond/9560/still.jpg,Colour Diam,Apparel & Accessories > Jewelry,,1,,,,unisex,Fancy Light Greenish Yellow,,adult,,,,,,,,,GIA,Fine Jewelry
9516,1.09 ct Light Greenish Yellow Pear Diamond | Colour Diam | 9516,1.09 ct Light Greenish Yellow Pear Diamond: a piece to explore in detail. The listed clarity is VS2. Measurements: 8.30 X 5.14 X 3.48 mm. GIA is listed as the grading laboratory. Ask to review the original report before purchase. Polish EX and symmetry EX are listed in the stock record. Quote stock 9516 for current images and availability.,in stock,new,2526736.36 KRW,https://www.colourdiam.com/diamonddetails/Diamonds/Product/9516,https://www.colourdiam.com/Product/Diamond/9516/still.jpg,Colour Diam,Apparel & Accessories > Jewelry,,1,,,,unisex,Light Greenish Yellow,,adult,,,,,,,,,GIA,Fine Jewelry
9512,1.09 ct Light Greenish Yellow Cushion Diamond | Colour Diam | 9512,Take a closer look at 1.09 ct Light Greenish Yellow Cushion Diamond. The listed clarity is VS2. Measurements: 5.53 X 5.52 X 3.72 mm. GIA is listed as the grading laboratory. Ask to review the original report before purchase. Polish EX and symmetry VG are listed in the stock record. Quote stock 9512 for current images and availability.,in stock,new,2526736.36 KRW,https://www.colourdiam.com/diamonddetails/Diamonds/Product/9512,https://www.colourdiam.com/Product/Diamond/9512/still.jpg,Colour Diam,Apparel & Accessories > Jewelry,,1,,,,unisex,Light Greenish Yellow,,adult,,,,,,,,,GIA,Fine Jewelry
6913,1.09 ct Fancy Deep Bluish Green Pear Diamond | Colour Diam | 6913,Explore the details of 1.09 ct Fancy Deep Bluish Green Pear Diamond. The listed clarity is I1. Measurements: 7.12 X 5.86 X 3.48 mm. GIA is listed as the grading laboratory. Ask to review the original report before purchase. Polish VG and symmetry GD are listed in the stock record. Quote stock 6913 for current images and availability.,in stock,new,505347271.5 KRW,https://www.colourdiam.com/diamonddetails/Diamonds/Product/6913,https://www.colourdiam.com/Product/Diamond/6913/still.jpg,Colour Diam,Apparel & Accessories > Jewelry,,1,,,,unisex,Fancy Deep Bluish Green,,adult,,,,,,,,,GIA,Fine Jewelry
5466,1.09 ct Fancy Brown Pink Oval Diamond | Colour Diam | 5466,Consider 1.09 ct Fancy Brown Pink Oval Diamond for your next jewellery consultation. The listed clarity is I1. Measurements: 7.19X 5.38X 3.43 mm. GIA is listed as the grading laboratory. Ask to review the original report before purchase. Polish VG and symmetry GD are listed in the stock record. Quote stock 5466 for current images and availability.,in stock,new,7580209.07 KRW,https://www.colourdiam.com/diamonddetails/Diamonds/Product/5466,https://www.colourdiam.com/Product/Diamond/5466/still.jpg,Colour Diam,Apparel & Accessories > Jewelry,,1,,,,unisex,Fancy Brown Pink,,adult,,,,,,,,,GIA,Fine Jewelry
734,1.08 ct Fancy White Heart Diamond | Colour Diam | 734,Find your next inspiration in 1.08 ct Fancy White Heart Diamond. Measurements: 6.17 x 7.39 x 3.64 mm. GIA is listed as the grading laboratory. Ask to review the original report before purchase. Quote stock 734 for current images and availability.,in stock,new,2503555.29 KRW,https://www.colourdiam.com/diamonddetails/Diamonds/Product/734,https://www.colourdiam.com/Product/Diamond/734/still.jpg,Colour Diam,Apparel & Accessories > Jewelry,,1,,,,unisex,Fancy White,,adult,,,,,,,,,GIA,Fine Jewelry
6187,1.08 ct D Emerald Diamond | Colour Diam | 6187,Your search for colour continues with 1.08 ct D Emerald Diamond. The listed clarity is VVS2. Measurements: 6.97 X 5.02 X 3.38 mm. GIA is listed as the grading laboratory. Ask to review the original report before purchase. Polish VG and symmetry VG are listed in the stock record. Quote stock 6187 for current images and availability.,in stock,new,9413367.89 KRW,https://www.colourdiam.com/diamonddetails/Diamonds/Product/6187,https://www.colourdiam.com/Product/Diamond/6187/still.jpg,Colour Diam,Apparel & Accessories > Jewelry,,1,,,,unisex,D,,adult,,,,,,,,,GIA,Fine Jewelry
6033,1.08 ct F Round Diamond | Colour Diam | 6033,Colour Diam presents 1.08 ct F Round Diamond. The listed clarity is VVS1. Measurements: 6.76 x 6.73 x 3.97 mm. GIA is listed as the grading laboratory. Ask to review the original report before purchase. Polish EX and symmetry EX are listed in the stock record. Quote stock 6033 for current images and availability.,in stock,new,15855850.17 KRW,https://www.colourdiam.com/diamonddetails/Diamonds/Product/6033,https://www.colourdiam.com/Product/Diamond/6033/still.jpg,Colour Diam,Apparel & Accessories > Jewelry,,1,,,,unisex,F,,adult,,,,,,,,,GIA,Fine Jewelry
6415,1.07 ct O-P Round Diamond | Colour Diam | 6415,Your search for colour continues with 1.07 ct O-P Round Diamond. The listed clarity is SI2. Measurements: 6.53 x 6.65 x 4.04 mm. GIA is listed as the grading laboratory. Ask to review the original report before purchase. Polish VG and symmetry F are listed in the stock record. Quote stock 6415 for current images and availability.,in stock,new,4133957.04 KRW,https://www.colourdiam.com/diamonddetails/Diamonds/Product/6415,https://www.colourdiam.com/Product/Diamond/6415/still.jpg,Colour Diam,Apparel & Accessories > Jewelry,,1,,,,unisex,O-P,,adult,,,,,,,,,GIA,Fine Jewelry
6190,1.07 ct G Pear Diamond | Colour Diam | 6190,Your search for colour continues with 1.07 ct G Pear Diamond. The listed clarity is VVS2. Measurements: 8.62 X 5.74 X 3.74 mm. GIA is listed as the grading laboratory. Ask to review the original report before purchase. Polish VG and symmetry VG are listed in the stock record. Quote stock 6190 for current images and availability.,in stock,new,7242692.73 KRW,https://www.colourdiam.com/diamonddetails/Diamonds/Product/6190,https://www.colourdiam.com/Product/Diamond/6190/still.jpg,Colour Diam,Apparel & Accessories > Jewelry,,1,,,,unisex,G,,adult,,,,,,,,,GIA,Fine Jewelry
8686,1.07 ct Fancy Purplish Pink Pear Diamond | Colour Diam | 8686,Make 1.07 ct Fancy Purplish Pink Pear Diamond the starting point of your colour story. The listed clarity is VS2. Measurements: 8.47 x 5.08 x 3.44 mm. GIA is listed as the grading laboratory. Ask to review the original report before purchase. Polish EX and symmetry VG are listed in the stock record. Quote stock 8686 for current images and availability.,in stock,new,132286625.2 KRW,https://www.colourdiam.com/diamonddetails/Diamonds/Product/8686,https://www.colourdiam.com/Product/Diamond/8686/still.jpg,Colour Diam,Apparel & Accessories > Jewelry,,1,,,,unisex,Fancy Purplish Pink,,adult,,,,,,,,,GIA,Fine Jewelry
8398,1.07 ct Faint Pink Round Diamond | Colour Diam | 8398,Your search for colour continues with 1.07 ct Faint Pink Round Diamond. The listed clarity is VS2. Measurements: 6.53 - 6.56 x 4.07 mm. GIA is listed as the grading laboratory. Ask to review the original report before purchase. Polish EX and symmetry EX are listed in the stock record. Quote stock 8398 for current images and availability.,in stock,new,10748288.3 KRW,https://www.colourdiam.com/diamonddetails/Diamonds/Product/8398,https://www.colourdiam.com/Product/Diamond/8398/still.jpg,Colour Diam,Apparel & Accessories > Jewelry,,1,,,,unisex,Faint Pink,,adult,,,,,,,,,GIA,Fine Jewelry
2049,1.06 ct Fancy Intense Pink Other Diamond | Colour Diam | 2049,Consider 1.06 ct Fancy Intense Pink Other Diamond for your next jewellery consultation. Measurements: 5.90 x 7.16 x 3.94 mm. GIA is listed as the grading laboratory. Ask to review the original report before purchase. Quote stock 2049 for current images and availability.,in stock,new,196575452.4 KRW,https://www.colourdiam.com/diamonddetails/Diamonds/Product/2049,https://www.colourdiam.com/Product/Diamond/2049/still.jpg,Colour Diam,Apparel & Accessories > Jewelry,,1,,,,unisex,Fancy Intense Pink,,adult,,,,,,,,,GIA,Fine Jewelry
8171,1.06 ct Fancy Deep Brownish Greenish Yellow Oval Diamond | Colour Diam | 8171,Meet 1.06 ct Fancy Deep Brownish Greenish Yellow Oval Diamond from Colour Diam. The listed clarity is SI1. Measurements: 7.51 x 5.12 x 3.37 mm. GIA is listed as the grading laboratory. Ask to review the original report before purchase. Polish EX and symmetry VG are listed in the stock record. Quote stock 8171 for current images and availability.,in stock,new,4914386.31 KRW,https://www.colourdiam.com/diamonddetails/Diamonds/Product/8171,https://www.colourdiam.com/Product/Diamond/8171/still.jpg,Colour Diam,Apparel & Accessories > Jewelry,,1,,,,unisex,Fancy Deep Brownish Greenish Yellow,,adult,,,,,,,,,GIA,Fine Jewelry
6192,1.06 ct E Pear Diamond | Colour Diam | 6192,Discover 1.06 ct E Pear Diamond with Colour Diam. The listed clarity is VVS2. Measurements: 9.02 X 5.81 X 3.67 mm. GIA is listed as the grading laboratory. Ask to review the original report before purchase. Polish VG and symmetry VG are listed in the stock record. Quote stock 6192 for current images and availability.,in stock,new,9691164.43 KRW,https://www.colourdiam.com/diamonddetails/Diamonds/Product/6192,https://www.colourdiam.com/Product/Diamond/6192/still.jpg,Colour Diam,Apparel & Accessories > Jewelry,,1,,,,unisex,E,,adult,,,,,,,,,GIA,Fine Jewelry
6039,1.06 ct Q-R Round Diamond | Colour Diam | 6039,Discover 1.06 ct Q-R Round Diamond with Colour Diam. The listed clarity is I2. Measurements: 6.18 X 6.12 X 4.37 mm. GIA is listed as the grading laboratory. Ask to review the original report before purchase. Polish G and symmetry GD are listed in the stock record. Quote stock 6039 for current images and availability.,in stock,new,1272822.02 KRW,https://www.colourdiam.com/diamonddetails/Diamonds/Product/6039,https://www.colourdiam.com/Product/Diamond/6039/still.jpg,Colour Diam,Apparel & Accessories > Jewelry,,1,,,,unisex,Q-R,,adult,,,,,,,,,GIA,Fine Jewelry
9511,1.06 ct Fancy Light Greenish Yellow Pear Diamond | Colour Diam | 9511,Make 1.06 ct Fancy Light Greenish Yellow Pear Diamond the starting point of your colour story. The listed clarity is VS1. Measurements: 8.36 X 5.08 X 3.38 mm. GIA is listed as the grading laboratory. Ask to review the original report before purchase. Polish EX and symmetry EX are listed in the stock record. Quote stock 9511 for current images and availability.,in stock,new,2621006.03 KRW,https://www.colourdiam.com/diamonddetails/Diamonds/Product/9511,https://www.colourdiam.com/Product/Diamond/9511/still.jpg,Colour Diam,Apparel & Accessories > Jewelry,,1,,,,unisex,Fancy Light Greenish Yellow,,adult,,,,,,,,,GIA,Fine Jewelry
9540,1.05 ct N Pear Diamond | Colour Diam | 9540,Discover 1.05 ct N Pear Diamond with Colour Diam. The listed clarity is SI1. Measurements: 8.38 x 4.93 x 3.41 mm. GIA is listed as the grading laboratory. Ask to review the original report before purchase. Polish VG and symmetry GD are listed in the stock record. Quote stock 9540 for current images and availability.,in stock,new,973604.84 KRW,https://www.colourdiam.com/diamonddetails/Diamonds/Product/9540,https://www.colourdiam.com/Product/Diamond/9540/still.jpg,Colour Diam,Apparel & Accessories > Jewelry,,1,,,,unisex,N,,adult,,,,,,,,,GIA,Fine Jewelry
6188,1.05 ct G Princess Diamond | Colour Diam | 6188,Meet 1.05 ct G Princess Diamond from Colour Diam. The listed clarity is VVS1. Measurements: 5.64 x 5.53 x 3.98 mm. GIA is listed as the grading laboratory. Ask to review the original report before purchase. Polish VG and symmetry GD are listed in the stock record. Quote stock 6188 for current images and availability.,in stock,new,11576168.21 KRW,https://www.colourdiam.com/diamonddetails/Diamonds/Product/6188,https://www.colourdiam.com/Product/Diamond/6188/still.jpg,Colour Diam,Apparel & Accessories > Jewelry,,1,,,,unisex,G,,adult,,,,,,,,,GIA,Fine Jewelry
9531,1.05 ct M Heart Diamond | Colour Diam | 9531,Colour Diam presents 1.05 ct M Heart Diamond. The listed clarity is SI1. Measurements: 5.79 X 6.31 X 3.68 mm. GIA is listed as the grading laboratory. Ask to review the original report before purchase. Polish VG and symmetry VG are listed in the stock record. Quote stock 9531 for current images and availability.,in stock,new,1135872.31 KRW,https://www.colourdiam.com/diamonddetails/Diamonds/Product/9531,https://www.colourdiam.com/Product/Diamond/9531/still.jpg,Colour Diam,Apparel & Accessories > Jewelry,,1,,,,unisex,M,,adult,,,,,,,,,GIA,Fine Jewelry
5762,1.04 ct Fancy Light Yellow Round Diamond | Colour Diam | 5762,1.04 ct Fancy Light Yellow Round Diamond brings its own character to your selection. The listed clarity is I2. Measurements: 6.18 X 6.11X 4.06 mm. GIA is listed as the grading laboratory. Ask to review the original report before purchase. Polish VG and symmetry VG are listed in the stock record. Quote stock 5762 for current images and availability.,in stock,new,2009025.85 KRW,https://www.colourdiam.com/diamonddetails/Diamonds/Product/5762,https://www.colourdiam.com/Product/Diamond/5762/still.jpg,Colour Diam,Apparel & Accessories > Jewelry,,1,,,,unisex,Fancy Light Yellow,,adult,,,,,,,,,GIA,Fine Jewelry
9532,1.04 ct Light Green Yellow Pear Diamond | Colour Diam | 9532,Put 1.04 ct Light Green Yellow Pear Diamond on your personal shortlist. The listed clarity is SI2. Measurements: 8.38 X5.05 X 3.41 mm. GIA is listed as the grading laboratory. Ask to review the original report before purchase. Polish VG and symmetry GD are listed in the stock record. Quote stock 9532 for current images and availability.,in stock,new,2571553.09 KRW,https://www.colourdiam.com/diamonddetails/Diamonds/Product/9532,https://www.colourdiam.com/Product/Diamond/9532/still.jpg,Colour Diam,Apparel & Accessories > Jewelry,,1,,,,unisex,Light Green Yellow,,adult,,,,,,,,,GIA,Fine Jewelry
6077,1.04 ct Q-R Pear Diamond | Colour Diam | 6077,1.04 ct Q-R Pear Diamond brings its own character to your selection. The listed clarity is SI1. Measurements: 8.13 X 5.13 X 3.30 mm. IGI is listed as the grading laboratory. Ask to review the original report before purchase. Polish VG and symmetry VG are listed in the stock record. Quote stock 6077 for current images and availability.,in stock,new,1767942.75 KRW,https://www.colourdiam.com/diamonddetails/Diamonds/Product/6077,https://www.colourdiam.com/Product/Diamond/6077/still.jpg,Colour Diam,Apparel & Accessories > Jewelry,,1,,,,unisex,Q-R,,adult,,,,,,,,,IGI,Fine Jewelry
8590,1.04 ct Fancy White Radiant Diamond | Colour Diam | 8590,Make 1.04 ct Fancy White Radiant Diamond the starting point of your colour story. The listed clarity is I2. Measurements: 6.27 x 5.01 x 3.77 mm. GIA is listed as the grading laboratory. Ask to review the original report before purchase. Polish VG and symmetry GD are listed in the stock record. Quote stock 8590 for current images and availability.,in stock,new,2410831.02 KRW,https://www.colourdiam.com/diamonddetails/Diamonds/Product/8590,https://www.colourdiam.com/Product/Diamond/8590/still.jpg,Colour Diam,Apparel & Accessories > Jewelry,,1,,,,unisex,Fancy White,,adult,,,,,,,,,GIA,Fine Jewelry
9534,1.03 ct M Heart Diamond | Colour Diam | 9534,1.03 ct M Heart Diamond: a piece to explore in detail. The listed clarity is SI1. Measurements: 5.93 X 6.95  X 3.22 mm. GIA is listed as the grading laboratory. Ask to review the original report before purchase. Polish VG and symmetry VG are listed in the stock record. Quote stock 9534 for current images and availability.,in stock,new,1114236.64 KRW,https://www.colourdiam.com/diamonddetails/Diamonds/Product/9534,https://www.colourdiam.com/Product/Diamond/9534/still.jpg,Colour Diam,Apparel & Accessories > Jewelry,,1,,,,unisex,M,,adult,,,,,,,,,GIA,Fine Jewelry
9543,1.03 ct M Pear Diamond | Colour Diam | 9543,Consider 1.03 ct M Pear Diamond for your next jewellery consultation. The listed clarity is VS1. Measurements: 8.09 X 5.11 X 3.38 mm. GIA is listed as the grading laboratory. Ask to review the original report before purchase. Polish VG and symmetry VG are listed in the stock record. Quote stock 9543 for current images and availability.,in stock,new,1376874.78 KRW,https://www.colourdiam.com/diamonddetails/Diamonds/Product/9543,https://www.colourdiam.com/Product/Diamond/9543/still.jpg,Colour Diam,Apparel & Accessories > Jewelry,,1,,,,unisex,M,,adult,,,,,,,,,GIA,Fine Jewelry
9544,1.03 ct K Oval Diamond | Colour Diam | 9544,Make 1.03 ct K Oval Diamond the starting point of your colour story. The listed clarity is VS1. Measurements: 7.55 X 5.24 X 3.4 mm. GIA is listed as the grading laboratory. Ask to review the original report before purchase. Polish VG and symmetry VG are listed in the stock record. Quote stock 9544 for current images and availability.,in stock,new,1273413.31 KRW,https://www.colourdiam.com/diamonddetails/Diamonds/Product/9544,https://www.colourdiam.com/Product/Diamond/9544/still.jpg,Colour Diam,Apparel & Accessories > Jewelry,,1,,,,unisex,K,,adult,,,,,,,,,GIA,Fine Jewelry
8913,1.03 ct Faint Pink Round Diamond | Colour Diam | 8913,Consider 1.03 ct Faint Pink Round Diamond for your next jewellery consultation. The listed clarity is VS1. Measurements: 6.46 - 6.48 x 4.01 mm. GIA is listed as the grading laboratory. Ask to review the original report before purchase. Polish EX and symmetry EX are listed in the stock record. Quote stock 8913 for current images and availability.,in stock,new,10346483.13 KRW,https://www.colourdiam.com/diamonddetails/Diamonds/Product/8913,https://www.colourdiam.com/Product/Diamond/8913/still.jpg,Colour Diam,Apparel & Accessories > Jewelry,,1,,,,unisex,Faint Pink,,adult,,,,,,,,,GIA,Fine Jewelry
6040,1.03 ct Fancy Brownish Yellow Round Diamond | Colour Diam | 6040,Your search for colour continues with 1.03 ct Fancy Brownish Yellow Round Diamond. The listed clarity is I1. Measurements: 6.18 X 6.24 X 4.07 mm. GIA is listed as the grading laboratory. Ask to review the original report before purchase. Polish G and symmetry GD are listed in the stock record. Quote stock 6040 for current images and availability.,in stock,new,1413494.15 KRW,https://www.colourdiam.com/diamonddetails/Diamonds/Product/6040,https://www.colourdiam.com/Product/Diamond/6040/still.jpg,Colour Diam,Apparel & Accessories > Jewelry,,1,,,,unisex,Fancy Brownish Yellow,,adult,,,,,,,,,GIA,Fine Jewelry
6041,1.03 ct Fancy Dark Brown Greenish Yellow Round Diamond | Colour Diam | 6041,Meet 1.03 ct Fancy Dark Brown Greenish Yellow Round Diamond from Colour Diam. The listed clarity is I2. Measurements: 6.46X 6.44 X 4.02 mm. GIA is listed as the grading laboratory. Ask to review the original report before purchase. Polish G and symmetry VG are listed in the stock record. Quote stock 6041 for current images and availability.,in stock,new,1413494.15 KRW,https://www.colourdiam.com/diamonddetails/Diamonds/Product/6041,https://www.colourdiam.com/Product/Diamond/6041/still.jpg,Colour Diam,Apparel & Accessories > Jewelry,,1,,,,unisex,Fancy Dark Brown Greenish Yellow,,adult,,,,,,,,,GIA,Fine Jewelry
4753,1.03 ct Fancy Light Yellow Emerald Diamond | Colour Diam | 4753,Explore the details of 1.03 ct Fancy Light Yellow Emerald Diamond. The listed clarity is I1. Measurements: 6.88*4.85*3.04 mm. GIA is listed as the grading laboratory. Ask to review the original report before purchase. Polish EX and symmetry VG are listed in the stock record. Quote stock 4753 for current images and availability.,in stock,new,1114236.64 KRW,https://www.colourdiam.com/diamonddetails/Diamonds/Product/4753,https://www.colourdiam.com/Product/Diamond/4753/still.jpg,Colour Diam,Apparel & Accessories > Jewelry,,1,,,,unisex,Fancy Light Yellow,,adult,,,,,,,,,GIA,Fine Jewelry
6949,1.03 ct Faint Pink Pear Diamond | Colour Diam | 6949,Make 1.03 ct Faint Pink Pear Diamond the starting point of your colour story. The listed clarity is VVS1. Measurements: 9.61 x 4.97 x 2.96 mm. GIA is listed as the grading laboratory. Ask to review the original report before purchase. Polish EX and symmetry VG are listed in the stock record. Quote stock 6949 for current images and availability.,in stock,new,20215436.26 KRW,https://www.colourdiam.com/diamonddetails/Diamonds/Product/6949,https://www.colourdiam.com/Product/Diamond/6949/still.jpg,Colour Diam,Apparel & Accessories > Jewelry,,1,,,,unisex,Faint Pink,,adult,,,,,,,,,GIA,Fine Jewelry
4845,1.03 ct Fancy Light Greenish Yellow Pear Diamond | Colour Diam | 4845,1.03 ct Fancy Light Greenish Yellow Pear Diamond: a piece to explore in detail. The listed clarity is I2. Measurements: 8.28*5.11*3.35 mm. GIA is listed as the grading laboratory. Ask to review the original report before purchase. Polish VG and symmetry GD are listed in the stock record. Quote stock 4845 for current images and availability.,in stock,new,3581481.65 KRW,https://www.colourdiam.com/diamonddetails/Diamonds/Product/4845,https://www.colourdiam.com/Product/Diamond/4845/still.jpg,Colour Diam,Apparel & Accessories > Jewelry,,1,,,,unisex,Fancy Light Greenish Yellow,,adult,,,,,,,,,GIA,Fine Jewelry
4141,1.03 ct Fancy Brownish Greenish Yellow Round Diamond | Colour Diam | 4141,Your search for colour continues with 1.03 ct Fancy Brownish Greenish Yellow Round Diamond. The listed clarity is I1. Measurements: 6.41*6.45*3.97 mm. GIA is listed as the grading laboratory. Ask to review the original report before purchase. Polish VG and symmetry VG are listed in the stock record. Quote stock 4141 for current images and availability.,in stock,new,2865179.94 KRW,https://www.colourdiam.com/diamonddetails/Diamonds/Product/4141,https://www.colourdiam.com/Product/Diamond/4141/still.jpg,Colour Diam,Apparel & Accessories > Jewelry,,1,,,,unisex,Fancy Brownish Greenish Yellow,,adult,,,,,,,,,GIA,Fine Jewelry
5747,1.03 ct Fancy Dark Yellowish Green Gray Round Diamond | Colour Diam | 5747,Take a closer look at 1.03 ct Fancy Dark Yellowish Green Gray Round Diamond. The listed clarity is I3. Measurements: 6.27X6.32X3.96 mm. GIA is listed as the grading laboratory. Ask to review the original report before purchase. Polish G and symmetry F are listed in the stock record. Quote stock 5747 for current images and availability.,in stock,new,1591766.64 KRW,https://www.colourdiam.com/diamonddetails/Diamonds/Product/5747,https://www.colourdiam.com/Product/Diamond/5747/still.jpg,Colour Diam,Apparel & Accessories > Jewelry,,1,,,,unisex,Fancy Dark Yellowish Green Gray,,adult,,,,,,,,,GIA,Fine Jewelry
2375,1.03 ct Faint Pink Other Diamond | Colour Diam | 2375,Meet 1.03 ct Faint Pink Other Diamond from Colour Diam. The listed clarity is I1. Measurements: 5.94x6.09x4.18 mm. CGL is listed as the grading laboratory. Ask to review the original report before purchase. Quote stock 2375 for current images and availability.,in stock,new,2546826.62 KRW,https://www.colourdiam.com/diamonddetails/Diamonds/Product/2375,https://www.colourdiam.com/Product/Diamond/2375/still.jpg,Colour Diam,Apparel & Accessories > Jewelry,,1,,,,unisex,Faint Pink,,adult,,,,,,,,,CGL,Fine Jewelry
5485,1.02 ct Light Pink Cushion Diamond | Colour Diam | 5485,Make 1.02 ct Light Pink Cushion Diamond the starting point of your colour story. The listed clarity is VS1. Measurements: 5.74X5.17X3.75 mm. GIA is listed as the grading laboratory. Ask to review the original report before purchase. Polish EX and symmetry VG are listed in the stock record. Quote stock 5485 for current images and availability.,in stock,new,31526251.8 KRW,https://www.colourdiam.com/diamonddetails/Diamonds/Product/5485,https://www.colourdiam.com/Product/Diamond/5485/still.jpg,Colour Diam,Apparel & Accessories > Jewelry,,1,,,,unisex,Light Pink,,adult,,,,,,,,,GIA,Fine Jewelry
7549,1.02 ct Fancy Yellow Green Radiant Diamond | Colour Diam | 7549,Put 1.02 ct Fancy Yellow Green Radiant Diamond on your personal shortlist. The listed clarity is SI2. Measurements: 5.69 X 5.15 X 3.57 mm. GIA is listed as the grading laboratory. Ask to review the original report before purchase. Polish EX and symmetry VG are listed in the stock record. Quote stock 7549 for current images and availability.,in stock,new,12258981.67 KRW,https://www.colourdiam.com/diamonddetails/Diamonds/Product/7549,https://www.colourdiam.com/Product/Diamond/7549/still.jpg,Colour Diam,Apparel & Accessories > Jewelry,,1,,,,unisex,Fancy Yellow Green,,adult,,,,,,,,,GIA,Fine Jewelry
2677,1.02 ct Fancy Dark Violetish Gray Pear Diamond | Colour Diam | 2677,Make 1.02 ct Fancy Dark Violetish Gray Pear Diamond the starting point of your colour story. The listed clarity is I3. Measurements: 7.88X5.23X3.60 mm. GIA is listed as the grading laboratory. Ask to review the original report before purchase. Polish VG and symmetry GD are listed in the stock record. Quote stock 2677 for current images and availability.,in stock,new,17514405.16 KRW,https://www.colourdiam.com/diamonddetails/Diamonds/Product/2677,https://www.colourdiam.com/Product/Diamond/2677/still.jpg,Colour Diam,Apparel & Accessories > Jewelry,,1,,,,unisex,Fancy Dark Violetish Gray,,adult,,,,,,,,,GIA,Fine Jewelry
9538,1.02 ct M Heart Diamond | Colour Diam | 9538,Explore the details of 1.02 ct M Heart Diamond. The listed clarity is SI1. Measurements: 5.74 X 6.51 X 3.45 mm. GIA is listed as the grading laboratory. Ask to review the original report before purchase. Polish VG and symmetry VG are listed in the stock record. Quote stock 9538 for current images and availability.,in stock,new,1103418.81 KRW,https://www.colourdiam.com/diamonddetails/Diamonds/Product/9538,https://www.colourdiam.com/Product/Diamond/9538/still.jpg,Colour Diam,Apparel & Accessories > Jewelry,,1,,,,unisex,M,,adult,,,,,,,,,GIA,Fine Jewelry
9539,1.02 ct S-T Oval Diamond | Colour Diam | 9539,1.02 ct S-T Oval Diamond brings its own character to your selection. The listed clarity is SI1. Measurements: 7.48 X 5 .00 X 3.35 mm. GIA is listed as the grading laboratory. Ask to review the original report before purchase. Polish VG and symmetry VG are listed in the stock record. Quote stock 9539 for current images and availability.,in stock,new,1418681.33 KRW,https://www.colourdiam.com/diamonddetails/Diamonds/Product/9539,https://www.colourdiam.com/Product/Diamond/9539/still.jpg,Colour Diam,Apparel & Accessories > Jewelry,,1,,,,unisex,S-T,,adult,,,,,,,,,GIA,Fine Jewelry
9541,1.02 ct L Oval Diamond | Colour Diam | 9541,Explore the details of 1.02 ct L Oval Diamond. The listed clarity is VS2. Measurements: 7.16 X 5.07 X 3.5 mm. GIA is listed as the grading laboratory. Ask to review the original report before purchase. Polish VG and symmetry VG are listed in the stock record. Quote stock 9541 for current images and availability.,in stock,new,1134945.06 KRW,https://www.colourdiam.com/diamonddetails/Diamonds/Product/9541,https://www.colourdiam.com/Product/Diamond/9541/still.jpg,Colour Diam,Apparel & Accessories > Jewelry,,1,,,,unisex,L,,adult,,,,,,,,,GIA,Fine Jewelry
3915,1.02 ct H Radiant Diamond | Colour Diam | 3915,Colour Diam presents 1.02 ct H Radiant Diamond. The listed clarity is SI2. Measurements: 6.60*5.07*3.39 mm. IGI is listed as the grading laboratory. Ask to review the original report before purchase. Polish VG and symmetry VG are listed in the stock record. Quote stock 3915 for current images and availability.,in stock,new,2916178.29 KRW,https://www.colourdiam.com/diamonddetails/Diamonds/Product/3915,https://www.colourdiam.com/Product/Diamond/3915/still.jpg,Colour Diam,Apparel & Accessories > Jewelry,,1,,,,unisex,H,,adult,,,,,,,,,IGI,Fine Jewelry
9372,1.02 ct L Pear Diamond | Colour Diam | 9372,1.02 ct L Pear Diamond: a piece to explore in detail. The listed clarity is SI2. Measurements: 8.64 X 5.49 X 3.58 mm. GIA is listed as the grading laboratory. Ask to review the original report before purchase. Polish VG and symmetry EX are listed in the stock record. Quote stock 9372 for current images and availability.,in stock,new,1103418.81 KRW,https://www.colourdiam.com/diamonddetails/Diamonds/Product/9372,https://www.colourdiam.com/Product/Diamond/9372/still.jpg,Colour Diam,Apparel & Accessories > Jewelry,,1,,,,unisex,L,,adult,,,,,,,,,GIA,Fine Jewelry
95,1.02 ct H Round Diamond | Colour Diam | 95,Find your next inspiration in 1.02 ct H Round Diamond. The listed clarity is SI2. Measurements: 6.32X6.22X4.12 mm. GIA is listed as the grading laboratory. Ask to review the original report before purchase. Polish G and symmetry F are listed in the stock record. Quote stock 95 for current images and availability.,in stock,new,5517094.07 KRW,https://www.colourdiam.com/diamonddetails/Diamonds/Product/95,https://www.colourdiam.com/Product/Diamond/95/still.jpg,Colour Diam,Apparel & Accessories > Jewelry,,1,,,,unisex,H,,adult,,,,,,,,,GIA,Fine Jewelry
6037,1.02 ct Q-R Round Diamond | Colour Diam | 6037,Your search for colour continues with 1.02 ct Q-R Round Diamond. The listed clarity is I2. Measurements: 6.12 X 6.09 X 4.24 mm. GIA is listed as the grading laboratory. Ask to review the original report before purchase. Polish G and symmetry VG are listed in the stock record. Quote stock 6037 for current images and availability.,in stock,new,1224793.54 KRW,https://www.colourdiam.com/diamonddetails/Diamonds/Product/6037,https://www.colourdiam.com/Product/Diamond/6037/still.jpg,Colour Diam,Apparel & Accessories > Jewelry,,1,,,,unisex,Q-R,,adult,,,,,,,,,GIA,Fine Jewelry
6162,1.02 ct D Cushion Diamond | Colour Diam | 6162,Consider 1.02 ct D Cushion Diamond for your next jewellery consultation. The listed clarity is VVS2. Measurements: 5.69 X 5.40X 3.76 mm. GIA is listed as the grading laboratory. Ask to review the original report before purchase. Polish EX and symmetry VG are listed in the stock record. Quote stock 6162 for current images and availability.,in stock,new,5989987.84 KRW,https://www.colourdiam.com/diamonddetails/Diamonds/Product/6162,https://www.colourdiam.com/Product/Diamond/6162/still.jpg,Colour Diam,Apparel & Accessories > Jewelry,,1,,,,unisex,D,,adult,,,,,,,,,GIA,Fine Jewelry
6269,1.02 ct G Cushion Diamond | Colour Diam | 6269,Meet 1.02 ct G Cushion Diamond from Colour Diam. The listed clarity is SI2. Measurements: 5.80 x 5.25 x 3.71 mm. GIA is listed as the grading laboratory. Ask to review the original report before purchase. Polish EX and symmetry VG are listed in the stock record. Quote stock 6269 for current images and availability.,in stock,new,3830439.59 KRW,https://www.colourdiam.com/diamonddetails/Diamonds/Product/6269,https://www.colourdiam.com/Product/Diamond/6269/still.jpg,Colour Diam,Apparel & Accessories > Jewelry,,1,,,,unisex,G,,adult,,,,,,,,,GIA,Fine Jewelry
9527,1.02 ct Fancy Brownish Greenish Yellow Pear Diamond | Colour Diam | 9527,Take a closer look at 1.02 ct Fancy Brownish Greenish Yellow Pear Diamond. The listed clarity is VS2. Measurements: 8.20 X 4.98 X 3.40 mm. GIA is listed as the grading laboratory. Ask to review the original report before purchase. Polish EX and symmetry VG are listed in the stock record. Quote stock 9527 for current images and availability.,in stock,new,1891575.11 KRW,https://www.colourdiam.com/diamonddetails/Diamonds/Product/9527,https://www.colourdiam.com/Product/Diamond/9527/still.jpg,Colour Diam,Apparel & Accessories > Jewelry,,1,,,,unisex,Fancy Brownish Greenish Yellow,,adult,,,,,,,,,GIA,Fine Jewelry
9275,1.02 ct Fancy Light Green Yellow Pear Diamond | Colour Diam | 9275,Meet 1.02 ct Fancy Light Green Yellow Pear Diamond from Colour Diam. The listed clarity is SI1. Measurements: 7.85 x 5.09 x 3.35 mm. GIA is listed as the grading laboratory. Ask to review the original report before purchase. Polish VG and symmetry VG are listed in the stock record. Quote stock 9275 for current images and availability.,in stock,new,3940781.48 KRW,https://www.colourdiam.com/diamonddetails/Diamonds/Product/9275,https://www.colourdiam.com/Product/Diamond/9275/still.jpg,Colour Diam,Apparel & Accessories > Jewelry,,1,,,,unisex,Fancy Light Green Yellow,,adult,,,,,,,,,GIA,Fine Jewelry
4768,1.02 ct Fancy Light Orangy Pink Oval Diamond | Colour Diam | 4768,Explore the details of 1.02 ct Fancy Light Orangy Pink Oval Diamond. The listed clarity is SI2. Measurements: 7.46 x 5.11 x 3.35 mm. GIA is listed as the grading laboratory. Ask to review the original report before purchase. Polish EX and symmetry EX are listed in the stock record. Quote stock 4768 for current images and availability.,in stock,new,39407814.75 KRW,https://www.colourdiam.com/diamonddetails/Diamonds/Product/4768,https://www.colourdiam.com/Product/Diamond/4768/still.jpg,Colour Diam,Apparel & Accessories > Jewelry,,1,,,,unisex,Fancy Light Orangy Pink,,adult,,,,,,,,,GIA,Fine Jewelry
9195,1.01 ct Faint Green Radiant Diamond | Colour Diam | 9195,Discover 1.01 ct Faint Green Radiant Diamond with Colour Diam. The listed clarity is VS1. Measurements: 5.54 x 5.53 x 3.53 mm. GIA is listed as the grading laboratory. Ask to review the original report before purchase. Polish VG and symmetry VG are listed in the stock record. Quote stock 9195 for current images and availability.,in stock,new,3121717.09 KRW,https://www.colourdiam.com/diamonddetails/Diamonds/Product/9195,https://www.colourdiam.com/Product/Diamond/9195/still.jpg,Colour Diam,Apparel & Accessories > Jewelry,,1,,,,unisex,Faint Green,,adult,,,,,,,,,GIA,Fine Jewelry
9182,1.01 ct Very Light Green Yellow Round Diamond | Colour Diam | 9182,1.01 ct Very Light Green Yellow Round Diamond brings its own character to your selection. The listed clarity is SI1. Measurements: 6.35 - 6.39 x 3.99 mm. GIA is listed as the grading laboratory. Ask to review the original report before purchase. Polish EX and symmetry EX are listed in the stock record. Quote stock 9182 for current images and availability.,in stock,new,3121717.09 KRW,https://www.colourdiam.com/diamonddetails/Diamonds/Product/9182,https://www.colourdiam.com/Product/Diamond/9182/still.jpg,Colour Diam,Apparel & Accessories > Jewelry,,1,,,,unisex,Very Light Green Yellow,,adult,,,,,,,,,GIA,Fine Jewelry
9584,1.01 ct Faint Pink Princess Diamond | Colour Diam | 9584,Find your next inspiration in 1.01 ct Faint Pink Princess Diamond. The listed clarity is VS1. Measurements: 5.72 X 5.65 X 3.82 mm. GIA is listed as the grading laboratory. Ask to review the original report before purchase. Polish EX and symmetry VG are listed in the stock record. Quote stock 9584 for current images and availability.,in stock,new,10926009.82 KRW,https://www.colourdiam.com/diamonddetails/Diamonds/Product/9584,https://www.colourdiam.com/Product/Diamond/9584/still.jpg,Colour Diam,Apparel & Accessories > Jewelry,,1,,,,unisex,Faint Pink,,adult,,,,,,,,,GIA,Fine Jewelry
9585,1.01 ct Light Greenish Yellow Pear Diamond | Colour Diam | 9585,1.01 ct Light Greenish Yellow Pear Diamond: a piece to explore in detail. The listed clarity is VS1. Measurements: 8.17 x 5.08 x 3.38 mm. GIA is listed as the grading laboratory. Ask to review the original report before purchase. Polish VG and symmetry VG are listed in the stock record. Quote stock 9585 for current images and availability.,in stock,new,2497373.67 KRW,https://www.colourdiam.com/diamonddetails/Diamonds/Product/9585,https://www.colourdiam.com/Product/Diamond/9585/still.jpg,Colour Diam,Apparel & Accessories > Jewelry,,1,,,,unisex,Light Greenish Yellow,,adult,,,,,,,,,GIA,Fine Jewelry
9528,1.01 ct Fancy Dark Brown Greenish Yellow Pear Diamond | Colour Diam | 9528,Colour Diam presents 1.01 ct Fancy Dark Brown Greenish Yellow Pear Diamond. The listed clarity is SI1. Measurements: 8.08 X 4.98 X 3.40 mm. GIA is listed as the grading laboratory. Ask to review the original report before purchase. Polish VG and symmetry VG are listed in the stock record. Quote stock 9528 for current images and availability.,in stock,new,1716944.4 KRW,https://www.colourdiam.com/diamonddetails/Diamonds/Product/9528,https://www.colourdiam.com/Product/Diamond/9528/still.jpg,Colour Diam,Apparel & Accessories > Jewelry,,1,,,,unisex,Fancy Dark Brown Greenish Yellow,,adult,,,,,,,,,GIA,Fine Jewelry
9524,1.01 ct Fancy Brown Greenish Yellow Heart Diamond | Colour Diam | 9524,1.01 ct Fancy Brown Greenish Yellow Heart Diamond brings its own character to your selection. The listed clarity is VS2. Measurements: 5.89 X6.35 X 3.60 mm. GIA is listed as the grading laboratory. Ask to review the original report before purchase. Polish VG and symmetry VG are listed in the stock record. Quote stock 9524 for current images and availability.,in stock,new,1794994.05 KRW,https://www.colourdiam.com/diamonddetails/Diamonds/Product/9524,https://www.colourdiam.com/Product/Diamond/9524/still.jpg,Colour Diam,Apparel & Accessories > Jewelry,,1,,,,unisex,Fancy Brown Greenish Yellow,,adult,,,,,,,,,GIA,Fine Jewelry
9513,1.01 ct Fancy Light Grayish Greenish Yellow Pear Diamond | Colour Diam | 9513,Colour Diam presents 1.01 ct Fancy Light Grayish Greenish Yellow Pear Diamond. The listed clarity is VS1. Measurements: 7.90 X 4.98 X 3.38 mm. GIA is listed as the grading laboratory. Ask to review the original report before purchase. Polish EX and symmetry VG are listed in the stock record. Quote stock 9513 for current images and availability.,in stock,new,2107165.75 KRW,https://www.colourdiam.com/diamonddetails/Diamonds/Product/9513,https://www.colourdiam.com/Product/Diamond/9513/still.jpg,Colour Diam,Apparel & Accessories > Jewelry,,1,,,,unisex,Fancy Light Grayish Greenish Yellow,,adult,,,,,,,,,GIA,Fine Jewelry
9510,1.01 ct Fancy Light Green Yellow Cushion Diamond | Colour Diam | 9510,Consider 1.01 ct Fancy Light Green Yellow Cushion Diamond for your next jewellery consultation. The listed clarity is SI2. Measurements: 5.46 X 5.34 X 3.69 mm. GIA is listed as the grading laboratory. Ask to review the original report before purchase. Polish EX and symmetry VG are listed in the stock record. Quote stock 9510 for current images and availability.,in stock,new,4682575.64 KRW,https://www.colourdiam.com/diamonddetails/Diamonds/Product/9510,https://www.colourdiam.com/Product/Diamond/9510/still.jpg,Colour Diam,Apparel & Accessories > Jewelry,,1,,,,unisex,Fancy Light Green Yellow,,adult,,,,,,,,,GIA,Fine Jewelry
6184,1.01 ct D Cushion Diamond | Colour Diam | 6184,Put 1.01 ct D Cushion Diamond on your personal shortlist. The listed clarity is VVS2. Measurements: 5.99 X 5.26 X 3.63 mm. GIA is listed as the grading laboratory. Ask to review the original report before purchase. Polish EX and symmetry VG are listed in the stock record. Quote stock 6184 for current images and availability.,in stock,new,5558215.26 KRW,https://www.colourdiam.com/diamonddetails/Diamonds/Product/6184,https://www.colourdiam.com/Product/Diamond/6184/still.jpg,Colour Diam,Apparel & Accessories > Jewelry,,1,,,,unisex,D,,adult,,,,,,,,,GIA,Fine Jewelry
6170,1.01 ct J Radiant Diamond | Colour Diam | 6170,Find your next inspiration in 1.01 ct J Radiant Diamond. The listed clarity is VS1. Measurements: 7.12 x 4.93 x 3.40 mm. IGI is listed as the grading laboratory. Ask to review the original report before purchase. Polish EX and symmetry VG are listed in the stock record. Quote stock 6170 for current images and availability.,in stock,new,2965631.24 KRW,https://www.colourdiam.com/diamonddetails/Diamonds/Product/6170,https://www.colourdiam.com/Product/Diamond/6170/still.jpg,Colour Diam,Apparel & Accessories > Jewelry,,1,,,,unisex,J,,adult,,,,,,,,,IGI,Fine Jewelry
6142,1.01 ct D Cushion Diamond | Colour Diam | 6142,Explore the details of 1.01 ct D Cushion Diamond. The listed clarity is VS1. Measurements: 5.75 x 5.61 x 3.92 mm. GIA is listed as the grading laboratory. Ask to review the original report before purchase. Polish EX and symmetry VG are listed in the stock record. Quote stock 6142 for current images and availability.,in stock,new,4994747.34 KRW,https://www.colourdiam.com/diamonddetails/Diamonds/Product/6142,https://www.colourdiam.com/Product/Diamond/6142/still.jpg,Colour Diam,Apparel & Accessories > Jewelry,,1,,,,unisex,D,,adult,,,,,,,,,GIA,Fine Jewelry
5770,1.01 ct G Round Diamond | Colour Diam | 5770,Put 1.01 ct G Round Diamond on your personal shortlist. The listed clarity is SI1. Measurements: 6.45 x 6.48 x 3.95 mm. GIA is listed as the grading laboratory. Ask to review the original report before purchase. Polish EX and symmetry EX are listed in the stock record. Quote stock 5770 for current images and availability.,in stock,new,9365151.27 KRW,https://www.colourdiam.com/diamonddetails/Diamonds/Product/5770,https://www.colourdiam.com/Product/Diamond/5770/still.jpg,Colour Diam,Apparel & Accessories > Jewelry,,1,,,,unisex,G,,adult,,,,,,,,,GIA,Fine Jewelry
9535,1.01 ct M Heart Diamond | Colour Diam | 9535,Your search for colour continues with 1.01 ct M Heart Diamond. The listed clarity is SI1. Measurements: 5.77 X 6.36 X 3.49 mm. GIA is listed as the grading laboratory. Ask to review the original report before purchase. Polish VG and symmetry VG are listed in the stock record. Quote stock 9535 for current images and availability.,in stock,new,1092600.98 KRW,https://www.colourdiam.com/diamonddetails/Diamonds/Product/9535,https://www.colourdiam.com/Product/Diamond/9535/still.jpg,Colour Diam,Apparel & Accessories > Jewelry,,1,,,,unisex,M,,adult,,,,,,,,,GIA,Fine Jewelry
9537,1.01 ct L Pear Diamond | Colour Diam | 9537,Discover 1.01 ct L Pear Diamond with Colour Diam. The listed clarity is VS1. Measurements: 8.32 X 4.89 X 3.3 mm. GIA is listed as the grading laboratory. Ask to review the original report before purchase. Polish EX and symmetry VG are listed in the stock record. Quote stock 9537 for current images and availability.,in stock,new,1248686.84 KRW,https://www.colourdiam.com/diamonddetails/Diamonds/Product/9537,https://www.colourdiam.com/Product/Diamond/9537/still.jpg,Colour Diam,Apparel & Accessories > Jewelry,,1,,,,unisex,L,,adult,,,,,,,,,GIA,Fine Jewelry
3916,1.01 ct H Radiant Diamond | Colour Diam | 3916,Put 1.01 ct H Radiant Diamond on your personal shortlist. The listed clarity is SI2. Measurements: 6.28*5.02*3.52 mm. IGI is listed as the grading laboratory. Ask to review the original report before purchase. Polish VG and symmetry VG are listed in the stock record. Quote stock 3916 for current images and availability.,in stock,new,2887595.03 KRW,https://www.colourdiam.com/diamonddetails/Diamonds/Product/3916,https://www.colourdiam.com/Product/Diamond/3916/still.jpg,Colour Diam,Apparel & Accessories > Jewelry,,1,,,,unisex,H,,adult,,,,,,,,,IGI,Fine Jewelry
5323,1.01 ct W-X Heart Diamond | Colour Diam | 5323,Put 1.01 ct W-X Heart Diamond on your personal shortlist. The listed clarity is SI1. Measurements: 5.85X6.32X3.41 mm. GIA is listed as the grading laboratory. Ask to review the original report before purchase. Polish EX and symmetry VG are listed in the stock record. Quote stock 5323 for current images and availability.,in stock,new,1560858.55 KRW,https://www.colourdiam.com/diamonddetails/Diamonds/Product/5323,https://www.colourdiam.com/Product/Diamond/5323/still.jpg,Colour Diam,Apparel & Accessories > Jewelry,,1,,,,unisex,W-X,,adult,,,,,,,,,GIA,Fine Jewelry
6015,1.01 ct Y-Z Round Diamond | Colour Diam | 6015,Colour Diam presents 1.01 ct Y-Z Round Diamond. The listed clarity is SI1. Measurements: 6.42 X 6.42 X 3.99 mm. GIA is listed as the grading laboratory. Ask to review the original report before purchase. Polish EX and symmetry EX are listed in the stock record. Quote stock 6015 for current images and availability.,in stock,new,1698211.41 KRW,https://www.colourdiam.com/diamonddetails/Diamonds/Product/6015,https://www.colourdiam.com/Product/Diamond/6015/still.jpg,Colour Diam,Apparel & Accessories > Jewelry,,1,,,,unisex,Y-Z,,adult,,,,,,,,,GIA,Fine Jewelry
7576,1.01 ct M Oval Diamond | Colour Diam | 7576,Explore the details of 1.01 ct M Oval Diamond. The listed clarity is SI2. Measurements: 8.29X5.46X3.47 mm. GIA is listed as the grading laboratory. Ask to review the original report before purchase. Polish EX and symmetry EX are listed in the stock record. Quote stock 7576 for current images and availability.,in stock,new,1256494.49 KRW,https://www.colourdiam.com/diamonddetails/Diamonds/Product/7576,https://www.colourdiam.com/Product/Diamond/7576/still.jpg,Colour Diam,Apparel & Accessories > Jewelry,,1,,,,unisex,M,,adult,,,,,,,,,GIA,Fine Jewelry
83,1.01 ct Fancy Intense Greenish Yellow Pear Diamond | Colour Diam | 83,Meet 1.01 ct Fancy Intense Greenish Yellow Pear Diamond from Colour Diam. The listed clarity is VS1. Measurements: 6.67X5.30X3.59 mm. GIA is listed as the grading laboratory. Ask to review the original report before purchase. Polish G and symmetry GD are listed in the stock record. Quote stock 83 for current images and availability.,in stock,new,5463004.91 KRW,https://www.colourdiam.com/diamonddetails/Diamonds/Product/83,https://www.colourdiam.com/Product/Diamond/83/still.jpg,Colour Diam,Apparel & Accessories > Jewelry,,1,,,,unisex,Fancy Intense Greenish Yellow,,adult,,,,,,,,,GIA,Fine Jewelry
137,1.01 ct Fancy Deep Yellow Pear Diamond | Colour Diam | 137,Take a closer look at 1.01 ct Fancy Deep Yellow Pear Diamond. Measurements: 9.13 x 5.36 x 3.20 mm. GIA is listed as the grading laboratory. Ask to review the original report before purchase. Quote stock 137 for current images and availability.,in stock,new,7804292.73 KRW,https://www.colourdiam.com/diamonddetails/Diamonds/Product/137,https://www.colourdiam.com/Product/Diamond/137/still.jpg,Colour Diam,Apparel & Accessories > Jewelry,,1,,,,unisex,Fancy Deep Yellow,,adult,,,,,,,,,GIA,Fine Jewelry
7871,1.01 ct Fancy Light Purplish Pink Cushion Diamond | Colour Diam | 7871,Meet 1.01 ct Fancy Light Purplish Pink Cushion Diamond from Colour Diam. The listed clarity is SI1. Measurements: 5.37 x 5.32 x 3.86 mm. GIA is listed as the grading laboratory. Ask to review the original report before purchase. Polish VG and symmetry GD are listed in the stock record. Quote stock 7871 for current images and availability.,in stock,new,31217170.9 KRW,https://www.colourdiam.com/diamonddetails/Diamonds/Product/7871,https://www.colourdiam.com/Product/Diamond/7871/still.jpg,Colour Diam,Apparel & Accessories > Jewelry,,1,,,,unisex,Fancy Light Purplish Pink,,adult,,,,,,,,,GIA,Fine Jewelry
8689,1.01 ct Fancy Light Greenish Yellow Pear Diamond | Colour Diam | 8689,Put 1.01 ct Fancy Light Greenish Yellow Pear Diamond on your personal shortlist. The listed clarity is VS1. Measurements: 8.04 x 5.06 x 3.30 mm. GIA is listed as the grading laboratory. Ask to review the original report before purchase. Polish EX and symmetry VG are listed in the stock record. Quote stock 8689 for current images and availability.,in stock,new,4526489.78 KRW,https://www.colourdiam.com/diamonddetails/Diamonds/Product/8689,https://www.colourdiam.com/Product/Diamond/8689/still.jpg,Colour Diam,Apparel & Accessories > Jewelry,,1,,,,unisex,Fancy Light Greenish Yellow,,adult,,,,,,,,,GIA,Fine Jewelry
8695,1.01 ct Fancy Light Greenish Yellow Pear Diamond | Colour Diam | 8695,Your search for colour continues with 1.01 ct Fancy Light Greenish Yellow Pear Diamond. The listed clarity is SI1. Measurements: 8.02 x 5.00 x 3.44 mm. GIA is listed as the grading laboratory. Ask to review the original report before purchase. Polish VG and symmetry VG are listed in the stock record. Quote stock 8695 for current images and availability.,in stock,new,4214318.07 KRW,https://www.colourdiam.com/diamonddetails/Diamonds/Product/8695,https://www.colourdiam.com/Product/Diamond/8695/still.jpg,Colour Diam,Apparel & Accessories > Jewelry,,1,,,,unisex,Fancy Light Greenish Yellow,,adult,,,,,,,,,GIA,Fine Jewelry
5516,1.01 ct Fancy Light Purplish Pink Heart Diamond | Colour Diam | 5516,Take a closer look at 1.01 ct Fancy Light Purplish Pink Heart Diamond. The listed clarity is I1. Measurements: 5.63X 6.63X 3.56 mm. GIA is listed as the grading laboratory. Ask to review the original report before purchase. Polish VG and symmetry VG are listed in the stock record. Quote stock 5516 for current images and availability.,in stock,new,28875883.08 KRW,https://www.colourdiam.com/diamonddetails/Diamonds/Product/5516,https://www.colourdiam.com/Product/Diamond/5516/still.jpg,Colour Diam,Apparel & Accessories > Jewelry,,1,,,,unisex,Fancy Light Purplish Pink,,adult,,,,,,,,,GIA,Fine Jewelry
4596,1.01 ct Fancy Deep Brown Orange Pear Diamond | Colour Diam | 4596,Colour Diam presents 1.01 ct Fancy Deep Brown Orange Pear Diamond. The listed clarity is I1. Measurements: 8.22*5.43*3.14XX mm. GIA is listed as the grading laboratory. Ask to review the original report before purchase. Polish EX and symmetry GD are listed in the stock record. Quote stock 4596 for current images and availability.,in stock,new,1873030.25 KRW,https://www.colourdiam.com/diamonddetails/Diamonds/Product/4596,https://www.colourdiam.com/Product/Diamond/4596/still.jpg,Colour Diam,Apparel & Accessories > Jewelry,,1,,,,unisex,Fancy Deep Brown Orange,,adult,,,,,,,,,GIA,Fine Jewelry
2700,1.01 ct Fancy White Pear Diamond | Colour Diam | 2700,1.01 ct Fancy White Pear Diamond: a piece to explore in detail. Measurements: 8.36 x 4.99 x 3.33 mm. GIA is listed as the grading laboratory. Ask to review the original report before purchase. Quote stock 2700 for current images and availability.,in stock,new,4682575.64 KRW,https://www.colourdiam.com/diamonddetails/Diamonds/Product/2700,https://www.colourdiam.com/Product/Diamond/2700/still.jpg,Colour Diam,Apparel & Accessories > Jewelry,,1,,,,unisex,Fancy White,,adult,,,,,,,,,GIA,Fine Jewelry
2497,1.01 ct Fancy Light Yellow Round Diamond | Colour Diam | 2497,Make 1.01 ct Fancy Light Yellow Round Diamond the starting point of your colour story. The listed clarity is I1. CGL is listed as the grading laboratory. Ask to review the original report before purchase. Quote stock 2497 for current images and availability.,in stock,new,,https://www.colourdiam.com/diamonddetails/Diamonds/Product/2497,https://www.colourdiam.com/Product/Diamond/2497/still.jpg,Colour Diam,Apparel & Accessories > Jewelry,,1,,,,unisex,Fancy Light Yellow,,adult,,,,,,,,,CGL,Fine Jewelry
8614,1.01 ct Faint Pink Oval Diamond | Colour Diam | 8614,Explore the details of 1.01 ct Faint Pink Oval Diamond. The listed clarity is VS2. Measurements: 8.62 x 5.84 x 3.10 mm. GIA is listed as the grading laboratory. Ask to review the original report before purchase. Polish VG and symmetry GD are listed in the stock record. Quote stock 8614 for current images and availability.,in stock,new,10926009.82 KRW,https://www.colourdiam.com/diamonddetails/Diamonds/Product/8614,https://www.colourdiam.com/Product/Diamond/8614/still.jpg,Colour Diam,Apparel & Accessories > Jewelry,,1,,,,unisex,Faint Pink,,adult,,,,,,,,,GIA,Fine Jewelry
6042,1.01 ct Fancy Light Brownish Greenish Yellow Round Diamond | Colour Diam | 6042,Discover 1.01 ct Fancy Light Brownish Greenish Yellow Round Diamond with Colour Diam. The listed clarity is I2. Measurements: 6.09X 6.06 X 4.17 mm. GIA is listed as the grading laboratory. Ask to review the original report before purchase. Polish G and symmetry GD are listed in the stock record. Quote stock 6042 for current images and availability.,in stock,new,1248686.84 KRW,https://www.colourdiam.com/diamonddetails/Diamonds/Product/6042,https://www.colourdiam.com/Product/Diamond/6042/still.jpg,Colour Diam,Apparel & Accessories > Jewelry,,1,,,,unisex,Fancy Light Brownish Greenish Yellow,,adult,,,,,,,,,GIA,Fine Jewelry
6059,1.01 ct Fancy Light Brown Pink Cushion Diamond | Colour Diam | 6059,1.01 ct Fancy Light Brown Pink Cushion Diamond brings its own character to your selection. The listed clarity is SI2. Measurements: 5.54 X 5.39 X 3.57 mm. GIA is listed as the grading laboratory. Ask to review the original report before purchase. Polish VG and symmetry VG are listed in the stock record. Quote stock 6059 for current images and availability.,in stock,new,14828156.18 KRW,https://www.colourdiam.com/diamonddetails/Diamonds/Product/6059,https://www.colourdiam.com/Product/Diamond/6059/still.jpg,Colour Diam,Apparel & Accessories > Jewelry,,1,,,,unisex,Fancy Light Brown Pink,,adult,,,,,,,,,GIA,Fine Jewelry
7399,1.01 ct Fancy Brownish Yellow Round Diamond | Colour Diam | 7399,Make 1.01 ct Fancy Brownish Yellow Round Diamond the starting point of your colour story. The listed clarity is I2. Measurements: 6.34 X 6.39 X 4.01 mm. GIA is listed as the grading laboratory. Ask to review the original report before purchase. Polish EX and symmetry VG are listed in the stock record. Quote stock 7399 for current images and availability.,in stock,new,941191.66 KRW,https://www.colourdiam.com/diamonddetails/Diamonds/Product/7399,https://www.colourdiam.com/Product/Diamond/7399/still.jpg,Colour Diam,Apparel & Accessories > Jewelry,,1,,,,unisex,Fancy Brownish Yellow,,adult,,,,,,,,,GIA,Fine Jewelry
5198,1.01 ct Fancy Deep Brown Orange Other Diamond | Colour Diam | 5198,Meet 1.01 ct Fancy Deep Brown Orange Other Diamond from Colour Diam. The listed clarity is I2. Measurements: 5.59X7.34X4.04 mm. GIA is listed as the grading laboratory. Ask to review the original report before purchase. Polish VG and symmetry GD are listed in the stock record. Quote stock 5198 for current images and availability.,in stock,new,3121717.09 KRW,https://www.colourdiam.com/diamonddetails/Diamonds/Product/5198,https://www.colourdiam.com/Product/Diamond/5198/still.jpg,Colour Diam,Apparel & Accessories > Jewelry,,1,,,,unisex,Fancy Deep Brown Orange,,adult,,,,,,,,,GIA,Fine Jewelry
2551,1.01 ct Faint Pink Round Diamond | Colour Diam | 2551,Put 1.01 ct Faint Pink Round Diamond on your personal shortlist. The listed clarity is I1. Measurements: 5.89*6.04*4.04 mm. CGL is listed as the grading laboratory. Ask to review the original report before purchase. Quote stock 2551 for current images and availability.,in stock,new,4370403.93 KRW,https://www.colourdiam.com/diamonddetails/Diamonds/Product/2551,https://www.colourdiam.com/Product/Diamond/2551/still.jpg,Colour Diam,Apparel & Accessories > Jewelry,,1,,,,unisex,Faint Pink,,adult,,,,,,,,,CGL,Fine Jewelry
6049,1 ct Very Light Pinkish Brown Round Diamond | Colour Diam | 6049,Put 1 ct Very Light Pinkish Brown Round Diamond on your personal shortlist. The listed clarity is SI2. Measurements: 6.06 X 6.13 X 4.08 mm. GIA is listed as the grading laboratory. Ask to review the original report before purchase. Polish EX and symmetry VG are listed in the stock record. Quote stock 6049 for current images and availability.,in stock,new,3399889.9 KRW,https://www.colourdiam.com/diamonddetails/Diamonds/Product/6049,https://www.colourdiam.com/Product/Diamond/6049/still.jpg,Colour Diam,Apparel & Accessories > Jewelry,,1,,,,unisex,Very Light Pinkish Brown,,adult,,,,,,,,,GIA,Fine Jewelry
5966,1 ct Fancy Pink Brown Diamond | Colour Diam | 5966,Find your next inspiration in 1 ct Fancy Pink Brown Diamond. The listed clarity is VS2. Measurements: 5.87 x 6.84 x 4.20 mm. GIA is listed as the grading laboratory. Ask to review the original report before purchase. Polish EX and symmetry VG are listed in the stock record. Quote stock 5966 for current images and availability.,in stock,new,17153989.95 KRW,https://www.colourdiam.com/diamonddetails/Diamonds/Product/5966,https://www.colourdiam.com/Product/Diamond/5966/still.jpg,Colour Diam,Apparel & Accessories > Jewelry,,1,,,,unisex,Fancy Pink Brown,,adult,,,,,,,,,GIA,Fine Jewelry
4597,1 ct Fancy Deep Brown Orange Pear Diamond | Colour Diam | 4597,Put 1 ct Fancy Deep Brown Orange Pear Diamond on your personal shortlist. The listed clarity is I1. Measurements: 7.74*5.27*3.37XX mm. GIA is listed as the grading laboratory. Ask to review the original report before purchase. Polish EX and symmetry GD are listed in the stock record. Quote stock 4597 for current images and availability.,in stock,new,1854485.4 KRW,https://www.colourdiam.com/diamonddetails/Diamonds/Product/4597,https://www.colourdiam.com/Product/Diamond/4597/still.jpg,Colour Diam,Apparel & Accessories > Jewelry,,1,,,,unisex,Fancy Deep Brown Orange,,adult,,,,,,,,,GIA,Fine Jewelry
2779,1 ct Fancy Blue Round Diamond | Colour Diam | 2779,Put 1 ct Fancy Blue Round Diamond on your personal shortlist. The listed clarity is VVS1. Measurements: 6.21X6.18X4.04 mm. GIA is listed as the grading laboratory. Ask to review the original report before purchase. Polish VG and symmetry GD are listed in the stock record. Quote stock 2779 for current images and availability.,in stock,new,587253710 KRW,https://www.colourdiam.com/diamonddetails/Diamonds/Product/2779,https://www.colourdiam.com/Product/Diamond/2779/still.jpg,Colour Diam,Apparel & Accessories > Jewelry,,1,,,,unisex,Fancy Blue,,adult,,,,,,,,,GIA,Fine Jewelry
2699,1 ct Fancy White Heart Diamond | Colour Diam | 2699,Find your next inspiration in 1 ct Fancy White Heart Diamond. Measurements: 5.46 x 6.53 x 3.62 mm. GIA is listed as the grading laboratory. Ask to review the original report before purchase. Quote stock 2699 for current images and availability.,in stock,new,4636213.5 KRW,https://www.colourdiam.com/diamonddetails/Diamonds/Product/2699,https://www.colourdiam.com/Product/Diamond/2699/still.jpg,Colour Diam,Apparel & Accessories > Jewelry,,1,,,,unisex,Fancy White,,adult,,,,,,,,,GIA,Fine Jewelry
2701,1 ct Fancy White Pear Diamond | Colour Diam | 2701,Your search for colour continues with 1 ct Fancy White Pear Diamond. Measurements: 7.75 x 4.72 x 3.25 mm. GIA is listed as the grading laboratory. Ask to review the original report before purchase. Quote stock 2701 for current images and availability.,in stock,new,4636213.5 KRW,https://www.colourdiam.com/diamonddetails/Diamonds/Product/2701,https://www.colourdiam.com/Product/Diamond/2701/still.jpg,Colour Diam,Apparel & Accessories > Jewelry,,1,,,,unisex,Fancy White,,adult,,,,,,,,,GIA,Fine Jewelry
7281,1 ct Faint Pink Cushion Diamond | Colour Diam | 7281,Discover 1 ct Faint Pink Cushion Diamond with Colour Diam. The listed clarity is VS1. Measurements: 6.00 x 5.02 x 3.49 mm. GIA is listed as the grading laboratory. Ask to review the original report before purchase. Polish EX and symmetry VG are listed in the stock record. Quote stock 7281 for current images and availability.,in stock,new,15452499.6 KRW,https://www.colourdiam.com/diamonddetails/Diamonds/Product/7281,https://www.colourdiam.com/Product/Diamond/7281/still.jpg,Colour Diam,Apparel & Accessories > Jewelry,,1,,,,unisex,Faint Pink,,adult,,,,,,,,,GIA,Fine Jewelry
7297,1 ct Fancy Light Yellow Green Cushion Diamond | Colour Diam | 7297,Explore the details of 1 ct Fancy Light Yellow Green Cushion Diamond. The listed clarity is IF. Measurements: 5.74 x 5.48 x 3.69 mm. GIA is listed as the grading laboratory. Ask to review the original report before purchase. Polish EX and symmetry EX are listed in the stock record. Quote stock 7297 for current images and availability.,in stock,new,10817831.5 KRW,https://www.colourdiam.com/diamonddetails/Diamonds/Product/7297,https://www.colourdiam.com/Product/Diamond/7297/still.jpg,Colour Diam,Apparel & Accessories > Jewelry,,1,,,,unisex,Fancy Light Yellow Green,,adult,,,,,,,,,GIA,Fine Jewelry
7334,1 ct Very Light Green Heart Diamond | Colour Diam | 7334,Take a closer look at 1 ct Very Light Green Heart Diamond. The listed clarity is VS1. Measurements: 5.77 x 6.91 x 4.14 mm. GIA is listed as the grading laboratory. Ask to review the original report before purchase. Polish EX and symmetry VG are listed in the stock record. Quote stock 7334 for current images and availability.,in stock,new,4636213.5 KRW,https://www.colourdiam.com/diamonddetails/Diamonds/Product/7334,https://www.colourdiam.com/Product/Diamond/7334/still.jpg,Colour Diam,Apparel & Accessories > Jewelry,,1,,,,unisex,Very Light Green,,adult,,,,,,,,,GIA,Fine Jewelry
84,1 ct Fancy Greenish Yellow Pear Diamond | Colour Diam | 84,Discover 1 ct Fancy Greenish Yellow Pear Diamond with Colour Diam. The listed clarity is VS2. Measurements: 6.47X5.26X3.79 mm. GIA is listed as the grading laboratory. Ask to review the original report before purchase. Polish G and symmetry GD are listed in the stock record. Quote stock 84 for current images and availability.,in stock,new,4636213.5 KRW,https://www.colourdiam.com/diamonddetails/Diamonds/Product/84,https://colourdiam.com/Product/Diamond/84/still.jpg,Colour Diam,Apparel & Accessories > Jewelry,,1,,,,unisex,Fancy Greenish Yellow,,adult,,,,,,,,,GIA,Fine Jewelry
5458,1 ct Fancy Light Yellow Green Oval Diamond | Colour Diam | 5458,Your search for colour continues with 1 ct Fancy Light Yellow Green Oval Diamond. The listed clarity is SI2. Measurements: 6.74 X 5.26 X 3.09 mm. GIA is listed as the grading laboratory. Ask to review the original report before purchase. Polish VG and symmetry F are listed in the stock record. Quote stock 5458 for current images and availability.,in stock,new,2627187.65 KRW,https://www.colourdiam.com/diamonddetails/Diamonds/Product/5458,https://www.colourdiam.com/Product/Diamond/5458/still.jpg,Colour Diam,Apparel & Accessories > Jewelry,,1,,,,unisex,Fancy Light Yellow Green,,adult,,,,,,,,,GIA,Fine Jewelry
5543,1 ct Fancy Deep Green Oval Diamond | Colour Diam | 5543,Meet 1 ct Fancy Deep Green Oval Diamond from Colour Diam. The listed clarity is I1. Measurements: 7.13 x 5.44 x 3.14 mm. GIA is listed as the grading laboratory. Ask to review the original report before purchase. Polish EX and symmetry F are listed in the stock record. Quote stock 5543 for current images and availability.,in stock,new,194720967 KRW,https://www.colourdiam.com/diamonddetails/Diamonds/Product/5543,https://www.colourdiam.com/Product/Diamond/5543/still.jpg,Colour Diam,Apparel & Accessories > Jewelry,,1,,,,unisex,Fancy Deep Green,,adult,,,,,,,,,GIA,Fine Jewelry
4514,1 ct Fancy Light Yellow Heart Diamond | Colour Diam | 4514,Find your next inspiration in 1 ct Fancy Light Yellow Heart Diamond. The listed clarity is SI2. Measurements: 5.86*6.64*3.45 mm. GIA is listed as the grading laboratory. Ask to review the original report before purchase. Polish VG and symmetry VG are listed in the stock record. Quote stock 4514 for current images and availability.,in stock,new,1854485.4 KRW,https://www.colourdiam.com/diamonddetails/Diamonds/Product/4514,https://www.colourdiam.com/Product/Diamond/4514/still.jpg,Colour Diam,Apparel & Accessories > Jewelry,,1,,,,unisex,Fancy Light Yellow,,adult,,,,,,,,,GIA,Fine Jewelry
7087,1 ct Fancy Intense Greenish Yellow Pear Diamond | Colour Diam | 7087,Make 1 ct Fancy Intense Greenish Yellow Pear Diamond the starting point of your colour story. The listed clarity is I1. Measurements: 7.91 X 5.07 X 3.39 mm. GIA is listed as the grading laboratory. Ask to review the original report before purchase. Polish G and symmetry GD are listed in the stock record. Quote stock 7087 for current images and availability.,in stock,new,3433888.8 KRW,https://www.colourdiam.com/diamonddetails/Diamonds/Product/7087,https://www.colourdiam.com/Product/Diamond/7087/still.jpg,Colour Diam,Apparel & Accessories > Jewelry,,1,,,,unisex,Fancy Intense Greenish Yellow,,adult,,,,,,,,,GIA,Fine Jewelry
5567,1 ct Faint Pink Pear Diamond | Colour Diam | 5567,Take a closer look at 1 ct Faint Pink Pear Diamond. The listed clarity is VVS1. Measurements: 7.15X5.14X3.59 mm. GIA is listed as the grading laboratory. Ask to review the original report before purchase. Polish VG and symmetry VG are listed in the stock record. Quote stock 5567 for current images and availability.,in stock,new,16999449.5 KRW,https://www.colourdiam.com/diamonddetails/Diamonds/Product/5567,https://www.colourdiam.com/Product/Diamond/5567/still.jpg,Colour Diam,Apparel & Accessories > Jewelry,,1,,,,unisex,Faint Pink,,adult,,,,,,,,,GIA,Fine Jewelry
176,1 ct Fancy Light Pink Radiant Diamond | Colour Diam | 176,Find your next inspiration in 1 ct Fancy Light Pink Radiant Diamond. The listed clarity is VS1. Measurements: 8.41X3.89X2.99 mm. CGL is listed as the grading laboratory. Ask to review the original report before purchase. Quote stock 176 for current images and availability.,in stock,new,69543202.5 KRW,https://www.colourdiam.com/diamonddetails/Diamonds/Product/176,https://www.colourdiam.com/Product/Diamond/176/still.jpg,Colour Diam,Apparel & Accessories > Jewelry,,1,,,,unisex,Fancy Light Pink,,adult,,,,,,,,,CGL,Fine Jewelry
5534,1 ct Fancy Brown Greenish Yellow Round Diamond | Colour Diam | 5534,Take a closer look at 1 ct Fancy Brown Greenish Yellow Round Diamond. The listed clarity is SI2. Measurements: 5.91 X 6.00 X 4.18 mm. GIA is listed as the grading laboratory. Ask to review the original report before purchase. Polish G and symmetry GD are listed in the stock record. Quote stock 5534 for current images and availability.,in stock,new,1313593.83 KRW,https://www.colourdiam.com/diamonddetails/Diamonds/Product/5534,https://www.colourdiam.com/Product/Diamond/5534/still.jpg,Colour Diam,Apparel & Accessories > Jewelry,,1,,,,unisex,Fancy Brown Greenish Yellow,,adult,,,,,,,,,GIA,Fine Jewelry
4555,1 ct Fancy Brownish Yellow Cushion Diamond | Colour Diam | 4555,Explore the details of 1 ct Fancy Brownish Yellow Cushion Diamond. The listed clarity is SI2. Measurements: 5.60*5.23*3.77 mm. GIA is listed as the grading laboratory. Ask to review the original report before purchase. Polish G and symmetry GD are listed in the stock record. Quote stock 4555 for current images and availability.,in stock,new,1390864.05 KRW,https://www.colourdiam.com/diamonddetails/Diamonds/Product/4555,https://www.colourdiam.com/Product/Diamond/4555/still.jpg,Colour Diam,Apparel & Accessories > Jewelry,,1,,,,unisex,Fancy Brownish Yellow,,adult,,,,,,,,,GIA,Fine Jewelry
6117,1 ct Fancy Yellow Heart Diamond | Colour Diam | 6117,1 ct Fancy Yellow Heart Diamond: a piece to explore in detail. The listed clarity is VS2. Measurements: 5.68 x 6.70 x 3.32 mm. GIA is listed as the grading laboratory. Ask to review the original report before purchase. Polish EX and symmetry VG are listed in the stock record. Quote stock 6117 for current images and availability.,in stock,new,3863511.25 KRW,https://www.colourdiam.com/diamonddetails/Diamonds/Product/6117,https://www.colourdiam.com/Product/Diamond/6117/still.jpg,Colour Diam,Apparel & Accessories > Jewelry,,1,,,,unisex,Fancy Yellow,,adult,,,,,,,,,GIA,Fine Jewelry
6121,1 ct Fancy Light Yellow Heart Diamond | Colour Diam | 6121,Your search for colour continues with 1 ct Fancy Light Yellow Heart Diamond. The listed clarity is VS1. Measurements: 5.54 x 6.28 x 3.50 mm. GIA is listed as the grading laboratory. Ask to review the original report before purchase. Polish EX and symmetry VG are listed in the stock record. Quote stock 6121 for current images and availability.,in stock,new,3013538.78 KRW,https://www.colourdiam.com/diamonddetails/Diamonds/Product/6121,https://www.colourdiam.com/Product/Diamond/6121/still.jpg,Colour Diam,Apparel & Accessories > Jewelry,,1,,,,unisex,Fancy Light Yellow,,adult,,,,,,,,,GIA,Fine Jewelry
6261,1 ct Fancy Brownish Pink Cushion Diamond | Colour Diam | 6261,Consider 1 ct Fancy Brownish Pink Cushion Diamond for your next jewellery consultation. The listed clarity is I2. Measurements: 5.73 X 5.44 X 3.51 mm. GIA is listed as the grading laboratory. Ask to review the original report before purchase. Polish EX and symmetry GD are listed in the stock record. Quote stock 6261 for current images and availability.,in stock,new,5563456.2 KRW,https://www.colourdiam.com/diamonddetails/Diamonds/Product/6261,https://www.colourdiam.com/Product/Diamond/6261/still.jpg,Colour Diam,Apparel & Accessories > Jewelry,,1,,,,unisex,Fancy Brownish Pink,,adult,,,,,,,,,GIA,Fine Jewelry
7048,1 ct Fancy Intense Yellow Cushion Diamond | Colour Diam | 7048,Explore the details of 1 ct Fancy Intense Yellow Cushion Diamond. The listed clarity is SI2. Measurements: 6.04X5.15X3.6 mm. GIA is listed as the grading laboratory. Ask to review the original report before purchase. Polish VG and symmetry GD are listed in the stock record. Quote stock 7048 for current images and availability.,in stock,new,5563456.2 KRW,https://www.colourdiam.com/diamonddetails/Diamonds/Product/7048,https://www.colourdiam.com/Product/Diamond/7048/still.jpg,Colour Diam,Apparel & Accessories > Jewelry,,1,,,,unisex,Fancy Intense Yellow,,adult,,,,,,,,,GIA,Fine Jewelry
7578,1 ct Y-Z Oval Diamond | Colour Diam | 7578,Consider 1 ct Y-Z Oval Diamond for your next jewellery consultation. The listed clarity is SI2. Measurements: 8.43X5.34X3.38 mm. GIA is listed as the grading laboratory. Ask to review the original report before purchase. Polish EX and symmetry VG are listed in the stock record. Quote stock 7578 for current images and availability.,in stock,new,1244050.62 KRW,https://www.colourdiam.com/diamonddetails/Diamonds/Product/7578,https://www.colourdiam.com/Product/Diamond/7578/still.jpg,Colour Diam,Apparel & Accessories > Jewelry,,1,,,,unisex,Y-Z,,adult,,,,,,,,,GIA,Fine Jewelry
8317,1 ct J Pear Diamond | Colour Diam | 8317,Explore the details of 1 ct J Pear Diamond. The listed clarity is SI1. Measurements: 8.79 x 5.74 x 3.21 mm. IGI is listed as the grading laboratory. Ask to review the original report before purchase. Polish VG and symmetry VG are listed in the stock record. Quote stock 8317 for current images and availability.,in stock,new,1390864.05 KRW,https://www.colourdiam.com/diamonddetails/Diamonds/Product/8317,https://www.colourdiam.com/Product/Diamond/8317/still.jpg,Colour Diam,Apparel & Accessories > Jewelry,,1,,,,unisex,J,,adult,,,,,,,,,IGI,Fine Jewelry
7046,1 ct U-V Pear Diamond | Colour Diam | 7046,Meet 1 ct U-V Pear Diamond from Colour Diam. The listed clarity is VVS2. Measurements: 9.08X5.19X2.94 mm. GIA is listed as the grading laboratory. Ask to review the original report before purchase. Polish VG and symmetry GD are listed in the stock record. Quote stock 7046 for current images and availability.,in stock,new,1931755.63 KRW,https://www.colourdiam.com/diamonddetails/Diamonds/Product/7046,https://www.colourdiam.com/Product/Diamond/7046/still.jpg,Colour Diam,Apparel & Accessories > Jewelry,,1,,,,unisex,U-V,,adult,,,,,,,,,GIA,Fine Jewelry
3402,1 ct I Radiant Diamond | Colour Diam | 3402,Consider 1 ct I Radiant Diamond for your next jewellery consultation. The listed clarity is SI2. Measurements: 6.12*4.96*3.46 mm. HRD is listed as the grading laboratory. Ask to review the original report before purchase. Polish EX and symmetry VG are listed in the stock record. Quote stock 3402 for current images and availability.,in stock,new,2665822.76 KRW,https://www.colourdiam.com/diamonddetails/Diamonds/Product/3402,https://www.colourdiam.com/Product/Diamond/3402/still.jpg,Colour Diam,Apparel & Accessories > Jewelry,,1,,,,unisex,I,,adult,,,,,,,,,HRD,Fine Jewelry
9530,1 ct L Oval Diamond | Colour Diam | 9530,Take a closer look at 1 ct L Oval Diamond. The listed clarity is VS1. Measurements: 7.25 X 5.1 X 3.48 mm. GIA is listed as the grading laboratory. Ask to review the original report before purchase. Polish EX and symmetry VG are listed in the stock record. Quote stock 9530 for current images and availability.,in stock,new,1081783.15 KRW,https://www.colourdiam.com/diamonddetails/Diamonds/Product/9530,https://www.colourdiam.com/Product/Diamond/9530/still.jpg,Colour Diam,Apparel & Accessories > Jewelry,,1,,,,unisex,L,,adult,,,,,,,,,GIA,Fine Jewelry
8589,1 ct W-X Oval Diamond | Colour Diam | 8589,Colour Diam presents 1 ct W-X Oval Diamond. The listed clarity is I1. Measurements: 7.81 x 5.75 x 3.27 mm. GIA is listed as the grading laboratory. Ask to review the original report before purchase. Polish VG and symmetry VG are listed in the stock record. Quote stock 8589 for current images and availability.,in stock,new,1545404.5 KRW,https://www.colourdiam.com/diamonddetails/Diamonds/Product/8589,https://www.colourdiam.com/Product/Diamond/8589/still.jpg,Colour Diam,Apparel & Accessories > Jewelry,,1,,,,unisex,W-X,,adult,,,,,,,,,GIA,Fine Jewelry
6045,1 ct Q-R Round Diamond | Colour Diam | 6045,Consider 1 ct Q-R Round Diamond for your next jewellery consultation. The listed clarity is I2. Measurements: 6.35 X 6.29 X 3.84 mm. GIA is listed as the grading laboratory. Ask to review the original report before purchase. Polish G and symmetry GD are listed in the stock record. Quote stock 6045 for current images and availability.,in stock,new,1390864.05 KRW,https://www.colourdiam.com/diamonddetails/Diamonds/Product/6045,https://www.colourdiam.com/Product/Diamond/6045/still.jpg,Colour Diam,Apparel & Accessories > Jewelry,,1,,,,unisex,Q-R,,adult,,,,,,,,,GIA,Fine Jewelry
6161,1 ct E Cushion Diamond | Colour Diam | 6161,1 ct E Cushion Diamond brings its own character to your selection. The listed clarity is VVS1. Measurements: 6.08 X 5.55 X 3.40 mm. GIA is listed as the grading laboratory. Ask to review the original report before purchase. Polish EX and symmetry EX are listed in the stock record. Quote stock 6161 for current images and availability.,in stock,new,5872537.1 KRW,https://www.colourdiam.com/diamonddetails/Diamonds/Product/6161,https://www.colourdiam.com/Product/Diamond/6161/still.jpg,Colour Diam,Apparel & Accessories > Jewelry,,1,,,,unisex,E,,adult,,,,,,,,,GIA,Fine Jewelry
9533,1 ct N Oval Diamond | Colour Diam | 9533,Find your next inspiration in 1 ct N Oval Diamond. The listed clarity is SI1. Measurements: 7.5 X 5.11 X 3.27 mm. GIA is listed as the grading laboratory. Ask to review the original report before purchase. Polish EX and symmetry VG are listed in the stock record. Quote stock 9533 for current images and availability.,in stock,new,973604.84 KRW,https://www.colourdiam.com/diamonddetails/Diamonds/Product/9533,https://www.colourdiam.com/Product/Diamond/9533/still.jpg,Colour Diam,Apparel & Accessories > Jewelry,,1,,,,unisex,N,,adult,,,,,,,,,GIA,Fine Jewelry
9137,1 ct Fancy Light Green Yellow Oval Diamond | Colour Diam | 9137,Find your next inspiration in 1 ct Fancy Light Green Yellow Oval Diamond. The listed clarity is SI2. Measurements: 7.14 X5.00 X 3.42 mm. GIA is listed as the grading laboratory. Ask to review the original report before purchase. Polish EX and symmetry VG are listed in the stock record. Quote stock 9137 for current images and availability.,in stock,new,3863511.25 KRW,https://www.colourdiam.com/diamonddetails/Diamonds/Product/9137,https://www.colourdiam.com/Product/Diamond/9137/still.jpg,Colour Diam,Apparel & Accessories > Jewelry,,1,,,,unisex,Fancy Light Green Yellow,,adult,,,,,,,,,GIA,Fine Jewelry
9261,1 ct Very Light Pink Marquise Diamond | Colour Diam | 9261,Discover 1 ct Very Light Pink Marquise Diamond with Colour Diam. The listed clarity is SI2. Measurements: 9.32 x 5.16 x 3.53 mm. GIA is listed as the grading laboratory. Ask to review the original report before purchase. Polish EX and symmetry VG are listed in the stock record. Quote stock 9261 for current images and availability.,in stock,new,15454045 KRW,https://www.colourdiam.com/diamonddetails/Diamonds/Product/9261,https://www.colourdiam.com/Product/Diamond/9261/still.jpg,Colour Diam,Apparel & Accessories > Jewelry,,1,,,,unisex,Very Light Pink,,adult,,,,,,,,,GIA,Fine Jewelry
9332,1 ct Fancy Light Pinkish Brown Oval Diamond | Colour Diam | 9332,Take a closer look at 1 ct Fancy Light Pinkish Brown Oval Diamond. The listed clarity is SI2. Measurements: 6.98 x 5.37 x 3.39 mm. GIA is listed as the grading laboratory. Ask to review the original report before purchase. Polish G and symmetry GD are listed in the stock record. Quote stock 9332 for current images and availability.,in stock,new,3433888.8 KRW,https://www.colourdiam.com/diamonddetails/Diamonds/Product/9332,https://www.colourdiam.com/Product/Diamond/9332/still.jpg,Colour Diam,Apparel & Accessories > Jewelry,,1,,,,unisex,Fancy Light Pinkish Brown,,adult,,,,,,,,,GIA,Fine Jewelry
9475,1 ct Light Pink Round Diamond | Colour Diam | 9475,Explore the details of 1 ct Light Pink Round Diamond. The listed clarity is IF. Measurements: 6.46 x 6.48 x 3.94 mm. GIA is listed as the grading laboratory. Ask to review the original report before purchase. Polish EX and symmetry VG are listed in the stock record. Quote stock 9475 for current images and availability.,in stock,new,74179416 KRW,https://www.colourdiam.com/diamonddetails/Diamonds/Product/9475,https://www.colourdiam.com/Product/Diamond/9475/still.jpg,Colour Diam,Apparel & Accessories > Jewelry,,1,,,,unisex,Light Pink,,adult,,,,,,,,,GIA,Fine Jewelry
9505,1 ct Fancy Brownish Greenish Yellow Radiant Diamond | Colour Diam | 9505,Explore the details of 1 ct Fancy Brownish Greenish Yellow Radiant Diamond. The listed clarity is VS2. Measurements: 6.23x4.85x3.40 mm. GIA is listed as the grading laboratory. Ask to review the original report before purchase. Polish VG and symmetry GD are listed in the stock record. Quote stock 9505 for current images and availability.,in stock,new,2395376.98 KRW,https://www.colourdiam.com/diamonddetails/Diamonds/Product/9505,https://www.colourdiam.com/Product/Diamond/9505/still.jpg,Colour Diam,Apparel & Accessories > Jewelry,,1,,,,unisex,Fancy Brownish Greenish Yellow,,adult,,,,,,,,,GIA,Fine Jewelry
9551,1 ct Faint Pink Round Diamond | Colour Diam | 9551,Find your next inspiration in 1 ct Faint Pink Round Diamond. The listed clarity is SI2. Measurements: 6.33 - 6.37 x 4.01 mm. GIA is listed as the grading laboratory. Ask to review the original report before purchase. Polish EX and symmetry EX are listed in the stock record. Quote stock 9551 for current images and availability.,in stock,new,6181618 KRW,https://www.colourdiam.com/diamonddetails/Diamonds/Product/9551,https://www.colourdiam.com/Product/Diamond/9551/still.jpg,Colour Diam,Apparel & Accessories > Jewelry,,1,,,,unisex,Faint Pink,,adult,,,,,,,,,GIA,Fine Jewelry
6018,0.96 ct Very Light Pinkish Brown Round Diamond | Colour Diam | 6018,0.96 ct Very Light Pinkish Brown Round Diamond: a piece to explore in detail. The listed clarity is SI2. Measurements: 6.31 X 6.32 X 3.90 mm. GIA is listed as the grading laboratory. Ask to review the original report before purchase. Polish EX and symmetry EX are listed in the stock record. Quote stock 6018 for current images and availability.,in stock,new,2447920.73 KRW,https://www.colourdiam.com/diamonddetails/Diamonds/Product/6018,https://www.colourdiam.com/Product/Diamond/6018/still.jpg,Colour Diam,Apparel & Accessories > Jewelry,,1,,,,unisex,Very Light Pinkish Brown,,adult,,,,,,,,,GIA,Fine Jewelry
3365,0.96 ct Fancy Deep Yellow Cushion Diamond | Colour Diam | 3365,Meet 0.96 ct Fancy Deep Yellow Cushion Diamond from Colour Diam. The listed clarity is I1. Measurements: 5.48*5.33*3.57 mm. GIA is listed as the grading laboratory. Ask to review the original report before purchase. Polish VG and symmetry VG are listed in the stock record. Quote stock 3365 for current images and availability.,in stock,new,1482110.11 KRW,https://www.colourdiam.com/diamonddetails/Diamonds/Product/3365,https://www.colourdiam.com/Product/Diamond/3365/still.jpg,Colour Diam,Apparel & Accessories > Jewelry,,1,,,,unisex,Fancy Deep Yellow,,adult,,,,,,,,,GIA,Fine Jewelry
6043,0.94 ct M Round Diamond | Colour Diam | 6043,Explore the details of 0.94 ct M Round Diamond. The listed clarity is I2. Measurements: 5.90 X 5.94 X 4.09 mm. GIA is listed as the grading laboratory. Ask to review the original report before purchase. Polish G and symmetry GD are listed in the stock record. Quote stock 6043 for current images and availability.,in stock,new,1128736.57 KRW,https://www.colourdiam.com/diamonddetails/Diamonds/Product/6043,https://www.colourdiam.com/Product/Diamond/6043/still.jpg,Colour Diam,Apparel & Accessories > Jewelry,,1,,,,unisex,M,,adult,,,,,,,,,GIA,Fine Jewelry
6046,0.93 ct U-V Round Diamond | Colour Diam | 6046,Make 0.93 ct U-V Round Diamond the starting point of your colour story. The listed clarity is I3. Measurements: 5.90 X 5.80 X 4.07 mm. GIA is listed as the grading laboratory. Ask to review the original report before purchase. Polish G and symmetry F are listed in the stock record. Quote stock 6046 for current images and availability.,in stock,new,1116722.73 KRW,https://www.colourdiam.com/diamonddetails/Diamonds/Product/6046,https://www.colourdiam.com/Product/Diamond/6046/still.jpg,Colour Diam,Apparel & Accessories > Jewelry,,1,,,,unisex,U-V,,adult,,,,,,,,,GIA,Fine Jewelry
2113,0.92 ct Fancy Light Bluish Green Radiant Diamond | Colour Diam | 2113,Explore the details of 0.92 ct Fancy Light Bluish Green Radiant Diamond. The listed clarity is VS1. Measurements: 5.98X5.36X3.54 mm. GIA is listed as the grading laboratory. Ask to review the original report before purchase. Polish G and symmetry GD are listed in the stock record. Quote stock 2113 for current images and availability.,in stock,new,25591898.52 KRW,https://www.colourdiam.com/diamonddetails/Diamonds/Product/2113,https://www.colourdiam.com/Product/Diamond/2113/still.jpg,Colour Diam,Apparel & Accessories > Jewelry,,1,,,,unisex,Fancy Light Bluish Green,,adult,,,,,,,,,GIA,Fine Jewelry
5532,0.92 ct Fancy Light Brownish Greenish Yellow Round Diamond | Colour Diam | 5532,Consider 0.92 ct Fancy Light Brownish Greenish Yellow Round Diamond for your next jewellery consultation. The listed clarity is SI1. Measurements: 5.84-5.94x4.01 mm. GIA is listed as the grading laboratory. Ask to review the original report before purchase. Polish VG and symmetry GD are listed in the stock record. Quote stock 5532 for current images and availability.,in stock,new,1421772.14 KRW,https://www.colourdiam.com/diamonddetails/Diamonds/Product/5532,https://www.colourdiam.com/Product/Diamond/5532/still.jpg,Colour Diam,Apparel & Accessories > Jewelry,,1,,,,unisex,Fancy Light Brownish Greenish Yellow,,adult,,,,,,,,,GIA,Fine Jewelry
5746,0.92 ct Fancy Gray Greenish Yellow Round Diamond | Colour Diam | 5746,Make 0.92 ct Fancy Gray Greenish Yellow Round Diamond the starting point of your colour story. The listed clarity is I3. Measurements: 6.00X6.07X3.87 mm. GIA is listed as the grading laboratory. Ask to review the original report before purchase. Polish G and symmetry F are listed in the stock record. Quote stock 5746 for current images and availability.,in stock,new,1421772.14 KRW,https://www.colourdiam.com/diamonddetails/Diamonds/Product/5746,https://www.colourdiam.com/Product/Diamond/5746/still.jpg,Colour Diam,Apparel & Accessories > Jewelry,,1,,,,unisex,Fancy Gray Greenish Yellow,,adult,,,,,,,,,GIA,Fine Jewelry
5024,0.91 ct S-T Emerald Diamond | Colour Diam | 5024,Take a closer look at 0.91 ct S-T Emerald Diamond. The listed clarity is SI2. Measurements: 6.85*4.47*2.94 mm. GIA is listed as the grading laboratory. Ask to review the original report before purchase. Polish EX and symmetry GD are listed in the stock record. Quote stock 5024 for current images and availability.,in stock,new,1054745.29 KRW,https://www.colourdiam.com/diamonddetails/Diamonds/Product/5024,https://www.colourdiam.com/Product/Diamond/5024/still.jpg,Colour Diam,Apparel & Accessories > Jewelry,,1,,,,unisex,S-T,,adult,,,,,,,,,GIA,Fine Jewelry
9080,0.91 ct Very Light Pink Cushion Diamond | Colour Diam | 9080,Meet 0.91 ct Very Light Pink Cushion Diamond from Colour Diam. The listed clarity is VS1. Measurements: 5.23 x 5.06 x 3.54 mm. GIA is listed as the grading laboratory. Ask to review the original report before purchase. Polish EX and symmetry VG are listed in the stock record. Quote stock 9080 for current images and availability.,in stock,new,14063180.95 KRW,https://www.colourdiam.com/diamonddetails/Diamonds/Product/9080,https://www.colourdiam.com/Product/Diamond/9080/still.jpg,Colour Diam,Apparel & Accessories > Jewelry,,1,,,,unisex,Very Light Pink,,adult,,,,,,,,,GIA,Fine Jewelry
3604,0.91 ct Fancy Brownish Yellow Round Diamond | Colour Diam | 3604,Put 0.91 ct Fancy Brownish Yellow Round Diamond on your personal shortlist. The listed clarity is I1. Measurements: 6.02X6.04 x 3.89 mm. GIA is listed as the grading laboratory. Ask to review the original report before purchase. Polish VG and symmetry VG are listed in the stock record. Quote stock 3604 for current images and availability.,in stock,new,12499352.54 KRW,https://www.colourdiam.com/diamonddetails/Diamonds/Product/3604,https://www.colourdiam.com/Product/Diamond/3604/still.jpg,Colour Diam,Apparel & Accessories > Jewelry,,1,,,,unisex,Fancy Brownish Yellow,,adult,,,,,,,,,GIA,Fine Jewelry
462,0.9 ct Fancy Yellow Cushion Diamond | Colour Diam | 462,Discover 0.9 ct Fancy Yellow Cushion Diamond with Colour Diam. The listed clarity is SI2. Measurements: 5.61X5.09X3.62 mm. GIA is listed as the grading laboratory. Ask to review the original report before purchase. Polish G and symmetry GD are listed in the stock record. Quote stock 462 for current images and availability.,in stock,new,2086296.08 KRW,https://www.colourdiam.com/diamonddetails/Diamonds/Product/462,https://www.colourdiam.com/Product/Diamond/462/still.jpg,Colour Diam,Apparel & Accessories > Jewelry,,1,,,,unisex,Fancy Yellow,,adult,,,,,,,,,GIA,Fine Jewelry
3664,0.9 ct Fancy Light Yellow Radiant Diamond | Colour Diam | 3664,Explore the details of 0.9 ct Fancy Light Yellow Radiant Diamond. The listed clarity is SI2. Measurements: 4.85X5.28X3.59 mm. GIA is listed as the grading laboratory. Ask to review the original report before purchase. Polish EX and symmetry EX are listed in the stock record. Quote stock 3664 for current images and availability.,in stock,new,1599493.66 KRW,https://www.colourdiam.com/diamonddetails/Diamonds/Product/3664,https://www.colourdiam.com/Product/Diamond/3664/still.jpg,Colour Diam,Apparel & Accessories > Jewelry,,1,,,,unisex,Fancy Light Yellow,,adult,,,,,,,,,GIA,Fine Jewelry
9591,0.9 ct D Cushion Diamond | Colour Diam | 9591,Discover 0.9 ct D Cushion Diamond with Colour Diam. The listed clarity is VS1. Measurements: 5.40 - 5.44 X 3.64 mm. GIA is listed as the grading laboratory. Ask to review the original report before purchase. Polish EX and symmetry EX are listed in the stock record. Quote stock 9591 for current images and availability.,in stock,new,,https://www.colourdiam.com/diamonddetails/Diamonds/Product/9591,https://www.colourdiam.com/Product/Diamond/9591/still.jpg,Colour Diam,Apparel & Accessories > Jewelry,,1,,,,unisex,D,,adult,,,,,,,,,GIA,Fine Jewelry
3351,0.89 ct Fancy Intense Orangy Yellow Pear Diamond | Colour Diam | 3351,Discover 0.89 ct Fancy Intense Orangy Yellow Pear Diamond with Colour Diam. The listed clarity is I1. Measurements: 7.62X5.15X3.19 mm. GIA is listed as the grading laboratory. Ask to review the original report before purchase. Polish VG and symmetry VG are listed in the stock record. Quote stock 3351 for current images and availability.,in stock,new,2063115.01 KRW,https://www.colourdiam.com/diamonddetails/Diamonds/Product/3351,https://www.colourdiam.com/Product/Diamond/3351/still.jpg,Colour Diam,Apparel & Accessories > Jewelry,,1,,,,unisex,Fancy Intense Orangy Yellow,,adult,,,,,,,,,GIA,Fine Jewelry
4716,0.88 ct Light Green Pear Diamond | Colour Diam | 4716,Discover 0.88 ct Light Green Pear Diamond with Colour Diam. The listed clarity is SI1. Measurements: 7.77X5.23X3.06 mm. GIA is listed as the grading laboratory. Ask to review the original report before purchase. Polish VG and symmetry VG are listed in the stock record. Quote stock 4716 for current images and availability.,in stock,new,4759845.86 KRW,https://www.colourdiam.com/diamonddetails/Diamonds/Product/4716,https://www.colourdiam.com/Product/Diamond/4716/still.jpg,Colour Diam,Apparel & Accessories > Jewelry,,1,,,,unisex,Light Green,,adult,,,,,,,,,GIA,Fine Jewelry
4746,0.86 ct Fancy Light Yellowish Green Pear Diamond | Colour Diam | 4746,0.86 ct Fancy Light Yellowish Green Pear Diamond: a piece to explore in detail. The listed clarity is SI1. Measurements: 7.21X5.41X3.1 mm. GIA is listed as the grading laboratory. Ask to review the original report before purchase. Polish VG and symmetry VG are listed in the stock record. Quote stock 4746 for current images and availability.,in stock,new,4651667.55 KRW,https://www.colourdiam.com/diamonddetails/Diamonds/Product/4746,https://www.colourdiam.com/Product/Diamond/4746/still.jpg,Colour Diam,Apparel & Accessories > Jewelry,,1,,,,unisex,Fancy Light Yellowish Green,,adult,,,,,,,,,GIA,Fine Jewelry
4749,0.82 ct Fancy Yellowish Green Pear Diamond | Colour Diam | 4749,Discover 0.82 ct Fancy Yellowish Green Pear Diamond with Colour Diam. The listed clarity is SI2. Measurements: 8.41X6.05X2.43 mm. GIA is listed as the grading laboratory. Ask to review the original report before purchase. Polish G and symmetry GD are listed in the stock record. Quote stock 4749 for current images and availability.,in stock,new,4435310.92 KRW,https://www.colourdiam.com/diamonddetails/Diamonds/Product/4749,https://www.colourdiam.com/Product/Diamond/4749/still.jpg,Colour Diam,Apparel & Accessories > Jewelry,,1,,,,unisex,Fancy Yellowish Green,,adult,,,,,,,,,GIA,Fine Jewelry
8740,0.81 ct Fancy Purple Pink Heart Diamond | Colour Diam | 8740,Put 0.81 ct Fancy Purple Pink Heart Diamond on your personal shortlist. The listed clarity is VS2. Measurements: 5.59x6.26x3.28 mm. GIA is listed as the grading laboratory. Ask to review the original report before purchase. Polish VG and symmetry VG are listed in the stock record. Quote stock 8740 for current images and availability.,in stock,new,50071105.8 KRW,https://www.colourdiam.com/diamonddetails/Diamonds/Product/8740,https://www.colourdiam.com/Product/Diamond/8740/still.jpg,Colour Diam,Apparel & Accessories > Jewelry,,1,,,,unisex,Fancy Purple Pink,,adult,,,,,,,,,GIA,Fine Jewelry
9246,0.8 ct Faint Pinkish Brown Pear Diamond | Colour Diam | 9246,Consider 0.8 ct Faint Pinkish Brown Pear Diamond for your next jewellery consultation. The listed clarity is SI1. Measurements: 7.86 X 5.09 X 3.19 mm. GIA is listed as the grading laboratory. Ask to review the original report before purchase. Polish EX and symmetry EX are listed in the stock record. Quote stock 9246 for current images and availability.,in stock,new,2225382.48 KRW,https://www.colourdiam.com/diamonddetails/Diamonds/Product/9246,https://www.colourdiam.com/Product/Diamond/9246/still.jpg,Colour Diam,Apparel & Accessories > Jewelry,,1,,,,unisex,Faint Pinkish Brown,,adult,,,,,,,,,GIA,Fine Jewelry
4726,0.8 ct Faint Green Radiant Diamond | Colour Diam | 4726,Put 0.8 ct Faint Green Radiant Diamond on your personal shortlist. The listed clarity is VS1. Measurements: 6.67X4.3X2.95 mm. GIA is listed as the grading laboratory. Ask to review the original report before purchase. Polish G and symmetry VG are listed in the stock record. Quote stock 4726 for current images and availability.,in stock,new,3708970.8 KRW,https://www.colourdiam.com/diamonddetails/Diamonds/Product/4726,https://www.colourdiam.com/Product/Diamond/4726/still.jpg,Colour Diam,Apparel & Accessories > Jewelry,,1,,,,unisex,Faint Green,,adult,,,,,,,,,GIA,Fine Jewelry
2418,0.8 ct Faint Pink Round Diamond | Colour Diam | 2418,0.8 ct Faint Pink Round Diamond: a piece to explore in detail. The listed clarity is SI2. Measurements: 5.95X5.91X3.73 mm. GIA is listed as the grading laboratory. Ask to review the original report before purchase. Polish EX and symmetry EX are listed in the stock record. Quote stock 2418 for current images and availability.,in stock,new,3708970.8 KRW,https://www.colourdiam.com/diamonddetails/Diamonds/Product/2418,https://www.colourdiam.com/Product/Diamond/2418/still.jpg,Colour Diam,Apparel & Accessories > Jewelry,,1,,,,unisex,Faint Pink,,adult,,,,,,,,,GIA,Fine Jewelry
5718,0.78 ct Fancy Yellow Oval Diamond | Colour Diam | 5718,0.78 ct Fancy Yellow Oval Diamond: a piece to explore in detail. The listed clarity is I1. Measurements: 6.54x4.77x3.25 mm. GIA is listed as the grading laboratory. Ask to review the original report before purchase. Polish G and symmetry GD are listed in the stock record. Quote stock 5718 for current images and availability.,in stock,new,904061.63 KRW,https://www.colourdiam.com/diamonddetails/Diamonds/Product/5718,https://www.colourdiam.com/Product/Diamond/5718/still.jpg,Colour Diam,Apparel & Accessories > Jewelry,,1,,,,unisex,Fancy Yellow,,adult,,,,,,,,,GIA,Fine Jewelry
667,0.77 ct Light Pink Pear Diamond | Colour Diam | 667,Put 0.77 ct Light Pink Pear Diamond on your personal shortlist. Measurements: 7.29 x 5.10 x 3.27 mm. GIA is listed as the grading laboratory. Ask to review the original report before purchase. Quote stock 667 for current images and availability.,in stock,new,17849421.98 KRW,https://www.colourdiam.com/diamonddetails/Diamonds/Product/667,https://www.colourdiam.com/Product/Diamond/667/still.jpg,Colour Diam,Apparel & Accessories > Jewelry,,1,,,,unisex,Light Pink,,adult,,,,,,,,,GIA,Fine Jewelry
7902,0.76 ct Fancy White Cushion Diamond | Colour Diam | 7902,Discover 0.76 ct Fancy White Cushion Diamond with Colour Diam. Measurements: 5.12 x 5.07 x 3.59 mm. GIA is listed as the grading laboratory. Ask to review the original report before purchase. Quote stock 7902 for current images and availability.,in stock,new,1409408.9 KRW,https://www.colourdiam.com/diamonddetails/Diamonds/Product/7902,https://www.colourdiam.com/Product/Diamond/7902/still.jpg,Colour Diam,Apparel & Accessories > Jewelry,,1,,,,unisex,Fancy White,,adult,,,,,,,,,GIA,Fine Jewelry
4721,0.75 ct Light Green Pear Diamond | Colour Diam | 4721,0.75 ct Light Green Pear Diamond brings its own character to your selection. The listed clarity is SI1. Measurements: 7.66X4.88X2.9 mm. GIA is listed as the grading laboratory. Ask to review the original report before purchase. Polish G and symmetry GD are listed in the stock record. Quote stock 4721 for current images and availability.,in stock,new,4056686.81 KRW,https://www.colourdiam.com/diamonddetails/Diamonds/Product/4721,https://www.colourdiam.com/Product/Diamond/4721/still.jpg,Colour Diam,Apparel & Accessories > Jewelry,,1,,,,unisex,Light Green,,adult,,,,,,,,,GIA,Fine Jewelry
5907,0.74 ct Fancy Light Yellow Brown Pear Diamond | Colour Diam | 5907,Consider 0.74 ct Fancy Light Yellow Brown Pear Diamond for your next jewellery consultation. The listed clarity is SI1. Measurements: 7.32 X 4.92 X 2.93 mm. GIA is listed as the grading laboratory. Ask to review the original report before purchase. Polish VG and symmetry F are listed in the stock record. Quote stock 5907 for current images and availability.,in stock,new,800519.53 KRW,https://www.colourdiam.com/diamonddetails/Diamonds/Product/5907,https://www.colourdiam.com/Product/Diamond/5907/still.jpg,Colour Diam,Apparel & Accessories > Jewelry,,1,,,,unisex,Fancy Light Yellow Brown,,adult,,,,,,,,,GIA,Fine Jewelry
1448,0.73 ct Fancy Deep Yellow Orange Marquise Diamond | Colour Diam | 1448,Meet 0.73 ct Fancy Deep Yellow Orange Marquise Diamond from Colour Diam. The listed clarity is I1. Measurements: 8.81X4.82X2.99 mm. GIA is listed as the grading laboratory. Ask to review the original report before purchase. Polish G and symmetry GD are listed in the stock record. Quote stock 1448 for current images and availability.,in stock,new,3948508.5 KRW,https://www.colourdiam.com/diamonddetails/Diamonds/Product/1448,https://www.colourdiam.com/Product/Diamond/1448/still.jpg,Colour Diam,Apparel & Accessories > Jewelry,,1,,,,unisex,Fancy Deep Yellow Orange,,adult,,,,,,,,,GIA,Fine Jewelry
360,0.73 ct Fancy White Round Diamond | Colour Diam | 360,0.73 ct Fancy White Round Diamond: a piece to explore in detail. Measurements: 5.53 x 5.56 x 3.78 mm. GIA is listed as the grading laboratory. Ask to review the original report before purchase. Quote stock 360 for current images and availability.,in stock,new,3384435.86 KRW,https://www.colourdiam.com/diamonddetails/Diamonds/Product/360,https://www.colourdiam.com/Product/Diamond/360/still.jpg,Colour Diam,Apparel & Accessories > Jewelry,,1,,,,unisex,Fancy White,,adult,,,,,,,,,GIA,Fine Jewelry
9181,0.72 ct Faint Pink Round Diamond | Colour Diam | 9181,Explore the details of 0.72 ct Faint Pink Round Diamond. The listed clarity is SI1. Measurements: 5.70 - 5.72 x 3.58 mm. GIA is listed as the grading laboratory. Ask to review the original report before purchase. Polish EX and symmetry EX are listed in the stock record. Quote stock 9181 for current images and availability.,in stock,new,3338073.72 KRW,https://www.colourdiam.com/diamonddetails/Diamonds/Product/9181,https://www.colourdiam.com/Product/Diamond/9181/still.jpg,Colour Diam,Apparel & Accessories > Jewelry,,1,,,,unisex,Faint Pink,,adult,,,,,,,,,GIA,Fine Jewelry
6165,0.72 ct F Radiant Diamond | Colour Diam | 6165,Colour Diam presents 0.72 ct F Radiant Diamond. The listed clarity is VVS1. Measurements: 5.47 x 4.42 x 3.15 mm. GIA is listed as the grading laboratory. Ask to review the original report before purchase. Polish EX and symmetry EX are listed in the stock record. Quote stock 6165 for current images and availability.,in stock,new,2447920.73 KRW,https://www.colourdiam.com/diamonddetails/Diamonds/Product/6165,https://www.colourdiam.com/Product/Diamond/6165/still.jpg,Colour Diam,Apparel & Accessories > Jewelry,,1,,,,unisex,F,,adult,,,,,,,,,GIA,Fine Jewelry
6685,0.72 ct Faint Pink Round Diamond | Colour Diam | 6685,Explore the details of 0.72 ct Faint Pink Round Diamond. The listed clarity is SI2. Measurements: 5.68-5.72*3.57 mm. GIA is listed as the grading laboratory. Ask to review the original report before purchase. Polish EX and symmetry EX are listed in the stock record. Quote stock 6685 for current images and availability.,in stock,new,3894419.34 KRW,https://www.colourdiam.com/diamonddetails/Diamonds/Product/6685,https://www.colourdiam.com/Product/Diamond/6685/still.jpg,Colour Diam,Apparel & Accessories > Jewelry,,1,,,,unisex,Faint Pink,,adult,,,,,,,,,GIA,Fine Jewelry
7168,0.72 ct Fancy Intense Yellow Round Diamond | Colour Diam | 7168,Make 0.72 ct Fancy Intense Yellow Round Diamond the starting point of your colour story. The listed clarity is SI2. Measurements: 5.90 x 5.95 x 3.41 mm. GIA is listed as the grading laboratory. Ask to review the original report before purchase. Polish VG and symmetry VG are listed in the stock record. Quote stock 7168 for current images and availability.,in stock,new,9889594.37 KRW,https://www.colourdiam.com/diamonddetails/Diamonds/Product/7168,https://www.colourdiam.com/Product/Diamond/7168/still.jpg,Colour Diam,Apparel & Accessories > Jewelry,,1,,,,unisex,Fancy Intense Yellow,,adult,,,,,,,,,GIA,Fine Jewelry
4698,0.71 ct Fancy Light Grayish Green Cushion Diamond | Colour Diam | 4698,0.71 ct Fancy Light Grayish Green Cushion Diamond: a piece to explore in detail. The listed clarity is VS2. Measurements: 5.12X4.6X3.22 mm. GIA is listed as the grading laboratory. Ask to review the original report before purchase. Polish VG and symmetry VG are listed in the stock record. Quote stock 4698 for current images and availability.,in stock,new,2743092.99 KRW,https://www.colourdiam.com/diamonddetails/Diamonds/Product/4698,https://www.colourdiam.com/Product/Diamond/4698/still.jpg,Colour Diam,Apparel & Accessories > Jewelry,,1,,,,unisex,Fancy Light Grayish Green,,adult,,,,,,,,,GIA,Fine Jewelry
7178,0.71 ct Fancy Purplish Pink Oval Diamond | Colour Diam | 7178,Meet 0.71 ct Fancy Purplish Pink Oval Diamond from Colour Diam. The listed clarity is SI2. Measurements: 7.31 X 4.50 X 2.70 mm. GIA is listed as the grading laboratory. Ask to review the original report before purchase. Polish VG and symmetry VG are listed in the stock record. Quote stock 7178 for current images and availability.,in stock,new,31271260.06 KRW,https://www.colourdiam.com/diamonddetails/Diamonds/Product/7178,https://www.colourdiam.com/Product/Diamond/7178/still.jpg,Colour Diam,Apparel & Accessories > Jewelry,,1,,,,unisex,Fancy Purplish Pink,,adult,,,,,,,,,GIA,Fine Jewelry
5233,0.71 ct Light Pink Heart Diamond | Colour Diam | 5233,Explore the details of 0.71 ct Light Pink Heart Diamond. The listed clarity is SI2. Measurements: 4.96 x 5.74 x 3.29 mm. GIA is listed as the grading laboratory. Ask to review the original report before purchase. Polish G and symmetry GD are listed in the stock record. Quote stock 5233 for current images and availability.,in stock,new,7680660.37 KRW,https://www.colourdiam.com/diamonddetails/Diamonds/Product/5233,https://www.colourdiam.com/Product/Diamond/5233/still.jpg,Colour Diam,Apparel & Accessories > Jewelry,,1,,,,unisex,Light Pink,,adult,,,,,,,,,GIA,Fine Jewelry
8752,0.7 ct Faint Pink Round Diamond | Colour Diam | 8752,Make 0.7 ct Faint Pink Round Diamond the starting point of your colour story. The listed clarity is I1. Measurements: 5.65 - 5.67 x 3.32 mm. GIA is listed as the grading laboratory. Ask to review the original report before purchase. Polish VG and symmetry EX are listed in the stock record. Quote stock 8752 for current images and availability.,in stock,new,2163566.3 KRW,https://www.colourdiam.com/diamonddetails/Diamonds/Product/8752,https://www.colourdiam.com/Product/Diamond/8752/still.jpg,Colour Diam,Apparel & Accessories > Jewelry,,1,,,,unisex,Faint Pink,,adult,,,,,,,,,GIA,Fine Jewelry
2472,0.7 ct Fancy Pink Cushion Diamond | Colour Diam | 2472,0.7 ct Fancy Pink Cushion Diamond: a piece to explore in detail. The listed clarity is VS2. Measurements: 4.88X4.66X3.28 mm. GIA is listed as the grading laboratory. Ask to review the original report before purchase. Polish G and symmetry GD are listed in the stock record. Quote stock 2472 for current images and availability.,in stock,new,75724820.5 KRW,https://www.colourdiam.com/diamonddetails/Diamonds/Product/2472,https://www.colourdiam.com/Product/Diamond/2472/still.jpg,Colour Diam,Apparel & Accessories > Jewelry,,1,,,,unisex,Fancy Pink,,adult,,,,,,,,,GIA,Fine Jewelry
7618,0.7 ct Fancy Purplish Pink Radiant Diamond | Colour Diam | 7618,Your search for colour continues with 0.7 ct Fancy Purplish Pink Radiant Diamond. The listed clarity is VS2. Measurements: 5.90 X 4.35 X 2.83 mm. GIA is listed as the grading laboratory. Ask to review the original report before purchase. Polish VG and symmetry VG are listed in the stock record. Quote stock 7618 for current images and availability.,in stock,new,58416290.1 KRW,https://www.colourdiam.com/diamonddetails/Diamonds/Product/7618,https://www.colourdiam.com/Product/Diamond/7618/still.jpg,Colour Diam,Apparel & Accessories > Jewelry,,1,,,,unisex,Fancy Purplish Pink,,adult,,,,,,,,,GIA,Fine Jewelry
2477,0.7 ct Fancy Brown Pink Heart Diamond | Colour Diam | 2477,0.7 ct Fancy Brown Pink Heart Diamond brings its own character to your selection. The listed clarity is I2. Measurements: 5.41X6.22X3.55 mm. GIA is listed as the grading laboratory. Ask to review the original report before purchase. Polish VG and symmetry GD are listed in the stock record. Quote stock 2477 for current images and availability.,in stock,new,6490698.9 KRW,https://www.colourdiam.com/diamonddetails/Diamonds/Product/2477,https://www.colourdiam.com/Product/Diamond/2477/still.jpg,Colour Diam,Apparel & Accessories > Jewelry,,1,,,,unisex,Fancy Brown Pink,,adult,,,,,,,,,GIA,Fine Jewelry
7274,0.7 ct Fancy Brownish Purplish Pink Cushion Diamond | Colour Diam | 7274,Find your next inspiration in 0.7 ct Fancy Brownish Purplish Pink Cushion Diamond. The listed clarity is I1. Measurements: 5.06 x 4.51 x 3.31 mm. GIA is listed as the grading laboratory. Ask to review the original report before purchase. Polish EX and symmetry VG are listed in the stock record. Quote stock 7274 for current images and availability.,in stock,new,2553008.23 KRW,https://www.colourdiam.com/diamonddetails/Diamonds/Product/7274,https://www.colourdiam.com/Product/Diamond/7274/still.jpg,Colour Diam,Apparel & Accessories > Jewelry,,1,,,,unisex,Fancy Brownish Purplish Pink,,adult,,,,,,,,,GIA,Fine Jewelry
5721,0.7 ct Fancy Light Yellow Pear Diamond | Colour Diam | 5721,0.7 ct Fancy Light Yellow Pear Diamond: a piece to explore in detail. The listed clarity is I1. Measurements: 6.72x4.97x2.90 mm. GIA is listed as the grading laboratory. Ask to review the original report before purchase. Polish EX and symmetry GD are listed in the stock record. Quote stock 5721 for current images and availability.,in stock,new,866515.02 KRW,https://www.colourdiam.com/diamonddetails/Diamonds/Product/5721,https://www.colourdiam.com/Product/Diamond/5721/still.jpg,Colour Diam,Apparel & Accessories > Jewelry,,1,,,,unisex,Fancy Light Yellow,,adult,,,,,,,,,GIA,Fine Jewelry
5407,0.7 ct Very Light Pink Round Diamond | Colour Diam | 5407,Your search for colour continues with 0.7 ct Very Light Pink Round Diamond. The listed clarity is I1. Measurements: 5.52 X 5.61 X 3.53 mm. GIA is listed as the grading laboratory. Ask to review the original report before purchase. Polish G and symmetry F are listed in the stock record. Quote stock 5407 for current images and availability.,in stock,new,2428609.89 KRW,https://www.colourdiam.com/diamonddetails/Diamonds/Product/5407,https://www.colourdiam.com/Product/Diamond/5407/still.jpg,Colour Diam,Apparel & Accessories > Jewelry,,1,,,,unisex,Very Light Pink,,adult,,,,,,,,,GIA,Fine Jewelry
3321,0.7 ct N Round Diamond | Colour Diam | 3321,Consider 0.7 ct N Round Diamond for your next jewellery consultation. The listed clarity is SI2. Measurements: 5.60 X 5.64 X 3.56 mm. GIA is listed as the grading laboratory. Ask to review the original report before purchase. Polish EX and symmetry VG are listed in the stock record. Quote stock 3321 for current images and availability.,in stock,new,2163566.3 KRW,https://www.colourdiam.com/diamonddetails/Diamonds/Product/3321,https://www.colourdiam.com/Product/Diamond/3321/still.jpg,Colour Diam,Apparel & Accessories > Jewelry,,1,,,,unisex,N,,adult,,,,,,,,,GIA,Fine Jewelry
3603,0.7 ct Fancy Brown Orange Other Diamond | Colour Diam | 3603,Colour Diam presents 0.7 ct Fancy Brown Orange Other Diamond. The listed clarity is VS1. Measurements: 9.04 x 3.92 x 2.40 mm. GIA is listed as the grading laboratory. Ask to review the original report before purchase. Quote stock 3603 for current images and availability.,in stock,new,,https://www.colourdiam.com/diamonddetails/Diamonds/Product/3603,https://www.colourdiam.com/Product/Diamond/3603/still.jpg,Colour Diam,Apparel & Accessories > Jewelry,,1,,,,unisex,Fancy Brown Orange,,adult,,,,,,,,,GIA,Fine Jewelry
6956,0.7 ct Light Greenish Yellow Cushion Diamond | Colour Diam | 6956,Find your next inspiration in 0.7 ct Light Greenish Yellow Cushion Diamond. The listed clarity is SI1. Measurements: 4.77 x 4.50 x 3.37 mm. GIA is listed as the grading laboratory. Ask to review the original report before purchase. Polish VG and symmetry GD are listed in the stock record. Quote stock 6956 for current images and availability.,in stock,new,3028992.82 KRW,https://www.colourdiam.com/diamonddetails/Diamonds/Product/6956,https://www.colourdiam.com/Product/Diamond/6956/still.jpg,Colour Diam,Apparel & Accessories > Jewelry,,1,,,,unisex,Light Greenish Yellow,,adult,,,,,,,,,GIA,Fine Jewelry
2211,0.7 ct Fancy Pink Round Diamond | Colour Diam | 2211,Discover 0.7 ct Fancy Pink Round Diamond with Colour Diam. The listed clarity is SI2. Measurements: 5.86X5.80X3.36 mm. GIA is listed as the grading laboratory. Ask to review the original report before purchase. Polish G and symmetry VG are listed in the stock record. Quote stock 2211 for current images and availability.,in stock,new,91951567.75 KRW,https://www.colourdiam.com/diamonddetails/Diamonds/Product/2211,https://www.colourdiam.com/Product/Diamond/2211/still.jpg,Colour Diam,Apparel & Accessories > Jewelry,,1,,,,unisex,Fancy Pink,,adult,,,,,,,,,GIA,Fine Jewelry
6144,0.7 ct D Radiant Diamond | Colour Diam | 6144,Consider 0.7 ct D Radiant Diamond for your next jewellery consultation. The listed clarity is SI1. Measurements: 5.80 X 4.75 X 2.95 mm. GIA is listed as the grading laboratory. Ask to review the original report before purchase. Polish EX and symmetry EX are listed in the stock record. Quote stock 6144 for current images and availability.,in stock,new,2119219.91 KRW,https://www.colourdiam.com/diamonddetails/Diamonds/Product/6144,https://www.colourdiam.com/Product/Diamond/6144/still.jpg,Colour Diam,Apparel & Accessories > Jewelry,,1,,,,unisex,D,,adult,,,,,,,,,GIA,Fine Jewelry
7118,0.7 ct Fancy Vivid Orange Yellow Cushion Diamond | Colour Diam | 7118,Take a closer look at 0.7 ct Fancy Vivid Orange Yellow Cushion Diamond. The listed clarity is SI2. Measurements: 5.62 X 4.49 X 3.01 mm. GIA is listed as the grading laboratory. Ask to review the original report before purchase. Polish VG and symmetry VG are listed in the stock record. Quote stock 7118 for current images and availability.,in stock,new,5949807.33 KRW,https://www.colourdiam.com/diamonddetails/Diamonds/Product/7118,https://www.colourdiam.com/Product/Diamond/7118/still.jpg,Colour Diam,Apparel & Accessories > Jewelry,,1,,,,unisex,Fancy Vivid Orange Yellow,,adult,,,,,,,,,GIA,Fine Jewelry
9507,0.7 ct Faint Pink Pear Diamond | Colour Diam | 9507,Consider 0.7 ct Faint Pink Pear Diamond for your next jewellery consultation. The listed clarity is I1. Measurements: 7.60 x 4.91 x 3.14 mm. GIA is listed as the grading laboratory. Ask to review the original report before purchase. Polish VG and symmetry VG are listed in the stock record. Quote stock 9507 for current images and availability.,in stock,new,1893120.51 KRW,https://www.colourdiam.com/diamonddetails/Diamonds/Product/9507,https://www.colourdiam.com/Product/Diamond/9507/still.jpg,Colour Diam,Apparel & Accessories > Jewelry,,1,,,,unisex,Faint Pink,,adult,,,,,,,,,GIA,Fine Jewelry
2950,0.7 ct E Round Diamond | Colour Diam | 2950,Your search for colour continues with 0.7 ct E Round Diamond. The listed clarity is SI1. Measurements: 5.80X5.76X3.50 mm. GIA is listed as the grading laboratory. Ask to review the original report before purchase. Polish EX and symmetry EX are listed in the stock record. Quote stock 2950 for current images and availability.,in stock,new,4327132.6 KRW,https://www.colourdiam.com/diamonddetails/Diamonds/Product/2950,https://www.colourdiam.com/Product/Diamond/2950/still.jpg,Colour Diam,Apparel & Accessories > Jewelry,,1,,,,unisex,E,,adult,,,,,,,,,GIA,Fine Jewelry
7684,0.69 ct Fancy Vivid Orange Yellow Marquise Diamond | Colour Diam | 7684,Put 0.69 ct Fancy Vivid Orange Yellow Marquise Diamond on your personal shortlist. The listed clarity is I1. Measurements: 9.40 X 4.25 X 2.68 mm. GIA is listed as the grading laboratory. Ask to review the original report before purchase. Polish VG and symmetry F are listed in the stock record. Quote stock 7684 for current images and availability.,in stock,new,4265316.42 KRW,https://www.colourdiam.com/diamonddetails/Diamonds/Product/7684,https://www.colourdiam.com/Product/Diamond/7684/still.jpg,Colour Diam,Apparel & Accessories > Jewelry,,1,,,,unisex,Fancy Vivid Orange Yellow,,adult,,,,,,,,,GIA,Fine Jewelry
1545,0.66 ct Fancy Purplish Pink Round Diamond | Colour Diam | 1545,0.66 ct Fancy Purplish Pink Round Diamond: a piece to explore in detail. The listed clarity is I2. Measurements: 5.60X5.56X3.48 mm. GIA is listed as the grading laboratory. Ask to review the original report before purchase. Polish VG and symmetry VG are listed in the stock record. Quote stock 1545 for current images and availability.,in stock,new,30599009.1 KRW,https://www.colourdiam.com/diamonddetails/Diamonds/Product/1545,https://www.colourdiam.com/Product/Diamond/1545/still.jpg,Colour Diam,Apparel & Accessories > Jewelry,,1,,,,unisex,Fancy Purplish Pink,,adult,,,,,,,,,GIA,Fine Jewelry
6056,0.65 ct Light Pink Cushion Diamond | Colour Diam | 6056,Meet 0.65 ct Light Pink Cushion Diamond from Colour Diam. The listed clarity is VS2. Measurements: 4.56X4.47X3.21 mm. GIA is listed as the grading laboratory. Ask to review the original report before purchase. Polish VG and symmetry GD are listed in the stock record. Quote stock 6056 for current images and availability.,in stock,new,8839713.74 KRW,https://www.colourdiam.com/diamonddetails/Diamonds/Product/6056,https://www.colourdiam.com/Product/Diamond/6056/still.jpg,Colour Diam,Apparel & Accessories > Jewelry,,1,,,,unisex,Light Pink,,adult,,,,,,,,,GIA,Fine Jewelry
5232,0.65 ct Fancy Light Pink Cushion Diamond | Colour Diam | 5232,Discover 0.65 ct Fancy Light Pink Cushion Diamond with Colour Diam. The listed clarity is SI2. Measurements: 4.94X4.72X3.13 mm. GIA is listed as the grading laboratory. Ask to review the original report before purchase. Polish EX and symmetry GD are listed in the stock record. Quote stock 5232 for current images and availability.,in stock,new,14565437.41 KRW,https://www.colourdiam.com/diamonddetails/Diamonds/Product/5232,https://www.colourdiam.com/Product/Diamond/5232/still.jpg,Colour Diam,Apparel & Accessories > Jewelry,,1,,,,unisex,Fancy Light Pink,,adult,,,,,,,,,GIA,Fine Jewelry
6647,0.63 ct G Round Diamond | Colour Diam | 6647,Meet 0.63 ct G Round Diamond from Colour Diam. The listed clarity is VS1. Measurements: 5.46 x 5.49 x 3.41 mm. GIA is listed as the grading laboratory. Ask to review the original report before purchase. Polish EX and symmetry EX are listed in the stock record. Quote stock 6647 for current images and availability.,in stock,new,2920814.51 KRW,https://www.colourdiam.com/diamonddetails/Diamonds/Product/6647,https://www.colourdiam.com/Product/Diamond/6647/still.jpg,Colour Diam,Apparel & Accessories > Jewelry,,1,,,,unisex,G,,adult,,,,,,,,,GIA,Fine Jewelry
1931,0.63 ct Fancy Brownish Purplish Pink Radiant Diamond | Colour Diam | 1931,0.63 ct Fancy Brownish Purplish Pink Radiant Diamond brings its own character to your selection. The listed clarity is I1. Measurements: 4.81 X 4.54 X 3.23 mm. GIA is listed as the grading laboratory. Ask to review the original report before purchase. Polish G and symmetry GD are listed in the stock record. Quote stock 1931 for current images and availability.,in stock,new,8762443.52 KRW,https://www.colourdiam.com/diamonddetails/Diamonds/Product/1931,https://www.colourdiam.com/Product/Diamond/1931/still.jpg,Colour Diam,Apparel & Accessories > Jewelry,,1,,,,unisex,Fancy Brownish Purplish Pink,,adult,,,,,,,,,GIA,Fine Jewelry
4915,0.61 ct Fancy Intense Blue Marquise Diamond | Colour Diam | 4915,Explore the details of 0.61 ct Fancy Intense Blue Marquise Diamond. The listed clarity is VS1. Measurements: 9.97x4.36x2.08 mm. GIA is listed as the grading laboratory. Ask to review the original report before purchase. Polish VG and symmetry GD are listed in the stock record. Quote stock 4915 for current images and availability.,in stock,new,209487952.04 KRW,https://www.colourdiam.com/diamonddetails/Diamonds/Product/4915,https://www.colourdiam.com/Product/Diamond/4915/still.jpg,Colour Diam,Apparel & Accessories > Jewelry,,1,,,,unisex,Fancy Intense Blue,,adult,,,,,,,,,GIA,Fine Jewelry
2372,0.61 ct Fancy Intense Purplish Pink Oval Diamond | Colour Diam | 2372,Find your next inspiration in 0.61 ct Fancy Intense Purplish Pink Oval Diamond. Measurements: 6.33x4.58x3.27 mm. GIA is listed as the grading laboratory. Ask to review the original report before purchase. Quote stock 2372 for current images and availability.,in stock,new,51848320.98 KRW,https://www.colourdiam.com/diamonddetails/Diamonds/Product/2372,https://www.colourdiam.com/Product/Diamond/2372/still.jpg,Colour Diam,Apparel & Accessories > Jewelry,,1,,,,unisex,Fancy Intense Purplish Pink,,adult,,,,,,,,,GIA,Fine Jewelry
6346,0.61 ct Fancy Pinkish Brown Cushion Diamond | Colour Diam | 6346,Put 0.61 ct Fancy Pinkish Brown Cushion Diamond on your personal shortlist. The listed clarity is SI1. Measurements: 5.39 x 4.15 x 3.04 mm. GIA is listed as the grading laboratory. Ask to review the original report before purchase. Polish G and symmetry GD are listed in the stock record. Quote stock 6346 for current images and availability.,in stock,new,1885393.49 KRW,https://www.colourdiam.com/diamonddetails/Diamonds/Product/6346,https://www.colourdiam.com/Product/Diamond/6346/still.jpg,Colour Diam,Apparel & Accessories > Jewelry,,1,,,,unisex,Fancy Pinkish Brown,,adult,,,,,,,,,GIA,Fine Jewelry
6958,0.6 ct Very Light Green Yellow Heart Diamond | Colour Diam | 6958,Your search for colour continues with 0.6 ct Very Light Green Yellow Heart Diamond. The listed clarity is SI1. Measurements: 5.29 x 5.79 x 3.32 mm. GIA is listed as the grading laboratory. Ask to review the original report before purchase. Polish VG and symmetry VG are listed in the stock record. Quote stock 6958 for current images and availability.,in stock,new,2596279.56 KRW,https://www.colourdiam.com/diamonddetails/Diamonds/Product/6958,https://www.colourdiam.com/Product/Diamond/6958/still.jpg,Colour Diam,Apparel & Accessories > Jewelry,,1,,,,unisex,Very Light Green Yellow,,adult,,,,,,,,,GIA,Fine Jewelry
6087,0.6 ct Fancy Intense Yellow Pear Diamond | Colour Diam | 6087,0.6 ct Fancy Intense Yellow Pear Diamond: a piece to explore in detail. The listed clarity is SI2. Measurements: 6.76 X 4.50 X 2.85 mm. GIA is listed as the grading laboratory. Ask to review the original report before purchase. Polish VG and symmetry GD are listed in the stock record. Quote stock 6087 for current images and availability.,in stock,new,1030166.64 KRW,https://www.colourdiam.com/diamonddetails/Diamonds/Product/6087,https://www.colourdiam.com/Product/Diamond/6087/still.jpg,Colour Diam,Apparel & Accessories > Jewelry,,1,,,,unisex,Fancy Intense Yellow,,adult,,,,,,,,,GIA,Fine Jewelry
6078,0.6 ct U-V Cushion Diamond | Colour Diam | 6078,Consider 0.6 ct U-V Cushion Diamond for your next jewellery consultation. The listed clarity is SI2. Measurements: 5.03 X 4.41 X 3.07 mm. GIA is listed as the grading laboratory. Ask to review the original report before purchase. Polish VG and symmetry VG are listed in the stock record. Quote stock 6078 for current images and availability.,in stock,new,927242.7 KRW,https://www.colourdiam.com/diamonddetails/Diamonds/Product/6078,https://www.colourdiam.com/Product/Diamond/6078/still.jpg,Colour Diam,Apparel & Accessories > Jewelry,,1,,,,unisex,U-V,,adult,,,,,,,,,GIA,Fine Jewelry
9129,0.59 ct Faint Pink Round Diamond | Colour Diam | 9129,Consider 0.59 ct Faint Pink Round Diamond for your next jewellery consultation. The listed clarity is SI1. Measurements: 5.43 - 5.45 x 3.29 mm. GIA is listed as the grading laboratory. Ask to review the original report before purchase. Polish EX and symmetry EX are listed in the stock record. Quote stock 9129 for current images and availability.,in stock,new,1641219.58 KRW,https://www.colourdiam.com/diamonddetails/Diamonds/Product/9129,https://www.colourdiam.com/Product/Diamond/9129/still.jpg,Colour Diam,Apparel & Accessories > Jewelry,,1,,,,unisex,Faint Pink,,adult,,,,,,,,,GIA,Fine Jewelry
1755,0.58 ct Light Pink Heart Diamond | Colour Diam | 1755,Colour Diam presents 0.58 ct Light Pink Heart Diamond. Measurements: 5.12 x 5.66 x 3.10 mm. GIA is listed as the grading laboratory. Ask to review the original report before purchase. Quote stock 1755 for current images and availability.,in stock,new,7170676.88 KRW,https://www.colourdiam.com/diamonddetails/Diamonds/Product/1755,https://www.colourdiam.com/Product/Diamond/1755/still.jpg,Colour Diam,Apparel & Accessories > Jewelry,,1,,,,unisex,Light Pink,,adult,,,,,,,,,GIA,Fine Jewelry
648,0.58 ct Light Pink Heart Diamond | Colour Diam | 648,Colour Diam presents 0.58 ct Light Pink Heart Diamond. The listed clarity is I1. Measurements: 4.81X6.19X3.15 mm. GIA is listed as the grading laboratory. Ask to review the original report before purchase. Polish VG and symmetry GD are listed in the stock record. Quote stock 648 for current images and availability.,in stock,new,4481673.05 KRW,https://www.colourdiam.com/diamonddetails/Diamonds/Product/648,https://www.colourdiam.com/Product/Diamond/648/still.jpg,Colour Diam,Apparel & Accessories > Jewelry,,1,,,,unisex,Light Pink,,adult,,,,,,,,,GIA,Fine Jewelry
6268,0.58 ct E Radiant Diamond | Colour Diam | 6268,Your search for colour continues with 0.58 ct E Radiant Diamond. The listed clarity is IF. Measurements: 5.39 x 4.06 x 2.89 mm. GIA is listed as the grading laboratory. Ask to review the original report before purchase. Polish EX and symmetry VG are listed in the stock record. Quote stock 6268 for current images and availability.,in stock,new,1386630.99 KRW,https://www.colourdiam.com/diamonddetails/Diamonds/Product/6268,https://www.colourdiam.com/Product/Diamond/6268/still.jpg,Colour Diam,Apparel & Accessories > Jewelry,,1,,,,unisex,E,,adult,,,,,,,,,GIA,Fine Jewelry
1584,0.57 ct Fancy Purple Pink Radiant Diamond | Colour Diam | 1584,Discover 0.57 ct Fancy Purple Pink Radiant Diamond with Colour Diam. The listed clarity is I2. Measurements: 4.69X4.03X3.30 mm. GIA is listed as the grading laboratory. Ask to review the original report before purchase. Polish VG and symmetry GD are listed in the stock record. Quote stock 1584 for current images and availability.,in stock,new,13653648.76 KRW,https://www.colourdiam.com/diamonddetails/Diamonds/Product/1584,https://www.colourdiam.com/Product/Diamond/1584/still.jpg,Colour Diam,Apparel & Accessories > Jewelry,,1,,,,unisex,Fancy Purple Pink,,adult,,,,,,,,,GIA,Fine Jewelry
7126,0.56 ct Light Pink Cushion Diamond | Colour Diam | 7126,Your search for colour continues with 0.56 ct Light Pink Cushion Diamond. The listed clarity is SI2. Measurements: 4.48X4.48X3.1 mm. GIA is listed as the grading laboratory. Ask to review the original report before purchase. Polish VG and symmetry GD are listed in the stock record. Quote stock 7126 for current images and availability.,in stock,new,4327132.6 KRW,https://www.colourdiam.com/diamonddetails/Diamonds/Product/7126,https://www.colourdiam.com/Product/Diamond/7126/still.jpg,Colour Diam,Apparel & Accessories > Jewelry,,1,,,,unisex,Light Pink,,adult,,,,,,,,,GIA,Fine Jewelry
7208,0.56 ct Faint Pinkish Brown Pear Diamond | Colour Diam | 7208,Meet 0.56 ct Faint Pinkish Brown Pear Diamond from Colour Diam. The listed clarity is VS2. Measurements: 7.02 x 4.25 x 2.66 mm. GIA is listed as the grading laboratory. Ask to review the original report before purchase. Polish VG and symmetry VG are listed in the stock record. Quote stock 7208 for current images and availability.,in stock,new,2167893.43 KRW,https://www.colourdiam.com/diamonddetails/Diamonds/Product/7208,https://www.colourdiam.com/Product/Diamond/7208/still.jpg,Colour Diam,Apparel & Accessories > Jewelry,,1,,,,unisex,Faint Pinkish Brown,,adult,,,,,,,,,GIA,Fine Jewelry
4969,0.56 ct Fancy Yellowish Green Radiant Diamond | Colour Diam | 4969,Make 0.56 ct Fancy Yellowish Green Radiant Diamond the starting point of your colour story. The listed clarity is SI1. Measurements: 5.30 x 3.97 x 2.82 mm. GIA is listed as the grading laboratory. Ask to review the original report before purchase. Polish VG and symmetry GD are listed in the stock record. Quote stock 4969 for current images and availability.,in stock,new,692341.22 KRW,https://www.colourdiam.com/diamonddetails/Diamonds/Product/4969,https://www.colourdiam.com/Product/Diamond/4969/still.jpg,Colour Diam,Apparel & Accessories > Jewelry,,1,,,,unisex,Fancy Yellowish Green,,adult,,,,,,,,,GIA,Fine Jewelry
4971,0.56 ct Fancy Light Yellowish Green Radiant Diamond | Colour Diam | 4971,Consider 0.56 ct Fancy Light Yellowish Green Radiant Diamond for your next jewellery consultation. The listed clarity is SI1. Measurements: 5.63 x 3.84 x 2.70 mm. GIA is listed as the grading laboratory. Ask to review the original report before purchase. Polish VG and symmetry GD are listed in the stock record. Quote stock 4971 for current images and availability.,in stock,new,692341.22 KRW,https://www.colourdiam.com/diamonddetails/Diamonds/Product/4971,https://www.colourdiam.com/Product/Diamond/4971/still.jpg,Colour Diam,Apparel & Accessories > Jewelry,,1,,,,unisex,Fancy Light Yellowish Green,,adult,,,,,,,,,GIA,Fine Jewelry
6331,0.56 ct G Other Diamond | Colour Diam | 6331,Put 0.56 ct G Other Diamond on your personal shortlist. The listed clarity is VVS2. Measurements: 4.80 X 4.78 X 3.44 mm. GIA is listed as the grading laboratory. Ask to review the original report before purchase. Polish EX and symmetry VG are listed in the stock record. Quote stock 6331 for current images and availability.,in stock,new,3115535.47 KRW,https://www.colourdiam.com/diamonddetails/Diamonds/Product/6331,https://www.colourdiam.com/Product/Diamond/6331/still.jpg,Colour Diam,Apparel & Accessories > Jewelry,,1,,,,unisex,G,,adult,,,,,,,,,GIA,Fine Jewelry
719,0.55 ct Fancy Vivid Orangy Yellow Emerald Diamond | Colour Diam | 719,Meet 0.55 ct Fancy Vivid Orangy Yellow Emerald Diamond from Colour Diam. The listed clarity is SI1. Measurements: 4.87X4.30X3.31 mm. GIA is listed as the grading laboratory. Ask to review the original report before purchase. Polish VG and symmetry GD are listed in the stock record. Quote stock 719 for current images and availability.,in stock,new,5099834.85 KRW,https://www.colourdiam.com/diamonddetails/Diamonds/Product/719,https://www.colourdiam.com/Product/Diamond/719/still.jpg,Colour Diam,Apparel & Accessories > Jewelry,,1,,,,unisex,Fancy Vivid Orangy Yellow,,adult,,,,,,,,,GIA,Fine Jewelry
6086,0.55 ct Very Light Brown Cushion Diamond | Colour Diam | 6086,Find your next inspiration in 0.55 ct Very Light Brown Cushion Diamond. The listed clarity is I1. Measurements: 4.70 X 4.54 X 2.93 mm. GIA is listed as the grading laboratory. Ask to review the original report before purchase. Polish VG and symmetry GD are listed in the stock record. Quote stock 6086 for current images and availability.,in stock,new,849972.48 KRW,https://www.colourdiam.com/diamonddetails/Diamonds/Product/6086,https://www.colourdiam.com/Product/Diamond/6086/still.jpg,Colour Diam,Apparel & Accessories > Jewelry,,1,,,,unisex,Very Light Brown,,adult,,,,,,,,,GIA,Fine Jewelry
1801,0.55 ct Fancy Light Gray Blue Cut cornered square Diamond | Colour Diam | 1801,Make 0.55 ct Fancy Light Gray Blue Cut cornered square Diamond the starting point of your colour story. The listed clarity is I1. Measurements: 4.84X4.81X3.09 mm. GIA is listed as the grading laboratory. Ask to review the original report before purchase. Polish G and symmetry GD are listed in the stock record. Quote stock 1801 for current images and availability.,in stock,new,16999449.5 KRW,https://www.colourdiam.com/diamonddetails/Diamonds/Product/1801,https://www.colourdiam.com/Product/Diamond/1801/still.jpg,Colour Diam,Apparel & Accessories > Jewelry,,1,,,,unisex,Fancy Light Gray Blue,,adult,,,,,,,,,GIA,Fine Jewelry
7314,0.55 ct Fancy Pink Radiant Diamond | Colour Diam | 7314,Consider 0.55 ct Fancy Pink Radiant Diamond for your next jewellery consultation. The listed clarity is I2. Measurements: 5.05 X 4.07 X 2.94 mm. GIA is listed as the grading laboratory. Ask to review the original report before purchase. Polish G and symmetry GD are listed in the stock record. Quote stock 7314 for current images and availability.,in stock,new,10624655.94 KRW,https://www.colourdiam.com/diamonddetails/Diamonds/Product/7314,https://www.colourdiam.com/Product/Diamond/7314/still.jpg,Colour Diam,Apparel & Accessories > Jewelry,,1,,,,unisex,Fancy Pink,,adult,,,,,,,,,GIA,Fine Jewelry
445,0.54 ct Fancy Light Grayish Yellowish Green Radiant Diamond | Colour Diam | 445,Explore the details of 0.54 ct Fancy Light Grayish Yellowish Green Radiant Diamond. The listed clarity is VVS2. Measurements: 4.94X4.88X2.82 mm. GIA is listed as the grading laboratory. Ask to review the original report before purchase. Polish VG and symmetry GD are listed in the stock record. Quote stock 445 for current images and availability.,in stock,new,1669036.86 KRW,https://www.colourdiam.com/diamonddetails/Diamonds/Product/445,https://www.colourdiam.com/Product/Diamond/445/still.jpg,Colour Diam,Apparel & Accessories > Jewelry,,1,,,,unisex,Fancy Light Grayish Yellowish Green,,adult,,,,,,,,,GIA,Fine Jewelry
652,0.53 ct Light Pink Cut cornered square Diamond | Colour Diam | 652,Put 0.53 ct Light Pink Cut cornered square Diamond on your personal shortlist. The listed clarity is SI2. Measurements: 4.69 x 4.68 x 2.86 mm. GIA is listed as the grading laboratory. Ask to review the original report before purchase. Polish VG and symmetry GD are listed in the stock record. Quote stock 652 for current images and availability.,in stock,new,4914386.31 KRW,https://www.colourdiam.com/diamonddetails/Diamonds/Product/652,https://www.colourdiam.com/Product/Diamond/652/still.jpg,Colour Diam,Apparel & Accessories > Jewelry,,1,,,,unisex,Light Pink,,adult,,,,,,,,,GIA,Fine Jewelry
6271,0.53 ct E Radiant Diamond | Colour Diam | 6271,Your search for colour continues with 0.53 ct E Radiant Diamond. The listed clarity is IF. Measurements: 5.10 x 4.08 x 2.90 mm. GIA is listed as the grading laboratory. Ask to review the original report before purchase. Polish EX and symmetry VG are listed in the stock record. Quote stock 6271 for current images and availability.,in stock,new,1284298.33 KRW,https://www.colourdiam.com/diamonddetails/Diamonds/Product/6271,https://www.colourdiam.com/Product/Diamond/6271/still.jpg,Colour Diam,Apparel & Accessories > Jewelry,,1,,,,unisex,E,,adult,,,,,,,,,GIA,Fine Jewelry
4204,0.53 ct Fancy Intense Yellow Oval Diamond | Colour Diam | 4204,Your search for colour continues with 0.53 ct Fancy Intense Yellow Oval Diamond. The listed clarity is SI2. Measurements: 5.82*4.28*2.81 mm. GIA is listed as the grading laboratory. Ask to review the original report before purchase. Polish VG and symmetry GD are listed in the stock record. Quote stock 4204 for current images and availability.,in stock,new,1023837.2 KRW,https://www.colourdiam.com/diamonddetails/Diamonds/Product/4204,https://www.colourdiam.com/Product/Diamond/4204/still.jpg,Colour Diam,Apparel & Accessories > Jewelry,,1,,,,unisex,Fancy Intense Yellow,,adult,,,,,,,,,GIA,Fine Jewelry
2054,0.53 ct Very Light Pink Other Diamond | Colour Diam | 2054,Take a closer look at 0.53 ct Very Light Pink Other Diamond. The listed clarity is SI1. Measurements: 4.99x5.03x3.37 mm. CGL is listed as the grading laboratory. Ask to review the original report before purchase. Quote stock 2054 for current images and availability.,in stock,new,4095321.93 KRW,https://www.colourdiam.com/diamonddetails/Diamonds/Product/2054,https://www.colourdiam.com/Product/Diamond/2054/still.jpg,Colour Diam,Apparel & Accessories > Jewelry,,1,,,,unisex,Very Light Pink,,adult,,,,,,,,,CGL,Fine Jewelry
5237,0.53 ct Fancy Light Orangy Pink Radiant Diamond | Colour Diam | 5237,Take a closer look at 0.53 ct Fancy Light Orangy Pink Radiant Diamond. The listed clarity is SI2. Measurements: 5.10 x 3.77 x 2.79 mm. GIA is listed as the grading laboratory. Ask to review the original report before purchase. Polish EX and symmetry GD are listed in the stock record. Quote stock 5237 for current images and availability.,in stock,new,9100618.33 KRW,https://www.colourdiam.com/diamonddetails/Diamonds/Product/5237,https://www.colourdiam.com/Product/Diamond/5237/still.jpg,Colour Diam,Apparel & Accessories > Jewelry,,1,,,,unisex,Fancy Light Orangy Pink,,adult,,,,,,,,,GIA,Fine Jewelry
3347,0.52 ct Fancy Deep Brownish Yellow Heart Diamond | Colour Diam | 3347,Meet 0.52 ct Fancy Deep Brownish Yellow Heart Diamond from Colour Diam. The listed clarity is I2. Measurements: 4.84X5.20X2.87 mm. GIA is listed as the grading laboratory. Ask to review the original report before purchase. Polish EX and symmetry GD are listed in the stock record. Quote stock 3347 for current images and availability.,in stock,new,401805.17 KRW,https://www.colourdiam.com/diamonddetails/Diamonds/Product/3347,https://www.colourdiam.com/Product/Diamond/3347/still.jpg,Colour Diam,Apparel & Accessories > Jewelry,,1,,,,unisex,Fancy Deep Brownish Yellow,,adult,,,,,,,,,GIA,Fine Jewelry
4712,0.52 ct Light Blue Pear Diamond | Colour Diam | 4712,Find your next inspiration in 0.52 ct Light Blue Pear Diamond. The listed clarity is SI2. Measurements: 6.81X4.11X2.54 mm. GIA is listed as the grading laboratory. Ask to review the original report before purchase. Polish G and symmetry VG are listed in the stock record. Quote stock 4712 for current images and availability.,in stock,new,3616246.53 KRW,https://www.colourdiam.com/diamonddetails/Diamonds/Product/4712,https://www.colourdiam.com/Product/Diamond/4712/still.jpg,Colour Diam,Apparel & Accessories > Jewelry,,1,,,,unisex,Light Blue,,adult,,,,,,,,,GIA,Fine Jewelry
7207,0.52 ct Very Light Pinkish Brown Pear Diamond | Colour Diam | 7207,Your search for colour continues with 0.52 ct Very Light Pinkish Brown Pear Diamond. The listed clarity is VS2. Measurements: 7.01 x 4.39 x 2.49 mm. GIA is listed as the grading laboratory. Ask to review the original report before purchase. Polish G and symmetry GD are listed in the stock record. Quote stock 7207 for current images and availability.,in stock,new,2049206.37 KRW,https://www.colourdiam.com/diamonddetails/Diamonds/Product/7207,https://www.colourdiam.com/Product/Diamond/7207/still.jpg,Colour Diam,Apparel & Accessories > Jewelry,,1,,,,unisex,Very Light Pinkish Brown,,adult,,,,,,,,,GIA,Fine Jewelry
2965,0.52 ct Light Pinkish Brown Pear Diamond | Colour Diam | 2965,Your search for colour continues with 0.52 ct Light Pinkish Brown Pear Diamond. The listed clarity is SI1. Measurements: 5.63*4.21*2.87 mm. CGL is listed as the grading laboratory. Ask to review the original report before purchase. Quote stock 2965 for current images and availability.,in stock,new,,https://www.colourdiam.com/diamonddetails/Diamonds/Product/2965,https://www.colourdiam.com/Product/Diamond/2965/still.jpg,Colour Diam,Apparel & Accessories > Jewelry,,1,,,,unisex,Light Pinkish Brown,,adult,,,,,,,,,CGL,Fine Jewelry
6343,0.52 ct Faint Pink Round Diamond | Colour Diam | 6343,Make 0.52 ct Faint Pink Round Diamond the starting point of your colour story. The listed clarity is SI2. Measurements: 5.22 X 5.23 X 3.14 mm. GIA is listed as the grading laboratory. Ask to review the original report before purchase. Polish EX and symmetry EX are listed in the stock record. Quote stock 6343 for current images and availability.,in stock,new,1968845.33 KRW,https://www.colourdiam.com/diamonddetails/Diamonds/Product/6343,https://www.colourdiam.com/Product/Diamond/6343/still.jpg,Colour Diam,Apparel & Accessories > Jewelry,,1,,,,unisex,Faint Pink,,adult,,,,,,,,,GIA,Fine Jewelry
4544,0.52 ct Fancy Brownish Orangy Pink Radiant Diamond | Colour Diam | 4544,Take a closer look at 0.52 ct Fancy Brownish Orangy Pink Radiant Diamond. The listed clarity is VS2. Measurements: 4.58*4.15*2.86 mm. GIA is listed as the grading laboratory. Ask to review the original report before purchase. Polish EX and symmetry VG are listed in the stock record. Quote stock 4544 for current images and availability.,in stock,new,7142483.33 KRW,https://www.colourdiam.com/diamonddetails/Diamonds/Product/4544,https://www.colourdiam.com/Product/Diamond/4544/still.jpg,Colour Diam,Apparel & Accessories > Jewelry,,1,,,,unisex,Fancy Brownish Orangy Pink,,adult,,,,,,,,,GIA,Fine Jewelry
5231,0.52 ct Faint Gray Round Diamond | Colour Diam | 5231,Meet 0.52 ct Faint Gray Round Diamond from Colour Diam. The listed clarity is SI1. Measurements: 5.10X5.12X3.22 mm. GIA is listed as the grading laboratory. Ask to review the original report before purchase. Polish EX and symmetry EX are listed in the stock record. Quote stock 5231 for current images and availability.,in stock,new,964332.41 KRW,https://www.colourdiam.com/diamonddetails/Diamonds/Product/5231,https://www.colourdiam.com/Product/Diamond/5231/still.jpg,Colour Diam,Apparel & Accessories > Jewelry,,1,,,,unisex,Faint Gray,,adult,,,,,,,,,GIA,Fine Jewelry
2009,0.52 ct Fancy Orangy Pink Pear Diamond | Colour Diam | 2009,Meet 0.52 ct Fancy Orangy Pink Pear Diamond from Colour Diam. The listed clarity is I2. Measurements: 6.72X4.57X2.37 mm. GIA is listed as the grading laboratory. Ask to review the original report before purchase. Polish VG and symmetry GD are listed in the stock record. Quote stock 2009 for current images and availability.,in stock,new,1928664.82 KRW,https://www.colourdiam.com/diamonddetails/Diamonds/Product/2009,https://www.colourdiam.com/Product/Diamond/2009/still.jpg,Colour Diam,Apparel & Accessories > Jewelry,,1,,,,unisex,Fancy Orangy Pink,,adult,,,,,,,,,GIA,Fine Jewelry
6687,0.52 ct Fancy Grayish Greenish Yellow Cushion Diamond | Colour Diam | 6687,Consider 0.52 ct Fancy Grayish Greenish Yellow Cushion Diamond for your next jewellery consultation. The listed clarity is SI2. Measurements: 4.53 X 4.42 X 2.91 mm. GIA is listed as the grading laboratory. Ask to review the original report before purchase. Polish VG and symmetry GD are listed in the stock record. Quote stock 6687 for current images and availability.,in stock,new,892813.78 KRW,https://www.colourdiam.com/diamonddetails/Diamonds/Product/6687,https://www.colourdiam.com/Product/Diamond/6687/still.jpg,Colour Diam,Apparel & Accessories > Jewelry,,1,,,,unisex,Fancy Grayish Greenish Yellow,,adult,,,,,,,,,GIA,Fine Jewelry
9523,0.52 ct Fancy Light Green Yellow Pear Diamond | Colour Diam | 9523,Explore the details of 0.52 ct Fancy Light Green Yellow Pear Diamond. The listed clarity is SI2. Measurements: 6.87 X 4.16 X 2.54 mm. GIA is listed as the grading laboratory. Ask to review the original report before purchase. Polish G and symmetry GD are listed in the stock record. Quote stock 9523 for current images and availability.,in stock,new,2410831.02 KRW,https://www.colourdiam.com/diamonddetails/Diamonds/Product/9523,https://www.colourdiam.com/Product/Diamond/9523/still.jpg,Colour Diam,Apparel & Accessories > Jewelry,,1,,,,unisex,Fancy Light Green Yellow,,adult,,,,,,,,,GIA,Fine Jewelry
179,0.51 ct Fancy Purple Pink Cushion Diamond | Colour Diam | 179,Meet 0.51 ct Fancy Purple Pink Cushion Diamond from Colour Diam. The listed clarity is SI2. Measurements: 4.80X4.34X2.75 mm. GIA is listed as the grading laboratory. Ask to review the original report before purchase. Polish VG and symmetry GD are listed in the stock record. Quote stock 179 for current images and availability.,in stock,new,14186813.31 KRW,https://www.colourdiam.com/diamonddetails/Diamonds/Product/179,https://www.colourdiam.com/Product/Diamond/179/still.jpg,Colour Diam,Apparel & Accessories > Jewelry,,1,,,,unisex,Fancy Purple Pink,,adult,,,,,,,,,GIA,Fine Jewelry
7111,0.51 ct Fancy Vivid Yellow Orange Cushion Diamond | Colour Diam | 7111,Your search for colour continues with 0.51 ct Fancy Vivid Yellow Orange Cushion Diamond. The listed clarity is I1. Measurements: 4.36 X 4.32 X 3.01 mm. GIA is listed as the grading laboratory. Ask to review the original report before purchase. Polish EX and symmetry GD are listed in the stock record. Quote stock 7111 for current images and availability.,in stock,new,7005130.46 KRW,https://www.colourdiam.com/diamonddetails/Diamonds/Product/7111,https://www.colourdiam.com/Product/Diamond/7111/still.jpg,Colour Diam,Apparel & Accessories > Jewelry,,1,,,,unisex,Fancy Vivid Yellow Orange,,adult,,,,,,,,,GIA,Fine Jewelry
2522,0.51 ct Fancy Purplish Pink Radiant Diamond | Colour Diam | 2522,Meet 0.51 ct Fancy Purplish Pink Radiant Diamond from Colour Diam. The listed clarity is I2. Measurements: 4.98 x 4.49 x 2.69 mm. GIA is listed as the grading laboratory. Ask to review the original report before purchase. Polish G and symmetry GD are listed in the stock record. Quote stock 2522 for current images and availability.,in stock,new,10246031.84 KRW,https://www.colourdiam.com/diamonddetails/Diamonds/Product/2522,https://www.colourdiam.com/Product/Diamond/2522/still.jpg,Colour Diam,Apparel & Accessories > Jewelry,,1,,,,unisex,Fancy Purplish Pink,,adult,,,,,,,,,GIA,Fine Jewelry
4322,0.51 ct Fancy Intense Yellow Oval Diamond | Colour Diam | 4322,Meet 0.51 ct Fancy Intense Yellow Oval Diamond from Colour Diam. The listed clarity is SI2. Measurements: 5.70*4.29*2.75 mm. GIA is listed as the grading laboratory. Ask to review the original report before purchase. Polish VG and symmetry GD are listed in the stock record. Quote stock 4322 for current images and availability.,in stock,new,985202.09 KRW,https://www.colourdiam.com/diamonddetails/Diamonds/Product/4322,https://www.colourdiam.com/Product/Diamond/4322/still.jpg,Colour Diam,Apparel & Accessories > Jewelry,,1,,,,unisex,Fancy Intense Yellow,,adult,,,,,,,,,GIA,Fine Jewelry
6179,0.51 ct Fancy Yellow Cushion Diamond | Colour Diam | 6179,Take a closer look at 0.51 ct Fancy Yellow Cushion Diamond. The listed clarity is SI2. Measurements: 4.52 X 4.11 X 2.89 mm. GIA is listed as the grading laboratory. Ask to review the original report before purchase. Polish VG and symmetry GD are listed in the stock record. Quote stock 6179 for current images and availability.,in stock,new,945787.55 KRW,https://www.colourdiam.com/diamonddetails/Diamonds/Product/6179,https://www.colourdiam.com/Product/Diamond/6179/still.jpg,Colour Diam,Apparel & Accessories > Jewelry,,1,,,,unisex,Fancy Yellow,,adult,,,,,,,,,GIA,Fine Jewelry
6106,0.51 ct Light Pink Cushion Diamond | Colour Diam | 6106,Explore the details of 0.51 ct Light Pink Cushion Diamond. The listed clarity is VS2. Measurements: 4.77x4.73x2.74 mm. GIA is listed as the grading laboratory. Ask to review the original report before purchase. Polish VG and symmetry VG are listed in the stock record. Quote stock 6106 for current images and availability.,in stock,new,5674725.32 KRW,https://www.colourdiam.com/diamonddetails/Diamonds/Product/6106,https://www.colourdiam.com/Product/Diamond/6106/still.jpg,Colour Diam,Apparel & Accessories > Jewelry,,1,,,,unisex,Light Pink,,adult,,,,,,,,,GIA,Fine Jewelry
5607,0.51 ct Light Pink Pear Diamond | Colour Diam | 5607,Discover 0.51 ct Light Pink Pear Diamond with Colour Diam. The listed clarity is SI1. Measurements: 4.31X 6.07X 2.69 mm. GIA is listed as the grading laboratory. Ask to review the original report before purchase. Polish VG and symmetry GD are listed in the stock record. Quote stock 5607 for current images and availability.,in stock,new,4334859.62 KRW,https://www.colourdiam.com/diamonddetails/Diamonds/Product/5607,https://www.colourdiam.com/Product/Diamond/5607/still.jpg,Colour Diam,Apparel & Accessories > Jewelry,,1,,,,unisex,Light Pink,,adult,,,,,,,,,GIA,Fine Jewelry
6055,0.51 ct Light Pink Cushion Diamond | Colour Diam | 6055,Your search for colour continues with 0.51 ct Light Pink Cushion Diamond. The listed clarity is VS2. Measurements: 4.19x4.00x2.94 mm. GIA is listed as the grading laboratory. Ask to review the original report before purchase. Polish VG and symmetry VG are listed in the stock record. Quote stock 6055 for current images and availability.,in stock,new,6305250.36 KRW,https://www.colourdiam.com/diamonddetails/Diamonds/Product/6055,https://www.colourdiam.com/Product/Diamond/6055/still.jpg,Colour Diam,Apparel & Accessories > Jewelry,,1,,,,unisex,Light Pink,,adult,,,,,,,,,GIA,Fine Jewelry
8967,0.51 ct Fancy Light Green Heart Diamond | Colour Diam | 8967,Colour Diam presents 0.51 ct Fancy Light Green Heart Diamond. The listed clarity is SI1. Measurements: 5.44 x 5.75 x 2.51 mm. GIA is listed as the grading laboratory. Ask to review the original report before purchase. Polish VG and symmetry GD are listed in the stock record. Quote stock 8967 for current images and availability.,in stock,new,4334859.62 KRW,https://www.colourdiam.com/diamonddetails/Diamonds/Product/8967,https://www.colourdiam.com/Product/Diamond/8967/still.jpg,Colour Diam,Apparel & Accessories > Jewelry,,1,,,,unisex,Fancy Light Green,,adult,,,,,,,,,GIA,Fine Jewelry
5439,0.51 ct Light Blue Pear Diamond | Colour Diam | 5439,0.51 ct Light Blue Pear Diamond: a piece to explore in detail. The listed clarity is SI2. Measurements: 6.74X 4.65X 2.45 mm. GIA is listed as the grading laboratory. Ask to review the original report before purchase. Polish VG and symmetry F are listed in the stock record. Quote stock 5439 for current images and availability.,in stock,new,3704334.59 KRW,https://www.colourdiam.com/diamonddetails/Diamonds/Product/5439,https://www.colourdiam.com/Product/Diamond/5439/still.jpg,Colour Diam,Apparel & Accessories > Jewelry,,1,,,,unisex,Light Blue,,adult,,,,,,,,,GIA,Fine Jewelry
1067,0.51 ct Fancy Light Pink Oval Diamond | Colour Diam | 1067,Find your next inspiration in 0.51 ct Fancy Light Pink Oval Diamond. The listed clarity is SI2. Measurements: 5.90X4.41X2.54 mm. GIA is listed as the grading laboratory. Ask to review the original report before purchase. Polish G and symmetry GD are listed in the stock record. Quote stock 1067 for current images and availability.,in stock,new,11822344.43 KRW,https://www.colourdiam.com/diamonddetails/Diamonds/Product/1067,https://www.colourdiam.com/Product/Diamond/1067/still.jpg,Colour Diam,Apparel & Accessories > Jewelry,,1,,,,unisex,Fancy Light Pink,,adult,,,,,,,,,GIA,Fine Jewelry
7055,0.51 ct Fancy Intense Orange Yellow Pear Diamond | Colour Diam | 7055,Take a closer look at 0.51 ct Fancy Intense Orange Yellow Pear Diamond. The listed clarity is SI2. Measurements: 6.08 x 4.00 x 2.78 mm. GIA is listed as the grading laboratory. Ask to review the original report before purchase. Polish G and symmetry GD are listed in the stock record. Quote stock 7055 for current images and availability.,in stock,new,2837362.66 KRW,https://www.colourdiam.com/diamonddetails/Diamonds/Product/7055,https://www.colourdiam.com/Product/Diamond/7055/still.jpg,Colour Diam,Apparel & Accessories > Jewelry,,1,,,,unisex,Fancy Intense Orange Yellow,,adult,,,,,,,,,GIA,Fine Jewelry
2013,0.5 ct Fancy Brown Pink Heart Diamond | Colour Diam | 2013,Discover 0.5 ct Fancy Brown Pink Heart Diamond with Colour Diam. The listed clarity is SI2. Measurements: 4.49X5.37X2.72 mm. GIA is listed as the grading laboratory. Ask to review the original report before purchase. Polish VG and symmetry VG are listed in the stock record. Quote stock 2013 for current images and availability.,in stock,new,2163566.3 KRW,https://www.colourdiam.com/diamonddetails/Diamonds/Product/2013,https://www.colourdiam.com/Product/Diamond/2013/still.jpg,Colour Diam,Apparel & Accessories > Jewelry,,1,,,,unisex,Fancy Brown Pink,,adult,,,,,,,,,GIA,Fine Jewelry
7423,0.5 ct Fancy Light Purplish Pink Oval Diamond | Colour Diam | 7423,Your search for colour continues with 0.5 ct Fancy Light Purplish Pink Oval Diamond. The listed clarity is SI2. Measurements: 5.96 X 4.33 X 2.47 mm. GIA is listed as the grading laboratory. Ask to review the original report before purchase. Polish VG and symmetry GD are listed in the stock record. Quote stock 7423 for current images and availability.,in stock,new,11590533.75 KRW,https://www.colourdiam.com/diamonddetails/Diamonds/Product/7423,https://www.colourdiam.com/Product/Diamond/7423/still.jpg,Colour Diam,Apparel & Accessories > Jewelry,,1,,,,unisex,Fancy Light Purplish Pink,,adult,,,,,,,,,GIA,Fine Jewelry
5438,0.5 ct Very Light Blue Pear Diamond | Colour Diam | 5438,Find your next inspiration in 0.5 ct Very Light Blue Pear Diamond. The listed clarity is SI2. Measurements: 6.60X 4.50X 2.38 mm. GIA is listed as the grading laboratory. Ask to review the original report before purchase. Polish VG and symmetry VG are listed in the stock record. Quote stock 5438 for current images and availability.,in stock,new,3631700.58 KRW,https://www.colourdiam.com/diamonddetails/Diamonds/Product/5438,https://www.colourdiam.com/Product/Diamond/5438/still.jpg,Colour Diam,Apparel & Accessories > Jewelry,,1,,,,unisex,Very Light Blue,,adult,,,,,,,,,GIA,Fine Jewelry
5410,0.5 ct Light Pink Cushion Diamond | Colour Diam | 5410,Your search for colour continues with 0.5 ct Light Pink Cushion Diamond. The listed clarity is SI2. Measurements: 4.48 x 4.23 x 2.92 mm. GIA is listed as the grading laboratory. Ask to review the original report before purchase. Polish EX and symmetry VG are listed in the stock record. Quote stock 5410 for current images and availability.,in stock,new,4249862.38 KRW,https://www.colourdiam.com/diamonddetails/Diamonds/Product/5410,https://www.colourdiam.com/Product/Diamond/5410/still.jpg,Colour Diam,Apparel & Accessories > Jewelry,,1,,,,unisex,Light Pink,,adult,,,,,,,,,GIA,Fine Jewelry
6113,0.5 ct Light Pinkish Brown Oval Diamond | Colour Diam | 6113,Take a closer look at 0.5 ct Light Pinkish Brown Oval Diamond. The listed clarity is VS2. Measurements: 5.27 X 3.98. X 2.87 mm. GIA is listed as the grading laboratory. Ask to review the original report before purchase. Polish EX and symmetry VG are listed in the stock record. Quote stock 6113 for current images and availability.,in stock,new,2318106.75 KRW,https://www.colourdiam.com/diamonddetails/Diamonds/Product/6113,https://www.colourdiam.com/Product/Diamond/6113/still.jpg,Colour Diam,Apparel & Accessories > Jewelry,,1,,,,unisex,Light Pinkish Brown,,adult,,,,,,,,,GIA,Fine Jewelry
5541,0.5 ct Light Pinkish Brown Radiant Diamond | Colour Diam | 5541,0.5 ct Light Pinkish Brown Radiant Diamond: a piece to explore in detail. The listed clarity is VS2. Measurements: 4.26 x 4.22 x 2.97 mm. GIA is listed as the grading laboratory. Ask to review the original report before purchase. Polish EX and symmetry VG are listed in the stock record. Quote stock 5541 for current images and availability.,in stock,new,2395376.98 KRW,https://www.colourdiam.com/diamonddetails/Diamonds/Product/5541,https://www.colourdiam.com/Product/Diamond/5541/still.jpg,Colour Diam,Apparel & Accessories > Jewelry,,1,,,,unisex,Light Pinkish Brown,,adult,,,,,,,,,GIA,Fine Jewelry
6336,0.5 ct Very Light Pink Pear Diamond | Colour Diam | 6336,Discover 0.5 ct Very Light Pink Pear Diamond with Colour Diam. The listed clarity is I1. Measurements: 6.41 X 4.40 X 2.61 mm. GIA is listed as the grading laboratory. Ask to review the original report before purchase. Polish G and symmetry F are listed in the stock record. Quote stock 6336 for current images and availability.,in stock,new,2029895.53 KRW,https://www.colourdiam.com/diamonddetails/Diamonds/Product/6336,https://www.colourdiam.com/Product/Diamond/6336/still.jpg,Colour Diam,Apparel & Accessories > Jewelry,,1,,,,unisex,Very Light Pink,,adult,,,,,,,,,GIA,Fine Jewelry
6342,0.5 ct Faint Pink Round Diamond | Colour Diam | 6342,Consider 0.5 ct Faint Pink Round Diamond for your next jewellery consultation. The listed clarity is I1. Measurements: 5.02 X 5.05 X 3.17 mm. GIA is listed as the grading laboratory. Ask to review the original report before purchase. Polish EX and symmetry VG are listed in the stock record. Quote stock 6342 for current images and availability.,in stock,new,1390864.05 KRW,https://www.colourdiam.com/diamonddetails/Diamonds/Product/6342,https://www.colourdiam.com/Product/Diamond/6342/still.jpg,Colour Diam,Apparel & Accessories > Jewelry,,1,,,,unisex,Faint Pink,,adult,,,,,,,,,GIA,Fine Jewelry
7101,0.5 ct Light Pink Radiant Diamond | Colour Diam | 7101,Consider 0.5 ct Light Pink Radiant Diamond for your next jewellery consultation. The listed clarity is SI1. Measurements: 4.61 x 4.43 x 2.88 mm. GIA is listed as the grading laboratory. Ask to review the original report before purchase. Polish VG and symmetry GD are listed in the stock record. Quote stock 7101 for current images and availability.,in stock,new,5331645.53 KRW,https://www.colourdiam.com/diamonddetails/Diamonds/Product/7101,https://www.colourdiam.com/Product/Diamond/7101/still.jpg,Colour Diam,Apparel & Accessories > Jewelry,,1,,,,unisex,Light Pink,,adult,,,,,,,,,GIA,Fine Jewelry
7108,0.5 ct Fancy Vivid Yellow Orange Cushion Diamond | Colour Diam | 7108,Your search for colour continues with 0.5 ct Fancy Vivid Yellow Orange Cushion Diamond. The listed clarity is I1. Measurements: 4.98 X 3.81 X 2.94 mm. GIA is listed as the grading laboratory. Ask to review the original report before purchase. Polish VG and symmetry GD are listed in the stock record. Quote stock 7108 for current images and availability.,in stock,new,7727022.5 KRW,https://www.colourdiam.com/diamonddetails/Diamonds/Product/7108,https://www.colourdiam.com/Product/Diamond/7108/still.jpg,Colour Diam,Apparel & Accessories > Jewelry,,1,,,,unisex,Fancy Vivid Yellow Orange,,adult,,,,,,,,,GIA,Fine Jewelry
5032,0.5 ct Fancy Yellow Oval Diamond | Colour Diam | 5032,Your search for colour continues with 0.5 ct Fancy Yellow Oval Diamond. The listed clarity is I1. Measurements: 5.85*4.42*2.76 mm. GIA is listed as the grading laboratory. Ask to review the original report before purchase. Polish G and symmetry GD are listed in the stock record. Quote stock 5032 for current images and availability.,in stock,new,502256.46 KRW,https://www.colourdiam.com/diamonddetails/Diamonds/Product/5032,https://www.colourdiam.com/Product/Diamond/5032/still.jpg,Colour Diam,Apparel & Accessories > Jewelry,,1,,,,unisex,Fancy Yellow,,adult,,,,,,,,,GIA,Fine Jewelry
1360,0.5 ct Fancy Intense Orangy Yellow Marquise Diamond | Colour Diam | 1360,Make 0.5 ct Fancy Intense Orangy Yellow Marquise Diamond the starting point of your colour story. Measurements: 7.31 x 4.13 x 2.62 mm. GIA is listed as the grading laboratory. Ask to review the original report before purchase. Quote stock 1360 for current images and availability.,in stock,new,4249862.38 KRW,https://www.colourdiam.com/diamonddetails/Diamonds/Product/1360,https://www.colourdiam.com/Product/Diamond/1360/still.jpg,Colour Diam,Apparel & Accessories > Jewelry,,1,,,,unisex,Fancy Intense Orangy Yellow,,adult,,,,,,,,,GIA,Fine Jewelry
7269,0.5 ct Very Light Pink Pear Diamond | Colour Diam | 7269,Colour Diam presents 0.5 ct Very Light Pink Pear Diamond. The listed clarity is VS1. Measurements: 6.73 x 4.46 x 2.78 mm. GIA is listed as the grading laboratory. Ask to review the original report before purchase. Polish EX and symmetry VG are listed in the stock record. Quote stock 7269 for current images and availability.,in stock,new,4481673.05 KRW,https://www.colourdiam.com/diamonddetails/Diamonds/Product/7269,https://www.colourdiam.com/Product/Diamond/7269/still.jpg,Colour Diam,Apparel & Accessories > Jewelry,,1,,,,unisex,Very Light Pink,,adult,,,,,,,,,GIA,Fine Jewelry
7680,0.5 ct Faint Pinkish Brown Princess Diamond | Colour Diam | 7680,Consider 0.5 ct Faint Pinkish Brown Princess Diamond for your next jewellery consultation. The listed clarity is VS2. Measurements: 4.36X4.24X3.12 mm. GIA is listed as the grading laboratory. Ask to review the original report before purchase. Polish EX and symmetry EX are listed in the stock record. Quote stock 7680 for current images and availability.,in stock,new,1931755.63 KRW,https://www.colourdiam.com/diamonddetails/Diamonds/Product/7680,https://www.colourdiam.com/Product/Diamond/7680/still.jpg,Colour Diam,Apparel & Accessories > Jewelry,,1,,,,unisex,Faint Pinkish Brown,,adult,,,,,,,,,GIA,Fine Jewelry
7798,0.5 ct Faint Pinkish Brown Heart Diamond | Colour Diam | 7798,Put 0.5 ct Faint Pinkish Brown Heart Diamond on your personal shortlist. The listed clarity is SI2. Measurements: 4.93X5.41X3.07 mm. GIA is listed as the grading laboratory. Ask to review the original report before purchase. Polish EX and symmetry VG are listed in the stock record. Quote stock 7798 for current images and availability.,in stock,new,1313593.83 KRW,https://www.colourdiam.com/diamonddetails/Diamonds/Product/7798,https://www.colourdiam.com/Product/Diamond/7798/still.jpg,Colour Diam,Apparel & Accessories > Jewelry,,1,,,,unisex,Faint Pinkish Brown,,adult,,,,,,,,,GIA,Fine Jewelry
8335,0.5 ct Fancy Purple Pink Cushion Diamond | Colour Diam | 8335,Explore the details of 0.5 ct Fancy Purple Pink Cushion Diamond. The listed clarity is SI2. Measurements: 4.79 x 4.09 x 2.82 mm. GIA is listed as the grading laboratory. Ask to review the original report before purchase. Polish EX and symmetry VG are listed in the stock record. Quote stock 8335 for current images and availability.,in stock,new,17385800.63 KRW,https://www.colourdiam.com/diamonddetails/Diamonds/Product/8335,https://www.colourdiam.com/Product/Diamond/8335/still.jpg,Colour Diam,Apparel & Accessories > Jewelry,,1,,,,unisex,Fancy Purple Pink,,adult,,,,,,,,,GIA,Fine Jewelry
2012,0.5 ct Fancy Brown Pink Cut cornered square Diamond | Colour Diam | 2012,Meet 0.5 ct Fancy Brown Pink Cut cornered square Diamond from Colour Diam. The listed clarity is I2. Measurements: 4.15X4.07X3.27 mm. GIA is listed as the grading laboratory. Ask to review the original report before purchase. Polish EX and symmetry GD are listed in the stock record. Quote stock 2012 for current images and availability.,in stock,new,1738580.06 KRW,https://www.colourdiam.com/diamonddetails/Diamonds/Product/2012,https://www.colourdiam.com/Product/Diamond/2012/still.jpg,Colour Diam,Apparel & Accessories > Jewelry,,1,,,,unisex,Fancy Brown Pink,,adult,,,,,,,,,GIA,Fine Jewelry
4973,0.49 ct Fancy Brown Pink Pear Diamond | Colour Diam | 4973,Take a closer look at 0.49 ct Fancy Brown Pink Pear Diamond. The listed clarity is SI1. Measurements: 7.46X4.84X1.60 mm. GIA is listed as the grading laboratory. Ask to review the original report before purchase. Polish G and symmetry F are listed in the stock record. Quote stock 4973 for current images and availability.,in stock,new,1514496.41 KRW,https://www.colourdiam.com/diamonddetails/Diamonds/Product/4973,https://www.colourdiam.com/Product/Diamond/4973/still.jpg,Colour Diam,Apparel & Accessories > Jewelry,,1,,,,unisex,Fancy Brown Pink,,adult,,,,,,,,,GIA,Fine Jewelry
1049,0.49 ct Faint Green Round Diamond | Colour Diam | 1049,Find your next inspiration in 0.49 ct Faint Green Round Diamond. Measurements: 5.08x5.15x3.08 mm. GIA is listed as the grading laboratory. Ask to review the original report before purchase. Quote stock 1049 for current images and availability.,in stock,new,1514496.41 KRW,https://www.colourdiam.com/diamonddetails/Diamonds/Product/1049,https://www.colourdiam.com/Product/Diamond/1049/still.jpg,Colour Diam,Apparel & Accessories > Jewelry,,1,,,,unisex,Faint Green,,adult,,,,,,,,,GIA,Fine Jewelry
7100,0.49 ct Fancy Dark Gray Yellowish Green Cushion Diamond | Colour Diam | 7100,0.49 ct Fancy Dark Gray Yellowish Green Cushion Diamond brings its own character to your selection. The listed clarity is I1. Measurements: 4.62 x 4.57 x 2.65 mm. GIA is listed as the grading laboratory. Ask to review the original report before purchase. Polish G and symmetry GD are listed in the stock record. Quote stock 7100 for current images and availability.,in stock,new,1519791.1 KRW,https://www.colourdiam.com/diamonddetails/Diamonds/Product/7100,https://www.colourdiam.com/Product/Diamond/7100/still.jpg,Colour Diam,Apparel & Accessories > Jewelry,,1,,,,unisex,Fancy Dark Gray Yellowish Green,,adult,,,,,,,,,GIA,Fine Jewelry
1381,0.48 ct Fancy Vivid Yellow Cushion Diamond | Colour Diam | 1381,Put 0.48 ct Fancy Vivid Yellow Cushion Diamond on your personal shortlist. The listed clarity is SI1. Measurements: 5.04X4.24X2.75 mm. GIA is listed as the grading laboratory. Ask to review the original report before purchase. Polish EX and symmetry VG are listed in the stock record. Quote stock 1381 for current images and availability.,in stock,new,3338073.72 KRW,https://www.colourdiam.com/diamonddetails/Diamonds/Product/1381,https://www.colourdiam.com/Product/Diamond/1381/still.jpg,Colour Diam,Apparel & Accessories > Jewelry,,1,,,,unisex,Fancy Vivid Yellow,,adult,,,,,,,,,GIA,Fine Jewelry
4730,0.48 ct Fancy Light Greenish Blue Pear Diamond | Colour Diam | 4730,Find your next inspiration in 0.48 ct Fancy Light Greenish Blue Pear Diamond. The listed clarity is SI1. Measurements: 5.9X4.33X2.56 mm. GIA is listed as the grading laboratory. Ask to review the original report before purchase. Polish G and symmetry GD are listed in the stock record. Quote stock 4730 for current images and availability.,in stock,new,3338073.72 KRW,https://www.colourdiam.com/diamonddetails/Diamonds/Product/4730,https://www.colourdiam.com/Product/Diamond/4730/still.jpg,Colour Diam,Apparel & Accessories > Jewelry,,1,,,,unisex,Fancy Light Greenish Blue,,adult,,,,,,,,,GIA,Fine Jewelry
8698,0.48 ct Fancy Light Yellow Green Radiant Diamond | Colour Diam | 8698,Explore the details of 0.48 ct Fancy Light Yellow Green Radiant Diamond. The listed clarity is SI2. Measurements: 4.36x4.34x2.86 mm. GIA is listed as the grading laboratory. Ask to review the original report before purchase. Polish VG and symmetry GD are listed in the stock record. Quote stock 8698 for current images and availability.,in stock,new,2967176.64 KRW,https://www.colourdiam.com/diamonddetails/Diamonds/Product/8698,https://www.colourdiam.com/Product/Diamond/8698/still.jpg,Colour Diam,Apparel & Accessories > Jewelry,,1,,,,unisex,Fancy Light Yellow Green,,adult,,,,,,,,,GIA,Fine Jewelry
2963,0.47 ct Light Yellowish Gray Heart Diamond | Colour Diam | 2963,Find your next inspiration in 0.47 ct Light Yellowish Gray Heart Diamond. The listed clarity is SI2. Measurements: 4.46*5.07*2.87 mm. CGL is listed as the grading laboratory. Ask to review the original report before purchase. Quote stock 2963 for current images and availability.,in stock,new,,https://www.colourdiam.com/diamonddetails/Diamonds/Product/2963,https://www.colourdiam.com/Product/Diamond/2963/still.jpg,Colour Diam,Apparel & Accessories > Jewelry,,1,,,,unisex,Light Yellowish Gray,,adult,,,,,,,,,CGL,Fine Jewelry
1348,0.46 ct Fancy Light Gray Radiant Diamond | Colour Diam | 1348,Your search for colour continues with 0.46 ct Fancy Light Gray Radiant Diamond. The listed clarity is I2. Measurements: 4.61*4.48*2.85 mm. GIA is listed as the grading laboratory. Ask to review the original report before purchase. Polish G and symmetry GD are listed in the stock record. Quote stock 1348 for current images and availability.,in stock,new,1563949.35 KRW,https://www.colourdiam.com/diamonddetails/Diamonds/Product/1348,https://www.colourdiam.com/Product/Diamond/1348/still.jpg,Colour Diam,Apparel & Accessories > Jewelry,,1,,,,unisex,Fancy Light Gray,,adult,,,,,,,,,GIA,Fine Jewelry
7107,0.46 ct Fancy Vivid Yellow Orange Cushion Diamond | Colour Diam | 7107,0.46 ct Fancy Vivid Yellow Orange Cushion Diamond: a piece to explore in detail. The listed clarity is SI2. Measurements: 4.85 X 3.75 X 2.72 mm. GIA is listed as the grading laboratory. Ask to review the original report before purchase. Polish VG and symmetry VG are listed in the stock record. Quote stock 7107 for current images and availability.,in stock,new,6318352.7 KRW,https://www.colourdiam.com/diamonddetails/Diamonds/Product/7107,https://www.colourdiam.com/Product/Diamond/7107/still.jpg,Colour Diam,Apparel & Accessories > Jewelry,,1,,,,unisex,Fancy Vivid Yellow Orange,,adult,,,,,,,,,GIA,Fine Jewelry
5537,0.46 ct Fancy Brownish Pink Radiant Diamond | Colour Diam | 5537,Find your next inspiration in 0.46 ct Fancy Brownish Pink Radiant Diamond. The listed clarity is SI2. Measurements: 4.04 x 4.01 x 2.99 mm. GIA is listed as the grading laboratory. Ask to review the original report before purchase. Polish EX and symmetry GD are listed in the stock record. Quote stock 5537 for current images and availability.,in stock,new,2559189.85 KRW,https://www.colourdiam.com/diamonddetails/Diamonds/Product/5537,https://www.colourdiam.com/Product/Diamond/5537/still.jpg,Colour Diam,Apparel & Accessories > Jewelry,,1,,,,unisex,Fancy Brownish Pink,,adult,,,,,,,,,GIA,Fine Jewelry
7794,0.46 ct Faint Pink Round Diamond | Colour Diam | 7794,Consider 0.46 ct Faint Pink Round Diamond for your next jewellery consultation. The listed clarity is VS2. Measurements: 5.02 x 5.03 X 2.98 mm. GIA is listed as the grading laboratory. Ask to review the original report before purchase. Polish EX and symmetry EX are listed in the stock record. Quote stock 7794 for current images and availability.,in stock,new,1350683.53 KRW,https://www.colourdiam.com/diamonddetails/Diamonds/Product/7794,https://www.colourdiam.com/Product/Diamond/7794/still.jpg,Colour Diam,Apparel & Accessories > Jewelry,,1,,,,unisex,Faint Pink,,adult,,,,,,,,,GIA,Fine Jewelry
5723,0.46 ct Fancy Yellow Cushion Diamond | Colour Diam | 5723,Meet 0.46 ct Fancy Yellow Cushion Diamond from Colour Diam. The listed clarity is SI1. Measurements: 4.38x4.02x2.84 mm. GIA is listed as the grading laboratory. Ask to review the original report before purchase. Polish EX and symmetry GD are listed in the stock record. Quote stock 5723 for current images and availability.,in stock,new,710886.07 KRW,https://www.colourdiam.com/diamonddetails/Diamonds/Product/5723,https://www.colourdiam.com/Product/Diamond/5723/still.jpg,Colour Diam,Apparel & Accessories > Jewelry,,1,,,,unisex,Fancy Yellow,,adult,,,,,,,,,GIA,Fine Jewelry
4970,0.46 ct Fancy Yellow Green Pear Diamond | Colour Diam | 4970,0.46 ct Fancy Yellow Green Pear Diamond brings its own character to your selection. The listed clarity is I1. Measurements: 6.26 x 3.88 x 2.45 mm. GIA is listed as the grading laboratory. Ask to review the original report before purchase. Polish G and symmetry VG are listed in the stock record. Quote stock 4970 for current images and availability.,in stock,new,568708.86 KRW,https://www.colourdiam.com/diamonddetails/Diamonds/Product/4970,https://www.colourdiam.com/Product/Diamond/4970/still.jpg,Colour Diam,Apparel & Accessories > Jewelry,,1,,,,unisex,Fancy Yellow Green,,adult,,,,,,,,,GIA,Fine Jewelry
99,0.46 ct Fancy Light Purplish Pink Round Diamond | Colour Diam | 99,Discover 0.46 ct Fancy Light Purplish Pink Round Diamond with Colour Diam. Measurements: 4.94 X 4.99 X 3.02 mm. GIA is listed as the grading laboratory. Ask to review the original report before purchase. Quote stock 99 for current images and availability.,in stock,new,12795949.26 KRW,https://www.colourdiam.com/diamonddetails/Diamonds/Product/99,https://www.colourdiam.com/Product/Diamond/99/still.jpg,Colour Diam,Apparel & Accessories > Jewelry,,1,,,,unisex,Fancy Light Purplish Pink,,adult,,,,,,,,,GIA,Fine Jewelry
2309,0.46 ct W-X Round Diamond | Colour Diam | 2309,0.46 ct W-X Round Diamond brings its own character to your selection. The listed clarity is SI2. Measurements: 4.97X4.91X3.09 mm. GIA is listed as the grading laboratory. Ask to review the original report before purchase. Polish G and symmetry GD are listed in the stock record. Quote stock 2309 for current images and availability.,in stock,new,1066329.11 KRW,https://www.colourdiam.com/diamonddetails/Diamonds/Product/2309,https://www.colourdiam.com/Product/Diamond/2309/still.jpg,Colour Diam,Apparel & Accessories > Jewelry,,1,,,,unisex,W-X,,adult,,,,,,,,,GIA,Fine Jewelry
9259,0.45 ct Faint Pink Round Diamond | Colour Diam | 9259,Explore the details of 0.45 ct Faint Pink Round Diamond. The listed clarity is I1. Measurements: 4.93 - 4.95 x 2.99 mm. GIA is listed as the grading laboratory. Ask to review the original report before purchase. Polish EX and symmetry EX are listed in the stock record. Quote stock 9259 for current images and availability.,in stock,new,695432.03 KRW,https://www.colourdiam.com/diamonddetails/Diamonds/Product/9259,https://www.colourdiam.com/Product/Diamond/9259/still.jpg,Colour Diam,Apparel & Accessories > Jewelry,,1,,,,unisex,Faint Pink,,adult,,,,,,,,,GIA,Fine Jewelry
9258,0.45 ct Faint Pink Round Diamond | Colour Diam | 9258,Discover 0.45 ct Faint Pink Round Diamond with Colour Diam. The listed clarity is SI2. Measurements: 4.87 - 4.90 x 3.00 mm. GIA is listed as the grading laboratory. Ask to review the original report before purchase. Polish EX and symmetry EX are listed in the stock record. Quote stock 9258 for current images and availability.,in stock,new,1043148.04 KRW,https://www.colourdiam.com/diamonddetails/Diamonds/Product/9258,https://www.colourdiam.com/Product/Diamond/9258/still.jpg,Colour Diam,Apparel & Accessories > Jewelry,,1,,,,unisex,Faint Pink,,adult,,,,,,,,,GIA,Fine Jewelry
4161,0.45 ct Fancy Intense Yellow Pear Diamond | Colour Diam | 4161,Discover 0.45 ct Fancy Intense Yellow Pear Diamond with Colour Diam. The listed clarity is SI1. Measurements: 6.97*4.38*1.97 mm. GIA is listed as the grading laboratory. Ask to review the original report before purchase. Polish G and symmetry GD are listed in the stock record. Quote stock 4161 for current images and availability.,in stock,new,1251777.65 KRW,https://www.colourdiam.com/diamonddetails/Diamonds/Product/4161,https://www.colourdiam.com/Product/Diamond/4161/still.jpg,Colour Diam,Apparel & Accessories > Jewelry,,1,,,,unisex,Fancy Intense Yellow,,adult,,,,,,,,,GIA,Fine Jewelry
7112,0.45 ct Fancy Vivid Yellow Orange Cushion Diamond | Colour Diam | 7112,Meet 0.45 ct Fancy Vivid Yellow Orange Cushion Diamond from Colour Diam. The listed clarity is I1. Measurements: 4.57 X 3.94 X 2.90 mm. GIA is listed as the grading laboratory. Ask to review the original report before purchase. Polish EX and symmetry GD are listed in the stock record. Quote stock 7112 for current images and availability.,in stock,new,6180999.84 KRW,https://www.colourdiam.com/diamonddetails/Diamonds/Product/7112,https://www.colourdiam.com/Product/Diamond/7112/still.jpg,Colour Diam,Apparel & Accessories > Jewelry,,1,,,,unisex,Fancy Vivid Yellow Orange,,adult,,,,,,,,,GIA,Fine Jewelry
4657,0.45 ct Fancy Light Purplish Pink Cushion Diamond | Colour Diam | 4657,Make 0.45 ct Fancy Light Purplish Pink Cushion Diamond the starting point of your colour story. The listed clarity is I1. Measurements: 4.75*3.99*2.65 mm. GIA is listed as the grading laboratory. Ask to review the original report before purchase. Polish EX and symmetry VG are listed in the stock record. Quote stock 4657 for current images and availability.,in stock,new,3755332.94 KRW,https://www.colourdiam.com/diamonddetails/Diamonds/Product/4657,https://www.colourdiam.com/Product/Diamond/4657/still.jpg,Colour Diam,Apparel & Accessories > Jewelry,,1,,,,unisex,Fancy Light Purplish Pink,,adult,,,,,,,,,GIA,Fine Jewelry
7683,0.44 ct Fancy Intense Orangy Yellow Marquise Diamond | Colour Diam | 7683,Colour Diam presents 0.44 ct Fancy Intense Orangy Yellow Marquise Diamond. The listed clarity is I1. Measurements: 6.82 x 3.88 x 2.44 mm. GIA is listed as the grading laboratory. Ask to review the original report before purchase. Polish VG and symmetry F are listed in the stock record. Quote stock 7683 for current images and availability.,in stock,new,1903938.34 KRW,https://www.colourdiam.com/diamonddetails/Diamonds/Product/7683,https://www.colourdiam.com/Product/Diamond/7683/still.jpg,Colour Diam,Apparel & Accessories > Jewelry,,1,,,,unisex,Fancy Intense Orangy Yellow,,adult,,,,,,,,,GIA,Fine Jewelry
5760,0.44 ct Fancy Deep Purplish Pink Pear Diamond | Colour Diam | 5760,Discover 0.44 ct Fancy Deep Purplish Pink Pear Diamond with Colour Diam. The listed clarity is I1. Measurements: 6.81 X 3.99 mm. AGT is listed as the grading laboratory. Ask to review the original report before purchase. Quote stock 5760 for current images and availability.,in stock,new,10199669.7 KRW,https://www.colourdiam.com/diamonddetails/Diamonds/Product/5760,https://www.colourdiam.com/Product/Diamond/5760/still.jpg,Colour Diam,Apparel & Accessories > Jewelry,,1,,,,unisex,Fancy Deep Purplish Pink,,adult,,,,,,,,,AGT,Fine Jewelry
8741,0.44 ct Fancy Grayish Yellowish Green Round Diamond | Colour Diam | 8741,Find your next inspiration in 0.44 ct Fancy Grayish Yellowish Green Round Diamond. The listed clarity is SI1. Measurements: 4.91 - 4.93 X 2.97 mm. GIA is listed as the grading laboratory. Ask to review the original report before purchase. Polish G and symmetry GD are listed in the stock record. Quote stock 8741 for current images and availability.,in stock,new,1223960.36 KRW,https://www.colourdiam.com/diamonddetails/Diamonds/Product/8741,https://www.colourdiam.com/Product/Diamond/8741/still.jpg,Colour Diam,Apparel & Accessories > Jewelry,,1,,,,unisex,Fancy Grayish Yellowish Green,,adult,,,,,,,,,GIA,Fine Jewelry
1055,0.44 ct F Round Diamond | Colour Diam | 1055,Meet 0.44 ct F Round Diamond from Colour Diam. The listed clarity is VVS2. Measurements: 4.89X4.85X3.04 mm. GIA is listed as the grading laboratory. Ask to review the original report before purchase. Polish VG and symmetry VG are listed in the stock record. Quote stock 1055 for current images and availability.,in stock,new,1359955.96 KRW,https://www.colourdiam.com/diamonddetails/Diamonds/Product/1055,https://www.colourdiam.com/Product/Diamond/1055/still.jpg,Colour Diam,Apparel & Accessories > Jewelry,,1,,,,unisex,F,,adult,,,,,,,,,GIA,Fine Jewelry
4511,0.43 ct Fancy Light Pinkish Purple Cushion Diamond | Colour Diam | 4511,Take a closer look at 0.43 ct Fancy Light Pinkish Purple Cushion Diamond. The listed clarity is SI2. Measurements: 4.22*4.11*2.81 mm. GIA is listed as the grading laboratory. Ask to review the original report before purchase. Polish VG and symmetry VG are listed in the stock record. Quote stock 4511 for current images and availability.,in stock,new,4983929.51 KRW,https://www.colourdiam.com/diamonddetails/Diamonds/Product/4511,https://www.colourdiam.com/Product/Diamond/4511/still.jpg,Colour Diam,Apparel & Accessories > Jewelry,,1,,,,unisex,Fancy Light Pinkish Purple,,adult,,,,,,,,,GIA,Fine Jewelry
5757,0.43 ct Fancy Pinkish Purple Heart Diamond | Colour Diam | 5757,Discover 0.43 ct Fancy Pinkish Purple Heart Diamond with Colour Diam. Measurements: 4.85 X 5.06 X 2.74 mm. GIA is listed as the grading laboratory. Ask to review the original report before purchase. Quote stock 5757 for current images and availability.,in stock,new,4784572.33 KRW,https://www.colourdiam.com/diamonddetails/Diamonds/Product/5757,https://www.colourdiam.com/Product/Diamond/5757/still.jpg,Colour Diam,Apparel & Accessories > Jewelry,,1,,,,unisex,Fancy Pinkish Purple,,adult,,,,,,,,,GIA,Fine Jewelry
5033,0.43 ct Fancy Intense Yellow Oval Diamond | Colour Diam | 5033,Meet 0.43 ct Fancy Intense Yellow Oval Diamond from Colour Diam. The listed clarity is SI1. Measurements: 5.41*4.08*2.53 mm. GIA is listed as the grading laboratory. Ask to review the original report before purchase. Polish VG and symmetry F are listed in the stock record. Quote stock 5033 for current images and availability.,in stock,new,996785.9 KRW,https://www.colourdiam.com/diamonddetails/Diamonds/Product/5033,https://www.colourdiam.com/Product/Diamond/5033/still.jpg,Colour Diam,Apparel & Accessories > Jewelry,,1,,,,unisex,Fancy Intense Yellow,,adult,,,,,,,,,GIA,Fine Jewelry
4656,0.43 ct Fancy Light Orangy Pink Cushion Diamond | Colour Diam | 4656,Consider 0.43 ct Fancy Light Orangy Pink Cushion Diamond for your next jewellery consultation. The listed clarity is SI1. Measurements: 4.29.4.09*2.66 mm. GIA is listed as the grading laboratory. Ask to review the original report before purchase. Polish VG and symmetry GD are listed in the stock record. Quote stock 4656 for current images and availability.,in stock,new,4784572.33 KRW,https://www.colourdiam.com/diamonddetails/Diamonds/Product/4656,https://www.colourdiam.com/Product/Diamond/4656/still.jpg,Colour Diam,Apparel & Accessories > Jewelry,,1,,,,unisex,Fancy Light Orangy Pink,,adult,,,,,,,,,GIA,Fine Jewelry
4309,0.43 ct Fancy Vivid Yellow Oval Diamond | Colour Diam | 4309,Make 0.43 ct Fancy Vivid Yellow Oval Diamond the starting point of your colour story. The listed clarity is VS1. Measurements: 4.96*3.88*2.72 mm. GIA is listed as the grading laboratory. Ask to review the original report before purchase. Polish G and symmetry GD are listed in the stock record. Quote stock 4309 for current images and availability.,in stock,new,1993571.81 KRW,https://www.colourdiam.com/diamonddetails/Diamonds/Product/4309,https://www.colourdiam.com/Product/Diamond/4309/still.jpg,Colour Diam,Apparel & Accessories > Jewelry,,1,,,,unisex,Fancy Vivid Yellow,,adult,,,,,,,,,GIA,Fine Jewelry
2238,0.43 ct Fancy Pink Purple Cushion Diamond | Colour Diam | 2238,0.43 ct Fancy Pink Purple Cushion Diamond: a piece to explore in detail. The listed clarity is I2. Measurements: 4.49X3.98X2.73 mm. GIA is listed as the grading laboratory. Ask to review the original report before purchase. Polish EX and symmetry GD are listed in the stock record. Quote stock 2238 for current images and availability.,in stock,new,5316191.48 KRW,https://www.colourdiam.com/diamonddetails/Diamonds/Product/2238,https://www.colourdiam.com/Product/Diamond/2238/still.jpg,Colour Diam,Apparel & Accessories > Jewelry,,1,,,,unisex,Fancy Pink Purple,,adult,,,,,,,,,GIA,Fine Jewelry
6181,0.42 ct Fancy Yellow Cushion Diamond | Colour Diam | 6181,Make 0.42 ct Fancy Yellow Cushion Diamond the starting point of your colour story. The listed clarity is SI2. Measurements: 4.83 X 3.63 X 2.50 mm. GIA is listed as the grading laboratory. Ask to review the original report before purchase. Polish EX and symmetry VG are listed in the stock record. Quote stock 6181 for current images and availability.,in stock,new,778883.87 KRW,https://www.colourdiam.com/diamonddetails/Diamonds/Product/6181,https://www.colourdiam.com/Product/Diamond/6181/still.jpg,Colour Diam,Apparel & Accessories > Jewelry,,1,,,,unisex,Fancy Yellow,,adult,,,,,,,,,GIA,Fine Jewelry
5160,0.42 ct Light Pink Cushion Diamond | Colour Diam | 5160,Colour Diam presents 0.42 ct Light Pink Cushion Diamond. The listed clarity is I2. Measurements: 4.42X4.13X2.67 mm. GIA is listed as the grading laboratory. Ask to review the original report before purchase. Polish VG and symmetry GD are listed in the stock record. Quote stock 5160 for current images and availability.,in stock,new,1752488.7 KRW,https://www.colourdiam.com/diamonddetails/Diamonds/Product/5160,https://www.colourdiam.com/Product/Diamond/5160/still.jpg,Colour Diam,Apparel & Accessories > Jewelry,,1,,,,unisex,Light Pink,,adult,,,,,,,,,GIA,Fine Jewelry
7129,0.42 ct Very Light Pink Pear Diamond | Colour Diam | 7129,Explore the details of 0.42 ct Very Light Pink Pear Diamond. The listed clarity is I1. Measurements: 6.45X3.94X2.6 mm. GIA is listed as the grading laboratory. Ask to review the original report before purchase. Polish VG and symmetry GD are listed in the stock record. Quote stock 7129 for current images and availability.,in stock,new,1687581.71 KRW,https://www.colourdiam.com/diamonddetails/Diamonds/Product/7129,https://www.colourdiam.com/Product/Diamond/7129/still.jpg,Colour Diam,Apparel & Accessories > Jewelry,,1,,,,unisex,Very Light Pink,,adult,,,,,,,,,GIA,Fine Jewelry
118,0.42 ct Fancy Intense Purple Pink Radiant Diamond | Colour Diam | 118,Make 0.42 ct Fancy Intense Purple Pink Radiant Diamond the starting point of your colour story. The listed clarity is I2. Measurements: 4.19X3.80X2.75 mm. GIA is listed as the grading laboratory. Ask to review the original report before purchase. Polish VG and symmetry GD are listed in the stock record. Quote stock 118 for current images and availability.,in stock,new,12981397.8 KRW,https://www.colourdiam.com/diamonddetails/Diamonds/Product/118,https://www.colourdiam.com/Product/Diamond/118/still.jpg,Colour Diam,Apparel & Accessories > Jewelry,,1,,,,unisex,Fancy Intense Purple Pink,,adult,,,,,,,,,GIA,Fine Jewelry
330,0.42 ct Fancy Pink Purple Marquise Diamond | Colour Diam | 330,Discover 0.42 ct Fancy Pink Purple Marquise Diamond with Colour Diam. The listed clarity is SI2. Measurements: 6.73X3.62X2.62 mm. GIA is listed as the grading laboratory. Ask to review the original report before purchase. Polish G and symmetry GD are listed in the stock record. Quote stock 330 for current images and availability.,in stock,new,14928607.47 KRW,https://www.colourdiam.com/diamonddetails/Diamonds/Product/330,https://www.colourdiam.com/Product/Diamond/330/still.jpg,Colour Diam,Apparel & Accessories > Jewelry,,1,,,,unisex,Fancy Pink Purple,,adult,,,,,,,,,GIA,Fine Jewelry
6034,0.42 ct Light Pink Brown Oval Diamond | Colour Diam | 6034,Put 0.42 ct Light Pink Brown Oval Diamond on your personal shortlist. The listed clarity is SI2. Measurements: 5.28 X 3.88 X 2.57 mm. GIA is listed as the grading laboratory. Ask to review the original report before purchase. Polish VG and symmetry VG are listed in the stock record. Quote stock 6034 for current images and availability.,in stock,new,1752488.7 KRW,https://www.colourdiam.com/diamonddetails/Diamonds/Product/6034,https://www.colourdiam.com/Product/Diamond/6034/still.jpg,Colour Diam,Apparel & Accessories > Jewelry,,1,,,,unisex,Light Pink Brown,,adult,,,,,,,,,GIA,Fine Jewelry
2975,0.42 ct Fancy Intense Pink Oval Diamond | Colour Diam | 2975,Take a closer look at 0.42 ct Fancy Intense Pink Oval Diamond. The listed clarity is I1. Measurements: 6.19X4.10X2.46 mm. AGT is listed as the grading laboratory. Ask to review the original report before purchase. Quote stock 2975 for current images and availability.,in stock,new,29208145.05 KRW,https://www.colourdiam.com/diamonddetails/Diamonds/Product/2975,https://www.colourdiam.com/Product/Diamond/2975/still.jpg,Colour Diam,Apparel & Accessories > Jewelry,,1,,,,unisex,Fancy Intense Pink,,adult,,,,,,,,,AGT,Fine Jewelry
2109,0.42 ct Fancy Light Gray Blue Round Diamond | Colour Diam | 2109,Discover 0.42 ct Fancy Light Gray Blue Round Diamond with Colour Diam. The listed clarity is SI2. Measurements: 4.80X4.72X2.95 mm. GIA is listed as the grading laboratory. Ask to review the original report before purchase. Polish G and symmetry GD are listed in the stock record. Quote stock 2109 for current images and availability.,in stock,new,19472096.7 KRW,https://www.colourdiam.com/diamonddetails/Diamonds/Product/2109,https://www.colourdiam.com/Product/Diamond/2109/still.jpg,Colour Diam,Apparel & Accessories > Jewelry,,1,,,,unisex,Fancy Light Gray Blue,,adult,,,,,,,,,GIA,Fine Jewelry
9498,0.42 ct Fancy Intense Pink Radiant Diamond | Colour Diam | 9498,Colour Diam presents 0.42 ct Fancy Intense Pink Radiant Diamond. Measurements: 4.15 x 4.01 x 2.69 mm. GIA is listed as the grading laboratory. Ask to review the original report before purchase. Quote stock 9498 for current images and availability.,in stock,new,,https://www.colourdiam.com/diamonddetails/Diamonds/Product/9498,https://www.colourdiam.com/Product/Diamond/9498/still.jpg,Colour Diam,Apparel & Accessories > Jewelry,,1,,,,unisex,Fancy Intense Pink,,adult,,,,,,,,,GIA,Fine Jewelry
6629,0.41 ct F Radiant Diamond | Colour Diam | 6629,Meet 0.41 ct F Radiant Diamond from Colour Diam. The listed clarity is IF. Measurements: 5.05 x 3.72 x 2.63 mm. GIA is listed as the grading laboratory. Ask to review the original report before purchase. Polish EX and symmetry VG are listed in the stock record. Quote stock 6629 for current images and availability.,in stock,new,760339.01 KRW,https://www.colourdiam.com/diamonddetails/Diamonds/Product/6629,https://www.colourdiam.com/Product/Diamond/6629/still.jpg,Colour Diam,Apparel & Accessories > Jewelry,,1,,,,unisex,F,,adult,,,,,,,,,GIA,Fine Jewelry
1896,0.41 ct Fancy Intense Yellow Cushion Diamond | Colour Diam | 1896,Discover 0.41 ct Fancy Intense Yellow Cushion Diamond with Colour Diam. The listed clarity is SI1. Measurements: 4.59X3.93X2.62 mm. GIA is listed as the grading laboratory. Ask to review the original report before purchase. Polish EX and symmetry GD are listed in the stock record. Quote stock 1896 for current images and availability.,in stock,new,855388.11 KRW,https://www.colourdiam.com/diamonddetails/Diamonds/Product/1896,https://www.colourdiam.com/Product/Diamond/1896/still.jpg,Colour Diam,Apparel & Accessories > Jewelry,,1,,,,unisex,Fancy Intense Yellow,,adult,,,,,,,,,GIA,Fine Jewelry
7235,0.41 ct Fancy Pinkish Purple Cushion Diamond | Colour Diam | 7235,Take a closer look at 0.41 ct Fancy Pinkish Purple Cushion Diamond. The listed clarity is VVS2. Measurements: 4.39 x 4.35 x 2.63 mm. GIA is listed as the grading laboratory. Ask to review the original report before purchase. Polish VG and symmetry GD are listed in the stock record. Quote stock 7235 for current images and availability.,in stock,new,15840396.13 KRW,https://www.colourdiam.com/diamonddetails/Diamonds/Product/7235,https://www.colourdiam.com/Product/Diamond/7235/still.jpg,Colour Diam,Apparel & Accessories > Jewelry,,1,,,,unisex,Fancy Pinkish Purple,,adult,,,,,,,,,GIA,Fine Jewelry
2340,0.41 ct Fancy Light Bluish Green Round Diamond | Colour Diam | 2340,0.41 ct Fancy Light Bluish Green Round Diamond: a piece to explore in detail. The listed clarity is VVS2. Measurements: 4.79X4.75X2.91 mm. GIA is listed as the grading laboratory. Ask to review the original report before purchase. Polish VG and symmetry VG are listed in the stock record. Quote stock 2340 for current images and availability.,in stock,new,10454661.44 KRW,https://www.colourdiam.com/diamonddetails/Diamonds/Product/2340,https://www.colourdiam.com/Product/Diamond/2340/still.jpg,Colour Diam,Apparel & Accessories > Jewelry,,1,,,,unisex,Fancy Light Bluish Green,,adult,,,,,,,,,GIA,Fine Jewelry
4139,0.41 ct Light Pink Cushion Diamond | Colour Diam | 4139,Meet 0.41 ct Light Pink Cushion Diamond from Colour Diam. The listed clarity is SI2. Measurements: 4.25 X 4.25 X 2.58 mm. GIA is listed as the grading laboratory. Ask to review the original report before purchase. Polish VG and symmetry GD are listed in the stock record. Quote stock 4139 for current images and availability.,in stock,new,2851271.3 KRW,https://www.colourdiam.com/diamonddetails/Diamonds/Product/4139,https://www.colourdiam.com/Product/Diamond/4139/still.jpg,Colour Diam,Apparel & Accessories > Jewelry,,1,,,,unisex,Light Pink,,adult,,,,,,,,,GIA,Fine Jewelry
7679,0.41 ct Faint Pink Pear Diamond | Colour Diam | 7679,Take a closer look at 0.41 ct Faint Pink Pear Diamond. The listed clarity is VS2. Measurements: 6.84X4.05X2.4 mm. GIA is listed as the grading laboratory. Ask to review the original report before purchase. Polish VG and symmetry VG are listed in the stock record. Quote stock 7679 for current images and availability.,in stock,new,2471101.8 KRW,https://www.colourdiam.com/diamonddetails/Diamonds/Product/7679,https://www.colourdiam.com/Product/Diamond/7679/still.jpg,Colour Diam,Apparel & Accessories > Jewelry,,1,,,,unisex,Faint Pink,,adult,,,,,,,,,GIA,Fine Jewelry
80,0.41 ct Fancy Blue Gray Radiant Diamond | Colour Diam | 80,Find your next inspiration in 0.41 ct Fancy Blue Gray Radiant Diamond. The listed clarity is SI1. Measurements: 4.14X3.92X3.17 mm. GIA is listed as the grading laboratory. Ask to review the original report before purchase. Polish G and symmetry F are listed in the stock record. Quote stock 80 for current images and availability.,in stock,new,12672316.9 KRW,https://www.colourdiam.com/diamonddetails/Diamonds/Product/80,https://www.colourdiam.com/Product/Diamond/80/still.jpg,Colour Diam,Apparel & Accessories > Jewelry,,1,,,,unisex,Fancy Blue Gray,,adult,,,,,,,,,GIA,Fine Jewelry
7130,0.41 ct Light Pink Pear Diamond | Colour Diam | 7130,Meet 0.41 ct Light Pink Pear Diamond from Colour Diam. The listed clarity is I1. Measurements: 6.06X3.85X2.4 mm. GIA is listed as the grading laboratory. Ask to review the original report before purchase. Polish G and symmetry GD are listed in the stock record. Quote stock 7130 for current images and availability.,in stock,new,1904650.57 KRW,https://www.colourdiam.com/diamonddetails/Diamonds/Product/7130,https://www.colourdiam.com/Product/Diamond/7130/still.jpg,Colour Diam,Apparel & Accessories > Jewelry,,1,,,,unisex,Light Pink,,adult,,,,,,,,,GIA,Fine Jewelry
6387,0.41 ct Light Pink Pear Diamond | Colour Diam | 6387,Discover 0.41 ct Light Pink Pear Diamond with Colour Diam. The listed clarity is VS2. Measurements: 6.04 x 3.87 x 2.49 mm. GIA is listed as the grading laboratory. Ask to review the original report before purchase. Polish VG and symmetry GD are listed in the stock record. Quote stock 6387 for current images and availability.,in stock,new,2534463.38 KRW,https://www.colourdiam.com/diamonddetails/Diamonds/Product/6387,https://www.colourdiam.com/Product/Diamond/6387/still.jpg,Colour Diam,Apparel & Accessories > Jewelry,,1,,,,unisex,Light Pink,,adult,,,,,,,,,GIA,Fine Jewelry
6315,0.41 ct Light Pink Cushion Diamond | Colour Diam | 6315,0.41 ct Light Pink Cushion Diamond: a piece to explore in detail. The listed clarity is I1. Measurements: 4.55 x 3.78 x 2.57 mm. GIA is listed as the grading laboratory. Ask to review the original report before purchase. Polish VG and symmetry VG are listed in the stock record. Quote stock 6315 for current images and availability.,in stock,new,3801695.07 KRW,https://www.colourdiam.com/diamonddetails/Diamonds/Product/6315,https://www.colourdiam.com/Product/Diamond/6315/still.jpg,Colour Diam,Apparel & Accessories > Jewelry,,1,,,,unisex,Light Pink,,adult,,,,,,,,,GIA,Fine Jewelry
5408,0.41 ct Fancy Light Pinkish Purple Pear Diamond | Colour Diam | 5408,Meet 0.41 ct Fancy Light Pinkish Purple Pear Diamond from Colour Diam. The listed clarity is VS2. Measurements: 5.96 X 3.63 X 2.59 mm. GIA is listed as the grading laboratory. Ask to review the original report before purchase. Polish G and symmetry GD are listed in the stock record. Quote stock 5408 for current images and availability.,in stock,new,8553813.91 KRW,https://www.colourdiam.com/diamonddetails/Diamonds/Product/5408,https://www.colourdiam.com/Product/Diamond/5408/still.jpg,Colour Diam,Apparel & Accessories > Jewelry,,1,,,,unisex,Fancy Light Pinkish Purple,,adult,,,,,,,,,GIA,Fine Jewelry
5733,0.41 ct Fancy Yellow Radiant Diamond | Colour Diam | 5733,Colour Diam presents 0.41 ct Fancy Yellow Radiant Diamond. The listed clarity is I1. Measurements: 4.07x3.90x2.69 mm. GIA is listed as the grading laboratory. Ask to review the original report before purchase. Polish VG and symmetry VG are listed in the stock record. Quote stock 5733 for current images and availability.,in stock,new,570254.26 KRW,https://www.colourdiam.com/diamonddetails/Diamonds/Product/5733,https://www.colourdiam.com/Product/Diamond/5733/still.jpg,Colour Diam,Apparel & Accessories > Jewelry,,1,,,,unisex,Fancy Yellow,,adult,,,,,,,,,GIA,Fine Jewelry
7110,0.41 ct Fancy Vivid Yellow Orange Cushion Diamond | Colour Diam | 7110,0.41 ct Fancy Vivid Yellow Orange Cushion Diamond: a piece to explore in detail. The listed clarity is SI2. Measurements: 4.37 X 3.81 X 2.65 mm. GIA is listed as the grading laboratory. Ask to review the original report before purchase. Polish VG and symmetry VG are listed in the stock record. Quote stock 7110 for current images and availability.,in stock,new,5631574.94 KRW,https://www.colourdiam.com/diamonddetails/Diamonds/Product/7110,https://www.colourdiam.com/Product/Diamond/7110/still.jpg,Colour Diam,Apparel & Accessories > Jewelry,,1,,,,unisex,Fancy Vivid Yellow Orange,,adult,,,,,,,,,GIA,Fine Jewelry
7116,0.4 ct Fancy Light Purplish Pink Cushion Diamond | Colour Diam | 7116,Consider 0.4 ct Fancy Light Purplish Pink Cushion Diamond for your next jewellery consultation. The listed clarity is SI2. Measurements: 4.14 X 3.99 X 2.72 mm. GIA is listed as the grading laboratory. Ask to review the original report before purchase. Polish G and symmetry F are listed in the stock record. Quote stock 7116 for current images and availability.,in stock,new,5494222.08 KRW,https://www.colourdiam.com/diamonddetails/Diamonds/Product/7116,https://www.colourdiam.com/Product/Diamond/7116/still.jpg,Colour Diam,Apparel & Accessories > Jewelry,,1,,,,unisex,Fancy Light Purplish Pink,,adult,,,,,,,,,GIA,Fine Jewelry
6075,0.4 ct Fancy Brownish Greenish Yellow Oval Diamond | Colour Diam | 6075,Discover 0.4 ct Fancy Brownish Greenish Yellow Oval Diamond with Colour Diam. The listed clarity is SI2. Measurements: 5.35 X 3.91 X 2.45 mm. GIA is listed as the grading laboratory. Ask to review the original report before purchase. Polish VG and symmetry GD are listed in the stock record. Quote stock 6075 for current images and availability.,in stock,new,618161.8 KRW,https://www.colourdiam.com/diamonddetails/Diamonds/Product/6075,https://www.colourdiam.com/Product/Diamond/6075/still.jpg,Colour Diam,Apparel & Accessories > Jewelry,,1,,,,unisex,Fancy Brownish Greenish Yellow,,adult,,,,,,,,,GIA,Fine Jewelry
6401,0.4 ct Light Pink Cushion Diamond | Colour Diam | 6401,Meet 0.4 ct Light Pink Cushion Diamond from Colour Diam. The listed clarity is I1. Measurements: 4.44 x 3.83 x 2.59 mm. GIA is listed as the grading laboratory. Ask to review the original report before purchase. Polish VG and symmetry VG are listed in the stock record. Quote stock 6401 for current images and availability.,in stock,new,3708970.8 KRW,https://www.colourdiam.com/diamonddetails/Diamonds/Product/6401,https://www.colourdiam.com/Product/Diamond/6401/still.jpg,Colour Diam,Apparel & Accessories > Jewelry,,1,,,,unisex,Light Pink,,adult,,,,,,,,,GIA,Fine Jewelry
7722,0.4 ct Fancy Pink Purple Radiant Diamond | Colour Diam | 7722,Discover 0.4 ct Fancy Pink Purple Radiant Diamond with Colour Diam. The listed clarity is VS1. Measurements: 4.62 X 3.64 X 2.44 mm. GIA is listed as the grading laboratory. Ask to review the original report before purchase. Polish EX and symmetry VG are listed in the stock record. Quote stock 7722 for current images and availability.,in stock,new,11435993.3 KRW,https://www.colourdiam.com/diamonddetails/Diamonds/Product/7722,https://www.colourdiam.com/Product/Diamond/7722/still.jpg,Colour Diam,Apparel & Accessories > Jewelry,,1,,,,unisex,Fancy Pink Purple,,adult,,,,,,,,,GIA,Fine Jewelry
8923,0.4 ct F Pear Diamond | Colour Diam | 8923,Your search for colour continues with 0.4 ct F Pear Diamond. The listed clarity is VS2. Measurements: 6.53 x 4.01 x 2.48 mm. GIA is listed as the grading laboratory. Ask to review the original report before purchase. Polish VG and symmetry F are listed in the stock record. Quote stock 8923 for current images and availability.,in stock,new,587253.71 KRW,https://www.colourdiam.com/diamonddetails/Diamonds/Product/8923,https://www.colourdiam.com/Product/Diamond/8923/still.jpg,Colour Diam,Apparel & Accessories > Jewelry,,1,,,,unisex,F,,adult,,,,,,,,,GIA,Fine Jewelry
9368,0.4 ct F Pear Diamond | Colour Diam | 9368,Find your next inspiration in 0.4 ct F Pear Diamond. The listed clarity is VVS2. Measurements: 6.49 x 4.06 x 2.60 mm. GIA is listed as the grading laboratory. Ask to review the original report before purchase. Polish EX and symmetry VG are listed in the stock record. Quote stock 9368 for current images and availability.,in stock,new,679977.98 KRW,https://www.colourdiam.com/diamonddetails/Diamonds/Product/9368,https://www.colourdiam.com/Product/Diamond/9368/still.jpg,Colour Diam,Apparel & Accessories > Jewelry,,1,,,,unisex,F,,adult,,,,,,,,,GIA,Fine Jewelry
3771,0.4 ct O-P Round Diamond | Colour Diam | 3771,Colour Diam presents 0.4 ct O-P Round Diamond. The listed clarity is SI2. Measurements: 4.7*4.74*2.96 mm. GIA is listed as the grading laboratory. Ask to review the original report before purchase. Polish EX and symmetry VG are listed in the stock record. Quote stock 3771 for current images and availability.,in stock,new,525437.53 KRW,https://www.colourdiam.com/diamonddetails/Diamonds/Product/3771,https://www.colourdiam.com/Product/Diamond/3771/still.jpg,Colour Diam,Apparel & Accessories > Jewelry,,1,,,,unisex,O-P,,adult,,,,,,,,,GIA,Fine Jewelry
6272,0.4 ct Fancy Light Pink Cushion Diamond | Colour Diam | 6272,Meet 0.4 ct Fancy Light Pink Cushion Diamond from Colour Diam. The listed clarity is SI2. Measurements: 4.29 X 3.87 X 2.44 mm. GIA is listed as the grading laboratory. Ask to review the original report before purchase. Polish G and symmetry F are listed in the stock record. Quote stock 6272 for current images and availability.,in stock,new,5494222.08 KRW,https://www.colourdiam.com/diamonddetails/Diamonds/Product/6272,https://www.colourdiam.com/Product/Diamond/6272/still.jpg,Colour Diam,Apparel & Accessories > Jewelry,,1,,,,unisex,Fancy Light Pink,,adult,,,,,,,,,GIA,Fine Jewelry
6175,0.4 ct E Emerald Diamond | Colour Diam | 6175,Explore the details of 0.4 ct E Emerald Diamond. The listed clarity is VVS1. Measurements: 4.54 X 3.62 X 2.78 mm. GIA is listed as the grading laboratory. Ask to review the original report before purchase. Polish G and symmetry GD are listed in the stock record. Quote stock 6175 for current images and availability.,in stock,new,707795.26 KRW,https://www.colourdiam.com/diamonddetails/Diamonds/Product/6175,https://www.colourdiam.com/Product/Diamond/6175/still.jpg,Colour Diam,Apparel & Accessories > Jewelry,,1,,,,unisex,E,,adult,,,,,,,,,GIA,Fine Jewelry
6058,0.4 ct Fancy Light Pink Cushion Diamond | Colour Diam | 6058,Explore the details of 0.4 ct Fancy Light Pink Cushion Diamond. The listed clarity is SI2. Measurements: 4.28 X 3.88 X 2.65 mm. GIA is listed as the grading laboratory. Ask to review the original report before purchase. Polish VG and symmetry VG are listed in the stock record. Quote stock 6058 for current images and availability.,in stock,new,6119801.82 KRW,https://www.colourdiam.com/diamonddetails/Diamonds/Product/6058,https://www.colourdiam.com/Product/Diamond/6058/still.jpg,Colour Diam,Apparel & Accessories > Jewelry,,1,,,,unisex,Fancy Light Pink,,adult,,,,,,,,,GIA,Fine Jewelry
5415,0.4 ct Fancy Light Bluish Green Cushion Diamond | Colour Diam | 5415,Consider 0.4 ct Fancy Light Bluish Green Cushion Diamond for your next jewellery consultation. The listed clarity is VVS1. Measurements: 4.23X 3.94X 2.62 mm. GIA is listed as the grading laboratory. Ask to review the original report before purchase. Polish G and symmetry GD are listed in the stock record. Quote stock 5415 for current images and availability.,in stock,new,2905360.46 KRW,https://www.colourdiam.com/diamonddetails/Diamonds/Product/5415,https://www.colourdiam.com/Product/Diamond/5415/still.jpg,Colour Diam,Apparel & Accessories > Jewelry,,1,,,,unisex,Fancy Light Bluish Green,,adult,,,,,,,,,GIA,Fine Jewelry
9374,0.4 ct Fancy Pink Pear Diamond | Colour Diam | 9374,Meet 0.4 ct Fancy Pink Pear Diamond from Colour Diam. The listed clarity is VVS1. Measurements: 5.73 X 3.98 X 2.48 mm. GIA is listed as the grading laboratory. Ask to review the original report before purchase. Polish EX and symmetry VG are listed in the stock record. Quote stock 9374 for current images and availability.,in stock,new,11126912.4 KRW,https://www.colourdiam.com/diamonddetails/Diamonds/Product/9374,https://www.colourdiam.com/Product/Diamond/9374/still.jpg,Colour Diam,Apparel & Accessories > Jewelry,,1,,,,unisex,Fancy Pink,,adult,,,,,,,,,GIA,Fine Jewelry
9216,0.4 ct Faint Pink Round Diamond | Colour Diam | 9216,Colour Diam presents 0.4 ct Faint Pink Round Diamond. The listed clarity is VS2. Measurements: 4.50 - 4.54 X 2.97 mm. GIA is listed as the grading laboratory. Ask to review the original report before purchase. Polish EX and symmetry VG are listed in the stock record. Quote stock 9216 for current images and availability.,in stock,new,1236323.6 KRW,https://www.colourdiam.com/diamonddetails/Diamonds/Product/9216,https://www.colourdiam.com/Product/Diamond/9216/still.jpg,Colour Diam,Apparel & Accessories > Jewelry,,1,,,,unisex,Faint Pink,,adult,,,,,,,,,GIA,Fine Jewelry
258,0.39 ct Fancy Intense Orange Yellow Cushion Diamond | Colour Diam | 258,0.39 ct Fancy Intense Orange Yellow Cushion Diamond: a piece to explore in detail. The listed clarity is I1. Measurements: 5.45X3.97X2.29 mm. GIA is listed as the grading laboratory. Ask to review the original report before purchase. Polish G and symmetry GD are listed in the stock record. Quote stock 258 for current images and availability.,in stock,new,2109477.14 KRW,https://www.colourdiam.com/diamonddetails/Diamonds/Product/258,https://www.colourdiam.com/Product/Diamond/258/still.jpg,Colour Diam,Apparel & Accessories > Jewelry,,1,,,,unisex,Fancy Intense Orange Yellow,,adult,,,,,,,,,GIA,Fine Jewelry
6182,0.39 ct Fancy Intense Yellow Cushion Diamond | Colour Diam | 6182,Take a closer look at 0.39 ct Fancy Intense Yellow Cushion Diamond. The listed clarity is SI1. Measurements: 4.16 X 3.89 X 2.69 mm. GIA is listed as the grading laboratory. Ask to review the original report before purchase. Polish VG and symmetry VG are listed in the stock record. Quote stock 6182 for current images and availability.,in stock,new,1084873.96 KRW,https://www.colourdiam.com/diamonddetails/Diamonds/Product/6182,https://www.colourdiam.com/Product/Diamond/6182/still.jpg,Colour Diam,Apparel & Accessories > Jewelry,,1,,,,unisex,Fancy Intense Yellow,,adult,,,,,,,,,GIA,Fine Jewelry
213,0.38 ct Fancy Light Purplish Pink Other Diamond | Colour Diam | 213,Discover 0.38 ct Fancy Light Purplish Pink Other Diamond with Colour Diam. The listed clarity is SI2. Measurements: XX mm. CGL is listed as the grading laboratory. Ask to review the original report before purchase. Quote stock 213 for current images and availability.,in stock,new,14681342.75 KRW,https://www.colourdiam.com/diamonddetails/Diamonds/Product/213,https://www.colourdiam.com/Product/Diamond/213/still.jpg,Colour Diam,Apparel & Accessories > Jewelry,,1,,,,unisex,Fancy Light Purplish Pink,,adult,,,,,,,,,CGL,Fine Jewelry
1398,0.37 ct Fancy Purplish Pink Round Diamond | Colour Diam | 1398,0.37 ct Fancy Purplish Pink Round Diamond: a piece to explore in detail. The listed clarity is I1. Measurements: 4.64X4.56X2.90 mm. GIA is listed as the grading laboratory. Ask to review the original report before purchase. Polish G and symmetry F are listed in the stock record. Quote stock 1398 for current images and availability.,in stock,new,8862894.81 KRW,https://www.colourdiam.com/diamonddetails/Diamonds/Product/1398,https://www.colourdiam.com/Product/Diamond/1398/still.jpg,Colour Diam,Apparel & Accessories > Jewelry,,1,,,,unisex,Fancy Purplish Pink,,adult,,,,,,,,,GIA,Fine Jewelry
149,0.37 ct Fancy Light Purplish Pink Oval Diamond | Colour Diam | 149,0.37 ct Fancy Light Purplish Pink Oval Diamond brings its own character to your selection. The listed clarity is SI2. Measurements: 4.93X3.42X2.74 mm. GIA is listed as the grading laboratory. Ask to review the original report before purchase. Polish G and symmetry GD are listed in the stock record. Quote stock 149 for current images and availability.,in stock,new,4288497.49 KRW,https://www.colourdiam.com/diamonddetails/Diamonds/Product/149,https://www.colourdiam.com/Product/Diamond/149/still.jpg,Colour Diam,Apparel & Accessories > Jewelry,,1,,,,unisex,Fancy Light Purplish Pink,,adult,,,,,,,,,GIA,Fine Jewelry
1325,0.37 ct Fancy Deep Pink Pear Diamond | Colour Diam | 1325,Take a closer look at 0.37 ct Fancy Deep Pink Pear Diamond. The listed clarity is I1. Measurements: 5.54x3.79x2.47 mm. CGL is listed as the grading laboratory. Ask to review the original report before purchase. Quote stock 1325 for current images and availability.,in stock,new,14294991.63 KRW,https://www.colourdiam.com/diamonddetails/Diamonds/Product/1325,https://www.colourdiam.com/Product/Diamond/1325/still.jpg,Colour Diam,Apparel & Accessories > Jewelry,,1,,,,unisex,Fancy Deep Pink,,adult,,,,,,,,,CGL,Fine Jewelry
5756,0.37 ct Fancy Light Orangy Pink Marquise Diamond | Colour Diam | 5756,Meet 0.37 ct Fancy Light Orangy Pink Marquise Diamond from Colour Diam. The listed clarity is VS2. Measurements: 7.41 X 3.64 X 2.29 mm. GIA is listed as the grading laboratory. Ask to review the original report before purchase. Polish VG and symmetry VG are listed in the stock record. Quote stock 5756 for current images and availability.,in stock,new,3430797.99 KRW,https://www.colourdiam.com/diamonddetails/Diamonds/Product/5756,https://www.colourdiam.com/Product/Diamond/5756/still.jpg,Colour Diam,Apparel & Accessories > Jewelry,,1,,,,unisex,Fancy Light Orangy Pink,,adult,,,,,,,,,GIA,Fine Jewelry
5737,0.37 ct Fancy Light Pink Brown Pear Diamond | Colour Diam | 5737,Your search for colour continues with 0.37 ct Fancy Light Pink Brown Pear Diamond. The listed clarity is SI2. Measurements: 6.20X4.22X2.20 mm. GIA is listed as the grading laboratory. Ask to review the original report before purchase. Polish G and symmetry F are listed in the stock record. Quote stock 5737 for current images and availability.,in stock,new,1772578.96 KRW,https://www.colourdiam.com/diamonddetails/Diamonds/Product/5737,https://www.colourdiam.com/Product/Diamond/5737/still.jpg,Colour Diam,Apparel & Accessories > Jewelry,,1,,,,unisex,Fancy Light Pink Brown,,adult,,,,,,,,,GIA,Fine Jewelry
7686,0.36 ct Fancy Intense Orange Yellow Marquise Diamond | Colour Diam | 7686,0.36 ct Fancy Intense Orange Yellow Marquise Diamond: a piece to explore in detail. The listed clarity is VS2. Measurements: 5.86 X 3.64 X 2.43 mm. GIA is listed as the grading laboratory. Ask to review the original report before purchase. Polish G and symmetry F are listed in the stock record. Quote stock 7686 for current images and availability.,in stock,new,1669036.86 KRW,https://www.colourdiam.com/diamonddetails/Diamonds/Product/7686,https://www.colourdiam.com/Product/Diamond/7686/still.jpg,Colour Diam,Apparel & Accessories > Jewelry,,1,,,,unisex,Fancy Intense Orange Yellow,,adult,,,,,,,,,GIA,Fine Jewelry
9590,0.36 ct E Round Diamond | Colour Diam | 9590,Meet 0.36 ct E Round Diamond from Colour Diam. The listed clarity is VVS1. Measurements: 4.57 - 4.59 x 2.87 mm. GIA is listed as the grading laboratory. Ask to review the original report before purchase. Polish EX and symmetry EX are listed in the stock record. Quote stock 9590 for current images and availability.,in stock,new,,https://www.colourdiam.com/diamonddetails/Diamonds/Product/9590,https://www.colourdiam.com/Product/Diamond/9590/still.jpg,Colour Diam,Apparel & Accessories > Jewelry,,1,,,,unisex,E,,adult,,,,,,,,,GIA,Fine Jewelry
2308,0.35 ct U-V Round Diamond | Colour Diam | 2308,Explore the details of 0.35 ct U-V Round Diamond. The listed clarity is VS1. Measurements: 4.45X4.40X2.83 mm. GIA is listed as the grading laboratory. Ask to review the original report before purchase. Polish VG and symmetry VG are listed in the stock record. Quote stock 2308 for current images and availability.,in stock,new,811337.36 KRW,https://www.colourdiam.com/diamonddetails/Diamonds/Product/2308,https://www.colourdiam.com/Product/Diamond/2308/still.jpg,Colour Diam,Apparel & Accessories > Jewelry,,1,,,,unisex,U-V,,adult,,,,,,,,,GIA,Fine Jewelry
5608,0.35 ct Fancy Purple Pink Cushion Diamond | Colour Diam | 5608,Explore the details of 0.35 ct Fancy Purple Pink Cushion Diamond. The listed clarity is VS2. Measurements: 4.85 x 3.39 x 2.28 mm. GIA is listed as the grading laboratory. Ask to review the original report before purchase. Polish VG and symmetry GD are listed in the stock record. Quote stock 5608 for current images and availability.,in stock,new,7572482.05 KRW,https://www.colourdiam.com/diamonddetails/Diamonds/Product/5608,https://www.colourdiam.com/Product/Diamond/5608/still.jpg,Colour Diam,Apparel & Accessories > Jewelry,,1,,,,unisex,Fancy Purple Pink,,adult,,,,,,,,,GIA,Fine Jewelry
7799,0.35 ct Faint Pinkish Brown Heart Diamond | Colour Diam | 7799,Find your next inspiration in 0.35 ct Faint Pinkish Brown Heart Diamond. The listed clarity is VS2. Measurements: 4.18 X 4.87 X 2.90 mm. GIA is listed as the grading laboratory. Ask to review the original report before purchase. Polish EX and symmetry VG are listed in the stock record. Quote stock 7799 for current images and availability.,in stock,new,1081783.15 KRW,https://www.colourdiam.com/diamonddetails/Diamonds/Product/7799,https://www.colourdiam.com/Product/Diamond/7799/still.jpg,Colour Diam,Apparel & Accessories > Jewelry,,1,,,,unisex,Faint Pinkish Brown,,adult,,,,,,,,,GIA,Fine Jewelry
7132,0.35 ct Faint Pink Round Diamond | Colour Diam | 7132,Explore the details of 0.35 ct Faint Pink Round Diamond. The listed clarity is VVS2. Measurements: 4.54X4.5X2.8 mm. GIA is listed as the grading laboratory. Ask to review the original report before purchase. Polish EX and symmetry EX are listed in the stock record. Quote stock 7132 for current images and availability.,in stock,new,973604.84 KRW,https://www.colourdiam.com/diamonddetails/Diamonds/Product/7132,https://www.colourdiam.com/Product/Diamond/7132/still.jpg,Colour Diam,Apparel & Accessories > Jewelry,,1,,,,unisex,Faint Pink,,adult,,,,,,,,,GIA,Fine Jewelry
2052,0.35 ct Light Purplish Pink Other Diamond | Colour Diam | 2052,Consider 0.35 ct Light Purplish Pink Other Diamond for your next jewellery consultation. The listed clarity is I1. Measurements: 4.31x4.36x2.80 mm. CGL is listed as the grading laboratory. Ask to review the original report before purchase. Quote stock 2052 for current images and availability.,in stock,new,1352228.94 KRW,https://www.colourdiam.com/diamonddetails/Diamonds/Product/2052,https://www.colourdiam.com/Product/Diamond/2052/still.jpg,Colour Diam,Apparel & Accessories > Jewelry,,1,,,,unisex,Light Purplish Pink,,adult,,,,,,,,,CGL,Fine Jewelry
8832,0.35 ct Faint Pinkish Brown Round Diamond | Colour Diam | 8832,Consider 0.35 ct Faint Pinkish Brown Round Diamond for your next jewellery consultation. The listed clarity is SI1. Measurements: 4.58 - 4.60 x 2.83 mm. GIA is listed as the grading laboratory. Ask to review the original report before purchase. Polish VG and symmetry EX are listed in the stock record. Quote stock 8832 for current images and availability.,in stock,new,432713.26 KRW,https://www.colourdiam.com/diamonddetails/Diamonds/Product/8832,https://www.colourdiam.com/Product/Diamond/8832/still.jpg,Colour Diam,Apparel & Accessories > Jewelry,,1,,,,unisex,Faint Pinkish Brown,,adult,,,,,,,,,GIA,Fine Jewelry
3442,0.35 ct Fancy Vivid Purplish Pink Pear Diamond | Colour Diam | 3442,Put 0.35 ct Fancy Vivid Purplish Pink Pear Diamond on your personal shortlist. Measurements: 5.95 x 3.79 x 2.38 mm. GIA is listed as the grading laboratory. Ask to review the original report before purchase. Quote stock 3442 for current images and availability.,in stock,new,54089157.5 KRW,https://www.colourdiam.com/diamonddetails/Diamonds/Product/3442,https://www.colourdiam.com/Product/Diamond/3442/still.jpg,Colour Diam,Apparel & Accessories > Jewelry,,1,,,,unisex,Fancy Vivid Purplish Pink,,adult,,,,,,,,,GIA,Fine Jewelry
2545,0.34 ct Very Light Gray Round Diamond | Colour Diam | 2545,Make 0.34 ct Very Light Gray Round Diamond the starting point of your colour story. The listed clarity is VVS2. Measurements: 4.50X4.48X2.78 mm. GIA is listed as the grading laboratory. Ask to review the original report before purchase. Polish VG and symmetry EX are listed in the stock record. Quote stock 2545 for current images and availability.,in stock,new,683068.79 KRW,https://www.colourdiam.com/diamonddetails/Diamonds/Product/2545,https://www.colourdiam.com/Product/Diamond/2545/still.jpg,Colour Diam,Apparel & Accessories > Jewelry,,1,,,,unisex,Very Light Gray,,adult,,,,,,,,,GIA,Fine Jewelry
6073,0.34 ct Fancy Light Pinkish Brown Pear Diamond | Colour Diam | 6073,Your search for colour continues with 0.34 ct Fancy Light Pinkish Brown Pear Diamond. The listed clarity is SI2. Measurements: 6.20 X 3.67 X 2.27 mm. GIA is listed as the grading laboratory. Ask to review the original report before purchase. Polish EX and symmetry VG are listed in the stock record. Quote stock 6073 for current images and availability.,in stock,new,1313593.83 KRW,https://www.colourdiam.com/diamonddetails/Diamonds/Product/6073,https://www.colourdiam.com/Product/Diamond/6073/still.jpg,Colour Diam,Apparel & Accessories > Jewelry,,1,,,,unisex,Fancy Light Pinkish Brown,,adult,,,,,,,,,GIA,Fine Jewelry
2236,0.34 ct Fancy Purplish Pink Pear Diamond | Colour Diam | 2236,Put 0.34 ct Fancy Purplish Pink Pear Diamond on your personal shortlist. The listed clarity is I2. Measurements: 6.37X3.72X2.08 mm. GIA is listed as the grading laboratory. Ask to review the original report before purchase. Polish EX and symmetry VG are listed in the stock record. Quote stock 2236 for current images and availability.,in stock,new,4203500.24 KRW,https://www.colourdiam.com/diamonddetails/Diamonds/Product/2236,https://www.colourdiam.com/Product/Diamond/2236/still.jpg,Colour Diam,Apparel & Accessories > Jewelry,,1,,,,unisex,Fancy Purplish Pink,,adult,,,,,,,,,GIA,Fine Jewelry
6335,0.34 ct Fancy Light Pink Oval Diamond | Colour Diam | 6335,Meet 0.34 ct Fancy Light Pink Oval Diamond from Colour Diam. The listed clarity is SI1. Measurements: 4.94 x 3.41 x 2.62 mm. GIA is listed as the grading laboratory. Ask to review the original report before purchase. Polish G and symmetry GD are listed in the stock record. Quote stock 6335 for current images and availability.,in stock,new,3572975.2 KRW,https://www.colourdiam.com/diamonddetails/Diamonds/Product/6335,https://www.colourdiam.com/Product/Diamond/6335/still.jpg,Colour Diam,Apparel & Accessories > Jewelry,,1,,,,unisex,Fancy Light Pink,,adult,,,,,,,,,GIA,Fine Jewelry
7133,0.34 ct Very Light Pink Pear Diamond | Colour Diam | 7133,0.34 ct Very Light Pink Pear Diamond brings its own character to your selection. The listed clarity is VS1. Measurements: 5.29X3.74X2.4 mm. GIA is listed as the grading laboratory. Ask to review the original report before purchase. Polish G and symmetry GD are listed in the stock record. Quote stock 7133 for current images and availability.,in stock,new,2101750.12 KRW,https://www.colourdiam.com/diamonddetails/Diamonds/Product/7133,https://www.colourdiam.com/Product/Diamond/7133/still.jpg,Colour Diam,Apparel & Accessories > Jewelry,,1,,,,unisex,Very Light Pink,,adult,,,,,,,,,GIA,Fine Jewelry
6012,0.34 ct H Oval Diamond | Colour Diam | 6012,Consider 0.34 ct H Oval Diamond for your next jewellery consultation. The listed clarity is VS1. Measurements: 4.74 x 3.74 x 2.42 mm. GIA is listed as the grading laboratory. Ask to review the original report before purchase. Polish G and symmetry GD are listed in the stock record. Quote stock 6012 for current images and availability.,in stock,new,520183.15 KRW,https://www.colourdiam.com/diamonddetails/Diamonds/Product/6012,https://www.colourdiam.com/Product/Diamond/6012/still.jpg,Colour Diam,Apparel & Accessories > Jewelry,,1,,,,unisex,H,,adult,,,,,,,,,GIA,Fine Jewelry
7797,0.34 ct Faint Pink Heart Diamond | Colour Diam | 7797,Colour Diam presents 0.34 ct Faint Pink Heart Diamond. The listed clarity is VVS2. Measurements: 4.41 X 5.00 X 2.77 mm. GIA is listed as the grading laboratory. Ask to review the original report before purchase. Polish EX and symmetry VG are listed in the stock record. Quote stock 7797 for current images and availability.,in stock,new,1576312.59 KRW,https://www.colourdiam.com/diamonddetails/Diamonds/Product/7797,https://www.colourdiam.com/Product/Diamond/7797/still.jpg,Colour Diam,Apparel & Accessories > Jewelry,,1,,,,unisex,Faint Pink,,adult,,,,,,,,,GIA,Fine Jewelry
9500,0.34 ct F Heart Diamond | Colour Diam | 9500,Find your next inspiration in 0.34 ct F Heart Diamond. The listed clarity is VS2. Measurements: 4.33 X 4.79 X 2.74 mm. IGI is listed as the grading laboratory. Ask to review the original report before purchase. Polish VG and symmetry VG are listed in the stock record. Quote stock 9500 for current images and availability.,in stock,new,,https://www.colourdiam.com/diamonddetails/Diamonds/Product/9500,https://www.colourdiam.com/Product/Diamond/9500/still.jpg,Colour Diam,Apparel & Accessories > Jewelry,,1,,,,unisex,F,,adult,,,,,,,,,IGI,Fine Jewelry
3166,0.33 ct L Marquise Diamond | Colour Diam | 3166,Your search for colour continues with 0.33 ct L Marquise Diamond. The listed clarity is VS1. Measurements: 6.36*3.47*2.43 mm. IGI is listed as the grading laboratory. Ask to review the original report before purchase. Polish G and symmetry GD are listed in the stock record. Quote stock 3166 for current images and availability.,in stock,new,305990.09 KRW,https://www.colourdiam.com/diamonddetails/Diamonds/Product/3166,https://www.colourdiam.com/Product/Diamond/3166/still.jpg,Colour Diam,Apparel & Accessories > Jewelry,,1,,,,unisex,L,,adult,,,,,,,,,IGI,Fine Jewelry
4966,0.33 ct M Radiant Diamond | Colour Diam | 4966,Explore the details of 0.33 ct M Radiant Diamond. The listed clarity is I1. Measurements: 4.66X3.30X2.26 mm. GIA is listed as the grading laboratory. Ask to review the original report before purchase. Polish VG and symmetry VG are listed in the stock record. Quote stock 4966 for current images and availability.,in stock,new,254991.74 KRW,https://www.colourdiam.com/diamonddetails/Diamonds/Product/4966,https://www.colourdiam.com/Product/Diamond/4966/still.jpg,Colour Diam,Apparel & Accessories > Jewelry,,1,,,,unisex,M,,adult,,,,,,,,,GIA,Fine Jewelry
7338,0.33 ct Light Pink Round Diamond | Colour Diam | 7338,0.33 ct Light Pink Round Diamond: a piece to explore in detail. The listed clarity is I1. Measurements: 4.38 X 4.36 X 2.7 mm. GIA is listed as the grading laboratory. Ask to review the original report before purchase. Polish VG and symmetry VG are listed in the stock record. Quote stock 7338 for current images and availability.,in stock,new,1784942.2 KRW,https://www.colourdiam.com/diamonddetails/Diamonds/Product/7338,https://www.colourdiam.com/Product/Diamond/7338/still.jpg,Colour Diam,Apparel & Accessories > Jewelry,,1,,,,unisex,Light Pink,,adult,,,,,,,,,GIA,Fine Jewelry
257,0.33 ct Fancy Brownish Orangy Pink Pear Diamond | Colour Diam | 257,Find your next inspiration in 0.33 ct Fancy Brownish Orangy Pink Pear Diamond. Measurements: 5.36 x 3.70 x 2.32 mm. GIA is listed as the grading laboratory. Ask to review the original report before purchase. Quote stock 257 for current images and availability.,in stock,new,3569884.4 KRW,https://www.colourdiam.com/diamonddetails/Diamonds/Product/257,https://www.colourdiam.com/Product/Diamond/257/still.jpg,Colour Diam,Apparel & Accessories > Jewelry,,1,,,,unisex,Fancy Brownish Orangy Pink,,adult,,,,,,,,,GIA,Fine Jewelry
4610,0.33 ct Fancy Intense Blue Pear Diamond | Colour Diam | 4610,Take a closer look at 0.33 ct Fancy Intense Blue Pear Diamond. The listed clarity is VS2. Measurements: 6.47*3.91*2.02 mm. GIA is listed as the grading laboratory. Ask to review the original report before purchase. Polish G and symmetry F are listed in the stock record. Quote stock 4610 for current images and availability.,in stock,new,91797027.3 KRW,https://www.colourdiam.com/diamonddetails/Diamonds/Product/4610,https://www.colourdiam.com/Product/Diamond/4610/still.jpg,Colour Diam,Apparel & Accessories > Jewelry,,1,,,,unisex,Fancy Intense Blue,,adult,,,,,,,,,GIA,Fine Jewelry
7106,0.33 ct Fancy Intense Yellow Orange Cushion Diamond | Colour Diam | 7106,Find your next inspiration in 0.33 ct Fancy Intense Yellow Orange Cushion Diamond. The listed clarity is I1. Measurements: 4.19 X 3.60 X 2.39 mm. GIA is listed as the grading laboratory. Ask to review the original report before purchase. Polish G and symmetry F are listed in the stock record. Quote stock 7106 for current images and availability.,in stock,new,1835940.55 KRW,https://www.colourdiam.com/diamonddetails/Diamonds/Product/7106,https://www.colourdiam.com/Product/Diamond/7106/still.jpg,Colour Diam,Apparel & Accessories > Jewelry,,1,,,,unisex,Fancy Intense Yellow Orange,,adult,,,,,,,,,GIA,Fine Jewelry
7102,0.33 ct Fancy Dark Gray Yellowish Green Cushion Diamond | Colour Diam | 7102,Make 0.33 ct Fancy Dark Gray Yellowish Green Cushion Diamond the starting point of your colour story. The listed clarity is SI2. Measurements: 4.35 x 4.12 x 2.43 mm. GIA is listed as the grading laboratory. Ask to review the original report before purchase. Polish VG and symmetry GD are listed in the stock record. Quote stock 7102 for current images and availability.,in stock,new,1478952.11 KRW,https://www.colourdiam.com/diamonddetails/Diamonds/Product/7102,https://www.colourdiam.com/Product/Diamond/7102/still.jpg,Colour Diam,Apparel & Accessories > Jewelry,,1,,,,unisex,Fancy Dark Gray Yellowish Green,,adult,,,,,,,,,GIA,Fine Jewelry
6273,0.32 ct Fancy Brownish Pink Oval Diamond | Colour Diam | 6273,Discover 0.32 ct Fancy Brownish Pink Oval Diamond with Colour Diam. The listed clarity is SI1. Measurements: 4.79 X 3.62 X 2.38 mm. GIA is listed as the grading laboratory. Ask to review the original report before purchase. Polish G and symmetry F are listed in the stock record. Quote stock 6273 for current images and availability.,in stock,new,1978117.76 KRW,https://www.colourdiam.com/diamonddetails/Diamonds/Product/6273,https://www.colourdiam.com/Product/Diamond/6273/still.jpg,Colour Diam,Apparel & Accessories > Jewelry,,1,,,,unisex,Fancy Brownish Pink,,adult,,,,,,,,,GIA,Fine Jewelry
6696,0.32 ct Fancy Vivid Yellow Orange Cushion Diamond | Colour Diam | 6696,0.32 ct Fancy Vivid Yellow Orange Cushion Diamond: a piece to explore in detail. The listed clarity is SI2. Measurements: 4.10 X 3.60 X 2.39 mm. GIA is listed as the grading laboratory. Ask to review the original report before purchase. Polish VG and symmetry VG are listed in the stock record. Quote stock 6696 for current images and availability.,in stock,new,2747111.04 KRW,https://www.colourdiam.com/diamonddetails/Diamonds/Product/6696,https://www.colourdiam.com/Product/Diamond/6696/still.jpg,Colour Diam,Apparel & Accessories > Jewelry,,1,,,,unisex,Fancy Vivid Yellow Orange,,adult,,,,,,,,,GIA,Fine Jewelry
2385,0.32 ct Fancy Vivid Yellow Radiant Diamond | Colour Diam | 2385,Colour Diam presents 0.32 ct Fancy Vivid Yellow Radiant Diamond. The listed clarity is SI2. Measurements: 3.95X3.51X2.65 mm. GIA is listed as the grading laboratory. Ask to review the original report before purchase. Polish VG and symmetry GD are listed in the stock record. Quote stock 2385 for current images and availability.,in stock,new,1384682.43 KRW,https://www.colourdiam.com/diamonddetails/Diamonds/Product/2385,https://www.colourdiam.com/Product/Diamond/2385/still.jpg,Colour Diam,Apparel & Accessories > Jewelry,,1,,,,unisex,Fancy Vivid Yellow,,adult,,,,,,,,,GIA,Fine Jewelry
333,0.32 ct Fancy Pink Oval Diamond | Colour Diam | 333,Consider 0.32 ct Fancy Pink Oval Diamond for your next jewellery consultation. The listed clarity is I1. Measurements: 5.26X3.70X2.45 mm. GIA is listed as the grading laboratory. Ask to review the original report before purchase. Polish G and symmetry GD are listed in the stock record. Quote stock 333 for current images and availability.,in stock,new,19781177.6 KRW,https://www.colourdiam.com/diamonddetails/Diamonds/Product/333,https://www.colourdiam.com/Product/Diamond/333/still.jpg,Colour Diam,Apparel & Accessories > Jewelry,,1,,,,unisex,Fancy Pink,,adult,,,,,,,,,GIA,Fine Jewelry
2992,0.32 ct M Pear Diamond | Colour Diam | 2992,Make 0.32 ct M Pear Diamond the starting point of your colour story. The listed clarity is VS2. Measurements: 6.31X4.13X2.21 mm. GIA is listed as the grading laboratory. Ask to review the original report before purchase. Polish G and symmetry GD are listed in the stock record. Quote stock 2992 for current images and availability.,in stock,new,395623.55 KRW,https://www.colourdiam.com/diamonddetails/Diamonds/Product/2992,https://www.colourdiam.com/Product/Diamond/2992/still.jpg,Colour Diam,Apparel & Accessories > Jewelry,,1,,,,unisex,M,,adult,,,,,,,,,GIA,Fine Jewelry
2056,0.31 ct Fancy Intense Purplish Pink Round Diamond | Colour Diam | 2056,Put 0.31 ct Fancy Intense Purplish Pink Round Diamond on your personal shortlist. Measurements: 4.31 x 4.34 x 2.67 mm. GIA is listed as the grading laboratory. Ask to review the original report before purchase. Quote stock 2056 for current images and availability.,in stock,new,15809488.04 KRW,https://www.colourdiam.com/diamonddetails/Diamonds/Product/2056,https://www.colourdiam.com/Product/Diamond/2056/still.jpg,Colour Diam,Apparel & Accessories > Jewelry,,1,,,,unisex,Fancy Intense Purplish Pink,,adult,,,,,,,,,GIA,Fine Jewelry
1464,0.31 ct Fancy Brownish Purplish Pink Radiant Diamond | Colour Diam | 1464,0.31 ct Fancy Brownish Purplish Pink Radiant Diamond: a piece to explore in detail. The listed clarity is I2. Measurements: 3.77 x 3.51 x 2.70 mm. GIA is listed as the grading laboratory. Ask to review the original report before purchase. Quote stock 1464 for current images and availability.,in stock,new,2155839.28 KRW,https://www.colourdiam.com/diamonddetails/Diamonds/Product/1464,https://www.colourdiam.com/Product/Diamond/1464/still.jpg,Colour Diam,Apparel & Accessories > Jewelry,,1,,,,unisex,Fancy Brownish Purplish Pink,,adult,,,,,,,,,GIA,Fine Jewelry
5787,0.31 ct Fancy Pink Heart Diamond | Colour Diam | 5787,0.31 ct Fancy Pink Heart Diamond: a piece to explore in detail. The listed clarity is SI2. Measurements: 4.11X4.37X2.38 mm. CGL is listed as the grading laboratory. Ask to review the original report before purchase. Quote stock 5787 for current images and availability.,in stock,new,8862894.81 KRW,https://www.colourdiam.com/diamonddetails/Diamonds/Product/5787,https://www.colourdiam.com/Product/Diamond/5787/still.jpg,Colour Diam,Apparel & Accessories > Jewelry,,1,,,,unisex,Fancy Pink,,adult,,,,,,,,,CGL,Fine Jewelry
6072,0.31 ct Light Pinkish Brown Pear Diamond | Colour Diam | 6072,0.31 ct Light Pinkish Brown Pear Diamond: a piece to explore in detail. The listed clarity is SI2. Measurements: 5.50 X 3.40 X 2.39 mm. GIA is listed as the grading laboratory. Ask to review the original report before purchase. Polish VG and symmetry VG are listed in the stock record. Quote stock 6072 for current images and availability.,in stock,new,1197688.49 KRW,https://www.colourdiam.com/diamonddetails/Diamonds/Product/6072,https://www.colourdiam.com/Product/Diamond/6072/still.jpg,Colour Diam,Apparel & Accessories > Jewelry,,1,,,,unisex,Light Pinkish Brown,,adult,,,,,,,,,GIA,Fine Jewelry
6404,0.31 ct Very Light Pink Pear Diamond | Colour Diam | 6404,0.31 ct Very Light Pink Pear Diamond brings its own character to your selection. The listed clarity is I1. Measurements: 5.48 X 3.56 X 2.30 mm. GIA is listed as the grading laboratory. Ask to review the original report before purchase. Polish VG and symmetry VG are listed in the stock record. Quote stock 6404 for current images and availability.,in stock,new,1197688.49 KRW,https://www.colourdiam.com/diamonddetails/Diamonds/Product/6404,https://www.colourdiam.com/Product/Diamond/6404/still.jpg,Colour Diam,Apparel & Accessories > Jewelry,,1,,,,unisex,Very Light Pink,,adult,,,,,,,,,GIA,Fine Jewelry
5771,0.31 ct Faint Pinkish Brown Heart Diamond | Colour Diam | 5771,Find your next inspiration in 0.31 ct Faint Pinkish Brown Heart Diamond. The listed clarity is VS1. Measurements: 4.00 X 4.77 X 2.74 mm. GIA is listed as the grading laboratory. Ask to review the original report before purchase. Polish EX and symmetry GD are listed in the stock record. Quote stock 5771 for current images and availability.,in stock,new,862335.71 KRW,https://www.colourdiam.com/diamonddetails/Diamonds/Product/5771,https://www.colourdiam.com/Product/Diamond/5771/still.jpg,Colour Diam,Apparel & Accessories > Jewelry,,1,,,,unisex,Faint Pinkish Brown,,adult,,,,,,,,,GIA,Fine Jewelry
3746,0.31 ct Fancy Deep Yellow Orange Oval Diamond | Colour Diam | 3746,0.31 ct Fancy Deep Yellow Orange Oval Diamond brings its own character to your selection. The listed clarity is SI2. Measurements: 5.34 x 3.47 x 2.24 mm. GIA is listed as the grading laboratory. Ask to review the original report before purchase. Polish G and symmetry GD are listed in the stock record. Quote stock 3746 for current images and availability.,in stock,new,1437226.19 KRW,https://www.colourdiam.com/diamonddetails/Diamonds/Product/3746,https://www.colourdiam.com/Product/Diamond/3746/still.jpg,Colour Diam,Apparel & Accessories > Jewelry,,1,,,,unisex,Fancy Deep Yellow Orange,,adult,,,,,,,,,GIA,Fine Jewelry
5522,0.31 ct Fancy Deep Orangy Pink Pear Diamond | Colour Diam | 5522,Find your next inspiration in 0.31 ct Fancy Deep Orangy Pink Pear Diamond. The listed clarity is I3. Measurements: 5.14X 3.60X 2.28 mm. GIA is listed as the grading laboratory. Ask to review the original report before purchase. Polish VG and symmetry GD are listed in the stock record. Quote stock 5522 for current images and availability.,in stock,new,23953769.75 KRW,https://www.colourdiam.com/diamonddetails/Diamonds/Product/5522,https://www.colourdiam.com/Product/Diamond/5522/still.jpg,Colour Diam,Apparel & Accessories > Jewelry,,1,,,,unisex,Fancy Deep Orangy Pink,,adult,,,,,,,,,GIA,Fine Jewelry
7153,0.3 ct Fancy Brownish Purple Pink Heart Diamond | Colour Diam | 7153,Make 0.3 ct Fancy Brownish Purple Pink Heart Diamond the starting point of your colour story. The listed clarity is SI1. Measurements: 3.75 X 4.68 X 2.41 mm. GIA is listed as the grading laboratory. Ask to review the original report before purchase. Polish G and symmetry GD are listed in the stock record. Quote stock 7153 for current images and availability.,in stock,new,3708970.8 KRW,https://www.colourdiam.com/diamonddetails/Diamonds/Product/7153,https://www.colourdiam.com/Product/Diamond/7153/still.jpg,Colour Diam,Apparel & Accessories > Jewelry,,1,,,,unisex,Fancy Brownish Purple Pink,,adult,,,,,,,,,GIA,Fine Jewelry
2557,0.3 ct Fancy Brown Pink Cushion Diamond | Colour Diam | 2557,Explore the details of 0.3 ct Fancy Brown Pink Cushion Diamond. Measurements: 4.15 x 4.13 x 2.43 mm. GIA is listed as the grading laboratory. Ask to review the original report before purchase. Quote stock 2557 for current images and availability.,in stock,new,1390864.05 KRW,https://www.colourdiam.com/diamonddetails/Diamonds/Product/2557,https://www.colourdiam.com/Product/Diamond/2557/still.jpg,Colour Diam,Apparel & Accessories > Jewelry,,1,,,,unisex,Fancy Brown Pink,,adult,,,,,,,,,GIA,Fine Jewelry
7135,0.3 ct Very Light Pink Radiant Diamond | Colour Diam | 7135,Make 0.3 ct Very Light Pink Radiant Diamond the starting point of your colour story. The listed clarity is SI1. Measurements: 3.78 X 3.62 X 2.5 mm. GIA is listed as the grading laboratory. Ask to review the original report before purchase. Polish VG and symmetry VG are listed in the stock record. Quote stock 7135 for current images and availability.,in stock,new,973604.84 KRW,https://www.colourdiam.com/diamonddetails/Diamonds/Product/7135,https://www.colourdiam.com/Product/Diamond/7135/still.jpg,Colour Diam,Apparel & Accessories > Jewelry,,1,,,,unisex,Very Light Pink,,adult,,,,,,,,,GIA,Fine Jewelry
1483,0.3 ct Fancy Deep Orangy Pink Cushion Diamond | Colour Diam | 1483,Your search for colour continues with 0.3 ct Fancy Deep Orangy Pink Cushion Diamond. The listed clarity is I1. Measurements: 4.71 x 3.78 x 2.28 mm. GIA is listed as the grading laboratory. Ask to review the original report before purchase. Quote stock 1483 for current images and availability.,in stock,new,16226747.25 KRW,https://www.colourdiam.com/diamonddetails/Diamonds/Product/1483,https://www.colourdiam.com/Product/Diamond/1483/still.jpg,Colour Diam,Apparel & Accessories > Jewelry,,1,,,,unisex,Fancy Deep Orangy Pink,,adult,,,,,,,,,GIA,Fine Jewelry
3380,0.3 ct N Emerald Diamond | Colour Diam | 3380,Find your next inspiration in 0.3 ct N Emerald Diamond. The listed clarity is VS1. Measurements: 4.55*3.34*2.17 mm. GIA is listed as the grading laboratory. Ask to review the original report before purchase. Polish EX and symmetry VG are listed in the stock record. Quote stock 3380 for current images and availability.,in stock,new,370897.08 KRW,https://www.colourdiam.com/diamonddetails/Diamonds/Product/3380,https://www.colourdiam.com/Product/Diamond/3380/still.jpg,Colour Diam,Apparel & Accessories > Jewelry,,1,,,,unisex,N,,adult,,,,,,,,,GIA,Fine Jewelry
2539,0.3 ct Faint Pink Cushion Diamond | Colour Diam | 2539,Explore the details of 0.3 ct Faint Pink Cushion Diamond. The listed clarity is VS2. Measurements: 3.93*3.91*2.32 mm. CGL is listed as the grading laboratory. Ask to review the original report before purchase. Quote stock 2539 for current images and availability.,in stock,new,652321.96 KRW,https://www.colourdiam.com/diamonddetails/Diamonds/Product/2539,https://www.colourdiam.com/Product/Diamond/2539/still.jpg,Colour Diam,Apparel & Accessories > Jewelry,,1,,,,unisex,Faint Pink,,adult,,,,,,,,,CGL,Fine Jewelry
2967,0.3 ct Light Yellowish Gray Marquise Diamond | Colour Diam | 2967,Discover 0.3 ct Light Yellowish Gray Marquise Diamond with Colour Diam. Measurements: 7.32*3.30*2.08 mm. CGL is listed as the grading laboratory. Ask to review the original report before purchase. Quote stock 2967 for current images and availability.,in stock,new,,https://www.colourdiam.com/diamonddetails/Diamonds/Product/2967,https://www.colourdiam.com/Product/Diamond/2967/still.jpg,Colour Diam,Apparel & Accessories > Jewelry,,1,,,,unisex,Light Yellowish Gray,,adult,,,,,,,,,CGL,Fine Jewelry
1836,0.3 ct Fancy Light Brownish Yellow Pear Diamond | Colour Diam | 1836,Colour Diam presents 0.3 ct Fancy Light Brownish Yellow Pear Diamond. The listed clarity is SI2. Measurements: 5.55X3.52X2.51 mm. GIA is listed as the grading laboratory. Ask to review the original report before purchase. Polish VG and symmetry GD are listed in the stock record. Quote stock 1836 for current images and availability.,in stock,new,254991.74 KRW,https://www.colourdiam.com/diamonddetails/Diamonds/Product/1836,https://www.colourdiam.com/Product/Diamond/1836/still.jpg,Colour Diam,Apparel & Accessories > Jewelry,,1,,,,unisex,Fancy Light Brownish Yellow,,adult,,,,,,,,,GIA,Fine Jewelry
6395,0.3 ct Light Pink Marquise Diamond | Colour Diam | 6395,Take a closer look at 0.3 ct Light Pink Marquise Diamond. The listed clarity is SI1. Measurements: 7.06 X 3.28 X 1.97 mm. GIA is listed as the grading laboratory. Ask to review the original report before purchase. Polish G and symmetry GD are listed in the stock record. Quote stock 6395 for current images and availability.,in stock,new,1761761.13 KRW,https://www.colourdiam.com/diamonddetails/Diamonds/Product/6395,https://www.colourdiam.com/Product/Diamond/6395/still.jpg,Colour Diam,Apparel & Accessories > Jewelry,,1,,,,unisex,Light Pink,,adult,,,,,,,,,GIA,Fine Jewelry
7109,0.3 ct Fancy Vivid Orange Yellow Cushion Diamond | Colour Diam | 7109,Meet 0.3 ct Fancy Vivid Orange Yellow Cushion Diamond from Colour Diam. The listed clarity is SI2. Measurements: 4.37 X 3.36 X 2.37 mm. GIA is listed as the grading laboratory. Ask to review the original report before purchase. Polish G and symmetry VG are listed in the stock record. Quote stock 7109 for current images and availability.,in stock,new,3090499.92 KRW,https://www.colourdiam.com/diamonddetails/Diamonds/Product/7109,https://www.colourdiam.com/Product/Diamond/7109/still.jpg,Colour Diam,Apparel & Accessories > Jewelry,,1,,,,unisex,Fancy Vivid Orange Yellow,,adult,,,,,,,,,GIA,Fine Jewelry
7134,0.3 ct Faint Pink Round Diamond | Colour Diam | 7134,Consider 0.3 ct Faint Pink Round Diamond for your next jewellery consultation. The listed clarity is VS1. Measurements: 4.33X4.31X2.7 mm. GIA is listed as the grading laboratory. Ask to review the original report before purchase. Polish EX and symmetry EX are listed in the stock record. Quote stock 7134 for current images and availability.,in stock,new,834518.43 KRW,https://www.colourdiam.com/diamonddetails/Diamonds/Product/7134,https://www.colourdiam.com/Product/Diamond/7134/still.jpg,Colour Diam,Apparel & Accessories > Jewelry,,1,,,,unisex,Faint Pink,,adult,,,,,,,,,GIA,Fine Jewelry
7337,0.3 ct Very Light Pinkish Brown Round Diamond | Colour Diam | 7337,Find your next inspiration in 0.3 ct Very Light Pinkish Brown Round Diamond. The listed clarity is SI2. Measurements: 4.08 X 4.06 X 2.8 mm. GIA is listed as the grading laboratory. Ask to review the original report before purchase. Polish VG and symmetry GD are listed in the stock record. Quote stock 7337 for current images and availability.,in stock,new,927242.7 KRW,https://www.colourdiam.com/diamonddetails/Diamonds/Product/7337,https://www.colourdiam.com/Product/Diamond/7337/still.jpg,Colour Diam,Apparel & Accessories > Jewelry,,1,,,,unisex,Very Light Pinkish Brown,,adult,,,,,,,,,GIA,Fine Jewelry
6322,0.3 ct Faint Pink Pear Diamond | Colour Diam | 6322,Explore the details of 0.3 ct Faint Pink Pear Diamond. The listed clarity is SI1. Measurements: 5.56 x 3.56 x 2.23 mm. GIA is listed as the grading laboratory. Ask to review the original report before purchase. Polish VG and symmetry GD are listed in the stock record. Quote stock 6322 for current images and availability.,in stock,new,1576312.59 KRW,https://www.colourdiam.com/diamonddetails/Diamonds/Product/6322,https://www.colourdiam.com/Product/Diamond/6322/still.jpg,Colour Diam,Apparel & Accessories > Jewelry,,1,,,,unisex,Faint Pink,,adult,,,,,,,,,GIA,Fine Jewelry
9257,0.3 ct Faint Yellow Green Round Diamond | Colour Diam | 9257,Meet 0.3 ct Faint Yellow Green Round Diamond from Colour Diam. The listed clarity is VS2. Measurements: 4.24 - 4.26 x 2.65 mm. GIA is listed as the grading laboratory. Ask to review the original report before purchase. Polish EX and symmetry VG are listed in the stock record. Quote stock 9257 for current images and availability.,in stock,new,463621.35 KRW,https://www.colourdiam.com/diamonddetails/Diamonds/Product/9257,https://www.colourdiam.com/Product/Diamond/9257/still.jpg,Colour Diam,Apparel & Accessories > Jewelry,,1,,,,unisex,Faint Yellow Green,,adult,,,,,,,,,GIA,Fine Jewelry
9189,0.3 ct Very Light Green Yellow Pear Diamond | Colour Diam | 9189,0.3 ct Very Light Green Yellow Pear Diamond: a piece to explore in detail. The listed clarity is SI1. Measurements: 5.97 x 3.58 x 2.35 mm. GIA is listed as the grading laboratory. Ask to review the original report before purchase. Polish EX and symmetry VG are listed in the stock record. Quote stock 9189 for current images and availability.,in stock,new,834518.43 KRW,https://www.colourdiam.com/diamonddetails/Diamonds/Product/9189,https://www.colourdiam.com/Product/Diamond/9189/still.jpg,Colour Diam,Apparel & Accessories > Jewelry,,1,,,,unisex,Very Light Green Yellow,,adult,,,,,,,,,GIA,Fine Jewelry
9245,0.3 ct Faint Pinkish Brown Marquise Diamond | Colour Diam | 9245,0.3 ct Faint Pinkish Brown Marquise Diamond brings its own character to your selection. The listed clarity is SI1. Measurements: 7.38 X 3.56 X 2.06 mm. GIA is listed as the grading laboratory. Ask to review the original report before purchase. Polish G and symmetry GD are listed in the stock record. Quote stock 9245 for current images and availability.,in stock,new,695432.03 KRW,https://www.colourdiam.com/diamonddetails/Diamonds/Product/9245,https://www.colourdiam.com/Product/Diamond/9245/still.jpg,Colour Diam,Apparel & Accessories > Jewelry,,1,,,,unisex,Faint Pinkish Brown,,adult,,,,,,,,,GIA,Fine Jewelry
7105,0.3 ct Fancy Vivid Yellowish Orange Cushion Diamond | Colour Diam | 7105,Put 0.3 ct Fancy Vivid Yellowish Orange Cushion Diamond on your personal shortlist. The listed clarity is SI2. GIA is listed as the grading laboratory. Ask to review the original report before purchase. Polish VG and symmetry VG are listed in the stock record. Quote stock 7105 for current images and availability.,in stock,new,4120666.56 KRW,https://www.colourdiam.com/diamonddetails/Diamonds/Product/7105,https://www.colourdiam.com/Product/Diamond/7105/still.jpg,Colour Diam,Apparel & Accessories > Jewelry,,1,,,,unisex,Fancy Vivid Yellowish Orange,,adult,,,,,,,,,GIA,Fine Jewelry
9191,0.3 ct Faint Yellow Green Round Diamond | Colour Diam | 9191,Find your next inspiration in 0.3 ct Faint Yellow Green Round Diamond. The listed clarity is VS2. Measurements: 4.21 - 4.24 x 2.71 mm. GIA is listed as the grading laboratory. Ask to review the original report before purchase. Polish EX and symmetry EX are listed in the stock record. Quote stock 9191 for current images and availability.,in stock,new,463621.35 KRW,https://www.colourdiam.com/diamonddetails/Diamonds/Product/9191,https://www.colourdiam.com/Product/Diamond/9191/still.jpg,Colour Diam,Apparel & Accessories > Jewelry,,1,,,,unisex,Faint Yellow Green,,adult,,,,,,,,,GIA,Fine Jewelry
3164,0.3 ct L Pear Diamond | Colour Diam | 3164,Find your next inspiration in 0.3 ct L Pear Diamond. The listed clarity is VS2. Measurements: 5.71 x 3.70 x 2.31 mm. GIA is listed as the grading laboratory. Ask to review the original report before purchase. Polish VG and symmetry GD are listed in the stock record. Quote stock 3164 for current images and availability.,in stock,new,370897.08 KRW,https://www.colourdiam.com/diamonddetails/Diamonds/Product/3164,https://www.colourdiam.com/Product/Diamond/3164/still.jpg,Colour Diam,Apparel & Accessories > Jewelry,,1,,,,unisex,L,,adult,,,,,,,,,GIA,Fine Jewelry
6287,0.3 ct Q-R Round Diamond | Colour Diam | 6287,Meet 0.3 ct Q-R Round Diamond from Colour Diam. The listed clarity is VS2. Measurements: 4.02 X 4.06 X 2.73 mm. IGI is listed as the grading laboratory. Ask to review the original report before purchase. Polish EX and symmetry GD are listed in the stock record. Quote stock 6287 for current images and availability.,in stock,new,463621.35 KRW,https://www.colourdiam.com/diamonddetails/Diamonds/Product/6287,https://www.colourdiam.com/Product/Diamond/6287/still.jpg,Colour Diam,Apparel & Accessories > Jewelry,,1,,,,unisex,Q-R,,adult,,,,,,,,,IGI,Fine Jewelry
3194,0.3 ct D Round Diamond | Colour Diam | 3194,Take a closer look at 0.3 ct D Round Diamond. The listed clarity is IF. Measurements: 4.27 X 4.29 X2.65 mm. GIA is listed as the grading laboratory. Ask to review the original report before purchase. Polish EX and symmetry EX are listed in the stock record. Quote stock 3194 for current images and availability.,in stock,new,1298139.78 KRW,https://www.colourdiam.com/diamonddetails/Diamonds/Product/3194,https://www.colourdiam.com/Product/Diamond/3194/still.jpg,Colour Diam,Apparel & Accessories > Jewelry,,1,,,,unisex,D,,adult,,,,,,,,,GIA,Fine Jewelry
7685,0.29 ct Fancy Intense Yellow Orange Marquise Diamond | Colour Diam | 7685,Find your next inspiration in 0.29 ct Fancy Intense Yellow Orange Marquise Diamond. The listed clarity is I1. Measurements: 6.30 X 2.99 X 2.22 mm. GIA is listed as the grading laboratory. Ask to review the original report before purchase. Polish VG and symmetry GD are listed in the stock record. Quote stock 7685 for current images and availability.,in stock,new,1344501.92 KRW,https://www.colourdiam.com/diamonddetails/Diamonds/Product/7685,https://www.colourdiam.com/Product/Diamond/7685/still.jpg,Colour Diam,Apparel & Accessories > Jewelry,,1,,,,unisex,Fancy Intense Yellow Orange,,adult,,,,,,,,,GIA,Fine Jewelry
6128,0.28 ct Fancy Pink Purple Radiant Diamond | Colour Diam | 6128,Take a closer look at 0.28 ct Fancy Pink Purple Radiant Diamond. The listed clarity is SI2. Measurements: 4.08 x 3.03 x 2.30 mm. GIA is listed as the grading laboratory. Ask to review the original report before purchase. Polish VG and symmetry GD are listed in the stock record. Quote stock 6128 for current images and availability.,in stock,new,3029852.87 KRW,https://www.colourdiam.com/diamonddetails/Diamonds/Product/6128,https://www.colourdiam.com/Product/Diamond/6128/still.jpg,Colour Diam,Apparel & Accessories > Jewelry,,1,,,,unisex,Fancy Pink Purple,,adult,,,,,,,,,GIA,Fine Jewelry
1318,0.28 ct Light Orangy Pink Round Diamond | Colour Diam | 1318,Explore the details of 0.28 ct Light Orangy Pink Round Diamond. The listed clarity is SI2. Measurements: 4.04x4.11x2.59 mm. CGL is listed as the grading laboratory. Ask to review the original report before purchase. Quote stock 1318 for current images and availability.,in stock,new,5841629.01 KRW,https://www.colourdiam.com/diamonddetails/Diamonds/Product/1318,https://www.colourdiam.com/Product/Diamond/1318/still.jpg,Colour Diam,Apparel & Accessories > Jewelry,,1,,,,unisex,Light Orangy Pink,,adult,,,,,,,,,CGL,Fine Jewelry
2977,0.28 ct Fancy Brownish Orangy Pink Round Diamond | Colour Diam | 2977,Put 0.28 ct Fancy Brownish Orangy Pink Round Diamond on your personal shortlist. The listed clarity is I3. Measurements: XX mm. AGT is listed as the grading laboratory. Ask to review the original report before purchase. Quote stock 2977 for current images and availability.,in stock,new,216356.63 KRW,https://www.colourdiam.com/diamonddetails/Diamonds/Product/2977,https://www.colourdiam.com/Product/Diamond/2977/still.jpg,Colour Diam,Apparel & Accessories > Jewelry,,1,,,,unisex,Fancy Brownish Orangy Pink,,adult,,,,,,,,,AGT,Fine Jewelry
6189,0.28 ct Y-Z Cushion Diamond | Colour Diam | 6189,Discover 0.28 ct Y-Z Cushion Diamond with Colour Diam. The listed clarity is VS1. Measurements: 3.70 X 3.22 X 2.42 mm. IGI is listed as the grading laboratory. Ask to review the original report before purchase. Polish G and symmetry GD are listed in the stock record. Quote stock 6189 for current images and availability.,in stock,new,346170.61 KRW,https://www.colourdiam.com/diamonddetails/Diamonds/Product/6189,https://www.colourdiam.com/Product/Diamond/6189/still.jpg,Colour Diam,Apparel & Accessories > Jewelry,,1,,,,unisex,Y-Z,,adult,,,,,,,,,IGI,Fine Jewelry
6067,0.28 ct Fancy Brown Pink Radiant Diamond | Colour Diam | 6067,Put 0.28 ct Fancy Brown Pink Radiant Diamond on your personal shortlist. The listed clarity is SI2. Measurements: 4.15 X 3.34 X 2.18 mm. GIA is listed as the grading laboratory. Ask to review the original report before purchase. Polish G and symmetry GD are listed in the stock record. Quote stock 6067 for current images and availability.,in stock,new,1709217.38 KRW,https://www.colourdiam.com/diamonddetails/Diamonds/Product/6067,https://www.colourdiam.com/Product/Diamond/6067/still.jpg,Colour Diam,Apparel & Accessories > Jewelry,,1,,,,unisex,Fancy Brown Pink,,adult,,,,,,,,,GIA,Fine Jewelry
6096,0.27 ct E Pear Diamond | Colour Diam | 6096,Consider 0.27 ct E Pear Diamond for your next jewellery consultation. The listed clarity is SI1. Measurements: 5.67 X 3.48 X 1.94 mm. GIA is listed as the grading laboratory. Ask to review the original report before purchase. Polish VG and symmetry GD are listed in the stock record. Quote stock 6096 for current images and availability.,in stock,new,1095302.08 KRW,https://www.colourdiam.com/diamonddetails/Diamonds/Product/6096,https://www.colourdiam.com/Product/Diamond/6096/still.jpg,Colour Diam,Apparel & Accessories > Jewelry,,1,,,,unisex,E,,adult,,,,,,,,,GIA,Fine Jewelry
606,0.27 ct Fancy Brownish Pink Pear Diamond | Colour Diam | 606,Discover 0.27 ct Fancy Brownish Pink Pear Diamond with Colour Diam. The listed clarity is I1. Measurements: 5.19X3.51X2.32 mm. GIA is listed as the grading laboratory. Ask to review the original report before purchase. Polish VG and symmetry GD are listed in the stock record. Quote stock 606 for current images and availability.,in stock,new,3338073.72 KRW,https://www.colourdiam.com/diamonddetails/Diamonds/Product/606,https://www.colourdiam.com/Product/Diamond/606/still.jpg,Colour Diam,Apparel & Accessories > Jewelry,,1,,,,unisex,Fancy Brownish Pink,,adult,,,,,,,,,GIA,Fine Jewelry
5461,0.27 ct Fancy Dark Gray Green Oval Diamond | Colour Diam | 5461,Your search for colour continues with 0.27 ct Fancy Dark Gray Green Oval Diamond. The listed clarity is SI1. Measurements: 4.64X 3.36X 2.20 mm. GIA is listed as the grading laboratory. Ask to review the original report before purchase. Polish G and symmetry GD are listed in the stock record. Quote stock 5461 for current images and availability.,in stock,new,24326212.23 KRW,https://www.colourdiam.com/diamonddetails/Diamonds/Product/5461,https://www.colourdiam.com/Product/Diamond/5461/still.jpg,Colour Diam,Apparel & Accessories > Jewelry,,1,,,,unisex,Fancy Dark Gray Green,,adult,,,,,,,,,GIA,Fine Jewelry
2237,0.27 ct Fancy Purple Pink Cushion Diamond | Colour Diam | 2237,Find your next inspiration in 0.27 ct Fancy Purple Pink Cushion Diamond. The listed clarity is I1. Measurements: 3.91X3.41X2.31 mm. GIA is listed as the grading laboratory. Ask to review the original report before purchase. Polish VG and symmetry GD are listed in the stock record. Quote stock 2237 for current images and availability.,in stock,new,3004266.35 KRW,https://www.colourdiam.com/diamonddetails/Diamonds/Product/2237,https://www.colourdiam.com/Product/Diamond/2237/still.jpg,Colour Diam,Apparel & Accessories > Jewelry,,1,,,,unisex,Fancy Purple Pink,,adult,,,,,,,,,GIA,Fine Jewelry
2960,0.27 ct Fancy Light Yellowish Gray Marquise Diamond | Colour Diam | 2960,Take a closer look at 0.27 ct Fancy Light Yellowish Gray Marquise Diamond. The listed clarity is SI2. Measurements: 6.96*3.09*2.03 mm. CGL is listed as the grading laboratory. Ask to review the original report before purchase. Quote stock 2960 for current images and availability.,in stock,new,,https://www.colourdiam.com/diamonddetails/Diamonds/Product/2960,https://www.colourdiam.com/Product/Diamond/2960/still.jpg,Colour Diam,Apparel & Accessories > Jewelry,,1,,,,unisex,Fancy Light Yellowish Gray,,adult,,,,,,,,,CGL,Fine Jewelry
2494,0.26 ct Fancy Light Brownish Pink Marquise Diamond | Colour Diam | 2494,Explore the details of 0.26 ct Fancy Light Brownish Pink Marquise Diamond. The listed clarity is I1. CGL is listed as the grading laboratory. Ask to review the original report before purchase. Quote stock 2494 for current images and availability.,in stock,new,803610.34 KRW,https://www.colourdiam.com/diamonddetails/Diamonds/Product/2494,https://www.colourdiam.com/Product/Diamond/2494/still.jpg,Colour Diam,Apparel & Accessories > Jewelry,,1,,,,unisex,Fancy Light Brownish Pink,,adult,,,,,,,,,CGL,Fine Jewelry
1321,0.26 ct Fancy Deep Pink Oval Diamond | Colour Diam | 1321,Explore the details of 0.26 ct Fancy Deep Pink Oval Diamond. The listed clarity is SI2. Measurements: 4.42x3.43x2.15 mm. CGL is listed as the grading laboratory. Ask to review the original report before purchase. Quote stock 1321 for current images and availability.,in stock,new,5424369.8 KRW,https://www.colourdiam.com/diamonddetails/Diamonds/Product/1321,https://www.colourdiam.com/Product/Diamond/1321/still.jpg,Colour Diam,Apparel & Accessories > Jewelry,,1,,,,unisex,Fancy Deep Pink,,adult,,,,,,,,,CGL,Fine Jewelry
423,0.26 ct Fancy Deep Brownish Orangy Pink Cushion Diamond | Colour Diam | 423,0.26 ct Fancy Deep Brownish Orangy Pink Cushion Diamond: a piece to explore in detail. The listed clarity is VS2. Measurements: 3.29X3.19X2.58 mm. GIA is listed as the grading laboratory. Ask to review the original report before purchase. Polish VG and symmetry GD are listed in the stock record. Quote stock 423 for current images and availability.,in stock,new,8036103.4 KRW,https://www.colourdiam.com/diamonddetails/Diamonds/Product/423,https://www.colourdiam.com/Product/Diamond/423/still.jpg,Colour Diam,Apparel & Accessories > Jewelry,,1,,,,unisex,Fancy Deep Brownish Orangy Pink,,adult,,,,,,,,,GIA,Fine Jewelry
2529,0.26 ct Fancy Light Blue Radiant Diamond | Colour Diam | 2529,Colour Diam presents 0.26 ct Fancy Light Blue Radiant Diamond. The listed clarity is VS2. Measurements: 3.80X3.47X2.35 mm. GIA is listed as the grading laboratory. Ask to review the original report before purchase. Polish VG and symmetry VG are listed in the stock record. Quote stock 2529 for current images and availability.,in stock,new,14063180.95 KRW,https://www.colourdiam.com/diamonddetails/Diamonds/Product/2529,https://www.colourdiam.com/Product/Diamond/2529/still.jpg,Colour Diam,Apparel & Accessories > Jewelry,,1,,,,unisex,Fancy Light Blue,,adult,,,,,,,,,GIA,Fine Jewelry
2666,0.25 ct Fancy Orangy Pink Round Diamond | Colour Diam | 2666,Find your next inspiration in 0.25 ct Fancy Orangy Pink Round Diamond. The listed clarity is I1. Measurements: 3.87X3.93X2.52 mm. CGL is listed as the grading laboratory. Ask to review the original report before purchase. Quote stock 2666 for current images and availability.,in stock,new,2897633.44 KRW,https://www.colourdiam.com/diamonddetails/Diamonds/Product/2666,https://www.colourdiam.com/Product/Diamond/2666/still.jpg,Colour Diam,Apparel & Accessories > Jewelry,,1,,,,unisex,Fancy Orangy Pink,,adult,,,,,,,,,CGL,Fine Jewelry
6071,0.25 ct Fancy Pinkish Brown Pear Diamond | Colour Diam | 6071,Find your next inspiration in 0.25 ct Fancy Pinkish Brown Pear Diamond. The listed clarity is SI2. Measurements: 5.65 X 3.41 X 2.01 mm. GIA is listed as the grading laboratory. Ask to review the original report before purchase. Polish G and symmetry GD are listed in the stock record. Quote stock 6071 for current images and availability.,in stock,new,965877.81 KRW,https://www.colourdiam.com/diamonddetails/Diamonds/Product/6071,https://www.colourdiam.com/Product/Diamond/6071/still.jpg,Colour Diam,Apparel & Accessories > Jewelry,,1,,,,unisex,Fancy Pinkish Brown,,adult,,,,,,,,,GIA,Fine Jewelry
7157,0.25 ct Fancy Brownish Pink Oval Diamond | Colour Diam | 7157,Find your next inspiration in 0.25 ct Fancy Brownish Pink Oval Diamond. The listed clarity is VS2. Measurements: 4.72 X 3.31 X 2.01 mm. GIA is listed as the grading laboratory. Ask to review the original report before purchase. Polish G and symmetry GD are listed in the stock record. Quote stock 7157 for current images and availability.,in stock,new,1506769.39 KRW,https://www.colourdiam.com/diamonddetails/Diamonds/Product/7157,https://www.colourdiam.com/Product/Diamond/7157/still.jpg,Colour Diam,Apparel & Accessories > Jewelry,,1,,,,unisex,Fancy Brownish Pink,,adult,,,,,,,,,GIA,Fine Jewelry
7155,0.25 ct Fancy Deep Brownish Orangy Pink Emerald Diamond | Colour Diam | 7155,Colour Diam presents 0.25 ct Fancy Deep Brownish Orangy Pink Emerald Diamond. The listed clarity is SI2. Measurements: 4.09 X 3.09 X 1.98 mm. GIA is listed as the grading laboratory. Ask to review the original report before purchase. Polish VG and symmetry GD are listed in the stock record. Quote stock 7155 for current images and availability.,in stock,new,3863511.25 KRW,https://www.colourdiam.com/diamonddetails/Diamonds/Product/7155,https://www.colourdiam.com/Product/Diamond/7155/still.jpg,Colour Diam,Apparel & Accessories > Jewelry,,1,,,,unisex,Fancy Deep Brownish Orangy Pink,,adult,,,,,,,,,GIA,Fine Jewelry
7154,0.25 ct Fancy Brownish Orangy Pink Pear Diamond | Colour Diam | 7154,Take a closer look at 0.25 ct Fancy Brownish Orangy Pink Pear Diamond. The listed clarity is VS2. Measurements: 5.12 X 3.17 X 2.06 mm. GIA is listed as the grading laboratory. Ask to review the original report before purchase. Polish G and symmetry VG are listed in the stock record. Quote stock 7154 for current images and availability.,in stock,new,3863511.25 KRW,https://www.colourdiam.com/diamonddetails/Diamonds/Product/7154,https://www.colourdiam.com/Product/Diamond/7154/still.jpg,Colour Diam,Apparel & Accessories > Jewelry,,1,,,,unisex,Fancy Brownish Orangy Pink,,adult,,,,,,,,,GIA,Fine Jewelry
2887,0.25 ct Fancy Gray Blue Cushion Diamond | Colour Diam | 2887,Explore the details of 0.25 ct Fancy Gray Blue Cushion Diamond. The listed clarity is SI2. Measurements: 3.63X3.60X2.22 mm. GIA is listed as the grading laboratory. Ask to review the original report before purchase. Polish EX and symmetry VG are listed in the stock record. Quote stock 2887 for current images and availability.,in stock,new,7727022.5 KRW,https://www.colourdiam.com/diamonddetails/Diamonds/Product/2887,https://www.colourdiam.com/Product/Diamond/2887/still.jpg,Colour Diam,Apparel & Accessories > Jewelry,,1,,,,unisex,Fancy Gray Blue,,adult,,,,,,,,,GIA,Fine Jewelry
1583,0.25 ct Fancy Pinkish Purple Radiant Diamond | Colour Diam | 1583,Meet 0.25 ct Fancy Pinkish Purple Radiant Diamond from Colour Diam. The listed clarity is I2. Measurements: 4.02X3.25X2.09 mm. GIA is listed as the grading laboratory. Ask to review the original report before purchase. Polish VG and symmetry VG are listed in the stock record. Quote stock 1583 for current images and availability.,in stock,new,5602091.31 KRW,https://www.colourdiam.com/diamonddetails/Diamonds/Product/1583,https://www.colourdiam.com/Product/Diamond/1583/still.jpg,Colour Diam,Apparel & Accessories > Jewelry,,1,,,,unisex,Fancy Pinkish Purple,,adult,,,,,,,,,GIA,Fine Jewelry
7156,0.25 ct Fancy Purple Pink Pear Diamond | Colour Diam | 7156,Put 0.25 ct Fancy Purple Pink Pear Diamond on your personal shortlist. The listed clarity is SI2. Measurements: 5.01 X 3.34 X 2.15 mm. GIA is listed as the grading laboratory. Ask to review the original report before purchase. Polish VG and symmetry VG are listed in the stock record. Quote stock 7156 for current images and availability.,in stock,new,3863121.54 KRW,https://www.colourdiam.com/diamonddetails/Diamonds/Product/7156,https://www.colourdiam.com/Product/Diamond/7156/still.jpg,Colour Diam,Apparel & Accessories > Jewelry,,1,,,,unisex,Fancy Purple Pink,,adult,,,,,,,,,GIA,Fine Jewelry
7098,0.25 ct Faint Yellow Green Round Diamond | Colour Diam | 7098,Discover 0.25 ct Faint Yellow Green Round Diamond with Colour Diam. The listed clarity is SI1. Measurements: 4.21 x 4.23 x 2.37 mm. GIA is listed as the grading laboratory. Ask to review the original report before purchase. Polish G and symmetry VG are listed in the stock record. Quote stock 7098 for current images and availability.,in stock,new,270445.79 KRW,https://www.colourdiam.com/diamonddetails/Diamonds/Product/7098,https://www.colourdiam.com/Product/Diamond/7098/still.jpg,Colour Diam,Apparel & Accessories > Jewelry,,1,,,,unisex,Faint Yellow Green,,adult,,,,,,,,,GIA,Fine Jewelry
5601,0.25 ct Very Light Pink Cushion Diamond | Colour Diam | 5601,Colour Diam presents 0.25 ct Very Light Pink Cushion Diamond. The listed clarity is VS1. Measurements: 4.07X2.80X2.22 mm. GIA is listed as the grading laboratory. Ask to review the original report before purchase. Polish VG and symmetry VG are listed in the stock record. Quote stock 5601 for current images and availability.,in stock,new,1352228.94 KRW,https://www.colourdiam.com/diamonddetails/Diamonds/Product/5601,https://www.colourdiam.com/Product/Diamond/5601/still.jpg,Colour Diam,Apparel & Accessories > Jewelry,,1,,,,unisex,Very Light Pink,,adult,,,,,,,,,GIA,Fine Jewelry
1327,0.25 ct Fancy Light Pink Round Diamond | Colour Diam | 1327,Put 0.25 ct Fancy Light Pink Round Diamond on your personal shortlist. The listed clarity is VS2. Measurements: 4.04X4.01X2.51 mm. GIA is listed as the grading laboratory. Ask to review the original report before purchase. Polish EX and symmetry EX are listed in the stock record. Quote stock 1327 for current images and availability.,in stock,new,5795266.88 KRW,https://www.colourdiam.com/diamonddetails/Diamonds/Product/1327,https://www.colourdiam.com/Product/Diamond/1327/still.jpg,Colour Diam,Apparel & Accessories > Jewelry,,1,,,,unisex,Fancy Light Pink,,adult,,,,,,,,,GIA,Fine Jewelry
314,0.25 ct Fancy Brownish Orangy Pink Pear Diamond | Colour Diam | 314,0.25 ct Fancy Brownish Orangy Pink Pear Diamond brings its own character to your selection. The listed clarity is SI2. Measurements: 4.51X3.61X2.06 mm. GIA is listed as the grading laboratory. Ask to review the original report before purchase. Polish G and symmetry GD are listed in the stock record. Quote stock 314 for current images and availability.,in stock,new,4636213.5 KRW,https://www.colourdiam.com/diamonddetails/Diamonds/Product/314,https://www.colourdiam.com/Product/Diamond/314/still.jpg,Colour Diam,Apparel & Accessories > Jewelry,,1,,,,unisex,Fancy Brownish Orangy Pink,,adult,,,,,,,,,GIA,Fine Jewelry
5755,0.25 ct Fancy Pinkish Purple Cushion Diamond | Colour Diam | 5755,Your search for colour continues with 0.25 ct Fancy Pinkish Purple Cushion Diamond. The listed clarity is SI1. Measurements: 3.38 X 3.30 X 2.50 mm. GIA is listed as the grading laboratory. Ask to review the original report before purchase. Polish G and symmetry GD are listed in the stock record. Quote stock 5755 for current images and availability.,in stock,new,6954320.25 KRW,https://www.colourdiam.com/diamonddetails/Diamonds/Product/5755,https://www.colourdiam.com/Product/Diamond/5755/still.jpg,Colour Diam,Apparel & Accessories > Jewelry,,1,,,,unisex,Fancy Pinkish Purple,,adult,,,,,,,,,GIA,Fine Jewelry
1460,0.24 ct Fancy Deep Orangy Pink Radiant Diamond | Colour Diam | 1460,Take a closer look at 0.24 ct Fancy Deep Orangy Pink Radiant Diamond. Measurements: 4.01 x 3.26 x 2.31 mm. GIA is listed as the grading laboratory. Ask to review the original report before purchase. Quote stock 1460 for current images and availability.,in stock,new,7417941.6 KRW,https://www.colourdiam.com/diamonddetails/Diamonds/Product/1460,https://www.colourdiam.com/Product/Diamond/1460/still.jpg,Colour Diam,Apparel & Accessories > Jewelry,,1,,,,unisex,Fancy Deep Orangy Pink,,adult,,,,,,,,,GIA,Fine Jewelry
6289,0.24 ct M Round Diamond | Colour Diam | 6289,Explore the details of 0.24 ct M Round Diamond. The listed clarity is VVS2. Measurements: 3.99-4.00x2.51 mm. GIA is listed as the grading laboratory. Ask to review the original report before purchase. Polish VG and symmetry VG are listed in the stock record. Quote stock 6289 for current images and availability.,in stock,new,370897.08 KRW,https://www.colourdiam.com/diamonddetails/Diamonds/Product/6289,https://www.colourdiam.com/Product/Diamond/6289/still.jpg,Colour Diam,Apparel & Accessories > Jewelry,,1,,,,unisex,M,,adult,,,,,,,,,GIA,Fine Jewelry
2964,0.23 ct Fancy Light Brown Pink Round Diamond | Colour Diam | 2964,0.23 ct Fancy Light Brown Pink Round Diamond: a piece to explore in detail. The listed clarity is I1. Measurements: 3.61x3.22x2.26 mm. CGL is listed as the grading laboratory. Ask to review the original report before purchase. Quote stock 2964 for current images and availability.,in stock,new,,https://www.colourdiam.com/diamonddetails/Diamonds/Product/2964,https://www.colourdiam.com/Product/Diamond/2964/still.jpg,Colour Diam,Apparel & Accessories > Jewelry,,1,,,,unisex,Fancy Light Brown Pink,,adult,,,,,,,,,CGL,Fine Jewelry
2558,0.23 ct Fancy Light Grayish Blue Pear Diamond | Colour Diam | 2558,0.23 ct Fancy Light Grayish Blue Pear Diamond brings its own character to your selection. The listed clarity is VS1. Measurements: 4.56X3.20X2.21 mm. GIA is listed as the grading laboratory. Ask to review the original report before purchase. Polish G and symmetry F are listed in the stock record. Quote stock 2558 for current images and availability.,in stock,new,6397974.63 KRW,https://www.colourdiam.com/diamonddetails/Diamonds/Product/2558,https://www.colourdiam.com/Product/Diamond/2558/still.jpg,Colour Diam,Apparel & Accessories > Jewelry,,1,,,,unisex,Fancy Light Grayish Blue,,adult,,,,,,,,,GIA,Fine Jewelry
6852,0.23 ct Fancy Deep Orangy Pink Shield Diamond | Colour Diam | 6852,Consider 0.23 ct Fancy Deep Orangy Pink Shield Diamond for your next jewellery consultation. The listed clarity is SI2. Measurements: 3.84 X 5.19 X 1.80 mm. GIA is listed as the grading laboratory. Ask to review the original report before purchase. Polish G and symmetry VG are listed in the stock record. Quote stock 6852 for current images and availability.,in stock,new,1777215.18 KRW,https://www.colourdiam.com/diamonddetails/Diamonds/Product/6852,https://www.colourdiam.com/Product/Diamond/6852/still.jpg,Colour Diam,Apparel & Accessories > Jewelry,,1,,,,unisex,Fancy Deep Orangy Pink,,adult,,,,,,,,,GIA,Fine Jewelry
6856,0.23 ct Fancy Intense Pink Radiant Diamond | Colour Diam | 6856,Put 0.23 ct Fancy Intense Pink Radiant Diamond on your personal shortlist. The listed clarity is SI2. Measurements: 3.55X3.54X2.15 mm. GIA is listed as the grading laboratory. Ask to review the original report before purchase. Polish VG and symmetry GD are listed in the stock record. Quote stock 6856 for current images and availability.,in stock,new,15994936.58 KRW,https://www.colourdiam.com/diamonddetails/Diamonds/Product/6856,https://www.colourdiam.com/Product/Diamond/6856/still.jpg,Colour Diam,Apparel & Accessories > Jewelry,,1,,,,unisex,Fancy Intense Pink,,adult,,,,,,,,,GIA,Fine Jewelry
6330,0.22 ct E Other Diamond | Colour Diam | 6330,Colour Diam presents 0.22 ct E Other Diamond. The listed clarity is VVS2. Measurements: 3.56 X 3.51 X 2.51 mm. GIA is listed as the grading laboratory. Ask to review the original report before purchase. Polish EX and symmetry VG are listed in the stock record. Quote stock 6330 for current images and availability.,in stock,new,781974.68 KRW,https://www.colourdiam.com/diamonddetails/Diamonds/Product/6330,https://www.colourdiam.com/Product/Diamond/6330/still.jpg,Colour Diam,Apparel & Accessories > Jewelry,,1,,,,unisex,E,,adult,,,,,,,,,GIA,Fine Jewelry
2972,0.22 ct Fancy Brownish Greenish Yellow Round Diamond | Colour Diam | 2972,0.22 ct Fancy Brownish Greenish Yellow Round Diamond brings its own character to your selection. The listed clarity is SI2. CGL is listed as the grading laboratory. Ask to review the original report before purchase. Quote stock 2972 for current images and availability.,in stock,new,,https://www.colourdiam.com/diamonddetails/Diamonds/Product/2972,https://www.colourdiam.com/Product/Diamond/2972/still.jpg,Colour Diam,Apparel & Accessories > Jewelry,,1,,,,unisex,Fancy Brownish Greenish Yellow,,adult,,,,,,,,,CGL,Fine Jewelry
1059,0.22 ct Fancy Pink Round Diamond | Colour Diam | 1059,Consider 0.22 ct Fancy Pink Round Diamond for your next jewellery consultation. The listed clarity is SI2. Measurements: 3.50x3.54x2.56 mm. GIA is listed as the grading laboratory. Ask to review the original report before purchase. Polish G and symmetry F are listed in the stock record. Quote stock 1059 for current images and availability.,in stock,new,6799779.8 KRW,https://www.colourdiam.com/diamonddetails/Diamonds/Product/1059,https://www.colourdiam.com/Product/Diamond/1059/still.jpg,Colour Diam,Apparel & Accessories > Jewelry,,1,,,,unisex,Fancy Pink,,adult,,,,,,,,,GIA,Fine Jewelry
2785,0.21 ct Fancy Brownish Pink Round Diamond | Colour Diam | 2785,Your search for colour continues with 0.21 ct Fancy Brownish Pink Round Diamond. Measurements: 3.69 x 3.73 x 2.45 mm. GIA is listed as the grading laboratory. Ask to review the original report before purchase. Quote stock 2785 for current images and availability.,in stock,new,2596279.56 KRW,https://www.colourdiam.com/diamonddetails/Diamonds/Product/2785,https://www.colourdiam.com/Product/Diamond/2785/still.jpg,Colour Diam,Apparel & Accessories > Jewelry,,1,,,,unisex,Fancy Brownish Pink,,adult,,,,,,,,,GIA,Fine Jewelry
79,0.21 ct Fancy Intense Purplish Pink Round Diamond | Colour Diam | 79,Your search for colour continues with 0.21 ct Fancy Intense Purplish Pink Round Diamond. Measurements: 3.51 X 3.55 X 2.48 mm. GIA is listed as the grading laboratory. Ask to review the original report before purchase. Quote stock 79 for current images and availability.,in stock,new,9736048.35 KRW,https://www.colourdiam.com/diamonddetails/Diamonds/Product/79,https://www.colourdiam.com/Product/Diamond/79/still.jpg,Colour Diam,Apparel & Accessories > Jewelry,,1,,,,unisex,Fancy Intense Purplish Pink,,adult,,,,,,,,,GIA,Fine Jewelry
5759,0.21 ct Fancy Light Pink Round Diamond | Colour Diam | 5759,0.21 ct Fancy Light Pink Round Diamond brings its own character to your selection. The listed clarity is SI1. Measurements: 3.85 X 3.90 mm. AGT is listed as the grading laboratory. Ask to review the original report before purchase. Quote stock 5759 for current images and availability.,in stock,new,4056686.81 KRW,https://www.colourdiam.com/diamonddetails/Diamonds/Product/5759,https://www.colourdiam.com/Product/Diamond/5759/still.jpg,Colour Diam,Apparel & Accessories > Jewelry,,1,,,,unisex,Fancy Light Pink,,adult,,,,,,,,,AGT,Fine Jewelry
2562,0.21 ct Fancy Orangy Pink Round Diamond | Colour Diam | 2562,Consider 0.21 ct Fancy Orangy Pink Round Diamond for your next jewellery consultation. The listed clarity is SI1. Measurements: 3.88X3.85X2.37 mm. GIA is listed as the grading laboratory. Ask to review the original report before purchase. Polish G and symmetry GD are listed in the stock record. Quote stock 2562 for current images and availability.,in stock,new,14604072.53 KRW,https://www.colourdiam.com/diamonddetails/Diamonds/Product/2562,https://www.colourdiam.com/Product/Diamond/2562/still.jpg,Colour Diam,Apparel & Accessories > Jewelry,,1,,,,unisex,Fancy Orangy Pink,,adult,,,,,,,,,GIA,Fine Jewelry
221,0.21 ct Fancy Light Purplish Pink Round Diamond | Colour Diam | 221,Take a closer look at 0.21 ct Fancy Light Purplish Pink Round Diamond. The listed clarity is SI1. Measurements: 3.50X3.46X2.57 mm. GIA is listed as the grading laboratory. Ask to review the original report before purchase. Polish G and symmetry GD are listed in the stock record. Quote stock 221 for current images and availability.,in stock,new,3245349.45 KRW,https://www.colourdiam.com/diamonddetails/Diamonds/Product/221,https://www.colourdiam.com/Product/Diamond/221/still.jpg,Colour Diam,Apparel & Accessories > Jewelry,,1,,,,unisex,Fancy Light Purplish Pink,,adult,,,,,,,,,GIA,Fine Jewelry
408,0.21 ct Fancy Intense Pink Pear Diamond | Colour Diam | 408,Discover 0.21 ct Fancy Intense Pink Pear Diamond with Colour Diam. The listed clarity is I1. Measurements: 4.25X3.31X2.07 mm. GIA is listed as the grading laboratory. Ask to review the original report before purchase. Polish VG and symmetry GD are listed in the stock record. Quote stock 408 for current images and availability.,in stock,new,6490698.9 KRW,https://www.colourdiam.com/diamonddetails/Diamonds/Product/408,https://www.colourdiam.com/Product/Diamond/408/still.jpg,Colour Diam,Apparel & Accessories > Jewelry,,1,,,,unisex,Fancy Intense Pink,,adult,,,,,,,,,GIA,Fine Jewelry
6329,0.21 ct D Other Diamond | Colour Diam | 6329,Find your next inspiration in 0.21 ct D Other Diamond. The listed clarity is VS2. Measurements: 3.43 X 3.42 X 2.35 mm. GIA is listed as the grading laboratory. Ask to review the original report before purchase. Polish EX and symmetry VG are listed in the stock record. Quote stock 6329 for current images and availability.,in stock,new,713976.88 KRW,https://www.colourdiam.com/diamonddetails/Diamonds/Product/6329,https://www.colourdiam.com/Product/Diamond/6329/still.jpg,Colour Diam,Apparel & Accessories > Jewelry,,1,,,,unisex,D,,adult,,,,,,,,,GIA,Fine Jewelry
2969,0.2 ct Fancy Light Brownish Greenish Yellow Round Diamond | Colour Diam | 2969,0.2 ct Fancy Light Brownish Greenish Yellow Round Diamond brings its own character to your selection. The listed clarity is SI2. Measurements: 3.35x3.33x2.04 mm. CGL is listed as the grading laboratory. Ask to review the original report before purchase. Quote stock 2969 for current images and availability.,in stock,new,,https://www.colourdiam.com/diamonddetails/Diamonds/Product/2969,https://www.colourdiam.com/Product/Diamond/2969/still.jpg,Colour Diam,Apparel & Accessories > Jewelry,,1,,,,unisex,Fancy Light Brownish Greenish Yellow,,adult,,,,,,,,,CGL,Fine Jewelry
305,0.2 ct Fancy Light Pink Round Diamond | Colour Diam | 305,Find your next inspiration in 0.2 ct Fancy Light Pink Round Diamond. The listed clarity is I1. Measurements: 3.65X3.62X2.40 mm. GIA is listed as the grading laboratory. Ask to review the original report before purchase. Polish VG and symmetry F are listed in the stock record. Quote stock 305 for current images and availability.,in stock,new,2627187.65 KRW,https://www.colourdiam.com/diamonddetails/Diamonds/Product/305,https://www.colourdiam.com/Product/Diamond/305/still.jpg,Colour Diam,Apparel & Accessories > Jewelry,,1,,,,unisex,Fancy Light Pink,,adult,,,,,,,,,GIA,Fine Jewelry
3761,0.2 ct Fancy Gray Cushion Diamond | Colour Diam | 3761,Meet 0.2 ct Fancy Gray Cushion Diamond from Colour Diam. The listed clarity is VS1. Measurements: 3.49*3.47*2.11 mm. GIA is listed as the grading laboratory. Ask to review the original report before purchase. Polish VG and symmetry GD are listed in the stock record. Quote stock 3761 for current images and availability.,in stock,new,1545404.5 KRW,https://www.colourdiam.com/diamonddetails/Diamonds/Product/3761,https://www.colourdiam.com/Product/Diamond/3761/still.jpg,Colour Diam,Apparel & Accessories > Jewelry,,1,,,,unisex,Fancy Gray,,adult,,,,,,,,,GIA,Fine Jewelry
2541,0.2 ct Fancy Light Brownish Pink Heart Diamond | Colour Diam | 2541,Discover 0.2 ct Fancy Light Brownish Pink Heart Diamond with Colour Diam. The listed clarity is SI1. Measurements: 3.71X4.39X2.05 mm. GIA is listed as the grading laboratory. Ask to review the original report before purchase. Polish G and symmetry GD are listed in the stock record. Quote stock 2541 for current images and availability.,in stock,new,1174507.42 KRW,https://www.colourdiam.com/diamonddetails/Diamonds/Product/2541,https://www.colourdiam.com/Product/Diamond/2541/still.jpg,Colour Diam,Apparel & Accessories > Jewelry,,1,,,,unisex,Fancy Light Brownish Pink,,adult,,,,,,,,,GIA,Fine Jewelry
8911,0.19 ct Fancy Light Orangy Pink Cushion Diamond | Colour Diam | 8911,Explore the details of 0.19 ct Fancy Light Orangy Pink Cushion Diamond. The listed clarity is SI2. Measurements: 3.13 x 3.11 x 2.11 mm. GIA is listed as the grading laboratory. Ask to review the original report before purchase. Polish VG and symmetry GD are listed in the stock record. Quote stock 8911 for current images and availability.,in stock,new,2349014.84 KRW,https://www.colourdiam.com/diamonddetails/Diamonds/Product/8911,https://www.colourdiam.com/Product/Diamond/8911/still.jpg,Colour Diam,Apparel & Accessories > Jewelry,,1,,,,unisex,Fancy Light Orangy Pink,,adult,,,,,,,,,GIA,Fine Jewelry
402,0.19 ct Fancy Deep Pink Marquise Diamond | Colour Diam | 402,Colour Diam presents 0.19 ct Fancy Deep Pink Marquise Diamond. The listed clarity is I1. Measurements: 4.81X2.83X2.32 mm. GIA is listed as the grading laboratory. Ask to review the original report before purchase. Polish G and symmetry F are listed in the stock record. Quote stock 402 for current images and availability.,in stock,new,7340671.38 KRW,https://www.colourdiam.com/diamonddetails/Diamonds/Product/402,https://www.colourdiam.com/Product/Diamond/402/still.jpg,Colour Diam,Apparel & Accessories > Jewelry,,1,,,,unisex,Fancy Deep Pink,,adult,,,,,,,,,GIA,Fine Jewelry
2499,0.19 ct Fancy Pink Purple Pear Diamond | Colour Diam | 2499,Colour Diam presents 0.19 ct Fancy Pink Purple Pear Diamond. The listed clarity is VS2. Measurements: 4.35X2.97X1.97 mm. GIA is listed as the grading laboratory. Ask to review the original report before purchase. Polish VG and symmetry F are listed in the stock record. Quote stock 2499 for current images and availability.,in stock,new,2609758.17 KRW,https://www.colourdiam.com/diamonddetails/Diamonds/Product/2499,https://www.colourdiam.com/Product/Diamond/2499/still.jpg,Colour Diam,Apparel & Accessories > Jewelry,,1,,,,unisex,Fancy Pink Purple,,adult,,,,,,,,,GIA,Fine Jewelry
5404,0.18 ct Fancy Orangy Pink Cushion Diamond | Colour Diam | 5404,Put 0.18 ct Fancy Orangy Pink Cushion Diamond on your personal shortlist. The listed clarity is SI1. Measurements: 2.99 X 2.99 X 2.14 mm. GIA is listed as the grading laboratory. Ask to review the original report before purchase. Polish VG and symmetry GD are listed in the stock record. Quote stock 5404 for current images and availability.,in stock,new,2225382.48 KRW,https://www.colourdiam.com/diamonddetails/Diamonds/Product/5404,https://www.colourdiam.com/Product/Diamond/5404/still.jpg,Colour Diam,Apparel & Accessories > Jewelry,,1,,,,unisex,Fancy Orangy Pink,,adult,,,,,,,,,GIA,Fine Jewelry
286,0.18 ct Fancy Deep Brown Pink Radiant Diamond | Colour Diam | 286,Make 0.18 ct Fancy Deep Brown Pink Radiant Diamond the starting point of your colour story. Measurements: 3.39 x 3.11 x 2.08 mm. GIA is listed as the grading laboratory. Ask to review the original report before purchase. Quote stock 286 for current images and availability.,in stock,new,3616246.53 KRW,https://www.colourdiam.com/diamonddetails/Diamonds/Product/286,https://www.colourdiam.com/Product/Diamond/286/still.jpg,Colour Diam,Apparel & Accessories > Jewelry,,1,,,,unisex,Fancy Deep Brown Pink,,adult,,,,,,,,,GIA,Fine Jewelry
304,0.18 ct Fancy Light Pinkish Purple Round Diamond | Colour Diam | 304,Put 0.18 ct Fancy Light Pinkish Purple Round Diamond on your personal shortlist. Measurements: 3.64 x 3.69 x 2.18 mm. GIA is listed as the grading laboratory. Ask to review the original report before purchase. Quote stock 304 for current images and availability.,in stock,new,2503555.29 KRW,https://www.colourdiam.com/diamonddetails/Diamonds/Product/304,https://www.colourdiam.com/Product/Diamond/304/still.jpg,Colour Diam,Apparel & Accessories > Jewelry,,1,,,,unisex,Fancy Light Pinkish Purple,,adult,,,,,,,,,GIA,Fine Jewelry
5758,0.18 ct Fancy Purple Pink Round Diamond | Colour Diam | 5758,Explore the details of 0.18 ct Fancy Purple Pink Round Diamond. The listed clarity is SI2. Measurements: 3.67 X 3.68 mm. AGT is listed as the grading laboratory. Ask to review the original report before purchase. Quote stock 5758 for current images and availability.,in stock,new,5007110.58 KRW,https://www.colourdiam.com/diamonddetails/Diamonds/Product/5758,https://www.colourdiam.com/Product/Diamond/5758/still.jpg,Colour Diam,Apparel & Accessories > Jewelry,,1,,,,unisex,Fancy Purple Pink,,adult,,,,,,,,,AGT,Fine Jewelry
252,0.17 ct Fancy Deep Orangy Pink Cushion Diamond | Colour Diam | 252,Consider 0.17 ct Fancy Deep Orangy Pink Cushion Diamond for your next jewellery consultation. The listed clarity is SI2. Measurements: 3.28X2.95X2.08 mm. GIA is listed as the grading laboratory. Ask to review the original report before purchase. Polish G and symmetry GD are listed in the stock record. Quote stock 252 for current images and availability.,in stock,new,3940781.48 KRW,https://www.colourdiam.com/diamonddetails/Diamonds/Product/252,https://www.colourdiam.com/Product/Diamond/252/still.jpg,Colour Diam,Apparel & Accessories > Jewelry,,1,,,,unisex,Fancy Deep Orangy Pink,,adult,,,,,,,,,GIA,Fine Jewelry
2970,0.17 ct Fancy Intense Pink Purple Round Diamond | Colour Diam | 2970,Discover 0.17 ct Fancy Intense Pink Purple Round Diamond with Colour Diam. The listed clarity is I1. Measurements: 3.35x2.91x1.93 mm. CGL is listed as the grading laboratory. Ask to review the original report before purchase. Quote stock 2970 for current images and availability.,in stock,new,,https://www.colourdiam.com/diamonddetails/Diamonds/Product/2970,https://www.colourdiam.com/Product/Diamond/2970/still.jpg,Colour Diam,Apparel & Accessories > Jewelry,,1,,,,unisex,Fancy Intense Pink Purple,,adult,,,,,,,,,CGL,Fine Jewelry
244,0.16 ct Fancy Deep Pink Cushion Diamond | Colour Diam | 244,Your search for colour continues with 0.16 ct Fancy Deep Pink Cushion Diamond. The listed clarity is SI2. Measurements: 3.16X2.88X1.98 mm. GIA is listed as the grading laboratory. Ask to review the original report before purchase. Polish G and symmetry GD are listed in the stock record. Quote stock 244 for current images and availability.,in stock,new,5192559.12 KRW,https://www.colourdiam.com/diamonddetails/Diamonds/Product/244,https://www.colourdiam.com/Product/Diamond/244/still.jpg,Colour Diam,Apparel & Accessories > Jewelry,,1,,,,unisex,Fancy Deep Pink,,adult,,,,,,,,,GIA,Fine Jewelry
586,0.16 ct Fancy Brownish Pink Marquise Diamond | Colour Diam | 586,Put 0.16 ct Fancy Brownish Pink Marquise Diamond on your personal shortlist. The listed clarity is SI2. Measurements: 4.92X2.77X1.97 mm. GIA is listed as the grading laboratory. Ask to review the original report before purchase. Polish G and symmetry GD are listed in the stock record. Quote stock 586 for current images and availability.,in stock,new,1730853.04 KRW,https://www.colourdiam.com/diamonddetails/Diamonds/Product/586,https://www.colourdiam.com/Product/Diamond/586/still.jpg,Colour Diam,Apparel & Accessories > Jewelry,,1,,,,unisex,Fancy Brownish Pink,,adult,,,,,,,,,GIA,Fine Jewelry
2250,0.16 ct Fancy Deep Pink Cushion Diamond | Colour Diam | 2250,Consider 0.16 ct Fancy Deep Pink Cushion Diamond for your next jewellery consultation. The listed clarity is SI2. Measurements: 2.88x2.83x2.04 mm. CGL is listed as the grading laboratory. Ask to review the original report before purchase. Quote stock 2250 for current images and availability.,in stock,new,4945294.4 KRW,https://www.colourdiam.com/diamonddetails/Diamonds/Product/2250,https://www.colourdiam.com/Product/Diamond/2250/still.jpg,Colour Diam,Apparel & Accessories > Jewelry,,1,,,,unisex,Fancy Deep Pink,,adult,,,,,,,,,CGL,Fine Jewelry
309,0.16 ct Fancy Deep Pink Marquise Diamond | Colour Diam | 309,Discover 0.16 ct Fancy Deep Pink Marquise Diamond with Colour Diam. The listed clarity is SI2. Measurements: 5.15X2.85X1.83 mm. GIA is listed as the grading laboratory. Ask to review the original report before purchase. Polish G and symmetry GD are listed in the stock record. Quote stock 309 for current images and availability.,in stock,new,4945294.4 KRW,https://www.colourdiam.com/diamonddetails/Diamonds/Product/309,https://www.colourdiam.com/Product/Diamond/309/still.jpg,Colour Diam,Apparel & Accessories > Jewelry,,1,,,,unisex,Fancy Deep Pink,,adult,,,,,,,,,GIA,Fine Jewelry
409,0.15 ct Fancy Intense Pink Cut cornered square Diamond | Colour Diam | 409,Explore the details of 0.15 ct Fancy Intense Pink Cut cornered square Diamond. The listed clarity is I1. Measurements: 2.88X2.82X1.91 mm. GIA is listed as the grading laboratory. Ask to review the original report before purchase. Polish G and symmetry F are listed in the stock record. Quote stock 409 for current images and availability.,in stock,new,4636213.5 KRW,https://www.colourdiam.com/diamonddetails/Diamonds/Product/409,https://www.colourdiam.com/Product/Diamond/409/still.jpg,Colour Diam,Apparel & Accessories > Jewelry,,1,,,,unisex,Fancy Intense Pink,,adult,,,,,,,,,GIA,Fine Jewelry
256,0.15 ct Fancy Intense Purplish Pink Round Diamond | Colour Diam | 256,Put 0.15 ct Fancy Intense Purplish Pink Round Diamond on your personal shortlist. The listed clarity is I1. Measurements: 3.43X3.40X2.05 mm. GIA is listed as the grading laboratory. Ask to review the original report before purchase. Polish G and symmetry GD are listed in the stock record. Quote stock 256 for current images and availability.,in stock,new,5099834.85 KRW,https://www.colourdiam.com/diamonddetails/Diamonds/Product/256,https://www.colourdiam.com/Product/Diamond/256/still.jpg,Colour Diam,Apparel & Accessories > Jewelry,,1,,,,unisex,Fancy Intense Purplish Pink,,adult,,,,,,,,,GIA,Fine Jewelry
2662,0.15 ct Fancy Orangy Pink Round Diamond | Colour Diam | 2662,Make 0.15 ct Fancy Orangy Pink Round Diamond the starting point of your colour story. The listed clarity is SI2. Measurements: 3.39x3.43x2.11 mm. CGL is listed as the grading laboratory. Ask to review the original report before purchase. Quote stock 2662 for current images and availability.,in stock,new,3662608.67 KRW,https://www.colourdiam.com/diamonddetails/Diamonds/Product/2662,https://www.colourdiam.com/Product/Diamond/2662/still.jpg,Colour Diam,Apparel & Accessories > Jewelry,,1,,,,unisex,Fancy Orangy Pink,,adult,,,,,,,,,CGL,Fine Jewelry
2474,0.15 ct Fancy Deep Pink Round Diamond | Colour Diam | 2474,Meet 0.15 ct Fancy Deep Pink Round Diamond from Colour Diam. The listed clarity is I1. Measurements: 3.42x3.45x2.13 mm. AGT is listed as the grading laboratory. Ask to review the original report before purchase. Quote stock 2474 for current images and availability.,in stock,new,5795266.88 KRW,https://www.colourdiam.com/diamonddetails/Diamonds/Product/2474,https://www.colourdiam.com/Product/Diamond/2474/still.jpg,Colour Diam,Apparel & Accessories > Jewelry,,1,,,,unisex,Fancy Deep Pink,,adult,,,,,,,,,AGT,Fine Jewelry
2386,0.15 ct Fancy Deep Brownish Purple Pink Marquise Diamond | Colour Diam | 2386,Put 0.15 ct Fancy Deep Brownish Purple Pink Marquise Diamond on your personal shortlist. Measurements: 5.37 x 2.47 x 1.63 mm. GIA is listed as the grading laboratory. Ask to review the original report before purchase. Quote stock 2386 for current images and availability.,in stock,new,811337.36 KRW,https://www.colourdiam.com/diamonddetails/Diamonds/Product/2386,https://www.colourdiam.com/Product/Diamond/2386/still.jpg,Colour Diam,Apparel & Accessories > Jewelry,,1,,,,unisex,Fancy Deep Brownish Purple Pink,,adult,,,,,,,,,GIA,Fine Jewelry
2966,0.15 ct Fancy Light Yellowish Gray Round Diamond | Colour Diam | 2966,Meet 0.15 ct Fancy Light Yellowish Gray Round Diamond from Colour Diam. The listed clarity is SI2. Measurements: 3.28-3.30*2.11 mm. CGL is listed as the grading laboratory. Ask to review the original report before purchase. Quote stock 2966 for current images and availability.,in stock,new,,https://www.colourdiam.com/diamonddetails/Diamonds/Product/2966,https://www.colourdiam.com/Product/Diamond/2966/still.jpg,Colour Diam,Apparel & Accessories > Jewelry,,1,,,,unisex,Fancy Light Yellowish Gray,,adult,,,,,,,,,CGL,Fine Jewelry
5583,0.13 ct Fancy Light Pink Pear Diamond | Colour Diam | 5583,Consider 0.13 ct Fancy Light Pink Pear Diamond for your next jewellery consultation. The listed clarity is SI1. Measurements: 4.04 x 2.93 x 1.86 mm. GIA is listed as the grading laboratory. Ask to review the original report before purchase. Quote stock 5583 for current images and availability.,in stock,new,1205415.51 KRW,https://www.colourdiam.com/diamonddetails/Diamonds/Product/5583,https://www.colourdiam.com/Product/Diamond/5583/still.jpg,Colour Diam,Apparel & Accessories > Jewelry,,1,,,,unisex,Fancy Light Pink,,adult,,,,,,,,,GIA,Fine Jewelry
598,0.13 ct Fancy Intense Pink Radiant Diamond | Colour Diam | 598,Make 0.13 ct Fancy Intense Pink Radiant Diamond the starting point of your colour story. Measurements: 3.23 x 2.58 x 1.76 mm. GIA is listed as the grading laboratory. Ask to review the original report before purchase. Quote stock 598 for current images and availability.,in stock,new,3616246.53 KRW,https://www.colourdiam.com/diamonddetails/Diamonds/Product/598,https://www.colourdiam.com/Product/Diamond/598/still.jpg,Colour Diam,Apparel & Accessories > Jewelry,,1,,,,unisex,Fancy Intense Pink,,adult,,,,,,,,,GIA,Fine Jewelry
2640,0.12 ct Fancy Vivid Pink Marquise Diamond | Colour Diam | 2640,Discover 0.12 ct Fancy Vivid Pink Marquise Diamond with Colour Diam. The listed clarity is I2. CGL is listed as the grading laboratory. Ask to review the original report before purchase. Quote stock 2640 for current images and availability.,in stock,new,4636213.5 KRW,https://www.colourdiam.com/diamonddetails/Diamonds/Product/2640,https://www.colourdiam.com/Product/Diamond/2640/still.jpg,Colour Diam,Apparel & Accessories > Jewelry,,1,,,,unisex,Fancy Vivid Pink,,adult,,,,,,,,,CGL,Fine Jewelry
681,0.11 ct Fancy Deep Pink Marquise Diamond | Colour Diam | 681,Consider 0.11 ct Fancy Deep Pink Marquise Diamond for your next jewellery consultation. Measurements: 4.25 x 2.54 x 1.66 mm. GIA is listed as the grading laboratory. Ask to review the original report before purchase. Quote stock 681 for current images and availability.,in stock,new,3059900.91 KRW,https://www.colourdiam.com/diamonddetails/Diamonds/Product/681,https://www.colourdiam.com/Product/Diamond/681/still.jpg,Colour Diam,Apparel & Accessories > Jewelry,,1,,,,unisex,Fancy Deep Pink,,adult,,,,,,,,,GIA,Fine Jewelry
241,0.11 ct Fancy Deep Brownish Orangy Pink Radiant Diamond | Colour Diam | 241,Put 0.11 ct Fancy Deep Brownish Orangy Pink Radiant Diamond on your personal shortlist. Measurements: 2.77 x 2.43 x 1.81 mm. GIA is listed as the grading laboratory. Ask to review the original report before purchase. Quote stock 241 for current images and availability.,in stock,new,3399889.9 KRW,https://www.colourdiam.com/diamonddetails/Diamonds/Product/241,https://colourdiam.com/Product/Diamond/241/still.jpg,Colour Diam,Apparel & Accessories > Jewelry,,1,,,,unisex,Fancy Deep Brownish Orangy Pink,,adult,,,,,,,,,GIA,Fine Jewelry
9480,0.11 ct Fancy Blue Radiant Diamond | Colour Diam | 9480,Consider 0.11 ct Fancy Blue Radiant Diamond for your next jewellery consultation. The listed clarity is VS2. Measurements: 2.94 x 2.87 x 1.6 mm. GIA is listed as the grading laboratory. Ask to review the original report before purchase. Quote stock 9480 for current images and availability.,in stock,new,11049642.18 KRW,https://www.colourdiam.com/diamonddetails/Diamonds/Product/9480,https://colourdiam.com/Product/Diamond/9480/still.jpg,Colour Diam,Apparel & Accessories > Jewelry,,1,,,,unisex,Fancy Blue,,adult,,,,,,,,,GIA,Fine Jewelry
1065,0.1 ct Pear Diamond | Colour Diam | 1065,Colour Diam presents 0.1 ct Pear Diamond. The listed clarity is I1. Measurements: 3.45x2.83x1.62 mm. CGL is listed as the grading laboratory. Ask to review the original report before purchase. Quote stock 1065 for current images and availability.,in stock,new,772702.25 KRW,https://www.colourdiam.com/diamonddetails/Diamonds/Product/1065,https://colourdiam.com/Product/Diamond/1065/still.jpg,Colour Diam,Apparel & Accessories > Jewelry,,1,,,,unisex,,,adult,,,,,,,,,CGL,Fine Jewelry
2507,0.1 ct Fancy Deep Pink Radiant Diamond | Colour Diam | 2507,0.1 ct Fancy Deep Pink Radiant Diamond brings its own character to your selection. The listed clarity is SI2. CGL is listed as the grading laboratory. Ask to review the original report before purchase. Quote stock 2507 for current images and availability.,in stock,new,1390864.05 KRW,https://www.colourdiam.com/diamonddetails/Diamonds/Product/2507,https://www.colourdiam.com/Product/Diamond/2507/still.jpg,Colour Diam,Apparel & Accessories > Jewelry,,1,,,,unisex,Fancy Deep Pink,,adult,,,,,,,,,CGL,Fine Jewelry
2961,0.09 ct Fancy Light Yellowish Gray Round Diamond | Colour Diam | 2961,Colour Diam presents 0.09 ct Fancy Light Yellowish Gray Round Diamond. The listed clarity is I1. Measurements: 2.86-2.88*1.78 mm. CGL is listed as the grading laboratory. Ask to review the original report before purchase. Quote stock 2961 for current images and availability.,in stock,new,,https://www.colourdiam.com/diamonddetails/Diamonds/Product/2961,https://www.colourdiam.com/Product/Diamond/2961/still.jpg,Colour Diam,Apparel & Accessories > Jewelry,,1,,,,unisex,Fancy Light Yellowish Gray,,adult,,,,,,,,,CGL,Fine Jewelry
2503,0.07 ct Fancy Purple Pink Marquise Diamond | Colour Diam | 2503,Your search for colour continues with 0.07 ct Fancy Purple Pink Marquise Diamond. The listed clarity is I1. AGT is listed as the grading laboratory. Ask to review the original report before purchase. Quote stock 2503 for current images and availability.,in stock,new,147122.51 KRW,https://www.colourdiam.com/diamonddetails/Diamonds/Product/2503,https://www.colourdiam.com/Product/Diamond/2503/still.jpg,Colour Diam,Apparel & Accessories > Jewelry,,1,,,,unisex,Fancy Purple Pink,,adult,,,,,,,,,AGT,Fine Jewelry
3602,0.06 ct Fancy Green Round Diamond | Colour Diam | 3602,Take a closer look at 0.06 ct Fancy Green Round Diamond. The listed clarity is SI1. Measurements: 2.53 X 2.57 x 1.51 mm. GIA is listed as the grading laboratory. Ask to review the original report before purchase. Quote stock 3602 for current images and availability.,in stock,new,,https://www.colourdiam.com/diamonddetails/Diamonds/Product/3602,https://www.colourdiam.com/Product/Diamond/3602/still.jpg,Colour Diam,Apparel & Accessories > Jewelry,,1,,,,unisex,Fancy Green,,adult,,,,,,,,,GIA,Fine Jewelry
2509,0.05 ct Fancy Orangy Pink Marquise Diamond | Colour Diam | 2509,Make 0.05 ct Fancy Orangy Pink Marquise Diamond the starting point of your colour story. The listed clarity is SI2. CGL is listed as the grading laboratory. Ask to review the original report before purchase. Quote stock 2509 for current images and availability.,in stock,new,85386.96 KRW,https://www.colourdiam.com/diamonddetails/Diamonds/Product/2509,https://www.colourdiam.com/Product/Diamond/2509/still.jpg,Colour Diam,Apparel & Accessories > Jewelry,,1,,,,unisex,Fancy Orangy Pink,,adult,,,,,,,,,CGL,Fine Jewelry
2371,0.05 ct Fancy Deep Violet Pear Diamond | Colour Diam | 2371,Put 0.05 ct Fancy Deep Violet Pear Diamond on your personal shortlist. The listed clarity is SI2. Measurements: 2.96x1.94x1.40 mm. CGL is listed as the grading laboratory. Ask to review the original report before purchase. Quote stock 2371 for current images and availability.,in stock,new,15454045 KRW,https://www.colourdiam.com/diamonddetails/Diamonds/Product/2371,https://colourdiam.com/Product/Diamond/2371/still.jpg,Colour Diam,Apparel & Accessories > Jewelry,,1,,,,unisex,Fancy Deep Violet,,adult,,,,,,,,,CGL,Fine Jewelry
2536,0.05 ct Light Bluish Gray Round Diamond | Colour Diam | 2536,Your search for colour continues with 0.05 ct Light Bluish Gray Round Diamond. The listed clarity is VS2. Measurements: 2.39x2.4x1.43 mm. CGL is listed as the grading laboratory. Ask to review the original report before purchase. Quote stock 2536 for current images and availability.,in stock,new,1159053.38 KRW,https://www.colourdiam.com/diamonddetails/Diamonds/Product/2536,https://colourdiam.com/Product/Diamond/2536/still.jpg,Colour Diam,Apparel & Accessories > Jewelry,,1,,,,unisex,Light Bluish Gray,,adult,,,,,,,,,CGL,Fine Jewelry
